code_site,code_station,date_obs_elab,resultat_obs_elab,date_prod,code_statut,libelle_statut,code_methode,libelle_methode,code_qualification,libelle_qualification,longitude,latitude,grandeur_hydro_elab
A1580201,A158020101,1963-03-01,380.0,2026-06-02T09:33:34Z,16,Donnée validée,10,Expertisée,20,Bonne,7.38079998,48.059669735,QmnJ
A1580201,A158020101,1963-03-02,380.0,2026-06-02T09:33:34Z,16,Donnée validée,10,Expertisée,20,Bonne,7.38079998,48.059669735,QmnJ
A1580201,A158020101,1963-03-03,380.0,2026-06-02T09:33:34Z,16,Donnée validée,10,Expertisée,20,Bonne,7.38079998,48.059669735,QmnJ
A1580201,A158020101,1963-03-04,380.0,2026-06-02T09:33:34Z,16,Donnée validée,10,Expertisée,20,Bonne,7.38079998,48.059669735,QmnJ
A1580201,A158020101,1963-03-05,380.0,2026-06-02T09:33:34Z,16,Donnée validée,10,Expertisée,20,Bonne,7.38079998,48.059669735,QmnJ
A1580201,A158020101,1963-03-06,380.0,2026-06-02T09:33:34Z,16,Donnée validée,10,Expertisée,20,Bonne,7.38079998,48.059669735,QmnJ
A1580201,A158020101,1963-03-07,1410.0,2026-06-02T09:33:34Z,16,Donnée validée,10,Expertisée,20,Bonne,7.38079998,48.059669735,QmnJ
A1580201,A158020101,1963-03-08,4360.0,2026-06-02T09:33:34Z,16,Donnée validée,10,Expertisée,20,Bonne,7.38079998,48.059669735,QmnJ
A1580201,A158020101,1963-03-09,5650.0,2026-06-02T09:33:34Z,16,Donnée validée,10,Expertisée,20,Bonne,7.38079998,48.059669735,QmnJ
A1580201,A158020101,1963-03-10,6250.0,2026-06-02T09:33:34Z,16,Donnée validée,10,Expertisée,20,Bonne,7.38079998,48.059669735,QmnJ
A1580201,A158020101,1963-03-11,9050.0,2026-06-02T09:33:34Z,16,Donnée validée,10,Expertisée,20,Bonne,7.38079998,48.059669735,QmnJ
A1580201,A158020101,1963-03-12,10700.0,2026-06-02T09:33:34Z,16,Donnée validée,10,Expertisée,20,Bonne,7.38079998,48.059669735,QmnJ
A1580201,A158020101,1963-03-13,7900.0,2026-06-02T09:33:34Z,16,Donnée validée,10,Expertisée,20,Bonne,7.38079998,48.059669735,QmnJ
A1580201,A158020101,1963-03-14,6450.0,2026-06-02T09:33:34Z,16,Donnée validée,10,Expertisée,20,Bonne,7.38079998,48.059669735,QmnJ
A1580201,A158020101,1963-03-15,5650.0,2026-06-02T09:33:34Z,16,Donnée validée,10,Expertisée,20,Bonne,7.38079998,48.059669735,QmnJ
A1580201,A158020101,1963-03-16,5650.0,2026-06-02T09:33:34Z,16,Donnée validée,10,Expertisée,20,Bonne,7.38079998,48.059669735,QmnJ
A1580201,A158020101,1963-03-17,6050.0,2026-06-02T09:33:34Z,16,Donnée validée,10,Expertisée,20,Bonne,7.38079998,48.059669735,QmnJ
A1580201,A158020101,1963-03-18,6850.0,2026-06-02T09:33:34Z,16,Donnée validée,10,Expertisée,20,Bonne,7.38079998,48.059669735,QmnJ
A1580201,A158020101,1963-03-19,9500.0,2026-06-02T09:33:34Z,16,Donnée validée,10,Expertisée,20,Bonne,7.38079998,48.059669735,QmnJ
A1580201,A158020101,1963-03-20,9500.0,2026-06-02T09:33:34Z,16,Donnée validée,10,Expertisée,20,Bonne,7.38079998,48.059669735,QmnJ
A1580201,A158020101,1963-03-21,8350.0,2026-06-02T09:33:34Z,16,Donnée validée,10,Expertisée,20,Bonne,7.38079998,48.059669735,QmnJ
A1580201,A158020101,1963-03-22,7050.0,2026-06-02T09:33:34Z,16,Donnée validée,10,Expertisée,20,Bonne,7.38079998,48.059669735,QmnJ
A1580201,A158020101,1963-03-23,5450.0,2026-06-02T09:33:34Z,16,Donnée validée,10,Expertisée,20,Bonne,7.38079998,48.059669735,QmnJ
A1580201,A158020101,1963-03-24,4890.0,2026-06-02T09:33:34Z,16,Donnée validée,10,Expertisée,20,Bonne,7.38079998,48.059669735,QmnJ
A1580201,A158020101,1963-03-25,4530.0,2026-06-02T09:33:34Z,16,Donnée validée,10,Expertisée,20,Bonne,7.38079998,48.059669735,QmnJ
A1580201,A158020101,1963-03-26,3850.0,2026-06-02T09:33:34Z,16,Donnée validée,10,Expertisée,20,Bonne,7.38079998,48.059669735,QmnJ
A1580201,A158020101,1963-03-27,3850.0,2026-06-02T09:33:34Z,16,Donnée validée,10,Expertisée,20,Bonne,7.38079998,48.059669735,QmnJ
A1580201,A158020101,1963-03-28,5650.0,2026-06-02T09:33:34Z,16,Donnée validée,10,Expertisée,20,Bonne,7.38079998,48.059669735,QmnJ
A1580201,A158020101,1963-03-29,5250.0,2026-06-02T09:33:34Z,16,Donnée validée,10,Expertisée,20,Bonne,7.38079998,48.059669735,QmnJ
A1580201,A158020101,1963-03-30,5250.0,2026-06-02T09:33:34Z,16,Donnée validée,10,Expertisée,20,Bonne,7.38079998,48.059669735,QmnJ
A1580201,A158020101,1963-03-31,5100.0,2026-06-02T09:33:34Z,16,Donnée validée,10,Expertisée,20,Bonne,7.38079998,48.059669735,QmnJ
A1580201,A158020101,1963-04-01,4530.0,2026-06-02T09:33:34Z,16,Donnée validée,10,Expertisée,20,Bonne,7.38079998,48.059669735,QmnJ
A1580201,A158020101,1963-04-02,4190.0,2026-06-02T09:33:34Z,16,Donnée validée,10,Expertisée,20,Bonne,7.38079998,48.059669735,QmnJ
A1580201,A158020101,1963-04-03,3850.0,2026-06-02T09:33:34Z,16,Donnée validée,10,Expertisée,20,Bonne,7.38079998,48.059669735,QmnJ
A1580201,A158020101,1963-04-04,3680.0,2026-06-02T09:33:34Z,16,Donnée validée,10,Expertisée,20,Bonne,7.38079998,48.059669735,QmnJ
A1580201,A158020101,1963-04-05,3680.0,2026-06-02T09:33:34Z,16,Donnée validée,10,Expertisée,20,Bonne,7.38079998,48.059669735,QmnJ
A1580201,A158020101,1963-04-06,3680.0,2026-06-02T09:33:34Z,16,Donnée validée,10,Expertisée,20,Bonne,7.38079998,48.059669735,QmnJ
A1580201,A158020101,1963-04-07,3680.0,2026-06-02T09:33:34Z,16,Donnée validée,10,Expertisée,20,Bonne,7.38079998,48.059669735,QmnJ
A1580201,A158020101,1963-04-08,2160.0,2026-06-02T09:33:34Z,16,Donnée validée,10,Expertisée,20,Bonne,7.38079998,48.059669735,QmnJ
A1580201,A158020101,1963-04-09,2660.0,2026-06-02T09:33:34Z,16,Donnée validée,10,Expertisée,20,Bonne,7.38079998,48.059669735,QmnJ
A1580201,A158020101,1963-04-10,3000.0,2026-06-02T09:33:34Z,16,Donnée validée,10,Expertisée,20,Bonne,7.38079998,48.059669735,QmnJ
A1580201,A158020101,1963-04-11,4020.0,2026-06-02T09:33:34Z,16,Donnée validée,10,Expertisée,20,Bonne,7.38079998,48.059669735,QmnJ
A1580201,A158020101,1963-04-12,4530.0,2026-06-02T09:33:34Z,16,Donnée validée,10,Expertisée,20,Bonne,7.38079998,48.059669735,QmnJ
A1580201,A158020101,1963-04-13,5850.0,2026-06-02T09:33:34Z,16,Donnée validée,10,Expertisée,20,Bonne,7.38079998,48.059669735,QmnJ
A1580201,A158020101,1963-04-14,4530.0,2026-06-02T09:33:34Z,16,Donnée validée,10,Expertisée,20,Bonne,7.38079998,48.059669735,QmnJ
A1580201,A158020101,1963-04-15,3340.0,2026-06-02T09:33:34Z,16,Donnée validée,10,Expertisée,20,Bonne,7.38079998,48.059669735,QmnJ
A1580201,A158020101,1963-04-16,2830.0,2026-06-02T09:33:34Z,16,Donnée validée,10,Expertisée,20,Bonne,7.38079998,48.059669735,QmnJ
A1580201,A158020101,1963-04-17,2320.0,2026-06-02T09:33:34Z,16,Donnée validée,10,Expertisée,20,Bonne,7.38079998,48.059669735,QmnJ
A1580201,A158020101,1963-04-18,4530.0,2026-06-02T09:33:34Z,16,Donnée validée,10,Expertisée,20,Bonne,7.38079998,48.059669735,QmnJ
A1580201,A158020101,1963-04-19,4890.0,2026-06-02T09:33:34Z,16,Donnée validée,10,Expertisée,20,Bonne,7.38079998,48.059669735,QmnJ
A1580201,A158020101,1963-04-20,4020.0,2026-06-02T09:33:34Z,16,Donnée validée,10,Expertisée,20,Bonne,7.38079998,48.059669735,QmnJ
A1580201,A158020101,1963-04-21,4530.0,2026-06-02T09:33:34Z,16,Donnée validée,10,Expertisée,20,Bonne,7.38079998,48.059669735,QmnJ
A1580201,A158020101,1963-04-22,4360.0,2026-06-02T09:33:34Z,16,Donnée validée,10,Expertisée,20,Bonne,7.38079998,48.059669735,QmnJ
A1580201,A158020101,1963-04-23,3860.0,2026-06-02T09:33:34Z,16,Donnée validée,10,Expertisée,20,Bonne,7.38079998,48.059669735,QmnJ
A1580201,A158020101,1963-04-24,3860.0,2026-06-02T09:33:34Z,16,Donnée validée,10,Expertisée,20,Bonne,7.38079998,48.059669735,QmnJ
A1580201,A158020101,1963-04-25,3860.0,2026-06-02T09:33:34Z,16,Donnée validée,10,Expertisée,20,Bonne,7.38079998,48.059669735,QmnJ
A1580201,A158020101,1963-04-26,3680.0,2026-06-02T09:33:34Z,16,Donnée validée,10,Expertisée,20,Bonne,7.38079998,48.059669735,QmnJ
A1580201,A158020101,1963-04-27,3680.0,2026-06-02T09:33:34Z,16,Donnée validée,10,Expertisée,20,Bonne,7.38079998,48.059669735,QmnJ
A1580201,A158020101,1963-04-28,3340.0,2026-06-02T09:33:34Z,16,Donnée validée,10,Expertisée,20,Bonne,7.38079998,48.059669735,QmnJ
A1580201,A158020101,1963-04-29,3340.0,2026-06-02T09:33:34Z,16,Donnée validée,10,Expertisée,20,Bonne,7.38079998,48.059669735,QmnJ
A1580201,A158020101,1963-04-30,3000.0,2026-06-02T09:33:34Z,16,Donnée validée,10,Expertisée,20,Bonne,7.38079998,48.059669735,QmnJ
A1580201,A158020101,1963-05-01,3000.0,2026-06-02T09:33:34Z,16,Donnée validée,10,Expertisée,20,Bonne,7.38079998,48.059669735,QmnJ
A1580201,A158020101,1963-05-02,2660.0,2026-06-02T09:33:34Z,16,Donnée validée,10,Expertisée,20,Bonne,7.38079998,48.059669735,QmnJ
A1580201,A158020101,1963-05-03,2830.0,2026-06-02T09:33:34Z,16,Donnée validée,10,Expertisée,20,Bonne,7.38079998,48.059669735,QmnJ
A1580201,A158020101,1963-05-04,2660.0,2026-06-02T09:33:34Z,16,Donnée validée,10,Expertisée,20,Bonne,7.38079998,48.059669735,QmnJ
A1580201,A158020101,1963-05-05,2320.0,2026-06-02T09:33:34Z,16,Donnée validée,10,Expertisée,20,Bonne,7.38079998,48.059669735,QmnJ
A1580201,A158020101,1963-05-06,2010.0,2026-06-02T09:33:34Z,16,Donnée validée,10,Expertisée,20,Bonne,7.38079998,48.059669735,QmnJ
A1580201,A158020101,1963-05-07,1710.0,2026-06-02T09:33:34Z,16,Donnée validée,10,Expertisée,20,Bonne,7.38079998,48.059669735,QmnJ
A1580201,A158020101,1963-05-08,1710.0,2026-06-02T09:33:34Z,16,Donnée validée,10,Expertisée,20,Bonne,7.38079998,48.059669735,QmnJ
A1580201,A158020101,1963-05-09,1560.0,2026-06-02T09:33:34Z,16,Donnée validée,10,Expertisée,20,Bonne,7.38079998,48.059669735,QmnJ
A1580201,A158020101,1963-05-10,1560.0,2026-06-02T09:33:34Z,16,Donnée validée,10,Expertisée,20,Bonne,7.38079998,48.059669735,QmnJ
A1580201,A158020101,1963-05-11,1860.0,2026-06-02T09:33:34Z,16,Donnée validée,10,Expertisée,20,Bonne,7.38079998,48.059669735,QmnJ
A1580201,A158020101,1963-05-12,2160.0,2026-06-02T09:33:34Z,16,Donnée validée,10,Expertisée,20,Bonne,7.38079998,48.059669735,QmnJ
A1580201,A158020101,1963-05-13,1560.0,2026-06-02T09:33:34Z,16,Donnée validée,10,Expertisée,20,Bonne,7.38079998,48.059669735,QmnJ
A1580201,A158020101,1963-05-14,1560.0,2026-06-02T09:33:34Z,16,Donnée validée,10,Expertisée,20,Bonne,7.38079998,48.059669735,QmnJ
A1580201,A158020101,1963-05-15,1560.0,2026-06-02T09:33:34Z,16,Donnée validée,10,Expertisée,20,Bonne,7.38079998,48.059669735,QmnJ
A1580201,A158020101,1963-05-16,1410.0,2026-06-02T09:33:34Z,16,Donnée validée,10,Expertisée,20,Bonne,7.38079998,48.059669735,QmnJ
A1580201,A158020101,1963-05-17,1410.0,2026-06-02T09:33:34Z,16,Donnée validée,10,Expertisée,20,Bonne,7.38079998,48.059669735,QmnJ
A1580201,A158020101,1963-05-18,1410.0,2026-06-02T09:33:34Z,16,Donnée validée,10,Expertisée,20,Bonne,7.38079998,48.059669735,QmnJ
A1580201,A158020101,1963-05-19,1260.0,2026-06-02T09:33:34Z,16,Donnée validée,10,Expertisée,20,Bonne,7.38079998,48.059669735,QmnJ
A1580201,A158020101,1963-05-20,1260.0,2026-06-02T09:33:34Z,16,Donnée validée,10,Expertisée,20,Bonne,7.38079998,48.059669735,QmnJ
A1580201,A158020101,1963-05-21,1710.0,2026-06-02T09:33:34Z,16,Donnée validée,10,Expertisée,20,Bonne,7.38079998,48.059669735,QmnJ
A1580201,A158020101,1963-05-22,1410.0,2026-06-02T09:33:34Z,16,Donnée validée,10,Expertisée,20,Bonne,7.38079998,48.059669735,QmnJ
A1580201,A158020101,1963-05-23,1260.0,2026-06-02T09:33:34Z,16,Donnée validée,10,Expertisée,20,Bonne,7.38079998,48.059669735,QmnJ
A1580201,A158020101,1963-05-24,1410.0,2026-06-02T09:33:34Z,16,Donnée validée,10,Expertisée,20,Bonne,7.38079998,48.059669735,QmnJ
A1580201,A158020101,1963-05-25,1110.0,2026-06-02T09:33:34Z,16,Donnée validée,10,Expertisée,20,Bonne,7.38079998,48.059669735,QmnJ
A1580201,A158020101,1963-05-26,1110.0,2026-06-02T09:33:34Z,16,Donnée validée,10,Expertisée,20,Bonne,7.38079998,48.059669735,QmnJ
A1580201,A158020101,1963-05-27,960.0,2026-06-02T09:33:34Z,16,Donnée validée,10,Expertisée,20,Bonne,7.38079998,48.059669735,QmnJ
A1580201,A158020101,1963-05-28,810.0,2026-06-02T09:33:34Z,16,Donnée validée,10,Expertisée,20,Bonne,7.38079998,48.059669735,QmnJ
A1580201,A158020101,1963-05-29,660.0,2026-06-02T09:33:34Z,16,Donnée validée,10,Expertisée,20,Bonne,7.38079998,48.059669735,QmnJ
A1580201,A158020101,1963-05-30,660.0,2026-06-02T09:33:34Z,16,Donnée validée,10,Expertisée,20,Bonne,7.38079998,48.059669735,QmnJ
A1580201,A158020101,1963-05-31,520.0,2026-06-02T09:33:34Z,16,Donnée validée,10,Expertisée,20,Bonne,7.38079998,48.059669735,QmnJ
A1580201,A158020101,1963-06-01,520.0,2026-06-02T09:33:34Z,16,Donnée validée,10,Expertisée,20,Bonne,7.38079998,48.059669735,QmnJ
A1580201,A158020101,1963-06-02,380.0,2026-06-02T09:33:34Z,16,Donnée validée,10,Expertisée,20,Bonne,7.38079998,48.059669735,QmnJ
A1580201,A158020101,1963-06-03,380.0,2026-06-02T09:33:34Z,16,Donnée validée,10,Expertisée,20,Bonne,7.38079998,48.059669735,QmnJ
A1580201,A158020101,1963-06-04,520.0,2026-06-02T09:33:34Z,16,Donnée validée,10,Expertisée,20,Bonne,7.38079998,48.059669735,QmnJ
A1580201,A158020101,1963-06-05,520.0,2026-06-02T09:33:34Z,16,Donnée validée,10,Expertisée,20,Bonne,7.38079998,48.059669735,QmnJ
A1580201,A158020101,1963-06-06,520.0,2026-06-02T09:33:34Z,16,Donnée validée,10,Expertisée,20,Bonne,7.38079998,48.059669735,QmnJ
A1580201,A158020101,1963-06-07,520.0,2026-06-02T09:33:34Z,16,Donnée validée,10,Expertisée,20,Bonne,7.38079998,48.059669735,QmnJ
A1580201,A158020101,1963-06-08,660.0,2026-06-02T09:33:34Z,16,Donnée validée,10,Expertisée,20,Bonne,7.38079998,48.059669735,QmnJ
A1580201,A158020101,1963-06-09,520.0,2026-06-02T09:33:34Z,16,Donnée validée,10,Expertisée,20,Bonne,7.38079998,48.059669735,QmnJ
A1580201,A158020101,1963-06-10,520.0,2026-06-02T09:33:34Z,16,Donnée validée,10,Expertisée,20,Bonne,7.38079998,48.059669735,QmnJ
A1580201,A158020101,1963-06-11,520.0,2026-06-02T09:33:34Z,16,Donnée validée,10,Expertisée,20,Bonne,7.38079998,48.059669735,QmnJ
A1580201,A158020101,1963-06-12,660.0,2026-06-02T09:33:34Z,16,Donnée validée,10,Expertisée,20,Bonne,7.38079998,48.059669735,QmnJ
A1580201,A158020101,1963-06-13,1710.0,2026-06-02T09:33:34Z,16,Donnée validée,10,Expertisée,20,Bonne,7.38079998,48.059669735,QmnJ
A1580201,A158020101,1963-06-14,1410.0,2026-06-02T09:33:34Z,16,Donnée validée,10,Expertisée,20,Bonne,7.38079998,48.059669735,QmnJ
A1580201,A158020101,1963-06-15,1410.0,2026-06-02T09:33:34Z,16,Donnée validée,10,Expertisée,20,Bonne,7.38079998,48.059669735,QmnJ
A1580201,A158020101,1963-06-16,1410.0,2026-06-02T09:33:34Z,16,Donnée validée,10,Expertisée,20,Bonne,7.38079998,48.059669735,QmnJ
A1580201,A158020101,1963-06-17,1410.0,2026-06-02T09:33:34Z,16,Donnée validée,10,Expertisée,20,Bonne,7.38079998,48.059669735,QmnJ
A1580201,A158020101,1963-06-18,1410.0,2026-06-02T09:33:34Z,16,Donnée validée,10,Expertisée,20,Bonne,7.38079998,48.059669735,QmnJ
A1580201,A158020101,1963-06-19,1410.0,2026-06-02T09:33:34Z,16,Donnée validée,10,Expertisée,20,Bonne,7.38079998,48.059669735,QmnJ
A1580201,A158020101,1963-06-20,1560.0,2026-06-02T09:33:34Z,16,Donnée validée,10,Expertisée,20,Bonne,7.38079998,48.059669735,QmnJ
A1580201,A158020101,1963-06-21,1560.0,2026-06-02T09:33:34Z,16,Donnée validée,10,Expertisée,20,Bonne,7.38079998,48.059669735,QmnJ
A1580201,A158020101,1963-06-22,1560.0,2026-06-02T09:33:34Z,16,Donnée validée,10,Expertisée,20,Bonne,7.38079998,48.059669735,QmnJ
A1580201,A158020101,1963-06-23,1560.0,2026-06-02T09:33:34Z,16,Donnée validée,10,Expertisée,20,Bonne,7.38079998,48.059669735,QmnJ
A1580201,A158020101,1963-06-24,1710.0,2026-06-02T09:33:34Z,16,Donnée validée,10,Expertisée,20,Bonne,7.38079998,48.059669735,QmnJ
A1580201,A158020101,1963-06-25,2830.0,2026-06-02T09:33:34Z,16,Donnée validée,10,Expertisée,20,Bonne,7.38079998,48.059669735,QmnJ
A1580201,A158020101,1963-06-26,2830.0,2026-06-02T09:33:34Z,16,Donnée validée,10,Expertisée,20,Bonne,7.38079998,48.059669735,QmnJ
A1580201,A158020101,1963-06-27,2490.0,2026-06-02T09:33:34Z,16,Donnée validée,10,Expertisée,20,Bonne,7.38079998,48.059669735,QmnJ
A1580201,A158020101,1963-06-28,2160.0,2026-06-02T09:33:34Z,16,Donnée validée,10,Expertisée,20,Bonne,7.38079998,48.059669735,QmnJ
A1580201,A158020101,1963-06-29,2010.0,2026-06-02T09:33:34Z,16,Donnée validée,10,Expertisée,20,Bonne,7.38079998,48.059669735,QmnJ
A1580201,A158020101,1963-06-30,1710.0,2026-06-02T09:33:34Z,16,Donnée validée,10,Expertisée,20,Bonne,7.38079998,48.059669735,QmnJ
A1580201,A158020101,1963-07-01,1560.0,2026-06-02T09:33:34Z,16,Donnée validée,10,Expertisée,20,Bonne,7.38079998,48.059669735,QmnJ
A1580201,A158020101,1963-07-02,1560.0,2026-06-02T09:33:34Z,16,Donnée validée,10,Expertisée,20,Bonne,7.38079998,48.059669735,QmnJ
A1580201,A158020101,1963-07-03,1410.0,2026-06-02T09:33:34Z,16,Donnée validée,10,Expertisée,20,Bonne,7.38079998,48.059669735,QmnJ
A1580201,A158020101,1963-07-04,1560.0,2026-06-02T09:33:34Z,16,Donnée validée,10,Expertisée,20,Bonne,7.38079998,48.059669735,QmnJ
A1580201,A158020101,1963-07-05,1560.0,2026-06-02T09:33:34Z,16,Donnée validée,10,Expertisée,20,Bonne,7.38079998,48.059669735,QmnJ
A1580201,A158020101,1963-07-06,1410.0,2026-06-02T09:33:34Z,16,Donnée validée,10,Expertisée,20,Bonne,7.38079998,48.059669735,QmnJ
A1580201,A158020101,1963-07-07,1260.0,2026-06-02T09:33:34Z,16,Donnée validée,10,Expertisée,20,Bonne,7.38079998,48.059669735,QmnJ
A1580201,A158020101,1963-07-08,1260.0,2026-06-02T09:33:34Z,16,Donnée validée,10,Expertisée,20,Bonne,7.38079998,48.059669735,QmnJ
A1580201,A158020101,1963-07-09,1260.0,2026-06-02T09:33:34Z,16,Donnée validée,10,Expertisée,20,Bonne,7.38079998,48.059669735,QmnJ
A1580201,A158020101,1963-07-10,810.0,2026-06-02T09:33:34Z,16,Donnée validée,10,Expertisée,20,Bonne,7.38079998,48.059669735,QmnJ
A1580201,A158020101,1963-07-11,660.0,2026-06-02T09:33:34Z,16,Donnée validée,10,Expertisée,20,Bonne,7.38079998,48.059669735,QmnJ
A1580201,A158020101,1963-07-12,520.0,2026-06-02T09:33:34Z,16,Donnée validée,10,Expertisée,20,Bonne,7.38079998,48.059669735,QmnJ
A1580201,A158020101,1963-07-13,520.0,2026-06-02T09:33:34Z,16,Donnée validée,10,Expertisée,20,Bonne,7.38079998,48.059669735,QmnJ
A1580201,A158020101,1963-07-14,380.0,2026-06-02T09:33:34Z,16,Donnée validée,10,Expertisée,20,Bonne,7.38079998,48.059669735,QmnJ
A1580201,A158020101,1963-07-15,380.0,2026-06-02T09:33:34Z,16,Donnée validée,10,Expertisée,20,Bonne,7.38079998,48.059669735,QmnJ
A1580201,A158020101,1963-07-16,380.0,2026-06-02T09:33:34Z,16,Donnée validée,10,Expertisée,20,Bonne,7.38079998,48.059669735,QmnJ
A1580201,A158020101,1963-07-17,380.0,2026-06-02T09:33:34Z,16,Donnée validée,10,Expertisée,20,Bonne,7.38079998,48.059669735,QmnJ
A1580201,A158020101,1963-07-18,380.0,2026-06-02T09:33:34Z,16,Donnée validée,10,Expertisée,20,Bonne,7.38079998,48.059669735,QmnJ
A1580201,A158020101,1963-07-19,380.0,2026-06-02T09:33:34Z,16,Donnée validée,10,Expertisée,20,Bonne,7.38079998,48.059669735,QmnJ
A1580201,A158020101,1963-07-20,380.0,2026-06-02T09:33:34Z,16,Donnée validée,10,Expertisée,20,Bonne,7.38079998,48.059669735,QmnJ
A1580201,A158020101,1963-07-21,380.0,2026-06-02T09:33:34Z,16,Donnée validée,10,Expertisée,20,Bonne,7.38079998,48.059669735,QmnJ
A1580201,A158020101,1963-07-22,380.0,2026-06-02T09:33:34Z,16,Donnée validée,10,Expertisée,20,Bonne,7.38079998,48.059669735,QmnJ
A1580201,A158020101,1963-07-23,380.0,2026-06-02T09:33:34Z,16,Donnée validée,10,Expertisée,20,Bonne,7.38079998,48.059669735,QmnJ
A1580201,A158020101,1963-07-24,240.0,2026-06-02T09:33:34Z,16,Donnée validée,10,Expertisée,20,Bonne,7.38079998,48.059669735,QmnJ
A1580201,A158020101,1963-07-25,240.0,2026-06-02T09:33:34Z,16,Donnée validée,10,Expertisée,20,Bonne,7.38079998,48.059669735,QmnJ
A1580201,A158020101,1963-07-26,240.0,2026-06-02T09:33:34Z,16,Donnée validée,10,Expertisée,20,Bonne,7.38079998,48.059669735,QmnJ
A1580201,A158020101,1963-07-27,240.0,2026-06-02T09:33:34Z,16,Donnée validée,10,Expertisée,20,Bonne,7.38079998,48.059669735,QmnJ
A1580201,A158020101,1963-07-28,120.0,2026-06-02T09:33:34Z,16,Donnée validée,10,Expertisée,20,Bonne,7.38079998,48.059669735,QmnJ
A1580201,A158020101,1963-07-29,120.0,2026-06-02T09:33:34Z,16,Donnée validée,10,Expertisée,20,Bonne,7.38079998,48.059669735,QmnJ
A1580201,A158020101,1963-07-30,120.0,2026-06-02T09:33:34Z,16,Donnée validée,10,Expertisée,20,Bonne,7.38079998,48.059669735,QmnJ
A1580201,A158020101,1963-07-31,120.0,2026-06-02T09:33:34Z,16,Donnée validée,10,Expertisée,20,Bonne,7.38079998,48.059669735,QmnJ
A1580201,A158020101,1963-08-01,120.0,2026-06-02T09:33:34Z,16,Donnée validée,10,Expertisée,20,Bonne,7.38079998,48.059669735,QmnJ
A1580201,A158020101,1963-08-02,120.0,2026-06-02T09:33:34Z,16,Donnée validée,10,Expertisée,20,Bonne,7.38079998,48.059669735,QmnJ
A1580201,A158020101,1963-08-03,80.0,2026-06-02T09:33:34Z,16,Donnée validée,10,Expertisée,20,Bonne,7.38079998,48.059669735,QmnJ
A1580201,A158020101,1963-08-04,80.0,2026-06-02T09:33:34Z,16,Donnée validée,10,Expertisée,20,Bonne,7.38079998,48.059669735,QmnJ
A1580201,A158020101,1963-08-05,80.0,2026-06-02T09:33:34Z,16,Donnée validée,10,Expertisée,20,Bonne,7.38079998,48.059669735,QmnJ
A1580201,A158020101,1963-08-06,80.0,2026-06-02T09:33:34Z,16,Donnée validée,10,Expertisée,20,Bonne,7.38079998,48.059669735,QmnJ
A1580201,A158020101,1963-08-07,80.0,2026-06-02T09:33:34Z,16,Donnée validée,10,Expertisée,20,Bonne,7.38079998,48.059669735,QmnJ
A1580201,A158020101,1963-08-08,80.0,2026-06-02T09:33:34Z,16,Donnée validée,10,Expertisée,20,Bonne,7.38079998,48.059669735,QmnJ
A1580201,A158020101,1963-08-09,80.0,2026-06-02T09:33:34Z,16,Donnée validée,10,Expertisée,20,Bonne,7.38079998,48.059669735,QmnJ
A1580201,A158020101,1963-08-10,120.0,2026-06-02T09:33:34Z,16,Donnée validée,10,Expertisée,20,Bonne,7.38079998,48.059669735,QmnJ
A1580201,A158020101,1963-08-11,120.0,2026-06-02T09:33:34Z,16,Donnée validée,10,Expertisée,20,Bonne,7.38079998,48.059669735,QmnJ
A1580201,A158020101,1963-08-12,120.0,2026-06-02T09:33:34Z,16,Donnée validée,10,Expertisée,20,Bonne,7.38079998,48.059669735,QmnJ
A1580201,A158020101,1963-08-13,80.0,2026-06-02T09:33:34Z,16,Donnée validée,10,Expertisée,20,Bonne,7.38079998,48.059669735,QmnJ
A1580201,A158020101,1963-08-14,80.0,2026-06-02T09:33:34Z,16,Donnée validée,10,Expertisée,20,Bonne,7.38079998,48.059669735,QmnJ
A1580201,A158020101,1963-08-15,120.0,2026-06-02T09:33:34Z,16,Donnée validée,10,Expertisée,20,Bonne,7.38079998,48.059669735,QmnJ
A1580201,A158020101,1963-08-16,120.0,2026-06-02T09:33:34Z,16,Donnée validée,10,Expertisée,20,Bonne,7.38079998,48.059669735,QmnJ
A1580201,A158020101,1963-08-17,240.0,2026-06-02T09:33:34Z,16,Donnée validée,10,Expertisée,20,Bonne,7.38079998,48.059669735,QmnJ
A1580201,A158020101,1963-08-18,520.0,2026-06-02T09:33:34Z,16,Donnée validée,10,Expertisée,20,Bonne,7.38079998,48.059669735,QmnJ
A1580201,A158020101,1963-08-19,960.0,2026-06-02T09:33:34Z,16,Donnée validée,10,Expertisée,20,Bonne,7.38079998,48.059669735,QmnJ
A1580201,A158020101,1963-08-20,2160.0,2026-06-02T09:33:34Z,16,Donnée validée,10,Expertisée,20,Bonne,7.38079998,48.059669735,QmnJ
A1580201,A158020101,1963-08-21,2660.0,2026-06-02T09:33:34Z,16,Donnée validée,10,Expertisée,20,Bonne,7.38079998,48.059669735,QmnJ
A1580201,A158020101,1963-08-22,2160.0,2026-06-02T09:33:34Z,16,Donnée validée,10,Expertisée,20,Bonne,7.38079998,48.059669735,QmnJ
A1580201,A158020101,1963-08-23,2320.0,2026-06-02T09:33:34Z,16,Donnée validée,10,Expertisée,20,Bonne,7.38079998,48.059669735,QmnJ
A1580201,A158020101,1963-08-24,3680.0,2026-06-02T09:33:34Z,16,Donnée validée,10,Expertisée,20,Bonne,7.38079998,48.059669735,QmnJ
A1580201,A158020101,1963-08-25,4020.0,2026-06-02T09:33:34Z,16,Donnée validée,10,Expertisée,20,Bonne,7.38079998,48.059669735,QmnJ
A1580201,A158020101,1963-08-26,3340.0,2026-06-02T09:33:34Z,16,Donnée validée,10,Expertisée,20,Bonne,7.38079998,48.059669735,QmnJ
A1580201,A158020101,1963-08-27,3680.0,2026-06-02T09:33:34Z,16,Donnée validée,10,Expertisée,20,Bonne,7.38079998,48.059669735,QmnJ
A1580201,A158020101,1963-08-28,5250.0,2026-06-02T09:33:34Z,16,Donnée validée,10,Expertisée,20,Bonne,7.38079998,48.059669735,QmnJ
A1580201,A158020101,1963-08-29,4020.0,2026-06-02T09:33:34Z,16,Donnée validée,10,Expertisée,20,Bonne,7.38079998,48.059669735,QmnJ
A1580201,A158020101,1963-08-30,3510.0,2026-06-02T09:33:34Z,16,Donnée validée,10,Expertisée,20,Bonne,7.38079998,48.059669735,QmnJ
A1580201,A158020101,1963-08-31,3510.0,2026-06-02T09:33:34Z,16,Donnée validée,10,Expertisée,20,Bonne,7.38079998,48.059669735,QmnJ
A1580201,A158020101,1963-09-01,3170.0,2026-06-02T09:33:34Z,16,Donnée validée,10,Expertisée,20,Bonne,7.38079998,48.059669735,QmnJ
A1580201,A158020101,1963-09-02,2830.0,2026-06-02T09:33:34Z,16,Donnée validée,10,Expertisée,20,Bonne,7.38079998,48.059669735,QmnJ
A1580201,A158020101,1963-09-03,2660.0,2026-06-02T09:33:34Z,16,Donnée validée,10,Expertisée,20,Bonne,7.38079998,48.059669735,QmnJ
A1580201,A158020101,1963-09-04,2490.0,2026-06-02T09:33:34Z,16,Donnée validée,10,Expertisée,20,Bonne,7.38079998,48.059669735,QmnJ
A1580201,A158020101,1963-09-05,2830.0,2026-06-02T09:33:34Z,16,Donnée validée,10,Expertisée,20,Bonne,7.38079998,48.059669735,QmnJ
A1580201,A158020101,1963-09-06,2320.0,2026-06-02T09:33:34Z,16,Donnée validée,10,Expertisée,20,Bonne,7.38079998,48.059669735,QmnJ
A1580201,A158020101,1963-09-07,2490.0,2026-06-02T09:33:34Z,16,Donnée validée,10,Expertisée,20,Bonne,7.38079998,48.059669735,QmnJ
A1580201,A158020101,1963-09-08,2490.0,2026-06-02T09:33:34Z,16,Donnée validée,10,Expertisée,20,Bonne,7.38079998,48.059669735,QmnJ
A1580201,A158020101,1963-09-09,2320.0,2026-06-02T09:33:34Z,16,Donnée validée,10,Expertisée,20,Bonne,7.38079998,48.059669735,QmnJ
A1580201,A158020101,1963-09-10,2160.0,2026-06-02T09:33:34Z,16,Donnée validée,10,Expertisée,20,Bonne,7.38079998,48.059669735,QmnJ
A1580201,A158020101,1963-09-11,2010.0,2026-06-02T09:33:34Z,16,Donnée validée,10,Expertisée,20,Bonne,7.38079998,48.059669735,QmnJ
A1580201,A158020101,1963-09-12,1860.0,2026-06-02T09:33:34Z,16,Donnée validée,10,Expertisée,20,Bonne,7.38079998,48.059669735,QmnJ
A1580201,A158020101,1963-09-13,1860.0,2026-06-02T09:33:34Z,16,Donnée validée,10,Expertisée,20,Bonne,7.38079998,48.059669735,QmnJ
A1580201,A158020101,1963-09-14,1710.0,2026-06-02T09:33:34Z,16,Donnée validée,10,Expertisée,20,Bonne,7.38079998,48.059669735,QmnJ
A1580201,A158020101,1963-09-15,1710.0,2026-06-02T09:33:34Z,16,Donnée validée,10,Expertisée,20,Bonne,7.38079998,48.059669735,QmnJ
A1580201,A158020101,1963-09-16,1260.0,2026-06-02T09:33:34Z,16,Donnée validée,10,Expertisée,20,Bonne,7.38079998,48.059669735,QmnJ
A1580201,A158020101,1963-09-17,1410.0,2026-06-02T09:33:34Z,16,Donnée validée,10,Expertisée,20,Bonne,7.38079998,48.059669735,QmnJ
A1580201,A158020101,1963-09-18,1260.0,2026-06-02T09:33:34Z,16,Donnée validée,10,Expertisée,20,Bonne,7.38079998,48.059669735,QmnJ
A1580201,A158020101,1963-09-19,1110.0,2026-06-02T09:33:34Z,16,Donnée validée,10,Expertisée,20,Bonne,7.38079998,48.059669735,QmnJ
A1580201,A158020101,1963-09-20,1560.0,2026-06-02T09:33:34Z,16,Donnée validée,10,Expertisée,20,Bonne,7.38079998,48.059669735,QmnJ
A1580201,A158020101,1963-09-21,1110.0,2026-06-02T09:33:34Z,16,Donnée validée,10,Expertisée,20,Bonne,7.38079998,48.059669735,QmnJ
A1580201,A158020101,1963-09-22,1110.0,2026-06-02T09:33:34Z,16,Donnée validée,10,Expertisée,20,Bonne,7.38079998,48.059669735,QmnJ
A1580201,A158020101,1963-09-23,960.0,2026-06-02T09:33:34Z,16,Donnée validée,10,Expertisée,20,Bonne,7.38079998,48.059669735,QmnJ
A1580201,A158020101,1963-09-24,960.0,2026-06-02T09:33:34Z,16,Donnée validée,10,Expertisée,20,Bonne,7.38079998,48.059669735,QmnJ
A1580201,A158020101,1963-09-25,810.0,2026-06-02T09:33:34Z,16,Donnée validée,10,Expertisée,20,Bonne,7.38079998,48.059669735,QmnJ
A1580201,A158020101,1963-09-26,810.0,2026-06-02T09:33:34Z,16,Donnée validée,10,Expertisée,20,Bonne,7.38079998,48.059669735,QmnJ
A1580201,A158020101,1963-09-27,1110.0,2026-06-02T09:33:34Z,16,Donnée validée,10,Expertisée,20,Bonne,7.38079998,48.059669735,QmnJ
A1580201,A158020101,1963-09-28,1260.0,2026-06-02T09:33:34Z,16,Donnée validée,10,Expertisée,20,Bonne,7.38079998,48.059669735,QmnJ
A1580201,A158020101,1963-09-29,1410.0,2026-06-02T09:33:34Z,16,Donnée validée,10,Expertisée,20,Bonne,7.38079998,48.059669735,QmnJ
A1580201,A158020101,1963-09-30,1110.0,2026-06-02T09:33:34Z,16,Donnée validée,10,Expertisée,20,Bonne,7.38079998,48.059669735,QmnJ
A1580201,A158020101,1963-10-01,810.0,2026-06-02T09:33:34Z,16,Donnée validée,10,Expertisée,20,Bonne,7.38079998,48.059669735,QmnJ
A1580201,A158020101,1963-10-02,960.0,2026-06-02T09:33:34Z,16,Donnée validée,10,Expertisée,20,Bonne,7.38079998,48.059669735,QmnJ
A1580201,A158020101,1963-10-03,1110.0,2026-06-02T09:33:34Z,16,Donnée validée,10,Expertisée,20,Bonne,7.38079998,48.059669735,QmnJ
A1580201,A158020101,1963-10-04,1410.0,2026-06-02T09:33:34Z,16,Donnée validée,10,Expertisée,20,Bonne,7.38079998,48.059669735,QmnJ
A1580201,A158020101,1963-10-05,1260.0,2026-06-02T09:33:34Z,16,Donnée validée,10,Expertisée,20,Bonne,7.38079998,48.059669735,QmnJ
A1580201,A158020101,1963-10-06,1110.0,2026-06-02T09:33:34Z,16,Donnée validée,10,Expertisée,20,Bonne,7.38079998,48.059669735,QmnJ
A1580201,A158020101,1963-10-07,1260.0,2026-06-02T09:33:34Z,16,Donnée validée,10,Expertisée,20,Bonne,7.38079998,48.059669735,QmnJ
A1580201,A158020101,1963-10-08,2490.0,2026-06-02T09:33:34Z,16,Donnée validée,10,Expertisée,20,Bonne,7.38079998,48.059669735,QmnJ
A1580201,A158020101,1963-10-09,3000.0,2026-06-02T09:33:34Z,16,Donnée validée,10,Expertisée,20,Bonne,7.38079998,48.059669735,QmnJ
A1580201,A158020101,1963-10-10,2830.0,2026-06-02T09:33:34Z,16,Donnée validée,10,Expertisée,20,Bonne,7.38079998,48.059669735,QmnJ
A1580201,A158020101,1963-10-11,1110.0,2026-06-02T09:33:34Z,16,Donnée validée,10,Expertisée,20,Bonne,7.38079998,48.059669735,QmnJ
A1580201,A158020101,1963-10-12,1110.0,2026-06-02T09:33:34Z,16,Donnée validée,10,Expertisée,20,Bonne,7.38079998,48.059669735,QmnJ
A1580201,A158020101,1963-10-13,2160.0,2026-06-02T09:33:34Z,16,Donnée validée,10,Expertisée,20,Bonne,7.38079998,48.059669735,QmnJ
A1580201,A158020101,1963-10-14,1860.0,2026-06-02T09:33:34Z,16,Donnée validée,10,Expertisée,20,Bonne,7.38079998,48.059669735,QmnJ
A1580201,A158020101,1963-10-15,2010.0,2026-06-02T09:33:34Z,16,Donnée validée,10,Expertisée,20,Bonne,7.38079998,48.059669735,QmnJ
A1580201,A158020101,1963-10-16,2160.0,2026-06-02T09:33:34Z,16,Donnée validée,10,Expertisée,20,Bonne,7.38079998,48.059669735,QmnJ
A1580201,A158020101,1963-10-17,2160.0,2026-06-02T09:33:34Z,16,Donnée validée,10,Expertisée,20,Bonne,7.38079998,48.059669735,QmnJ
A1580201,A158020101,1963-10-18,2010.0,2026-06-02T09:33:34Z,16,Donnée validée,10,Expertisée,20,Bonne,7.38079998,48.059669735,QmnJ
A1580201,A158020101,1963-10-19,2010.0,2026-06-02T09:33:34Z,16,Donnée validée,10,Expertisée,20,Bonne,7.38079998,48.059669735,QmnJ
A1580201,A158020101,1963-10-20,1560.0,2026-06-02T09:33:34Z,16,Donnée validée,10,Expertisée,20,Bonne,7.38079998,48.059669735,QmnJ
A1580201,A158020101,1963-10-21,1560.0,2026-06-02T09:33:34Z,16,Donnée validée,10,Expertisée,20,Bonne,7.38079998,48.059669735,QmnJ
A1580201,A158020101,1963-10-22,1710.0,2026-06-02T09:33:34Z,16,Donnée validée,10,Expertisée,20,Bonne,7.38079998,48.059669735,QmnJ
A1580201,A158020101,1963-10-23,1560.0,2026-06-02T09:33:34Z,16,Donnée validée,10,Expertisée,20,Bonne,7.38079998,48.059669735,QmnJ
A1580201,A158020101,1963-10-24,1110.0,2026-06-02T09:33:34Z,16,Donnée validée,10,Expertisée,20,Bonne,7.38079998,48.059669735,QmnJ
A1580201,A158020101,1963-10-25,1110.0,2026-06-02T09:33:34Z,16,Donnée validée,10,Expertisée,20,Bonne,7.38079998,48.059669735,QmnJ
A1580201,A158020101,1963-10-26,1560.0,2026-06-02T09:33:34Z,16,Donnée validée,10,Expertisée,20,Bonne,7.38079998,48.059669735,QmnJ
A1580201,A158020101,1963-10-27,1410.0,2026-06-02T09:33:34Z,16,Donnée validée,10,Expertisée,20,Bonne,7.38079998,48.059669735,QmnJ
A1580201,A158020101,1963-10-28,1260.0,2026-06-02T09:33:34Z,16,Donnée validée,10,Expertisée,20,Bonne,7.38079998,48.059669735,QmnJ
A1580201,A158020101,1963-10-29,1110.0,2026-06-02T09:33:34Z,16,Donnée validée,10,Expertisée,20,Bonne,7.38079998,48.059669735,QmnJ
A1580201,A158020101,1963-10-30,1260.0,2026-06-02T09:33:34Z,16,Donnée validée,10,Expertisée,20,Bonne,7.38079998,48.059669735,QmnJ
A1580201,A158020101,1963-10-31,1260.0,2026-06-02T09:33:34Z,16,Donnée validée,10,Expertisée,20,Bonne,7.38079998,48.059669735,QmnJ
A1580201,A158020101,1963-11-01,1110.0,2026-06-02T09:33:34Z,16,Donnée validée,10,Expertisée,20,Bonne,7.38079998,48.059669735,QmnJ
A1580201,A158020101,1963-11-02,1110.0,2026-06-02T09:33:34Z,16,Donnée validée,10,Expertisée,20,Bonne,7.38079998,48.059669735,QmnJ
A1580201,A158020101,1963-11-03,1410.0,2026-06-02T09:33:34Z,16,Donnée validée,10,Expertisée,20,Bonne,7.38079998,48.059669735,QmnJ
A1580201,A158020101,1963-11-04,5650.0,2026-06-02T09:33:34Z,16,Donnée validée,10,Expertisée,20,Bonne,7.38079998,48.059669735,QmnJ
A1580201,A158020101,1963-11-05,5100.0,2026-06-02T09:33:34Z,16,Donnée validée,10,Expertisée,20,Bonne,7.38079998,48.059669735,QmnJ
A1580201,A158020101,1963-11-06,4890.0,2026-06-02T09:33:34Z,16,Donnée validée,10,Expertisée,20,Bonne,7.38079998,48.059669735,QmnJ
A1580201,A158020101,1963-11-07,4890.0,2026-06-02T09:33:34Z,16,Donnée validée,10,Expertisée,20,Bonne,7.38079998,48.059669735,QmnJ
A1580201,A158020101,1963-11-08,5450.0,2026-06-02T09:33:34Z,16,Donnée validée,10,Expertisée,20,Bonne,7.38079998,48.059669735,QmnJ
A1580201,A158020101,1963-11-09,4890.0,2026-06-02T09:33:34Z,16,Donnée validée,10,Expertisée,20,Bonne,7.38079998,48.059669735,QmnJ
A1580201,A158020101,1963-11-10,5650.0,2026-06-02T09:33:34Z,16,Donnée validée,10,Expertisée,20,Bonne,7.38079998,48.059669735,QmnJ
A1580201,A158020101,1963-11-11,7300.0,2026-06-02T09:33:34Z,16,Donnée validée,10,Expertisée,20,Bonne,7.38079998,48.059669735,QmnJ
A1580201,A158020101,1963-11-12,6650.0,2026-06-02T09:33:34Z,16,Donnée validée,10,Expertisée,20,Bonne,7.38079998,48.059669735,QmnJ
A1580201,A158020101,1963-11-13,8600.0,2026-06-02T09:33:34Z,16,Donnée validée,10,Expertisée,20,Bonne,7.38079998,48.059669735,QmnJ
A1580201,A158020101,1963-11-14,13500.0,2026-06-02T09:33:34Z,16,Donnée validée,10,Expertisée,20,Bonne,7.38079998,48.059669735,QmnJ
A1580201,A158020101,1963-11-15,13500.0,2026-06-02T09:33:34Z,16,Donnée validée,10,Expertisée,20,Bonne,7.38079998,48.059669735,QmnJ
A1580201,A158020101,1963-11-16,15700.0,2026-06-02T09:33:34Z,16,Donnée validée,10,Expertisée,20,Bonne,7.38079998,48.059669735,QmnJ
A1580201,A158020101,1963-11-17,15200.0,2026-06-02T09:33:34Z,16,Donnée validée,10,Expertisée,20,Bonne,7.38079998,48.059669735,QmnJ
A1580201,A158020101,1963-11-18,11500.0,2026-06-02T09:33:34Z,16,Donnée validée,10,Expertisée,20,Bonne,7.38079998,48.059669735,QmnJ
A1580201,A158020101,1963-11-19,10700.0,2026-06-02T09:33:34Z,16,Donnée validée,10,Expertisée,20,Bonne,7.38079998,48.059669735,QmnJ
A1580201,A158020101,1963-11-20,12700.0,2026-06-02T09:33:34Z,16,Donnée validée,10,Expertisée,20,Bonne,7.38079998,48.059669735,QmnJ
A1580201,A158020101,1963-11-21,20000.0,2026-06-02T09:33:34Z,16,Donnée validée,10,Expertisée,20,Bonne,7.38079998,48.059669735,QmnJ
A1580201,A158020101,1963-11-22,22500.0,2026-06-02T09:33:34Z,16,Donnée validée,10,Expertisée,20,Bonne,7.38079998,48.059669735,QmnJ
A1580201,A158020101,1963-11-23,16000.0,2026-06-02T09:33:34Z,16,Donnée validée,10,Expertisée,20,Bonne,7.38079998,48.059669735,QmnJ
A1580201,A158020101,1963-11-24,12200.0,2026-06-02T09:33:34Z,16,Donnée validée,10,Expertisée,20,Bonne,7.38079998,48.059669735,QmnJ
A1580201,A158020101,1963-11-25,9300.0,2026-06-02T09:33:34Z,16,Donnée validée,10,Expertisée,20,Bonne,7.38079998,48.059669735,QmnJ
A1580201,A158020101,1963-11-26,8350.0,2026-06-02T09:33:34Z,16,Donnée validée,10,Expertisée,20,Bonne,7.38079998,48.059669735,QmnJ
A1580201,A158020101,1963-11-27,7300.0,2026-06-02T09:33:34Z,16,Donnée validée,10,Expertisée,20,Bonne,7.38079998,48.059669735,QmnJ
A1580201,A158020101,1963-11-28,6250.0,2026-06-02T09:33:34Z,16,Donnée validée,10,Expertisée,20,Bonne,7.38079998,48.059669735,QmnJ
A1580201,A158020101,1963-11-29,5450.0,2026-06-02T09:33:34Z,16,Donnée validée,10,Expertisée,20,Bonne,7.38079998,48.059669735,QmnJ
A1580201,A158020101,1963-11-30,4890.0,2026-06-02T09:33:34Z,16,Donnée validée,10,Expertisée,20,Bonne,7.38079998,48.059669735,QmnJ
A1580201,A158020101,1963-12-01,4530.0,2026-06-02T09:33:34Z,16,Donnée validée,10,Expertisée,20,Bonne,7.38079998,48.059669735,QmnJ
A1580201,A158020101,1963-12-02,3850.0,2026-06-02T09:33:34Z,16,Donnée validée,10,Expertisée,20,Bonne,7.38079998,48.059669735,QmnJ
A1580201,A158020101,1963-12-03,3000.0,2026-06-02T09:33:34Z,16,Donnée validée,10,Expertisée,20,Bonne,7.38079998,48.059669735,QmnJ
A1580201,A158020101,1963-12-04,3000.0,2026-06-02T09:33:34Z,16,Donnée validée,10,Expertisée,20,Bonne,7.38079998,48.059669735,QmnJ
A1580201,A158020101,1963-12-05,3170.0,2026-06-02T09:33:34Z,16,Donnée validée,10,Expertisée,20,Bonne,7.38079998,48.059669735,QmnJ
A1580201,A158020101,1963-12-06,3340.0,2026-06-02T09:33:34Z,16,Donnée validée,10,Expertisée,20,Bonne,7.38079998,48.059669735,QmnJ
A1580201,A158020101,1963-12-07,3170.0,2026-06-02T09:33:34Z,16,Donnée validée,10,Expertisée,20,Bonne,7.38079998,48.059669735,QmnJ
A1580201,A158020101,1963-12-08,3170.0,2026-06-02T09:33:34Z,16,Donnée validée,10,Expertisée,20,Bonne,7.38079998,48.059669735,QmnJ
A1580201,A158020101,1963-12-09,3000.0,2026-06-02T09:33:34Z,16,Donnée validée,10,Expertisée,20,Bonne,7.38079998,48.059669735,QmnJ
A1580201,A158020101,1963-12-10,3000.0,2026-06-02T09:33:34Z,16,Donnée validée,10,Expertisée,20,Bonne,7.38079998,48.059669735,QmnJ
A1580201,A158020101,1963-12-11,3000.0,2026-06-02T09:33:34Z,16,Donnée validée,10,Expertisée,20,Bonne,7.38079998,48.059669735,QmnJ
A1580201,A158020101,1963-12-12,3000.0,2026-06-02T09:33:34Z,16,Donnée validée,10,Expertisée,20,Bonne,7.38079998,48.059669735,QmnJ
A1580201,A158020101,1963-12-13,2830.0,2026-06-02T09:33:34Z,16,Donnée validée,10,Expertisée,20,Bonne,7.38079998,48.059669735,QmnJ
A1580201,A158020101,1963-12-14,2490.0,2026-06-02T09:33:34Z,16,Donnée validée,10,Expertisée,20,Bonne,7.38079998,48.059669735,QmnJ
A1580201,A158020101,1963-12-15,2160.0,2026-06-02T09:33:34Z,16,Donnée validée,10,Expertisée,20,Bonne,7.38079998,48.059669735,QmnJ
A1580201,A158020101,1963-12-16,2010.0,2026-06-02T09:33:34Z,16,Donnée validée,10,Expertisée,20,Bonne,7.38079998,48.059669735,QmnJ
A1580201,A158020101,1963-12-17,2010.0,2026-06-02T09:33:34Z,16,Donnée validée,10,Expertisée,20,Bonne,7.38079998,48.059669735,QmnJ
A1580201,A158020101,1963-12-18,2160.0,2026-06-02T09:33:34Z,16,Donnée validée,10,Expertisée,20,Bonne,7.38079998,48.059669735,QmnJ
A1580201,A158020101,1963-12-19,2010.0,2026-06-02T09:33:34Z,16,Donnée validée,10,Expertisée,20,Bonne,7.38079998,48.059669735,QmnJ
A1580201,A158020101,1963-12-20,2010.0,2026-06-02T09:33:34Z,16,Donnée validée,10,Expertisée,20,Bonne,7.38079998,48.059669735,QmnJ
A1580201,A158020101,1963-12-21,2010.0,2026-06-02T09:33:34Z,16,Donnée validée,10,Expertisée,20,Bonne,7.38079998,48.059669735,QmnJ
A1580201,A158020101,1963-12-22,1410.0,2026-06-02T09:33:34Z,16,Donnée validée,10,Expertisée,20,Bonne,7.38079998,48.059669735,QmnJ
A1580201,A158020101,1963-12-23,960.0,2026-06-02T09:33:34Z,16,Donnée validée,10,Expertisée,20,Bonne,7.38079998,48.059669735,QmnJ
A1580201,A158020101,1963-12-24,960.0,2026-06-02T09:33:34Z,16,Donnée validée,10,Expertisée,20,Bonne,7.38079998,48.059669735,QmnJ
A1580201,A158020101,1963-12-25,960.0,2026-06-02T09:33:34Z,16,Donnée validée,10,Expertisée,20,Bonne,7.38079998,48.059669735,QmnJ
A1580201,A158020101,1963-12-26,1110.0,2026-06-02T09:33:34Z,16,Donnée validée,10,Expertisée,20,Bonne,7.38079998,48.059669735,QmnJ
A1580201,A158020101,1963-12-27,1260.0,2026-06-02T09:33:34Z,16,Donnée validée,10,Expertisée,20,Bonne,7.38079998,48.059669735,QmnJ
A1580201,A158020101,1963-12-28,1260.0,2026-06-02T09:33:34Z,16,Donnée validée,10,Expertisée,20,Bonne,7.38079998,48.059669735,QmnJ
A1580201,A158020101,1963-12-29,1260.0,2026-06-02T09:33:34Z,16,Donnée validée,10,Expertisée,20,Bonne,7.38079998,48.059669735,QmnJ
A1580201,A158020101,1963-12-30,1110.0,2026-06-02T09:33:34Z,16,Donnée validée,10,Expertisée,20,Bonne,7.38079998,48.059669735,QmnJ
A1580201,A158020101,1963-12-31,1110.0,2026-06-02T09:33:34Z,16,Donnée validée,10,Expertisée,20,Bonne,7.38079998,48.059669735,QmnJ
A1580201,A158020101,1964-01-01,960.0,2026-06-02T09:33:34Z,16,Donnée validée,10,Expertisée,20,Bonne,7.38079998,48.059669735,QmnJ
A1580201,A158020101,1964-01-02,960.0,2026-06-02T09:33:34Z,16,Donnée validée,10,Expertisée,20,Bonne,7.38079998,48.059669735,QmnJ
A1580201,A158020101,1964-01-03,1260.0,2026-06-02T09:33:34Z,16,Donnée validée,10,Expertisée,20,Bonne,7.38079998,48.059669735,QmnJ
A1580201,A158020101,1964-01-04,960.0,2026-06-02T09:33:34Z,16,Donnée validée,10,Expertisée,20,Bonne,7.38079998,48.059669735,QmnJ
A1580201,A158020101,1964-01-05,810.0,2026-06-02T09:33:34Z,16,Donnée validée,10,Expertisée,20,Bonne,7.38079998,48.059669735,QmnJ
A1580201,A158020101,1964-01-06,960.0,2026-06-02T09:33:34Z,16,Donnée validée,10,Expertisée,20,Bonne,7.38079998,48.059669735,QmnJ
A1580201,A158020101,1964-01-07,810.0,2026-06-02T09:33:34Z,16,Donnée validée,10,Expertisée,20,Bonne,7.38079998,48.059669735,QmnJ
A1580201,A158020101,1964-01-08,960.0,2026-06-02T09:33:34Z,16,Donnée validée,10,Expertisée,20,Bonne,7.38079998,48.059669735,QmnJ
A1580201,A158020101,1964-01-09,1110.0,2026-06-02T09:33:34Z,16,Donnée validée,10,Expertisée,20,Bonne,7.38079998,48.059669735,QmnJ
A1580201,A158020101,1964-01-10,960.0,2026-06-02T09:33:34Z,16,Donnée validée,10,Expertisée,20,Bonne,7.38079998,48.059669735,QmnJ
A1580201,A158020101,1964-01-11,960.0,2026-06-02T09:33:34Z,16,Donnée validée,10,Expertisée,20,Bonne,7.38079998,48.059669735,QmnJ
A1580201,A158020101,1964-01-12,810.0,2026-06-02T09:33:34Z,16,Donnée validée,10,Expertisée,20,Bonne,7.38079998,48.059669735,QmnJ
A1580201,A158020101,1964-01-13,810.0,2026-06-02T09:33:34Z,16,Donnée validée,10,Expertisée,20,Bonne,7.38079998,48.059669735,QmnJ
A1580201,A158020101,1964-01-14,810.0,2026-06-02T09:33:34Z,16,Donnée validée,10,Expertisée,20,Bonne,7.38079998,48.059669735,QmnJ
A1580201,A158020101,1964-01-15,810.0,2026-06-02T09:33:34Z,16,Donnée validée,10,Expertisée,20,Bonne,7.38079998,48.059669735,QmnJ
A1580201,A158020101,1964-01-16,810.0,2026-06-02T09:33:34Z,16,Donnée validée,10,Expertisée,20,Bonne,7.38079998,48.059669735,QmnJ
A1580201,A158020101,1964-01-17,660.0,2026-06-02T09:33:34Z,16,Donnée validée,10,Expertisée,20,Bonne,7.38079998,48.059669735,QmnJ
A1580201,A158020101,1964-01-18,660.0,2026-06-02T09:33:34Z,16,Donnée validée,10,Expertisée,20,Bonne,7.38079998,48.059669735,QmnJ
A1580201,A158020101,1964-01-19,660.0,2026-06-02T09:33:34Z,16,Donnée validée,10,Expertisée,20,Bonne,7.38079998,48.059669735,QmnJ
A1580201,A158020101,1964-01-20,520.0,2026-06-02T09:33:34Z,16,Donnée validée,10,Expertisée,20,Bonne,7.38079998,48.059669735,QmnJ
A1580201,A158020101,1964-01-21,810.0,2026-06-02T09:33:34Z,16,Donnée validée,10,Expertisée,20,Bonne,7.38079998,48.059669735,QmnJ
A1580201,A158020101,1964-01-22,660.0,2026-06-02T09:33:34Z,16,Donnée validée,10,Expertisée,20,Bonne,7.38079998,48.059669735,QmnJ
A1580201,A158020101,1964-01-23,660.0,2026-06-02T09:33:34Z,16,Donnée validée,10,Expertisée,20,Bonne,7.38079998,48.059669735,QmnJ
A1580201,A158020101,1964-01-24,520.0,2026-06-02T09:33:34Z,16,Donnée validée,10,Expertisée,20,Bonne,7.38079998,48.059669735,QmnJ
A1580201,A158020101,1964-01-25,520.0,2026-06-02T09:33:34Z,16,Donnée validée,10,Expertisée,20,Bonne,7.38079998,48.059669735,QmnJ
A1580201,A158020101,1964-01-26,660.0,2026-06-02T09:33:34Z,16,Donnée validée,10,Expertisée,20,Bonne,7.38079998,48.059669735,QmnJ
A1580201,A158020101,1964-01-27,660.0,2026-06-02T09:33:34Z,16,Donnée validée,10,Expertisée,20,Bonne,7.38079998,48.059669735,QmnJ
A1580201,A158020101,1964-01-28,660.0,2026-06-02T09:33:34Z,16,Donnée validée,10,Expertisée,20,Bonne,7.38079998,48.059669735,QmnJ
A1580201,A158020101,1964-01-29,660.0,2026-06-02T09:33:34Z,16,Donnée validée,10,Expertisée,20,Bonne,7.38079998,48.059669735,QmnJ
A1580201,A158020101,1964-01-30,660.0,2026-06-02T09:33:34Z,16,Donnée validée,10,Expertisée,20,Bonne,7.38079998,48.059669735,QmnJ
A1580201,A158020101,1964-01-31,660.0,2026-06-02T09:33:34Z,16,Donnée validée,10,Expertisée,20,Bonne,7.38079998,48.059669735,QmnJ
A1580201,A158020101,1964-02-01,960.0,2026-06-02T09:33:34Z,16,Donnée validée,10,Expertisée,20,Bonne,7.38079998,48.059669735,QmnJ
A1580201,A158020101,1964-02-02,1260.0,2026-06-02T09:33:34Z,16,Donnée validée,10,Expertisée,20,Bonne,7.38079998,48.059669735,QmnJ
A1580201,A158020101,1964-02-03,1410.0,2026-06-02T09:33:34Z,16,Donnée validée,10,Expertisée,20,Bonne,7.38079998,48.059669735,QmnJ
A1580201,A158020101,1964-02-04,1260.0,2026-06-02T09:33:34Z,16,Donnée validée,10,Expertisée,20,Bonne,7.38079998,48.059669735,QmnJ
A1580201,A158020101,1964-02-05,1110.0,2026-06-02T09:33:34Z,16,Donnée validée,10,Expertisée,20,Bonne,7.38079998,48.059669735,QmnJ
A1580201,A158020101,1964-02-06,810.0,2026-06-02T09:33:34Z,16,Donnée validée,10,Expertisée,20,Bonne,7.38079998,48.059669735,QmnJ
A1580201,A158020101,1964-02-07,810.0,2026-06-02T09:33:34Z,16,Donnée validée,10,Expertisée,20,Bonne,7.38079998,48.059669735,QmnJ
A1580201,A158020101,1964-02-08,810.0,2026-06-02T09:33:34Z,16,Donnée validée,10,Expertisée,20,Bonne,7.38079998,48.059669735,QmnJ
A1580201,A158020101,1964-02-09,810.0,2026-06-02T09:33:34Z,16,Donnée validée,10,Expertisée,20,Bonne,7.38079998,48.059669735,QmnJ
A1580201,A158020101,1964-02-10,810.0,2026-06-02T09:33:34Z,16,Donnée validée,10,Expertisée,20,Bonne,7.38079998,48.059669735,QmnJ
A1580201,A158020101,1964-02-11,810.0,2026-06-02T09:33:34Z,16,Donnée validée,10,Expertisée,20,Bonne,7.38079998,48.059669735,QmnJ
A1580201,A158020101,1964-02-12,660.0,2026-06-02T09:33:34Z,16,Donnée validée,10,Expertisée,20,Bonne,7.38079998,48.059669735,QmnJ
A1580201,A158020101,1964-02-13,810.0,2026-06-02T09:33:34Z,16,Donnée validée,10,Expertisée,20,Bonne,7.38079998,48.059669735,QmnJ
A1580201,A158020101,1964-02-14,810.0,2026-06-02T09:33:34Z,16,Donnée validée,10,Expertisée,20,Bonne,7.38079998,48.059669735,QmnJ
A1580201,A158020101,1964-02-15,810.0,2026-06-02T09:33:34Z,16,Donnée validée,10,Expertisée,20,Bonne,7.38079998,48.059669735,QmnJ
A1580201,A158020101,1964-02-16,810.0,2026-06-02T09:33:34Z,16,Donnée validée,10,Expertisée,20,Bonne,7.38079998,48.059669735,QmnJ
A1580201,A158020101,1964-02-17,810.0,2026-06-02T09:33:34Z,16,Donnée validée,10,Expertisée,20,Bonne,7.38079998,48.059669735,QmnJ
A1580201,A158020101,1964-02-18,1860.0,2026-06-02T09:33:34Z,16,Donnée validée,10,Expertisée,20,Bonne,7.38079998,48.059669735,QmnJ
A1580201,A158020101,1964-02-19,1410.0,2026-06-02T09:33:34Z,16,Donnée validée,10,Expertisée,20,Bonne,7.38079998,48.059669735,QmnJ
A1580201,A158020101,1964-02-20,1410.0,2026-06-02T09:33:34Z,16,Donnée validée,10,Expertisée,20,Bonne,7.38079998,48.059669735,QmnJ
A1580201,A158020101,1964-02-21,1410.0,2026-06-02T09:33:34Z,16,Donnée validée,10,Expertisée,20,Bonne,7.38079998,48.059669735,QmnJ
A1580201,A158020101,1964-02-22,1410.0,2026-06-02T09:33:34Z,16,Donnée validée,10,Expertisée,20,Bonne,7.38079998,48.059669735,QmnJ
A1580201,A158020101,1964-02-23,1410.0,2026-06-02T09:33:34Z,16,Donnée validée,10,Expertisée,20,Bonne,7.38079998,48.059669735,QmnJ
A1580201,A158020101,1964-02-24,960.0,2026-06-02T09:33:34Z,16,Donnée validée,10,Expertisée,20,Bonne,7.38079998,48.059669735,QmnJ
A1580201,A158020101,1964-02-25,1560.0,2026-06-02T09:33:34Z,16,Donnée validée,10,Expertisée,20,Bonne,7.38079998,48.059669735,QmnJ
A1580201,A158020101,1964-02-26,1410.0,2026-06-02T09:33:34Z,16,Donnée validée,10,Expertisée,20,Bonne,7.38079998,48.059669735,QmnJ
A1580201,A158020101,1964-02-27,1410.0,2026-06-02T09:33:34Z,16,Donnée validée,10,Expertisée,20,Bonne,7.38079998,48.059669735,QmnJ
A1580201,A158020101,1964-02-28,1560.0,2026-06-02T09:33:34Z,16,Donnée validée,10,Expertisée,20,Bonne,7.38079998,48.059669735,QmnJ
A1580201,A158020101,1964-02-29,1560.0,2026-06-02T09:33:34Z,16,Donnée validée,10,Expertisée,20,Bonne,7.38079998,48.059669735,QmnJ
A1580201,A158020101,1964-03-01,1710.0,2026-06-02T09:33:34Z,16,Donnée validée,10,Expertisée,20,Bonne,7.38079998,48.059669735,QmnJ
A1580201,A158020101,1964-03-02,1710.0,2026-06-02T09:33:34Z,16,Donnée validée,10,Expertisée,20,Bonne,7.38079998,48.059669735,QmnJ
A1580201,A158020101,1964-03-03,2160.0,2026-06-02T09:33:34Z,16,Donnée validée,10,Expertisée,20,Bonne,7.38079998,48.059669735,QmnJ
A1580201,A158020101,1964-03-04,1860.0,2026-06-02T09:33:34Z,16,Donnée validée,10,Expertisée,20,Bonne,7.38079998,48.059669735,QmnJ
A1580201,A158020101,1964-03-05,1860.0,2026-06-02T09:33:34Z,16,Donnée validée,10,Expertisée,20,Bonne,7.38079998,48.059669735,QmnJ
A1580201,A158020101,1964-03-06,1710.0,2026-06-02T09:33:34Z,16,Donnée validée,10,Expertisée,20,Bonne,7.38079998,48.059669735,QmnJ
A1580201,A158020101,1964-03-07,1710.0,2026-06-02T09:33:34Z,16,Donnée validée,10,Expertisée,20,Bonne,7.38079998,48.059669735,QmnJ
A1580201,A158020101,1964-03-08,1560.0,2026-06-02T09:33:34Z,16,Donnée validée,10,Expertisée,20,Bonne,7.38079998,48.059669735,QmnJ
A1580201,A158020101,1964-03-09,1410.0,2026-06-02T09:33:34Z,16,Donnée validée,10,Expertisée,20,Bonne,7.38079998,48.059669735,QmnJ
A1580201,A158020101,1964-03-10,1860.0,2026-06-02T09:33:34Z,16,Donnée validée,10,Expertisée,20,Bonne,7.38079998,48.059669735,QmnJ
A1580201,A158020101,1964-03-11,1710.0,2026-06-02T09:33:34Z,16,Donnée validée,10,Expertisée,20,Bonne,7.38079998,48.059669735,QmnJ
A1580201,A158020101,1964-03-12,1110.0,2026-06-02T09:33:34Z,16,Donnée validée,10,Expertisée,20,Bonne,7.38079998,48.059669735,QmnJ
A1580201,A158020101,1964-03-13,1410.0,2026-06-02T09:33:34Z,16,Donnée validée,10,Expertisée,20,Bonne,7.38079998,48.059669735,QmnJ
A1580201,A158020101,1964-03-14,1560.0,2026-06-02T09:33:34Z,16,Donnée validée,10,Expertisée,20,Bonne,7.38079998,48.059669735,QmnJ
A1580201,A158020101,1964-03-15,1560.0,2026-06-02T09:33:34Z,16,Donnée validée,10,Expertisée,20,Bonne,7.38079998,48.059669735,QmnJ
A1580201,A158020101,1964-03-16,1710.0,2026-06-02T09:33:34Z,16,Donnée validée,10,Expertisée,20,Bonne,7.38079998,48.059669735,QmnJ
A1580201,A158020101,1964-03-17,1860.0,2026-06-02T09:33:34Z,16,Donnée validée,10,Expertisée,20,Bonne,7.38079998,48.059669735,QmnJ
A1580201,A158020101,1964-03-18,1860.0,2026-06-02T09:33:34Z,16,Donnée validée,10,Expertisée,20,Bonne,7.38079998,48.059669735,QmnJ
A1580201,A158020101,1964-03-19,2830.0,2026-06-02T09:33:34Z,16,Donnée validée,10,Expertisée,20,Bonne,7.38079998,48.059669735,QmnJ
A1580201,A158020101,1964-03-20,4190.0,2026-06-02T09:33:34Z,16,Donnée validée,10,Expertisée,20,Bonne,7.38079998,48.059669735,QmnJ
A1580201,A158020101,1964-03-21,5650.0,2026-06-02T09:33:34Z,16,Donnée validée,10,Expertisée,20,Bonne,7.38079998,48.059669735,QmnJ
A1580201,A158020101,1964-03-22,6050.0,2026-06-02T09:33:34Z,16,Donnée validée,10,Expertisée,20,Bonne,7.38079998,48.059669735,QmnJ
A1580201,A158020101,1964-03-23,6450.0,2026-06-02T09:33:34Z,16,Donnée validée,10,Expertisée,20,Bonne,7.38079998,48.059669735,QmnJ
A1580201,A158020101,1964-03-24,5850.0,2026-06-02T09:33:34Z,16,Donnée validée,10,Expertisée,20,Bonne,7.38079998,48.059669735,QmnJ
A1580201,A158020101,1964-03-25,5100.0,2026-06-02T09:33:34Z,16,Donnée validée,10,Expertisée,20,Bonne,7.38079998,48.059669735,QmnJ
A1580201,A158020101,1964-03-26,6450.0,2026-06-02T09:33:34Z,16,Donnée validée,10,Expertisée,20,Bonne,7.38079998,48.059669735,QmnJ
A1580201,A158020101,1964-03-27,6850.0,2026-06-02T09:33:34Z,16,Donnée validée,10,Expertisée,20,Bonne,7.38079998,48.059669735,QmnJ
A1580201,A158020101,1964-03-28,7300.0,2026-06-02T09:33:34Z,16,Donnée validée,10,Expertisée,20,Bonne,7.38079998,48.059669735,QmnJ
A1580201,A158020101,1964-03-29,7050.0,2026-06-02T09:33:34Z,16,Donnée validée,10,Expertisée,20,Bonne,7.38079998,48.059669735,QmnJ
A1580201,A158020101,1964-03-30,7050.0,2026-06-02T09:33:34Z,16,Donnée validée,10,Expertisée,20,Bonne,7.38079998,48.059669735,QmnJ
A1580201,A158020101,1964-03-31,6450.0,2026-06-02T09:33:34Z,16,Donnée validée,10,Expertisée,20,Bonne,7.38079998,48.059669735,QmnJ
A1580201,A158020101,1964-04-01,5650.0,2026-06-02T09:33:34Z,16,Donnée validée,10,Expertisée,20,Bonne,7.38079998,48.059669735,QmnJ
A1580201,A158020101,1964-04-02,5450.0,2026-06-02T09:33:34Z,16,Donnée validée,10,Expertisée,20,Bonne,7.38079998,48.059669735,QmnJ
A1580201,A158020101,1964-04-03,5250.0,2026-06-02T09:33:34Z,16,Donnée validée,10,Expertisée,20,Bonne,7.38079998,48.059669735,QmnJ
A1580201,A158020101,1964-04-04,5250.0,2026-06-02T09:33:34Z,16,Donnée validée,10,Expertisée,20,Bonne,7.38079998,48.059669735,QmnJ
A1580201,A158020101,1964-04-05,5100.0,2026-06-02T09:33:34Z,16,Donnée validée,10,Expertisée,20,Bonne,7.38079998,48.059669735,QmnJ
A1580201,A158020101,1964-04-06,4700.0,2026-06-02T09:33:34Z,16,Donnée validée,10,Expertisée,20,Bonne,7.38079998,48.059669735,QmnJ
A1580201,A158020101,1964-04-07,3850.0,2026-06-02T09:33:34Z,16,Donnée validée,10,Expertisée,20,Bonne,7.38079998,48.059669735,QmnJ
A1580201,A158020101,1964-04-08,3850.0,2026-06-02T09:33:34Z,16,Donnée validée,10,Expertisée,20,Bonne,7.38079998,48.059669735,QmnJ
A1580201,A158020101,1964-04-09,3680.0,2026-06-02T09:33:34Z,16,Donnée validée,10,Expertisée,20,Bonne,7.38079998,48.059669735,QmnJ
A1580201,A158020101,1964-04-10,3340.0,2026-06-02T09:33:34Z,16,Donnée validée,10,Expertisée,20,Bonne,7.38079998,48.059669735,QmnJ
A1580201,A158020101,1964-04-11,3000.0,2026-06-02T09:33:34Z,16,Donnée validée,10,Expertisée,20,Bonne,7.38079998,48.059669735,QmnJ
A1580201,A158020101,1964-04-12,2660.0,2026-06-02T09:33:34Z,16,Donnée validée,10,Expertisée,20,Bonne,7.38079998,48.059669735,QmnJ
A1580201,A158020101,1964-04-13,2660.0,2026-06-02T09:33:34Z,16,Donnée validée,10,Expertisée,20,Bonne,7.38079998,48.059669735,QmnJ
A1580201,A158020101,1964-04-14,3510.0,2026-06-02T09:33:34Z,16,Donnée validée,10,Expertisée,20,Bonne,7.38079998,48.059669735,QmnJ
A1580201,A158020101,1964-04-15,3510.0,2026-06-02T09:33:34Z,16,Donnée validée,10,Expertisée,20,Bonne,7.38079998,48.059669735,QmnJ
A1580201,A158020101,1964-04-16,2660.0,2026-06-02T09:33:34Z,16,Donnée validée,10,Expertisée,20,Bonne,7.38079998,48.059669735,QmnJ
A1580201,A158020101,1964-04-17,2660.0,2026-06-02T09:33:34Z,16,Donnée validée,10,Expertisée,20,Bonne,7.38079998,48.059669735,QmnJ
A1580201,A158020101,1964-04-18,2660.0,2026-06-02T09:33:34Z,16,Donnée validée,10,Expertisée,20,Bonne,7.38079998,48.059669735,QmnJ
A1580201,A158020101,1964-04-19,2830.0,2026-06-02T09:33:34Z,16,Donnée validée,10,Expertisée,20,Bonne,7.38079998,48.059669735,QmnJ
A1580201,A158020101,1964-04-20,2490.0,2026-06-02T09:33:34Z,16,Donnée validée,10,Expertisée,20,Bonne,7.38079998,48.059669735,QmnJ
A1580201,A158020101,1964-04-21,3850.0,2026-06-02T09:33:34Z,16,Donnée validée,10,Expertisée,20,Bonne,7.38079998,48.059669735,QmnJ
A1580201,A158020101,1964-04-22,3340.0,2026-06-02T09:33:34Z,16,Donnée validée,10,Expertisée,20,Bonne,7.38079998,48.059669735,QmnJ
A1580201,A158020101,1964-04-23,3000.0,2026-06-02T09:33:34Z,16,Donnée validée,10,Expertisée,20,Bonne,7.38079998,48.059669735,QmnJ
A1580201,A158020101,1964-04-24,3000.0,2026-06-02T09:33:34Z,16,Donnée validée,10,Expertisée,20,Bonne,7.38079998,48.059669735,QmnJ
A1580201,A158020101,1964-04-25,3680.0,2026-06-02T09:33:34Z,16,Donnée validée,10,Expertisée,20,Bonne,7.38079998,48.059669735,QmnJ
A1580201,A158020101,1964-04-26,4020.0,2026-06-02T09:33:34Z,16,Donnée validée,10,Expertisée,20,Bonne,7.38079998,48.059669735,QmnJ
A1580201,A158020101,1964-04-27,3680.0,2026-06-02T09:33:34Z,16,Donnée validée,10,Expertisée,20,Bonne,7.38079998,48.059669735,QmnJ
A1580201,A158020101,1964-04-28,3340.0,2026-06-02T09:33:34Z,16,Donnée validée,10,Expertisée,20,Bonne,7.38079998,48.059669735,QmnJ
A1580201,A158020101,1964-04-29,3340.0,2026-06-02T09:33:34Z,16,Donnée validée,10,Expertisée,20,Bonne,7.38079998,48.059669735,QmnJ
A1580201,A158020101,1964-04-30,3170.0,2026-06-02T09:33:34Z,16,Donnée validée,10,Expertisée,20,Bonne,7.38079998,48.059669735,QmnJ
A1580201,A158020101,1964-05-01,3000.0,2026-06-02T09:33:34Z,16,Donnée validée,10,Expertisée,20,Bonne,7.38079998,48.059669735,QmnJ
A1580201,A158020101,1964-05-02,2320.0,2026-06-02T09:33:34Z,16,Donnée validée,10,Expertisée,20,Bonne,7.38079998,48.059669735,QmnJ
A1580201,A158020101,1964-05-03,2320.0,2026-06-02T09:33:34Z,16,Donnée validée,10,Expertisée,20,Bonne,7.38079998,48.059669735,QmnJ
A1580201,A158020101,1964-05-04,2160.0,2026-06-02T09:33:34Z,16,Donnée validée,10,Expertisée,20,Bonne,7.38079998,48.059669735,QmnJ
A1580201,A158020101,1964-05-05,3170.0,2026-06-02T09:33:34Z,16,Donnée validée,10,Expertisée,20,Bonne,7.38079998,48.059669735,QmnJ
A1580201,A158020101,1964-05-06,4360.0,2026-06-02T09:33:34Z,16,Donnée validée,10,Expertisée,20,Bonne,7.38079998,48.059669735,QmnJ
A1580201,A158020101,1964-05-07,4700.0,2026-06-02T09:33:34Z,16,Donnée validée,10,Expertisée,20,Bonne,7.38079998,48.059669735,QmnJ
A1580201,A158020101,1964-05-08,5250.0,2026-06-02T09:33:34Z,16,Donnée validée,10,Expertisée,20,Bonne,7.38079998,48.059669735,QmnJ
A1580201,A158020101,1964-05-09,5100.0,2026-06-02T09:33:34Z,16,Donnée validée,10,Expertisée,20,Bonne,7.38079998,48.059669735,QmnJ
A1580201,A158020101,1964-05-10,4190.0,2026-06-02T09:33:34Z,16,Donnée validée,10,Expertisée,20,Bonne,7.38079998,48.059669735,QmnJ
A1580201,A158020101,1964-05-11,4190.0,2026-06-02T09:33:34Z,16,Donnée validée,10,Expertisée,20,Bonne,7.38079998,48.059669735,QmnJ
A1580201,A158020101,1964-05-12,4020.0,2026-06-02T09:33:34Z,16,Donnée validée,10,Expertisée,20,Bonne,7.38079998,48.059669735,QmnJ
A1580201,A158020101,1964-05-13,3510.0,2026-06-02T09:33:34Z,16,Donnée validée,10,Expertisée,20,Bonne,7.38079998,48.059669735,QmnJ
A1580201,A158020101,1964-05-14,3510.0,2026-06-02T09:33:34Z,16,Donnée validée,10,Expertisée,20,Bonne,7.38079998,48.059669735,QmnJ
A1580201,A158020101,1964-05-15,2830.0,2026-06-02T09:33:34Z,16,Donnée validée,10,Expertisée,20,Bonne,7.38079998,48.059669735,QmnJ
A1580201,A158020101,1964-05-16,2320.0,2026-06-02T09:33:34Z,16,Donnée validée,10,Expertisée,20,Bonne,7.38079998,48.059669735,QmnJ
A1580201,A158020101,1964-05-17,1560.0,2026-06-02T09:33:34Z,16,Donnée validée,10,Expertisée,20,Bonne,7.38079998,48.059669735,QmnJ
A1580201,A158020101,1964-05-18,1260.0,2026-06-02T09:33:34Z,16,Donnée validée,10,Expertisée,20,Bonne,7.38079998,48.059669735,QmnJ
A1580201,A158020101,1964-05-19,1710.0,2026-06-02T09:33:34Z,16,Donnée validée,10,Expertisée,20,Bonne,7.38079998,48.059669735,QmnJ
A1580201,A158020101,1964-05-20,2160.0,2026-06-02T09:33:34Z,16,Donnée validée,10,Expertisée,20,Bonne,7.38079998,48.059669735,QmnJ
A1580201,A158020101,1964-05-21,2490.0,2026-06-02T09:33:34Z,16,Donnée validée,10,Expertisée,20,Bonne,7.38079998,48.059669735,QmnJ
A1580201,A158020101,1964-05-22,1710.0,2026-06-02T09:33:34Z,16,Donnée validée,10,Expertisée,20,Bonne,7.38079998,48.059669735,QmnJ
A1580201,A158020101,1964-05-23,1710.0,2026-06-02T09:33:34Z,16,Donnée validée,10,Expertisée,20,Bonne,7.38079998,48.059669735,QmnJ
A1580201,A158020101,1964-05-24,1710.0,2026-06-02T09:33:34Z,16,Donnée validée,10,Expertisée,20,Bonne,7.38079998,48.059669735,QmnJ
A1580201,A158020101,1964-05-25,1710.0,2026-06-02T09:33:34Z,16,Donnée validée,10,Expertisée,20,Bonne,7.38079998,48.059669735,QmnJ
A1580201,A158020101,1964-05-26,1710.0,2026-06-02T09:33:34Z,16,Donnée validée,10,Expertisée,20,Bonne,7.38079998,48.059669735,QmnJ
A1580201,A158020101,1964-05-27,1560.0,2026-06-02T09:33:34Z,16,Donnée validée,10,Expertisée,20,Bonne,7.38079998,48.059669735,QmnJ
A1580201,A158020101,1964-05-28,2010.0,2026-06-02T09:33:34Z,16,Donnée validée,10,Expertisée,20,Bonne,7.38079998,48.059669735,QmnJ
A1580201,A158020101,1964-05-29,2010.0,2026-06-02T09:33:34Z,16,Donnée validée,10,Expertisée,20,Bonne,7.38079998,48.059669735,QmnJ
A1580201,A158020101,1964-05-30,2160.0,2026-06-02T09:33:34Z,16,Donnée validée,10,Expertisée,20,Bonne,7.38079998,48.059669735,QmnJ
A1580201,A158020101,1964-05-31,1410.0,2026-06-02T09:33:34Z,16,Donnée validée,10,Expertisée,20,Bonne,7.38079998,48.059669735,QmnJ
A1580201,A158020101,1964-06-01,1260.0,2026-06-02T09:33:34Z,16,Donnée validée,10,Expertisée,20,Bonne,7.38079998,48.059669735,QmnJ
A1580201,A158020101,1964-06-02,1260.0,2026-06-02T09:33:34Z,16,Donnée validée,10,Expertisée,20,Bonne,7.38079998,48.059669735,QmnJ
A1580201,A158020101,1964-06-03,2160.0,2026-06-02T09:33:34Z,16,Donnée validée,10,Expertisée,20,Bonne,7.38079998,48.059669735,QmnJ
A1580201,A158020101,1964-06-04,1860.0,2026-06-02T09:33:34Z,16,Donnée validée,10,Expertisée,20,Bonne,7.38079998,48.059669735,QmnJ
A1580201,A158020101,1964-06-05,1110.0,2026-06-02T09:33:34Z,16,Donnée validée,10,Expertisée,20,Bonne,7.38079998,48.059669735,QmnJ
A1580201,A158020101,1964-06-06,960.0,2026-06-02T09:33:34Z,16,Donnée validée,10,Expertisée,20,Bonne,7.38079998,48.059669735,QmnJ
A1580201,A158020101,1964-06-07,960.0,2026-06-02T09:33:34Z,16,Donnée validée,10,Expertisée,20,Bonne,7.38079998,48.059669735,QmnJ
A1580201,A158020101,1964-06-08,810.0,2026-06-02T09:33:34Z,16,Donnée validée,10,Expertisée,20,Bonne,7.38079998,48.059669735,QmnJ
A1580201,A158020101,1964-06-09,810.0,2026-06-02T09:33:34Z,16,Donnée validée,10,Expertisée,20,Bonne,7.38079998,48.059669735,QmnJ
A1580201,A158020101,1964-06-10,520.0,2026-06-02T09:33:34Z,16,Donnée validée,10,Expertisée,20,Bonne,7.38079998,48.059669735,QmnJ
A1580201,A158020101,1964-06-11,520.0,2026-06-02T09:33:34Z,16,Donnée validée,10,Expertisée,20,Bonne,7.38079998,48.059669735,QmnJ
A1580201,A158020101,1964-06-12,520.0,2026-06-02T09:33:34Z,16,Donnée validée,10,Expertisée,20,Bonne,7.38079998,48.059669735,QmnJ
A1580201,A158020101,1964-06-13,380.0,2026-06-02T09:33:34Z,16,Donnée validée,10,Expertisée,20,Bonne,7.38079998,48.059669735,QmnJ
A1580201,A158020101,1964-06-14,380.0,2026-06-02T09:33:34Z,16,Donnée validée,10,Expertisée,20,Bonne,7.38079998,48.059669735,QmnJ
A1580201,A158020101,1964-06-15,380.0,2026-06-02T09:33:34Z,16,Donnée validée,10,Expertisée,20,Bonne,7.38079998,48.059669735,QmnJ
A1580201,A158020101,1964-06-16,380.0,2026-06-02T09:33:34Z,16,Donnée validée,10,Expertisée,20,Bonne,7.38079998,48.059669735,QmnJ
A1580201,A158020101,1964-06-17,380.0,2026-06-02T09:33:34Z,16,Donnée validée,10,Expertisée,20,Bonne,7.38079998,48.059669735,QmnJ
A1580201,A158020101,1964-06-18,380.0,2026-06-02T09:33:34Z,16,Donnée validée,10,Expertisée,20,Bonne,7.38079998,48.059669735,QmnJ
A1580201,A158020101,1964-06-19,240.0,2026-06-02T09:33:34Z,16,Donnée validée,10,Expertisée,20,Bonne,7.38079998,48.059669735,QmnJ
A1580201,A158020101,1964-06-20,240.0,2026-06-02T09:33:34Z,16,Donnée validée,10,Expertisée,20,Bonne,7.38079998,48.059669735,QmnJ
A1580201,A158020101,1964-06-21,240.0,2026-06-02T09:33:34Z,16,Donnée validée,10,Expertisée,20,Bonne,7.38079998,48.059669735,QmnJ
A1580201,A158020101,1964-06-22,240.0,2026-06-02T09:33:34Z,16,Donnée validée,10,Expertisée,20,Bonne,7.38079998,48.059669735,QmnJ
A1580201,A158020101,1964-06-23,240.0,2026-06-02T09:33:34Z,16,Donnée validée,10,Expertisée,20,Bonne,7.38079998,48.059669735,QmnJ
A1580201,A158020101,1964-06-24,240.0,2026-06-02T09:33:34Z,16,Donnée validée,10,Expertisée,20,Bonne,7.38079998,48.059669735,QmnJ
A1580201,A158020101,1964-06-25,240.0,2026-06-02T09:33:34Z,16,Donnée validée,10,Expertisée,20,Bonne,7.38079998,48.059669735,QmnJ
A1580201,A158020101,1964-06-26,120.0,2026-06-02T09:33:34Z,16,Donnée validée,10,Expertisée,20,Bonne,7.38079998,48.059669735,QmnJ
A1580201,A158020101,1964-06-27,120.0,2026-06-02T09:33:34Z,16,Donnée validée,10,Expertisée,20,Bonne,7.38079998,48.059669735,QmnJ
A1580201,A158020101,1964-06-28,120.0,2026-06-02T09:33:34Z,16,Donnée validée,10,Expertisée,20,Bonne,7.38079998,48.059669735,QmnJ
A1580201,A158020101,1964-06-29,120.0,2026-06-02T09:33:34Z,16,Donnée validée,10,Expertisée,20,Bonne,7.38079998,48.059669735,QmnJ
A1580201,A158020101,1964-06-30,120.0,2026-06-02T09:33:34Z,16,Donnée validée,10,Expertisée,20,Bonne,7.38079998,48.059669735,QmnJ
A1580201,A158020101,1964-07-01,120.0,2026-06-02T09:33:34Z,16,Donnée validée,10,Expertisée,20,Bonne,7.38079998,48.059669735,QmnJ
A1580201,A158020101,1964-07-02,120.0,2026-06-02T09:33:34Z,16,Donnée validée,10,Expertisée,20,Bonne,7.38079998,48.059669735,QmnJ
A1580201,A158020101,1964-07-03,120.0,2026-06-02T09:33:34Z,16,Donnée validée,10,Expertisée,20,Bonne,7.38079998,48.059669735,QmnJ
A1580201,A158020101,1964-07-04,80.0,2026-06-02T09:33:34Z,16,Donnée validée,10,Expertisée,20,Bonne,7.38079998,48.059669735,QmnJ
A1580201,A158020101,1964-07-05,80.0,2026-06-02T09:33:34Z,16,Donnée validée,10,Expertisée,20,Bonne,7.38079998,48.059669735,QmnJ
A1580201,A158020101,1964-07-06,80.0,2026-06-02T09:33:34Z,16,Donnée validée,10,Expertisée,20,Bonne,7.38079998,48.059669735,QmnJ
A1580201,A158020101,1964-07-07,80.0,2026-06-02T09:33:34Z,16,Donnée validée,10,Expertisée,20,Bonne,7.38079998,48.059669735,QmnJ
A1580201,A158020101,1964-07-08,80.0,2026-06-02T09:33:34Z,16,Donnée validée,10,Expertisée,20,Bonne,7.38079998,48.059669735,QmnJ
A1580201,A158020101,1964-07-09,80.0,2026-06-02T09:33:34Z,16,Donnée validée,10,Expertisée,20,Bonne,7.38079998,48.059669735,QmnJ
A1580201,A158020101,1964-07-10,80.0,2026-06-02T09:33:34Z,16,Donnée validée,10,Expertisée,20,Bonne,7.38079998,48.059669735,QmnJ
A1580201,A158020101,1964-07-11,80.0,2026-06-02T09:33:34Z,16,Donnée validée,10,Expertisée,20,Bonne,7.38079998,48.059669735,QmnJ
A1580201,A158020101,1964-07-12,80.0,2026-06-02T09:33:34Z,16,Donnée validée,10,Expertisée,20,Bonne,7.38079998,48.059669735,QmnJ
A1580201,A158020101,1964-07-13,50.0,2026-06-02T09:33:34Z,16,Donnée validée,10,Expertisée,20,Bonne,7.38079998,48.059669735,QmnJ
A1580201,A158020101,1964-07-14,50.0,2026-06-02T09:33:34Z,16,Donnée validée,10,Expertisée,20,Bonne,7.38079998,48.059669735,QmnJ
A1580201,A158020101,1964-07-15,50.0,2026-06-02T09:33:34Z,16,Donnée validée,10,Expertisée,20,Bonne,7.38079998,48.059669735,QmnJ
A1580201,A158020101,1964-07-16,80.0,2026-06-02T09:33:34Z,16,Donnée validée,10,Expertisée,20,Bonne,7.38079998,48.059669735,QmnJ
A1580201,A158020101,1964-07-17,80.0,2026-06-02T09:33:34Z,16,Donnée validée,10,Expertisée,20,Bonne,7.38079998,48.059669735,QmnJ
A1580201,A158020101,1964-07-18,80.0,2026-06-02T09:33:34Z,16,Donnée validée,10,Expertisée,20,Bonne,7.38079998,48.059669735,QmnJ
A1580201,A158020101,1964-07-19,50.0,2026-06-02T09:33:34Z,16,Donnée validée,10,Expertisée,20,Bonne,7.38079998,48.059669735,QmnJ
A1580201,A158020101,1964-07-20,50.0,2026-06-02T09:33:34Z,16,Donnée validée,10,Expertisée,20,Bonne,7.38079998,48.059669735,QmnJ
A1580201,A158020101,1964-07-21,50.0,2026-06-02T09:33:34Z,16,Donnée validée,10,Expertisée,20,Bonne,7.38079998,48.059669735,QmnJ
A1580201,A158020101,1964-07-22,50.0,2026-06-02T09:33:34Z,16,Donnée validée,10,Expertisée,20,Bonne,7.38079998,48.059669735,QmnJ
A1580201,A158020101,1964-07-23,50.0,2026-06-02T09:33:34Z,16,Donnée validée,10,Expertisée,20,Bonne,7.38079998,48.059669735,QmnJ
A1580201,A158020101,1964-07-24,50.0,2026-06-02T09:33:34Z,16,Donnée validée,10,Expertisée,20,Bonne,7.38079998,48.059669735,QmnJ
A1580201,A158020101,1964-07-25,30.0,2026-06-02T09:33:34Z,16,Donnée validée,10,Expertisée,20,Bonne,7.38079998,48.059669735,QmnJ
A1580201,A158020101,1964-07-26,30.0,2026-06-02T09:33:34Z,16,Donnée validée,10,Expertisée,20,Bonne,7.38079998,48.059669735,QmnJ
A1580201,A158020101,1964-07-27,30.0,2026-06-02T09:33:34Z,16,Donnée validée,10,Expertisée,20,Bonne,7.38079998,48.059669735,QmnJ
A1580201,A158020101,1964-07-28,30.0,2026-06-02T09:33:34Z,16,Donnée validée,10,Expertisée,20,Bonne,7.38079998,48.059669735,QmnJ
A1580201,A158020101,1964-07-29,30.0,2026-06-02T09:33:34Z,16,Donnée validée,10,Expertisée,20,Bonne,7.38079998,48.059669735,QmnJ
A1580201,A158020101,1964-07-30,30.0,2026-06-02T09:33:34Z,16,Donnée validée,10,Expertisée,20,Bonne,7.38079998,48.059669735,QmnJ
A1580201,A158020101,1964-07-31,30.0,2026-06-02T09:33:34Z,16,Donnée validée,10,Expertisée,20,Bonne,7.38079998,48.059669735,QmnJ
A1580201,A158020101,1964-08-01,80.0,2026-06-02T09:33:34Z,16,Donnée validée,10,Expertisée,20,Bonne,7.38079998,48.059669735,QmnJ
A1580201,A158020101,1964-08-02,80.0,2026-06-02T09:33:34Z,16,Donnée validée,10,Expertisée,20,Bonne,7.38079998,48.059669735,QmnJ
A1580201,A158020101,1964-08-03,80.0,2026-06-02T09:33:34Z,16,Donnée validée,10,Expertisée,20,Bonne,7.38079998,48.059669735,QmnJ
A1580201,A158020101,1964-08-04,80.0,2026-06-02T09:33:34Z,16,Donnée validée,10,Expertisée,20,Bonne,7.38079998,48.059669735,QmnJ
A1580201,A158020101,1964-08-05,80.0,2026-06-02T09:33:34Z,16,Donnée validée,10,Expertisée,20,Bonne,7.38079998,48.059669735,QmnJ
A1580201,A158020101,1964-08-06,80.0,2026-06-02T09:33:34Z,16,Donnée validée,10,Expertisée,20,Bonne,7.38079998,48.059669735,QmnJ
A1580201,A158020101,1964-08-07,80.0,2026-06-02T09:33:34Z,16,Donnée validée,10,Expertisée,20,Bonne,7.38079998,48.059669735,QmnJ
A1580201,A158020101,1964-08-08,120.0,2026-06-02T09:33:34Z,16,Donnée validée,10,Expertisée,20,Bonne,7.38079998,48.059669735,QmnJ
A1580201,A158020101,1964-08-09,120.0,2026-06-02T09:33:34Z,16,Donnée validée,10,Expertisée,20,Bonne,7.38079998,48.059669735,QmnJ
A1580201,A158020101,1964-08-10,120.0,2026-06-02T09:33:34Z,16,Donnée validée,10,Expertisée,20,Bonne,7.38079998,48.059669735,QmnJ
A1580201,A158020101,1964-08-11,80.0,2026-06-02T09:33:34Z,16,Donnée validée,10,Expertisée,20,Bonne,7.38079998,48.059669735,QmnJ
A1580201,A158020101,1964-08-12,80.0,2026-06-02T09:33:34Z,16,Donnée validée,10,Expertisée,20,Bonne,7.38079998,48.059669735,QmnJ
A1580201,A158020101,1964-08-13,80.0,2026-06-02T09:33:34Z,16,Donnée validée,10,Expertisée,20,Bonne,7.38079998,48.059669735,QmnJ
A1580201,A158020101,1964-08-14,80.0,2026-06-02T09:33:34Z,16,Donnée validée,10,Expertisée,20,Bonne,7.38079998,48.059669735,QmnJ
A1580201,A158020101,1964-08-15,80.0,2026-06-02T09:33:34Z,16,Donnée validée,10,Expertisée,20,Bonne,7.38079998,48.059669735,QmnJ
A1580201,A158020101,1964-08-16,80.0,2026-06-02T09:33:34Z,16,Donnée validée,10,Expertisée,20,Bonne,7.38079998,48.059669735,QmnJ
A1580201,A158020101,1964-08-17,80.0,2026-06-02T09:33:34Z,16,Donnée validée,10,Expertisée,20,Bonne,7.38079998,48.059669735,QmnJ
A1580201,A158020101,1964-08-18,80.0,2026-06-02T09:33:34Z,16,Donnée validée,10,Expertisée,20,Bonne,7.38079998,48.059669735,QmnJ
A1580201,A158020101,1964-08-19,80.0,2026-06-02T09:33:34Z,16,Donnée validée,10,Expertisée,20,Bonne,7.38079998,48.059669735,QmnJ
A1580201,A158020101,1964-08-20,80.0,2026-06-02T09:33:34Z,16,Donnée validée,10,Expertisée,20,Bonne,7.38079998,48.059669735,QmnJ
A1580201,A158020101,1964-08-21,30.0,2026-06-02T09:33:34Z,16,Donnée validée,10,Expertisée,20,Bonne,7.38079998,48.059669735,QmnJ
A1580201,A158020101,1964-08-22,30.0,2026-06-02T09:33:34Z,16,Donnée validée,10,Expertisée,20,Bonne,7.38079998,48.059669735,QmnJ
A1580201,A158020101,1964-08-23,30.0,2026-06-02T09:33:34Z,16,Donnée validée,10,Expertisée,20,Bonne,7.38079998,48.059669735,QmnJ
A1580201,A158020101,1964-08-24,30.0,2026-06-02T09:33:34Z,16,Donnée validée,10,Expertisée,20,Bonne,7.38079998,48.059669735,QmnJ
A1580201,A158020101,1964-08-25,30.0,2026-06-02T09:33:34Z,16,Donnée validée,10,Expertisée,20,Bonne,7.38079998,48.059669735,QmnJ
A1580201,A158020101,1964-08-26,20.0,2026-06-02T09:33:34Z,16,Donnée validée,10,Expertisée,20,Bonne,7.38079998,48.059669735,QmnJ
A1580201,A158020101,1964-08-27,20.0,2026-06-02T09:33:34Z,16,Donnée validée,10,Expertisée,20,Bonne,7.38079998,48.059669735,QmnJ
A1580201,A158020101,1964-08-28,20.0,2026-06-02T09:33:34Z,16,Donnée validée,10,Expertisée,20,Bonne,7.38079998,48.059669735,QmnJ
A1580201,A158020101,1964-08-29,20.0,2026-06-02T09:33:34Z,16,Donnée validée,10,Expertisée,20,Bonne,7.38079998,48.059669735,QmnJ
A1580201,A158020101,1964-08-30,20.0,2026-06-02T09:33:34Z,16,Donnée validée,10,Expertisée,20,Bonne,7.38079998,48.059669735,QmnJ
A1580201,A158020101,1964-08-31,20.0,2026-06-02T09:33:34Z,16,Donnée validée,10,Expertisée,20,Bonne,7.38079998,48.059669735,QmnJ
A1580201,A158020101,1964-09-01,30.0,2026-06-02T09:33:34Z,16,Donnée validée,10,Expertisée,20,Bonne,7.38079998,48.059669735,QmnJ
A1580201,A158020101,1964-09-02,30.0,2026-06-02T09:33:34Z,16,Donnée validée,10,Expertisée,20,Bonne,7.38079998,48.059669735,QmnJ
A1580201,A158020101,1964-09-03,30.0,2026-06-02T09:33:34Z,16,Donnée validée,10,Expertisée,20,Bonne,7.38079998,48.059669735,QmnJ
A1580201,A158020101,1964-09-04,30.0,2026-06-02T09:33:34Z,16,Donnée validée,10,Expertisée,20,Bonne,7.38079998,48.059669735,QmnJ
A1580201,A158020101,1964-09-05,30.0,2026-06-02T09:33:34Z,16,Donnée validée,10,Expertisée,20,Bonne,7.38079998,48.059669735,QmnJ
A1580201,A158020101,1964-09-06,30.0,2026-06-02T09:33:34Z,16,Donnée validée,10,Expertisée,20,Bonne,7.38079998,48.059669735,QmnJ
A1580201,A158020101,1964-09-07,30.0,2026-06-02T09:33:34Z,16,Donnée validée,10,Expertisée,20,Bonne,7.38079998,48.059669735,QmnJ
A1580201,A158020101,1964-09-08,30.0,2026-06-02T09:33:34Z,16,Donnée validée,10,Expertisée,20,Bonne,7.38079998,48.059669735,QmnJ
A1580201,A158020101,1964-09-09,30.0,2026-06-02T09:33:34Z,16,Donnée validée,10,Expertisée,20,Bonne,7.38079998,48.059669735,QmnJ
A1580201,A158020101,1964-09-10,30.0,2026-06-02T09:33:34Z,16,Donnée validée,10,Expertisée,20,Bonne,7.38079998,48.059669735,QmnJ
A1580201,A158020101,1964-09-11,30.0,2026-06-02T09:33:34Z,16,Donnée validée,10,Expertisée,20,Bonne,7.38079998,48.059669735,QmnJ
A1580201,A158020101,1964-09-12,30.0,2026-06-02T09:33:34Z,16,Donnée validée,10,Expertisée,20,Bonne,7.38079998,48.059669735,QmnJ
A1580201,A158020101,1964-09-13,30.0,2026-06-02T09:33:34Z,16,Donnée validée,10,Expertisée,20,Bonne,7.38079998,48.059669735,QmnJ
A1580201,A158020101,1964-09-14,30.0,2026-06-02T09:33:34Z,16,Donnée validée,10,Expertisée,20,Bonne,7.38079998,48.059669735,QmnJ
A1580201,A158020101,1964-09-15,30.0,2026-06-02T09:33:34Z,16,Donnée validée,10,Expertisée,20,Bonne,7.38079998,48.059669735,QmnJ
A1580201,A158020101,1964-09-16,30.0,2026-06-02T09:33:34Z,16,Donnée validée,10,Expertisée,20,Bonne,7.38079998,48.059669735,QmnJ
A1580201,A158020101,1964-09-17,30.0,2026-06-02T09:33:34Z,16,Donnée validée,10,Expertisée,20,Bonne,7.38079998,48.059669735,QmnJ
A1580201,A158020101,1964-09-18,50.0,2026-06-02T09:33:34Z,16,Donnée validée,10,Expertisée,20,Bonne,7.38079998,48.059669735,QmnJ
A1580201,A158020101,1964-09-19,50.0,2026-06-02T09:33:34Z,16,Donnée validée,10,Expertisée,20,Bonne,7.38079998,48.059669735,QmnJ
A1580201,A158020101,1964-09-20,50.0,2026-06-02T09:33:34Z,16,Donnée validée,10,Expertisée,20,Bonne,7.38079998,48.059669735,QmnJ
A1580201,A158020101,1964-09-21,50.0,2026-06-02T09:33:34Z,16,Donnée validée,10,Expertisée,20,Bonne,7.38079998,48.059669735,QmnJ
A1580201,A158020101,1964-09-22,80.0,2026-06-02T09:33:34Z,16,Donnée validée,10,Expertisée,20,Bonne,7.38079998,48.059669735,QmnJ
A1580201,A158020101,1964-09-23,80.0,2026-06-02T09:33:34Z,16,Donnée validée,10,Expertisée,20,Bonne,7.38079998,48.059669735,QmnJ
A1580201,A158020101,1964-09-24,80.0,2026-06-02T09:33:34Z,16,Donnée validée,10,Expertisée,20,Bonne,7.38079998,48.059669735,QmnJ
A1580201,A158020101,1964-09-25,80.0,2026-06-02T09:33:34Z,16,Donnée validée,10,Expertisée,20,Bonne,7.38079998,48.059669735,QmnJ
A1580201,A158020101,1964-09-26,80.0,2026-06-02T09:33:34Z,16,Donnée validée,10,Expertisée,20,Bonne,7.38079998,48.059669735,QmnJ
A1580201,A158020101,1964-09-27,80.0,2026-06-02T09:33:34Z,16,Donnée validée,10,Expertisée,20,Bonne,7.38079998,48.059669735,QmnJ
A1580201,A158020101,1964-09-28,80.0,2026-06-02T09:33:34Z,16,Donnée validée,10,Expertisée,20,Bonne,7.38079998,48.059669735,QmnJ
A1580201,A158020101,1964-09-29,80.0,2026-06-02T09:33:34Z,16,Donnée validée,10,Expertisée,20,Bonne,7.38079998,48.059669735,QmnJ
A1580201,A158020101,1964-09-30,80.0,2026-06-02T09:33:34Z,16,Donnée validée,10,Expertisée,20,Bonne,7.38079998,48.059669735,QmnJ
A1580201,A158020101,1964-10-01,80.0,2026-06-02T09:33:34Z,16,Donnée validée,10,Expertisée,20,Bonne,7.38079998,48.059669735,QmnJ
A1580201,A158020101,1964-10-02,80.0,2026-06-02T09:33:34Z,16,Donnée validée,10,Expertisée,20,Bonne,7.38079998,48.059669735,QmnJ
A1580201,A158020101,1964-10-03,80.0,2026-06-02T09:33:34Z,16,Donnée validée,10,Expertisée,20,Bonne,7.38079998,48.059669735,QmnJ
A1580201,A158020101,1964-10-04,80.0,2026-06-02T09:33:34Z,16,Donnée validée,10,Expertisée,20,Bonne,7.38079998,48.059669735,QmnJ
A1580201,A158020101,1964-10-05,80.0,2026-06-02T09:33:34Z,16,Donnée validée,10,Expertisée,20,Bonne,7.38079998,48.059669735,QmnJ
A1580201,A158020101,1964-10-06,80.0,2026-06-02T09:33:34Z,16,Donnée validée,10,Expertisée,20,Bonne,7.38079998,48.059669735,QmnJ
A1580201,A158020101,1964-10-07,120.0,2026-06-02T09:33:34Z,16,Donnée validée,10,Expertisée,20,Bonne,7.38079998,48.059669735,QmnJ
A1580201,A158020101,1964-10-08,380.0,2026-06-02T09:33:34Z,16,Donnée validée,10,Expertisée,20,Bonne,7.38079998,48.059669735,QmnJ
A1580201,A158020101,1964-10-09,380.0,2026-06-02T09:33:34Z,16,Donnée validée,10,Expertisée,20,Bonne,7.38079998,48.059669735,QmnJ
A1580201,A158020101,1964-10-10,660.0,2026-06-02T09:33:34Z,16,Donnée validée,10,Expertisée,20,Bonne,7.38079998,48.059669735,QmnJ
A1580201,A158020101,1964-10-11,660.0,2026-06-02T09:33:34Z,16,Donnée validée,10,Expertisée,20,Bonne,7.38079998,48.059669735,QmnJ
A1580201,A158020101,1964-10-12,520.0,2026-06-02T09:33:34Z,16,Donnée validée,10,Expertisée,20,Bonne,7.38079998,48.059669735,QmnJ
A1580201,A158020101,1964-10-13,380.0,2026-06-02T09:33:34Z,16,Donnée validée,10,Expertisée,20,Bonne,7.38079998,48.059669735,QmnJ
A1580201,A158020101,1964-10-14,240.0,2026-06-02T09:33:34Z,16,Donnée validée,10,Expertisée,20,Bonne,7.38079998,48.059669735,QmnJ
A1580201,A158020101,1964-10-15,240.0,2026-06-02T09:33:34Z,16,Donnée validée,10,Expertisée,20,Bonne,7.38079998,48.059669735,QmnJ
A1580201,A158020101,1964-10-16,380.0,2026-06-02T09:33:34Z,16,Donnée validée,10,Expertisée,20,Bonne,7.38079998,48.059669735,QmnJ
A1580201,A158020101,1964-10-17,380.0,2026-06-02T09:33:34Z,16,Donnée validée,10,Expertisée,20,Bonne,7.38079998,48.059669735,QmnJ
A1580201,A158020101,1964-10-18,1860.0,2026-06-02T09:33:34Z,16,Donnée validée,10,Expertisée,20,Bonne,7.38079998,48.059669735,QmnJ
A1580201,A158020101,1964-10-19,1710.0,2026-06-02T09:33:34Z,16,Donnée validée,10,Expertisée,20,Bonne,7.38079998,48.059669735,QmnJ
A1580201,A158020101,1964-10-20,1560.0,2026-06-02T09:33:34Z,16,Donnée validée,10,Expertisée,20,Bonne,7.38079998,48.059669735,QmnJ
A1580201,A158020101,1964-10-21,1560.0,2026-06-02T09:33:34Z,16,Donnée validée,10,Expertisée,20,Bonne,7.38079998,48.059669735,QmnJ
A1580201,A158020101,1964-10-22,1710.0,2026-06-02T09:33:34Z,16,Donnée validée,10,Expertisée,20,Bonne,7.38079998,48.059669735,QmnJ
A1580201,A158020101,1964-10-23,1710.0,2026-06-02T09:33:34Z,16,Donnée validée,10,Expertisée,20,Bonne,7.38079998,48.059669735,QmnJ
A1580201,A158020101,1964-10-24,1710.0,2026-06-02T09:33:34Z,16,Donnée validée,10,Expertisée,20,Bonne,7.38079998,48.059669735,QmnJ
A1580201,A158020101,1964-10-25,1710.0,2026-06-02T09:33:34Z,16,Donnée validée,10,Expertisée,20,Bonne,7.38079998,48.059669735,QmnJ
A1580201,A158020101,1964-10-26,1560.0,2026-06-02T09:33:34Z,16,Donnée validée,10,Expertisée,20,Bonne,7.38079998,48.059669735,QmnJ
A1580201,A158020101,1964-10-27,1410.0,2026-06-02T09:33:34Z,16,Donnée validée,10,Expertisée,20,Bonne,7.38079998,48.059669735,QmnJ
A1580201,A158020101,1964-10-28,1410.0,2026-06-02T09:33:34Z,16,Donnée validée,10,Expertisée,20,Bonne,7.38079998,48.059669735,QmnJ
A1580201,A158020101,1964-10-29,960.0,2026-06-02T09:33:34Z,16,Donnée validée,10,Expertisée,20,Bonne,7.38079998,48.059669735,QmnJ
A1580201,A158020101,1964-10-30,960.0,2026-06-02T09:33:34Z,16,Donnée validée,10,Expertisée,20,Bonne,7.38079998,48.059669735,QmnJ
A1580201,A158020101,1964-10-31,1260.0,2026-06-02T09:33:34Z,16,Donnée validée,10,Expertisée,20,Bonne,7.38079998,48.059669735,QmnJ
A1580201,A158020101,1964-11-01,1410.0,2026-06-02T09:33:34Z,16,Donnée validée,10,Expertisée,20,Bonne,7.38079998,48.059669735,QmnJ
A1580201,A158020101,1964-11-02,1410.0,2026-06-02T09:33:34Z,16,Donnée validée,10,Expertisée,20,Bonne,7.38079998,48.059669735,QmnJ
A1580201,A158020101,1964-11-03,1410.0,2026-06-02T09:33:34Z,16,Donnée validée,10,Expertisée,20,Bonne,7.38079998,48.059669735,QmnJ
A1580201,A158020101,1964-11-04,1410.0,2026-06-02T09:33:34Z,16,Donnée validée,10,Expertisée,20,Bonne,7.38079998,48.059669735,QmnJ
A1580201,A158020101,1964-11-05,1410.0,2026-06-02T09:33:34Z,16,Donnée validée,10,Expertisée,20,Bonne,7.38079998,48.059669735,QmnJ
A1580201,A158020101,1964-11-06,1410.0,2026-06-02T09:33:34Z,16,Donnée validée,10,Expertisée,20,Bonne,7.38079998,48.059669735,QmnJ
A1580201,A158020101,1964-11-07,1410.0,2026-06-02T09:33:34Z,16,Donnée validée,10,Expertisée,20,Bonne,7.38079998,48.059669735,QmnJ
A1580201,A158020101,1964-11-08,1410.0,2026-06-02T09:33:34Z,16,Donnée validée,10,Expertisée,20,Bonne,7.38079998,48.059669735,QmnJ
A1580201,A158020101,1964-11-09,1410.0,2026-06-02T09:33:34Z,16,Donnée validée,10,Expertisée,20,Bonne,7.38079998,48.059669735,QmnJ
A1580201,A158020101,1964-11-10,1410.0,2026-06-02T09:33:34Z,16,Donnée validée,10,Expertisée,20,Bonne,7.38079998,48.059669735,QmnJ
A1580201,A158020101,1964-11-11,1410.0,2026-06-02T09:33:34Z,16,Donnée validée,10,Expertisée,20,Bonne,7.38079998,48.059669735,QmnJ
A1580201,A158020101,1964-11-12,1410.0,2026-06-02T09:33:34Z,16,Donnée validée,10,Expertisée,20,Bonne,7.38079998,48.059669735,QmnJ
A1580201,A158020101,1964-11-13,1260.0,2026-06-02T09:33:34Z,16,Donnée validée,10,Expertisée,20,Bonne,7.38079998,48.059669735,QmnJ
A1580201,A158020101,1964-11-14,1110.0,2026-06-02T09:33:34Z,16,Donnée validée,10,Expertisée,20,Bonne,7.38079998,48.059669735,QmnJ
A1580201,A158020101,1964-11-15,1560.0,2026-06-02T09:33:34Z,16,Donnée validée,10,Expertisée,20,Bonne,7.38079998,48.059669735,QmnJ
A1580201,A158020101,1964-11-16,1860.0,2026-06-02T09:33:34Z,16,Donnée validée,10,Expertisée,20,Bonne,7.38079998,48.059669735,QmnJ
A1580201,A158020101,1964-11-17,2490.0,2026-06-02T09:33:34Z,16,Donnée validée,10,Expertisée,20,Bonne,7.38079998,48.059669735,QmnJ
A1580201,A158020101,1964-11-18,7300.0,2026-06-02T09:33:34Z,16,Donnée validée,10,Expertisée,20,Bonne,7.38079998,48.059669735,QmnJ
A1580201,A158020101,1964-11-19,5650.0,2026-06-02T09:33:34Z,16,Donnée validée,10,Expertisée,20,Bonne,7.38079998,48.059669735,QmnJ
A1580201,A158020101,1964-11-20,3510.0,2026-06-02T09:33:34Z,16,Donnée validée,10,Expertisée,20,Bonne,7.38079998,48.059669735,QmnJ
A1580201,A158020101,1964-11-21,3850.0,2026-06-02T09:33:34Z,16,Donnée validée,10,Expertisée,20,Bonne,7.38079998,48.059669735,QmnJ
A1580201,A158020101,1964-11-22,4190.0,2026-06-02T09:33:34Z,16,Donnée validée,10,Expertisée,20,Bonne,7.38079998,48.059669735,QmnJ
A1580201,A158020101,1964-11-23,3850.0,2026-06-02T09:33:34Z,16,Donnée validée,10,Expertisée,20,Bonne,7.38079998,48.059669735,QmnJ
A1580201,A158020101,1964-11-24,2830.0,2026-06-02T09:33:34Z,16,Donnée validée,10,Expertisée,20,Bonne,7.38079998,48.059669735,QmnJ
A1580201,A158020101,1964-11-25,2490.0,2026-06-02T09:33:34Z,16,Donnée validée,10,Expertisée,20,Bonne,7.38079998,48.059669735,QmnJ
A1580201,A158020101,1964-11-26,2660.0,2026-06-02T09:33:34Z,16,Donnée validée,10,Expertisée,20,Bonne,7.38079998,48.059669735,QmnJ
A1580201,A158020101,1964-11-27,1710.0,2026-06-02T09:33:34Z,16,Donnée validée,10,Expertisée,20,Bonne,7.38079998,48.059669735,QmnJ
A1580201,A158020101,1964-11-28,2490.0,2026-06-02T09:33:34Z,16,Donnée validée,10,Expertisée,20,Bonne,7.38079998,48.059669735,QmnJ
A1580201,A158020101,1964-11-29,1110.0,2026-06-02T09:33:34Z,16,Donnée validée,10,Expertisée,20,Bonne,7.38079998,48.059669735,QmnJ
A1580201,A158020101,1964-11-30,1410.0,2026-06-02T09:33:34Z,16,Donnée validée,10,Expertisée,20,Bonne,7.38079998,48.059669735,QmnJ
A1580201,A158020101,1964-12-01,2010.0,2026-06-02T09:33:34Z,16,Donnée validée,10,Expertisée,20,Bonne,7.38079998,48.059669735,QmnJ
A1580201,A158020101,1964-12-02,2490.0,2026-06-02T09:33:34Z,16,Donnée validée,10,Expertisée,20,Bonne,7.38079998,48.059669735,QmnJ
A1580201,A158020101,1964-12-03,2490.0,2026-06-02T09:33:34Z,16,Donnée validée,10,Expertisée,20,Bonne,7.38079998,48.059669735,QmnJ
A1580201,A158020101,1964-12-04,2490.0,2026-06-02T09:33:34Z,16,Donnée validée,10,Expertisée,20,Bonne,7.38079998,48.059669735,QmnJ
A1580201,A158020101,1964-12-05,2010.0,2026-06-02T09:33:34Z,16,Donnée validée,10,Expertisée,20,Bonne,7.38079998,48.059669735,QmnJ
A1580201,A158020101,1964-12-06,1710.0,2026-06-02T09:33:34Z,16,Donnée validée,10,Expertisée,20,Bonne,7.38079998,48.059669735,QmnJ
A1580201,A158020101,1964-12-07,1410.0,2026-06-02T09:33:34Z,16,Donnée validée,10,Expertisée,20,Bonne,7.38079998,48.059669735,QmnJ
A1580201,A158020101,1964-12-08,2490.0,2026-06-02T09:33:34Z,16,Donnée validée,10,Expertisée,20,Bonne,7.38079998,48.059669735,QmnJ
A1580201,A158020101,1964-12-09,2490.0,2026-06-02T09:33:34Z,16,Donnée validée,10,Expertisée,20,Bonne,7.38079998,48.059669735,QmnJ
A1580201,A158020101,1964-12-10,2660.0,2026-06-02T09:33:34Z,16,Donnée validée,10,Expertisée,20,Bonne,7.38079998,48.059669735,QmnJ
A1580201,A158020101,1964-12-11,2660.0,2026-06-02T09:33:34Z,16,Donnée validée,10,Expertisée,20,Bonne,7.38079998,48.059669735,QmnJ
A1580201,A158020101,1964-12-12,2490.0,2026-06-02T09:33:34Z,16,Donnée validée,10,Expertisée,20,Bonne,7.38079998,48.059669735,QmnJ
A1580201,A158020101,1964-12-13,2490.0,2026-06-02T09:33:34Z,16,Donnée validée,10,Expertisée,20,Bonne,7.38079998,48.059669735,QmnJ
A1580201,A158020101,1964-12-14,2490.0,2026-06-02T09:33:34Z,16,Donnée validée,10,Expertisée,20,Bonne,7.38079998,48.059669735,QmnJ
A1580201,A158020101,1964-12-15,2490.0,2026-06-02T09:33:34Z,16,Donnée validée,10,Expertisée,20,Bonne,7.38079998,48.059669735,QmnJ
A1580201,A158020101,1964-12-16,2320.0,2026-06-02T09:33:34Z,16,Donnée validée,10,Expertisée,20,Bonne,7.38079998,48.059669735,QmnJ
A1580201,A158020101,1964-12-17,2320.0,2026-06-02T09:33:34Z,16,Donnée validée,10,Expertisée,20,Bonne,7.38079998,48.059669735,QmnJ
A1580201,A158020101,1964-12-18,2160.0,2026-06-02T09:33:34Z,16,Donnée validée,10,Expertisée,20,Bonne,7.38079998,48.059669735,QmnJ
A1580201,A158020101,1964-12-19,2160.0,2026-06-02T09:33:34Z,16,Donnée validée,10,Expertisée,20,Bonne,7.38079998,48.059669735,QmnJ
A1580201,A158020101,1964-12-20,2160.0,2026-06-02T09:33:34Z,16,Donnée validée,10,Expertisée,20,Bonne,7.38079998,48.059669735,QmnJ
A1580201,A158020101,1964-12-21,2160.0,2026-06-02T09:33:34Z,16,Donnée validée,10,Expertisée,20,Bonne,7.38079998,48.059669735,QmnJ
A1580201,A158020101,1964-12-22,1410.0,2026-06-02T09:33:34Z,16,Donnée validée,10,Expertisée,20,Bonne,7.38079998,48.059669735,QmnJ
A1580201,A158020101,1964-12-23,1410.0,2026-06-02T09:33:34Z,16,Donnée validée,10,Expertisée,20,Bonne,7.38079998,48.059669735,QmnJ
A1580201,A158020101,1964-12-24,2010.0,2026-06-02T09:33:34Z,16,Donnée validée,10,Expertisée,20,Bonne,7.38079998,48.059669735,QmnJ
A1580201,A158020101,1964-12-25,2010.0,2026-06-02T09:33:34Z,16,Donnée validée,10,Expertisée,20,Bonne,7.38079998,48.059669735,QmnJ
A1580201,A158020101,1964-12-26,1860.0,2026-06-02T09:33:34Z,16,Donnée validée,10,Expertisée,20,Bonne,7.38079998,48.059669735,QmnJ
A1580201,A158020101,1964-12-27,1860.0,2026-06-02T09:33:34Z,16,Donnée validée,10,Expertisée,20,Bonne,7.38079998,48.059669735,QmnJ
A1580201,A158020101,1964-12-28,1710.0,2026-06-02T09:33:34Z,16,Donnée validée,10,Expertisée,20,Bonne,7.38079998,48.059669735,QmnJ
A1580201,A158020101,1964-12-29,1710.0,2026-06-02T09:33:34Z,16,Donnée validée,10,Expertisée,20,Bonne,7.38079998,48.059669735,QmnJ
A1580201,A158020101,1964-12-30,1410.0,2026-06-02T09:33:34Z,16,Donnée validée,10,Expertisée,20,Bonne,7.38079998,48.059669735,QmnJ
A1580201,A158020101,1964-12-31,1410.0,2026-06-02T09:33:34Z,16,Donnée validée,10,Expertisée,20,Bonne,7.38079998,48.059669735,QmnJ
A1580201,A158020101,1965-01-01,1560.0,2026-06-02T09:33:34Z,16,Donnée validée,10,Expertisée,20,Bonne,7.38079998,48.059669735,QmnJ
A1580201,A158020101,1965-01-02,1560.0,2026-06-02T09:33:34Z,16,Donnée validée,10,Expertisée,20,Bonne,7.38079998,48.059669735,QmnJ
A1580201,A158020101,1965-01-03,1710.0,2026-06-02T09:33:34Z,16,Donnée validée,10,Expertisée,20,Bonne,7.38079998,48.059669735,QmnJ
A1580201,A158020101,1965-01-04,2010.0,2026-06-02T09:33:34Z,16,Donnée validée,10,Expertisée,20,Bonne,7.38079998,48.059669735,QmnJ
A1580201,A158020101,1965-01-05,2160.0,2026-06-02T09:33:34Z,16,Donnée validée,10,Expertisée,20,Bonne,7.38079998,48.059669735,QmnJ
A1580201,A158020101,1965-01-06,2160.0,2026-06-02T09:33:34Z,16,Donnée validée,10,Expertisée,20,Bonne,7.38079998,48.059669735,QmnJ
A1580201,A158020101,1965-01-07,2160.0,2026-06-02T09:33:34Z,16,Donnée validée,10,Expertisée,20,Bonne,7.38079998,48.059669735,QmnJ
A1580201,A158020101,1965-01-08,2160.0,2026-06-02T09:33:34Z,16,Donnée validée,10,Expertisée,20,Bonne,7.38079998,48.059669735,QmnJ
A1580201,A158020101,1965-01-09,2160.0,2026-06-02T09:33:34Z,16,Donnée validée,10,Expertisée,20,Bonne,7.38079998,48.059669735,QmnJ
A1580201,A158020101,1965-01-10,2160.0,2026-06-02T09:33:34Z,16,Donnée validée,10,Expertisée,20,Bonne,7.38079998,48.059669735,QmnJ
A1580201,A158020101,1965-01-11,2320.0,2026-06-02T09:33:34Z,16,Donnée validée,10,Expertisée,20,Bonne,7.38079998,48.059669735,QmnJ
A1580201,A158020101,1965-01-12,2490.0,2026-06-02T09:33:34Z,16,Donnée validée,10,Expertisée,20,Bonne,7.38079998,48.059669735,QmnJ
A1580201,A158020101,1965-01-13,2490.0,2026-06-02T09:33:34Z,16,Donnée validée,10,Expertisée,20,Bonne,7.38079998,48.059669735,QmnJ
A1580201,A158020101,1965-01-14,2490.0,2026-06-02T09:33:34Z,16,Donnée validée,10,Expertisée,20,Bonne,7.38079998,48.059669735,QmnJ
A1580201,A158020101,1965-01-15,2660.0,2026-06-02T09:33:34Z,16,Donnée validée,10,Expertisée,20,Bonne,7.38079998,48.059669735,QmnJ
A1580201,A158020101,1965-01-16,3000.0,2026-06-02T09:33:34Z,16,Donnée validée,10,Expertisée,20,Bonne,7.38079998,48.059669735,QmnJ
A1580201,A158020101,1965-01-17,3850.0,2026-06-02T09:33:34Z,16,Donnée validée,10,Expertisée,20,Bonne,7.38079998,48.059669735,QmnJ
A1580201,A158020101,1965-01-18,6450.0,2026-06-02T09:33:34Z,16,Donnée validée,10,Expertisée,20,Bonne,7.38079998,48.059669735,QmnJ
A1580201,A158020101,1965-01-19,6650.0,2026-06-02T09:33:34Z,16,Donnée validée,10,Expertisée,20,Bonne,7.38079998,48.059669735,QmnJ
A1580201,A158020101,1965-01-20,6250.0,2026-06-02T09:33:34Z,16,Donnée validée,10,Expertisée,20,Bonne,7.38079998,48.059669735,QmnJ
A1580201,A158020101,1965-01-21,5450.0,2026-06-02T09:33:34Z,16,Donnée validée,10,Expertisée,20,Bonne,7.38079998,48.059669735,QmnJ
A1580201,A158020101,1965-01-22,4530.0,2026-06-02T09:33:34Z,16,Donnée validée,10,Expertisée,20,Bonne,7.38079998,48.059669735,QmnJ
A1580201,A158020101,1965-01-23,4360.0,2026-06-02T09:33:34Z,16,Donnée validée,10,Expertisée,20,Bonne,7.38079998,48.059669735,QmnJ
A1580201,A158020101,1965-01-24,4360.0,2026-06-02T09:33:34Z,16,Donnée validée,10,Expertisée,20,Bonne,7.38079998,48.059669735,QmnJ
A1580201,A158020101,1965-01-25,4020.0,2026-06-02T09:33:34Z,16,Donnée validée,10,Expertisée,20,Bonne,7.38079998,48.059669735,QmnJ
A1580201,A158020101,1965-01-26,3000.0,2026-06-02T09:33:34Z,16,Donnée validée,10,Expertisée,20,Bonne,7.38079998,48.059669735,QmnJ
A1580201,A158020101,1965-01-27,3680.0,2026-06-02T09:33:34Z,16,Donnée validée,10,Expertisée,20,Bonne,7.38079998,48.059669735,QmnJ
A1580201,A158020101,1965-01-28,3680.0,2026-06-02T09:33:34Z,16,Donnée validée,10,Expertisée,20,Bonne,7.38079998,48.059669735,QmnJ
A1580201,A158020101,1965-01-29,3850.0,2026-06-02T09:33:34Z,16,Donnée validée,10,Expertisée,20,Bonne,7.38079998,48.059669735,QmnJ
A1580201,A158020101,1965-01-30,5100.0,2026-06-02T09:33:34Z,16,Donnée validée,10,Expertisée,20,Bonne,7.38079998,48.059669735,QmnJ
A1580201,A158020101,1965-01-31,7900.0,2026-06-02T09:33:34Z,16,Donnée validée,10,Expertisée,20,Bonne,7.38079998,48.059669735,QmnJ
A1580201,A158020101,1965-02-01,10500.0,2026-06-02T09:33:34Z,16,Donnée validée,10,Expertisée,20,Bonne,7.38079998,48.059669735,QmnJ
A1580201,A158020101,1965-02-02,9050.0,2026-06-02T09:33:34Z,16,Donnée validée,10,Expertisée,20,Bonne,7.38079998,48.059669735,QmnJ
A1580201,A158020101,1965-02-03,7700.0,2026-06-02T09:33:34Z,16,Donnée validée,10,Expertisée,20,Bonne,7.38079998,48.059669735,QmnJ
A1580201,A158020101,1965-02-04,6650.0,2026-06-02T09:33:34Z,16,Donnée validée,10,Expertisée,20,Bonne,7.38079998,48.059669735,QmnJ
A1580201,A158020101,1965-02-05,5850.0,2026-06-02T09:33:34Z,16,Donnée validée,10,Expertisée,20,Bonne,7.38079998,48.059669735,QmnJ
A1580201,A158020101,1965-02-06,4700.0,2026-06-02T09:33:34Z,16,Donnée validée,10,Expertisée,20,Bonne,7.38079998,48.059669735,QmnJ
A1580201,A158020101,1965-02-07,4700.0,2026-06-02T09:33:34Z,16,Donnée validée,10,Expertisée,20,Bonne,7.38079998,48.059669735,QmnJ
A1580201,A158020101,1965-02-08,4530.0,2026-06-02T09:33:34Z,16,Donnée validée,10,Expertisée,20,Bonne,7.38079998,48.059669735,QmnJ
A1580201,A158020101,1965-02-09,4020.0,2026-06-02T09:33:34Z,16,Donnée validée,10,Expertisée,20,Bonne,7.38079998,48.059669735,QmnJ
A1580201,A158020101,1965-02-10,3680.0,2026-06-02T09:33:34Z,16,Donnée validée,10,Expertisée,20,Bonne,7.38079998,48.059669735,QmnJ
A1580201,A158020101,1965-02-11,3510.0,2026-06-02T09:33:34Z,16,Donnée validée,10,Expertisée,20,Bonne,7.38079998,48.059669735,QmnJ
A1580201,A158020101,1965-02-12,3170.0,2026-06-02T09:33:34Z,16,Donnée validée,10,Expertisée,20,Bonne,7.38079998,48.059669735,QmnJ
A1580201,A158020101,1965-02-13,3170.0,2026-06-02T09:33:34Z,16,Donnée validée,10,Expertisée,20,Bonne,7.38079998,48.059669735,QmnJ
A1580201,A158020101,1965-02-14,3680.0,2026-06-02T09:33:34Z,16,Donnée validée,10,Expertisée,20,Bonne,7.38079998,48.059669735,QmnJ
A1580201,A158020101,1965-02-15,3170.0,2026-06-02T09:33:34Z,16,Donnée validée,10,Expertisée,20,Bonne,7.38079998,48.059669735,QmnJ
A1580201,A158020101,1965-02-16,3170.0,2026-06-02T09:33:34Z,16,Donnée validée,10,Expertisée,20,Bonne,7.38079998,48.059669735,QmnJ
A1580201,A158020101,1965-02-17,3000.0,2026-06-02T09:33:34Z,16,Donnée validée,10,Expertisée,20,Bonne,7.38079998,48.059669735,QmnJ
A1580201,A158020101,1965-02-18,2830.0,2026-06-02T09:33:34Z,16,Donnée validée,10,Expertisée,20,Bonne,7.38079998,48.059669735,QmnJ
A1580201,A158020101,1965-02-19,2660.0,2026-06-02T09:33:34Z,16,Donnée validée,10,Expertisée,20,Bonne,7.38079998,48.059669735,QmnJ
A1580201,A158020101,1965-02-20,2490.0,2026-06-02T09:33:34Z,16,Donnée validée,10,Expertisée,20,Bonne,7.38079998,48.059669735,QmnJ
A1580201,A158020101,1965-02-21,2490.0,2026-06-02T09:33:34Z,16,Donnée validée,10,Expertisée,20,Bonne,7.38079998,48.059669735,QmnJ
A1580201,A158020101,1965-02-22,2320.0,2026-06-02T09:33:34Z,16,Donnée validée,10,Expertisée,20,Bonne,7.38079998,48.059669735,QmnJ
A1580201,A158020101,1965-02-23,2320.0,2026-06-02T09:33:34Z,16,Donnée validée,10,Expertisée,20,Bonne,7.38079998,48.059669735,QmnJ
A1580201,A158020101,1965-02-24,2160.0,2026-06-02T09:33:34Z,16,Donnée validée,10,Expertisée,20,Bonne,7.38079998,48.059669735,QmnJ
A1580201,A158020101,1965-02-25,2320.0,2026-06-02T09:33:34Z,16,Donnée validée,10,Expertisée,20,Bonne,7.38079998,48.059669735,QmnJ
A1580201,A158020101,1965-02-26,2160.0,2026-06-02T09:33:34Z,16,Donnée validée,10,Expertisée,20,Bonne,7.38079998,48.059669735,QmnJ
A1580201,A158020101,1965-02-27,2160.0,2026-06-02T09:33:34Z,16,Donnée validée,10,Expertisée,20,Bonne,7.38079998,48.059669735,QmnJ
A1580201,A158020101,1965-02-28,2160.0,2026-06-02T09:33:34Z,16,Donnée validée,10,Expertisée,20,Bonne,7.38079998,48.059669735,QmnJ
A1580201,A158020101,1965-03-01,2160.0,2026-06-02T09:33:34Z,16,Donnée validée,10,Expertisée,20,Bonne,7.38079998,48.059669735,QmnJ
A1580201,A158020101,1965-03-02,2160.0,2026-06-02T09:33:34Z,16,Donnée validée,10,Expertisée,20,Bonne,7.38079998,48.059669735,QmnJ
A1580201,A158020101,1965-03-03,2320.0,2026-06-02T09:33:34Z,16,Donnée validée,10,Expertisée,20,Bonne,7.38079998,48.059669735,QmnJ
A1580201,A158020101,1965-03-04,2160.0,2026-06-02T09:33:34Z,16,Donnée validée,10,Expertisée,20,Bonne,7.38079998,48.059669735,QmnJ
A1580201,A158020101,1965-03-05,1860.0,2026-06-02T09:33:34Z,16,Donnée validée,10,Expertisée,20,Bonne,7.38079998,48.059669735,QmnJ
A1580201,A158020101,1965-03-06,2010.0,2026-06-02T09:33:34Z,16,Donnée validée,10,Expertisée,20,Bonne,7.38079998,48.059669735,QmnJ
A1580201,A158020101,1965-03-07,2010.0,2026-06-02T09:33:34Z,16,Donnée validée,10,Expertisée,20,Bonne,7.38079998,48.059669735,QmnJ
A1580201,A158020101,1965-03-08,2010.0,2026-06-02T09:33:34Z,16,Donnée validée,10,Expertisée,20,Bonne,7.38079998,48.059669735,QmnJ
A1580201,A158020101,1965-03-09,2010.0,2026-06-02T09:33:34Z,16,Donnée validée,10,Expertisée,20,Bonne,7.38079998,48.059669735,QmnJ
A1580201,A158020101,1965-03-10,2160.0,2026-06-02T09:33:34Z,16,Donnée validée,10,Expertisée,20,Bonne,7.38079998,48.059669735,QmnJ
A1580201,A158020101,1965-03-11,2160.0,2026-06-02T09:33:34Z,16,Donnée validée,10,Expertisée,20,Bonne,7.38079998,48.059669735,QmnJ
A1580201,A158020101,1965-03-12,2160.0,2026-06-02T09:33:34Z,16,Donnée validée,10,Expertisée,20,Bonne,7.38079998,48.059669735,QmnJ
A1580201,A158020101,1965-03-13,2660.0,2026-06-02T09:33:34Z,16,Donnée validée,10,Expertisée,20,Bonne,7.38079998,48.059669735,QmnJ
A1580201,A158020101,1965-03-14,3510.0,2026-06-02T09:33:34Z,16,Donnée validée,10,Expertisée,20,Bonne,7.38079998,48.059669735,QmnJ
A1580201,A158020101,1965-03-15,4530.0,2026-06-02T09:33:34Z,16,Donnée validée,10,Expertisée,20,Bonne,7.38079998,48.059669735,QmnJ
A1580201,A158020101,1965-03-16,5850.0,2026-06-02T09:33:34Z,16,Donnée validée,10,Expertisée,20,Bonne,7.38079998,48.059669735,QmnJ
A1580201,A158020101,1965-03-17,7050.0,2026-06-02T09:33:34Z,16,Donnée validée,10,Expertisée,20,Bonne,7.38079998,48.059669735,QmnJ
A1580201,A158020101,1965-03-18,8350.0,2026-06-02T09:33:34Z,16,Donnée validée,10,Expertisée,20,Bonne,7.38079998,48.059669735,QmnJ
A1580201,A158020101,1965-03-19,7700.0,2026-06-02T09:33:34Z,16,Donnée validée,10,Expertisée,20,Bonne,7.38079998,48.059669735,QmnJ
A1580201,A158020101,1965-03-20,7300.0,2026-06-02T09:33:34Z,16,Donnée validée,10,Expertisée,20,Bonne,7.38079998,48.059669735,QmnJ
A1580201,A158020101,1965-03-21,7700.0,2026-06-02T09:33:34Z,16,Donnée validée,10,Expertisée,20,Bonne,7.38079998,48.059669735,QmnJ
A1580201,A158020101,1965-03-22,11700.0,2026-06-02T09:33:34Z,16,Donnée validée,10,Expertisée,20,Bonne,7.38079998,48.059669735,QmnJ
A1580201,A158020101,1965-03-23,12500.0,2026-06-02T09:33:34Z,16,Donnée validée,10,Expertisée,20,Bonne,7.38079998,48.059669735,QmnJ
A1580201,A158020101,1965-03-24,14500.0,2026-06-02T09:33:34Z,16,Donnée validée,10,Expertisée,20,Bonne,7.38079998,48.059669735,QmnJ
A1580201,A158020101,1965-03-25,17000.0,2026-06-02T09:33:34Z,16,Donnée validée,10,Expertisée,20,Bonne,7.38079998,48.059669735,QmnJ
A1580201,A158020101,1965-03-26,19200.0,2026-06-02T09:33:34Z,16,Donnée validée,10,Expertisée,20,Bonne,7.38079998,48.059669735,QmnJ
A1580201,A158020101,1965-03-27,20500.0,2026-06-02T09:33:34Z,16,Donnée validée,10,Expertisée,20,Bonne,7.38079998,48.059669735,QmnJ
A1580201,A158020101,1965-03-28,15200.0,2026-06-02T09:33:34Z,16,Donnée validée,10,Expertisée,20,Bonne,7.38079998,48.059669735,QmnJ
A1580201,A158020101,1965-03-29,12000.0,2026-06-02T09:33:34Z,16,Donnée validée,10,Expertisée,20,Bonne,7.38079998,48.059669735,QmnJ
A1580201,A158020101,1965-03-30,10200.0,2026-06-02T09:33:34Z,16,Donnée validée,10,Expertisée,20,Bonne,7.38079998,48.059669735,QmnJ
A1580201,A158020101,1965-03-31,8800.0,2026-06-02T09:33:34Z,16,Donnée validée,10,Expertisée,20,Bonne,7.38079998,48.059669735,QmnJ
A1580201,A158020101,1965-04-01,8350.0,2026-06-02T09:33:34Z,16,Donnée validée,10,Expertisée,20,Bonne,7.38079998,48.059669735,QmnJ
A1580201,A158020101,1965-04-02,7700.0,2026-06-02T09:33:34Z,16,Donnée validée,10,Expertisée,20,Bonne,7.38079998,48.059669735,QmnJ
A1580201,A158020101,1965-04-03,6650.0,2026-06-02T09:33:34Z,16,Donnée validée,10,Expertisée,20,Bonne,7.38079998,48.059669735,QmnJ
A1580201,A158020101,1965-04-04,6450.0,2026-06-02T09:33:34Z,16,Donnée validée,10,Expertisée,20,Bonne,7.38079998,48.059669735,QmnJ
A1580201,A158020101,1965-04-05,6050.0,2026-06-02T09:33:34Z,16,Donnée validée,10,Expertisée,20,Bonne,7.38079998,48.059669735,QmnJ
A1580201,A158020101,1965-04-06,5650.0,2026-06-02T09:33:34Z,16,Donnée validée,10,Expertisée,20,Bonne,7.38079998,48.059669735,QmnJ
A1580201,A158020101,1965-04-07,5650.0,2026-06-02T09:33:34Z,16,Donnée validée,10,Expertisée,20,Bonne,7.38079998,48.059669735,QmnJ
A1580201,A158020101,1965-04-08,5250.0,2026-06-02T09:33:34Z,16,Donnée validée,10,Expertisée,20,Bonne,7.38079998,48.059669735,QmnJ
A1580201,A158020101,1965-04-09,4890.0,2026-06-02T09:33:34Z,16,Donnée validée,10,Expertisée,20,Bonne,7.38079998,48.059669735,QmnJ
A1580201,A158020101,1965-04-10,4190.0,2026-06-02T09:33:34Z,16,Donnée validée,10,Expertisée,20,Bonne,7.38079998,48.059669735,QmnJ
A1580201,A158020101,1965-04-11,4360.0,2026-06-02T09:33:34Z,16,Donnée validée,10,Expertisée,20,Bonne,7.38079998,48.059669735,QmnJ
A1580201,A158020101,1965-04-12,4190.0,2026-06-02T09:33:34Z,16,Donnée validée,10,Expertisée,20,Bonne,7.38079998,48.059669735,QmnJ
A1580201,A158020101,1965-04-13,4190.0,2026-06-02T09:33:34Z,16,Donnée validée,10,Expertisée,20,Bonne,7.38079998,48.059669735,QmnJ
A1580201,A158020101,1965-04-14,4530.0,2026-06-02T09:33:34Z,16,Donnée validée,10,Expertisée,20,Bonne,7.38079998,48.059669735,QmnJ
A1580201,A158020101,1965-04-15,4530.0,2026-06-02T09:33:34Z,16,Donnée validée,10,Expertisée,20,Bonne,7.38079998,48.059669735,QmnJ
A1580201,A158020101,1965-04-16,4360.0,2026-06-02T09:33:34Z,16,Donnée validée,10,Expertisée,20,Bonne,7.38079998,48.059669735,QmnJ
A1580201,A158020101,1965-04-17,4530.0,2026-06-02T09:33:34Z,16,Donnée validée,10,Expertisée,20,Bonne,7.38079998,48.059669735,QmnJ
A1580201,A158020101,1965-04-18,4700.0,2026-06-02T09:33:34Z,16,Donnée validée,10,Expertisée,20,Bonne,7.38079998,48.059669735,QmnJ
A1580201,A158020101,1965-04-19,5650.0,2026-06-02T09:33:34Z,16,Donnée validée,10,Expertisée,20,Bonne,7.38079998,48.059669735,QmnJ
A1580201,A158020101,1965-04-20,5650.0,2026-06-02T09:33:34Z,16,Donnée validée,10,Expertisée,20,Bonne,7.38079998,48.059669735,QmnJ
A1580201,A158020101,1965-04-21,5650.0,2026-06-02T09:33:34Z,16,Donnée validée,10,Expertisée,20,Bonne,7.38079998,48.059669735,QmnJ
A1580201,A158020101,1965-04-22,5250.0,2026-06-02T09:33:34Z,16,Donnée validée,10,Expertisée,20,Bonne,7.38079998,48.059669735,QmnJ
A1580201,A158020101,1965-04-23,5100.0,2026-06-02T09:33:34Z,16,Donnée validée,10,Expertisée,20,Bonne,7.38079998,48.059669735,QmnJ
A1580201,A158020101,1965-04-24,4700.0,2026-06-02T09:33:34Z,16,Donnée validée,10,Expertisée,20,Bonne,7.38079998,48.059669735,QmnJ
A1580201,A158020101,1965-04-25,4700.0,2026-06-02T09:33:34Z,16,Donnée validée,10,Expertisée,20,Bonne,7.38079998,48.059669735,QmnJ
A1580201,A158020101,1965-04-26,4700.0,2026-06-02T09:33:34Z,16,Donnée validée,10,Expertisée,20,Bonne,7.38079998,48.059669735,QmnJ
A1580201,A158020101,1965-04-27,4700.0,2026-06-02T09:33:34Z,16,Donnée validée,10,Expertisée,20,Bonne,7.38079998,48.059669735,QmnJ
A1580201,A158020101,1965-04-28,4890.0,2026-06-02T09:33:34Z,16,Donnée validée,10,Expertisée,20,Bonne,7.38079998,48.059669735,QmnJ
A1580201,A158020101,1965-04-29,4700.0,2026-06-02T09:33:34Z,16,Donnée validée,10,Expertisée,20,Bonne,7.38079998,48.059669735,QmnJ
A1580201,A158020101,1965-04-30,4360.0,2026-06-02T09:33:34Z,16,Donnée validée,10,Expertisée,20,Bonne,7.38079998,48.059669735,QmnJ
A1580201,A158020101,1965-05-01,4190.0,2026-06-02T09:33:34Z,16,Donnée validée,10,Expertisée,20,Bonne,7.38079998,48.059669735,QmnJ
A1580201,A158020101,1965-05-02,4190.0,2026-06-02T09:33:34Z,16,Donnée validée,10,Expertisée,20,Bonne,7.38079998,48.059669735,QmnJ
A1580201,A158020101,1965-05-03,4700.0,2026-06-02T09:33:34Z,16,Donnée validée,10,Expertisée,20,Bonne,7.38079998,48.059669735,QmnJ
A1580201,A158020101,1965-05-04,6650.0,2026-06-02T09:33:34Z,16,Donnée validée,10,Expertisée,20,Bonne,7.38079998,48.059669735,QmnJ
A1580201,A158020101,1965-05-05,7700.0,2026-06-02T09:33:34Z,16,Donnée validée,10,Expertisée,20,Bonne,7.38079998,48.059669735,QmnJ
A1580201,A158020101,1965-05-06,10000.0,2026-06-02T09:33:34Z,16,Donnée validée,10,Expertisée,20,Bonne,7.38079998,48.059669735,QmnJ
A1580201,A158020101,1965-05-07,10200.0,2026-06-02T09:33:34Z,16,Donnée validée,10,Expertisée,20,Bonne,7.38079998,48.059669735,QmnJ
A1580201,A158020101,1965-05-08,8600.0,2026-06-02T09:33:34Z,16,Donnée validée,10,Expertisée,20,Bonne,7.38079998,48.059669735,QmnJ
A1580201,A158020101,1965-05-09,7500.0,2026-06-02T09:33:34Z,16,Donnée validée,10,Expertisée,20,Bonne,7.38079998,48.059669735,QmnJ
A1580201,A158020101,1965-05-10,6250.0,2026-06-02T09:33:34Z,16,Donnée validée,10,Expertisée,20,Bonne,7.38079998,48.059669735,QmnJ
A1580201,A158020101,1965-05-11,5850.0,2026-06-02T09:33:34Z,16,Donnée validée,10,Expertisée,20,Bonne,7.38079998,48.059669735,QmnJ
A1580201,A158020101,1965-05-12,4890.0,2026-06-02T09:33:34Z,16,Donnée validée,10,Expertisée,20,Bonne,7.38079998,48.059669735,QmnJ
A1580201,A158020101,1965-05-13,4190.0,2026-06-02T09:33:34Z,16,Donnée validée,10,Expertisée,20,Bonne,7.38079998,48.059669735,QmnJ
A1580201,A158020101,1965-05-14,4020.0,2026-06-02T09:33:34Z,16,Donnée validée,10,Expertisée,20,Bonne,7.38079998,48.059669735,QmnJ
A1580201,A158020101,1965-05-15,3850.0,2026-06-02T09:33:34Z,16,Donnée validée,10,Expertisée,20,Bonne,7.38079998,48.059669735,QmnJ
A1580201,A158020101,1965-05-16,3510.0,2026-06-02T09:33:34Z,16,Donnée validée,10,Expertisée,20,Bonne,7.38079998,48.059669735,QmnJ
A1580201,A158020101,1965-05-17,2830.0,2026-06-02T09:33:34Z,16,Donnée validée,10,Expertisée,20,Bonne,7.38079998,48.059669735,QmnJ
A1580201,A158020101,1965-05-18,3510.0,2026-06-02T09:33:34Z,16,Donnée validée,10,Expertisée,20,Bonne,7.38079998,48.059669735,QmnJ
A1580201,A158020101,1965-05-19,4190.0,2026-06-02T09:33:34Z,16,Donnée validée,10,Expertisée,20,Bonne,7.38079998,48.059669735,QmnJ
A1580201,A158020101,1965-05-20,5450.0,2026-06-02T09:33:34Z,16,Donnée validée,10,Expertisée,20,Bonne,7.38079998,48.059669735,QmnJ
A1580201,A158020101,1965-05-21,4890.0,2026-06-02T09:33:34Z,16,Donnée validée,10,Expertisée,20,Bonne,7.38079998,48.059669735,QmnJ
A1580201,A158020101,1965-05-22,4190.0,2026-06-02T09:33:34Z,16,Donnée validée,10,Expertisée,20,Bonne,7.38079998,48.059669735,QmnJ
A1580201,A158020101,1965-05-23,3850.0,2026-06-02T09:33:34Z,16,Donnée validée,10,Expertisée,20,Bonne,7.38079998,48.059669735,QmnJ
A1580201,A158020101,1965-05-24,3680.0,2026-06-02T09:33:34Z,16,Donnée validée,10,Expertisée,20,Bonne,7.38079998,48.059669735,QmnJ
A1580201,A158020101,1965-05-25,3510.0,2026-06-02T09:33:34Z,16,Donnée validée,10,Expertisée,20,Bonne,7.38079998,48.059669735,QmnJ
A1580201,A158020101,1965-05-26,3170.0,2026-06-02T09:33:34Z,16,Donnée validée,10,Expertisée,20,Bonne,7.38079998,48.059669735,QmnJ
A1580201,A158020101,1965-05-27,2830.0,2026-06-02T09:33:34Z,16,Donnée validée,10,Expertisée,20,Bonne,7.38079998,48.059669735,QmnJ
A1580201,A158020101,1965-05-28,2830.0,2026-06-02T09:33:34Z,16,Donnée validée,10,Expertisée,20,Bonne,7.38079998,48.059669735,QmnJ
A1580201,A158020101,1965-05-29,3000.0,2026-06-02T09:33:34Z,16,Donnée validée,10,Expertisée,20,Bonne,7.38079998,48.059669735,QmnJ
A1580201,A158020101,1965-05-30,3850.0,2026-06-02T09:33:34Z,16,Donnée validée,10,Expertisée,20,Bonne,7.38079998,48.059669735,QmnJ
A1580201,A158020101,1965-05-31,4020.0,2026-06-02T09:33:34Z,16,Donnée validée,10,Expertisée,20,Bonne,7.38079998,48.059669735,QmnJ
A1580201,A158020101,1965-06-01,4890.0,2026-06-02T09:33:34Z,16,Donnée validée,10,Expertisée,20,Bonne,7.38079998,48.059669735,QmnJ
A1580201,A158020101,1965-06-02,4890.0,2026-06-02T09:33:34Z,16,Donnée validée,10,Expertisée,20,Bonne,7.38079998,48.059669735,QmnJ
A1580201,A158020101,1965-06-03,4530.0,2026-06-02T09:33:34Z,16,Donnée validée,10,Expertisée,20,Bonne,7.38079998,48.059669735,QmnJ
A1580201,A158020101,1965-06-04,5100.0,2026-06-02T09:33:34Z,16,Donnée validée,10,Expertisée,20,Bonne,7.38079998,48.059669735,QmnJ
A1580201,A158020101,1965-06-05,5450.0,2026-06-02T09:33:34Z,16,Donnée validée,10,Expertisée,20,Bonne,7.38079998,48.059669735,QmnJ
A1580201,A158020101,1965-06-06,6650.0,2026-06-02T09:33:34Z,16,Donnée validée,10,Expertisée,20,Bonne,7.38079998,48.059669735,QmnJ
A1580201,A158020101,1965-06-07,6250.0,2026-06-02T09:33:34Z,16,Donnée validée,10,Expertisée,20,Bonne,7.38079998,48.059669735,QmnJ
A1580201,A158020101,1965-06-08,5850.0,2026-06-02T09:33:34Z,16,Donnée validée,10,Expertisée,20,Bonne,7.38079998,48.059669735,QmnJ
A1580201,A158020101,1965-06-09,5250.0,2026-06-02T09:33:34Z,16,Donnée validée,10,Expertisée,20,Bonne,7.38079998,48.059669735,QmnJ
A1580201,A158020101,1965-06-10,4190.0,2026-06-02T09:33:34Z,16,Donnée validée,10,Expertisée,20,Bonne,7.38079998,48.059669735,QmnJ
A1580201,A158020101,1965-06-11,3680.0,2026-06-02T09:33:34Z,16,Donnée validée,10,Expertisée,20,Bonne,7.38079998,48.059669735,QmnJ
A1580201,A158020101,1965-06-12,3510.0,2026-06-02T09:33:34Z,16,Donnée validée,10,Expertisée,20,Bonne,7.38079998,48.059669735,QmnJ
A1580201,A158020101,1965-06-13,4190.0,2026-06-02T09:33:34Z,16,Donnée validée,10,Expertisée,20,Bonne,7.38079998,48.059669735,QmnJ
A1580201,A158020101,1965-06-14,4190.0,2026-06-02T09:33:34Z,16,Donnée validée,10,Expertisée,20,Bonne,7.38079998,48.059669735,QmnJ
A1580201,A158020101,1965-06-15,3850.0,2026-06-02T09:33:34Z,16,Donnée validée,10,Expertisée,20,Bonne,7.38079998,48.059669735,QmnJ
A1580201,A158020101,1965-06-16,3850.0,2026-06-02T09:33:34Z,16,Donnée validée,10,Expertisée,20,Bonne,7.38079998,48.059669735,QmnJ
A1580201,A158020101,1965-06-17,4890.0,2026-06-02T09:33:34Z,16,Donnée validée,10,Expertisée,20,Bonne,7.38079998,48.059669735,QmnJ
A1580201,A158020101,1965-06-18,4360.0,2026-06-02T09:33:34Z,16,Donnée validée,10,Expertisée,20,Bonne,7.38079998,48.059669735,QmnJ
A1580201,A158020101,1965-06-19,4360.0,2026-06-02T09:33:34Z,16,Donnée validée,10,Expertisée,20,Bonne,7.38079998,48.059669735,QmnJ
A1580201,A158020101,1965-06-20,4190.0,2026-06-02T09:33:34Z,16,Donnée validée,10,Expertisée,20,Bonne,7.38079998,48.059669735,QmnJ
A1580201,A158020101,1965-06-21,4020.0,2026-06-02T09:33:34Z,16,Donnée validée,10,Expertisée,20,Bonne,7.38079998,48.059669735,QmnJ
A1580201,A158020101,1965-06-22,3850.0,2026-06-02T09:33:34Z,16,Donnée validée,10,Expertisée,20,Bonne,7.38079998,48.059669735,QmnJ
A1580201,A158020101,1965-06-23,3340.0,2026-06-02T09:33:34Z,16,Donnée validée,10,Expertisée,20,Bonne,7.38079998,48.059669735,QmnJ
A1580201,A158020101,1965-06-24,3170.0,2026-06-02T09:33:34Z,16,Donnée validée,10,Expertisée,20,Bonne,7.38079998,48.059669735,QmnJ
A1580201,A158020101,1965-06-25,3340.0,2026-06-02T09:33:34Z,16,Donnée validée,10,Expertisée,20,Bonne,7.38079998,48.059669735,QmnJ
A1580201,A158020101,1965-06-26,3000.0,2026-06-02T09:33:34Z,16,Donnée validée,10,Expertisée,20,Bonne,7.38079998,48.059669735,QmnJ
A1580201,A158020101,1965-06-27,2830.0,2026-06-02T09:33:34Z,16,Donnée validée,10,Expertisée,20,Bonne,7.38079998,48.059669735,QmnJ
A1580201,A158020101,1965-06-28,2830.0,2026-06-02T09:33:34Z,16,Donnée validée,10,Expertisée,20,Bonne,7.38079998,48.059669735,QmnJ
A1580201,A158020101,1965-06-29,2660.0,2026-06-02T09:33:34Z,16,Donnée validée,10,Expertisée,20,Bonne,7.38079998,48.059669735,QmnJ
A1580201,A158020101,1965-06-30,2490.0,2026-06-02T09:33:34Z,16,Donnée validée,10,Expertisée,20,Bonne,7.38079998,48.059669735,QmnJ
A1580201,A158020101,1965-07-01,2660.0,2026-06-02T09:33:34Z,16,Donnée validée,10,Expertisée,20,Bonne,7.38079998,48.059669735,QmnJ
A1580201,A158020101,1965-07-02,2490.0,2026-06-02T09:33:34Z,16,Donnée validée,10,Expertisée,20,Bonne,7.38079998,48.059669735,QmnJ
A1580201,A158020101,1965-07-03,2660.0,2026-06-02T09:33:34Z,16,Donnée validée,10,Expertisée,20,Bonne,7.38079998,48.059669735,QmnJ
A1580201,A158020101,1965-07-04,2490.0,2026-06-02T09:33:34Z,16,Donnée validée,10,Expertisée,20,Bonne,7.38079998,48.059669735,QmnJ
A1580201,A158020101,1965-07-05,2320.0,2026-06-02T09:33:34Z,16,Donnée validée,10,Expertisée,20,Bonne,7.38079998,48.059669735,QmnJ
A1580201,A158020101,1965-07-06,2320.0,2026-06-02T09:33:34Z,16,Donnée validée,10,Expertisée,20,Bonne,7.38079998,48.059669735,QmnJ
A1580201,A158020101,1965-07-07,2010.0,2026-06-02T09:33:34Z,16,Donnée validée,10,Expertisée,20,Bonne,7.38079998,48.059669735,QmnJ
A1580201,A158020101,1965-07-08,2160.0,2026-06-02T09:33:34Z,16,Donnée validée,10,Expertisée,20,Bonne,7.38079998,48.059669735,QmnJ
A1580201,A158020101,1965-07-09,2320.0,2026-06-02T09:33:34Z,16,Donnée validée,10,Expertisée,20,Bonne,7.38079998,48.059669735,QmnJ
A1580201,A158020101,1965-07-10,2160.0,2026-06-02T09:33:34Z,16,Donnée validée,10,Expertisée,20,Bonne,7.38079998,48.059669735,QmnJ
A1580201,A158020101,1965-07-11,2160.0,2026-06-02T09:33:34Z,16,Donnée validée,10,Expertisée,20,Bonne,7.38079998,48.059669735,QmnJ
A1580201,A158020101,1965-07-12,2160.0,2026-06-02T09:33:34Z,16,Donnée validée,10,Expertisée,20,Bonne,7.38079998,48.059669735,QmnJ
A1580201,A158020101,1965-07-13,2010.0,2026-06-02T09:33:34Z,16,Donnée validée,10,Expertisée,20,Bonne,7.38079998,48.059669735,QmnJ
A1580201,A158020101,1965-07-14,1410.0,2026-06-02T09:33:34Z,16,Donnée validée,10,Expertisée,20,Bonne,7.38079998,48.059669735,QmnJ
A1580201,A158020101,1965-07-15,1110.0,2026-06-02T09:33:34Z,16,Donnée validée,10,Expertisée,20,Bonne,7.38079998,48.059669735,QmnJ
A1580201,A158020101,1965-07-16,1110.0,2026-06-02T09:33:34Z,16,Donnée validée,10,Expertisée,20,Bonne,7.38079998,48.059669735,QmnJ
A1580201,A158020101,1965-07-17,1110.0,2026-06-02T09:33:34Z,16,Donnée validée,10,Expertisée,20,Bonne,7.38079998,48.059669735,QmnJ
A1580201,A158020101,1965-07-18,960.0,2026-06-02T09:33:34Z,16,Donnée validée,10,Expertisée,20,Bonne,7.38079998,48.059669735,QmnJ
A1580201,A158020101,1965-07-19,810.0,2026-06-02T09:33:34Z,16,Donnée validée,10,Expertisée,20,Bonne,7.38079998,48.059669735,QmnJ
A1580201,A158020101,1965-07-20,810.0,2026-06-02T09:33:34Z,16,Donnée validée,10,Expertisée,20,Bonne,7.38079998,48.059669735,QmnJ
A1580201,A158020101,1965-07-21,810.0,2026-06-02T09:33:34Z,16,Donnée validée,10,Expertisée,20,Bonne,7.38079998,48.059669735,QmnJ
A1580201,A158020101,1965-07-22,660.0,2026-06-02T09:33:34Z,16,Donnée validée,10,Expertisée,20,Bonne,7.38079998,48.059669735,QmnJ
A1580201,A158020101,1965-07-23,660.0,2026-06-02T09:33:34Z,16,Donnée validée,10,Expertisée,20,Bonne,7.38079998,48.059669735,QmnJ
A1580201,A158020101,1965-07-24,810.0,2026-06-02T09:33:34Z,16,Donnée validée,10,Expertisée,20,Bonne,7.38079998,48.059669735,QmnJ
A1580201,A158020101,1965-07-25,810.0,2026-06-02T09:33:34Z,16,Donnée validée,10,Expertisée,20,Bonne,7.38079998,48.059669735,QmnJ
A1580201,A158020101,1965-07-26,810.0,2026-06-02T09:33:34Z,16,Donnée validée,10,Expertisée,20,Bonne,7.38079998,48.059669735,QmnJ
A1580201,A158020101,1965-07-27,810.0,2026-06-02T09:33:34Z,16,Donnée validée,10,Expertisée,20,Bonne,7.38079998,48.059669735,QmnJ
A1580201,A158020101,1965-07-28,660.0,2026-06-02T09:33:34Z,16,Donnée validée,10,Expertisée,20,Bonne,7.38079998,48.059669735,QmnJ
A1580201,A158020101,1965-07-29,660.0,2026-06-02T09:33:34Z,16,Donnée validée,10,Expertisée,20,Bonne,7.38079998,48.059669735,QmnJ
A1580201,A158020101,1965-07-30,810.0,2026-06-02T09:33:34Z,16,Donnée validée,10,Expertisée,20,Bonne,7.38079998,48.059669735,QmnJ
A1580201,A158020101,1965-07-31,810.0,2026-06-02T09:33:34Z,16,Donnée validée,10,Expertisée,20,Bonne,7.38079998,48.059669735,QmnJ
A1580201,A158020101,1965-08-01,660.0,2026-06-02T09:33:34Z,16,Donnée validée,10,Expertisée,20,Bonne,7.38079998,48.059669735,QmnJ
A1580201,A158020101,1965-08-02,660.0,2026-06-02T09:33:34Z,16,Donnée validée,10,Expertisée,20,Bonne,7.38079998,48.059669735,QmnJ
A1580201,A158020101,1965-08-03,520.0,2026-06-02T09:33:34Z,16,Donnée validée,10,Expertisée,20,Bonne,7.38079998,48.059669735,QmnJ
A1580201,A158020101,1965-08-04,520.0,2026-06-02T09:33:34Z,16,Donnée validée,10,Expertisée,20,Bonne,7.38079998,48.059669735,QmnJ
A1580201,A158020101,1965-08-05,380.0,2026-06-02T09:33:34Z,16,Donnée validée,10,Expertisée,20,Bonne,7.38079998,48.059669735,QmnJ
A1580201,A158020101,1965-08-06,380.0,2026-06-02T09:33:34Z,16,Donnée validée,10,Expertisée,20,Bonne,7.38079998,48.059669735,QmnJ
A1580201,A158020101,1965-08-07,380.0,2026-06-02T09:33:34Z,16,Donnée validée,10,Expertisée,20,Bonne,7.38079998,48.059669735,QmnJ
A1580201,A158020101,1965-08-08,380.0,2026-06-02T09:33:34Z,16,Donnée validée,10,Expertisée,20,Bonne,7.38079998,48.059669735,QmnJ
A1580201,A158020101,1965-08-09,380.0,2026-06-02T09:33:34Z,16,Donnée validée,10,Expertisée,20,Bonne,7.38079998,48.059669735,QmnJ
A1580201,A158020101,1965-08-10,380.0,2026-06-02T09:33:34Z,16,Donnée validée,10,Expertisée,20,Bonne,7.38079998,48.059669735,QmnJ
A1580201,A158020101,1965-08-11,380.0,2026-06-02T09:33:34Z,16,Donnée validée,10,Expertisée,20,Bonne,7.38079998,48.059669735,QmnJ
A1580201,A158020101,1965-08-12,380.0,2026-06-02T09:33:34Z,16,Donnée validée,10,Expertisée,20,Bonne,7.38079998,48.059669735,QmnJ
A1580201,A158020101,1965-08-13,380.0,2026-06-02T09:33:34Z,16,Donnée validée,10,Expertisée,20,Bonne,7.38079998,48.059669735,QmnJ
A1580201,A158020101,1965-08-14,380.0,2026-06-02T09:33:34Z,16,Donnée validée,10,Expertisée,20,Bonne,7.38079998,48.059669735,QmnJ
A1580201,A158020101,1965-08-15,380.0,2026-06-02T09:33:34Z,16,Donnée validée,10,Expertisée,20,Bonne,7.38079998,48.059669735,QmnJ
A1580201,A158020101,1965-08-16,380.0,2026-06-02T09:33:34Z,16,Donnée validée,10,Expertisée,20,Bonne,7.38079998,48.059669735,QmnJ
A1580201,A158020101,1965-08-17,520.0,2026-06-02T09:33:34Z,16,Donnée validée,10,Expertisée,20,Bonne,7.38079998,48.059669735,QmnJ
A1580201,A158020101,1965-08-18,380.0,2026-06-02T09:33:34Z,16,Donnée validée,10,Expertisée,20,Bonne,7.38079998,48.059669735,QmnJ
A1580201,A158020101,1965-08-19,380.0,2026-06-02T09:33:34Z,16,Donnée validée,10,Expertisée,20,Bonne,7.38079998,48.059669735,QmnJ
A1580201,A158020101,1965-08-20,380.0,2026-06-02T09:33:34Z,16,Donnée validée,10,Expertisée,20,Bonne,7.38079998,48.059669735,QmnJ
A1580201,A158020101,1965-08-21,380.0,2026-06-02T09:33:34Z,16,Donnée validée,10,Expertisée,20,Bonne,7.38079998,48.059669735,QmnJ
A1580201,A158020101,1965-08-22,660.0,2026-06-02T09:33:34Z,16,Donnée validée,10,Expertisée,20,Bonne,7.38079998,48.059669735,QmnJ
A1580201,A158020101,1965-08-23,810.0,2026-06-02T09:33:34Z,16,Donnée validée,10,Expertisée,20,Bonne,7.38079998,48.059669735,QmnJ
A1580201,A158020101,1965-08-24,660.0,2026-06-02T09:33:34Z,16,Donnée validée,10,Expertisée,20,Bonne,7.38079998,48.059669735,QmnJ
A1580201,A158020101,1965-08-25,380.0,2026-06-02T09:33:34Z,16,Donnée validée,10,Expertisée,20,Bonne,7.38079998,48.059669735,QmnJ
A1580201,A158020101,1965-08-26,380.0,2026-06-02T09:33:34Z,16,Donnée validée,10,Expertisée,20,Bonne,7.38079998,48.059669735,QmnJ
A1580201,A158020101,1965-08-27,520.0,2026-06-02T09:33:34Z,16,Donnée validée,10,Expertisée,20,Bonne,7.38079998,48.059669735,QmnJ
A1580201,A158020101,1965-08-28,520.0,2026-06-02T09:33:34Z,16,Donnée validée,10,Expertisée,20,Bonne,7.38079998,48.059669735,QmnJ
A1580201,A158020101,1965-08-29,520.0,2026-06-02T09:33:34Z,16,Donnée validée,10,Expertisée,20,Bonne,7.38079998,48.059669735,QmnJ
A1580201,A158020101,1965-08-30,520.0,2026-06-02T09:33:34Z,16,Donnée validée,10,Expertisée,20,Bonne,7.38079998,48.059669735,QmnJ
A1580201,A158020101,1965-08-31,520.0,2026-06-02T09:33:34Z,16,Donnée validée,10,Expertisée,20,Bonne,7.38079998,48.059669735,QmnJ
A1580201,A158020101,1965-09-01,520.0,2026-06-02T09:33:34Z,16,Donnée validée,10,Expertisée,20,Bonne,7.38079998,48.059669735,QmnJ
A1580201,A158020101,1965-09-02,660.0,2026-06-02T09:33:34Z,16,Donnée validée,10,Expertisée,20,Bonne,7.38079998,48.059669735,QmnJ
A1580201,A158020101,1965-09-03,1560.0,2026-06-02T09:33:34Z,16,Donnée validée,10,Expertisée,20,Bonne,7.38079998,48.059669735,QmnJ
A1580201,A158020101,1965-09-04,1710.0,2026-06-02T09:33:34Z,16,Donnée validée,10,Expertisée,20,Bonne,7.38079998,48.059669735,QmnJ
A1580201,A158020101,1965-09-05,1860.0,2026-06-02T09:33:34Z,16,Donnée validée,10,Expertisée,20,Bonne,7.38079998,48.059669735,QmnJ
A1580201,A158020101,1965-09-06,1560.0,2026-06-02T09:33:34Z,16,Donnée validée,10,Expertisée,20,Bonne,7.38079998,48.059669735,QmnJ
A1580201,A158020101,1965-09-07,2160.0,2026-06-02T09:33:34Z,16,Donnée validée,10,Expertisée,20,Bonne,7.38079998,48.059669735,QmnJ
A1580201,A158020101,1965-09-08,3000.0,2026-06-02T09:33:34Z,16,Donnée validée,10,Expertisée,20,Bonne,7.38079998,48.059669735,QmnJ
A1580201,A158020101,1965-09-09,2830.0,2026-06-02T09:33:34Z,16,Donnée validée,10,Expertisée,20,Bonne,7.38079998,48.059669735,QmnJ
A1580201,A158020101,1965-09-10,4020.0,2026-06-02T09:33:34Z,16,Donnée validée,10,Expertisée,20,Bonne,7.38079998,48.059669735,QmnJ
A1580201,A158020101,1965-09-11,4190.0,2026-06-02T09:33:34Z,16,Donnée validée,10,Expertisée,20,Bonne,7.38079998,48.059669735,QmnJ
A1580201,A158020101,1965-09-12,3850.0,2026-06-02T09:33:34Z,16,Donnée validée,10,Expertisée,20,Bonne,7.38079998,48.059669735,QmnJ
A1580201,A158020101,1965-09-13,3510.0,2026-06-02T09:33:34Z,16,Donnée validée,10,Expertisée,20,Bonne,7.38079998,48.059669735,QmnJ
A1580201,A158020101,1965-09-14,3340.0,2026-06-02T09:33:34Z,16,Donnée validée,10,Expertisée,20,Bonne,7.38079998,48.059669735,QmnJ
A1580201,A158020101,1965-09-15,3340.0,2026-06-02T09:33:34Z,16,Donnée validée,10,Expertisée,20,Bonne,7.38079998,48.059669735,QmnJ
A1580201,A158020101,1965-09-16,3170.0,2026-06-02T09:33:34Z,16,Donnée validée,10,Expertisée,20,Bonne,7.38079998,48.059669735,QmnJ
A1580201,A158020101,1965-09-17,3000.0,2026-06-02T09:33:34Z,16,Donnée validée,10,Expertisée,20,Bonne,7.38079998,48.059669735,QmnJ
A1580201,A158020101,1965-09-18,2830.0,2026-06-02T09:33:34Z,16,Donnée validée,10,Expertisée,20,Bonne,7.38079998,48.059669735,QmnJ
A1580201,A158020101,1965-09-19,2660.0,2026-06-02T09:33:34Z,16,Donnée validée,10,Expertisée,20,Bonne,7.38079998,48.059669735,QmnJ
A1580201,A158020101,1965-09-20,2320.0,2026-06-02T09:33:34Z,16,Donnée validée,10,Expertisée,20,Bonne,7.38079998,48.059669735,QmnJ
A1580201,A158020101,1965-09-21,2320.0,2026-06-02T09:33:34Z,16,Donnée validée,10,Expertisée,20,Bonne,7.38079998,48.059669735,QmnJ
A1580201,A158020101,1965-09-22,1860.0,2026-06-02T09:33:34Z,16,Donnée validée,10,Expertisée,20,Bonne,7.38079998,48.059669735,QmnJ
A1580201,A158020101,1965-09-23,1860.0,2026-06-02T09:33:34Z,16,Donnée validée,10,Expertisée,20,Bonne,7.38079998,48.059669735,QmnJ
A1580201,A158020101,1965-09-24,1860.0,2026-06-02T09:33:34Z,16,Donnée validée,10,Expertisée,20,Bonne,7.38079998,48.059669735,QmnJ
A1580201,A158020101,1965-09-25,1860.0,2026-06-02T09:33:34Z,16,Donnée validée,10,Expertisée,20,Bonne,7.38079998,48.059669735,QmnJ
A1580201,A158020101,1965-09-26,1860.0,2026-06-02T09:33:34Z,16,Donnée validée,10,Expertisée,20,Bonne,7.38079998,48.059669735,QmnJ
A1580201,A158020101,1965-09-27,1710.0,2026-06-02T09:33:34Z,16,Donnée validée,10,Expertisée,20,Bonne,7.38079998,48.059669735,QmnJ
A1580201,A158020101,1965-09-28,1860.0,2026-06-02T09:33:34Z,16,Donnée validée,10,Expertisée,20,Bonne,7.38079998,48.059669735,QmnJ
A1580201,A158020101,1965-09-29,1860.0,2026-06-02T09:33:34Z,16,Donnée validée,10,Expertisée,20,Bonne,7.38079998,48.059669735,QmnJ
A1580201,A158020101,1965-09-30,3170.0,2026-06-02T09:33:34Z,16,Donnée validée,10,Expertisée,20,Bonne,7.38079998,48.059669735,QmnJ
A1580201,A158020101,1965-10-01,2830.0,2026-06-02T09:33:34Z,16,Donnée validée,10,Expertisée,20,Bonne,7.38079998,48.059669735,QmnJ
A1580201,A158020101,1965-10-02,2830.0,2026-06-02T09:33:34Z,16,Donnée validée,10,Expertisée,20,Bonne,7.38079998,48.059669735,QmnJ
A1580201,A158020101,1965-10-03,2660.0,2026-06-02T09:33:34Z,16,Donnée validée,10,Expertisée,20,Bonne,7.38079998,48.059669735,QmnJ
A1580201,A158020101,1965-10-04,2490.0,2026-06-02T09:33:34Z,16,Donnée validée,10,Expertisée,20,Bonne,7.38079998,48.059669735,QmnJ
A1580201,A158020101,1965-10-05,2320.0,2026-06-02T09:33:34Z,16,Donnée validée,10,Expertisée,20,Bonne,7.38079998,48.059669735,QmnJ
A1580201,A158020101,1965-10-06,2320.0,2026-06-02T09:33:34Z,16,Donnée validée,10,Expertisée,20,Bonne,7.38079998,48.059669735,QmnJ
A1580201,A158020101,1965-10-07,2320.0,2026-06-02T09:33:34Z,16,Donnée validée,10,Expertisée,20,Bonne,7.38079998,48.059669735,QmnJ
A1580201,A158020101,1965-10-08,2160.0,2026-06-02T09:33:34Z,16,Donnée validée,10,Expertisée,20,Bonne,7.38079998,48.059669735,QmnJ
A1580201,A158020101,1965-10-09,2010.0,2026-06-02T09:33:34Z,16,Donnée validée,10,Expertisée,20,Bonne,7.38079998,48.059669735,QmnJ
A1580201,A158020101,1965-10-10,2010.0,2026-06-02T09:33:34Z,16,Donnée validée,10,Expertisée,20,Bonne,7.38079998,48.059669735,QmnJ
A1580201,A158020101,1965-10-11,1860.0,2026-06-02T09:33:34Z,16,Donnée validée,10,Expertisée,20,Bonne,7.38079998,48.059669735,QmnJ
A1580201,A158020101,1965-10-12,1860.0,2026-06-02T09:33:34Z,16,Donnée validée,10,Expertisée,20,Bonne,7.38079998,48.059669735,QmnJ
A1580201,A158020101,1965-10-13,1860.0,2026-06-02T09:33:34Z,16,Donnée validée,10,Expertisée,20,Bonne,7.38079998,48.059669735,QmnJ
A1580201,A158020101,1965-10-14,2160.0,2026-06-02T09:33:34Z,16,Donnée validée,10,Expertisée,20,Bonne,7.38079998,48.059669735,QmnJ
A1580201,A158020101,1965-10-15,2160.0,2026-06-02T09:33:34Z,16,Donnée validée,10,Expertisée,20,Bonne,7.38079998,48.059669735,QmnJ
A1580201,A158020101,1965-10-16,2160.0,2026-06-02T09:33:34Z,16,Donnée validée,10,Expertisée,20,Bonne,7.38079998,48.059669735,QmnJ
A1580201,A158020101,1965-10-17,2010.0,2026-06-02T09:33:34Z,16,Donnée validée,10,Expertisée,20,Bonne,7.38079998,48.059669735,QmnJ
A1580201,A158020101,1965-10-18,2010.0,2026-06-02T09:33:34Z,16,Donnée validée,10,Expertisée,20,Bonne,7.38079998,48.059669735,QmnJ
A1580201,A158020101,1965-10-19,2010.0,2026-06-02T09:33:34Z,16,Donnée validée,10,Expertisée,20,Bonne,7.38079998,48.059669735,QmnJ
A1580201,A158020101,1965-10-20,2160.0,2026-06-02T09:33:34Z,16,Donnée validée,10,Expertisée,20,Bonne,7.38079998,48.059669735,QmnJ
A1580201,A158020101,1965-10-21,1710.0,2026-06-02T09:33:34Z,16,Donnée validée,10,Expertisée,20,Bonne,7.38079998,48.059669735,QmnJ
A1580201,A158020101,1965-10-22,1710.0,2026-06-02T09:33:34Z,16,Donnée validée,10,Expertisée,20,Bonne,7.38079998,48.059669735,QmnJ
A1580201,A158020101,1965-10-23,1560.0,2026-06-02T09:33:34Z,16,Donnée validée,10,Expertisée,20,Bonne,7.38079998,48.059669735,QmnJ
A1580201,A158020101,1965-10-24,1410.0,2026-06-02T09:33:34Z,16,Donnée validée,10,Expertisée,20,Bonne,7.38079998,48.059669735,QmnJ
A1580201,A158020101,1965-10-25,1410.0,2026-06-02T09:33:34Z,16,Donnée validée,10,Expertisée,20,Bonne,7.38079998,48.059669735,QmnJ
A1580201,A158020101,1965-10-26,1410.0,2026-06-02T09:33:34Z,16,Donnée validée,10,Expertisée,20,Bonne,7.38079998,48.059669735,QmnJ
A1580201,A158020101,1965-10-27,1260.0,2026-06-02T09:33:34Z,16,Donnée validée,10,Expertisée,20,Bonne,7.38079998,48.059669735,QmnJ
A1580201,A158020101,1965-10-28,1260.0,2026-06-02T09:33:34Z,16,Donnée validée,10,Expertisée,20,Bonne,7.38079998,48.059669735,QmnJ
A1580201,A158020101,1965-10-29,1260.0,2026-06-02T09:33:34Z,16,Donnée validée,10,Expertisée,20,Bonne,7.38079998,48.059669735,QmnJ
A1580201,A158020101,1965-10-30,1260.0,2026-06-02T09:33:34Z,16,Donnée validée,10,Expertisée,20,Bonne,7.38079998,48.059669735,QmnJ
A1580201,A158020101,1965-10-31,1110.0,2026-06-02T09:33:34Z,16,Donnée validée,10,Expertisée,20,Bonne,7.38079998,48.059669735,QmnJ
A1580201,A158020101,1965-11-01,1110.0,2026-06-02T09:33:34Z,16,Donnée validée,10,Expertisée,20,Bonne,7.38079998,48.059669735,QmnJ
A1580201,A158020101,1965-11-02,1110.0,2026-06-02T09:33:34Z,16,Donnée validée,10,Expertisée,20,Bonne,7.38079998,48.059669735,QmnJ
A1580201,A158020101,1965-11-03,1710.0,2026-06-02T09:33:34Z,16,Donnée validée,10,Expertisée,20,Bonne,7.38079998,48.059669735,QmnJ
A1580201,A158020101,1965-11-04,2010.0,2026-06-02T09:33:34Z,16,Donnée validée,10,Expertisée,20,Bonne,7.38079998,48.059669735,QmnJ
A1580201,A158020101,1965-11-05,2490.0,2026-06-02T09:33:34Z,16,Donnée validée,10,Expertisée,20,Bonne,7.38079998,48.059669735,QmnJ
A1580201,A158020101,1965-11-06,2320.0,2026-06-02T09:33:34Z,16,Donnée validée,10,Expertisée,20,Bonne,7.38079998,48.059669735,QmnJ
A1580201,A158020101,1965-11-07,2320.0,2026-06-02T09:33:34Z,16,Donnée validée,10,Expertisée,20,Bonne,7.38079998,48.059669735,QmnJ
A1580201,A158020101,1965-11-08,2160.0,2026-06-02T09:33:34Z,16,Donnée validée,10,Expertisée,20,Bonne,7.38079998,48.059669735,QmnJ
A1580201,A158020101,1965-11-09,1560.0,2026-06-02T09:33:34Z,16,Donnée validée,10,Expertisée,20,Bonne,7.38079998,48.059669735,QmnJ
A1580201,A158020101,1965-11-10,1860.0,2026-06-02T09:33:34Z,16,Donnée validée,10,Expertisée,20,Bonne,7.38079998,48.059669735,QmnJ
A1580201,A158020101,1965-11-11,1860.0,2026-06-02T09:33:34Z,16,Donnée validée,10,Expertisée,20,Bonne,7.38079998,48.059669735,QmnJ
A1580201,A158020101,1965-11-12,1710.0,2026-06-02T09:33:34Z,16,Donnée validée,10,Expertisée,20,Bonne,7.38079998,48.059669735,QmnJ
A1580201,A158020101,1965-11-13,1860.0,2026-06-02T09:33:34Z,16,Donnée validée,10,Expertisée,20,Bonne,7.38079998,48.059669735,QmnJ
A1580201,A158020101,1965-11-14,1860.0,2026-06-02T09:33:34Z,16,Donnée validée,10,Expertisée,20,Bonne,7.38079998,48.059669735,QmnJ
A1580201,A158020101,1965-11-15,1860.0,2026-06-02T09:33:34Z,16,Donnée validée,10,Expertisée,20,Bonne,7.38079998,48.059669735,QmnJ
A1580201,A158020101,1965-11-16,2010.0,2026-06-02T09:33:34Z,16,Donnée validée,10,Expertisée,20,Bonne,7.38079998,48.059669735,QmnJ
A1580201,A158020101,1965-11-17,2010.0,2026-06-02T09:33:34Z,16,Donnée validée,10,Expertisée,20,Bonne,7.38079998,48.059669735,QmnJ
A1580201,A158020101,1965-11-18,2010.0,2026-06-02T09:33:34Z,16,Donnée validée,10,Expertisée,20,Bonne,7.38079998,48.059669735,QmnJ
A1580201,A158020101,1965-11-19,4360.0,2026-06-02T09:33:34Z,16,Donnée validée,10,Expertisée,20,Bonne,7.38079998,48.059669735,QmnJ
A1580201,A158020101,1965-11-20,5100.0,2026-06-02T09:33:34Z,16,Donnée validée,10,Expertisée,20,Bonne,7.38079998,48.059669735,QmnJ
A1580201,A158020101,1965-11-21,8150.0,2026-06-02T09:33:34Z,16,Donnée validée,10,Expertisée,20,Bonne,7.38079998,48.059669735,QmnJ
A1580201,A158020101,1965-11-22,8150.0,2026-06-02T09:33:34Z,16,Donnée validée,10,Expertisée,20,Bonne,7.38079998,48.059669735,QmnJ
A1580201,A158020101,1965-11-23,8350.0,2026-06-02T09:33:34Z,16,Donnée validée,10,Expertisée,20,Bonne,7.38079998,48.059669735,QmnJ
A1580201,A158020101,1965-11-24,7300.0,2026-06-02T09:33:34Z,16,Donnée validée,10,Expertisée,20,Bonne,7.38079998,48.059669735,QmnJ
A1580201,A158020101,1965-11-25,6250.0,2026-06-02T09:33:34Z,16,Donnée validée,10,Expertisée,20,Bonne,7.38079998,48.059669735,QmnJ
A1580201,A158020101,1965-11-26,6650.0,2026-06-02T09:33:34Z,16,Donnée validée,10,Expertisée,20,Bonne,7.38079998,48.059669735,QmnJ
A1580201,A158020101,1965-11-27,15000.0,2026-06-02T09:33:34Z,16,Donnée validée,10,Expertisée,20,Bonne,7.38079998,48.059669735,QmnJ
A1580201,A158020101,1965-11-28,23200.0,2026-06-02T09:33:34Z,16,Donnée validée,10,Expertisée,20,Bonne,7.38079998,48.059669735,QmnJ
A1580201,A158020101,1965-11-29,18700.0,2026-06-02T09:33:34Z,16,Donnée validée,10,Expertisée,20,Bonne,7.38079998,48.059669735,QmnJ
A1580201,A158020101,1965-11-30,18700.0,2026-06-02T09:33:34Z,16,Donnée validée,10,Expertisée,20,Bonne,7.38079998,48.059669735,QmnJ
A1580201,A158020101,1965-12-01,16700.0,2026-06-02T09:33:34Z,16,Donnée validée,10,Expertisée,20,Bonne,7.38079998,48.059669735,QmnJ
A1580201,A158020101,1965-12-02,15000.0,2026-06-02T09:33:34Z,16,Donnée validée,10,Expertisée,20,Bonne,7.38079998,48.059669735,QmnJ
A1580201,A158020101,1965-12-03,14200.0,2026-06-02T09:33:34Z,16,Donnée validée,10,Expertisée,20,Bonne,7.38079998,48.059669735,QmnJ
A1580201,A158020101,1965-12-04,20700.0,2026-06-02T09:33:34Z,16,Donnée validée,10,Expertisée,20,Bonne,7.38079998,48.059669735,QmnJ
A1580201,A158020101,1965-12-05,22000.0,2026-06-02T09:33:34Z,16,Donnée validée,10,Expertisée,20,Bonne,7.38079998,48.059669735,QmnJ
A1580201,A158020101,1965-12-06,27500.0,2026-06-02T09:33:34Z,16,Donnée validée,10,Expertisée,20,Bonne,7.38079998,48.059669735,QmnJ
A1580201,A158020101,1965-12-07,34500.0,2026-06-02T09:33:34Z,16,Donnée validée,10,Expertisée,20,Bonne,7.38079998,48.059669735,QmnJ
A1580201,A158020101,1965-12-08,23000.0,2026-06-02T09:33:34Z,16,Donnée validée,10,Expertisée,20,Bonne,7.38079998,48.059669735,QmnJ
A1580201,A158020101,1965-12-09,17000.0,2026-06-02T09:33:34Z,16,Donnée validée,10,Expertisée,20,Bonne,7.38079998,48.059669735,QmnJ
A1580201,A158020101,1965-12-10,18200.0,2026-06-02T09:33:34Z,16,Donnée validée,10,Expertisée,20,Bonne,7.38079998,48.059669735,QmnJ
A1580201,A158020101,1965-12-11,20000.0,2026-06-02T09:33:34Z,16,Donnée validée,10,Expertisée,20,Bonne,7.38079998,48.059669735,QmnJ
A1580201,A158020101,1965-12-12,21200.0,2026-06-02T09:33:34Z,16,Donnée validée,10,Expertisée,20,Bonne,7.38079998,48.059669735,QmnJ
A1580201,A158020101,1965-12-13,20000.0,2026-06-02T09:33:34Z,16,Donnée validée,10,Expertisée,20,Bonne,7.38079998,48.059669735,QmnJ
A1580201,A158020101,1965-12-14,21700.0,2026-06-02T09:33:34Z,16,Donnée validée,10,Expertisée,20,Bonne,7.38079998,48.059669735,QmnJ
A1580201,A158020101,1965-12-15,20000.0,2026-06-02T09:33:34Z,16,Donnée validée,10,Expertisée,20,Bonne,7.38079998,48.059669735,QmnJ
A1580201,A158020101,1965-12-16,17000.0,2026-06-02T09:33:34Z,16,Donnée validée,10,Expertisée,20,Bonne,7.38079998,48.059669735,QmnJ
A1580201,A158020101,1965-12-17,14200.0,2026-06-02T09:33:34Z,16,Donnée validée,10,Expertisée,20,Bonne,7.38079998,48.059669735,QmnJ
A1580201,A158020101,1965-12-18,13700.0,2026-06-02T09:33:34Z,16,Donnée validée,10,Expertisée,20,Bonne,7.38079998,48.059669735,QmnJ
A1580201,A158020101,1965-12-19,14200.0,2026-06-02T09:33:34Z,16,Donnée validée,10,Expertisée,20,Bonne,7.38079998,48.059669735,QmnJ
A1580201,A158020101,1965-12-20,13500.0,2026-06-02T09:33:34Z,16,Donnée validée,10,Expertisée,20,Bonne,7.38079998,48.059669735,QmnJ
A1580201,A158020101,1965-12-21,12700.0,2026-06-02T09:33:34Z,16,Donnée validée,10,Expertisée,20,Bonne,7.38079998,48.059669735,QmnJ
A1580201,A158020101,1965-12-22,12000.0,2026-06-02T09:33:34Z,16,Donnée validée,10,Expertisée,20,Bonne,7.38079998,48.059669735,QmnJ
A1580201,A158020101,1965-12-23,10700.0,2026-06-02T09:33:34Z,16,Donnée validée,10,Expertisée,20,Bonne,7.38079998,48.059669735,QmnJ
A1580201,A158020101,1965-12-24,12500.0,2026-06-02T09:33:34Z,16,Donnée validée,10,Expertisée,20,Bonne,7.38079998,48.059669735,QmnJ
A1580201,A158020101,1965-12-25,18700.0,2026-06-02T09:33:34Z,16,Donnée validée,10,Expertisée,20,Bonne,7.38079998,48.059669735,QmnJ
A1580201,A158020101,1965-12-26,27300.0,2026-06-02T09:33:34Z,16,Donnée validée,10,Expertisée,20,Bonne,7.38079998,48.059669735,QmnJ
A1580201,A158020101,1965-12-27,27000.0,2026-06-02T09:33:34Z,16,Donnée validée,10,Expertisée,20,Bonne,7.38079998,48.059669735,QmnJ
A1580201,A158020101,1965-12-28,19200.0,2026-06-02T09:33:34Z,16,Donnée validée,10,Expertisée,20,Bonne,7.38079998,48.059669735,QmnJ
A1580201,A158020101,1965-12-29,18200.0,2026-06-02T09:33:34Z,16,Donnée validée,10,Expertisée,20,Bonne,7.38079998,48.059669735,QmnJ
A1580201,A158020101,1965-12-30,15000.0,2026-06-02T09:33:34Z,16,Donnée validée,10,Expertisée,20,Bonne,7.38079998,48.059669735,QmnJ
A1580201,A158020101,1965-12-31,15700.0,2026-06-02T09:33:34Z,16,Donnée validée,10,Expertisée,20,Bonne,7.38079998,48.059669735,QmnJ
A1580201,A158020101,1966-01-01,17200.0,2026-06-02T09:33:34Z,16,Donnée validée,10,Expertisée,20,Bonne,7.38079998,48.059669735,QmnJ
A1580201,A158020101,1966-01-02,24300.0,2026-06-02T09:33:34Z,16,Donnée validée,10,Expertisée,20,Bonne,7.38079998,48.059669735,QmnJ
A1580201,A158020101,1966-01-03,32600.0,2026-06-02T09:33:34Z,16,Donnée validée,10,Expertisée,20,Bonne,7.38079998,48.059669735,QmnJ
A1580201,A158020101,1966-01-04,36500.0,2026-06-02T09:33:34Z,16,Donnée validée,10,Expertisée,20,Bonne,7.38079998,48.059669735,QmnJ
A1580201,A158020101,1966-01-05,25000.0,2026-06-02T09:33:34Z,16,Donnée validée,10,Expertisée,20,Bonne,7.38079998,48.059669735,QmnJ
A1580201,A158020101,1966-01-06,18500.0,2026-06-02T09:33:34Z,16,Donnée validée,10,Expertisée,20,Bonne,7.38079998,48.059669735,QmnJ
A1580201,A158020101,1966-01-07,15500.0,2026-06-02T09:33:34Z,16,Donnée validée,10,Expertisée,20,Bonne,7.38079998,48.059669735,QmnJ
A1580201,A158020101,1966-01-08,13000.0,2026-06-02T09:33:34Z,16,Donnée validée,10,Expertisée,20,Bonne,7.38079998,48.059669735,QmnJ
A1580201,A158020101,1966-01-09,11500.0,2026-06-02T09:33:34Z,16,Donnée validée,10,Expertisée,20,Bonne,7.38079998,48.059669735,QmnJ
A1580201,A158020101,1966-01-10,9500.0,2026-06-02T09:33:34Z,16,Donnée validée,10,Expertisée,20,Bonne,7.38079998,48.059669735,QmnJ
A1580201,A158020101,1966-01-11,9050.0,2026-06-02T09:33:34Z,16,Donnée validée,10,Expertisée,20,Bonne,7.38079998,48.059669735,QmnJ
A1580201,A158020101,1966-01-12,8350.0,2026-06-02T09:33:34Z,16,Donnée validée,10,Expertisée,20,Bonne,7.38079998,48.059669735,QmnJ
A1580201,A158020101,1966-01-13,7700.0,2026-06-02T09:33:34Z,16,Donnée validée,10,Expertisée,20,Bonne,7.38079998,48.059669735,QmnJ
A1580201,A158020101,1966-01-14,7300.0,2026-06-02T09:33:34Z,16,Donnée validée,10,Expertisée,20,Bonne,7.38079998,48.059669735,QmnJ
A1580201,A158020101,1966-01-15,6450.0,2026-06-02T09:33:34Z,16,Donnée validée,10,Expertisée,20,Bonne,7.38079998,48.059669735,QmnJ
A1580201,A158020101,1966-01-16,6050.0,2026-06-02T09:33:34Z,16,Donnée validée,10,Expertisée,20,Bonne,7.38079998,48.059669735,QmnJ
A1580201,A158020101,1966-01-17,5650.0,2026-06-02T09:33:34Z,16,Donnée validée,10,Expertisée,20,Bonne,7.38079998,48.059669735,QmnJ
A1580201,A158020101,1966-01-18,5250.0,2026-06-02T09:33:34Z,16,Donnée validée,10,Expertisée,20,Bonne,7.38079998,48.059669735,QmnJ
A1580201,A158020101,1966-01-19,5250.0,2026-06-02T09:33:34Z,16,Donnée validée,10,Expertisée,20,Bonne,7.38079998,48.059669735,QmnJ
A1580201,A158020101,1966-01-20,5250.0,2026-06-02T09:33:34Z,16,Donnée validée,10,Expertisée,20,Bonne,7.38079998,48.059669735,QmnJ
A1580201,A158020101,1966-01-21,5100.0,2026-06-02T09:33:34Z,16,Donnée validée,10,Expertisée,20,Bonne,7.38079998,48.059669735,QmnJ
A1580201,A158020101,1966-01-22,10000.0,2026-06-02T09:33:34Z,16,Donnée validée,10,Expertisée,20,Bonne,7.38079998,48.059669735,QmnJ
A1580201,A158020101,1966-01-23,21200.0,2026-06-02T09:33:34Z,16,Donnée validée,10,Expertisée,20,Bonne,7.38079998,48.059669735,QmnJ
A1580201,A158020101,1966-01-24,32400.0,2026-06-02T09:33:34Z,16,Donnée validée,10,Expertisée,20,Bonne,7.38079998,48.059669735,QmnJ
A1580201,A158020101,1966-01-25,20200.0,2026-06-02T09:33:34Z,16,Donnée validée,10,Expertisée,20,Bonne,7.38079998,48.059669735,QmnJ
A1580201,A158020101,1966-01-26,17500.0,2026-06-02T09:33:34Z,16,Donnée validée,10,Expertisée,20,Bonne,7.38079998,48.059669735,QmnJ
A1580201,A158020101,1966-01-27,15000.0,2026-06-02T09:33:34Z,16,Donnée validée,10,Expertisée,20,Bonne,7.38079998,48.059669735,QmnJ
A1580201,A158020101,1966-01-28,14000.0,2026-06-02T09:33:34Z,16,Donnée validée,10,Expertisée,20,Bonne,7.38079998,48.059669735,QmnJ
A1580201,A158020101,1966-01-29,13000.0,2026-06-02T09:33:34Z,16,Donnée validée,10,Expertisée,20,Bonne,7.38079998,48.059669735,QmnJ
A1580201,A158020101,1966-01-30,12000.0,2026-06-02T09:33:34Z,16,Donnée validée,10,Expertisée,20,Bonne,7.38079998,48.059669735,QmnJ
A1580201,A158020101,1966-01-31,11700.0,2026-06-02T09:33:34Z,16,Donnée validée,10,Expertisée,20,Bonne,7.38079998,48.059669735,QmnJ
A1580201,A158020101,1966-02-01,11700.0,2026-06-02T09:33:34Z,16,Donnée validée,10,Expertisée,20,Bonne,7.38079998,48.059669735,QmnJ
A1580201,A158020101,1966-02-02,11700.0,2026-06-02T09:33:34Z,16,Donnée validée,10,Expertisée,20,Bonne,7.38079998,48.059669735,QmnJ
A1580201,A158020101,1966-02-03,11000.0,2026-06-02T09:33:34Z,16,Donnée validée,10,Expertisée,20,Bonne,7.38079998,48.059669735,QmnJ
A1580201,A158020101,1966-02-04,11000.0,2026-06-02T09:33:34Z,16,Donnée validée,10,Expertisée,20,Bonne,7.38079998,48.059669735,QmnJ
A1580201,A158020101,1966-02-05,10200.0,2026-06-02T09:33:34Z,16,Donnée validée,10,Expertisée,20,Bonne,7.38079998,48.059669735,QmnJ
A1580201,A158020101,1966-02-06,10000.0,2026-06-02T09:33:34Z,16,Donnée validée,10,Expertisée,20,Bonne,7.38079998,48.059669735,QmnJ
A1580201,A158020101,1966-02-07,8800.0,2026-06-02T09:33:34Z,16,Donnée validée,10,Expertisée,20,Bonne,7.38079998,48.059669735,QmnJ
A1580201,A158020101,1966-02-08,12500.0,2026-06-02T09:33:34Z,16,Donnée validée,10,Expertisée,20,Bonne,7.38079998,48.059669735,QmnJ
A1580201,A158020101,1966-02-09,14200.0,2026-06-02T09:33:34Z,16,Donnée validée,10,Expertisée,20,Bonne,7.38079998,48.059669735,QmnJ
A1580201,A158020101,1966-02-10,28800.0,2026-06-02T09:33:34Z,16,Donnée validée,10,Expertisée,20,Bonne,7.38079998,48.059669735,QmnJ
A1580201,A158020101,1966-02-11,22000.0,2026-06-02T09:33:34Z,16,Donnée validée,10,Expertisée,20,Bonne,7.38079998,48.059669735,QmnJ
A1580201,A158020101,1966-02-12,18700.0,2026-06-02T09:33:34Z,16,Donnée validée,10,Expertisée,20,Bonne,7.38079998,48.059669735,QmnJ
A1580201,A158020101,1966-02-13,16000.0,2026-06-02T09:33:34Z,16,Donnée validée,10,Expertisée,20,Bonne,7.38079998,48.059669735,QmnJ
A1580201,A158020101,1966-02-14,15200.0,2026-06-02T09:33:34Z,16,Donnée validée,10,Expertisée,20,Bonne,7.38079998,48.059669735,QmnJ
A1580201,A158020101,1966-02-15,13700.0,2026-06-02T09:33:34Z,16,Donnée validée,10,Expertisée,20,Bonne,7.38079998,48.059669735,QmnJ
A1580201,A158020101,1966-02-16,11500.0,2026-06-02T09:33:34Z,16,Donnée validée,10,Expertisée,20,Bonne,7.38079998,48.059669735,QmnJ
A1580201,A158020101,1966-02-17,10200.0,2026-06-02T09:33:34Z,16,Donnée validée,10,Expertisée,20,Bonne,7.38079998,48.059669735,QmnJ
A1580201,A158020101,1966-02-18,9500.0,2026-06-02T09:33:34Z,16,Donnée validée,10,Expertisée,20,Bonne,7.38079998,48.059669735,QmnJ
A1580201,A158020101,1966-02-19,8350.0,2026-06-02T09:33:34Z,16,Donnée validée,10,Expertisée,20,Bonne,7.38079998,48.059669735,QmnJ
A1580201,A158020101,1966-02-20,7900.0,2026-06-02T09:33:34Z,16,Donnée validée,10,Expertisée,20,Bonne,7.38079998,48.059669735,QmnJ
A1580201,A158020101,1966-02-21,7500.0,2026-06-02T09:33:34Z,16,Donnée validée,10,Expertisée,20,Bonne,7.38079998,48.059669735,QmnJ
A1580201,A158020101,1966-02-22,7300.0,2026-06-02T09:33:34Z,16,Donnée validée,10,Expertisée,20,Bonne,7.38079998,48.059669735,QmnJ
A1580201,A158020101,1966-02-23,8350.0,2026-06-02T09:33:34Z,16,Donnée validée,10,Expertisée,20,Bonne,7.38079998,48.059669735,QmnJ
A1580201,A158020101,1966-02-24,7700.0,2026-06-02T09:33:34Z,16,Donnée validée,10,Expertisée,20,Bonne,7.38079998,48.059669735,QmnJ
A1580201,A158020101,1966-02-25,7300.0,2026-06-02T09:33:34Z,16,Donnée validée,10,Expertisée,20,Bonne,7.38079998,48.059669735,QmnJ
A1580201,A158020101,1966-02-26,6850.0,2026-06-02T09:33:34Z,16,Donnée validée,10,Expertisée,20,Bonne,7.38079998,48.059669735,QmnJ
A1580201,A158020101,1966-02-27,6650.0,2026-06-02T09:33:34Z,16,Donnée validée,10,Expertisée,20,Bonne,7.38079998,48.059669735,QmnJ
A1580201,A158020101,1966-02-28,6450.0,2026-06-02T09:33:34Z,16,Donnée validée,10,Expertisée,20,Bonne,7.38079998,48.059669735,QmnJ
A1580201,A158020101,1966-03-01,6450.0,2026-06-02T09:33:34Z,16,Donnée validée,10,Expertisée,20,Bonne,7.38079998,48.059669735,QmnJ
A1580201,A158020101,1966-03-02,6250.0,2026-06-02T09:33:34Z,16,Donnée validée,10,Expertisée,20,Bonne,7.38079998,48.059669735,QmnJ
A1580201,A158020101,1966-03-03,6050.0,2026-06-02T09:33:34Z,16,Donnée validée,10,Expertisée,20,Bonne,7.38079998,48.059669735,QmnJ
A1580201,A158020101,1966-03-04,5850.0,2026-06-02T09:33:34Z,16,Donnée validée,10,Expertisée,20,Bonne,7.38079998,48.059669735,QmnJ
A1580201,A158020101,1966-03-05,5850.0,2026-06-02T09:33:34Z,16,Donnée validée,10,Expertisée,20,Bonne,7.38079998,48.059669735,QmnJ
A1580201,A158020101,1966-03-06,5850.0,2026-06-02T09:33:34Z,16,Donnée validée,10,Expertisée,20,Bonne,7.38079998,48.059669735,QmnJ
A1580201,A158020101,1966-03-07,5850.0,2026-06-02T09:33:34Z,16,Donnée validée,10,Expertisée,20,Bonne,7.38079998,48.059669735,QmnJ
A1580201,A158020101,1966-03-08,5650.0,2026-06-02T09:33:34Z,16,Donnée validée,10,Expertisée,20,Bonne,7.38079998,48.059669735,QmnJ
A1580201,A158020101,1966-03-09,5450.0,2026-06-02T09:33:34Z,16,Donnée validée,10,Expertisée,20,Bonne,7.38079998,48.059669735,QmnJ
A1580201,A158020101,1966-03-10,5250.0,2026-06-02T09:33:34Z,16,Donnée validée,10,Expertisée,20,Bonne,7.38079998,48.059669735,QmnJ
A1580201,A158020101,1966-03-11,5250.0,2026-06-02T09:33:34Z,16,Donnée validée,10,Expertisée,20,Bonne,7.38079998,48.059669735,QmnJ
A1580201,A158020101,1966-03-12,5250.0,2026-06-02T09:33:34Z,16,Donnée validée,10,Expertisée,20,Bonne,7.38079998,48.059669735,QmnJ
A1580201,A158020101,1966-03-13,5250.0,2026-06-02T09:33:34Z,16,Donnée validée,10,Expertisée,20,Bonne,7.38079998,48.059669735,QmnJ
A1580201,A158020101,1966-03-14,5250.0,2026-06-02T09:33:34Z,16,Donnée validée,10,Expertisée,20,Bonne,7.38079998,48.059669735,QmnJ
A1580201,A158020101,1966-03-15,4890.0,2026-06-02T09:33:34Z,16,Donnée validée,10,Expertisée,20,Bonne,7.38079998,48.059669735,QmnJ
A1580201,A158020101,1966-03-16,4700.0,2026-06-02T09:33:34Z,16,Donnée validée,10,Expertisée,20,Bonne,7.38079998,48.059669735,QmnJ
A1580201,A158020101,1966-03-17,4530.0,2026-06-02T09:33:34Z,16,Donnée validée,10,Expertisée,20,Bonne,7.38079998,48.059669735,QmnJ
A1580201,A158020101,1966-03-18,4700.0,2026-06-02T09:33:34Z,16,Donnée validée,10,Expertisée,20,Bonne,7.38079998,48.059669735,QmnJ
A1580201,A158020101,1966-03-19,4700.0,2026-06-02T09:33:34Z,16,Donnée validée,10,Expertisée,20,Bonne,7.38079998,48.059669735,QmnJ
A1580201,A158020101,1966-03-20,4530.0,2026-06-02T09:33:34Z,16,Donnée validée,10,Expertisée,20,Bonne,7.38079998,48.059669735,QmnJ
A1580201,A158020101,1966-03-21,4530.0,2026-06-02T09:33:34Z,16,Donnée validée,10,Expertisée,20,Bonne,7.38079998,48.059669735,QmnJ
A1580201,A158020101,1966-03-22,4360.0,2026-06-02T09:33:34Z,16,Donnée validée,10,Expertisée,20,Bonne,7.38079998,48.059669735,QmnJ
A1580201,A158020101,1966-03-23,4360.0,2026-06-02T09:33:34Z,16,Donnée validée,10,Expertisée,20,Bonne,7.38079998,48.059669735,QmnJ
A1580201,A158020101,1966-03-24,4530.0,2026-06-02T09:33:34Z,16,Donnée validée,10,Expertisée,20,Bonne,7.38079998,48.059669735,QmnJ
A1580201,A158020101,1966-03-25,4530.0,2026-06-02T09:33:34Z,16,Donnée validée,10,Expertisée,20,Bonne,7.38079998,48.059669735,QmnJ
A1580201,A158020101,1966-03-26,4700.0,2026-06-02T09:33:34Z,16,Donnée validée,10,Expertisée,20,Bonne,7.38079998,48.059669735,QmnJ
A1580201,A158020101,1966-03-27,4700.0,2026-06-02T09:33:34Z,16,Donnée validée,10,Expertisée,20,Bonne,7.38079998,48.059669735,QmnJ
A1580201,A158020101,1966-03-28,15500.0,2026-06-02T09:33:34Z,16,Donnée validée,10,Expertisée,20,Bonne,7.38079998,48.059669735,QmnJ
A1580201,A158020101,1966-03-29,16000.0,2026-06-02T09:33:34Z,16,Donnée validée,10,Expertisée,20,Bonne,7.38079998,48.059669735,QmnJ
A1580201,A158020101,1966-03-30,14500.0,2026-06-02T09:33:34Z,16,Donnée validée,10,Expertisée,20,Bonne,7.38079998,48.059669735,QmnJ
A1580201,A158020101,1966-03-31,11700.0,2026-06-02T09:33:34Z,16,Donnée validée,10,Expertisée,20,Bonne,7.38079998,48.059669735,QmnJ
A1580201,A158020101,1966-04-01,9050.0,2026-06-02T09:33:34Z,16,Donnée validée,10,Expertisée,20,Bonne,7.38079998,48.059669735,QmnJ
A1580201,A158020101,1966-04-02,7300.0,2026-06-02T09:33:34Z,16,Donnée validée,10,Expertisée,20,Bonne,7.38079998,48.059669735,QmnJ
A1580201,A158020101,1966-04-03,6850.0,2026-06-02T09:33:34Z,16,Donnée validée,10,Expertisée,20,Bonne,7.38079998,48.059669735,QmnJ
A1580201,A158020101,1966-04-04,6450.0,2026-06-02T09:33:34Z,16,Donnée validée,10,Expertisée,20,Bonne,7.38079998,48.059669735,QmnJ
A1580201,A158020101,1966-04-05,5850.0,2026-06-02T09:33:34Z,16,Donnée validée,10,Expertisée,20,Bonne,7.38079998,48.059669735,QmnJ
A1580201,A158020101,1966-04-06,5650.0,2026-06-02T09:33:34Z,16,Donnée validée,10,Expertisée,20,Bonne,7.38079998,48.059669735,QmnJ
A1580201,A158020101,1966-04-07,5450.0,2026-06-02T09:33:34Z,16,Donnée validée,10,Expertisée,20,Bonne,7.38079998,48.059669735,QmnJ
A1580201,A158020101,1966-04-08,5850.0,2026-06-02T09:33:34Z,16,Donnée validée,10,Expertisée,20,Bonne,7.38079998,48.059669735,QmnJ
A1580201,A158020101,1966-04-09,6050.0,2026-06-02T09:33:34Z,16,Donnée validée,10,Expertisée,20,Bonne,7.38079998,48.059669735,QmnJ
A1580201,A158020101,1966-04-10,7700.0,2026-06-02T09:33:34Z,16,Donnée validée,10,Expertisée,20,Bonne,7.38079998,48.059669735,QmnJ
A1580201,A158020101,1966-04-11,7700.0,2026-06-02T09:33:34Z,16,Donnée validée,10,Expertisée,20,Bonne,7.38079998,48.059669735,QmnJ
A1580201,A158020101,1966-04-12,7700.0,2026-06-02T09:33:34Z,16,Donnée validée,10,Expertisée,20,Bonne,7.38079998,48.059669735,QmnJ
A1580201,A158020101,1966-04-13,7500.0,2026-06-02T09:33:34Z,16,Donnée validée,10,Expertisée,20,Bonne,7.38079998,48.059669735,QmnJ
A1580201,A158020101,1966-04-14,7300.0,2026-06-02T09:33:34Z,16,Donnée validée,10,Expertisée,20,Bonne,7.38079998,48.059669735,QmnJ
A1580201,A158020101,1966-04-15,7050.0,2026-06-02T09:33:34Z,16,Donnée validée,10,Expertisée,20,Bonne,7.38079998,48.059669735,QmnJ
A1580201,A158020101,1966-04-16,7700.0,2026-06-02T09:33:34Z,16,Donnée validée,10,Expertisée,20,Bonne,7.38079998,48.059669735,QmnJ
A1580201,A158020101,1966-04-17,8150.0,2026-06-02T09:33:34Z,16,Donnée validée,10,Expertisée,20,Bonne,7.38079998,48.059669735,QmnJ
A1580201,A158020101,1966-04-18,7900.0,2026-06-02T09:33:34Z,16,Donnée validée,10,Expertisée,20,Bonne,7.38079998,48.059669735,QmnJ
A1580201,A158020101,1966-04-19,8600.0,2026-06-02T09:33:34Z,16,Donnée validée,10,Expertisée,20,Bonne,7.38079998,48.059669735,QmnJ
A1580201,A158020101,1966-04-20,8150.0,2026-06-02T09:33:34Z,16,Donnée validée,10,Expertisée,20,Bonne,7.38079998,48.059669735,QmnJ
A1580201,A158020101,1966-04-21,7900.0,2026-06-02T09:33:34Z,16,Donnée validée,10,Expertisée,20,Bonne,7.38079998,48.059669735,QmnJ
A1580201,A158020101,1966-04-22,7700.0,2026-06-02T09:33:34Z,16,Donnée validée,10,Expertisée,20,Bonne,7.38079998,48.059669735,QmnJ
A1580201,A158020101,1966-04-23,8600.0,2026-06-02T09:33:34Z,16,Donnée validée,10,Expertisée,20,Bonne,7.38079998,48.059669735,QmnJ
A1580201,A158020101,1966-04-24,8350.0,2026-06-02T09:33:34Z,16,Donnée validée,10,Expertisée,20,Bonne,7.38079998,48.059669735,QmnJ
A1580201,A158020101,1966-04-25,8600.0,2026-06-02T09:33:34Z,16,Donnée validée,10,Expertisée,20,Bonne,7.38079998,48.059669735,QmnJ
A1580201,A158020101,1966-04-26,8600.0,2026-06-02T09:33:34Z,16,Donnée validée,10,Expertisée,20,Bonne,7.38079998,48.059669735,QmnJ
A1580201,A158020101,1966-04-27,8150.0,2026-06-02T09:33:34Z,16,Donnée validée,10,Expertisée,20,Bonne,7.38079998,48.059669735,QmnJ
A1580201,A158020101,1966-04-28,7700.0,2026-06-02T09:33:34Z,16,Donnée validée,10,Expertisée,20,Bonne,7.38079998,48.059669735,QmnJ
A1580201,A158020101,1966-04-29,7900.0,2026-06-02T09:33:34Z,16,Donnée validée,10,Expertisée,20,Bonne,7.38079998,48.059669735,QmnJ
A1580201,A158020101,1966-04-30,7300.0,2026-06-02T09:33:34Z,16,Donnée validée,10,Expertisée,20,Bonne,7.38079998,48.059669735,QmnJ
A1580201,A158020101,1966-05-01,6850.0,2026-06-02T09:33:34Z,16,Donnée validée,10,Expertisée,20,Bonne,7.38079998,48.059669735,QmnJ
A1580201,A158020101,1966-05-02,6250.0,2026-06-02T09:33:34Z,16,Donnée validée,10,Expertisée,20,Bonne,7.38079998,48.059669735,QmnJ
A1580201,A158020101,1966-05-03,5250.0,2026-06-02T09:33:34Z,16,Donnée validée,10,Expertisée,20,Bonne,7.38079998,48.059669735,QmnJ
A1580201,A158020101,1966-05-04,5650.0,2026-06-02T09:33:34Z,16,Donnée validée,10,Expertisée,20,Bonne,7.38079998,48.059669735,QmnJ
A1580201,A158020101,1966-05-05,5850.0,2026-06-02T09:33:34Z,16,Donnée validée,10,Expertisée,20,Bonne,7.38079998,48.059669735,QmnJ
A1580201,A158020101,1966-05-06,5850.0,2026-06-02T09:33:34Z,16,Donnée validée,10,Expertisée,20,Bonne,7.38079998,48.059669735,QmnJ
A1580201,A158020101,1966-05-07,5850.0,2026-06-02T09:33:34Z,16,Donnée validée,10,Expertisée,20,Bonne,7.38079998,48.059669735,QmnJ
A1580201,A158020101,1966-05-08,5650.0,2026-06-02T09:33:34Z,16,Donnée validée,10,Expertisée,20,Bonne,7.38079998,48.059669735,QmnJ
A1580201,A158020101,1966-05-09,5650.0,2026-06-02T09:33:34Z,16,Donnée validée,10,Expertisée,20,Bonne,7.38079998,48.059669735,QmnJ
A1580201,A158020101,1966-05-10,5450.0,2026-06-02T09:33:34Z,16,Donnée validée,10,Expertisée,20,Bonne,7.38079998,48.059669735,QmnJ
A1580201,A158020101,1966-05-11,5450.0,2026-06-02T09:33:34Z,16,Donnée validée,10,Expertisée,20,Bonne,7.38079998,48.059669735,QmnJ
A1580201,A158020101,1966-05-12,4700.0,2026-06-02T09:33:34Z,16,Donnée validée,10,Expertisée,20,Bonne,7.38079998,48.059669735,QmnJ
A1580201,A158020101,1966-05-13,4530.0,2026-06-02T09:33:34Z,16,Donnée validée,10,Expertisée,20,Bonne,7.38079998,48.059669735,QmnJ
A1580201,A158020101,1966-05-14,4360.0,2026-06-02T09:33:34Z,16,Donnée validée,10,Expertisée,20,Bonne,7.38079998,48.059669735,QmnJ
A1580201,A158020101,1966-05-15,3850.0,2026-06-02T09:33:34Z,16,Donnée validée,10,Expertisée,20,Bonne,7.38079998,48.059669735,QmnJ
A1580201,A158020101,1966-05-16,3850.0,2026-06-02T09:33:34Z,16,Donnée validée,10,Expertisée,20,Bonne,7.38079998,48.059669735,QmnJ
A1580201,A158020101,1966-05-17,3680.0,2026-06-02T09:33:34Z,16,Donnée validée,10,Expertisée,20,Bonne,7.38079998,48.059669735,QmnJ
A1580201,A158020101,1966-05-18,3850.0,2026-06-02T09:33:34Z,16,Donnée validée,10,Expertisée,20,Bonne,7.38079998,48.059669735,QmnJ
A1580201,A158020101,1966-05-19,3510.0,2026-06-02T09:33:34Z,16,Donnée validée,10,Expertisée,20,Bonne,7.38079998,48.059669735,QmnJ
A1580201,A158020101,1966-05-20,3510.0,2026-06-02T09:33:34Z,16,Donnée validée,10,Expertisée,20,Bonne,7.38079998,48.059669735,QmnJ
A1580201,A158020101,1966-05-21,3340.0,2026-06-02T09:33:34Z,16,Donnée validée,10,Expertisée,20,Bonne,7.38079998,48.059669735,QmnJ
A1580201,A158020101,1966-05-22,3510.0,2026-06-02T09:33:34Z,16,Donnée validée,10,Expertisée,20,Bonne,7.38079998,48.059669735,QmnJ
A1580201,A158020101,1966-05-23,3340.0,2026-06-02T09:33:34Z,16,Donnée validée,10,Expertisée,20,Bonne,7.38079998,48.059669735,QmnJ
A1580201,A158020101,1966-05-24,3510.0,2026-06-02T09:33:34Z,16,Donnée validée,10,Expertisée,20,Bonne,7.38079998,48.059669735,QmnJ
A1580201,A158020101,1966-05-25,2160.0,2026-06-02T09:33:34Z,16,Donnée validée,10,Expertisée,20,Bonne,7.38079998,48.059669735,QmnJ
A1580201,A158020101,1966-05-26,2660.0,2026-06-02T09:33:34Z,16,Donnée validée,10,Expertisée,20,Bonne,7.38079998,48.059669735,QmnJ
A1580201,A158020101,1966-05-27,3000.0,2026-06-02T09:33:34Z,16,Donnée validée,10,Expertisée,20,Bonne,7.38079998,48.059669735,QmnJ
A1580201,A158020101,1966-05-28,2010.0,2026-06-02T09:33:34Z,16,Donnée validée,10,Expertisée,20,Bonne,7.38079998,48.059669735,QmnJ
A1580201,A158020101,1966-05-29,2320.0,2026-06-02T09:33:34Z,16,Donnée validée,10,Expertisée,20,Bonne,7.38079998,48.059669735,QmnJ
A1580201,A158020101,1966-05-30,2320.0,2026-06-02T09:33:34Z,16,Donnée validée,10,Expertisée,20,Bonne,7.38079998,48.059669735,QmnJ
A1580201,A158020101,1966-05-31,2320.0,2026-06-02T09:33:34Z,16,Donnée validée,10,Expertisée,20,Bonne,7.38079998,48.059669735,QmnJ
A1580201,A158020101,1966-06-01,2320.0,2026-06-02T09:33:34Z,16,Donnée validée,10,Expertisée,20,Bonne,7.38079998,48.059669735,QmnJ
A1580201,A158020101,1966-06-02,2160.0,2026-06-02T09:33:34Z,16,Donnée validée,10,Expertisée,20,Bonne,7.38079998,48.059669735,QmnJ
A1580201,A158020101,1966-06-03,2010.0,2026-06-02T09:33:34Z,16,Donnée validée,10,Expertisée,20,Bonne,7.38079998,48.059669735,QmnJ
A1580201,A158020101,1966-06-04,1860.0,2026-06-02T09:33:34Z,16,Donnée validée,10,Expertisée,20,Bonne,7.38079998,48.059669735,QmnJ
A1580201,A158020101,1966-06-05,1860.0,2026-06-02T09:33:34Z,16,Donnée validée,10,Expertisée,20,Bonne,7.38079998,48.059669735,QmnJ
A1580201,A158020101,1966-06-06,2010.0,2026-06-02T09:33:34Z,16,Donnée validée,10,Expertisée,20,Bonne,7.38079998,48.059669735,QmnJ
A1580201,A158020101,1966-06-07,2010.0,2026-06-02T09:33:34Z,16,Donnée validée,10,Expertisée,20,Bonne,7.38079998,48.059669735,QmnJ
A1580201,A158020101,1966-06-08,1860.0,2026-06-02T09:33:34Z,16,Donnée validée,10,Expertisée,20,Bonne,7.38079998,48.059669735,QmnJ
A1580201,A158020101,1966-06-09,1860.0,2026-06-02T09:33:34Z,16,Donnée validée,10,Expertisée,20,Bonne,7.38079998,48.059669735,QmnJ
A1580201,A158020101,1966-06-10,1860.0,2026-06-02T09:33:34Z,16,Donnée validée,10,Expertisée,20,Bonne,7.38079998,48.059669735,QmnJ
A1580201,A158020101,1966-06-11,1860.0,2026-06-02T09:33:34Z,16,Donnée validée,10,Expertisée,20,Bonne,7.38079998,48.059669735,QmnJ
A1580201,A158020101,1966-06-12,1860.0,2026-06-02T09:33:34Z,16,Donnée validée,10,Expertisée,20,Bonne,7.38079998,48.059669735,QmnJ
A1580201,A158020101,1966-06-13,2160.0,2026-06-02T09:33:34Z,16,Donnée validée,10,Expertisée,20,Bonne,7.38079998,48.059669735,QmnJ
A1580201,A158020101,1966-06-14,2010.0,2026-06-02T09:33:34Z,16,Donnée validée,10,Expertisée,20,Bonne,7.38079998,48.059669735,QmnJ
A1580201,A158020101,1966-06-15,2010.0,2026-06-02T09:33:34Z,16,Donnée validée,10,Expertisée,20,Bonne,7.38079998,48.059669735,QmnJ
A1580201,A158020101,1966-06-16,1710.0,2026-06-02T09:33:34Z,16,Donnée validée,10,Expertisée,20,Bonne,7.38079998,48.059669735,QmnJ
A1580201,A158020101,1966-06-17,1410.0,2026-06-02T09:33:34Z,16,Donnée validée,10,Expertisée,20,Bonne,7.38079998,48.059669735,QmnJ
A1580201,A158020101,1966-06-18,2160.0,2026-06-02T09:33:34Z,16,Donnée validée,10,Expertisée,20,Bonne,7.38079998,48.059669735,QmnJ
A1580201,A158020101,1966-06-19,1710.0,2026-06-02T09:33:34Z,16,Donnée validée,10,Expertisée,20,Bonne,7.38079998,48.059669735,QmnJ
A1580201,A158020101,1966-06-20,1710.0,2026-06-02T09:33:34Z,16,Donnée validée,10,Expertisée,20,Bonne,7.38079998,48.059669735,QmnJ
A1580201,A158020101,1966-06-21,1710.0,2026-06-02T09:33:34Z,16,Donnée validée,10,Expertisée,20,Bonne,7.38079998,48.059669735,QmnJ
A1580201,A158020101,1966-06-22,1860.0,2026-06-02T09:33:34Z,16,Donnée validée,10,Expertisée,20,Bonne,7.38079998,48.059669735,QmnJ
A1580201,A158020101,1966-06-23,1860.0,2026-06-02T09:33:34Z,16,Donnée validée,10,Expertisée,20,Bonne,7.38079998,48.059669735,QmnJ
A1580201,A158020101,1966-06-24,1860.0,2026-06-02T09:33:34Z,16,Donnée validée,10,Expertisée,20,Bonne,7.38079998,48.059669735,QmnJ
A1580201,A158020101,1966-06-25,1560.0,2026-06-02T09:33:34Z,16,Donnée validée,10,Expertisée,20,Bonne,7.38079998,48.059669735,QmnJ
A1580201,A158020101,1966-06-26,1410.0,2026-06-02T09:33:34Z,16,Donnée validée,10,Expertisée,20,Bonne,7.38079998,48.059669735,QmnJ
A1580201,A158020101,1966-06-27,1260.0,2026-06-02T09:33:34Z,16,Donnée validée,10,Expertisée,20,Bonne,7.38079998,48.059669735,QmnJ
A1580201,A158020101,1966-06-28,1410.0,2026-06-02T09:33:34Z,16,Donnée validée,10,Expertisée,20,Bonne,7.38079998,48.059669735,QmnJ
A1580201,A158020101,1966-06-29,1260.0,2026-06-02T09:33:34Z,16,Donnée validée,10,Expertisée,20,Bonne,7.38079998,48.059669735,QmnJ
A1580201,A158020101,1966-06-30,1110.0,2026-06-02T09:33:34Z,16,Donnée validée,10,Expertisée,20,Bonne,7.38079998,48.059669735,QmnJ
A1580201,A158020101,1966-07-01,1110.0,2026-06-02T09:33:34Z,16,Donnée validée,10,Expertisée,20,Bonne,7.38079998,48.059669735,QmnJ
A1580201,A158020101,1966-07-02,1110.0,2026-06-02T09:33:34Z,16,Donnée validée,10,Expertisée,20,Bonne,7.38079998,48.059669735,QmnJ
A1580201,A158020101,1966-07-03,960.0,2026-06-02T09:33:34Z,16,Donnée validée,10,Expertisée,20,Bonne,7.38079998,48.059669735,QmnJ
A1580201,A158020101,1966-07-04,960.0,2026-06-02T09:33:34Z,16,Donnée validée,10,Expertisée,20,Bonne,7.38079998,48.059669735,QmnJ
A1580201,A158020101,1966-07-05,960.0,2026-06-02T09:33:34Z,16,Donnée validée,10,Expertisée,20,Bonne,7.38079998,48.059669735,QmnJ
A1580201,A158020101,1966-07-06,960.0,2026-06-02T09:33:34Z,16,Donnée validée,10,Expertisée,20,Bonne,7.38079998,48.059669735,QmnJ
A1580201,A158020101,1966-07-07,960.0,2026-06-02T09:33:34Z,16,Donnée validée,10,Expertisée,20,Bonne,7.38079998,48.059669735,QmnJ
A1580201,A158020101,1966-07-08,960.0,2026-06-02T09:33:34Z,16,Donnée validée,10,Expertisée,20,Bonne,7.38079998,48.059669735,QmnJ
A1580201,A158020101,1966-07-09,960.0,2026-06-02T09:33:34Z,16,Donnée validée,10,Expertisée,20,Bonne,7.38079998,48.059669735,QmnJ
A1580201,A158020101,1966-07-10,960.0,2026-06-02T09:33:34Z,16,Donnée validée,10,Expertisée,20,Bonne,7.38079998,48.059669735,QmnJ
A1580201,A158020101,1966-07-11,960.0,2026-06-02T09:33:34Z,16,Donnée validée,10,Expertisée,20,Bonne,7.38079998,48.059669735,QmnJ
A1580201,A158020101,1966-07-12,1410.0,2026-06-02T09:33:34Z,16,Donnée validée,10,Expertisée,20,Bonne,7.38079998,48.059669735,QmnJ
A1580201,A158020101,1966-07-13,1110.0,2026-06-02T09:33:34Z,16,Donnée validée,10,Expertisée,20,Bonne,7.38079998,48.059669735,QmnJ
A1580201,A158020101,1966-07-14,1110.0,2026-06-02T09:33:34Z,16,Donnée validée,10,Expertisée,20,Bonne,7.38079998,48.059669735,QmnJ
A1580201,A158020101,1966-07-15,1110.0,2026-06-02T09:33:34Z,16,Donnée validée,10,Expertisée,20,Bonne,7.38079998,48.059669735,QmnJ
A1580201,A158020101,1966-07-16,1110.0,2026-06-02T09:33:34Z,16,Donnée validée,10,Expertisée,20,Bonne,7.38079998,48.059669735,QmnJ
A1580201,A158020101,1966-07-17,1410.0,2026-06-02T09:33:34Z,16,Donnée validée,10,Expertisée,20,Bonne,7.38079998,48.059669735,QmnJ
A1580201,A158020101,1966-07-18,1710.0,2026-06-02T09:33:34Z,16,Donnée validée,10,Expertisée,20,Bonne,7.38079998,48.059669735,QmnJ
A1580201,A158020101,1966-07-19,2010.0,2026-06-02T09:33:34Z,16,Donnée validée,10,Expertisée,20,Bonne,7.38079998,48.059669735,QmnJ
A1580201,A158020101,1966-07-20,2160.0,2026-06-02T09:33:34Z,16,Donnée validée,10,Expertisée,20,Bonne,7.38079998,48.059669735,QmnJ
A1580201,A158020101,1966-07-21,1710.0,2026-06-02T09:33:34Z,16,Donnée validée,10,Expertisée,20,Bonne,7.38079998,48.059669735,QmnJ
A1580201,A158020101,1966-07-22,1860.0,2026-06-02T09:33:34Z,16,Donnée validée,10,Expertisée,20,Bonne,7.38079998,48.059669735,QmnJ
A1580201,A158020101,1966-07-23,1260.0,2026-06-02T09:33:34Z,16,Donnée validée,10,Expertisée,20,Bonne,7.38079998,48.059669735,QmnJ
A1580201,A158020101,1966-07-24,1410.0,2026-06-02T09:33:34Z,16,Donnée validée,10,Expertisée,20,Bonne,7.38079998,48.059669735,QmnJ
A1580201,A158020101,1966-07-25,1410.0,2026-06-02T09:33:34Z,16,Donnée validée,10,Expertisée,20,Bonne,7.38079998,48.059669735,QmnJ
A1580201,A158020101,1966-07-26,1560.0,2026-06-02T09:33:34Z,16,Donnée validée,10,Expertisée,20,Bonne,7.38079998,48.059669735,QmnJ
A1580201,A158020101,1966-07-27,1560.0,2026-06-02T09:33:34Z,16,Donnée validée,10,Expertisée,20,Bonne,7.38079998,48.059669735,QmnJ
A1580201,A158020101,1966-07-28,1860.0,2026-06-02T09:33:34Z,16,Donnée validée,10,Expertisée,20,Bonne,7.38079998,48.059669735,QmnJ
A1580201,A158020101,1966-07-29,1410.0,2026-06-02T09:33:34Z,16,Donnée validée,10,Expertisée,20,Bonne,7.38079998,48.059669735,QmnJ
A1580201,A158020101,1966-07-30,1110.0,2026-06-02T09:33:34Z,16,Donnée validée,10,Expertisée,20,Bonne,7.38079998,48.059669735,QmnJ
A1580201,A158020101,1966-07-31,1110.0,2026-06-02T09:33:34Z,16,Donnée validée,10,Expertisée,20,Bonne,7.38079998,48.059669735,QmnJ
A1580201,A158020101,1966-08-01,2320.0,2026-06-02T09:33:34Z,16,Donnée validée,10,Expertisée,20,Bonne,7.38079998,48.059669735,QmnJ
A1580201,A158020101,1966-08-02,4020.0,2026-06-02T09:33:34Z,16,Donnée validée,10,Expertisée,20,Bonne,7.38079998,48.059669735,QmnJ
A1580201,A158020101,1966-08-03,4020.0,2026-06-02T09:33:34Z,16,Donnée validée,10,Expertisée,20,Bonne,7.38079998,48.059669735,QmnJ
A1580201,A158020101,1966-08-04,4700.0,2026-06-02T09:33:34Z,16,Donnée validée,10,Expertisée,20,Bonne,7.38079998,48.059669735,QmnJ
A1580201,A158020101,1966-08-05,4360.0,2026-06-02T09:33:34Z,16,Donnée validée,10,Expertisée,20,Bonne,7.38079998,48.059669735,QmnJ
A1580201,A158020101,1966-08-06,4190.0,2026-06-02T09:33:34Z,16,Donnée validée,10,Expertisée,20,Bonne,7.38079998,48.059669735,QmnJ
A1580201,A158020101,1966-08-07,3510.0,2026-06-02T09:33:34Z,16,Donnée validée,10,Expertisée,20,Bonne,7.38079998,48.059669735,QmnJ
A1580201,A158020101,1966-08-08,3510.0,2026-06-02T09:33:34Z,16,Donnée validée,10,Expertisée,20,Bonne,7.38079998,48.059669735,QmnJ
A1580201,A158020101,1966-08-09,4020.0,2026-06-02T09:33:34Z,16,Donnée validée,10,Expertisée,20,Bonne,7.38079998,48.059669735,QmnJ
A1580201,A158020101,1966-08-10,3170.0,2026-06-02T09:33:34Z,16,Donnée validée,10,Expertisée,20,Bonne,7.38079998,48.059669735,QmnJ
A1580201,A158020101,1966-08-11,3000.0,2026-06-02T09:33:34Z,16,Donnée validée,10,Expertisée,20,Bonne,7.38079998,48.059669735,QmnJ
A1580201,A158020101,1966-08-12,3000.0,2026-06-02T09:33:34Z,16,Donnée validée,10,Expertisée,20,Bonne,7.38079998,48.059669735,QmnJ
A1580201,A158020101,1966-08-13,3000.0,2026-06-02T09:33:34Z,16,Donnée validée,10,Expertisée,20,Bonne,7.38079998,48.059669735,QmnJ
A1580201,A158020101,1966-08-14,2660.0,2026-06-02T09:33:34Z,16,Donnée validée,10,Expertisée,20,Bonne,7.38079998,48.059669735,QmnJ
A1580201,A158020101,1966-08-15,2660.0,2026-06-02T09:33:34Z,16,Donnée validée,10,Expertisée,20,Bonne,7.38079998,48.059669735,QmnJ
A1580201,A158020101,1966-08-16,2830.0,2026-06-02T09:33:34Z,16,Donnée validée,10,Expertisée,20,Bonne,7.38079998,48.059669735,QmnJ
A1580201,A158020101,1966-08-17,2660.0,2026-06-02T09:33:34Z,16,Donnée validée,10,Expertisée,20,Bonne,7.38079998,48.059669735,QmnJ
A1580201,A158020101,1966-08-18,2660.0,2026-06-02T09:33:34Z,16,Donnée validée,10,Expertisée,20,Bonne,7.38079998,48.059669735,QmnJ
A1580201,A158020101,1966-08-19,2830.0,2026-06-02T09:33:34Z,16,Donnée validée,10,Expertisée,20,Bonne,7.38079998,48.059669735,QmnJ
A1580201,A158020101,1966-08-20,3170.0,2026-06-02T09:33:34Z,16,Donnée validée,10,Expertisée,20,Bonne,7.38079998,48.059669735,QmnJ
A1580201,A158020101,1966-08-21,2830.0,2026-06-02T09:33:34Z,16,Donnée validée,10,Expertisée,20,Bonne,7.38079998,48.059669735,QmnJ
A1580201,A158020101,1966-08-22,4360.0,2026-06-02T09:33:34Z,16,Donnée validée,10,Expertisée,20,Bonne,7.38079998,48.059669735,QmnJ
A1580201,A158020101,1966-08-23,4190.0,2026-06-02T09:33:34Z,16,Donnée validée,10,Expertisée,20,Bonne,7.38079998,48.059669735,QmnJ
A1580201,A158020101,1966-08-24,3680.0,2026-06-02T09:33:34Z,16,Donnée validée,10,Expertisée,20,Bonne,7.38079998,48.059669735,QmnJ
A1580201,A158020101,1966-08-25,3510.0,2026-06-02T09:33:34Z,16,Donnée validée,10,Expertisée,20,Bonne,7.38079998,48.059669735,QmnJ
A1580201,A158020101,1966-08-26,3170.0,2026-06-02T09:33:34Z,16,Donnée validée,10,Expertisée,20,Bonne,7.38079998,48.059669735,QmnJ
A1580201,A158020101,1966-08-27,3000.0,2026-06-02T09:33:34Z,16,Donnée validée,10,Expertisée,20,Bonne,7.38079998,48.059669735,QmnJ
A1580201,A158020101,1966-08-28,3000.0,2026-06-02T09:33:34Z,16,Donnée validée,10,Expertisée,20,Bonne,7.38079998,48.059669735,QmnJ
A1580201,A158020101,1966-08-29,2830.0,2026-06-02T09:33:34Z,16,Donnée validée,10,Expertisée,20,Bonne,7.38079998,48.059669735,QmnJ
A1580201,A158020101,1966-08-30,2660.0,2026-06-02T09:33:34Z,16,Donnée validée,10,Expertisée,20,Bonne,7.38079998,48.059669735,QmnJ
A1580201,A158020101,1966-08-31,2320.0,2026-06-02T09:33:34Z,16,Donnée validée,10,Expertisée,20,Bonne,7.38079998,48.059669735,QmnJ
A1580201,A158020101,1966-09-01,2490.0,2026-06-02T09:33:34Z,16,Donnée validée,10,Expertisée,20,Bonne,7.38079998,48.059669735,QmnJ
A1580201,A158020101,1966-09-02,2160.0,2026-06-02T09:33:34Z,16,Donnée validée,10,Expertisée,20,Bonne,7.38079998,48.059669735,QmnJ
A1580201,A158020101,1966-09-03,1860.0,2026-06-02T09:33:34Z,16,Donnée validée,10,Expertisée,20,Bonne,7.38079998,48.059669735,QmnJ
A1580201,A158020101,1966-09-04,1860.0,2026-06-02T09:33:34Z,16,Donnée validée,10,Expertisée,20,Bonne,7.38079998,48.059669735,QmnJ
A1580201,A158020101,1966-09-05,1860.0,2026-06-02T09:33:34Z,16,Donnée validée,10,Expertisée,20,Bonne,7.38079998,48.059669735,QmnJ
A1580201,A158020101,1966-09-06,2160.0,2026-06-02T09:33:34Z,16,Donnée validée,10,Expertisée,20,Bonne,7.38079998,48.059669735,QmnJ
A1580201,A158020101,1966-09-07,1860.0,2026-06-02T09:33:34Z,16,Donnée validée,10,Expertisée,20,Bonne,7.38079998,48.059669735,QmnJ
A1580201,A158020101,1966-09-08,1860.0,2026-06-02T09:33:34Z,16,Donnée validée,10,Expertisée,20,Bonne,7.38079998,48.059669735,QmnJ
A1580201,A158020101,1966-09-09,1860.0,2026-06-02T09:33:34Z,16,Donnée validée,10,Expertisée,20,Bonne,7.38079998,48.059669735,QmnJ
A1580201,A158020101,1966-09-10,1860.0,2026-06-02T09:33:34Z,16,Donnée validée,10,Expertisée,20,Bonne,7.38079998,48.059669735,QmnJ
A1580201,A158020101,1966-09-11,1710.0,2026-06-02T09:33:34Z,16,Donnée validée,10,Expertisée,20,Bonne,7.38079998,48.059669735,QmnJ
A1580201,A158020101,1966-09-12,1560.0,2026-06-02T09:33:34Z,16,Donnée validée,10,Expertisée,20,Bonne,7.38079998,48.059669735,QmnJ
A1580201,A158020101,1966-09-13,2830.0,2026-06-02T09:33:34Z,16,Donnée validée,10,Expertisée,20,Bonne,7.38079998,48.059669735,QmnJ
A1580201,A158020101,1966-09-14,3510.0,2026-06-02T09:33:34Z,16,Donnée validée,10,Expertisée,20,Bonne,7.38079998,48.059669735,QmnJ
A1580201,A158020101,1966-09-15,2830.0,2026-06-02T09:33:34Z,16,Donnée validée,10,Expertisée,20,Bonne,7.38079998,48.059669735,QmnJ
A1580201,A158020101,1966-09-16,3170.0,2026-06-02T09:33:34Z,16,Donnée validée,10,Expertisée,20,Bonne,7.38079998,48.059669735,QmnJ
A1580201,A158020101,1966-09-17,3170.0,2026-06-02T09:33:34Z,16,Donnée validée,10,Expertisée,20,Bonne,7.38079998,48.059669735,QmnJ
A1580201,A158020101,1966-09-18,2830.0,2026-06-02T09:33:34Z,16,Donnée validée,10,Expertisée,20,Bonne,7.38079998,48.059669735,QmnJ
A1580201,A158020101,1966-09-19,2660.0,2026-06-02T09:33:34Z,16,Donnée validée,10,Expertisée,20,Bonne,7.38079998,48.059669735,QmnJ
A1580201,A158020101,1966-09-20,2320.0,2026-06-02T09:33:34Z,16,Donnée validée,10,Expertisée,20,Bonne,7.38079998,48.059669735,QmnJ
A1580201,A158020101,1966-09-21,2320.0,2026-06-02T09:33:34Z,16,Donnée validée,10,Expertisée,20,Bonne,7.38079998,48.059669735,QmnJ
A1580201,A158020101,1966-09-22,2320.0,2026-06-02T09:33:34Z,16,Donnée validée,10,Expertisée,20,Bonne,7.38079998,48.059669735,QmnJ
A1580201,A158020101,1966-09-23,2160.0,2026-06-02T09:33:34Z,16,Donnée validée,10,Expertisée,20,Bonne,7.38079998,48.059669735,QmnJ
A1580201,A158020101,1966-09-24,2160.0,2026-06-02T09:33:34Z,16,Donnée validée,10,Expertisée,20,Bonne,7.38079998,48.059669735,QmnJ
A1580201,A158020101,1966-09-25,2160.0,2026-06-02T09:33:34Z,16,Donnée validée,10,Expertisée,20,Bonne,7.38079998,48.059669735,QmnJ
A1580201,A158020101,1966-09-26,2010.0,2026-06-02T09:33:34Z,16,Donnée validée,10,Expertisée,20,Bonne,7.38079998,48.059669735,QmnJ
A1580201,A158020101,1966-09-27,1710.0,2026-06-02T09:33:34Z,16,Donnée validée,10,Expertisée,20,Bonne,7.38079998,48.059669735,QmnJ
A1580201,A158020101,1966-09-28,1560.0,2026-06-02T09:33:34Z,16,Donnée validée,10,Expertisée,20,Bonne,7.38079998,48.059669735,QmnJ
A1580201,A158020101,1966-09-29,1560.0,2026-06-02T09:33:34Z,16,Donnée validée,10,Expertisée,20,Bonne,7.38079998,48.059669735,QmnJ
A1580201,A158020101,1966-09-30,1710.0,2026-06-02T09:33:34Z,16,Donnée validée,10,Expertisée,20,Bonne,7.38079998,48.059669735,QmnJ
A1580201,A158020101,1966-10-01,2160.0,2026-06-02T09:33:34Z,16,Donnée validée,10,Expertisée,20,Bonne,7.38079998,48.059669735,QmnJ
A1580201,A158020101,1966-10-02,2010.0,2026-06-02T09:33:34Z,16,Donnée validée,10,Expertisée,20,Bonne,7.38079998,48.059669735,QmnJ
A1580201,A158020101,1966-10-03,2160.0,2026-06-02T09:33:34Z,16,Donnée validée,10,Expertisée,20,Bonne,7.38079998,48.059669735,QmnJ
A1580201,A158020101,1966-10-04,2320.0,2026-06-02T09:33:34Z,16,Donnée validée,10,Expertisée,20,Bonne,7.38079998,48.059669735,QmnJ
A1580201,A158020101,1966-10-05,2010.0,2026-06-02T09:33:34Z,16,Donnée validée,10,Expertisée,20,Bonne,7.38079998,48.059669735,QmnJ
A1580201,A158020101,1966-10-06,1860.0,2026-06-02T09:33:34Z,16,Donnée validée,10,Expertisée,20,Bonne,7.38079998,48.059669735,QmnJ
A1580201,A158020101,1966-10-07,1710.0,2026-06-02T09:33:34Z,16,Donnée validée,10,Expertisée,20,Bonne,7.38079998,48.059669735,QmnJ
A1580201,A158020101,1966-10-08,1710.0,2026-06-02T09:33:34Z,16,Donnée validée,10,Expertisée,20,Bonne,7.38079998,48.059669735,QmnJ
A1580201,A158020101,1966-10-09,1560.0,2026-06-02T09:33:34Z,16,Donnée validée,10,Expertisée,20,Bonne,7.38079998,48.059669735,QmnJ
A1580201,A158020101,1966-10-10,1410.0,2026-06-02T09:33:34Z,16,Donnée validée,10,Expertisée,20,Bonne,7.38079998,48.059669735,QmnJ
A1580201,A158020101,1966-10-11,1260.0,2026-06-02T09:33:34Z,16,Donnée validée,10,Expertisée,20,Bonne,7.38079998,48.059669735,QmnJ
A1580201,A158020101,1966-10-12,1410.0,2026-06-02T09:33:34Z,16,Donnée validée,10,Expertisée,20,Bonne,7.38079998,48.059669735,QmnJ
A1580201,A158020101,1966-10-13,1560.0,2026-06-02T09:33:34Z,16,Donnée validée,10,Expertisée,20,Bonne,7.38079998,48.059669735,QmnJ
A1580201,A158020101,1966-10-14,1560.0,2026-06-02T09:33:34Z,16,Donnée validée,10,Expertisée,20,Bonne,7.38079998,48.059669735,QmnJ
A1580201,A158020101,1966-10-15,1410.0,2026-06-02T09:33:34Z,16,Donnée validée,10,Expertisée,20,Bonne,7.38079998,48.059669735,QmnJ
A1580201,A158020101,1966-10-16,1560.0,2026-06-02T09:33:34Z,16,Donnée validée,10,Expertisée,20,Bonne,7.38079998,48.059669735,QmnJ
A1580201,A158020101,1966-10-17,1710.0,2026-06-02T09:33:34Z,16,Donnée validée,10,Expertisée,20,Bonne,7.38079998,48.059669735,QmnJ
A1580201,A158020101,1966-10-18,1710.0,2026-06-02T09:33:34Z,16,Donnée validée,10,Expertisée,20,Bonne,7.38079998,48.059669735,QmnJ
A1580201,A158020101,1966-10-19,1710.0,2026-06-02T09:33:34Z,16,Donnée validée,10,Expertisée,20,Bonne,7.38079998,48.059669735,QmnJ
A1580201,A158020101,1966-10-20,1710.0,2026-06-02T09:33:34Z,16,Donnée validée,10,Expertisée,20,Bonne,7.38079998,48.059669735,QmnJ
A1580201,A158020101,1966-10-21,1710.0,2026-06-02T09:33:34Z,16,Donnée validée,10,Expertisée,20,Bonne,7.38079998,48.059669735,QmnJ
A1580201,A158020101,1966-10-22,1710.0,2026-06-02T09:33:34Z,16,Donnée validée,10,Expertisée,20,Bonne,7.38079998,48.059669735,QmnJ
A1580201,A158020101,1966-10-23,2160.0,2026-06-02T09:33:34Z,16,Donnée validée,10,Expertisée,20,Bonne,7.38079998,48.059669735,QmnJ
A1580201,A158020101,1966-10-24,2010.0,2026-06-02T09:33:34Z,16,Donnée validée,10,Expertisée,20,Bonne,7.38079998,48.059669735,QmnJ
A1580201,A158020101,1966-10-25,2830.0,2026-06-02T09:33:34Z,16,Donnée validée,10,Expertisée,20,Bonne,7.38079998,48.059669735,QmnJ
A1580201,A158020101,1966-10-26,3000.0,2026-06-02T09:33:34Z,16,Donnée validée,10,Expertisée,20,Bonne,7.38079998,48.059669735,QmnJ
A1580201,A158020101,1966-10-27,3000.0,2026-06-02T09:33:34Z,16,Donnée validée,10,Expertisée,20,Bonne,7.38079998,48.059669735,QmnJ
A1580201,A158020101,1966-10-28,3000.0,2026-06-02T09:33:34Z,16,Donnée validée,10,Expertisée,20,Bonne,7.38079998,48.059669735,QmnJ
A1580201,A158020101,1966-10-29,2830.0,2026-06-02T09:33:34Z,16,Donnée validée,10,Expertisée,20,Bonne,7.38079998,48.059669735,QmnJ
A1580201,A158020101,1966-10-30,2660.0,2026-06-02T09:33:34Z,16,Donnée validée,10,Expertisée,20,Bonne,7.38079998,48.059669735,QmnJ
A1580201,A158020101,1966-10-31,2660.0,2026-06-02T09:33:34Z,16,Donnée validée,10,Expertisée,20,Bonne,7.38079998,48.059669735,QmnJ
A1580201,A158020101,1966-11-01,2490.0,2026-06-02T09:33:34Z,16,Donnée validée,10,Expertisée,20,Bonne,7.38079998,48.059669735,QmnJ
A1580201,A158020101,1966-11-02,2320.0,2026-06-02T09:33:34Z,16,Donnée validée,10,Expertisée,20,Bonne,7.38079998,48.059669735,QmnJ
A1580201,A158020101,1966-11-03,2320.0,2026-06-02T09:33:34Z,16,Donnée validée,10,Expertisée,20,Bonne,7.38079998,48.059669735,QmnJ
A1580201,A158020101,1966-11-04,2320.0,2026-06-02T09:33:34Z,16,Donnée validée,10,Expertisée,20,Bonne,7.38079998,48.059669735,QmnJ
A1580201,A158020101,1966-11-05,2660.0,2026-06-02T09:33:34Z,16,Donnée validée,10,Expertisée,20,Bonne,7.38079998,48.059669735,QmnJ
A1580201,A158020101,1966-11-06,3000.0,2026-06-02T09:33:34Z,16,Donnée validée,10,Expertisée,20,Bonne,7.38079998,48.059669735,QmnJ
A1580201,A158020101,1966-11-07,2830.0,2026-06-02T09:33:34Z,16,Donnée validée,10,Expertisée,20,Bonne,7.38079998,48.059669735,QmnJ
A1580201,A158020101,1966-11-08,2660.0,2026-06-02T09:33:34Z,16,Donnée validée,10,Expertisée,20,Bonne,7.38079998,48.059669735,QmnJ
A1580201,A158020101,1966-11-09,2430.0,2026-06-02T09:33:34Z,16,Donnée validée,10,Expertisée,20,Bonne,7.38079998,48.059669735,QmnJ
A1580201,A158020101,1966-11-10,2430.0,2026-06-02T09:33:34Z,16,Donnée validée,10,Expertisée,20,Bonne,7.38079998,48.059669735,QmnJ
A1580201,A158020101,1966-11-11,2320.0,2026-06-02T09:33:34Z,16,Donnée validée,10,Expertisée,20,Bonne,7.38079998,48.059669735,QmnJ
A1580201,A158020101,1966-11-12,2160.0,2026-06-02T09:33:34Z,16,Donnée validée,10,Expertisée,20,Bonne,7.38079998,48.059669735,QmnJ
A1580201,A158020101,1966-11-13,2320.0,2026-06-02T09:33:34Z,16,Donnée validée,10,Expertisée,20,Bonne,7.38079998,48.059669735,QmnJ
A1580201,A158020101,1966-11-14,2660.0,2026-06-02T09:33:34Z,16,Donnée validée,10,Expertisée,20,Bonne,7.38079998,48.059669735,QmnJ
A1580201,A158020101,1966-11-15,2660.0,2026-06-02T09:33:34Z,16,Donnée validée,10,Expertisée,20,Bonne,7.38079998,48.059669735,QmnJ
A1580201,A158020101,1966-11-16,2830.0,2026-06-02T09:33:34Z,16,Donnée validée,10,Expertisée,20,Bonne,7.38079998,48.059669735,QmnJ
A1580201,A158020101,1966-11-17,3340.0,2026-06-02T09:33:34Z,16,Donnée validée,10,Expertisée,20,Bonne,7.38079998,48.059669735,QmnJ
A1580201,A158020101,1966-11-18,3680.0,2026-06-02T09:33:34Z,16,Donnée validée,10,Expertisée,20,Bonne,7.38079998,48.059669735,QmnJ
A1580201,A158020101,1966-11-19,3510.0,2026-06-02T09:33:34Z,16,Donnée validée,10,Expertisée,20,Bonne,7.38079998,48.059669735,QmnJ
A1580201,A158020101,1966-11-20,3510.0,2026-06-02T09:33:34Z,16,Donnée validée,10,Expertisée,20,Bonne,7.38079998,48.059669735,QmnJ
A1580201,A158020101,1966-11-21,3340.0,2026-06-02T09:33:34Z,16,Donnée validée,10,Expertisée,20,Bonne,7.38079998,48.059669735,QmnJ
A1580201,A158020101,1966-11-22,3000.0,2026-06-02T09:33:34Z,16,Donnée validée,10,Expertisée,20,Bonne,7.38079998,48.059669735,QmnJ
A1580201,A158020101,1966-11-23,3000.0,2026-06-02T09:33:34Z,16,Donnée validée,10,Expertisée,20,Bonne,7.38079998,48.059669735,QmnJ
A1580201,A158020101,1966-11-24,3000.0,2026-06-02T09:33:34Z,16,Donnée validée,10,Expertisée,20,Bonne,7.38079998,48.059669735,QmnJ
A1580201,A158020101,1966-11-25,3000.0,2026-06-02T09:33:34Z,16,Donnée validée,10,Expertisée,20,Bonne,7.38079998,48.059669735,QmnJ
A1580201,A158020101,1966-11-26,2830.0,2026-06-02T09:33:34Z,16,Donnée validée,10,Expertisée,20,Bonne,7.38079998,48.059669735,QmnJ
A1580201,A158020101,1966-11-27,2490.0,2026-06-02T09:33:34Z,16,Donnée validée,10,Expertisée,20,Bonne,7.38079998,48.059669735,QmnJ
A1580201,A158020101,1966-11-28,2320.0,2026-06-02T09:33:34Z,16,Donnée validée,10,Expertisée,20,Bonne,7.38079998,48.059669735,QmnJ
A1580201,A158020101,1966-11-29,3170.0,2026-06-02T09:33:34Z,16,Donnée validée,10,Expertisée,20,Bonne,7.38079998,48.059669735,QmnJ
A1580201,A158020101,1966-11-30,4190.0,2026-06-02T09:33:34Z,16,Donnée validée,10,Expertisée,20,Bonne,7.38079998,48.059669735,QmnJ
A1580201,A158020101,1966-12-01,4700.0,2026-06-02T09:33:34Z,16,Donnée validée,10,Expertisée,20,Bonne,7.38079998,48.059669735,QmnJ
A1580201,A158020101,1966-12-02,5450.0,2026-06-02T09:33:34Z,16,Donnée validée,10,Expertisée,20,Bonne,7.38079998,48.059669735,QmnJ
A1580201,A158020101,1966-12-03,6050.0,2026-06-02T09:33:34Z,16,Donnée validée,10,Expertisée,20,Bonne,7.38079998,48.059669735,QmnJ
A1580201,A158020101,1966-12-04,6850.0,2026-06-02T09:33:34Z,16,Donnée validée,10,Expertisée,20,Bonne,7.38079998,48.059669735,QmnJ
A1580201,A158020101,1966-12-05,6050.0,2026-06-02T09:33:34Z,16,Donnée validée,10,Expertisée,20,Bonne,7.38079998,48.059669735,QmnJ
A1580201,A158020101,1966-12-06,5250.0,2026-06-02T09:33:34Z,16,Donnée validée,10,Expertisée,20,Bonne,7.38079998,48.059669735,QmnJ
A1580201,A158020101,1966-12-07,4530.0,2026-06-02T09:33:34Z,16,Donnée validée,10,Expertisée,20,Bonne,7.38079998,48.059669735,QmnJ
A1580201,A158020101,1966-12-08,4190.0,2026-06-02T09:33:34Z,16,Donnée validée,10,Expertisée,20,Bonne,7.38079998,48.059669735,QmnJ
A1580201,A158020101,1966-12-09,3850.0,2026-06-02T09:33:34Z,16,Donnée validée,10,Expertisée,20,Bonne,7.38079998,48.059669735,QmnJ
A1580201,A158020101,1966-12-10,4360.0,2026-06-02T09:33:34Z,16,Donnée validée,10,Expertisée,20,Bonne,7.38079998,48.059669735,QmnJ
A1580201,A158020101,1966-12-11,17200.0,2026-06-02T09:33:34Z,16,Donnée validée,10,Expertisée,20,Bonne,7.38079998,48.059669735,QmnJ
A1580201,A158020101,1966-12-12,16700.0,2026-06-02T09:33:34Z,16,Donnée validée,10,Expertisée,20,Bonne,7.38079998,48.059669735,QmnJ
A1580201,A158020101,1966-12-13,21000.0,2026-06-02T09:33:34Z,16,Donnée validée,10,Expertisée,20,Bonne,7.38079998,48.059669735,QmnJ
A1580201,A158020101,1966-12-14,22000.0,2026-06-02T09:33:34Z,16,Donnée validée,10,Expertisée,20,Bonne,7.38079998,48.059669735,QmnJ
A1580201,A158020101,1966-12-15,15500.0,2026-06-02T09:33:34Z,16,Donnée validée,10,Expertisée,20,Bonne,7.38079998,48.059669735,QmnJ
A1580201,A158020101,1966-12-16,11200.0,2026-06-02T09:33:34Z,16,Donnée validée,10,Expertisée,20,Bonne,7.38079998,48.059669735,QmnJ
A1580201,A158020101,1966-12-17,8350.0,2026-06-02T09:33:34Z,16,Donnée validée,10,Expertisée,20,Bonne,7.38079998,48.059669735,QmnJ
A1580201,A158020101,1966-12-18,7500.0,2026-06-02T09:33:34Z,16,Donnée validée,10,Expertisée,20,Bonne,7.38079998,48.059669735,QmnJ
A1580201,A158020101,1966-12-19,6650.0,2026-06-02T09:33:34Z,16,Donnée validée,10,Expertisée,20,Bonne,7.38079998,48.059669735,QmnJ
A1580201,A158020101,1966-12-20,6050.0,2026-06-02T09:33:34Z,16,Donnée validée,10,Expertisée,20,Bonne,7.38079998,48.059669735,QmnJ
A1580201,A158020101,1966-12-21,7050.0,2026-06-02T09:33:34Z,16,Donnée validée,10,Expertisée,20,Bonne,7.38079998,48.059669735,QmnJ
A1580201,A158020101,1966-12-22,6650.0,2026-06-02T09:33:34Z,16,Donnée validée,10,Expertisée,20,Bonne,7.38079998,48.059669735,QmnJ
A1580201,A158020101,1966-12-23,6650.0,2026-06-02T09:33:34Z,16,Donnée validée,10,Expertisée,20,Bonne,7.38079998,48.059669735,QmnJ
A1580201,A158020101,1966-12-24,6450.0,2026-06-02T09:33:34Z,16,Donnée validée,10,Expertisée,20,Bonne,7.38079998,48.059669735,QmnJ
A1580201,A158020101,1966-12-25,13700.0,2026-06-02T09:33:34Z,16,Donnée validée,10,Expertisée,20,Bonne,7.38079998,48.059669735,QmnJ
A1580201,A158020101,1966-12-26,15700.0,2026-06-02T09:33:34Z,16,Donnée validée,10,Expertisée,20,Bonne,7.38079998,48.059669735,QmnJ
A1580201,A158020101,1966-12-27,13200.0,2026-06-02T09:33:34Z,16,Donnée validée,10,Expertisée,20,Bonne,7.38079998,48.059669735,QmnJ
A1580201,A158020101,1966-12-28,10000.0,2026-06-02T09:33:34Z,16,Donnée validée,10,Expertisée,20,Bonne,7.38079998,48.059669735,QmnJ
A1580201,A158020101,1966-12-29,8800.0,2026-06-02T09:33:34Z,16,Donnée validée,10,Expertisée,20,Bonne,7.38079998,48.059669735,QmnJ
A1580201,A158020101,1966-12-30,10000.0,2026-06-02T09:33:34Z,16,Donnée validée,10,Expertisée,20,Bonne,7.38079998,48.059669735,QmnJ
A1580201,A158020101,1966-12-31,10200.0,2026-06-02T09:33:34Z,16,Donnée validée,10,Expertisée,20,Bonne,7.38079998,48.059669735,QmnJ
A1580201,A158020101,1967-01-01,11000.0,2026-06-02T09:33:34Z,16,Donnée validée,10,Expertisée,20,Bonne,7.38079998,48.059669735,QmnJ
A1580201,A158020101,1967-01-02,13000.0,2026-06-02T09:33:34Z,16,Donnée validée,10,Expertisée,20,Bonne,7.38079998,48.059669735,QmnJ
A1580201,A158020101,1967-01-03,11200.0,2026-06-02T09:33:34Z,16,Donnée validée,10,Expertisée,20,Bonne,7.38079998,48.059669735,QmnJ
A1580201,A158020101,1967-01-04,8150.0,2026-06-02T09:33:34Z,16,Donnée validée,10,Expertisée,20,Bonne,7.38079998,48.059669735,QmnJ
A1580201,A158020101,1967-01-05,3850.0,2026-06-02T09:33:34Z,16,Donnée validée,10,Expertisée,20,Bonne,7.38079998,48.059669735,QmnJ
A1580201,A158020101,1967-01-06,4190.0,2026-06-02T09:33:34Z,16,Donnée validée,10,Expertisée,20,Bonne,7.38079998,48.059669735,QmnJ
A1580201,A158020101,1967-01-07,4190.0,2026-06-02T09:33:34Z,16,Donnée validée,10,Expertisée,20,Bonne,7.38079998,48.059669735,QmnJ
A1580201,A158020101,1967-01-08,4190.0,2026-06-02T09:33:34Z,16,Donnée validée,10,Expertisée,20,Bonne,7.38079998,48.059669735,QmnJ
A1580201,A158020101,1967-01-09,4020.0,2026-06-02T09:33:34Z,16,Donnée validée,10,Expertisée,20,Bonne,7.38079998,48.059669735,QmnJ
A1580201,A158020101,1967-01-10,4190.0,2026-06-02T09:33:34Z,16,Donnée validée,10,Expertisée,20,Bonne,7.38079998,48.059669735,QmnJ
A1580201,A158020101,1967-01-11,4360.0,2026-06-02T09:33:34Z,16,Donnée validée,10,Expertisée,20,Bonne,7.38079998,48.059669735,QmnJ
A1580201,A158020101,1967-01-12,4360.0,2026-06-02T09:33:34Z,16,Donnée validée,10,Expertisée,20,Bonne,7.38079998,48.059669735,QmnJ
A1580201,A158020101,1967-01-13,4360.0,2026-06-02T09:33:34Z,16,Donnée validée,10,Expertisée,20,Bonne,7.38079998,48.059669735,QmnJ
A1580201,A158020101,1967-01-14,4020.0,2026-06-02T09:33:34Z,16,Donnée validée,10,Expertisée,20,Bonne,7.38079998,48.059669735,QmnJ
A1580201,A158020101,1967-01-15,4020.0,2026-06-02T09:33:34Z,16,Donnée validée,10,Expertisée,20,Bonne,7.38079998,48.059669735,QmnJ
A1580201,A158020101,1967-01-16,4020.0,2026-06-02T09:33:34Z,16,Donnée validée,10,Expertisée,20,Bonne,7.38079998,48.059669735,QmnJ
A1580201,A158020101,1967-01-17,3850.0,2026-06-02T09:33:34Z,16,Donnée validée,10,Expertisée,20,Bonne,7.38079998,48.059669735,QmnJ
A1580201,A158020101,1967-01-18,3510.0,2026-06-02T09:33:34Z,16,Donnée validée,10,Expertisée,20,Bonne,7.38079998,48.059669735,QmnJ
A1580201,A158020101,1967-01-19,3510.0,2026-06-02T09:33:34Z,16,Donnée validée,10,Expertisée,20,Bonne,7.38079998,48.059669735,QmnJ
A1580201,A158020101,1967-01-20,3510.0,2026-06-02T09:33:34Z,16,Donnée validée,10,Expertisée,20,Bonne,7.38079998,48.059669735,QmnJ
A1580201,A158020101,1967-01-21,3170.0,2026-06-02T09:33:34Z,16,Donnée validée,10,Expertisée,20,Bonne,7.38079998,48.059669735,QmnJ
A1580201,A158020101,1967-01-22,3510.0,2026-06-02T09:33:34Z,16,Donnée validée,10,Expertisée,20,Bonne,7.38079998,48.059669735,QmnJ
A1580201,A158020101,1967-01-23,3510.0,2026-06-02T09:33:34Z,16,Donnée validée,10,Expertisée,20,Bonne,7.38079998,48.059669735,QmnJ
A1580201,A158020101,1967-01-24,3510.0,2026-06-02T09:33:34Z,16,Donnée validée,10,Expertisée,20,Bonne,7.38079998,48.059669735,QmnJ
A1580201,A158020101,1967-01-25,3680.0,2026-06-02T09:33:34Z,16,Donnée validée,10,Expertisée,20,Bonne,7.38079998,48.059669735,QmnJ
A1580201,A158020101,1967-01-26,4700.0,2026-06-02T09:33:34Z,16,Donnée validée,10,Expertisée,20,Bonne,7.38079998,48.059669735,QmnJ
A1580201,A158020101,1967-01-27,10000.0,2026-06-02T09:33:34Z,16,Donnée validée,10,Expertisée,20,Bonne,7.38079998,48.059669735,QmnJ
A1580201,A158020101,1967-01-28,12500.0,2026-06-02T09:33:34Z,16,Donnée validée,10,Expertisée,20,Bonne,7.38079998,48.059669735,QmnJ
A1580201,A158020101,1967-01-29,9300.0,2026-06-02T09:33:34Z,16,Donnée validée,10,Expertisée,20,Bonne,7.38079998,48.059669735,QmnJ
A1580201,A158020101,1967-01-30,9300.0,2026-06-02T09:33:34Z,16,Donnée validée,10,Expertisée,20,Bonne,7.38079998,48.059669735,QmnJ
A1580201,A158020101,1967-01-31,7900.0,2026-06-02T09:33:34Z,16,Donnée validée,10,Expertisée,20,Bonne,7.38079998,48.059669735,QmnJ
A1580201,A158020101,1967-02-01,7300.0,2026-06-02T09:33:34Z,16,Donnée validée,10,Expertisée,20,Bonne,7.38079998,48.059669735,QmnJ
A1580201,A158020101,1967-02-02,6250.0,2026-06-02T09:33:34Z,16,Donnée validée,10,Expertisée,20,Bonne,7.38079998,48.059669735,QmnJ
A1580201,A158020101,1967-02-03,6050.0,2026-06-02T09:33:34Z,16,Donnée validée,10,Expertisée,20,Bonne,7.38079998,48.059669735,QmnJ
A1580201,A158020101,1967-02-04,6050.0,2026-06-02T09:33:34Z,16,Donnée validée,10,Expertisée,20,Bonne,7.38079998,48.059669735,QmnJ
A1580201,A158020101,1967-02-05,6050.0,2026-06-02T09:33:34Z,16,Donnée validée,10,Expertisée,20,Bonne,7.38079998,48.059669735,QmnJ
A1580201,A158020101,1967-02-06,5850.0,2026-06-02T09:33:34Z,16,Donnée validée,10,Expertisée,20,Bonne,7.38079998,48.059669735,QmnJ
A1580201,A158020101,1967-02-07,5100.0,2026-06-02T09:33:34Z,16,Donnée validée,10,Expertisée,20,Bonne,7.38079998,48.059669735,QmnJ
A1580201,A158020101,1967-02-08,4700.0,2026-06-02T09:33:34Z,16,Donnée validée,10,Expertisée,20,Bonne,7.38079998,48.059669735,QmnJ
A1580201,A158020101,1967-02-09,4360.0,2026-06-02T09:33:34Z,16,Donnée validée,10,Expertisée,20,Bonne,7.38079998,48.059669735,QmnJ
A1580201,A158020101,1967-02-10,4020.0,2026-06-02T09:33:34Z,16,Donnée validée,10,Expertisée,20,Bonne,7.38079998,48.059669735,QmnJ
A1580201,A158020101,1967-02-11,3850.0,2026-06-02T09:33:34Z,16,Donnée validée,10,Expertisée,20,Bonne,7.38079998,48.059669735,QmnJ
A1580201,A158020101,1967-02-12,3680.0,2026-06-02T09:33:34Z,16,Donnée validée,10,Expertisée,20,Bonne,7.38079998,48.059669735,QmnJ
A1580201,A158020101,1967-02-13,3680.0,2026-06-02T09:33:34Z,16,Donnée validée,10,Expertisée,20,Bonne,7.38079998,48.059669735,QmnJ
A1580201,A158020101,1967-02-14,3340.0,2026-06-02T09:33:34Z,16,Donnée validée,10,Expertisée,20,Bonne,7.38079998,48.059669735,QmnJ
A1580201,A158020101,1967-02-15,2830.0,2026-06-02T09:33:34Z,16,Donnée validée,10,Expertisée,20,Bonne,7.38079998,48.059669735,QmnJ
A1580201,A158020101,1967-02-16,3000.0,2026-06-02T09:33:34Z,16,Donnée validée,10,Expertisée,20,Bonne,7.38079998,48.059669735,QmnJ
A1580201,A158020101,1967-02-17,3000.0,2026-06-02T09:33:34Z,16,Donnée validée,10,Expertisée,20,Bonne,7.38079998,48.059669735,QmnJ
A1580201,A158020101,1967-02-18,3170.0,2026-06-02T09:33:34Z,16,Donnée validée,10,Expertisée,20,Bonne,7.38079998,48.059669735,QmnJ
A1580201,A158020101,1967-02-19,3000.0,2026-06-02T09:33:34Z,16,Donnée validée,10,Expertisée,20,Bonne,7.38079998,48.059669735,QmnJ
A1580201,A158020101,1967-02-20,4700.0,2026-06-02T09:33:34Z,16,Donnée validée,10,Expertisée,20,Bonne,7.38079998,48.059669735,QmnJ
A1580201,A158020101,1967-02-21,6050.0,2026-06-02T09:33:34Z,16,Donnée validée,10,Expertisée,20,Bonne,7.38079998,48.059669735,QmnJ
A1580201,A158020101,1967-02-22,7700.0,2026-06-02T09:33:34Z,16,Donnée validée,10,Expertisée,20,Bonne,7.38079998,48.059669735,QmnJ
A1580201,A158020101,1967-02-23,7700.0,2026-06-02T09:33:34Z,16,Donnée validée,10,Expertisée,20,Bonne,7.38079998,48.059669735,QmnJ
A1580201,A158020101,1967-02-24,7900.0,2026-06-02T09:33:34Z,16,Donnée validée,10,Expertisée,20,Bonne,7.38079998,48.059669735,QmnJ
A1580201,A158020101,1967-02-25,7300.0,2026-06-02T09:33:34Z,16,Donnée validée,10,Expertisée,20,Bonne,7.38079998,48.059669735,QmnJ
A1580201,A158020101,1967-02-26,6650.0,2026-06-02T09:33:34Z,16,Donnée validée,10,Expertisée,20,Bonne,7.38079998,48.059669735,QmnJ
A1580201,A158020101,1967-02-27,6050.0,2026-06-02T09:33:34Z,16,Donnée validée,10,Expertisée,20,Bonne,7.38079998,48.059669735,QmnJ
A1580201,A158020101,1967-02-28,5650.0,2026-06-02T09:33:34Z,16,Donnée validée,10,Expertisée,20,Bonne,7.38079998,48.059669735,QmnJ
A1580201,A158020101,1967-03-01,8800.0,2026-06-02T09:33:34Z,16,Donnée validée,10,Expertisée,20,Bonne,7.38079998,48.059669735,QmnJ
A1580201,A158020101,1967-03-02,8350.0,2026-06-02T09:33:34Z,16,Donnée validée,10,Expertisée,20,Bonne,7.38079998,48.059669735,QmnJ
A1580201,A158020101,1967-03-03,8150.0,2026-06-02T09:33:34Z,16,Donnée validée,10,Expertisée,20,Bonne,7.38079998,48.059669735,QmnJ
A1580201,A158020101,1967-03-04,7300.0,2026-06-02T09:33:34Z,16,Donnée validée,10,Expertisée,20,Bonne,7.38079998,48.059669735,QmnJ
A1580201,A158020101,1967-03-05,5250.0,2026-06-02T09:33:34Z,16,Donnée validée,10,Expertisée,20,Bonne,7.38079998,48.059669735,QmnJ
A1580201,A158020101,1967-03-06,5650.0,2026-06-02T09:33:34Z,16,Donnée validée,10,Expertisée,20,Bonne,7.38079998,48.059669735,QmnJ
A1580201,A158020101,1967-03-07,5450.0,2026-06-02T09:33:34Z,16,Donnée validée,10,Expertisée,20,Bonne,7.38079998,48.059669735,QmnJ
A1580201,A158020101,1967-03-08,5250.0,2026-06-02T09:33:34Z,16,Donnée validée,10,Expertisée,20,Bonne,7.38079998,48.059669735,QmnJ
A1580201,A158020101,1967-03-09,5250.0,2026-06-02T09:33:34Z,16,Donnée validée,10,Expertisée,20,Bonne,7.38079998,48.059669735,QmnJ
A1580201,A158020101,1967-03-10,5250.0,2026-06-02T09:33:34Z,16,Donnée validée,10,Expertisée,20,Bonne,7.38079998,48.059669735,QmnJ
A1580201,A158020101,1967-03-11,5450.0,2026-06-02T09:33:34Z,16,Donnée validée,10,Expertisée,20,Bonne,7.38079998,48.059669735,QmnJ
A1580201,A158020101,1967-03-12,6650.0,2026-06-02T09:33:34Z,16,Donnée validée,10,Expertisée,20,Bonne,7.38079998,48.059669735,QmnJ
A1580201,A158020101,1967-03-13,6650.0,2026-06-02T09:33:34Z,16,Donnée validée,10,Expertisée,20,Bonne,7.38079998,48.059669735,QmnJ
A1580201,A158020101,1967-03-14,6450.0,2026-06-02T09:33:34Z,16,Donnée validée,10,Expertisée,20,Bonne,7.38079998,48.059669735,QmnJ
A1580201,A158020101,1967-03-15,6250.0,2026-06-02T09:33:34Z,16,Donnée validée,10,Expertisée,20,Bonne,7.38079998,48.059669735,QmnJ
A1580201,A158020101,1967-03-16,6250.0,2026-06-02T09:33:34Z,16,Donnée validée,10,Expertisée,20,Bonne,7.38079998,48.059669735,QmnJ
A1580201,A158020101,1967-03-17,5450.0,2026-06-02T09:33:34Z,16,Donnée validée,10,Expertisée,20,Bonne,7.38079998,48.059669735,QmnJ
A1580201,A158020101,1967-03-18,5850.0,2026-06-02T09:33:34Z,16,Donnée validée,10,Expertisée,20,Bonne,7.38079998,48.059669735,QmnJ
A1580201,A158020101,1967-03-19,6650.0,2026-06-02T09:33:34Z,16,Donnée validée,10,Expertisée,20,Bonne,7.38079998,48.059669735,QmnJ
A1580201,A158020101,1967-03-20,6050.0,2026-06-02T09:33:34Z,16,Donnée validée,10,Expertisée,20,Bonne,7.38079998,48.059669735,QmnJ
A1580201,A158020101,1967-03-21,5850.0,2026-06-02T09:33:34Z,16,Donnée validée,10,Expertisée,20,Bonne,7.38079998,48.059669735,QmnJ
A1580201,A158020101,1967-03-22,5650.0,2026-06-02T09:33:34Z,16,Donnée validée,10,Expertisée,20,Bonne,7.38079998,48.059669735,QmnJ
A1580201,A158020101,1967-03-23,5450.0,2026-06-02T09:33:34Z,16,Donnée validée,10,Expertisée,20,Bonne,7.38079998,48.059669735,QmnJ
A1580201,A158020101,1967-03-24,4890.0,2026-06-02T09:33:34Z,16,Donnée validée,10,Expertisée,20,Bonne,7.38079998,48.059669735,QmnJ
A1580201,A158020101,1967-03-25,4530.0,2026-06-02T09:33:34Z,16,Donnée validée,10,Expertisée,20,Bonne,7.38079998,48.059669735,QmnJ
A1580201,A158020101,1967-03-26,4700.0,2026-06-02T09:33:34Z,16,Donnée validée,10,Expertisée,20,Bonne,7.38079998,48.059669735,QmnJ
A1580201,A158020101,1967-03-27,5250.0,2026-06-02T09:33:34Z,16,Donnée validée,10,Expertisée,20,Bonne,7.38079998,48.059669735,QmnJ
A1580201,A158020101,1967-03-28,6650.0,2026-06-02T09:33:34Z,16,Donnée validée,10,Expertisée,20,Bonne,7.38079998,48.059669735,QmnJ
A1580201,A158020101,1967-03-29,8350.0,2026-06-02T09:33:34Z,16,Donnée validée,10,Expertisée,20,Bonne,7.38079998,48.059669735,QmnJ
A1580201,A158020101,1967-03-30,7500.0,2026-06-02T09:33:34Z,16,Donnée validée,10,Expertisée,20,Bonne,7.38079998,48.059669735,QmnJ
A1580201,A158020101,1967-03-31,6650.0,2026-06-02T09:33:34Z,16,Donnée validée,10,Expertisée,20,Bonne,7.38079998,48.059669735,QmnJ
A1580201,A158020101,1967-04-01,5650.0,2026-06-02T09:33:34Z,16,Donnée validée,10,Expertisée,20,Bonne,7.38079998,48.059669735,QmnJ
A1580201,A158020101,1967-04-02,4890.0,2026-06-02T09:33:34Z,16,Donnée validée,10,Expertisée,20,Bonne,7.38079998,48.059669735,QmnJ
A1580201,A158020101,1967-04-03,5250.0,2026-06-02T09:33:34Z,16,Donnée validée,10,Expertisée,20,Bonne,7.38079998,48.059669735,QmnJ
A1580201,A158020101,1967-04-04,4890.0,2026-06-02T09:33:34Z,16,Donnée validée,10,Expertisée,20,Bonne,7.38079998,48.059669735,QmnJ
A1580201,A158020101,1967-04-05,4530.0,2026-06-02T09:33:34Z,16,Donnée validée,10,Expertisée,20,Bonne,7.38079998,48.059669735,QmnJ
A1580201,A158020101,1967-04-06,4360.0,2026-06-02T09:33:34Z,16,Donnée validée,10,Expertisée,20,Bonne,7.38079998,48.059669735,QmnJ
A1580201,A158020101,1967-04-07,4890.0,2026-06-02T09:33:34Z,16,Donnée validée,10,Expertisée,20,Bonne,7.38079998,48.059669735,QmnJ
A1580201,A158020101,1967-04-08,4700.0,2026-06-02T09:33:34Z,16,Donnée validée,10,Expertisée,20,Bonne,7.38079998,48.059669735,QmnJ
A1580201,A158020101,1967-04-09,4530.0,2026-06-02T09:33:34Z,16,Donnée validée,10,Expertisée,20,Bonne,7.38079998,48.059669735,QmnJ
A1580201,A158020101,1967-04-10,4530.0,2026-06-02T09:33:34Z,16,Donnée validée,10,Expertisée,20,Bonne,7.38079998,48.059669735,QmnJ
A1580201,A158020101,1967-04-11,4360.0,2026-06-02T09:33:34Z,16,Donnée validée,10,Expertisée,20,Bonne,7.38079998,48.059669735,QmnJ
A1580201,A158020101,1967-04-12,4190.0,2026-06-02T09:33:34Z,16,Donnée validée,10,Expertisée,20,Bonne,7.38079998,48.059669735,QmnJ
A1580201,A158020101,1967-04-13,4360.0,2026-06-02T09:33:34Z,16,Donnée validée,10,Expertisée,20,Bonne,7.38079998,48.059669735,QmnJ
A1580201,A158020101,1967-04-14,4360.0,2026-06-02T09:33:34Z,16,Donnée validée,10,Expertisée,20,Bonne,7.38079998,48.059669735,QmnJ
A1580201,A158020101,1967-04-15,4530.0,2026-06-02T09:33:34Z,16,Donnée validée,10,Expertisée,20,Bonne,7.38079998,48.059669735,QmnJ
A1580201,A158020101,1967-04-16,4530.0,2026-06-02T09:33:34Z,16,Donnée validée,10,Expertisée,20,Bonne,7.38079998,48.059669735,QmnJ
A1580201,A158020101,1967-04-17,4530.0,2026-06-02T09:33:34Z,16,Donnée validée,10,Expertisée,20,Bonne,7.38079998,48.059669735,QmnJ
A1580201,A158020101,1967-04-18,4360.0,2026-06-02T09:33:34Z,16,Donnée validée,10,Expertisée,20,Bonne,7.38079998,48.059669735,QmnJ
A1580201,A158020101,1967-04-19,4360.0,2026-06-02T09:33:34Z,16,Donnée validée,10,Expertisée,20,Bonne,7.38079998,48.059669735,QmnJ
A1580201,A158020101,1967-04-20,4190.0,2026-06-02T09:33:34Z,16,Donnée validée,10,Expertisée,20,Bonne,7.38079998,48.059669735,QmnJ
A1580201,A158020101,1967-04-21,4020.0,2026-06-02T09:33:34Z,16,Donnée validée,10,Expertisée,20,Bonne,7.38079998,48.059669735,QmnJ
A1580201,A158020101,1967-04-22,3850.0,2026-06-02T09:33:34Z,16,Donnée validée,10,Expertisée,20,Bonne,7.38079998,48.059669735,QmnJ
A1580201,A158020101,1967-04-23,3850.0,2026-06-02T09:33:34Z,16,Donnée validée,10,Expertisée,20,Bonne,7.38079998,48.059669735,QmnJ
A1580201,A158020101,1967-04-24,3680.0,2026-06-02T09:33:34Z,16,Donnée validée,10,Expertisée,20,Bonne,7.38079998,48.059669735,QmnJ
A1580201,A158020101,1967-04-25,3680.0,2026-06-02T09:33:34Z,16,Donnée validée,10,Expertisée,20,Bonne,7.38079998,48.059669735,QmnJ
A1580201,A158020101,1967-04-26,3680.0,2026-06-02T09:33:34Z,16,Donnée validée,10,Expertisée,20,Bonne,7.38079998,48.059669735,QmnJ
A1580201,A158020101,1967-04-27,3000.0,2026-06-02T09:33:34Z,16,Donnée validée,10,Expertisée,20,Bonne,7.38079998,48.059669735,QmnJ
A1580201,A158020101,1967-04-28,3000.0,2026-06-02T09:33:34Z,16,Donnée validée,10,Expertisée,20,Bonne,7.38079998,48.059669735,QmnJ
A1580201,A158020101,1967-04-29,3000.0,2026-06-02T09:33:34Z,16,Donnée validée,10,Expertisée,20,Bonne,7.38079998,48.059669735,QmnJ
A1580201,A158020101,1967-04-30,2830.0,2026-06-02T09:33:34Z,16,Donnée validée,10,Expertisée,20,Bonne,7.38079998,48.059669735,QmnJ
A1580201,A158020101,1967-05-01,2160.0,2026-06-02T09:33:34Z,16,Donnée validée,10,Expertisée,20,Bonne,7.38079998,48.059669735,QmnJ
A1580201,A158020101,1967-05-02,2320.0,2026-06-02T09:33:34Z,16,Donnée validée,10,Expertisée,20,Bonne,7.38079998,48.059669735,QmnJ
A1580201,A158020101,1967-05-03,2490.0,2026-06-02T09:33:34Z,16,Donnée validée,10,Expertisée,20,Bonne,7.38079998,48.059669735,QmnJ
A1580201,A158020101,1967-05-04,2320.0,2026-06-02T09:33:34Z,16,Donnée validée,10,Expertisée,20,Bonne,7.38079998,48.059669735,QmnJ
A1580201,A158020101,1967-05-05,2490.0,2026-06-02T09:33:34Z,16,Donnée validée,10,Expertisée,20,Bonne,7.38079998,48.059669735,QmnJ
A1580201,A158020101,1967-05-06,2320.0,2026-06-02T09:33:34Z,16,Donnée validée,10,Expertisée,20,Bonne,7.38079998,48.059669735,QmnJ
A1580201,A158020101,1967-05-07,2160.0,2026-06-02T09:33:34Z,16,Donnée validée,10,Expertisée,20,Bonne,7.38079998,48.059669735,QmnJ
A1580201,A158020101,1967-05-08,2010.0,2026-06-02T09:33:34Z,16,Donnée validée,10,Expertisée,20,Bonne,7.38079998,48.059669735,QmnJ
A1580201,A158020101,1967-05-09,1860.0,2026-06-02T09:33:34Z,16,Donnée validée,10,Expertisée,20,Bonne,7.38079998,48.059669735,QmnJ
A1580201,A158020101,1967-05-10,1860.0,2026-06-02T09:33:34Z,16,Donnée validée,10,Expertisée,20,Bonne,7.38079998,48.059669735,QmnJ
A1580201,A158020101,1967-05-11,1560.0,2026-06-02T09:33:34Z,16,Donnée validée,10,Expertisée,20,Bonne,7.38079998,48.059669735,QmnJ
A1580201,A158020101,1967-05-12,1860.0,2026-06-02T09:33:34Z,16,Donnée validée,10,Expertisée,20,Bonne,7.38079998,48.059669735,QmnJ
A1580201,A158020101,1967-05-13,1560.0,2026-06-02T09:33:34Z,16,Donnée validée,10,Expertisée,20,Bonne,7.38079998,48.059669735,QmnJ
A1580201,A158020101,1967-05-14,1860.0,2026-06-02T09:33:34Z,16,Donnée validée,10,Expertisée,20,Bonne,7.38079998,48.059669735,QmnJ
A1580201,A158020101,1967-05-15,2160.0,2026-06-02T09:33:34Z,16,Donnée validée,10,Expertisée,20,Bonne,7.38079998,48.059669735,QmnJ
A1580201,A158020101,1967-05-16,2660.0,2026-06-02T09:33:34Z,16,Donnée validée,10,Expertisée,20,Bonne,7.38079998,48.059669735,QmnJ
A1580201,A158020101,1967-05-17,3000.0,2026-06-02T09:33:34Z,16,Donnée validée,10,Expertisée,20,Bonne,7.38079998,48.059669735,QmnJ
A1580201,A158020101,1967-05-18,3850.0,2026-06-02T09:33:34Z,16,Donnée validée,10,Expertisée,20,Bonne,7.38079998,48.059669735,QmnJ
A1580201,A158020101,1967-05-19,3170.0,2026-06-02T09:33:34Z,16,Donnée validée,10,Expertisée,20,Bonne,7.38079998,48.059669735,QmnJ
A1580201,A158020101,1967-05-20,3000.0,2026-06-02T09:33:34Z,16,Donnée validée,10,Expertisée,20,Bonne,7.38079998,48.059669735,QmnJ
A1580201,A158020101,1967-05-21,2660.0,2026-06-02T09:33:34Z,16,Donnée validée,10,Expertisée,20,Bonne,7.38079998,48.059669735,QmnJ
A1580201,A158020101,1967-05-22,2490.0,2026-06-02T09:33:34Z,16,Donnée validée,10,Expertisée,20,Bonne,7.38079998,48.059669735,QmnJ
A1580201,A158020101,1967-05-23,3000.0,2026-06-02T09:33:34Z,16,Donnée validée,10,Expertisée,20,Bonne,7.38079998,48.059669735,QmnJ
A1580201,A158020101,1967-05-24,3680.0,2026-06-02T09:33:34Z,16,Donnée validée,10,Expertisée,20,Bonne,7.38079998,48.059669735,QmnJ
A1580201,A158020101,1967-05-25,3170.0,2026-06-02T09:33:34Z,16,Donnée validée,10,Expertisée,20,Bonne,7.38079998,48.059669735,QmnJ
A1580201,A158020101,1967-05-26,9500.0,2026-06-02T09:33:34Z,16,Donnée validée,10,Expertisée,20,Bonne,7.38079998,48.059669735,QmnJ
A1580201,A158020101,1967-05-27,9300.0,2026-06-02T09:33:34Z,16,Donnée validée,10,Expertisée,20,Bonne,7.38079998,48.059669735,QmnJ
A1580201,A158020101,1967-05-28,7700.0,2026-06-02T09:33:34Z,16,Donnée validée,10,Expertisée,20,Bonne,7.38079998,48.059669735,QmnJ
A1580201,A158020101,1967-05-29,6850.0,2026-06-02T09:33:34Z,16,Donnée validée,10,Expertisée,20,Bonne,7.38079998,48.059669735,QmnJ
A1580201,A158020101,1967-05-30,6450.0,2026-06-02T09:33:34Z,16,Donnée validée,10,Expertisée,20,Bonne,7.38079998,48.059669735,QmnJ
A1580201,A158020101,1967-05-31,6050.0,2026-06-02T09:33:34Z,16,Donnée validée,10,Expertisée,20,Bonne,7.38079998,48.059669735,QmnJ
A1580201,A158020101,1967-06-01,5650.0,2026-06-02T09:33:34Z,16,Donnée validée,10,Expertisée,20,Bonne,7.38079998,48.059669735,QmnJ
A1580201,A158020101,1967-06-02,5100.0,2026-06-02T09:33:34Z,16,Donnée validée,10,Expertisée,20,Bonne,7.38079998,48.059669735,QmnJ
A1580201,A158020101,1967-06-03,4530.0,2026-06-02T09:33:34Z,16,Donnée validée,10,Expertisée,20,Bonne,7.38079998,48.059669735,QmnJ
A1580201,A158020101,1967-06-04,3850.0,2026-06-02T09:33:34Z,16,Donnée validée,10,Expertisée,20,Bonne,7.38079998,48.059669735,QmnJ
A1580201,A158020101,1967-06-05,3850.0,2026-06-02T09:33:34Z,16,Donnée validée,10,Expertisée,20,Bonne,7.38079998,48.059669735,QmnJ
A1580201,A158020101,1967-06-06,3680.0,2026-06-02T09:33:34Z,16,Donnée validée,10,Expertisée,20,Bonne,7.38079998,48.059669735,QmnJ
A1580201,A158020101,1967-06-07,3850.0,2026-06-02T09:33:34Z,16,Donnée validée,10,Expertisée,20,Bonne,7.38079998,48.059669735,QmnJ
A1580201,A158020101,1967-06-08,3850.0,2026-06-02T09:33:34Z,16,Donnée validée,10,Expertisée,20,Bonne,7.38079998,48.059669735,QmnJ
A1580201,A158020101,1967-06-09,3850.0,2026-06-02T09:33:34Z,16,Donnée validée,10,Expertisée,20,Bonne,7.38079998,48.059669735,QmnJ
A1580201,A158020101,1967-06-10,3850.0,2026-06-02T09:33:34Z,16,Donnée validée,10,Expertisée,20,Bonne,7.38079998,48.059669735,QmnJ
A1580201,A158020101,1967-06-11,3680.0,2026-06-02T09:33:34Z,16,Donnée validée,10,Expertisée,20,Bonne,7.38079998,48.059669735,QmnJ
A1580201,A158020101,1967-06-12,3510.0,2026-06-02T09:33:34Z,16,Donnée validée,10,Expertisée,20,Bonne,7.38079998,48.059669735,QmnJ
A1580201,A158020101,1967-06-13,3340.0,2026-06-02T09:33:34Z,16,Donnée validée,10,Expertisée,20,Bonne,7.38079998,48.059669735,QmnJ
A1580201,A158020101,1967-06-14,3170.0,2026-06-02T09:33:34Z,16,Donnée validée,10,Expertisée,20,Bonne,7.38079998,48.059669735,QmnJ
A1580201,A158020101,1967-06-15,3000.0,2026-06-02T09:33:34Z,16,Donnée validée,10,Expertisée,20,Bonne,7.38079998,48.059669735,QmnJ
A1580201,A158020101,1967-06-16,2830.0,2026-06-02T09:33:34Z,16,Donnée validée,10,Expertisée,20,Bonne,7.38079998,48.059669735,QmnJ
A1580201,A158020101,1967-06-17,2660.0,2026-06-02T09:33:34Z,16,Donnée validée,10,Expertisée,20,Bonne,7.38079998,48.059669735,QmnJ
A1580201,A158020101,1967-06-18,2660.0,2026-06-02T09:33:34Z,16,Donnée validée,10,Expertisée,20,Bonne,7.38079998,48.059669735,QmnJ
A1580201,A158020101,1967-06-19,2830.0,2026-06-02T09:33:34Z,16,Donnée validée,10,Expertisée,20,Bonne,7.38079998,48.059669735,QmnJ
A1580201,A158020101,1967-06-20,3000.0,2026-06-02T09:33:34Z,16,Donnée validée,10,Expertisée,20,Bonne,7.38079998,48.059669735,QmnJ
A1580201,A158020101,1967-06-21,2830.0,2026-06-02T09:33:34Z,16,Donnée validée,10,Expertisée,20,Bonne,7.38079998,48.059669735,QmnJ
A1580201,A158020101,1967-06-22,2660.0,2026-06-02T09:33:34Z,16,Donnée validée,10,Expertisée,20,Bonne,7.38079998,48.059669735,QmnJ
A1580201,A158020101,1967-06-23,2320.0,2026-06-02T09:33:34Z,16,Donnée validée,10,Expertisée,20,Bonne,7.38079998,48.059669735,QmnJ
A1580201,A158020101,1967-06-24,2160.0,2026-06-02T09:33:34Z,16,Donnée validée,10,Expertisée,20,Bonne,7.38079998,48.059669735,QmnJ
A1580201,A158020101,1967-06-25,2160.0,2026-06-02T09:33:34Z,16,Donnée validée,10,Expertisée,20,Bonne,7.38079998,48.059669735,QmnJ
A1580201,A158020101,1967-06-26,1860.0,2026-06-02T09:33:34Z,16,Donnée validée,10,Expertisée,20,Bonne,7.38079998,48.059669735,QmnJ
A1580201,A158020101,1967-06-27,2660.0,2026-06-02T09:33:34Z,16,Donnée validée,10,Expertisée,20,Bonne,7.38079998,48.059669735,QmnJ
A1580201,A158020101,1967-06-28,3000.0,2026-06-02T09:33:34Z,16,Donnée validée,10,Expertisée,20,Bonne,7.38079998,48.059669735,QmnJ
A1580201,A158020101,1967-06-29,2660.0,2026-06-02T09:33:34Z,16,Donnée validée,10,Expertisée,20,Bonne,7.38079998,48.059669735,QmnJ
A1580201,A158020101,1967-06-30,2320.0,2026-06-02T09:33:34Z,16,Donnée validée,10,Expertisée,20,Bonne,7.38079998,48.059669735,QmnJ
A1580201,A158020101,1967-07-01,2010.0,2026-06-02T09:33:34Z,16,Donnée validée,10,Expertisée,20,Bonne,7.38079998,48.059669735,QmnJ
A1580201,A158020101,1967-07-02,1860.0,2026-06-02T09:33:34Z,16,Donnée validée,10,Expertisée,20,Bonne,7.38079998,48.059669735,QmnJ
A1580201,A158020101,1967-07-03,1560.0,2026-06-02T09:33:34Z,16,Donnée validée,10,Expertisée,20,Bonne,7.38079998,48.059669735,QmnJ
A1580201,A158020101,1967-07-04,1410.0,2026-06-02T09:33:34Z,16,Donnée validée,10,Expertisée,20,Bonne,7.38079998,48.059669735,QmnJ
A1580201,A158020101,1967-07-05,1260.0,2026-06-02T09:33:34Z,16,Donnée validée,10,Expertisée,20,Bonne,7.38079998,48.059669735,QmnJ
A1580201,A158020101,1967-07-06,1410.0,2026-06-02T09:33:34Z,16,Donnée validée,10,Expertisée,20,Bonne,7.38079998,48.059669735,QmnJ
A1580201,A158020101,1967-07-07,960.0,2026-06-02T09:33:34Z,16,Donnée validée,10,Expertisée,20,Bonne,7.38079998,48.059669735,QmnJ
A1580201,A158020101,1967-07-08,1110.0,2026-06-02T09:33:34Z,16,Donnée validée,10,Expertisée,20,Bonne,7.38079998,48.059669735,QmnJ
A1580201,A158020101,1967-07-09,1260.0,2026-06-02T09:33:34Z,16,Donnée validée,10,Expertisée,20,Bonne,7.38079998,48.059669735,QmnJ
A1580201,A158020101,1967-07-10,1410.0,2026-06-02T09:33:34Z,16,Donnée validée,10,Expertisée,20,Bonne,7.38079998,48.059669735,QmnJ
A1580201,A158020101,1967-07-11,1110.0,2026-06-02T09:33:34Z,16,Donnée validée,10,Expertisée,20,Bonne,7.38079998,48.059669735,QmnJ
A1580201,A158020101,1967-07-12,1110.0,2026-06-02T09:33:34Z,16,Donnée validée,10,Expertisée,20,Bonne,7.38079998,48.059669735,QmnJ
A1580201,A158020101,1967-07-13,960.0,2026-06-02T09:33:34Z,16,Donnée validée,10,Expertisée,20,Bonne,7.38079998,48.059669735,QmnJ
A1580201,A158020101,1967-07-14,1110.0,2026-06-02T09:33:34Z,16,Donnée validée,10,Expertisée,20,Bonne,7.38079998,48.059669735,QmnJ
A1580201,A158020101,1967-07-15,960.0,2026-06-02T09:33:34Z,16,Donnée validée,10,Expertisée,20,Bonne,7.38079998,48.059669735,QmnJ
A1580201,A158020101,1967-07-16,960.0,2026-06-02T09:33:34Z,16,Donnée validée,10,Expertisée,20,Bonne,7.38079998,48.059669735,QmnJ
A1580201,A158020101,1967-07-17,810.0,2026-06-02T09:33:34Z,16,Donnée validée,10,Expertisée,20,Bonne,7.38079998,48.059669735,QmnJ
A1580201,A158020101,1967-07-18,810.0,2026-06-02T09:33:34Z,16,Donnée validée,10,Expertisée,20,Bonne,7.38079998,48.059669735,QmnJ
A1580201,A158020101,1967-07-19,810.0,2026-06-02T09:33:34Z,16,Donnée validée,10,Expertisée,20,Bonne,7.38079998,48.059669735,QmnJ
A1580201,A158020101,1967-07-20,660.0,2026-06-02T09:33:34Z,16,Donnée validée,10,Expertisée,20,Bonne,7.38079998,48.059669735,QmnJ
A1580201,A158020101,1967-07-21,660.0,2026-06-02T09:33:34Z,16,Donnée validée,10,Expertisée,20,Bonne,7.38079998,48.059669735,QmnJ
A1580201,A158020101,1967-07-22,660.0,2026-06-02T09:33:34Z,16,Donnée validée,10,Expertisée,20,Bonne,7.38079998,48.059669735,QmnJ
A1580201,A158020101,1967-07-23,520.0,2026-06-02T09:33:34Z,16,Donnée validée,10,Expertisée,20,Bonne,7.38079998,48.059669735,QmnJ
A1580201,A158020101,1967-07-24,520.0,2026-06-02T09:33:34Z,16,Donnée validée,10,Expertisée,20,Bonne,7.38079998,48.059669735,QmnJ
A1580201,A158020101,1967-07-25,380.0,2026-06-02T09:33:34Z,16,Donnée validée,10,Expertisée,20,Bonne,7.38079998,48.059669735,QmnJ
A1580201,A158020101,1967-07-26,380.0,2026-06-02T09:33:34Z,16,Donnée validée,10,Expertisée,20,Bonne,7.38079998,48.059669735,QmnJ
A1580201,A158020101,1967-07-27,380.0,2026-06-02T09:33:34Z,16,Donnée validée,10,Expertisée,20,Bonne,7.38079998,48.059669735,QmnJ
A1580201,A158020101,1967-07-28,520.0,2026-06-02T09:33:34Z,16,Donnée validée,10,Expertisée,20,Bonne,7.38079998,48.059669735,QmnJ
A1580201,A158020101,1967-07-29,380.0,2026-06-02T09:33:34Z,16,Donnée validée,10,Expertisée,20,Bonne,7.38079998,48.059669735,QmnJ
A1580201,A158020101,1967-07-30,380.0,2026-06-02T09:33:34Z,16,Donnée validée,10,Expertisée,20,Bonne,7.38079998,48.059669735,QmnJ
A1580201,A158020101,1967-07-31,380.0,2026-06-02T09:33:34Z,16,Donnée validée,10,Expertisée,20,Bonne,7.38079998,48.059669735,QmnJ
A1580201,A158020101,1967-08-01,380.0,2026-06-02T09:33:34Z,16,Donnée validée,10,Expertisée,20,Bonne,7.38079998,48.059669735,QmnJ
A1580201,A158020101,1967-08-02,380.0,2026-06-02T09:33:34Z,16,Donnée validée,10,Expertisée,20,Bonne,7.38079998,48.059669735,QmnJ
A1580201,A158020101,1967-08-03,380.0,2026-06-02T09:33:34Z,16,Donnée validée,10,Expertisée,20,Bonne,7.38079998,48.059669735,QmnJ
A1580201,A158020101,1967-08-04,660.0,2026-06-02T09:33:34Z,16,Donnée validée,10,Expertisée,20,Bonne,7.38079998,48.059669735,QmnJ
A1580201,A158020101,1967-08-05,660.0,2026-06-02T09:33:34Z,16,Donnée validée,10,Expertisée,20,Bonne,7.38079998,48.059669735,QmnJ
A1580201,A158020101,1967-08-06,660.0,2026-06-02T09:33:34Z,16,Donnée validée,10,Expertisée,20,Bonne,7.38079998,48.059669735,QmnJ
A1580201,A158020101,1967-08-07,380.0,2026-06-02T09:33:34Z,16,Donnée validée,10,Expertisée,20,Bonne,7.38079998,48.059669735,QmnJ
A1580201,A158020101,1967-08-08,380.0,2026-06-02T09:33:34Z,16,Donnée validée,10,Expertisée,20,Bonne,7.38079998,48.059669735,QmnJ
A1580201,A158020101,1967-08-09,380.0,2026-06-02T09:33:34Z,16,Donnée validée,10,Expertisée,20,Bonne,7.38079998,48.059669735,QmnJ
A1580201,A158020101,1967-08-10,380.0,2026-06-02T09:33:34Z,16,Donnée validée,10,Expertisée,20,Bonne,7.38079998,48.059669735,QmnJ
A1580201,A158020101,1967-08-11,520.0,2026-06-02T09:33:34Z,16,Donnée validée,10,Expertisée,20,Bonne,7.38079998,48.059669735,QmnJ
A1580201,A158020101,1967-08-12,520.0,2026-06-02T09:33:34Z,16,Donnée validée,10,Expertisée,20,Bonne,7.38079998,48.059669735,QmnJ
A1580201,A158020101,1967-08-13,380.0,2026-06-02T09:33:34Z,16,Donnée validée,10,Expertisée,20,Bonne,7.38079998,48.059669735,QmnJ
A1580201,A158020101,1967-08-14,380.0,2026-06-02T09:33:34Z,16,Donnée validée,10,Expertisée,20,Bonne,7.38079998,48.059669735,QmnJ
A1580201,A158020101,1967-08-15,380.0,2026-06-02T09:33:34Z,16,Donnée validée,10,Expertisée,20,Bonne,7.38079998,48.059669735,QmnJ
A1580201,A158020101,1967-08-16,380.0,2026-06-02T09:33:34Z,16,Donnée validée,10,Expertisée,20,Bonne,7.38079998,48.059669735,QmnJ
A1580201,A158020101,1967-08-17,380.0,2026-06-02T09:33:34Z,16,Donnée validée,10,Expertisée,20,Bonne,7.38079998,48.059669735,QmnJ
A1580201,A158020101,1967-08-18,380.0,2026-06-02T09:33:34Z,16,Donnée validée,10,Expertisée,20,Bonne,7.38079998,48.059669735,QmnJ
A1580201,A158020101,1967-08-19,380.0,2026-06-02T09:33:34Z,16,Donnée validée,10,Expertisée,20,Bonne,7.38079998,48.059669735,QmnJ
A1580201,A158020101,1967-08-20,380.0,2026-06-02T09:33:34Z,16,Donnée validée,10,Expertisée,20,Bonne,7.38079998,48.059669735,QmnJ
A1580201,A158020101,1967-08-21,380.0,2026-06-02T09:33:34Z,16,Donnée validée,10,Expertisée,20,Bonne,7.38079998,48.059669735,QmnJ
A1580201,A158020101,1967-08-22,380.0,2026-06-02T09:33:34Z,16,Donnée validée,10,Expertisée,20,Bonne,7.38079998,48.059669735,QmnJ
A1580201,A158020101,1967-08-23,380.0,2026-06-02T09:33:34Z,16,Donnée validée,10,Expertisée,20,Bonne,7.38079998,48.059669735,QmnJ
A1580201,A158020101,1967-08-24,520.0,2026-06-02T09:33:34Z,16,Donnée validée,10,Expertisée,20,Bonne,7.38079998,48.059669735,QmnJ
A1580201,A158020101,1967-08-25,520.0,2026-06-02T09:33:34Z,16,Donnée validée,10,Expertisée,20,Bonne,7.38079998,48.059669735,QmnJ
A1580201,A158020101,1967-08-26,380.0,2026-06-02T09:33:34Z,16,Donnée validée,10,Expertisée,20,Bonne,7.38079998,48.059669735,QmnJ
A1580201,A158020101,1967-08-27,380.0,2026-06-02T09:33:34Z,16,Donnée validée,10,Expertisée,20,Bonne,7.38079998,48.059669735,QmnJ
A1580201,A158020101,1967-08-28,380.0,2026-06-02T09:33:34Z,16,Donnée validée,10,Expertisée,20,Bonne,7.38079998,48.059669735,QmnJ
A1580201,A158020101,1967-08-29,380.0,2026-06-02T09:33:34Z,16,Donnée validée,10,Expertisée,20,Bonne,7.38079998,48.059669735,QmnJ
A1580201,A158020101,1967-08-30,380.0,2026-06-02T09:33:34Z,16,Donnée validée,10,Expertisée,20,Bonne,7.38079998,48.059669735,QmnJ
A1580201,A158020101,1967-08-31,380.0,2026-06-02T09:33:34Z,16,Donnée validée,10,Expertisée,20,Bonne,7.38079998,48.059669735,QmnJ
A1580201,A158020101,1967-09-01,660.0,2026-06-02T09:33:34Z,16,Donnée validée,10,Expertisée,20,Bonne,7.38079998,48.059669735,QmnJ
A1580201,A158020101,1967-09-02,660.0,2026-06-02T09:33:34Z,16,Donnée validée,10,Expertisée,20,Bonne,7.38079998,48.059669735,QmnJ
A1580201,A158020101,1967-09-03,660.0,2026-06-02T09:33:34Z,16,Donnée validée,10,Expertisée,20,Bonne,7.38079998,48.059669735,QmnJ
A1580201,A158020101,1967-09-04,660.0,2026-06-02T09:33:34Z,16,Donnée validée,10,Expertisée,20,Bonne,7.38079998,48.059669735,QmnJ
A1580201,A158020101,1967-09-05,660.0,2026-06-02T09:33:34Z,16,Donnée validée,10,Expertisée,20,Bonne,7.38079998,48.059669735,QmnJ
A1580201,A158020101,1967-09-06,660.0,2026-06-02T09:33:34Z,16,Donnée validée,10,Expertisée,20,Bonne,7.38079998,48.059669735,QmnJ
A1580201,A158020101,1967-09-07,810.0,2026-06-02T09:33:34Z,16,Donnée validée,10,Expertisée,20,Bonne,7.38079998,48.059669735,QmnJ
A1580201,A158020101,1967-09-08,810.0,2026-06-02T09:33:34Z,16,Donnée validée,10,Expertisée,20,Bonne,7.38079998,48.059669735,QmnJ
A1580201,A158020101,1967-09-09,810.0,2026-06-02T09:33:34Z,16,Donnée validée,10,Expertisée,20,Bonne,7.38079998,48.059669735,QmnJ
A1580201,A158020101,1967-09-10,810.0,2026-06-02T09:33:34Z,16,Donnée validée,10,Expertisée,20,Bonne,7.38079998,48.059669735,QmnJ
A1580201,A158020101,1967-09-11,810.0,2026-06-02T09:33:34Z,16,Donnée validée,10,Expertisée,20,Bonne,7.38079998,48.059669735,QmnJ
A1580201,A158020101,1967-09-12,810.0,2026-06-02T09:33:34Z,16,Donnée validée,10,Expertisée,20,Bonne,7.38079998,48.059669735,QmnJ
A1580201,A158020101,1967-09-13,810.0,2026-06-02T09:33:34Z,16,Donnée validée,10,Expertisée,20,Bonne,7.38079998,48.059669735,QmnJ
A1580201,A158020101,1967-09-14,660.0,2026-06-02T09:33:34Z,16,Donnée validée,10,Expertisée,20,Bonne,7.38079998,48.059669735,QmnJ
A1580201,A158020101,1967-09-15,810.0,2026-06-02T09:33:34Z,16,Donnée validée,10,Expertisée,20,Bonne,7.38079998,48.059669735,QmnJ
A1580201,A158020101,1967-09-16,960.0,2026-06-02T09:33:34Z,16,Donnée validée,10,Expertisée,20,Bonne,7.38079998,48.059669735,QmnJ
A1580201,A158020101,1967-09-17,960.0,2026-06-02T09:33:34Z,16,Donnée validée,10,Expertisée,20,Bonne,7.38079998,48.059669735,QmnJ
A1580201,A158020101,1967-09-18,960.0,2026-06-02T09:33:34Z,16,Donnée validée,10,Expertisée,20,Bonne,7.38079998,48.059669735,QmnJ
A1580201,A158020101,1967-09-19,960.0,2026-06-02T09:33:34Z,16,Donnée validée,10,Expertisée,20,Bonne,7.38079998,48.059669735,QmnJ
A1580201,A158020101,1967-09-20,960.0,2026-06-02T09:33:34Z,16,Donnée validée,10,Expertisée,20,Bonne,7.38079998,48.059669735,QmnJ
A1580201,A158020101,1967-09-21,1110.0,2026-06-02T09:33:34Z,16,Donnée validée,10,Expertisée,20,Bonne,7.38079998,48.059669735,QmnJ
A1580201,A158020101,1967-09-22,1110.0,2026-06-02T09:33:34Z,16,Donnée validée,10,Expertisée,20,Bonne,7.38079998,48.059669735,QmnJ
A1580201,A158020101,1967-09-23,1410.0,2026-06-02T09:33:34Z,16,Donnée validée,10,Expertisée,20,Bonne,7.38079998,48.059669735,QmnJ
A1580201,A158020101,1967-09-24,1710.0,2026-06-02T09:33:34Z,16,Donnée validée,10,Expertisée,20,Bonne,7.38079998,48.059669735,QmnJ
A1580201,A158020101,1967-09-25,1710.0,2026-06-02T09:33:34Z,16,Donnée validée,10,Expertisée,20,Bonne,7.38079998,48.059669735,QmnJ
A1580201,A158020101,1967-09-26,960.0,2026-06-02T09:33:34Z,16,Donnée validée,10,Expertisée,20,Bonne,7.38079998,48.059669735,QmnJ
A1580201,A158020101,1967-09-27,1410.0,2026-06-02T09:33:34Z,16,Donnée validée,10,Expertisée,20,Bonne,7.38079998,48.059669735,QmnJ
A1580201,A158020101,1967-09-28,1260.0,2026-06-02T09:33:34Z,16,Donnée validée,10,Expertisée,20,Bonne,7.38079998,48.059669735,QmnJ
A1580201,A158020101,1967-09-29,1110.0,2026-06-02T09:33:34Z,16,Donnée validée,10,Expertisée,20,Bonne,7.38079998,48.059669735,QmnJ
A1580201,A158020101,1967-09-30,1110.0,2026-06-02T09:33:34Z,16,Donnée validée,10,Expertisée,20,Bonne,7.38079998,48.059669735,QmnJ
A1580201,A158020101,1967-10-01,960.0,2026-06-02T09:33:34Z,16,Donnée validée,10,Expertisée,20,Bonne,7.38079998,48.059669735,QmnJ
A1580201,A158020101,1967-10-02,810.0,2026-06-02T09:33:34Z,16,Donnée validée,10,Expertisée,20,Bonne,7.38079998,48.059669735,QmnJ
A1580201,A158020101,1967-10-03,810.0,2026-06-02T09:33:34Z,16,Donnée validée,10,Expertisée,20,Bonne,7.38079998,48.059669735,QmnJ
A1580201,A158020101,1967-10-04,960.0,2026-06-02T09:33:34Z,16,Donnée validée,10,Expertisée,20,Bonne,7.38079998,48.059669735,QmnJ
A1580201,A158020101,1967-10-05,960.0,2026-06-02T09:33:34Z,16,Donnée validée,10,Expertisée,20,Bonne,7.38079998,48.059669735,QmnJ
A1580201,A158020101,1967-10-06,960.0,2026-06-02T09:33:34Z,16,Donnée validée,10,Expertisée,20,Bonne,7.38079998,48.059669735,QmnJ
A1580201,A158020101,1967-10-07,1110.0,2026-06-02T09:33:34Z,16,Donnée validée,10,Expertisée,20,Bonne,7.38079998,48.059669735,QmnJ
A1580201,A158020101,1967-10-08,1110.0,2026-06-02T09:33:34Z,16,Donnée validée,10,Expertisée,20,Bonne,7.38079998,48.059669735,QmnJ
A1580201,A158020101,1967-10-09,1110.0,2026-06-02T09:33:34Z,16,Donnée validée,10,Expertisée,20,Bonne,7.38079998,48.059669735,QmnJ
A1580201,A158020101,1967-10-10,1110.0,2026-06-02T09:33:34Z,16,Donnée validée,10,Expertisée,20,Bonne,7.38079998,48.059669735,QmnJ
A1580201,A158020101,1967-10-11,1110.0,2026-06-02T09:33:34Z,16,Donnée validée,10,Expertisée,20,Bonne,7.38079998,48.059669735,QmnJ
A1580201,A158020101,1967-10-12,1110.0,2026-06-02T09:33:34Z,16,Donnée validée,10,Expertisée,20,Bonne,7.38079998,48.059669735,QmnJ
A1580201,A158020101,1967-10-13,1110.0,2026-06-02T09:33:34Z,16,Donnée validée,10,Expertisée,20,Bonne,7.38079998,48.059669735,QmnJ
A1580201,A158020101,1967-10-14,1110.0,2026-06-02T09:33:34Z,16,Donnée validée,10,Expertisée,20,Bonne,7.38079998,48.059669735,QmnJ
A1580201,A158020101,1967-10-15,1110.0,2026-06-02T09:33:34Z,16,Donnée validée,10,Expertisée,20,Bonne,7.38079998,48.059669735,QmnJ
A1580201,A158020101,1967-10-16,1110.0,2026-06-02T09:33:34Z,16,Donnée validée,10,Expertisée,20,Bonne,7.38079998,48.059669735,QmnJ
A1580201,A158020101,1967-10-17,1410.0,2026-06-02T09:33:34Z,16,Donnée validée,10,Expertisée,20,Bonne,7.38079998,48.059669735,QmnJ
A1580201,A158020101,1967-10-18,1410.0,2026-06-02T09:33:34Z,16,Donnée validée,10,Expertisée,20,Bonne,7.38079998,48.059669735,QmnJ
A1580201,A158020101,1967-10-19,1410.0,2026-06-02T09:33:34Z,16,Donnée validée,10,Expertisée,20,Bonne,7.38079998,48.059669735,QmnJ
A1580201,A158020101,1967-10-20,1710.0,2026-06-02T09:33:34Z,16,Donnée validée,10,Expertisée,20,Bonne,7.38079998,48.059669735,QmnJ
A1580201,A158020101,1967-10-21,1710.0,2026-06-02T09:33:34Z,16,Donnée validée,10,Expertisée,20,Bonne,7.38079998,48.059669735,QmnJ
A1580201,A158020101,1967-10-22,1710.0,2026-06-02T09:33:34Z,16,Donnée validée,10,Expertisée,20,Bonne,7.38079998,48.059669735,QmnJ
A1580201,A158020101,1967-10-23,1860.0,2026-06-02T09:33:34Z,16,Donnée validée,10,Expertisée,20,Bonne,7.38079998,48.059669735,QmnJ
A1580201,A158020101,1967-10-24,1860.0,2026-06-02T09:33:34Z,16,Donnée validée,10,Expertisée,20,Bonne,7.38079998,48.059669735,QmnJ
A1580201,A158020101,1967-10-25,1860.0,2026-06-02T09:33:34Z,16,Donnée validée,10,Expertisée,20,Bonne,7.38079998,48.059669735,QmnJ
A1580201,A158020101,1967-10-26,1860.0,2026-06-02T09:33:34Z,16,Donnée validée,10,Expertisée,20,Bonne,7.38079998,48.059669735,QmnJ
A1580201,A158020101,1967-10-27,1710.0,2026-06-02T09:33:34Z,16,Donnée validée,10,Expertisée,20,Bonne,7.38079998,48.059669735,QmnJ
A1580201,A158020101,1967-10-28,2010.0,2026-06-02T09:33:34Z,16,Donnée validée,10,Expertisée,20,Bonne,7.38079998,48.059669735,QmnJ
A1580201,A158020101,1967-10-29,2010.0,2026-06-02T09:33:34Z,16,Donnée validée,10,Expertisée,20,Bonne,7.38079998,48.059669735,QmnJ
A1580201,A158020101,1967-10-30,2010.0,2026-06-02T09:33:34Z,16,Donnée validée,10,Expertisée,20,Bonne,7.38079998,48.059669735,QmnJ
A1580201,A158020101,1967-10-31,2010.0,2026-06-02T09:33:34Z,16,Donnée validée,10,Expertisée,20,Bonne,7.38079998,48.059669735,QmnJ
A1580201,A158020101,1967-11-01,3850.0,2026-06-02T09:33:34Z,16,Donnée validée,10,Expertisée,20,Bonne,7.38079998,48.059669735,QmnJ
A1580201,A158020101,1967-11-02,7300.0,2026-06-02T09:33:34Z,16,Donnée validée,10,Expertisée,20,Bonne,7.38079998,48.059669735,QmnJ
A1580201,A158020101,1967-11-03,6850.0,2026-06-02T09:33:34Z,16,Donnée validée,10,Expertisée,20,Bonne,7.38079998,48.059669735,QmnJ
A1580201,A158020101,1967-11-04,6650.0,2026-06-02T09:33:34Z,16,Donnée validée,10,Expertisée,20,Bonne,7.38079998,48.059669735,QmnJ
A1580201,A158020101,1967-11-05,6250.0,2026-06-02T09:33:34Z,16,Donnée validée,10,Expertisée,20,Bonne,7.38079998,48.059669735,QmnJ
A1580201,A158020101,1967-11-06,4530.0,2026-06-02T09:33:34Z,16,Donnée validée,10,Expertisée,20,Bonne,7.38079998,48.059669735,QmnJ
A1580201,A158020101,1967-11-07,4530.0,2026-06-02T09:33:34Z,16,Donnée validée,10,Expertisée,20,Bonne,7.38079998,48.059669735,QmnJ
A1580201,A158020101,1967-11-08,4530.0,2026-06-02T09:33:34Z,16,Donnée validée,10,Expertisée,20,Bonne,7.38079998,48.059669735,QmnJ
A1580201,A158020101,1967-11-09,4020.0,2026-06-02T09:33:34Z,16,Donnée validée,10,Expertisée,20,Bonne,7.38079998,48.059669735,QmnJ
A1580201,A158020101,1967-11-10,3510.0,2026-06-02T09:33:34Z,16,Donnée validée,10,Expertisée,20,Bonne,7.38079998,48.059669735,QmnJ
A1580201,A158020101,1967-11-11,3170.0,2026-06-02T09:33:34Z,16,Donnée validée,10,Expertisée,20,Bonne,7.38079998,48.059669735,QmnJ
A1580201,A158020101,1967-11-12,2660.0,2026-06-02T09:33:34Z,16,Donnée validée,10,Expertisée,20,Bonne,7.38079998,48.059669735,QmnJ
A1580201,A158020101,1967-11-13,2660.0,2026-06-02T09:33:34Z,16,Donnée validée,10,Expertisée,20,Bonne,7.38079998,48.059669735,QmnJ
A1580201,A158020101,1967-11-14,2320.0,2026-06-02T09:33:34Z,16,Donnée validée,10,Expertisée,20,Bonne,7.38079998,48.059669735,QmnJ
A1580201,A158020101,1967-11-15,2320.0,2026-06-02T09:33:34Z,16,Donnée validée,10,Expertisée,20,Bonne,7.38079998,48.059669735,QmnJ
A1580201,A158020101,1967-11-16,6650.0,2026-06-02T09:33:34Z,16,Donnée validée,10,Expertisée,20,Bonne,7.38079998,48.059669735,QmnJ
A1580201,A158020101,1967-11-17,10200.0,2026-06-02T09:33:34Z,16,Donnée validée,10,Expertisée,20,Bonne,7.38079998,48.059669735,QmnJ
A1580201,A158020101,1967-11-18,8600.0,2026-06-02T09:33:34Z,16,Donnée validée,10,Expertisée,20,Bonne,7.38079998,48.059669735,QmnJ
A1580201,A158020101,1967-11-19,6850.0,2026-06-02T09:33:34Z,16,Donnée validée,10,Expertisée,20,Bonne,7.38079998,48.059669735,QmnJ
A1580201,A158020101,1967-11-20,5850.0,2026-06-02T09:33:34Z,16,Donnée validée,10,Expertisée,20,Bonne,7.38079998,48.059669735,QmnJ
A1580201,A158020101,1967-11-21,5250.0,2026-06-02T09:33:34Z,16,Donnée validée,10,Expertisée,20,Bonne,7.38079998,48.059669735,QmnJ
A1580201,A158020101,1967-11-22,4190.0,2026-06-02T09:33:34Z,16,Donnée validée,10,Expertisée,20,Bonne,7.38079998,48.059669735,QmnJ
A1580201,A158020101,1967-11-23,4190.0,2026-06-02T09:33:34Z,16,Donnée validée,10,Expertisée,20,Bonne,7.38079998,48.059669735,QmnJ
A1580201,A158020101,1967-11-24,3850.0,2026-06-02T09:33:34Z,16,Donnée validée,10,Expertisée,20,Bonne,7.38079998,48.059669735,QmnJ
A1580201,A158020101,1967-11-25,3680.0,2026-06-02T09:33:34Z,16,Donnée validée,10,Expertisée,20,Bonne,7.38079998,48.059669735,QmnJ
A1580201,A158020101,1967-11-26,3680.0,2026-06-02T09:33:34Z,16,Donnée validée,10,Expertisée,20,Bonne,7.38079998,48.059669735,QmnJ
A1580201,A158020101,1967-11-27,3510.0,2026-06-02T09:33:34Z,16,Donnée validée,10,Expertisée,20,Bonne,7.38079998,48.059669735,QmnJ
A1580201,A158020101,1967-11-28,3510.0,2026-06-02T09:33:34Z,16,Donnée validée,10,Expertisée,20,Bonne,7.38079998,48.059669735,QmnJ
A1580201,A158020101,1967-11-29,3170.0,2026-06-02T09:33:34Z,16,Donnée validée,10,Expertisée,20,Bonne,7.38079998,48.059669735,QmnJ
A1580201,A158020101,1967-11-30,3850.0,2026-06-02T09:33:34Z,16,Donnée validée,10,Expertisée,20,Bonne,7.38079998,48.059669735,QmnJ
A1580201,A158020101,1967-12-01,4020.0,2026-06-02T09:33:34Z,16,Donnée validée,10,Expertisée,20,Bonne,7.38079998,48.059669735,QmnJ
A1580201,A158020101,1967-12-02,4020.0,2026-06-02T09:33:34Z,16,Donnée validée,10,Expertisée,20,Bonne,7.38079998,48.059669735,QmnJ
A1580201,A158020101,1967-12-03,3850.0,2026-06-02T09:33:34Z,16,Donnée validée,10,Expertisée,20,Bonne,7.38079998,48.059669735,QmnJ
A1580201,A158020101,1967-12-04,3510.0,2026-06-02T09:33:34Z,16,Donnée validée,10,Expertisée,20,Bonne,7.38079998,48.059669735,QmnJ
A1580201,A158020101,1967-12-05,3510.0,2026-06-02T09:33:34Z,16,Donnée validée,10,Expertisée,20,Bonne,7.38079998,48.059669735,QmnJ
A1580201,A158020101,1967-12-06,3340.0,2026-06-02T09:33:34Z,16,Donnée validée,10,Expertisée,20,Bonne,7.38079998,48.059669735,QmnJ
A1580201,A158020101,1967-12-07,4360.0,2026-06-02T09:33:34Z,16,Donnée validée,10,Expertisée,20,Bonne,7.38079998,48.059669735,QmnJ
A1580201,A158020101,1967-12-08,4020.0,2026-06-02T09:33:34Z,16,Donnée validée,10,Expertisée,20,Bonne,7.38079998,48.059669735,QmnJ
A1580201,A158020101,1967-12-09,3510.0,2026-06-02T09:33:34Z,16,Donnée validée,10,Expertisée,20,Bonne,7.38079998,48.059669735,QmnJ
A1580201,A158020101,1967-12-10,2660.0,2026-06-02T09:33:34Z,16,Donnée validée,10,Expertisée,20,Bonne,7.38079998,48.059669735,QmnJ
A1580201,A158020101,1967-12-11,2490.0,2026-06-02T09:33:34Z,16,Donnée validée,10,Expertisée,20,Bonne,7.38079998,48.059669735,QmnJ
A1580201,A158020101,1967-12-12,2490.0,2026-06-02T09:33:34Z,16,Donnée validée,10,Expertisée,20,Bonne,7.38079998,48.059669735,QmnJ
A1580201,A158020101,1967-12-13,2320.0,2026-06-02T09:33:34Z,16,Donnée validée,10,Expertisée,20,Bonne,7.38079998,48.059669735,QmnJ
A1580201,A158020101,1967-12-14,2660.0,2026-06-02T09:33:34Z,16,Donnée validée,10,Expertisée,20,Bonne,7.38079998,48.059669735,QmnJ
A1580201,A158020101,1967-12-15,2830.0,2026-06-02T09:33:34Z,16,Donnée validée,10,Expertisée,20,Bonne,7.38079998,48.059669735,QmnJ
A1580201,A158020101,1967-12-16,2660.0,2026-06-02T09:33:34Z,16,Donnée validée,10,Expertisée,20,Bonne,7.38079998,48.059669735,QmnJ
A1580201,A158020101,1967-12-17,2660.0,2026-06-02T09:33:34Z,16,Donnée validée,10,Expertisée,20,Bonne,7.38079998,48.059669735,QmnJ
A1580201,A158020101,1967-12-18,2490.0,2026-06-02T09:33:34Z,16,Donnée validée,10,Expertisée,20,Bonne,7.38079998,48.059669735,QmnJ
A1580201,A158020101,1967-12-19,2490.0,2026-06-02T09:33:34Z,16,Donnée validée,10,Expertisée,20,Bonne,7.38079998,48.059669735,QmnJ
A1580201,A158020101,1967-12-20,2490.0,2026-06-02T09:33:34Z,16,Donnée validée,10,Expertisée,20,Bonne,7.38079998,48.059669735,QmnJ
A1580201,A158020101,1967-12-21,2320.0,2026-06-02T09:33:34Z,16,Donnée validée,10,Expertisée,20,Bonne,7.38079998,48.059669735,QmnJ
A1580201,A158020101,1967-12-22,2320.0,2026-06-02T09:33:34Z,16,Donnée validée,10,Expertisée,20,Bonne,7.38079998,48.059669735,QmnJ
A1580201,A158020101,1967-12-23,8350.0,2026-06-02T09:33:34Z,16,Donnée validée,10,Expertisée,20,Bonne,7.38079998,48.059669735,QmnJ
A1580201,A158020101,1967-12-24,12000.0,2026-06-02T09:33:34Z,16,Donnée validée,10,Expertisée,20,Bonne,7.38079998,48.059669735,QmnJ
A1580201,A158020101,1967-12-25,15000.0,2026-06-02T09:33:34Z,16,Donnée validée,10,Expertisée,20,Bonne,7.38079998,48.059669735,QmnJ
A1580201,A158020101,1967-12-26,13000.0,2026-06-02T09:33:34Z,16,Donnée validée,10,Expertisée,20,Bonne,7.38079998,48.059669735,QmnJ
A1580201,A158020101,1967-12-27,9750.0,2026-06-02T09:33:34Z,16,Donnée validée,10,Expertisée,20,Bonne,7.38079998,48.059669735,QmnJ
A1580201,A158020101,1967-12-28,8800.0,2026-06-02T09:33:34Z,16,Donnée validée,10,Expertisée,20,Bonne,7.38079998,48.059669735,QmnJ
A1580201,A158020101,1967-12-29,8350.0,2026-06-02T09:33:34Z,16,Donnée validée,10,Expertisée,20,Bonne,7.38079998,48.059669735,QmnJ
A1580201,A158020101,1967-12-30,7300.0,2026-06-02T09:33:34Z,16,Donnée validée,10,Expertisée,20,Bonne,7.38079998,48.059669735,QmnJ
A1580201,A158020101,1967-12-31,6450.0,2026-06-02T09:33:34Z,16,Donnée validée,10,Expertisée,20,Bonne,7.38079998,48.059669735,QmnJ
A1580201,A158020101,1968-01-01,5650.0,2026-06-02T09:33:34Z,16,Donnée validée,10,Expertisée,20,Bonne,7.38079998,48.059669735,QmnJ
A1580201,A158020101,1968-01-02,5250.0,2026-06-02T09:33:34Z,16,Donnée validée,10,Expertisée,20,Bonne,7.38079998,48.059669735,QmnJ
A1580201,A158020101,1968-01-03,4890.0,2026-06-02T09:33:34Z,16,Donnée validée,10,Expertisée,20,Bonne,7.38079998,48.059669735,QmnJ
A1580201,A158020101,1968-01-04,4530.0,2026-06-02T09:33:34Z,16,Donnée validée,10,Expertisée,20,Bonne,7.38079998,48.059669735,QmnJ
A1580201,A158020101,1968-01-05,4890.0,2026-06-02T09:33:34Z,16,Donnée validée,10,Expertisée,20,Bonne,7.38079998,48.059669735,QmnJ
A1580201,A158020101,1968-01-06,6450.0,2026-06-02T09:33:34Z,16,Donnée validée,10,Expertisée,20,Bonne,7.38079998,48.059669735,QmnJ
A1580201,A158020101,1968-01-07,22500.0,2026-06-02T09:33:34Z,16,Donnée validée,10,Expertisée,20,Bonne,7.38079998,48.059669735,QmnJ
A1580201,A158020101,1968-01-08,19200.0,2026-06-02T09:33:34Z,16,Donnée validée,10,Expertisée,20,Bonne,7.38079998,48.059669735,QmnJ
A1580201,A158020101,1968-01-09,16200.0,2026-06-02T09:33:34Z,16,Donnée validée,10,Expertisée,20,Bonne,7.38079998,48.059669735,QmnJ
A1580201,A158020101,1968-01-10,11500.0,2026-06-02T09:33:34Z,16,Donnée validée,10,Expertisée,20,Bonne,7.38079998,48.059669735,QmnJ
A1580201,A158020101,1968-01-11,8600.0,2026-06-02T09:33:34Z,16,Donnée validée,10,Expertisée,20,Bonne,7.38079998,48.059669735,QmnJ
A1580201,A158020101,1968-01-12,6850.0,2026-06-02T09:33:34Z,16,Donnée validée,10,Expertisée,20,Bonne,7.38079998,48.059669735,QmnJ
A1580201,A158020101,1968-01-13,6450.0,2026-06-02T09:33:34Z,16,Donnée validée,10,Expertisée,20,Bonne,7.38079998,48.059669735,QmnJ
A1580201,A158020101,1968-01-14,7700.0,2026-06-02T09:33:34Z,16,Donnée validée,10,Expertisée,20,Bonne,7.38079998,48.059669735,QmnJ
A1580201,A158020101,1968-01-15,18700.0,2026-06-02T09:33:34Z,16,Donnée validée,10,Expertisée,20,Bonne,7.38079998,48.059669735,QmnJ
A1580201,A158020101,1968-01-16,27000.0,2026-06-02T09:33:34Z,16,Donnée validée,10,Expertisée,20,Bonne,7.38079998,48.059669735,QmnJ
A1580201,A158020101,1968-01-17,19700.0,2026-06-02T09:33:34Z,16,Donnée validée,10,Expertisée,20,Bonne,7.38079998,48.059669735,QmnJ
A1580201,A158020101,1968-01-18,17700.0,2026-06-02T09:33:34Z,16,Donnée validée,10,Expertisée,20,Bonne,7.38079998,48.059669735,QmnJ
A1580201,A158020101,1968-01-19,16000.0,2026-06-02T09:33:34Z,16,Donnée validée,10,Expertisée,20,Bonne,7.38079998,48.059669735,QmnJ
A1580201,A158020101,1968-01-20,13200.0,2026-06-02T09:33:34Z,16,Donnée validée,10,Expertisée,20,Bonne,7.38079998,48.059669735,QmnJ
A1580201,A158020101,1968-01-21,11700.0,2026-06-02T09:33:34Z,16,Donnée validée,10,Expertisée,20,Bonne,7.38079998,48.059669735,QmnJ
A1580201,A158020101,1968-01-22,10000.0,2026-06-02T09:33:34Z,16,Donnée validée,10,Expertisée,20,Bonne,7.38079998,48.059669735,QmnJ
A1580201,A158020101,1968-01-23,8600.0,2026-06-02T09:33:34Z,16,Donnée validée,10,Expertisée,20,Bonne,7.38079998,48.059669735,QmnJ
A1580201,A158020101,1968-01-24,7500.0,2026-06-02T09:33:34Z,16,Donnée validée,10,Expertisée,20,Bonne,7.38079998,48.059669735,QmnJ
A1580201,A158020101,1968-01-25,6850.0,2026-06-02T09:33:34Z,16,Donnée validée,10,Expertisée,20,Bonne,7.38079998,48.059669735,QmnJ
A1580201,A158020101,1968-01-26,6250.0,2026-06-02T09:33:34Z,16,Donnée validée,10,Expertisée,20,Bonne,7.38079998,48.059669735,QmnJ
A1580201,A158020101,1968-01-27,6450.0,2026-06-02T09:33:34Z,16,Donnée validée,10,Expertisée,20,Bonne,7.38079998,48.059669735,QmnJ
A1580201,A158020101,1968-01-28,6250.0,2026-06-02T09:33:34Z,16,Donnée validée,10,Expertisée,20,Bonne,7.38079998,48.059669735,QmnJ
A1580201,A158020101,1968-01-29,5650.0,2026-06-02T09:33:34Z,16,Donnée validée,10,Expertisée,20,Bonne,7.38079998,48.059669735,QmnJ
A1580201,A158020101,1968-01-30,5250.0,2026-06-02T09:33:34Z,16,Donnée validée,10,Expertisée,20,Bonne,7.38079998,48.059669735,QmnJ
A1580201,A158020101,1968-01-31,5100.0,2026-06-02T09:33:34Z,16,Donnée validée,10,Expertisée,20,Bonne,7.38079998,48.059669735,QmnJ
A1580201,A158020101,1968-02-01,4890.0,2026-06-02T09:33:34Z,16,Donnée validée,10,Expertisée,20,Bonne,7.38079998,48.059669735,QmnJ
A1580201,A158020101,1968-02-02,4890.0,2026-06-02T09:33:34Z,16,Donnée validée,10,Expertisée,20,Bonne,7.38079998,48.059669735,QmnJ
A1580201,A158020101,1968-02-03,4890.0,2026-06-02T09:33:34Z,16,Donnée validée,10,Expertisée,20,Bonne,7.38079998,48.059669735,QmnJ
A1580201,A158020101,1968-02-04,4890.0,2026-06-02T09:33:34Z,16,Donnée validée,10,Expertisée,20,Bonne,7.38079998,48.059669735,QmnJ
A1580201,A158020101,1968-02-05,4890.0,2026-06-02T09:33:34Z,16,Donnée validée,10,Expertisée,20,Bonne,7.38079998,48.059669735,QmnJ
A1580201,A158020101,1968-02-06,4530.0,2026-06-02T09:33:34Z,16,Donnée validée,10,Expertisée,20,Bonne,7.38079998,48.059669735,QmnJ
A1580201,A158020101,1968-02-07,4360.0,2026-06-02T09:33:34Z,16,Donnée validée,10,Expertisée,20,Bonne,7.38079998,48.059669735,QmnJ
A1580201,A158020101,1968-02-08,4190.0,2026-06-02T09:33:34Z,16,Donnée validée,10,Expertisée,20,Bonne,7.38079998,48.059669735,QmnJ
A1580201,A158020101,1968-02-09,4190.0,2026-06-02T09:33:34Z,16,Donnée validée,10,Expertisée,20,Bonne,7.38079998,48.059669735,QmnJ
A1580201,A158020101,1968-02-10,4190.0,2026-06-02T09:33:34Z,16,Donnée validée,10,Expertisée,20,Bonne,7.38079998,48.059669735,QmnJ
A1580201,A158020101,1968-02-11,4190.0,2026-06-02T09:33:34Z,16,Donnée validée,10,Expertisée,20,Bonne,7.38079998,48.059669735,QmnJ
A1580201,A158020101,1968-02-12,4190.0,2026-06-02T09:33:34Z,16,Donnée validée,10,Expertisée,20,Bonne,7.38079998,48.059669735,QmnJ
A1580201,A158020101,1968-02-13,4360.0,2026-06-02T09:33:34Z,16,Donnée validée,10,Expertisée,20,Bonne,7.38079998,48.059669735,QmnJ
A1580201,A158020101,1968-02-14,4360.0,2026-06-02T09:33:34Z,16,Donnée validée,10,Expertisée,20,Bonne,7.38079998,48.059669735,QmnJ
A1580201,A158020101,1968-02-15,4700.0,2026-06-02T09:33:34Z,16,Donnée validée,10,Expertisée,20,Bonne,7.38079998,48.059669735,QmnJ
A1580201,A158020101,1968-02-16,5250.0,2026-06-02T09:33:34Z,16,Donnée validée,10,Expertisée,20,Bonne,7.38079998,48.059669735,QmnJ
A1580201,A158020101,1968-02-17,6050.0,2026-06-02T09:33:34Z,16,Donnée validée,10,Expertisée,20,Bonne,7.38079998,48.059669735,QmnJ
A1580201,A158020101,1968-02-18,4700.0,2026-06-02T09:33:34Z,16,Donnée validée,10,Expertisée,20,Bonne,7.38079998,48.059669735,QmnJ
A1580201,A158020101,1968-02-19,4530.0,2026-06-02T09:33:34Z,16,Donnée validée,10,Expertisée,20,Bonne,7.38079998,48.059669735,QmnJ
A1580201,A158020101,1968-02-20,8150.0,2026-06-02T09:33:34Z,16,Donnée validée,10,Expertisée,20,Bonne,7.38079998,48.059669735,QmnJ
A1580201,A158020101,1968-02-21,9300.0,2026-06-02T09:33:34Z,16,Donnée validée,10,Expertisée,20,Bonne,7.38079998,48.059669735,QmnJ
A1580201,A158020101,1968-02-22,13200.0,2026-06-02T09:33:34Z,16,Donnée validée,10,Expertisée,20,Bonne,7.38079998,48.059669735,QmnJ
A1580201,A158020101,1968-02-23,13200.0,2026-06-02T09:33:34Z,16,Donnée validée,10,Expertisée,20,Bonne,7.38079998,48.059669735,QmnJ
A1580201,A158020101,1968-02-24,15000.0,2026-06-02T09:33:34Z,16,Donnée validée,10,Expertisée,20,Bonne,7.38079998,48.059669735,QmnJ
A1580201,A158020101,1968-02-25,10700.0,2026-06-02T09:33:34Z,16,Donnée validée,10,Expertisée,20,Bonne,7.38079998,48.059669735,QmnJ
A1580201,A158020101,1968-02-26,10000.0,2026-06-02T09:33:34Z,16,Donnée validée,10,Expertisée,20,Bonne,7.38079998,48.059669735,QmnJ
A1580201,A158020101,1968-02-27,8150.0,2026-06-02T09:33:34Z,16,Donnée validée,10,Expertisée,20,Bonne,7.38079998,48.059669735,QmnJ
A1580201,A158020101,1968-02-28,7500.0,2026-06-02T09:33:34Z,16,Donnée validée,10,Expertisée,20,Bonne,7.38079998,48.059669735,QmnJ
A1580201,A158020101,1968-02-29,6850.0,2026-06-02T09:33:34Z,16,Donnée validée,10,Expertisée,20,Bonne,7.38079998,48.059669735,QmnJ
A1580201,A158020101,1968-03-01,6850.0,2026-06-02T09:33:34Z,16,Donnée validée,10,Expertisée,20,Bonne,7.38079998,48.059669735,QmnJ
A1580201,A158020101,1968-03-02,6250.0,2026-06-02T09:33:34Z,16,Donnée validée,10,Expertisée,20,Bonne,7.38079998,48.059669735,QmnJ
A1580201,A158020101,1968-03-03,5650.0,2026-06-02T09:33:34Z,16,Donnée validée,10,Expertisée,20,Bonne,7.38079998,48.059669735,QmnJ
A1580201,A158020101,1968-03-04,5650.0,2026-06-02T09:33:34Z,16,Donnée validée,10,Expertisée,20,Bonne,7.38079998,48.059669735,QmnJ
A1580201,A158020101,1968-03-05,5650.0,2026-06-02T09:33:34Z,16,Donnée validée,10,Expertisée,20,Bonne,7.38079998,48.059669735,QmnJ
A1580201,A158020101,1968-03-06,5850.0,2026-06-02T09:33:34Z,16,Donnée validée,10,Expertisée,20,Bonne,7.38079998,48.059669735,QmnJ
A1580201,A158020101,1968-03-07,5850.0,2026-06-02T09:33:34Z,16,Donnée validée,10,Expertisée,20,Bonne,7.38079998,48.059669735,QmnJ
A1580201,A158020101,1968-03-08,4890.0,2026-06-02T09:33:34Z,16,Donnée validée,10,Expertisée,20,Bonne,7.38079998,48.059669735,QmnJ
A1580201,A158020101,1968-03-09,5100.0,2026-06-02T09:33:34Z,16,Donnée validée,10,Expertisée,20,Bonne,7.38079998,48.059669735,QmnJ
A1580201,A158020101,1968-03-10,5250.0,2026-06-02T09:33:34Z,16,Donnée validée,10,Expertisée,20,Bonne,7.38079998,48.059669735,QmnJ
A1580201,A158020101,1968-03-11,5100.0,2026-06-02T09:33:34Z,16,Donnée validée,10,Expertisée,20,Bonne,7.38079998,48.059669735,QmnJ
A1580201,A158020101,1968-03-12,4890.0,2026-06-02T09:33:34Z,16,Donnée validée,10,Expertisée,20,Bonne,7.38079998,48.059669735,QmnJ
A1580201,A158020101,1968-03-13,4530.0,2026-06-02T09:33:34Z,16,Donnée validée,10,Expertisée,20,Bonne,7.38079998,48.059669735,QmnJ
A1580201,A158020101,1968-03-14,4530.0,2026-06-02T09:33:34Z,16,Donnée validée,10,Expertisée,20,Bonne,7.38079998,48.059669735,QmnJ
A1580201,A158020101,1968-03-15,5100.0,2026-06-02T09:33:34Z,16,Donnée validée,10,Expertisée,20,Bonne,7.38079998,48.059669735,QmnJ
A1580201,A158020101,1968-03-16,5650.0,2026-06-02T09:33:34Z,16,Donnée validée,10,Expertisée,20,Bonne,7.38079998,48.059669735,QmnJ
A1580201,A158020101,1968-03-17,5450.0,2026-06-02T09:33:34Z,16,Donnée validée,10,Expertisée,20,Bonne,7.38079998,48.059669735,QmnJ
A1580201,A158020101,1968-03-18,7050.0,2026-06-02T09:33:34Z,16,Donnée validée,10,Expertisée,20,Bonne,7.38079998,48.059669735,QmnJ
A1580201,A158020101,1968-03-19,7300.0,2026-06-02T09:33:34Z,16,Donnée validée,10,Expertisée,20,Bonne,7.38079998,48.059669735,QmnJ
A1580201,A158020101,1968-03-20,7500.0,2026-06-02T09:33:34Z,16,Donnée validée,10,Expertisée,20,Bonne,7.38079998,48.059669735,QmnJ
A1580201,A158020101,1968-03-21,7700.0,2026-06-02T09:33:34Z,16,Donnée validée,10,Expertisée,20,Bonne,7.38079998,48.059669735,QmnJ
A1580201,A158020101,1968-03-22,9500.0,2026-06-02T09:33:34Z,16,Donnée validée,10,Expertisée,20,Bonne,7.38079998,48.059669735,QmnJ
A1580201,A158020101,1968-03-23,9500.0,2026-06-02T09:33:34Z,16,Donnée validée,10,Expertisée,20,Bonne,7.38079998,48.059669735,QmnJ
A1580201,A158020101,1968-03-24,9050.0,2026-06-02T09:33:34Z,16,Donnée validée,10,Expertisée,20,Bonne,7.38079998,48.059669735,QmnJ
A1580201,A158020101,1968-03-25,8800.0,2026-06-02T09:33:34Z,16,Donnée validée,10,Expertisée,20,Bonne,7.38079998,48.059669735,QmnJ
A1580201,A158020101,1968-03-26,9500.0,2026-06-02T09:33:34Z,16,Donnée validée,10,Expertisée,20,Bonne,7.38079998,48.059669735,QmnJ
A1580201,A158020101,1968-03-27,9750.0,2026-06-02T09:33:34Z,16,Donnée validée,10,Expertisée,20,Bonne,7.38079998,48.059669735,QmnJ
A1580201,A158020101,1968-03-28,9750.0,2026-06-02T09:33:34Z,16,Donnée validée,10,Expertisée,20,Bonne,7.38079998,48.059669735,QmnJ
A1580201,A158020101,1968-03-29,10000.0,2026-06-02T09:33:34Z,16,Donnée validée,10,Expertisée,20,Bonne,7.38079998,48.059669735,QmnJ
A1580201,A158020101,1968-03-30,10200.0,2026-06-02T09:33:34Z,16,Donnée validée,10,Expertisée,20,Bonne,7.38079998,48.059669735,QmnJ
A1580201,A158020101,1968-03-31,10000.0,2026-06-02T09:33:34Z,16,Donnée validée,10,Expertisée,20,Bonne,7.38079998,48.059669735,QmnJ
A1580201,A158020101,1968-04-01,9750.0,2026-06-02T09:33:34Z,16,Donnée validée,10,Expertisée,20,Bonne,7.38079998,48.059669735,QmnJ
A1580201,A158020101,1968-04-02,9700.0,2026-06-02T09:33:34Z,16,Donnée validée,10,Expertisée,20,Bonne,7.38079998,48.059669735,QmnJ
A1580201,A158020101,1968-04-03,10200.0,2026-06-02T09:33:34Z,16,Donnée validée,10,Expertisée,20,Bonne,7.38079998,48.059669735,QmnJ
A1580201,A158020101,1968-04-04,10000.0,2026-06-02T09:33:34Z,16,Donnée validée,10,Expertisée,20,Bonne,7.38079998,48.059669735,QmnJ
A1580201,A158020101,1968-04-05,10500.0,2026-06-02T09:33:34Z,16,Donnée validée,10,Expertisée,20,Bonne,7.38079998,48.059669735,QmnJ
A1580201,A158020101,1968-04-06,18000.0,2026-06-02T09:33:34Z,16,Donnée validée,10,Expertisée,20,Bonne,7.38079998,48.059669735,QmnJ
A1580201,A158020101,1968-04-07,25200.0,2026-06-02T09:33:34Z,16,Donnée validée,10,Expertisée,20,Bonne,7.38079998,48.059669735,QmnJ
A1580201,A158020101,1968-04-08,24000.0,2026-06-02T09:33:34Z,16,Donnée validée,10,Expertisée,20,Bonne,7.38079998,48.059669735,QmnJ
A1580201,A158020101,1968-04-09,20000.0,2026-06-02T09:33:34Z,16,Donnée validée,10,Expertisée,20,Bonne,7.38079998,48.059669735,QmnJ
A1580201,A158020101,1968-04-10,16700.0,2026-06-02T09:33:34Z,16,Donnée validée,10,Expertisée,20,Bonne,7.38079998,48.059669735,QmnJ
A1580201,A158020101,1968-04-11,14000.0,2026-06-02T09:33:34Z,16,Donnée validée,10,Expertisée,20,Bonne,7.38079998,48.059669735,QmnJ
A1580201,A158020101,1968-04-12,12500.0,2026-06-02T09:33:34Z,16,Donnée validée,10,Expertisée,20,Bonne,7.38079998,48.059669735,QmnJ
A1580201,A158020101,1968-04-13,11500.0,2026-06-02T09:33:34Z,16,Donnée validée,10,Expertisée,20,Bonne,7.38079998,48.059669735,QmnJ
A1580201,A158020101,1968-04-14,11000.0,2026-06-02T09:33:34Z,16,Donnée validée,10,Expertisée,20,Bonne,7.38079998,48.059669735,QmnJ
A1580201,A158020101,1968-04-15,10200.0,2026-06-02T09:33:34Z,16,Donnée validée,10,Expertisée,20,Bonne,7.38079998,48.059669735,QmnJ
A1580201,A158020101,1968-04-16,9750.0,2026-06-02T09:33:34Z,16,Donnée validée,10,Expertisée,20,Bonne,7.38079998,48.059669735,QmnJ
A1580201,A158020101,1968-04-17,9050.0,2026-06-02T09:33:34Z,16,Donnée validée,10,Expertisée,20,Bonne,7.38079998,48.059669735,QmnJ
A1580201,A158020101,1968-04-18,9300.0,2026-06-02T09:33:34Z,16,Donnée validée,10,Expertisée,20,Bonne,7.38079998,48.059669735,QmnJ
A1580201,A158020101,1968-04-19,11200.0,2026-06-02T09:33:34Z,16,Donnée validée,10,Expertisée,20,Bonne,7.38079998,48.059669735,QmnJ
A1580201,A158020101,1968-04-20,11500.0,2026-06-02T09:33:34Z,16,Donnée validée,10,Expertisée,20,Bonne,7.38079998,48.059669735,QmnJ
A1580201,A158020101,1968-04-21,11500.0,2026-06-02T09:33:34Z,16,Donnée validée,10,Expertisée,20,Bonne,7.38079998,48.059669735,QmnJ
A1580201,A158020101,1968-04-22,9300.0,2026-06-02T09:33:34Z,16,Donnée validée,10,Expertisée,20,Bonne,7.38079998,48.059669735,QmnJ
A1580201,A158020101,1968-04-23,9300.0,2026-06-02T09:33:34Z,16,Donnée validée,10,Expertisée,20,Bonne,7.38079998,48.059669735,QmnJ
A1580201,A158020101,1968-04-24,10700.0,2026-06-02T09:33:34Z,16,Donnée validée,10,Expertisée,20,Bonne,7.38079998,48.059669735,QmnJ
A1580201,A158020101,1968-04-25,13000.0,2026-06-02T09:33:34Z,16,Donnée validée,10,Expertisée,20,Bonne,7.38079998,48.059669735,QmnJ
A1580201,A158020101,1968-04-26,11700.0,2026-06-02T09:33:34Z,16,Donnée validée,10,Expertisée,20,Bonne,7.38079998,48.059669735,QmnJ
A1580201,A158020101,1968-04-27,10000.0,2026-06-02T09:33:34Z,16,Donnée validée,10,Expertisée,20,Bonne,7.38079998,48.059669735,QmnJ
A1580201,A158020101,1968-04-28,11000.0,2026-06-02T09:33:34Z,16,Donnée validée,10,Expertisée,20,Bonne,7.38079998,48.059669735,QmnJ
A1580201,A158020101,1968-04-29,15200.0,2026-06-02T09:33:34Z,16,Donnée validée,10,Expertisée,20,Bonne,7.38079998,48.059669735,QmnJ
A1580201,A158020101,1968-04-30,13500.0,2026-06-02T09:33:34Z,16,Donnée validée,10,Expertisée,20,Bonne,7.38079998,48.059669735,QmnJ
A1580201,A158020101,1968-05-01,13200.0,2026-06-02T09:33:34Z,16,Donnée validée,10,Expertisée,20,Bonne,7.38079998,48.059669735,QmnJ
A1580201,A158020101,1968-05-02,11700.0,2026-06-02T09:33:34Z,16,Donnée validée,10,Expertisée,20,Bonne,7.38079998,48.059669735,QmnJ
A1580201,A158020101,1968-05-03,11200.0,2026-06-02T09:33:34Z,16,Donnée validée,10,Expertisée,20,Bonne,7.38079998,48.059669735,QmnJ
A1580201,A158020101,1968-05-04,10700.0,2026-06-02T09:33:34Z,16,Donnée validée,10,Expertisée,20,Bonne,7.38079998,48.059669735,QmnJ
A1580201,A158020101,1968-05-05,11700.0,2026-06-02T09:33:34Z,16,Donnée validée,10,Expertisée,20,Bonne,7.38079998,48.059669735,QmnJ
A1580201,A158020101,1968-05-06,13700.0,2026-06-02T09:33:34Z,16,Donnée validée,10,Expertisée,20,Bonne,7.38079998,48.059669735,QmnJ
A1580201,A158020101,1968-05-07,14500.0,2026-06-02T09:33:34Z,16,Donnée validée,10,Expertisée,20,Bonne,7.38079998,48.059669735,QmnJ
A1580201,A158020101,1968-05-08,13500.0,2026-06-02T09:33:34Z,16,Donnée validée,10,Expertisée,20,Bonne,7.38079998,48.059669735,QmnJ
A1580201,A158020101,1968-05-09,13000.0,2026-06-02T09:33:34Z,16,Donnée validée,10,Expertisée,20,Bonne,7.38079998,48.059669735,QmnJ
A1580201,A158020101,1968-05-10,12700.0,2026-06-02T09:33:34Z,16,Donnée validée,10,Expertisée,20,Bonne,7.38079998,48.059669735,QmnJ
A1580201,A158020101,1968-05-11,12000.0,2026-06-02T09:33:34Z,16,Donnée validée,10,Expertisée,20,Bonne,7.38079998,48.059669735,QmnJ
A1580201,A158020101,1968-05-12,13700.0,2026-06-02T09:33:34Z,16,Donnée validée,10,Expertisée,20,Bonne,7.38079998,48.059669735,QmnJ
A1580201,A158020101,1968-05-13,15200.0,2026-06-02T09:33:34Z,16,Donnée validée,10,Expertisée,20,Bonne,7.38079998,48.059669735,QmnJ
A1580201,A158020101,1968-05-14,12500.0,2026-06-02T09:33:34Z,16,Donnée validée,10,Expertisée,20,Bonne,7.38079998,48.059669735,QmnJ
A1580201,A158020101,1968-05-15,10200.0,2026-06-02T09:33:34Z,16,Donnée validée,10,Expertisée,20,Bonne,7.38079998,48.059669735,QmnJ
A1580201,A158020101,1968-05-16,10200.0,2026-06-02T09:33:34Z,16,Donnée validée,10,Expertisée,20,Bonne,7.38079998,48.059669735,QmnJ
A1580201,A158020101,1968-05-17,10200.0,2026-06-02T09:33:34Z,16,Donnée validée,10,Expertisée,20,Bonne,7.38079998,48.059669735,QmnJ
A1580201,A158020101,1968-05-18,9500.0,2026-06-02T09:33:34Z,16,Donnée validée,10,Expertisée,20,Bonne,7.38079998,48.059669735,QmnJ
A1580201,A158020101,1968-05-19,8800.0,2026-06-02T09:33:34Z,16,Donnée validée,10,Expertisée,20,Bonne,7.38079998,48.059669735,QmnJ
A1580201,A158020101,1968-05-20,8150.0,2026-06-02T09:33:34Z,16,Donnée validée,10,Expertisée,20,Bonne,7.38079998,48.059669735,QmnJ
A1580201,A158020101,1968-05-21,7900.0,2026-06-02T09:33:34Z,16,Donnée validée,10,Expertisée,20,Bonne,7.38079998,48.059669735,QmnJ
A1580201,A158020101,1968-05-22,7700.0,2026-06-02T09:33:34Z,16,Donnée validée,10,Expertisée,20,Bonne,7.38079998,48.059669735,QmnJ
A1580201,A158020101,1968-05-23,8150.0,2026-06-02T09:33:34Z,16,Donnée validée,10,Expertisée,20,Bonne,7.38079998,48.059669735,QmnJ
A1580201,A158020101,1968-05-24,6650.0,2026-06-02T09:33:34Z,16,Donnée validée,10,Expertisée,20,Bonne,7.38079998,48.059669735,QmnJ
A1580201,A158020101,1968-05-25,7050.0,2026-06-02T09:33:34Z,16,Donnée validée,10,Expertisée,20,Bonne,7.38079998,48.059669735,QmnJ
A1580201,A158020101,1968-05-26,7050.0,2026-06-02T09:33:34Z,16,Donnée validée,10,Expertisée,20,Bonne,7.38079998,48.059669735,QmnJ
A1580201,A158020101,1968-05-27,6650.0,2026-06-02T09:33:34Z,16,Donnée validée,10,Expertisée,20,Bonne,7.38079998,48.059669735,QmnJ
A1580201,A158020101,1968-05-28,6250.0,2026-06-02T09:33:34Z,16,Donnée validée,10,Expertisée,20,Bonne,7.38079998,48.059669735,QmnJ
A1580201,A158020101,1968-05-29,6250.0,2026-06-02T09:33:34Z,16,Donnée validée,10,Expertisée,20,Bonne,7.38079998,48.059669735,QmnJ
A1580201,A158020101,1968-05-30,6250.0,2026-06-02T09:33:34Z,16,Donnée validée,10,Expertisée,20,Bonne,7.38079998,48.059669735,QmnJ
A1580201,A158020101,1968-05-31,6250.0,2026-06-02T09:33:34Z,16,Donnée validée,10,Expertisée,20,Bonne,7.38079998,48.059669735,QmnJ
A1580201,A158020101,1968-06-01,5650.0,2026-06-02T09:33:34Z,16,Donnée validée,10,Expertisée,20,Bonne,7.38079998,48.059669735,QmnJ
A1580201,A158020101,1968-06-02,5100.0,2026-06-02T09:33:34Z,16,Donnée validée,10,Expertisée,20,Bonne,7.38079998,48.059669735,QmnJ
A1580201,A158020101,1968-06-03,4360.0,2026-06-02T09:33:34Z,16,Donnée validée,10,Expertisée,20,Bonne,7.38079998,48.059669735,QmnJ
A1580201,A158020101,1968-06-04,4360.0,2026-06-02T09:33:34Z,16,Donnée validée,10,Expertisée,20,Bonne,7.38079998,48.059669735,QmnJ
A1580201,A158020101,1968-06-05,5850.0,2026-06-02T09:33:34Z,16,Donnée validée,10,Expertisée,20,Bonne,7.38079998,48.059669735,QmnJ
A1580201,A158020101,1968-06-06,5100.0,2026-06-02T09:33:34Z,16,Donnée validée,10,Expertisée,20,Bonne,7.38079998,48.059669735,QmnJ
A1580201,A158020101,1968-06-07,4530.0,2026-06-02T09:33:34Z,16,Donnée validée,10,Expertisée,20,Bonne,7.38079998,48.059669735,QmnJ
A1580201,A158020101,1968-06-08,4360.0,2026-06-02T09:33:34Z,16,Donnée validée,10,Expertisée,20,Bonne,7.38079998,48.059669735,QmnJ
A1580201,A158020101,1968-06-09,4360.0,2026-06-02T09:33:34Z,16,Donnée validée,10,Expertisée,20,Bonne,7.38079998,48.059669735,QmnJ
A1580201,A158020101,1968-06-10,4190.0,2026-06-02T09:33:34Z,16,Donnée validée,10,Expertisée,20,Bonne,7.38079998,48.059669735,QmnJ
A1580201,A158020101,1968-06-11,4020.0,2026-06-02T09:33:34Z,16,Donnée validée,10,Expertisée,20,Bonne,7.38079998,48.059669735,QmnJ
A1580201,A158020101,1968-06-12,4020.0,2026-06-02T09:33:34Z,16,Donnée validée,10,Expertisée,20,Bonne,7.38079998,48.059669735,QmnJ
A1580201,A158020101,1968-06-13,4020.0,2026-06-02T09:33:34Z,16,Donnée validée,10,Expertisée,20,Bonne,7.38079998,48.059669735,QmnJ
A1580201,A158020101,1968-06-14,4020.0,2026-06-02T09:33:34Z,16,Donnée validée,10,Expertisée,20,Bonne,7.38079998,48.059669735,QmnJ
A1580201,A158020101,1968-06-15,3680.0,2026-06-02T09:33:34Z,16,Donnée validée,10,Expertisée,20,Bonne,7.38079998,48.059669735,QmnJ
A1580201,A158020101,1968-06-16,3680.0,2026-06-02T09:33:34Z,16,Donnée validée,10,Expertisée,20,Bonne,7.38079998,48.059669735,QmnJ
A1580201,A158020101,1968-06-17,3510.0,2026-06-02T09:33:34Z,16,Donnée validée,10,Expertisée,20,Bonne,7.38079998,48.059669735,QmnJ
A1580201,A158020101,1968-06-18,3510.0,2026-06-02T09:33:34Z,16,Donnée validée,10,Expertisée,20,Bonne,7.38079998,48.059669735,QmnJ
A1580201,A158020101,1968-06-19,3340.0,2026-06-02T09:33:34Z,16,Donnée validée,10,Expertisée,20,Bonne,7.38079998,48.059669735,QmnJ
A1580201,A158020101,1968-06-20,3170.0,2026-06-02T09:33:34Z,16,Donnée validée,10,Expertisée,20,Bonne,7.38079998,48.059669735,QmnJ
A1580201,A158020101,1968-06-21,3170.0,2026-06-02T09:33:34Z,16,Donnée validée,10,Expertisée,20,Bonne,7.38079998,48.059669735,QmnJ
A1580201,A158020101,1968-06-22,3170.0,2026-06-02T09:33:34Z,16,Donnée validée,10,Expertisée,20,Bonne,7.38079998,48.059669735,QmnJ
A1580201,A158020101,1968-06-23,3000.0,2026-06-02T09:33:34Z,16,Donnée validée,10,Expertisée,20,Bonne,7.38079998,48.059669735,QmnJ
A1580201,A158020101,1968-06-24,3000.0,2026-06-02T09:33:34Z,16,Donnée validée,10,Expertisée,20,Bonne,7.38079998,48.059669735,QmnJ
A1580201,A158020101,1968-06-25,3000.0,2026-06-02T09:33:34Z,16,Donnée validée,10,Expertisée,20,Bonne,7.38079998,48.059669735,QmnJ
A1580201,A158020101,1968-06-26,2830.0,2026-06-02T09:33:34Z,16,Donnée validée,10,Expertisée,20,Bonne,7.38079998,48.059669735,QmnJ
A1580201,A158020101,1968-06-27,2660.0,2026-06-02T09:33:34Z,16,Donnée validée,10,Expertisée,20,Bonne,7.38079998,48.059669735,QmnJ
A1580201,A158020101,1968-06-28,2490.0,2026-06-02T09:33:34Z,16,Donnée validée,10,Expertisée,20,Bonne,7.38079998,48.059669735,QmnJ
A1580201,A158020101,1968-06-29,2320.0,2026-06-02T09:33:34Z,16,Donnée validée,10,Expertisée,20,Bonne,7.38079998,48.059669735,QmnJ
A1580201,A158020101,1968-06-30,2010.0,2026-06-02T09:33:34Z,16,Donnée validée,10,Expertisée,20,Bonne,7.38079998,48.059669735,QmnJ
A1580201,A158020101,1968-07-01,1710.0,2026-06-02T09:33:34Z,16,Donnée validée,10,Expertisée,20,Bonne,7.38079998,48.059669735,QmnJ
A1580201,A158020101,1968-07-02,1560.0,2026-06-02T09:33:34Z,16,Donnée validée,10,Expertisée,20,Bonne,7.38079998,48.059669735,QmnJ
A1580201,A158020101,1968-07-03,1260.0,2026-06-02T09:33:34Z,16,Donnée validée,10,Expertisée,20,Bonne,7.38079998,48.059669735,QmnJ
A1580201,A158020101,1968-07-04,1560.0,2026-06-02T09:33:34Z,16,Donnée validée,10,Expertisée,20,Bonne,7.38079998,48.059669735,QmnJ
A1580201,A158020101,1968-07-05,1410.0,2026-06-02T09:33:34Z,16,Donnée validée,10,Expertisée,20,Bonne,7.38079998,48.059669735,QmnJ
A1580201,A158020101,1968-07-06,1410.0,2026-06-02T09:33:34Z,16,Donnée validée,10,Expertisée,20,Bonne,7.38079998,48.059669735,QmnJ
A1580201,A158020101,1968-07-07,1410.0,2026-06-02T09:33:34Z,16,Donnée validée,10,Expertisée,20,Bonne,7.38079998,48.059669735,QmnJ
A1580201,A158020101,1968-07-08,1410.0,2026-06-02T09:33:34Z,16,Donnée validée,10,Expertisée,20,Bonne,7.38079998,48.059669735,QmnJ
A1580201,A158020101,1968-07-09,1260.0,2026-06-02T09:33:34Z,16,Donnée validée,10,Expertisée,20,Bonne,7.38079998,48.059669735,QmnJ
A1580201,A158020101,1968-07-10,1110.0,2026-06-02T09:33:34Z,16,Donnée validée,10,Expertisée,20,Bonne,7.38079998,48.059669735,QmnJ
A1580201,A158020101,1968-07-11,960.0,2026-06-02T09:33:34Z,16,Donnée validée,10,Expertisée,20,Bonne,7.38079998,48.059669735,QmnJ
A1580201,A158020101,1968-07-12,960.0,2026-06-02T09:33:34Z,16,Donnée validée,10,Expertisée,20,Bonne,7.38079998,48.059669735,QmnJ
A1580201,A158020101,1968-07-13,960.0,2026-06-02T09:33:34Z,16,Donnée validée,10,Expertisée,20,Bonne,7.38079998,48.059669735,QmnJ
A1580201,A158020101,1968-07-14,960.0,2026-06-02T09:33:34Z,16,Donnée validée,10,Expertisée,20,Bonne,7.38079998,48.059669735,QmnJ
A1580201,A158020101,1968-07-15,960.0,2026-06-02T09:33:34Z,16,Donnée validée,10,Expertisée,20,Bonne,7.38079998,48.059669735,QmnJ
A1580201,A158020101,1968-07-16,960.0,2026-06-02T09:33:34Z,16,Donnée validée,10,Expertisée,20,Bonne,7.38079998,48.059669735,QmnJ
A1580201,A158020101,1968-07-17,810.0,2026-06-02T09:33:34Z,16,Donnée validée,10,Expertisée,20,Bonne,7.38079998,48.059669735,QmnJ
A1580201,A158020101,1968-07-18,960.0,2026-06-02T09:33:34Z,16,Donnée validée,10,Expertisée,20,Bonne,7.38079998,48.059669735,QmnJ
A1580201,A158020101,1968-07-19,1110.0,2026-06-02T09:33:34Z,16,Donnée validée,10,Expertisée,20,Bonne,7.38079998,48.059669735,QmnJ
A1580201,A158020101,1968-07-20,960.0,2026-06-02T09:33:34Z,16,Donnée validée,10,Expertisée,20,Bonne,7.38079998,48.059669735,QmnJ
A1580201,A158020101,1968-07-21,810.0,2026-06-02T09:33:34Z,16,Donnée validée,10,Expertisée,20,Bonne,7.38079998,48.059669735,QmnJ
A1580201,A158020101,1968-07-22,960.0,2026-06-02T09:33:34Z,16,Donnée validée,10,Expertisée,20,Bonne,7.38079998,48.059669735,QmnJ
A1580201,A158020101,1968-07-23,810.0,2026-06-02T09:33:34Z,16,Donnée validée,10,Expertisée,20,Bonne,7.38079998,48.059669735,QmnJ
A1580201,A158020101,1968-07-24,810.0,2026-06-02T09:33:34Z,16,Donnée validée,10,Expertisée,20,Bonne,7.38079998,48.059669735,QmnJ
A1580201,A158020101,1968-07-25,960.0,2026-06-02T09:33:34Z,16,Donnée validée,10,Expertisée,20,Bonne,7.38079998,48.059669735,QmnJ
A1580201,A158020101,1968-07-26,960.0,2026-06-02T09:33:34Z,16,Donnée validée,10,Expertisée,20,Bonne,7.38079998,48.059669735,QmnJ
A1580201,A158020101,1968-07-27,960.0,2026-06-02T09:33:34Z,16,Donnée validée,10,Expertisée,20,Bonne,7.38079998,48.059669735,QmnJ
A1580201,A158020101,1968-07-28,810.0,2026-06-02T09:33:34Z,16,Donnée validée,10,Expertisée,20,Bonne,7.38079998,48.059669735,QmnJ
A1580201,A158020101,1968-07-29,810.0,2026-06-02T09:33:34Z,16,Donnée validée,10,Expertisée,20,Bonne,7.38079998,48.059669735,QmnJ
A1580201,A158020101,1968-07-30,960.0,2026-06-02T09:33:34Z,16,Donnée validée,10,Expertisée,20,Bonne,7.38079998,48.059669735,QmnJ
A1580201,A158020101,1968-07-31,960.0,2026-06-02T09:33:34Z,16,Donnée validée,10,Expertisée,20,Bonne,7.38079998,48.059669735,QmnJ
A1580201,A158020101,1968-08-01,960.0,2026-06-02T09:33:34Z,16,Donnée validée,10,Expertisée,20,Bonne,7.38079998,48.059669735,QmnJ
A1580201,A158020101,1968-08-02,1110.0,2026-06-02T09:33:34Z,16,Donnée validée,10,Expertisée,20,Bonne,7.38079998,48.059669735,QmnJ
A1580201,A158020101,1968-08-03,1110.0,2026-06-02T09:33:34Z,16,Donnée validée,10,Expertisée,20,Bonne,7.38079998,48.059669735,QmnJ
A1580201,A158020101,1968-08-04,1260.0,2026-06-02T09:33:34Z,16,Donnée validée,10,Expertisée,20,Bonne,7.38079998,48.059669735,QmnJ
A1580201,A158020101,1968-08-05,960.0,2026-06-02T09:33:34Z,16,Donnée validée,10,Expertisée,20,Bonne,7.38079998,48.059669735,QmnJ
A1580201,A158020101,1968-08-06,960.0,2026-06-02T09:33:34Z,16,Donnée validée,10,Expertisée,20,Bonne,7.38079998,48.059669735,QmnJ
A1580201,A158020101,1968-08-07,960.0,2026-06-02T09:33:34Z,16,Donnée validée,10,Expertisée,20,Bonne,7.38079998,48.059669735,QmnJ
A1580201,A158020101,1968-08-08,960.0,2026-06-02T09:33:34Z,16,Donnée validée,10,Expertisée,20,Bonne,7.38079998,48.059669735,QmnJ
A1580201,A158020101,1968-08-09,960.0,2026-06-02T09:33:34Z,16,Donnée validée,10,Expertisée,20,Bonne,7.38079998,48.059669735,QmnJ
A1580201,A158020101,1968-08-10,960.0,2026-06-02T09:33:34Z,16,Donnée validée,10,Expertisée,20,Bonne,7.38079998,48.059669735,QmnJ
A1580201,A158020101,1968-08-11,1110.0,2026-06-02T09:33:34Z,16,Donnée validée,10,Expertisée,20,Bonne,7.38079998,48.059669735,QmnJ
A1580201,A158020101,1968-08-12,1860.0,2026-06-02T09:33:34Z,16,Donnée validée,10,Expertisée,20,Bonne,7.38079998,48.059669735,QmnJ
A1580201,A158020101,1968-08-13,1710.0,2026-06-02T09:33:34Z,16,Donnée validée,10,Expertisée,20,Bonne,7.38079998,48.059669735,QmnJ
A1580201,A158020101,1968-08-14,2160.0,2026-06-02T09:33:34Z,16,Donnée validée,10,Expertisée,20,Bonne,7.38079998,48.059669735,QmnJ
A1580201,A158020101,1968-08-15,3000.0,2026-06-02T09:33:34Z,16,Donnée validée,10,Expertisée,20,Bonne,7.38079998,48.059669735,QmnJ
A1580201,A158020101,1968-08-16,2160.0,2026-06-02T09:33:34Z,16,Donnée validée,10,Expertisée,20,Bonne,7.38079998,48.059669735,QmnJ
A1580201,A158020101,1968-08-17,1860.0,2026-06-02T09:33:34Z,16,Donnée validée,10,Expertisée,20,Bonne,7.38079998,48.059669735,QmnJ
A1580201,A158020101,1968-08-18,1860.0,2026-06-02T09:33:34Z,16,Donnée validée,10,Expertisée,20,Bonne,7.38079998,48.059669735,QmnJ
A1580201,A158020101,1968-08-19,2660.0,2026-06-02T09:33:34Z,16,Donnée validée,10,Expertisée,20,Bonne,7.38079998,48.059669735,QmnJ
A1580201,A158020101,1968-08-20,2830.0,2026-06-02T09:33:34Z,16,Donnée validée,10,Expertisée,20,Bonne,7.38079998,48.059669735,QmnJ
A1580201,A158020101,1968-08-21,2660.0,2026-06-02T09:33:34Z,16,Donnée validée,10,Expertisée,20,Bonne,7.38079998,48.059669735,QmnJ
A1580201,A158020101,1968-08-22,2660.0,2026-06-02T09:33:34Z,16,Donnée validée,10,Expertisée,20,Bonne,7.38079998,48.059669735,QmnJ
A1580201,A158020101,1968-08-23,2660.0,2026-06-02T09:33:34Z,16,Donnée validée,10,Expertisée,20,Bonne,7.38079998,48.059669735,QmnJ
A1580201,A158020101,1968-08-24,2490.0,2026-06-02T09:33:34Z,16,Donnée validée,10,Expertisée,20,Bonne,7.38079998,48.059669735,QmnJ
A1580201,A158020101,1968-08-25,1410.0,2026-06-02T09:33:34Z,16,Donnée validée,10,Expertisée,20,Bonne,7.38079998,48.059669735,QmnJ
A1580201,A158020101,1968-08-26,1110.0,2026-06-02T09:33:34Z,16,Donnée validée,10,Expertisée,20,Bonne,7.38079998,48.059669735,QmnJ
A1580201,A158020101,1968-08-27,1110.0,2026-06-02T09:33:34Z,16,Donnée validée,10,Expertisée,20,Bonne,7.38079998,48.059669735,QmnJ
A1580201,A158020101,1968-08-28,1110.0,2026-06-02T09:33:34Z,16,Donnée validée,10,Expertisée,20,Bonne,7.38079998,48.059669735,QmnJ
A1580201,A158020101,1968-08-29,1110.0,2026-06-02T09:33:34Z,16,Donnée validée,10,Expertisée,20,Bonne,7.38079998,48.059669735,QmnJ
A1580201,A158020101,1968-08-30,1710.0,2026-06-02T09:33:34Z,16,Donnée validée,10,Expertisée,20,Bonne,7.38079998,48.059669735,QmnJ
A1580201,A158020101,1968-08-31,3000.0,2026-06-02T09:33:34Z,16,Donnée validée,10,Expertisée,20,Bonne,7.38079998,48.059669735,QmnJ
A1580201,A158020101,1968-09-01,2490.0,2026-06-02T09:33:34Z,16,Donnée validée,10,Expertisée,20,Bonne,7.38079998,48.059669735,QmnJ
A1580201,A158020101,1968-09-02,2160.0,2026-06-02T09:33:34Z,16,Donnée validée,10,Expertisée,20,Bonne,7.38079998,48.059669735,QmnJ
A1580201,A158020101,1968-09-03,2160.0,2026-06-02T09:33:34Z,16,Donnée validée,10,Expertisée,20,Bonne,7.38079998,48.059669735,QmnJ
A1580201,A158020101,1968-09-04,2490.0,2026-06-02T09:33:34Z,16,Donnée validée,10,Expertisée,20,Bonne,7.38079998,48.059669735,QmnJ
A1580201,A158020101,1968-09-05,2660.0,2026-06-02T09:33:34Z,16,Donnée validée,10,Expertisée,20,Bonne,7.38079998,48.059669735,QmnJ
A1580201,A158020101,1968-09-06,2660.0,2026-06-02T09:33:34Z,16,Donnée validée,10,Expertisée,20,Bonne,7.38079998,48.059669735,QmnJ
A1580201,A158020101,1968-09-07,2490.0,2026-06-02T09:33:34Z,16,Donnée validée,10,Expertisée,20,Bonne,7.38079998,48.059669735,QmnJ
A1580201,A158020101,1968-09-08,2660.0,2026-06-02T09:33:34Z,16,Donnée validée,10,Expertisée,20,Bonne,7.38079998,48.059669735,QmnJ
A1580201,A158020101,1968-09-09,2830.0,2026-06-02T09:33:34Z,16,Donnée validée,10,Expertisée,20,Bonne,7.38079998,48.059669735,QmnJ
A1580201,A158020101,1968-09-10,2320.0,2026-06-02T09:33:34Z,16,Donnée validée,10,Expertisée,20,Bonne,7.38079998,48.059669735,QmnJ
A1580201,A158020101,1968-09-11,2160.0,2026-06-02T09:33:34Z,16,Donnée validée,10,Expertisée,20,Bonne,7.38079998,48.059669735,QmnJ
A1580201,A158020101,1968-09-12,2490.0,2026-06-02T09:33:34Z,16,Donnée validée,10,Expertisée,20,Bonne,7.38079998,48.059669735,QmnJ
A1580201,A158020101,1968-09-13,2660.0,2026-06-02T09:33:34Z,16,Donnée validée,10,Expertisée,20,Bonne,7.38079998,48.059669735,QmnJ
A1580201,A158020101,1968-09-14,2160.0,2026-06-02T09:33:34Z,16,Donnée validée,10,Expertisée,20,Bonne,7.38079998,48.059669735,QmnJ
A1580201,A158020101,1968-09-15,3000.0,2026-06-02T09:33:34Z,16,Donnée validée,10,Expertisée,20,Bonne,7.38079998,48.059669735,QmnJ
A1580201,A158020101,1968-09-16,3680.0,2026-06-02T09:33:34Z,16,Donnée validée,10,Expertisée,20,Bonne,7.38079998,48.059669735,QmnJ
A1580201,A158020101,1968-09-17,3000.0,2026-06-02T09:33:34Z,16,Donnée validée,10,Expertisée,20,Bonne,7.38079998,48.059669735,QmnJ
A1580201,A158020101,1968-09-18,3000.0,2026-06-02T09:33:34Z,16,Donnée validée,10,Expertisée,20,Bonne,7.38079998,48.059669735,QmnJ
A1580201,A158020101,1968-09-19,3680.0,2026-06-02T09:33:34Z,16,Donnée validée,10,Expertisée,20,Bonne,7.38079998,48.059669735,QmnJ
A1580201,A158020101,1968-09-20,3000.0,2026-06-02T09:33:34Z,16,Donnée validée,10,Expertisée,20,Bonne,7.38079998,48.059669735,QmnJ
A1580201,A158020101,1968-09-21,3000.0,2026-06-02T09:33:34Z,16,Donnée validée,10,Expertisée,20,Bonne,7.38079998,48.059669735,QmnJ
A1580201,A158020101,1968-09-22,3510.0,2026-06-02T09:33:34Z,16,Donnée validée,10,Expertisée,20,Bonne,7.38079998,48.059669735,QmnJ
A1580201,A158020101,1968-09-23,4530.0,2026-06-02T09:33:34Z,16,Donnée validée,10,Expertisée,20,Bonne,7.38079998,48.059669735,QmnJ
A1580201,A158020101,1968-09-24,6850.0,2026-06-02T09:33:34Z,16,Donnée validée,10,Expertisée,20,Bonne,7.38079998,48.059669735,QmnJ
A1580201,A158020101,1968-09-25,6250.0,2026-06-02T09:33:34Z,16,Donnée validée,10,Expertisée,20,Bonne,7.38079998,48.059669735,QmnJ
A1580201,A158020101,1968-09-26,5850.0,2026-06-02T09:33:34Z,16,Donnée validée,10,Expertisée,20,Bonne,7.38079998,48.059669735,QmnJ
A1580201,A158020101,1968-09-27,5650.0,2026-06-02T09:33:34Z,16,Donnée validée,10,Expertisée,20,Bonne,7.38079998,48.059669735,QmnJ
A1580201,A158020101,1968-09-28,5100.0,2026-06-02T09:33:34Z,16,Donnée validée,10,Expertisée,20,Bonne,7.38079998,48.059669735,QmnJ
A1580201,A158020101,1968-09-29,5250.0,2026-06-02T09:33:34Z,16,Donnée validée,10,Expertisée,20,Bonne,7.38079998,48.059669735,QmnJ
A1580201,A158020101,1968-09-30,5250.0,2026-06-02T09:33:34Z,16,Donnée validée,10,Expertisée,20,Bonne,7.38079998,48.059669735,QmnJ
A1580201,A158020101,1968-10-01,4700.0,2026-06-02T09:33:34Z,16,Donnée validée,10,Expertisée,20,Bonne,7.38079998,48.059669735,QmnJ
A1580201,A158020101,1968-10-02,5250.0,2026-06-02T09:33:34Z,16,Donnée validée,10,Expertisée,20,Bonne,7.38079998,48.059669735,QmnJ
A1580201,A158020101,1968-10-03,5250.0,2026-06-02T09:33:34Z,16,Donnée validée,10,Expertisée,20,Bonne,7.38079998,48.059669735,QmnJ
A1580201,A158020101,1968-10-04,5250.0,2026-06-02T09:33:34Z,16,Donnée validée,10,Expertisée,20,Bonne,7.38079998,48.059669735,QmnJ
A1580201,A158020101,1968-10-05,4530.0,2026-06-02T09:33:34Z,16,Donnée validée,10,Expertisée,20,Bonne,7.38079998,48.059669735,QmnJ
A1580201,A158020101,1968-10-06,4360.0,2026-06-02T09:33:34Z,16,Donnée validée,10,Expertisée,20,Bonne,7.38079998,48.059669735,QmnJ
A1580201,A158020101,1968-10-07,4190.0,2026-06-02T09:33:34Z,16,Donnée validée,10,Expertisée,20,Bonne,7.38079998,48.059669735,QmnJ
A1580201,A158020101,1968-10-08,3850.0,2026-06-02T09:33:34Z,16,Donnée validée,10,Expertisée,20,Bonne,7.38079998,48.059669735,QmnJ
A1580201,A158020101,1968-10-09,5250.0,2026-06-02T09:33:34Z,16,Donnée validée,10,Expertisée,20,Bonne,7.38079998,48.059669735,QmnJ
A1580201,A158020101,1968-10-10,4700.0,2026-06-02T09:33:34Z,16,Donnée validée,10,Expertisée,20,Bonne,7.38079998,48.059669735,QmnJ
A1580201,A158020101,1968-10-11,4190.0,2026-06-02T09:33:34Z,16,Donnée validée,10,Expertisée,20,Bonne,7.38079998,48.059669735,QmnJ
A1580201,A158020101,1968-10-12,4360.0,2026-06-02T09:33:34Z,16,Donnée validée,10,Expertisée,20,Bonne,7.38079998,48.059669735,QmnJ
A1580201,A158020101,1968-10-13,4190.0,2026-06-02T09:33:34Z,16,Donnée validée,10,Expertisée,20,Bonne,7.38079998,48.059669735,QmnJ
A1580201,A158020101,1968-10-14,4700.0,2026-06-02T09:33:34Z,16,Donnée validée,10,Expertisée,20,Bonne,7.38079998,48.059669735,QmnJ
A1580201,A158020101,1968-10-15,6450.0,2026-06-02T09:33:34Z,16,Donnée validée,10,Expertisée,20,Bonne,7.38079998,48.059669735,QmnJ
A1580201,A158020101,1968-10-16,6450.0,2026-06-02T09:33:34Z,16,Donnée validée,10,Expertisée,20,Bonne,7.38079998,48.059669735,QmnJ
A1580201,A158020101,1968-10-17,6250.0,2026-06-02T09:33:34Z,16,Donnée validée,10,Expertisée,20,Bonne,7.38079998,48.059669735,QmnJ
A1580201,A158020101,1968-10-18,5850.0,2026-06-02T09:33:34Z,16,Donnée validée,10,Expertisée,20,Bonne,7.38079998,48.059669735,QmnJ
A1580201,A158020101,1968-10-19,5250.0,2026-06-02T09:33:34Z,16,Donnée validée,10,Expertisée,20,Bonne,7.38079998,48.059669735,QmnJ
A1580201,A158020101,1968-10-20,4890.0,2026-06-02T09:33:34Z,16,Donnée validée,10,Expertisée,20,Bonne,7.38079998,48.059669735,QmnJ
A1580201,A158020101,1968-10-21,4190.0,2026-06-02T09:33:34Z,16,Donnée validée,10,Expertisée,20,Bonne,7.38079998,48.059669735,QmnJ
A1580201,A158020101,1968-10-22,4020.0,2026-06-02T09:33:34Z,16,Donnée validée,10,Expertisée,20,Bonne,7.38079998,48.059669735,QmnJ
A1580201,A158020101,1968-10-23,3850.0,2026-06-02T09:33:34Z,16,Donnée validée,10,Expertisée,20,Bonne,7.38079998,48.059669735,QmnJ
A1580201,A158020101,1968-10-24,3680.0,2026-06-02T09:33:34Z,16,Donnée validée,10,Expertisée,20,Bonne,7.38079998,48.059669735,QmnJ
A1580201,A158020101,1968-10-25,3340.0,2026-06-02T09:33:34Z,16,Donnée validée,10,Expertisée,20,Bonne,7.38079998,48.059669735,QmnJ
A1580201,A158020101,1968-10-26,3170.0,2026-06-02T09:33:34Z,16,Donnée validée,10,Expertisée,20,Bonne,7.38079998,48.059669735,QmnJ
A1580201,A158020101,1968-10-27,3000.0,2026-06-02T09:33:34Z,16,Donnée validée,10,Expertisée,20,Bonne,7.38079998,48.059669735,QmnJ
A1580201,A158020101,1968-10-28,2830.0,2026-06-02T09:33:34Z,16,Donnée validée,10,Expertisée,20,Bonne,7.38079998,48.059669735,QmnJ
A1580201,A158020101,1968-10-29,2830.0,2026-06-02T09:33:34Z,16,Donnée validée,10,Expertisée,20,Bonne,7.38079998,48.059669735,QmnJ
A1580201,A158020101,1968-10-30,3170.0,2026-06-02T09:33:34Z,16,Donnée validée,10,Expertisée,20,Bonne,7.38079998,48.059669735,QmnJ
A1580201,A158020101,1968-10-31,2830.0,2026-06-02T09:33:34Z,16,Donnée validée,10,Expertisée,20,Bonne,7.38079998,48.059669735,QmnJ
A1580201,A158020101,1968-11-01,2660.0,2026-06-02T09:33:34Z,16,Donnée validée,10,Expertisée,20,Bonne,7.38079998,48.059669735,QmnJ
A1580201,A158020101,1968-11-02,2490.0,2026-06-02T09:33:34Z,16,Donnée validée,10,Expertisée,20,Bonne,7.38079998,48.059669735,QmnJ
A1580201,A158020101,1968-11-03,3060.0,2026-06-02T09:33:34Z,16,Donnée validée,10,Expertisée,20,Bonne,7.38079998,48.059669735,QmnJ
A1580201,A158020101,1968-11-04,3970.0,2026-06-02T09:33:34Z,16,Donnée validée,10,Expertisée,20,Bonne,7.38079998,48.059669735,QmnJ
A1580201,A158020101,1968-11-05,7450.0,2026-06-02T09:33:34Z,16,Donnée validée,10,Expertisée,20,Bonne,7.38079998,48.059669735,QmnJ
A1580201,A158020101,1968-11-06,6600.0,2026-06-02T09:33:34Z,16,Donnée validée,10,Expertisée,20,Bonne,7.38079998,48.059669735,QmnJ
A1580201,A158020101,1968-11-07,4690.0,2026-06-02T09:33:34Z,16,Donnée validée,10,Expertisée,20,Bonne,7.38079998,48.059669735,QmnJ
A1580201,A158020101,1968-11-08,4090.0,2026-06-02T09:33:34Z,16,Donnée validée,10,Expertisée,20,Bonne,7.38079998,48.059669735,QmnJ
A1580201,A158020101,1968-11-09,3730.0,2026-06-02T09:33:34Z,16,Donnée validée,10,Expertisée,20,Bonne,7.38079998,48.059669735,QmnJ
A1580201,A158020101,1968-11-10,3460.0,2026-06-02T09:33:34Z,16,Donnée validée,10,Expertisée,20,Bonne,7.38079998,48.059669735,QmnJ
A1580201,A158020101,1968-11-11,3310.0,2026-06-02T09:33:34Z,16,Donnée validée,10,Expertisée,20,Bonne,7.38079998,48.059669735,QmnJ
A1580201,A158020101,1968-11-12,3670.0,2026-06-02T09:33:34Z,16,Donnée validée,10,Expertisée,20,Bonne,7.38079998,48.059669735,QmnJ
A1580201,A158020101,1968-11-13,3640.0,2026-06-02T09:33:34Z,16,Donnée validée,10,Expertisée,20,Bonne,7.38079998,48.059669735,QmnJ
A1580201,A158020101,1968-11-14,3500.0,2026-06-02T09:33:34Z,16,Donnée validée,10,Expertisée,20,Bonne,7.38079998,48.059669735,QmnJ
A1580201,A158020101,1968-11-15,3370.0,2026-06-02T09:33:34Z,16,Donnée validée,10,Expertisée,20,Bonne,7.38079998,48.059669735,QmnJ
A1580201,A158020101,1968-11-16,3310.0,2026-06-02T09:33:34Z,16,Donnée validée,10,Expertisée,20,Bonne,7.38079998,48.059669735,QmnJ
A1580201,A158020101,1968-11-17,3270.0,2026-06-02T09:33:34Z,16,Donnée validée,10,Expertisée,20,Bonne,7.38079998,48.059669735,QmnJ
A1580201,A158020101,1968-11-18,3150.0,2026-06-02T09:33:34Z,16,Donnée validée,10,Expertisée,20,Bonne,7.38079998,48.059669735,QmnJ
A1580201,A158020101,1968-11-19,3150.0,2026-06-02T09:33:34Z,16,Donnée validée,10,Expertisée,20,Bonne,7.38079998,48.059669735,QmnJ
A1580201,A158020101,1968-11-20,3120.0,2026-06-02T09:33:34Z,16,Donnée validée,10,Expertisée,20,Bonne,7.38079998,48.059669735,QmnJ
A1580201,A158020101,1968-11-21,3140.0,2026-06-02T09:33:34Z,16,Donnée validée,10,Expertisée,20,Bonne,7.38079998,48.059669735,QmnJ
A1580201,A158020101,1968-11-22,3120.0,2026-06-02T09:33:34Z,16,Donnée validée,10,Expertisée,20,Bonne,7.38079998,48.059669735,QmnJ
A1580201,A158020101,1968-11-23,3110.0,2026-06-02T09:33:34Z,16,Donnée validée,10,Expertisée,20,Bonne,7.38079998,48.059669735,QmnJ
A1580201,A158020101,1968-11-24,3640.0,2026-06-02T09:33:34Z,16,Donnée validée,10,Expertisée,20,Bonne,7.38079998,48.059669735,QmnJ
A1580201,A158020101,1968-11-25,4060.0,2026-06-02T09:33:34Z,16,Donnée validée,10,Expertisée,20,Bonne,7.38079998,48.059669735,QmnJ
A1580201,A158020101,1968-11-26,3840.0,2026-06-02T09:33:34Z,16,Donnée validée,10,Expertisée,20,Bonne,7.38079998,48.059669735,QmnJ
A1580201,A158020101,1968-11-27,3780.0,2026-06-02T09:33:34Z,16,Donnée validée,10,Expertisée,20,Bonne,7.38079998,48.059669735,QmnJ
A1580201,A158020101,1968-11-28,3670.0,2026-06-02T09:33:34Z,16,Donnée validée,10,Expertisée,20,Bonne,7.38079998,48.059669735,QmnJ
A1580201,A158020101,1968-11-29,3630.0,2026-06-02T09:33:34Z,16,Donnée validée,10,Expertisée,20,Bonne,7.38079998,48.059669735,QmnJ
A1580201,A158020101,1968-11-30,3520.0,2026-06-02T09:33:34Z,16,Donnée validée,10,Expertisée,20,Bonne,7.38079998,48.059669735,QmnJ
A1580201,A158020101,1968-12-01,3450.0,2026-06-02T09:33:34Z,16,Donnée validée,10,Expertisée,20,Bonne,7.38079998,48.059669735,QmnJ
A1580201,A158020101,1968-12-02,3060.0,2026-06-02T09:33:34Z,16,Donnée validée,10,Expertisée,20,Bonne,7.38079998,48.059669735,QmnJ
A1580201,A158020101,1968-12-03,3060.0,2026-06-02T09:33:34Z,16,Donnée validée,10,Expertisée,20,Bonne,7.38079998,48.059669735,QmnJ
A1580201,A158020101,1968-12-04,3010.0,2026-06-02T09:33:34Z,16,Donnée validée,10,Expertisée,20,Bonne,7.38079998,48.059669735,QmnJ
A1580201,A158020101,1968-12-05,2960.0,2026-06-02T09:33:34Z,16,Donnée validée,10,Expertisée,20,Bonne,7.38079998,48.059669735,QmnJ
A1580201,A158020101,1968-12-06,3010.0,2026-06-02T09:33:34Z,16,Donnée validée,10,Expertisée,20,Bonne,7.38079998,48.059669735,QmnJ
A1580201,A158020101,1968-12-07,3120.0,2026-06-02T09:33:34Z,16,Donnée validée,10,Expertisée,20,Bonne,7.38079998,48.059669735,QmnJ
A1580201,A158020101,1968-12-08,3310.0,2026-06-02T09:33:34Z,16,Donnée validée,10,Expertisée,20,Bonne,7.38079998,48.059669735,QmnJ
A1580201,A158020101,1968-12-09,2960.0,2026-06-02T09:33:34Z,16,Donnée validée,10,Expertisée,20,Bonne,7.38079998,48.059669735,QmnJ
A1580201,A158020101,1968-12-10,2970.0,2026-06-02T09:33:34Z,16,Donnée validée,10,Expertisée,20,Bonne,7.38079998,48.059669735,QmnJ
A1580201,A158020101,1968-12-11,2880.0,2026-06-02T09:33:34Z,16,Donnée validée,10,Expertisée,20,Bonne,7.38079998,48.059669735,QmnJ
A1580201,A158020101,1968-12-12,2690.0,2026-06-02T09:33:34Z,16,Donnée validée,10,Expertisée,20,Bonne,7.38079998,48.059669735,QmnJ
A1580201,A158020101,1968-12-13,2260.0,2026-06-02T09:33:34Z,16,Donnée validée,10,Expertisée,20,Bonne,7.38079998,48.059669735,QmnJ
A1580201,A158020101,1968-12-14,2410.0,2026-06-02T09:33:34Z,16,Donnée validée,10,Expertisée,20,Bonne,7.38079998,48.059669735,QmnJ
A1580201,A158020101,1968-12-15,2630.0,2026-06-02T09:33:34Z,16,Donnée validée,10,Expertisée,20,Bonne,7.38079998,48.059669735,QmnJ
A1580201,A158020101,1968-12-16,2360.0,2026-06-02T09:33:34Z,16,Donnée validée,10,Expertisée,20,Bonne,7.38079998,48.059669735,QmnJ
A1580201,A158020101,1968-12-17,2970.0,2026-06-02T09:33:34Z,16,Donnée validée,10,Expertisée,20,Bonne,7.38079998,48.059669735,QmnJ
A1580201,A158020101,1968-12-18,3170.0,2026-06-02T09:33:34Z,16,Donnée validée,10,Expertisée,20,Bonne,7.38079998,48.059669735,QmnJ
A1580201,A158020101,1968-12-19,3690.0,2026-06-02T09:33:34Z,16,Donnée validée,10,Expertisée,20,Bonne,7.38079998,48.059669735,QmnJ
A1580201,A158020101,1968-12-20,4060.0,2026-06-02T09:33:34Z,16,Donnée validée,10,Expertisée,20,Bonne,7.38079998,48.059669735,QmnJ
A1580201,A158020101,1968-12-21,4280.0,2026-06-02T09:33:34Z,16,Donnée validée,10,Expertisée,20,Bonne,7.38079998,48.059669735,QmnJ
A1580201,A158020101,1968-12-22,6500.0,2026-06-02T09:33:34Z,16,Donnée validée,10,Expertisée,20,Bonne,7.38079998,48.059669735,QmnJ
A1580201,A158020101,1968-12-23,7150.0,2026-06-02T09:33:34Z,16,Donnée validée,10,Expertisée,20,Bonne,7.38079998,48.059669735,QmnJ
A1580201,A158020101,1968-12-24,8750.0,2026-06-02T09:33:34Z,16,Donnée validée,10,Expertisée,20,Bonne,7.38079998,48.059669735,QmnJ
A1580201,A158020101,1968-12-25,8450.0,2026-06-02T09:33:34Z,16,Donnée validée,10,Expertisée,20,Bonne,7.38079998,48.059669735,QmnJ
A1580201,A158020101,1968-12-26,7900.0,2026-06-02T09:33:34Z,16,Donnée validée,10,Expertisée,20,Bonne,7.38079998,48.059669735,QmnJ
A1580201,A158020101,1968-12-27,6800.0,2026-06-02T09:33:34Z,16,Donnée validée,10,Expertisée,20,Bonne,7.38079998,48.059669735,QmnJ
A1580201,A158020101,1968-12-28,6100.0,2026-06-02T09:33:34Z,16,Donnée validée,10,Expertisée,20,Bonne,7.38079998,48.059669735,QmnJ
A1580201,A158020101,1968-12-29,5600.0,2026-06-02T09:33:34Z,16,Donnée validée,10,Expertisée,20,Bonne,7.38079998,48.059669735,QmnJ
A1580201,A158020101,1968-12-30,5050.0,2026-06-02T09:33:34Z,16,Donnée validée,10,Expertisée,20,Bonne,7.38079998,48.059669735,QmnJ
A1580201,A158020101,1968-12-31,4700.0,2026-06-02T09:33:34Z,16,Donnée validée,10,Expertisée,20,Bonne,7.38079998,48.059669735,QmnJ
A1580201,A158020101,1969-01-01,4190.0,2026-06-02T09:33:34Z,16,Donnée validée,10,Expertisée,20,Bonne,7.38079998,48.059669735,QmnJ
A1580201,A158020101,1969-01-02,4020.0,2026-06-02T09:33:34Z,16,Donnée validée,10,Expertisée,20,Bonne,7.38079998,48.059669735,QmnJ
A1580201,A158020101,1969-01-03,4020.0,2026-06-02T09:33:34Z,16,Donnée validée,10,Expertisée,20,Bonne,7.38079998,48.059669735,QmnJ
A1580201,A158020101,1969-01-04,3850.0,2026-06-02T09:33:34Z,16,Donnée validée,10,Expertisée,20,Bonne,7.38079998,48.059669735,QmnJ
A1580201,A158020101,1969-01-05,3850.0,2026-06-02T09:33:34Z,16,Donnée validée,10,Expertisée,20,Bonne,7.38079998,48.059669735,QmnJ
A1580201,A158020101,1969-01-06,3680.0,2026-06-02T09:33:34Z,16,Donnée validée,10,Expertisée,20,Bonne,7.38079998,48.059669735,QmnJ
A1580201,A158020101,1969-01-07,3510.0,2026-06-02T09:33:34Z,16,Donnée validée,10,Expertisée,20,Bonne,7.38079998,48.059669735,QmnJ
A1580201,A158020101,1969-01-08,3510.0,2026-06-02T09:33:34Z,16,Donnée validée,10,Expertisée,20,Bonne,7.38079998,48.059669735,QmnJ
A1580201,A158020101,1969-01-09,3340.0,2026-06-02T09:33:34Z,16,Donnée validée,10,Expertisée,20,Bonne,7.38079998,48.059669735,QmnJ
A1580201,A158020101,1969-01-10,3170.0,2026-06-02T09:33:34Z,16,Donnée validée,10,Expertisée,20,Bonne,7.38079998,48.059669735,QmnJ
A1580201,A158020101,1969-01-11,3170.0,2026-06-02T09:33:34Z,16,Donnée validée,10,Expertisée,20,Bonne,7.38079998,48.059669735,QmnJ
A1580201,A158020101,1969-01-12,3170.0,2026-06-02T09:33:34Z,16,Donnée validée,10,Expertisée,20,Bonne,7.38079998,48.059669735,QmnJ
A1580201,A158020101,1969-01-13,4660.0,2026-06-02T09:33:34Z,16,Donnée validée,10,Expertisée,20,Bonne,7.38079998,48.059669735,QmnJ
A1580201,A158020101,1969-01-14,6850.0,2026-06-02T09:33:34Z,16,Donnée validée,10,Expertisée,20,Bonne,7.38079998,48.059669735,QmnJ
A1580201,A158020101,1969-01-15,6600.0,2026-06-02T09:33:34Z,16,Donnée validée,10,Expertisée,20,Bonne,7.38079998,48.059669735,QmnJ
A1580201,A158020101,1969-01-16,6500.0,2026-06-02T09:33:34Z,16,Donnée validée,10,Expertisée,20,Bonne,7.38079998,48.059669735,QmnJ
A1580201,A158020101,1969-01-17,6200.0,2026-06-02T09:33:34Z,16,Donnée validée,10,Expertisée,20,Bonne,7.38079998,48.059669735,QmnJ
A1580201,A158020101,1969-01-18,6200.0,2026-06-02T09:33:34Z,16,Donnée validée,10,Expertisée,20,Bonne,7.38079998,48.059669735,QmnJ
A1580201,A158020101,1969-01-19,7050.0,2026-06-02T09:33:34Z,16,Donnée validée,10,Expertisée,20,Bonne,7.38079998,48.059669735,QmnJ
A1580201,A158020101,1969-01-20,6650.0,2026-06-02T09:33:34Z,16,Donnée validée,10,Expertisée,20,Bonne,7.38079998,48.059669735,QmnJ
A1580201,A158020101,1969-01-21,6200.0,2026-06-02T09:33:34Z,16,Donnée validée,10,Expertisée,20,Bonne,7.38079998,48.059669735,QmnJ
A1580201,A158020101,1969-01-22,5700.0,2026-06-02T09:33:34Z,16,Donnée validée,10,Expertisée,20,Bonne,7.38079998,48.059669735,QmnJ
A1580201,A158020101,1969-01-23,5450.0,2026-06-02T09:33:34Z,16,Donnée validée,10,Expertisée,20,Bonne,7.38079998,48.059669735,QmnJ
A1580201,A158020101,1969-01-24,5150.0,2026-06-02T09:33:34Z,16,Donnée validée,10,Expertisée,20,Bonne,7.38079998,48.059669735,QmnJ
A1580201,A158020101,1969-01-25,5100.0,2026-06-02T09:33:34Z,16,Donnée validée,10,Expertisée,20,Bonne,7.38079998,48.059669735,QmnJ
A1580201,A158020101,1969-01-26,5100.0,2026-06-02T09:33:34Z,16,Donnée validée,10,Expertisée,20,Bonne,7.38079998,48.059669735,QmnJ
A1580201,A158020101,1969-01-27,5100.0,2026-06-02T09:33:34Z,16,Donnée validée,10,Expertisée,20,Bonne,7.38079998,48.059669735,QmnJ
A1580201,A158020101,1969-01-28,5250.0,2026-06-02T09:33:34Z,16,Donnée validée,10,Expertisée,20,Bonne,7.38079998,48.059669735,QmnJ
A1580201,A158020101,1969-01-29,5250.0,2026-06-02T09:33:34Z,16,Donnée validée,10,Expertisée,20,Bonne,7.38079998,48.059669735,QmnJ
A1580201,A158020101,1969-01-30,6250.0,2026-06-02T09:33:34Z,16,Donnée validée,10,Expertisée,20,Bonne,7.38079998,48.059669735,QmnJ
A1580201,A158020101,1969-01-31,6050.0,2026-06-02T09:33:34Z,16,Donnée validée,10,Expertisée,20,Bonne,7.38079998,48.059669735,QmnJ
A1580201,A158020101,1969-02-01,6050.0,2026-06-02T09:33:34Z,16,Donnée validée,10,Expertisée,20,Bonne,7.38079998,48.059669735,QmnJ
A1580201,A158020101,1969-02-02,5850.0,2026-06-02T09:33:34Z,16,Donnée validée,10,Expertisée,20,Bonne,7.38079998,48.059669735,QmnJ
A1580201,A158020101,1969-02-03,5650.0,2026-06-02T09:33:34Z,16,Donnée validée,10,Expertisée,20,Bonne,7.38079998,48.059669735,QmnJ
A1580201,A158020101,1969-02-04,5450.0,2026-06-02T09:33:34Z,16,Donnée validée,10,Expertisée,20,Bonne,7.38079998,48.059669735,QmnJ
A1580201,A158020101,1969-02-05,5100.0,2026-06-02T09:33:34Z,16,Donnée validée,10,Expertisée,20,Bonne,7.38079998,48.059669735,QmnJ
A1580201,A158020101,1969-02-06,4730.0,2026-06-02T09:33:34Z,16,Donnée validée,10,Expertisée,20,Bonne,7.38079998,48.059669735,QmnJ
A1580201,A158020101,1969-02-07,4440.0,2026-06-02T09:33:34Z,16,Donnée validée,10,Expertisée,20,Bonne,7.38079998,48.059669735,QmnJ
A1580201,A158020101,1969-02-08,4560.0,2026-06-02T09:33:34Z,16,Donnée validée,10,Expertisée,20,Bonne,7.38079998,48.059669735,QmnJ
A1580201,A158020101,1969-02-09,4360.0,2026-06-02T09:33:34Z,16,Donnée validée,10,Expertisée,20,Bonne,7.38079998,48.059669735,QmnJ
A1580201,A158020101,1969-02-10,4020.0,2026-06-02T09:33:34Z,16,Donnée validée,10,Expertisée,20,Bonne,7.38079998,48.059669735,QmnJ
A1580201,A158020101,1969-02-11,3960.0,2026-06-02T09:33:34Z,16,Donnée validée,10,Expertisée,20,Bonne,7.38079998,48.059669735,QmnJ
A1580201,A158020101,1969-02-12,4040.0,2026-06-02T09:33:34Z,16,Donnée validée,10,Expertisée,20,Bonne,7.38079998,48.059669735,QmnJ
A1580201,A158020101,1969-02-13,4160.0,2026-06-02T09:33:34Z,16,Donnée validée,10,Expertisée,20,Bonne,7.38079998,48.059669735,QmnJ
A1580201,A158020101,1969-02-14,3960.0,2026-06-02T09:33:34Z,16,Donnée validée,10,Expertisée,20,Bonne,7.38079998,48.059669735,QmnJ
A1580201,A158020101,1969-02-15,3220.0,2026-06-02T09:33:34Z,16,Donnée validée,10,Expertisée,20,Bonne,7.38079998,48.059669735,QmnJ
A1580201,A158020101,1969-02-16,3020.0,2026-06-02T09:33:34Z,16,Donnée validée,10,Expertisée,20,Bonne,7.38079998,48.059669735,QmnJ
A1580201,A158020101,1969-02-17,3310.0,2026-06-02T09:33:34Z,16,Donnée validée,10,Expertisée,20,Bonne,7.38079998,48.059669735,QmnJ
A1580201,A158020101,1969-02-18,3340.0,2026-06-02T09:33:34Z,16,Donnée validée,10,Expertisée,20,Bonne,7.38079998,48.059669735,QmnJ
A1580201,A158020101,1969-02-19,3480.0,2026-06-02T09:33:34Z,16,Donnée validée,10,Expertisée,20,Bonne,7.38079998,48.059669735,QmnJ
A1580201,A158020101,1969-02-20,5400.0,2026-06-02T09:33:34Z,16,Donnée validée,10,Expertisée,20,Bonne,7.38079998,48.059669735,QmnJ
A1580201,A158020101,1969-02-21,7850.0,2026-06-02T09:33:34Z,16,Donnée validée,10,Expertisée,20,Bonne,7.38079998,48.059669735,QmnJ
A1580201,A158020101,1969-02-22,7900.0,2026-06-02T09:33:34Z,16,Donnée validée,10,Expertisée,20,Bonne,7.38079998,48.059669735,QmnJ
A1580201,A158020101,1969-02-23,7500.0,2026-06-02T09:33:34Z,16,Donnée validée,10,Expertisée,20,Bonne,7.38079998,48.059669735,QmnJ
A1580201,A158020101,1969-02-24,8350.0,2026-06-02T09:33:34Z,16,Donnée validée,10,Expertisée,20,Bonne,7.38079998,48.059669735,QmnJ
A1580201,A158020101,1969-02-25,10000.0,2026-06-02T09:33:34Z,16,Donnée validée,10,Expertisée,20,Bonne,7.38079998,48.059669735,QmnJ
A1580201,A158020101,1969-02-26,10400.0,2026-06-02T09:33:34Z,16,Donnée validée,10,Expertisée,20,Bonne,7.38079998,48.059669735,QmnJ
A1580201,A158020101,1969-02-27,9550.0,2026-06-02T09:33:34Z,16,Donnée validée,10,Expertisée,20,Bonne,7.38079998,48.059669735,QmnJ
A1580201,A158020101,1969-02-28,8250.0,2026-06-02T09:33:34Z,16,Donnée validée,10,Expertisée,20,Bonne,7.38079998,48.059669735,QmnJ
A1580201,A158020101,1969-03-01,7300.0,2026-06-02T09:33:34Z,16,Donnée validée,10,Expertisée,20,Bonne,7.38079998,48.059669735,QmnJ
A1580201,A158020101,1969-03-02,6850.0,2026-06-02T09:33:34Z,16,Donnée validée,10,Expertisée,20,Bonne,7.38079998,48.059669735,QmnJ
A1580201,A158020101,1969-03-03,6450.0,2026-06-02T09:33:34Z,16,Donnée validée,10,Expertisée,20,Bonne,7.38079998,48.059669735,QmnJ
A1580201,A158020101,1969-03-04,6000.0,2026-06-02T09:33:34Z,16,Donnée validée,10,Expertisée,20,Bonne,7.38079998,48.059669735,QmnJ
A1580201,A158020101,1969-03-05,5550.0,2026-06-02T09:33:34Z,16,Donnée validée,10,Expertisée,20,Bonne,7.38079998,48.059669735,QmnJ
A1580201,A158020101,1969-03-06,5250.0,2026-06-02T09:33:34Z,16,Donnée validée,10,Expertisée,20,Bonne,7.38079998,48.059669735,QmnJ
A1580201,A158020101,1969-03-07,4920.0,2026-06-02T09:33:34Z,16,Donnée validée,10,Expertisée,20,Bonne,7.38079998,48.059669735,QmnJ
A1580201,A158020101,1969-03-08,4700.0,2026-06-02T09:33:34Z,16,Donnée validée,10,Expertisée,20,Bonne,7.38079998,48.059669735,QmnJ
A1580201,A158020101,1969-03-09,4610.0,2026-06-02T09:33:34Z,16,Donnée validée,10,Expertisée,20,Bonne,7.38079998,48.059669735,QmnJ
A1580201,A158020101,1969-03-10,4500.0,2026-06-02T09:33:34Z,16,Donnée validée,10,Expertisée,20,Bonne,7.38079998,48.059669735,QmnJ
A1580201,A158020101,1969-03-11,4500.0,2026-06-02T09:33:34Z,16,Donnée validée,10,Expertisée,20,Bonne,7.38079998,48.059669735,QmnJ
A1580201,A158020101,1969-03-12,5600.0,2026-06-02T09:33:34Z,16,Donnée validée,10,Expertisée,20,Bonne,7.38079998,48.059669735,QmnJ
A1580201,A158020101,1969-03-13,7950.0,2026-06-02T09:33:34Z,16,Donnée validée,10,Expertisée,20,Bonne,7.38079998,48.059669735,QmnJ
A1580201,A158020101,1969-03-14,14100.0,2026-06-02T09:33:34Z,16,Donnée validée,10,Expertisée,20,Bonne,7.38079998,48.059669735,QmnJ
A1580201,A158020101,1969-03-15,14200.0,2026-06-02T09:33:34Z,16,Donnée validée,10,Expertisée,20,Bonne,7.38079998,48.059669735,QmnJ
A1580201,A158020101,1969-03-16,13000.0,2026-06-02T09:33:34Z,16,Donnée validée,10,Expertisée,20,Bonne,7.38079998,48.059669735,QmnJ
A1580201,A158020101,1969-03-17,16000.0,2026-06-02T09:33:34Z,16,Donnée validée,10,Expertisée,20,Bonne,7.38079998,48.059669735,QmnJ
A1580201,A158020101,1969-03-18,17500.0,2026-06-02T09:33:34Z,16,Donnée validée,10,Expertisée,20,Bonne,7.38079998,48.059669735,QmnJ
A1580201,A158020101,1969-03-19,15200.0,2026-06-02T09:33:34Z,16,Donnée validée,10,Expertisée,20,Bonne,7.38079998,48.059669735,QmnJ
A1580201,A158020101,1969-03-20,12900.0,2026-06-02T09:33:34Z,16,Donnée validée,10,Expertisée,20,Bonne,7.38079998,48.059669735,QmnJ
A1580201,A158020101,1969-03-21,10600.0,2026-06-02T09:33:34Z,16,Donnée validée,10,Expertisée,20,Bonne,7.38079998,48.059669735,QmnJ
A1580201,A158020101,1969-03-22,9300.0,2026-06-02T09:33:34Z,16,Donnée validée,10,Expertisée,20,Bonne,7.38079998,48.059669735,QmnJ
A1580201,A158020101,1969-03-23,9650.0,2026-06-02T09:33:34Z,16,Donnée validée,10,Expertisée,20,Bonne,7.38079998,48.059669735,QmnJ
A1580201,A158020101,1969-03-24,9100.0,2026-06-02T09:33:34Z,16,Donnée validée,10,Expertisée,20,Bonne,7.38079998,48.059669735,QmnJ
A1580201,A158020101,1969-03-25,8150.0,2026-06-02T09:33:34Z,16,Donnée validée,10,Expertisée,20,Bonne,7.38079998,48.059669735,QmnJ
A1580201,A158020101,1969-03-26,8050.0,2026-06-02T09:33:34Z,16,Donnée validée,10,Expertisée,20,Bonne,7.38079998,48.059669735,QmnJ
A1580201,A158020101,1969-03-27,7400.0,2026-06-02T09:33:34Z,16,Donnée validée,10,Expertisée,20,Bonne,7.38079998,48.059669735,QmnJ
A1580201,A158020101,1969-03-28,6850.0,2026-06-02T09:33:34Z,16,Donnée validée,10,Expertisée,20,Bonne,7.38079998,48.059669735,QmnJ
A1580201,A158020101,1969-03-29,6300.0,2026-06-02T09:33:34Z,16,Donnée validée,10,Expertisée,20,Bonne,7.38079998,48.059669735,QmnJ
A1580201,A158020101,1969-03-30,6200.0,2026-06-02T09:33:34Z,16,Donnée validée,10,Expertisée,20,Bonne,7.38079998,48.059669735,QmnJ
A1580201,A158020101,1969-03-31,6600.0,2026-06-02T09:33:34Z,16,Donnée validée,10,Expertisée,20,Bonne,7.38079998,48.059669735,QmnJ
A1580201,A158020101,1969-04-01,7650.0,2026-06-02T09:33:34Z,16,Donnée validée,10,Expertisée,20,Bonne,7.38079998,48.059669735,QmnJ
A1580201,A158020101,1969-04-02,8050.0,2026-06-02T09:33:34Z,16,Donnée validée,10,Expertisée,20,Bonne,7.38079998,48.059669735,QmnJ
A1580201,A158020101,1969-04-03,7700.0,2026-06-02T09:33:34Z,16,Donnée validée,10,Expertisée,20,Bonne,7.38079998,48.059669735,QmnJ
A1580201,A158020101,1969-04-04,7250.0,2026-06-02T09:33:34Z,16,Donnée validée,10,Expertisée,20,Bonne,7.38079998,48.059669735,QmnJ
A1580201,A158020101,1969-04-05,6750.0,2026-06-02T09:33:34Z,16,Donnée validée,10,Expertisée,20,Bonne,7.38079998,48.059669735,QmnJ
A1580201,A158020101,1969-04-06,6300.0,2026-06-02T09:33:34Z,16,Donnée validée,10,Expertisée,20,Bonne,7.38079998,48.059669735,QmnJ
A1580201,A158020101,1969-04-07,5950.0,2026-06-02T09:33:34Z,16,Donnée validée,10,Expertisée,20,Bonne,7.38079998,48.059669735,QmnJ
A1580201,A158020101,1969-04-08,5700.0,2026-06-02T09:33:34Z,16,Donnée validée,10,Expertisée,20,Bonne,7.38079998,48.059669735,QmnJ
A1580201,A158020101,1969-04-09,5250.0,2026-06-02T09:33:34Z,16,Donnée validée,10,Expertisée,20,Bonne,7.38079998,48.059669735,QmnJ
A1580201,A158020101,1969-04-10,5550.0,2026-06-02T09:33:34Z,16,Donnée validée,10,Expertisée,20,Bonne,7.38079998,48.059669735,QmnJ
A1580201,A158020101,1969-04-11,5800.0,2026-06-02T09:33:34Z,16,Donnée validée,10,Expertisée,20,Bonne,7.38079998,48.059669735,QmnJ
A1580201,A158020101,1969-04-12,6250.0,2026-06-02T09:33:34Z,16,Donnée validée,10,Expertisée,20,Bonne,7.38079998,48.059669735,QmnJ
A1580201,A158020101,1969-04-13,7300.0,2026-06-02T09:33:34Z,16,Donnée validée,10,Expertisée,20,Bonne,7.38079998,48.059669735,QmnJ
A1580201,A158020101,1969-04-14,7200.0,2026-06-02T09:33:34Z,16,Donnée validée,10,Expertisée,20,Bonne,7.38079998,48.059669735,QmnJ
A1580201,A158020101,1969-04-15,7050.0,2026-06-02T09:33:34Z,16,Donnée validée,10,Expertisée,20,Bonne,7.38079998,48.059669735,QmnJ
A1580201,A158020101,1969-04-16,7900.0,2026-06-02T09:33:34Z,16,Donnée validée,10,Expertisée,20,Bonne,7.38079998,48.059669735,QmnJ
A1580201,A158020101,1969-04-17,7950.0,2026-06-02T09:33:34Z,16,Donnée validée,10,Expertisée,20,Bonne,7.38079998,48.059669735,QmnJ
A1580201,A158020101,1969-04-18,7850.0,2026-06-02T09:33:34Z,16,Donnée validée,10,Expertisée,20,Bonne,7.38079998,48.059669735,QmnJ
A1580201,A158020101,1969-04-19,7500.0,2026-06-02T09:33:34Z,16,Donnée validée,10,Expertisée,20,Bonne,7.38079998,48.059669735,QmnJ
A1580201,A158020101,1969-04-20,7300.0,2026-06-02T09:33:34Z,16,Donnée validée,10,Expertisée,20,Bonne,7.38079998,48.059669735,QmnJ
A1580201,A158020101,1969-04-21,7100.0,2026-06-02T09:33:34Z,16,Donnée validée,10,Expertisée,20,Bonne,7.38079998,48.059669735,QmnJ
A1580201,A158020101,1969-04-22,11700.0,2026-06-02T09:33:34Z,16,Donnée validée,10,Expertisée,20,Bonne,7.38079998,48.059669735,QmnJ
A1580201,A158020101,1969-04-23,18500.0,2026-06-02T09:33:34Z,16,Donnée validée,10,Expertisée,20,Bonne,7.38079998,48.059669735,QmnJ
A1580201,A158020101,1969-04-24,24000.0,2026-06-02T09:33:34Z,16,Donnée validée,10,Expertisée,20,Bonne,7.38079998,48.059669735,QmnJ
A1580201,A158020101,1969-04-25,24200.0,2026-06-02T09:33:34Z,16,Donnée validée,10,Expertisée,20,Bonne,7.38079998,48.059669735,QmnJ
A1580201,A158020101,1969-04-26,18700.0,2026-06-02T09:33:34Z,16,Donnée validée,10,Expertisée,20,Bonne,7.38079998,48.059669735,QmnJ
A1580201,A158020101,1969-04-27,15500.0,2026-06-02T09:33:34Z,16,Donnée validée,10,Expertisée,20,Bonne,7.38079998,48.059669735,QmnJ
A1580201,A158020101,1969-04-28,19000.0,2026-06-02T09:33:34Z,16,Donnée validée,10,Expertisée,20,Bonne,7.38079998,48.059669735,QmnJ
A1580201,A158020101,1969-04-29,21000.0,2026-06-02T09:33:34Z,16,Donnée validée,10,Expertisée,20,Bonne,7.38079998,48.059669735,QmnJ
A1580201,A158020101,1969-04-30,18600.0,2026-06-02T09:33:34Z,16,Donnée validée,10,Expertisée,20,Bonne,7.38079998,48.059669735,QmnJ
A1580201,A158020101,1969-05-01,15700.0,2026-06-02T09:33:34Z,16,Donnée validée,10,Expertisée,20,Bonne,7.38079998,48.059669735,QmnJ
A1580201,A158020101,1969-05-02,14200.0,2026-06-02T09:33:34Z,16,Donnée validée,10,Expertisée,20,Bonne,7.38079998,48.059669735,QmnJ
A1580201,A158020101,1969-05-03,13200.0,2026-06-02T09:33:34Z,16,Donnée validée,10,Expertisée,20,Bonne,7.38079998,48.059669735,QmnJ
A1580201,A158020101,1969-05-04,17100.0,2026-06-02T09:33:34Z,16,Donnée validée,10,Expertisée,20,Bonne,7.38079998,48.059669735,QmnJ
A1580201,A158020101,1969-05-05,18700.0,2026-06-02T09:33:34Z,16,Donnée validée,10,Expertisée,20,Bonne,7.38079998,48.059669735,QmnJ
A1580201,A158020101,1969-05-06,15800.0,2026-06-02T09:33:34Z,16,Donnée validée,10,Expertisée,20,Bonne,7.38079998,48.059669735,QmnJ
A1580201,A158020101,1969-05-07,15200.0,2026-06-02T09:33:34Z,16,Donnée validée,10,Expertisée,20,Bonne,7.38079998,48.059669735,QmnJ
A1580201,A158020101,1969-05-08,14000.0,2026-06-02T09:33:34Z,16,Donnée validée,10,Expertisée,20,Bonne,7.38079998,48.059669735,QmnJ
A1580201,A158020101,1969-05-09,12300.0,2026-06-02T09:33:34Z,16,Donnée validée,10,Expertisée,20,Bonne,7.38079998,48.059669735,QmnJ
A1580201,A158020101,1969-05-10,10800.0,2026-06-02T09:33:34Z,16,Donnée validée,10,Expertisée,20,Bonne,7.38079998,48.059669735,QmnJ
A1580201,A158020101,1969-05-11,9750.0,2026-06-02T09:33:34Z,16,Donnée validée,10,Expertisée,20,Bonne,7.38079998,48.059669735,QmnJ
A1580201,A158020101,1969-05-12,8750.0,2026-06-02T09:33:34Z,16,Donnée validée,10,Expertisée,20,Bonne,7.38079998,48.059669735,QmnJ
A1580201,A158020101,1969-05-13,8250.0,2026-06-02T09:33:34Z,16,Donnée validée,10,Expertisée,20,Bonne,7.38079998,48.059669735,QmnJ
A1580201,A158020101,1969-05-14,7650.0,2026-06-02T09:33:34Z,16,Donnée validée,10,Expertisée,20,Bonne,7.38079998,48.059669735,QmnJ
A1580201,A158020101,1969-05-15,7300.0,2026-06-02T09:33:34Z,16,Donnée validée,10,Expertisée,20,Bonne,7.38079998,48.059669735,QmnJ
A1580201,A158020101,1969-05-16,6900.0,2026-06-02T09:33:34Z,16,Donnée validée,10,Expertisée,20,Bonne,7.38079998,48.059669735,QmnJ
A1580201,A158020101,1969-05-17,6900.0,2026-06-02T09:33:34Z,16,Donnée validée,10,Expertisée,20,Bonne,7.38079998,48.059669735,QmnJ
A1580201,A158020101,1969-05-18,6500.0,2026-06-02T09:33:34Z,16,Donnée validée,10,Expertisée,20,Bonne,7.38079998,48.059669735,QmnJ
A1580201,A158020101,1969-05-19,6400.0,2026-06-02T09:33:34Z,16,Donnée validée,10,Expertisée,20,Bonne,7.38079998,48.059669735,QmnJ
A1580201,A158020101,1969-05-20,6200.0,2026-06-02T09:33:34Z,16,Donnée validée,10,Expertisée,20,Bonne,7.38079998,48.059669735,QmnJ
A1580201,A158020101,1969-05-21,5900.0,2026-06-02T09:33:34Z,16,Donnée validée,10,Expertisée,20,Bonne,7.38079998,48.059669735,QmnJ
A1580201,A158020101,1969-05-22,5350.0,2026-06-02T09:33:34Z,16,Donnée validée,10,Expertisée,20,Bonne,7.38079998,48.059669735,QmnJ
A1580201,A158020101,1969-05-23,5150.0,2026-06-02T09:33:34Z,16,Donnée validée,10,Expertisée,20,Bonne,7.38079998,48.059669735,QmnJ
A1580201,A158020101,1969-05-24,5050.0,2026-06-02T09:33:34Z,16,Donnée validée,10,Expertisée,20,Bonne,7.38079998,48.059669735,QmnJ
A1580201,A158020101,1969-05-25,5450.0,2026-06-02T09:33:34Z,16,Donnée validée,10,Expertisée,20,Bonne,7.38079998,48.059669735,QmnJ
A1580201,A158020101,1969-05-26,5500.0,2026-06-02T09:33:34Z,16,Donnée validée,10,Expertisée,20,Bonne,7.38079998,48.059669735,QmnJ
A1580201,A158020101,1969-05-27,5300.0,2026-06-02T09:33:34Z,16,Donnée validée,10,Expertisée,20,Bonne,7.38079998,48.059669735,QmnJ
A1580201,A158020101,1969-05-28,5100.0,2026-06-02T09:33:34Z,16,Donnée validée,10,Expertisée,20,Bonne,7.38079998,48.059669735,QmnJ
A1580201,A158020101,1969-05-29,5700.0,2026-06-02T09:33:34Z,16,Donnée validée,10,Expertisée,20,Bonne,7.38079998,48.059669735,QmnJ
A1580201,A158020101,1969-05-30,5850.0,2026-06-02T09:33:34Z,16,Donnée validée,10,Expertisée,20,Bonne,7.38079998,48.059669735,QmnJ
A1580201,A158020101,1969-05-31,5650.0,2026-06-02T09:33:34Z,16,Donnée validée,10,Expertisée,20,Bonne,7.38079998,48.059669735,QmnJ
A1580201,A158020101,1969-06-01,5800.0,2026-06-02T09:33:34Z,16,Donnée validée,10,Expertisée,20,Bonne,7.38079998,48.059669735,QmnJ
A1580201,A158020101,1969-06-02,5450.0,2026-06-02T09:33:34Z,16,Donnée validée,10,Expertisée,20,Bonne,7.38079998,48.059669735,QmnJ
A1580201,A158020101,1969-06-03,5300.0,2026-06-02T09:33:34Z,16,Donnée validée,10,Expertisée,20,Bonne,7.38079998,48.059669735,QmnJ
A1580201,A158020101,1969-06-04,5850.0,2026-06-02T09:33:34Z,16,Donnée validée,10,Expertisée,20,Bonne,7.38079998,48.059669735,QmnJ
A1580201,A158020101,1969-06-05,6200.0,2026-06-02T09:33:34Z,16,Donnée validée,10,Expertisée,20,Bonne,7.38079998,48.059669735,QmnJ
A1580201,A158020101,1969-06-06,8800.0,2026-06-02T09:33:34Z,16,Donnée validée,10,Expertisée,20,Bonne,7.38079998,48.059669735,QmnJ
A1580201,A158020101,1969-06-07,9600.0,2026-06-02T09:33:34Z,16,Donnée validée,10,Expertisée,20,Bonne,7.38079998,48.059669735,QmnJ
A1580201,A158020101,1969-06-08,9900.0,2026-06-02T09:33:34Z,16,Donnée validée,10,Expertisée,20,Bonne,7.38079998,48.059669735,QmnJ
A1580201,A158020101,1969-06-09,8450.0,2026-06-02T09:33:34Z,16,Donnée validée,10,Expertisée,20,Bonne,7.38079998,48.059669735,QmnJ
A1580201,A158020101,1969-06-10,7150.0,2026-06-02T09:33:34Z,16,Donnée validée,10,Expertisée,20,Bonne,7.38079998,48.059669735,QmnJ
A1580201,A158020101,1969-06-11,6500.0,2026-06-02T09:33:34Z,16,Donnée validée,10,Expertisée,20,Bonne,7.38079998,48.059669735,QmnJ
A1580201,A158020101,1969-06-12,6150.0,2026-06-02T09:33:34Z,16,Donnée validée,10,Expertisée,20,Bonne,7.38079998,48.059669735,QmnJ
A1580201,A158020101,1969-06-13,6000.0,2026-06-02T09:33:34Z,16,Donnée validée,10,Expertisée,20,Bonne,7.38079998,48.059669735,QmnJ
A1580201,A158020101,1969-06-14,5700.0,2026-06-02T09:33:34Z,16,Donnée validée,10,Expertisée,20,Bonne,7.38079998,48.059669735,QmnJ
A1580201,A158020101,1969-06-15,6250.0,2026-06-02T09:33:34Z,16,Donnée validée,10,Expertisée,20,Bonne,7.38079998,48.059669735,QmnJ
A1580201,A158020101,1969-06-16,6000.0,2026-06-02T09:33:34Z,16,Donnée validée,10,Expertisée,20,Bonne,7.38079998,48.059669735,QmnJ
A1580201,A158020101,1969-06-17,5800.0,2026-06-02T09:33:34Z,16,Donnée validée,10,Expertisée,20,Bonne,7.38079998,48.059669735,QmnJ
A1580201,A158020101,1969-06-18,5700.0,2026-06-02T09:33:34Z,16,Donnée validée,10,Expertisée,20,Bonne,7.38079998,48.059669735,QmnJ
A1580201,A158020101,1969-06-19,6200.0,2026-06-02T09:33:34Z,16,Donnée validée,10,Expertisée,20,Bonne,7.38079998,48.059669735,QmnJ
A1580201,A158020101,1969-06-20,6350.0,2026-06-02T09:33:34Z,16,Donnée validée,10,Expertisée,20,Bonne,7.38079998,48.059669735,QmnJ
A1580201,A158020101,1969-06-21,5900.0,2026-06-02T09:33:34Z,16,Donnée validée,10,Expertisée,20,Bonne,7.38079998,48.059669735,QmnJ
A1580201,A158020101,1969-06-22,5550.0,2026-06-02T09:33:34Z,16,Donnée validée,10,Expertisée,20,Bonne,7.38079998,48.059669735,QmnJ
A1580201,A158020101,1969-06-23,5450.0,2026-06-02T09:33:34Z,16,Donnée validée,10,Expertisée,20,Bonne,7.38079998,48.059669735,QmnJ
A1580201,A158020101,1969-06-24,11100.0,2026-06-02T09:33:34Z,16,Donnée validée,10,Expertisée,20,Bonne,7.38079998,48.059669735,QmnJ
A1580201,A158020101,1969-06-25,10700.0,2026-06-02T09:33:34Z,16,Donnée validée,10,Expertisée,20,Bonne,7.38079998,48.059669735,QmnJ
A1580201,A158020101,1969-06-26,12600.0,2026-06-02T09:33:34Z,16,Donnée validée,10,Expertisée,20,Bonne,7.38079998,48.059669735,QmnJ
A1580201,A158020101,1969-06-27,12000.0,2026-06-02T09:33:34Z,16,Donnée validée,10,Expertisée,20,Bonne,7.38079998,48.059669735,QmnJ
A1580201,A158020101,1969-06-28,10700.0,2026-06-02T09:33:34Z,16,Donnée validée,10,Expertisée,20,Bonne,7.38079998,48.059669735,QmnJ
A1580201,A158020101,1969-06-29,9400.0,2026-06-02T09:33:34Z,16,Donnée validée,10,Expertisée,20,Bonne,7.38079998,48.059669735,QmnJ
A1580201,A158020101,1969-06-30,7600.0,2026-06-02T09:33:34Z,16,Donnée validée,10,Expertisée,20,Bonne,7.38079998,48.059669735,QmnJ
A1580201,A158020101,1969-07-01,7300.0,2026-06-02T09:33:34Z,16,Donnée validée,10,Expertisée,20,Bonne,7.38079998,48.059669735,QmnJ
A1580201,A158020101,1969-07-02,6600.0,2026-06-02T09:33:34Z,16,Donnée validée,10,Expertisée,20,Bonne,7.38079998,48.059669735,QmnJ
A1580201,A158020101,1969-07-03,6200.0,2026-06-02T09:33:34Z,16,Donnée validée,10,Expertisée,20,Bonne,7.38079998,48.059669735,QmnJ
A1580201,A158020101,1969-07-04,5700.0,2026-06-02T09:33:34Z,16,Donnée validée,10,Expertisée,20,Bonne,7.38079998,48.059669735,QmnJ
A1580201,A158020101,1969-07-05,5250.0,2026-06-02T09:33:34Z,16,Donnée validée,10,Expertisée,20,Bonne,7.38079998,48.059669735,QmnJ
A1580201,A158020101,1969-07-06,4250.0,2026-06-02T09:33:34Z,16,Donnée validée,10,Expertisée,20,Bonne,7.38079998,48.059669735,QmnJ
A1580201,A158020101,1969-07-07,4270.0,2026-06-02T09:33:34Z,16,Donnée validée,10,Expertisée,20,Bonne,7.38079998,48.059669735,QmnJ
A1580201,A158020101,1969-07-08,4580.0,2026-06-02T09:33:34Z,16,Donnée validée,10,Expertisée,20,Bonne,7.38079998,48.059669735,QmnJ
A1580201,A158020101,1969-07-09,4130.0,2026-06-02T09:33:34Z,16,Donnée validée,10,Expertisée,20,Bonne,7.38079998,48.059669735,QmnJ
A1580201,A158020101,1969-07-10,4330.0,2026-06-02T09:33:34Z,16,Donnée validée,10,Expertisée,20,Bonne,7.38079998,48.059669735,QmnJ
A1580201,A158020101,1969-07-11,4590.0,2026-06-02T09:33:34Z,16,Donnée validée,10,Expertisée,20,Bonne,7.38079998,48.059669735,QmnJ
A1580201,A158020101,1969-07-12,4440.0,2026-06-02T09:33:34Z,16,Donnée validée,10,Expertisée,20,Bonne,7.38079998,48.059669735,QmnJ
A1580201,A158020101,1969-07-13,4530.0,2026-06-02T09:33:34Z,16,Donnée validée,10,Expertisée,20,Bonne,7.38079998,48.059669735,QmnJ
A1580201,A158020101,1969-07-14,3820.0,2026-06-02T09:33:34Z,16,Donnée validée,10,Expertisée,20,Bonne,7.38079998,48.059669735,QmnJ
A1580201,A158020101,1969-07-15,3650.0,2026-06-02T09:33:34Z,16,Donnée validée,10,Expertisée,20,Bonne,7.38079998,48.059669735,QmnJ
A1580201,A158020101,1969-07-16,3510.0,2026-06-02T09:33:34Z,16,Donnée validée,10,Expertisée,20,Bonne,7.38079998,48.059669735,QmnJ
A1580201,A158020101,1969-07-17,3110.0,2026-06-02T09:33:34Z,16,Donnée validée,10,Expertisée,20,Bonne,7.38079998,48.059669735,QmnJ
A1580201,A158020101,1969-07-18,3080.0,2026-06-02T09:33:34Z,16,Donnée validée,10,Expertisée,20,Bonne,7.38079998,48.059669735,QmnJ
A1580201,A158020101,1969-07-19,2860.0,2026-06-02T09:33:34Z,16,Donnée validée,10,Expertisée,20,Bonne,7.38079998,48.059669735,QmnJ
A1580201,A158020101,1969-07-20,2690.0,2026-06-02T09:33:34Z,16,Donnée validée,10,Expertisée,20,Bonne,7.38079998,48.059669735,QmnJ
A1580201,A158020101,1969-07-21,2630.0,2026-06-02T09:33:34Z,16,Donnée validée,10,Expertisée,20,Bonne,7.38079998,48.059669735,QmnJ
A1580201,A158020101,1969-07-22,2890.0,2026-06-02T09:33:34Z,16,Donnée validée,10,Expertisée,20,Bonne,7.38079998,48.059669735,QmnJ
A1580201,A158020101,1969-07-23,2830.0,2026-06-02T09:33:34Z,16,Donnée validée,10,Expertisée,20,Bonne,7.38079998,48.059669735,QmnJ
A1580201,A158020101,1969-07-24,2440.0,2026-06-02T09:33:34Z,16,Donnée validée,10,Expertisée,20,Bonne,7.38079998,48.059669735,QmnJ
A1580201,A158020101,1969-07-25,1930.0,2026-06-02T09:33:34Z,16,Donnée validée,10,Expertisée,20,Bonne,7.38079998,48.059669735,QmnJ
A1580201,A158020101,1969-07-26,5400.0,2026-06-02T09:33:34Z,16,Donnée validée,10,Expertisée,20,Bonne,7.38079998,48.059669735,QmnJ
A1580201,A158020101,1969-07-27,4270.0,2026-06-02T09:33:34Z,16,Donnée validée,10,Expertisée,20,Bonne,7.38079998,48.059669735,QmnJ
A1580201,A158020101,1969-07-28,2890.0,2026-06-02T09:33:34Z,16,Donnée validée,10,Expertisée,20,Bonne,7.38079998,48.059669735,QmnJ
A1580201,A158020101,1969-07-29,2770.0,2026-06-02T09:33:34Z,16,Donnée validée,10,Expertisée,20,Bonne,7.38079998,48.059669735,QmnJ
A1580201,A158020101,1969-07-30,3200.0,2026-06-02T09:33:34Z,16,Donnée validée,10,Expertisée,20,Bonne,7.38079998,48.059669735,QmnJ
A1580201,A158020101,1969-07-31,2720.0,2026-06-02T09:33:34Z,16,Donnée validée,10,Expertisée,20,Bonne,7.38079998,48.059669735,QmnJ
A1580201,A158020101,1969-08-01,3170.0,2026-06-02T09:33:34Z,16,Donnée validée,10,Expertisée,20,Bonne,7.38079998,48.059669735,QmnJ
A1580201,A158020101,1969-08-02,3330.0,2026-06-02T09:33:34Z,16,Donnée validée,10,Expertisée,20,Bonne,7.38079998,48.059669735,QmnJ
A1580201,A158020101,1969-08-03,3450.0,2026-06-02T09:33:34Z,16,Donnée validée,10,Expertisée,20,Bonne,7.38079998,48.059669735,QmnJ
A1580201,A158020101,1969-08-04,3400.0,2026-06-02T09:33:34Z,16,Donnée validée,10,Expertisée,20,Bonne,7.38079998,48.059669735,QmnJ
A1580201,A158020101,1969-08-05,2790.0,2026-06-02T09:33:34Z,16,Donnée validée,10,Expertisée,20,Bonne,7.38079998,48.059669735,QmnJ
A1580201,A158020101,1969-08-06,2730.0,2026-06-02T09:33:34Z,16,Donnée validée,10,Expertisée,20,Bonne,7.38079998,48.059669735,QmnJ
A1580201,A158020101,1969-08-07,2550.0,2026-06-02T09:33:34Z,16,Donnée validée,10,Expertisée,20,Bonne,7.38079998,48.059669735,QmnJ
A1580201,A158020101,1969-08-08,2550.0,2026-06-02T09:33:34Z,16,Donnée validée,10,Expertisée,20,Bonne,7.38079998,48.059669735,QmnJ
A1580201,A158020101,1969-08-09,2380.0,2026-06-02T09:33:34Z,16,Donnée validée,10,Expertisée,20,Bonne,7.38079998,48.059669735,QmnJ
A1580201,A158020101,1969-08-10,2320.0,2026-06-02T09:33:34Z,16,Donnée validée,10,Expertisée,20,Bonne,7.38079998,48.059669735,QmnJ
A1580201,A158020101,1969-08-11,1950.0,2026-06-02T09:33:34Z,16,Donnée validée,10,Expertisée,20,Bonne,7.38079998,48.059669735,QmnJ
A1580201,A158020101,1969-08-12,1980.0,2026-06-02T09:33:34Z,16,Donnée validée,10,Expertisée,20,Bonne,7.38079998,48.059669735,QmnJ
A1580201,A158020101,1969-08-13,2400.0,2026-06-02T09:33:34Z,16,Donnée validée,10,Expertisée,20,Bonne,7.38079998,48.059669735,QmnJ
A1580201,A158020101,1969-08-14,2560.0,2026-06-02T09:33:34Z,16,Donnée validée,10,Expertisée,20,Bonne,7.38079998,48.059669735,QmnJ
A1580201,A158020101,1969-08-15,2550.0,2026-06-02T09:33:34Z,16,Donnée validée,10,Expertisée,20,Bonne,7.38079998,48.059669735,QmnJ
A1580201,A158020101,1969-08-16,2130.0,2026-06-02T09:33:34Z,16,Donnée validée,10,Expertisée,20,Bonne,7.38079998,48.059669735,QmnJ
A1580201,A158020101,1969-08-17,2490.0,2026-06-02T09:33:34Z,16,Donnée validée,10,Expertisée,20,Bonne,7.38079998,48.059669735,QmnJ
A1580201,A158020101,1969-08-18,2320.0,2026-06-02T09:33:34Z,16,Donnée validée,10,Expertisée,20,Bonne,7.38079998,48.059669735,QmnJ
A1580201,A158020101,1969-08-19,2240.0,2026-06-02T09:33:34Z,16,Donnée validée,10,Expertisée,20,Bonne,7.38079998,48.059669735,QmnJ
A1580201,A158020101,1969-08-20,2010.0,2026-06-02T09:33:34Z,16,Donnée validée,10,Expertisée,20,Bonne,7.38079998,48.059669735,QmnJ
A1580201,A158020101,1969-08-21,2230.0,2026-06-02T09:33:34Z,16,Donnée validée,10,Expertisée,20,Bonne,7.38079998,48.059669735,QmnJ
A1580201,A158020101,1969-08-22,2340.0,2026-06-02T09:33:34Z,16,Donnée validée,10,Expertisée,20,Bonne,7.38079998,48.059669735,QmnJ
A1580201,A158020101,1969-08-23,2140.0,2026-06-02T09:33:34Z,16,Donnée validée,10,Expertisée,20,Bonne,7.38079998,48.059669735,QmnJ
A1580201,A158020101,1969-08-24,2160.0,2026-06-02T09:33:34Z,16,Donnée validée,10,Expertisée,20,Bonne,7.38079998,48.059669735,QmnJ
A1580201,A158020101,1969-08-25,2270.0,2026-06-02T09:33:34Z,16,Donnée validée,10,Expertisée,20,Bonne,7.38079998,48.059669735,QmnJ
A1580201,A158020101,1969-08-26,2340.0,2026-06-02T09:33:34Z,16,Donnée validée,10,Expertisée,20,Bonne,7.38079998,48.059669735,QmnJ
A1580201,A158020101,1969-08-27,4860.0,2026-06-02T09:33:34Z,16,Donnée validée,10,Expertisée,20,Bonne,7.38079998,48.059669735,QmnJ
A1580201,A158020101,1969-08-28,3680.0,2026-06-02T09:33:34Z,16,Donnée validée,10,Expertisée,20,Bonne,7.38079998,48.059669735,QmnJ
A1580201,A158020101,1969-08-29,3640.0,2026-06-02T09:33:34Z,16,Donnée validée,10,Expertisée,20,Bonne,7.38079998,48.059669735,QmnJ
A1580201,A158020101,1969-08-30,3270.0,2026-06-02T09:33:34Z,16,Donnée validée,10,Expertisée,20,Bonne,7.38079998,48.059669735,QmnJ
A1580201,A158020101,1969-08-31,2950.0,2026-06-02T09:33:34Z,16,Donnée validée,10,Expertisée,20,Bonne,7.38079998,48.059669735,QmnJ
A1580201,A158020101,1969-09-01,2370.0,2026-06-02T09:33:34Z,16,Donnée validée,10,Expertisée,20,Bonne,7.38079998,48.059669735,QmnJ
A1580201,A158020101,1969-09-02,2490.0,2026-06-02T09:33:34Z,16,Donnée validée,10,Expertisée,20,Bonne,7.38079998,48.059669735,QmnJ
A1580201,A158020101,1969-09-03,2490.0,2026-06-02T09:33:34Z,16,Donnée validée,10,Expertisée,20,Bonne,7.38079998,48.059669735,QmnJ
A1580201,A158020101,1969-09-04,2320.0,2026-06-02T09:33:34Z,16,Donnée validée,10,Expertisée,20,Bonne,7.38079998,48.059669735,QmnJ
A1580201,A158020101,1969-09-05,2400.0,2026-06-02T09:33:34Z,16,Donnée validée,10,Expertisée,20,Bonne,7.38079998,48.059669735,QmnJ
A1580201,A158020101,1969-09-06,2320.0,2026-06-02T09:33:34Z,16,Donnée validée,10,Expertisée,20,Bonne,7.38079998,48.059669735,QmnJ
A1580201,A158020101,1969-09-07,2320.0,2026-06-02T09:33:34Z,16,Donnée validée,10,Expertisée,20,Bonne,7.38079998,48.059669735,QmnJ
A1580201,A158020101,1969-09-08,2060.0,2026-06-02T09:33:34Z,16,Donnée validée,10,Expertisée,20,Bonne,7.38079998,48.059669735,QmnJ
A1580201,A158020101,1969-09-09,2160.0,2026-06-02T09:33:34Z,16,Donnée validée,10,Expertisée,20,Bonne,7.38079998,48.059669735,QmnJ
A1580201,A158020101,1969-09-10,2160.0,2026-06-02T09:33:34Z,16,Donnée validée,10,Expertisée,20,Bonne,7.38079998,48.059669735,QmnJ
A1580201,A158020101,1969-09-11,2160.0,2026-06-02T09:33:34Z,16,Donnée validée,10,Expertisée,20,Bonne,7.38079998,48.059669735,QmnJ
A1580201,A158020101,1969-09-12,1930.0,2026-06-02T09:33:34Z,16,Donnée validée,10,Expertisée,20,Bonne,7.38079998,48.059669735,QmnJ
A1580201,A158020101,1969-09-13,1980.0,2026-06-02T09:33:34Z,16,Donnée validée,10,Expertisée,20,Bonne,7.38079998,48.059669735,QmnJ
A1580201,A158020101,1969-09-14,2160.0,2026-06-02T09:33:34Z,16,Donnée validée,10,Expertisée,20,Bonne,7.38079998,48.059669735,QmnJ
A1580201,A158020101,1969-09-15,2010.0,2026-06-02T09:33:34Z,16,Donnée validée,10,Expertisée,20,Bonne,7.38079998,48.059669735,QmnJ
A1580201,A158020101,1969-09-16,2160.0,2026-06-02T09:33:34Z,16,Donnée validée,10,Expertisée,20,Bonne,7.38079998,48.059669735,QmnJ
A1580201,A158020101,1969-09-17,2160.0,2026-06-02T09:33:34Z,16,Donnée validée,10,Expertisée,20,Bonne,7.38079998,48.059669735,QmnJ
A1580201,A158020101,1969-09-18,2160.0,2026-06-02T09:33:34Z,16,Donnée validée,10,Expertisée,20,Bonne,7.38079998,48.059669735,QmnJ
A1580201,A158020101,1969-09-19,2160.0,2026-06-02T09:33:34Z,16,Donnée validée,10,Expertisée,20,Bonne,7.38079998,48.059669735,QmnJ
A1580201,A158020101,1969-09-20,2160.0,2026-06-02T09:33:34Z,16,Donnée validée,10,Expertisée,20,Bonne,7.38079998,48.059669735,QmnJ
A1580201,A158020101,1969-09-21,2010.0,2026-06-02T09:33:34Z,16,Donnée validée,10,Expertisée,20,Bonne,7.38079998,48.059669735,QmnJ
A1580201,A158020101,1969-09-22,1860.0,2026-06-02T09:33:34Z,16,Donnée validée,10,Expertisée,20,Bonne,7.38079998,48.059669735,QmnJ
A1580201,A158020101,1969-09-23,2010.0,2026-06-02T09:33:34Z,16,Donnée validée,10,Expertisée,20,Bonne,7.38079998,48.059669735,QmnJ
A1580201,A158020101,1969-09-24,2320.0,2026-06-02T09:33:34Z,16,Donnée validée,10,Expertisée,20,Bonne,7.38079998,48.059669735,QmnJ
A1580201,A158020101,1969-09-25,2010.0,2026-06-02T09:33:34Z,16,Donnée validée,10,Expertisée,20,Bonne,7.38079998,48.059669735,QmnJ
A1580201,A158020101,1969-09-26,2010.0,2026-06-02T09:33:34Z,16,Donnée validée,10,Expertisée,20,Bonne,7.38079998,48.059669735,QmnJ
A1580201,A158020101,1969-09-27,1630.0,2026-06-02T09:33:34Z,16,Donnée validée,10,Expertisée,20,Bonne,7.38079998,48.059669735,QmnJ
A1580201,A158020101,1969-09-28,1860.0,2026-06-02T09:33:34Z,16,Donnée validée,10,Expertisée,20,Bonne,7.38079998,48.059669735,QmnJ
A1580201,A158020101,1969-09-29,1780.0,2026-06-02T09:33:34Z,16,Donnée validée,10,Expertisée,20,Bonne,7.38079998,48.059669735,QmnJ
A1580201,A158020101,1969-09-30,1860.0,2026-06-02T09:33:34Z,16,Donnée validée,10,Expertisée,20,Bonne,7.38079998,48.059669735,QmnJ
A1580201,A158020101,1969-10-01,1880.0,2026-06-02T09:33:34Z,16,Donnée validée,10,Expertisée,20,Bonne,7.38079998,48.059669735,QmnJ
A1580201,A158020101,1969-10-02,1910.0,2026-06-02T09:33:34Z,16,Donnée validée,10,Expertisée,20,Bonne,7.38079998,48.059669735,QmnJ
A1580201,A158020101,1969-10-03,1970.0,2026-06-02T09:33:34Z,16,Donnée validée,10,Expertisée,20,Bonne,7.38079998,48.059669735,QmnJ
A1580201,A158020101,1969-10-04,2010.0,2026-06-02T09:33:34Z,16,Donnée validée,10,Expertisée,20,Bonne,7.38079998,48.059669735,QmnJ
A1580201,A158020101,1969-10-05,2010.0,2026-06-02T09:33:34Z,16,Donnée validée,10,Expertisée,20,Bonne,7.38079998,48.059669735,QmnJ
A1580201,A158020101,1969-10-06,2010.0,2026-06-02T09:33:34Z,16,Donnée validée,10,Expertisée,20,Bonne,7.38079998,48.059669735,QmnJ
A1580201,A158020101,1969-10-07,2010.0,2026-06-02T09:33:34Z,16,Donnée validée,10,Expertisée,20,Bonne,7.38079998,48.059669735,QmnJ
A1580201,A158020101,1969-10-08,1860.0,2026-06-02T09:33:34Z,16,Donnée validée,10,Expertisée,20,Bonne,7.38079998,48.059669735,QmnJ
A1580201,A158020101,1969-10-09,1860.0,2026-06-02T09:33:34Z,16,Donnée validée,10,Expertisée,20,Bonne,7.38079998,48.059669735,QmnJ
A1580201,A158020101,1969-10-10,1710.0,2026-06-02T09:33:34Z,16,Donnée validée,10,Expertisée,20,Bonne,7.38079998,48.059669735,QmnJ
A1580201,A158020101,1969-10-11,1460.0,2026-06-02T09:33:34Z,16,Donnée validée,10,Expertisée,20,Bonne,7.38079998,48.059669735,QmnJ
A1580201,A158020101,1969-10-12,1410.0,2026-06-02T09:33:34Z,16,Donnée validée,10,Expertisée,20,Bonne,7.38079998,48.059669735,QmnJ
A1580201,A158020101,1969-10-13,1410.0,2026-06-02T09:33:34Z,16,Donnée validée,10,Expertisée,20,Bonne,7.38079998,48.059669735,QmnJ
A1580201,A158020101,1969-10-14,1410.0,2026-06-02T09:33:34Z,16,Donnée validée,10,Expertisée,20,Bonne,7.38079998,48.059669735,QmnJ
A1580201,A158020101,1969-10-15,1410.0,2026-06-02T09:33:34Z,16,Donnée validée,10,Expertisée,20,Bonne,7.38079998,48.059669735,QmnJ
A1580201,A158020101,1969-10-16,1260.0,2026-06-02T09:33:34Z,16,Donnée validée,10,Expertisée,20,Bonne,7.38079998,48.059669735,QmnJ
A1580201,A158020101,1969-10-17,1260.0,2026-06-02T09:33:34Z,16,Donnée validée,10,Expertisée,20,Bonne,7.38079998,48.059669735,QmnJ
A1580201,A158020101,1969-10-18,1110.0,2026-06-02T09:33:34Z,16,Donnée validée,10,Expertisée,20,Bonne,7.38079998,48.059669735,QmnJ
A1580201,A158020101,1969-10-19,1260.0,2026-06-02T09:33:34Z,16,Donnée validée,10,Expertisée,20,Bonne,7.38079998,48.059669735,QmnJ
A1580201,A158020101,1969-10-20,1110.0,2026-06-02T09:33:34Z,16,Donnée validée,10,Expertisée,20,Bonne,7.38079998,48.059669735,QmnJ
A1580201,A158020101,1969-10-21,960.0,2026-06-02T09:33:34Z,16,Donnée validée,10,Expertisée,20,Bonne,7.38079998,48.059669735,QmnJ
A1580201,A158020101,1969-10-22,1260.0,2026-06-02T09:33:34Z,16,Donnée validée,10,Expertisée,20,Bonne,7.38079998,48.059669735,QmnJ
A1580201,A158020101,1969-10-23,1260.0,2026-06-02T09:33:34Z,16,Donnée validée,10,Expertisée,20,Bonne,7.38079998,48.059669735,QmnJ
A1580201,A158020101,1969-10-24,1260.0,2026-06-02T09:33:34Z,16,Donnée validée,10,Expertisée,20,Bonne,7.38079998,48.059669735,QmnJ
A1580201,A158020101,1969-10-25,1260.0,2026-06-02T09:33:34Z,16,Donnée validée,10,Expertisée,20,Bonne,7.38079998,48.059669735,QmnJ
A1580201,A158020101,1969-10-26,1280.0,2026-06-02T09:33:34Z,16,Donnée validée,10,Expertisée,20,Bonne,7.38079998,48.059669735,QmnJ
A1580201,A158020101,1969-10-27,1110.0,2026-06-02T09:33:34Z,16,Donnée validée,10,Expertisée,20,Bonne,7.38079998,48.059669735,QmnJ
A1580201,A158020101,1969-10-28,1110.0,2026-06-02T09:33:34Z,16,Donnée validée,10,Expertisée,20,Bonne,7.38079998,48.059669735,QmnJ
A1580201,A158020101,1969-10-29,1410.0,2026-06-02T09:33:34Z,16,Donnée validée,10,Expertisée,20,Bonne,7.38079998,48.059669735,QmnJ
A1580201,A158020101,1969-10-30,1480.0,2026-06-02T09:33:34Z,16,Donnée validée,10,Expertisée,20,Bonne,7.38079998,48.059669735,QmnJ
A1580201,A158020101,1969-10-31,1410.0,2026-06-02T09:33:34Z,16,Donnée validée,10,Expertisée,20,Bonne,7.38079998,48.059669735,QmnJ
A1580201,A158020101,1969-11-01,1480.0,2026-06-02T09:33:34Z,16,Donnée validée,10,Expertisée,20,Bonne,7.38079998,48.059669735,QmnJ
A1580201,A158020101,1969-11-02,1510.0,2026-06-02T09:33:34Z,16,Donnée validée,10,Expertisée,20,Bonne,7.38079998,48.059669735,QmnJ
A1580201,A158020101,1969-11-03,1480.0,2026-06-02T09:33:34Z,16,Donnée validée,10,Expertisée,20,Bonne,7.38079998,48.059669735,QmnJ
A1580201,A158020101,1969-11-04,1480.0,2026-06-02T09:33:34Z,16,Donnée validée,10,Expertisée,20,Bonne,7.38079998,48.059669735,QmnJ
A1580201,A158020101,1969-11-05,1410.0,2026-06-02T09:33:34Z,16,Donnée validée,10,Expertisée,20,Bonne,7.38079998,48.059669735,QmnJ
A1580201,A158020101,1969-11-06,1560.0,2026-06-02T09:33:34Z,16,Donnée validée,10,Expertisée,20,Bonne,7.38079998,48.059669735,QmnJ
A1580201,A158020101,1969-11-07,1410.0,2026-06-02T09:33:34Z,16,Donnée validée,10,Expertisée,20,Bonne,7.38079998,48.059669735,QmnJ
A1580201,A158020101,1969-11-08,2330.0,2026-06-02T09:33:34Z,16,Donnée validée,10,Expertisée,20,Bonne,7.38079998,48.059669735,QmnJ
A1580201,A158020101,1969-11-09,3290.0,2026-06-02T09:33:34Z,16,Donnée validée,10,Expertisée,20,Bonne,7.38079998,48.059669735,QmnJ
A1580201,A158020101,1969-11-10,5000.0,2026-06-02T09:33:34Z,16,Donnée validée,10,Expertisée,20,Bonne,7.38079998,48.059669735,QmnJ
A1580201,A158020101,1969-11-11,3740.0,2026-06-02T09:33:34Z,16,Donnée validée,10,Expertisée,20,Bonne,7.38079998,48.059669735,QmnJ
A1580201,A158020101,1969-11-12,3200.0,2026-06-02T09:33:34Z,16,Donnée validée,10,Expertisée,20,Bonne,7.38079998,48.059669735,QmnJ
A1580201,A158020101,1969-11-13,3230.0,2026-06-02T09:33:34Z,16,Donnée validée,10,Expertisée,20,Bonne,7.38079998,48.059669735,QmnJ
A1580201,A158020101,1969-11-14,3000.0,2026-06-02T09:33:34Z,16,Donnée validée,10,Expertisée,20,Bonne,7.38079998,48.059669735,QmnJ
A1580201,A158020101,1969-11-15,2890.0,2026-06-02T09:33:34Z,16,Donnée validée,10,Expertisée,20,Bonne,7.38079998,48.059669735,QmnJ
A1580201,A158020101,1969-11-16,2920.0,2026-06-02T09:33:34Z,16,Donnée validée,10,Expertisée,20,Bonne,7.38079998,48.059669735,QmnJ
A1580201,A158020101,1969-11-17,2920.0,2026-06-02T09:33:34Z,16,Donnée validée,10,Expertisée,20,Bonne,7.38079998,48.059669735,QmnJ
A1580201,A158020101,1969-11-18,3000.0,2026-06-02T09:33:34Z,16,Donnée validée,10,Expertisée,20,Bonne,7.38079998,48.059669735,QmnJ
A1580201,A158020101,1969-11-19,2860.0,2026-06-02T09:33:34Z,16,Donnée validée,10,Expertisée,20,Bonne,7.38079998,48.059669735,QmnJ
A1580201,A158020101,1969-11-20,2800.0,2026-06-02T09:33:34Z,16,Donnée validée,10,Expertisée,20,Bonne,7.38079998,48.059669735,QmnJ
A1580201,A158020101,1969-11-21,2860.0,2026-06-02T09:33:34Z,16,Donnée validée,10,Expertisée,20,Bonne,7.38079998,48.059669735,QmnJ
A1580201,A158020101,1969-11-22,2890.0,2026-06-02T09:33:34Z,16,Donnée validée,10,Expertisée,20,Bonne,7.38079998,48.059669735,QmnJ
A1580201,A158020101,1969-11-23,2830.0,2026-06-02T09:33:34Z,16,Donnée validée,10,Expertisée,20,Bonne,7.38079998,48.059669735,QmnJ
A1580201,A158020101,1969-11-24,2720.0,2026-06-02T09:33:34Z,16,Donnée validée,10,Expertisée,20,Bonne,7.38079998,48.059669735,QmnJ
A1580201,A158020101,1969-11-25,3250.0,2026-06-02T09:33:34Z,16,Donnée validée,10,Expertisée,20,Bonne,7.38079998,48.059669735,QmnJ
A1580201,A158020101,1969-11-26,3710.0,2026-06-02T09:33:34Z,16,Donnée validée,10,Expertisée,20,Bonne,7.38079998,48.059669735,QmnJ
A1580201,A158020101,1969-11-27,3650.0,2026-06-02T09:33:34Z,16,Donnée validée,10,Expertisée,20,Bonne,7.38079998,48.059669735,QmnJ
A1580201,A158020101,1969-11-28,3570.0,2026-06-02T09:33:34Z,16,Donnée validée,10,Expertisée,20,Bonne,7.38079998,48.059669735,QmnJ
A1580201,A158020101,1969-11-29,4130.0,2026-06-02T09:33:34Z,16,Donnée validée,10,Expertisée,20,Bonne,7.38079998,48.059669735,QmnJ
A1580201,A158020101,1969-11-30,4030.0,2026-06-02T09:33:34Z,16,Donnée validée,10,Expertisée,20,Bonne,7.38079998,48.059669735,QmnJ
A1580201,A158020101,1969-12-01,3680.0,2026-06-02T09:33:34Z,16,Donnée validée,10,Expertisée,20,Bonne,7.38079998,48.059669735,QmnJ
A1580201,A158020101,1969-12-02,3420.0,2026-06-02T09:33:34Z,16,Donnée validée,10,Expertisée,20,Bonne,7.38079998,48.059669735,QmnJ
A1580201,A158020101,1969-12-03,3340.0,2026-06-02T09:33:34Z,16,Donnée validée,10,Expertisée,20,Bonne,7.38079998,48.059669735,QmnJ
A1580201,A158020101,1969-12-04,3400.0,2026-06-02T09:33:34Z,16,Donnée validée,10,Expertisée,20,Bonne,7.38079998,48.059669735,QmnJ
A1580201,A158020101,1969-12-05,3420.0,2026-06-02T09:33:34Z,16,Donnée validée,10,Expertisée,20,Bonne,7.38079998,48.059669735,QmnJ
A1580201,A158020101,1969-12-06,3230.0,2026-06-02T09:33:34Z,16,Donnée validée,10,Expertisée,20,Bonne,7.38079998,48.059669735,QmnJ
A1580201,A158020101,1969-12-07,3170.0,2026-06-02T09:33:34Z,16,Donnée validée,10,Expertisée,20,Bonne,7.38079998,48.059669735,QmnJ
A1580201,A158020101,1969-12-08,2890.0,2026-06-02T09:33:34Z,16,Donnée validée,10,Expertisée,20,Bonne,7.38079998,48.059669735,QmnJ
A1580201,A158020101,1969-12-09,2830.0,2026-06-02T09:33:34Z,16,Donnée validée,10,Expertisée,20,Bonne,7.38079998,48.059669735,QmnJ
A1580201,A158020101,1969-12-10,3420.0,2026-06-02T09:33:34Z,16,Donnée validée,10,Expertisée,20,Bonne,7.38079998,48.059669735,QmnJ
A1580201,A158020101,1969-12-11,2660.0,2026-06-02T09:33:34Z,16,Donnée validée,10,Expertisée,20,Bonne,7.38079998,48.059669735,QmnJ
A1580201,A158020101,1969-12-12,2630.0,2026-06-02T09:33:34Z,16,Donnée validée,10,Expertisée,20,Bonne,7.38079998,48.059669735,QmnJ
A1580201,A158020101,1969-12-13,2570.0,2026-06-02T09:33:34Z,16,Donnée validée,10,Expertisée,20,Bonne,7.38079998,48.059669735,QmnJ
A1580201,A158020101,1969-12-14,2660.0,2026-06-02T09:33:34Z,16,Donnée validée,10,Expertisée,20,Bonne,7.38079998,48.059669735,QmnJ
A1580201,A158020101,1969-12-15,3020.0,2026-06-02T09:33:34Z,16,Donnée validée,10,Expertisée,20,Bonne,7.38079998,48.059669735,QmnJ
A1580201,A158020101,1969-12-16,4020.0,2026-06-02T09:33:34Z,16,Donnée validée,10,Expertisée,20,Bonne,7.38079998,48.059669735,QmnJ
A1580201,A158020101,1969-12-17,3850.0,2026-06-02T09:33:34Z,16,Donnée validée,10,Expertisée,20,Bonne,7.38079998,48.059669735,QmnJ
A1580201,A158020101,1969-12-18,4330.0,2026-06-02T09:33:34Z,16,Donnée validée,10,Expertisée,20,Bonne,7.38079998,48.059669735,QmnJ
A1580201,A158020101,1969-12-19,5250.0,2026-06-02T09:33:34Z,16,Donnée validée,10,Expertisée,20,Bonne,7.38079998,48.059669735,QmnJ
A1580201,A158020101,1969-12-20,4330.0,2026-06-02T09:33:34Z,16,Donnée validée,10,Expertisée,20,Bonne,7.38079998,48.059669735,QmnJ
A1580201,A158020101,1969-12-21,3790.0,2026-06-02T09:33:34Z,16,Donnée validée,10,Expertisée,20,Bonne,7.38079998,48.059669735,QmnJ
A1580201,A158020101,1969-12-22,3420.0,2026-06-02T09:33:34Z,16,Donnée validée,10,Expertisée,20,Bonne,7.38079998,48.059669735,QmnJ
A1580201,A158020101,1969-12-23,3510.0,2026-06-02T09:33:34Z,16,Donnée validée,10,Expertisée,20,Bonne,7.38079998,48.059669735,QmnJ
A1580201,A158020101,1969-12-24,3590.0,2026-06-02T09:33:34Z,16,Donnée validée,10,Expertisée,20,Bonne,7.38079998,48.059669735,QmnJ
A1580201,A158020101,1969-12-25,3510.0,2026-06-02T09:33:34Z,16,Donnée validée,10,Expertisée,20,Bonne,7.38079998,48.059669735,QmnJ
A1580201,A158020101,1969-12-26,3510.0,2026-06-02T09:33:34Z,16,Donnée validée,10,Expertisée,20,Bonne,7.38079998,48.059669735,QmnJ
A1580201,A158020101,1969-12-27,3250.0,2026-06-02T09:33:34Z,16,Donnée validée,10,Expertisée,20,Bonne,7.38079998,48.059669735,QmnJ
A1580201,A158020101,1969-12-28,3200.0,2026-06-02T09:33:34Z,16,Donnée validée,10,Expertisée,20,Bonne,7.38079998,48.059669735,QmnJ
A1580201,A158020101,1969-12-29,3850.0,2026-06-02T09:33:34Z,16,Donnée validée,10,Expertisée,20,Bonne,7.38079998,48.059669735,QmnJ
A1580201,A158020101,1969-12-30,2890.0,2026-06-02T09:33:34Z,16,Donnée validée,10,Expertisée,20,Bonne,7.38079998,48.059669735,QmnJ
A1580201,A158020101,1969-12-31,2630.0,2026-06-02T09:33:34Z,16,Donnée validée,10,Expertisée,20,Bonne,7.38079998,48.059669735,QmnJ
A1580201,A158020101,1970-01-01,3000.0,2026-06-02T09:33:34Z,16,Donnée validée,10,Expertisée,20,Bonne,7.38079998,48.059669735,QmnJ
A1580201,A158020101,1970-01-02,2830.0,2026-06-02T09:33:34Z,16,Donnée validée,10,Expertisée,20,Bonne,7.38079998,48.059669735,QmnJ
A1580201,A158020101,1970-01-03,2830.0,2026-06-02T09:33:34Z,16,Donnée validée,10,Expertisée,20,Bonne,7.38079998,48.059669735,QmnJ
A1580201,A158020101,1970-01-04,2660.0,2026-06-02T09:33:34Z,16,Donnée validée,10,Expertisée,20,Bonne,7.38079998,48.059669735,QmnJ
A1580201,A158020101,1970-01-05,3410.0,2026-06-02T09:33:34Z,16,Donnée validée,10,Expertisée,20,Bonne,7.38079998,48.059669735,QmnJ
A1580201,A158020101,1970-01-06,4740.0,2026-06-02T09:33:34Z,16,Donnée validée,10,Expertisée,20,Bonne,7.38079998,48.059669735,QmnJ
A1580201,A158020101,1970-01-07,4100.0,2026-06-02T09:33:34Z,16,Donnée validée,10,Expertisée,20,Bonne,7.38079998,48.059669735,QmnJ
A1580201,A158020101,1970-01-08,3680.0,2026-06-02T09:33:34Z,16,Donnée validée,10,Expertisée,20,Bonne,7.38079998,48.059669735,QmnJ
A1580201,A158020101,1970-01-09,4020.0,2026-06-02T09:33:34Z,16,Donnée validée,10,Expertisée,20,Bonne,7.38079998,48.059669735,QmnJ
A1580201,A158020101,1970-01-10,6600.0,2026-06-02T09:33:34Z,16,Donnée validée,10,Expertisée,20,Bonne,7.38079998,48.059669735,QmnJ
A1580201,A158020101,1970-01-11,10500.0,2026-06-02T09:33:34Z,16,Donnée validée,10,Expertisée,20,Bonne,7.38079998,48.059669735,QmnJ
A1580201,A158020101,1970-01-12,9300.0,2026-06-02T09:33:34Z,16,Donnée validée,10,Expertisée,20,Bonne,7.38079998,48.059669735,QmnJ
A1580201,A158020101,1970-01-13,8250.0,2026-06-02T09:33:34Z,16,Donnée validée,10,Expertisée,20,Bonne,7.38079998,48.059669735,QmnJ
A1580201,A158020101,1970-01-14,7600.0,2026-06-02T09:33:34Z,16,Donnée validée,10,Expertisée,20,Bonne,7.38079998,48.059669735,QmnJ
A1580201,A158020101,1970-01-15,8450.0,2026-06-02T09:33:34Z,16,Donnée validée,10,Expertisée,20,Bonne,7.38079998,48.059669735,QmnJ
A1580201,A158020101,1970-01-16,10700.0,2026-06-02T09:33:34Z,16,Donnée validée,10,Expertisée,20,Bonne,7.38079998,48.059669735,QmnJ
A1580201,A158020101,1970-01-17,10900.0,2026-06-02T09:33:34Z,16,Donnée validée,10,Expertisée,20,Bonne,7.38079998,48.059669735,QmnJ
A1580201,A158020101,1970-01-18,9700.0,2026-06-02T09:33:34Z,16,Donnée validée,10,Expertisée,20,Bonne,7.38079998,48.059669735,QmnJ
A1580201,A158020101,1970-01-19,8550.0,2026-06-02T09:33:34Z,16,Donnée validée,10,Expertisée,20,Bonne,7.38079998,48.059669735,QmnJ
A1580201,A158020101,1970-01-20,7050.0,2026-06-02T09:33:34Z,16,Donnée validée,10,Expertisée,20,Bonne,7.38079998,48.059669735,QmnJ
A1580201,A158020101,1970-01-21,6050.0,2026-06-02T09:33:34Z,16,Donnée validée,10,Expertisée,20,Bonne,7.38079998,48.059669735,QmnJ
A1580201,A158020101,1970-01-22,5600.0,2026-06-02T09:33:34Z,16,Donnée validée,10,Expertisée,20,Bonne,7.38079998,48.059669735,QmnJ
A1580201,A158020101,1970-01-23,5250.0,2026-06-02T09:33:34Z,16,Donnée validée,10,Expertisée,20,Bonne,7.38079998,48.059669735,QmnJ
A1580201,A158020101,1970-01-24,5750.0,2026-06-02T09:33:34Z,16,Donnée validée,10,Expertisée,20,Bonne,7.38079998,48.059669735,QmnJ
A1580201,A158020101,1970-01-25,8350.0,2026-06-02T09:33:34Z,16,Donnée validée,10,Expertisée,20,Bonne,7.38079998,48.059669735,QmnJ
A1580201,A158020101,1970-01-26,8050.0,2026-06-02T09:33:34Z,16,Donnée validée,10,Expertisée,20,Bonne,7.38079998,48.059669735,QmnJ
A1580201,A158020101,1970-01-27,8150.0,2026-06-02T09:33:34Z,16,Donnée validée,10,Expertisée,20,Bonne,7.38079998,48.059669735,QmnJ
A1580201,A158020101,1970-01-28,8150.0,2026-06-02T09:33:34Z,16,Donnée validée,10,Expertisée,20,Bonne,7.38079998,48.059669735,QmnJ
A1580201,A158020101,1970-01-29,7600.0,2026-06-02T09:33:34Z,16,Donnée validée,10,Expertisée,20,Bonne,7.38079998,48.059669735,QmnJ
A1580201,A158020101,1970-01-30,7150.0,2026-06-02T09:33:34Z,16,Donnée validée,10,Expertisée,20,Bonne,7.38079998,48.059669735,QmnJ
A1580201,A158020101,1970-01-31,6400.0,2026-06-02T09:33:34Z,16,Donnée validée,10,Expertisée,20,Bonne,7.38079998,48.059669735,QmnJ
A1580201,A158020101,1970-02-01,5900.0,2026-06-02T09:33:34Z,16,Donnée validée,10,Expertisée,20,Bonne,7.38079998,48.059669735,QmnJ
A1580201,A158020101,1970-02-02,5600.0,2026-06-02T09:33:34Z,16,Donnée validée,10,Expertisée,20,Bonne,7.38079998,48.059669735,QmnJ
A1580201,A158020101,1970-02-03,13200.0,2026-06-02T09:33:34Z,16,Donnée validée,10,Expertisée,20,Bonne,7.38079998,48.059669735,QmnJ
A1580201,A158020101,1970-02-04,19700.0,2026-06-02T09:33:34Z,16,Donnée validée,10,Expertisée,20,Bonne,7.38079998,48.059669735,QmnJ
A1580201,A158020101,1970-02-05,24000.0,2026-06-02T09:33:34Z,16,Donnée validée,10,Expertisée,20,Bonne,7.38079998,48.059669735,QmnJ
A1580201,A158020101,1970-02-06,23400.0,2026-06-02T09:33:34Z,16,Donnée validée,10,Expertisée,20,Bonne,7.38079998,48.059669735,QmnJ
A1580201,A158020101,1970-02-07,17100.0,2026-06-02T09:33:34Z,16,Donnée validée,10,Expertisée,20,Bonne,7.38079998,48.059669735,QmnJ
A1580201,A158020101,1970-02-08,20100.0,2026-06-02T09:33:34Z,16,Donnée validée,10,Expertisée,20,Bonne,7.38079998,48.059669735,QmnJ
A1580201,A158020101,1970-02-09,30200.0,2026-06-02T09:33:34Z,16,Donnée validée,10,Expertisée,20,Bonne,7.38079998,48.059669735,QmnJ
A1580201,A158020101,1970-02-10,41900.0,2026-06-02T09:33:34Z,16,Donnée validée,10,Expertisée,20,Bonne,7.38079998,48.059669735,QmnJ
A1580201,A158020101,1970-02-11,38700.0,2026-06-02T09:33:34Z,16,Donnée validée,10,Expertisée,20,Bonne,7.38079998,48.059669735,QmnJ
A1580201,A158020101,1970-02-12,23900.0,2026-06-02T09:33:34Z,16,Donnée validée,10,Expertisée,20,Bonne,7.38079998,48.059669735,QmnJ
A1580201,A158020101,1970-02-13,24600.0,2026-06-02T09:33:34Z,16,Donnée validée,10,Expertisée,20,Bonne,7.38079998,48.059669735,QmnJ
A1580201,A158020101,1970-02-14,19200.0,2026-06-02T09:33:34Z,16,Donnée validée,10,Expertisée,20,Bonne,7.38079998,48.059669735,QmnJ
A1580201,A158020101,1970-02-15,15000.0,2026-06-02T09:33:34Z,16,Donnée validée,10,Expertisée,20,Bonne,7.38079998,48.059669735,QmnJ
A1580201,A158020101,1970-02-16,12400.0,2026-06-02T09:33:34Z,16,Donnée validée,10,Expertisée,20,Bonne,7.38079998,48.059669735,QmnJ
A1580201,A158020101,1970-02-17,10700.0,2026-06-02T09:33:34Z,16,Donnée validée,10,Expertisée,20,Bonne,7.38079998,48.059669735,QmnJ
A1580201,A158020101,1970-02-18,9200.0,2026-06-02T09:33:34Z,16,Donnée validée,10,Expertisée,20,Bonne,7.38079998,48.059669735,QmnJ
A1580201,A158020101,1970-02-19,9150.0,2026-06-02T09:33:34Z,16,Donnée validée,10,Expertisée,20,Bonne,7.38079998,48.059669735,QmnJ
A1580201,A158020101,1970-02-20,10400.0,2026-06-02T09:33:34Z,16,Donnée validée,10,Expertisée,20,Bonne,7.38079998,48.059669735,QmnJ
A1580201,A158020101,1970-02-21,14700.0,2026-06-02T09:33:34Z,16,Donnée validée,10,Expertisée,20,Bonne,7.38079998,48.059669735,QmnJ
A1580201,A158020101,1970-02-22,28100.0,2026-06-02T09:33:34Z,16,Donnée validée,10,Expertisée,20,Bonne,7.38079998,48.059669735,QmnJ
A1580201,A158020101,1970-02-23,40100.0,2026-06-02T09:33:34Z,16,Donnée validée,10,Expertisée,20,Bonne,7.38079998,48.059669735,QmnJ
A1580201,A158020101,1970-02-24,43600.0,2026-06-02T09:33:34Z,16,Donnée validée,10,Expertisée,20,Bonne,7.38079998,48.059669735,QmnJ
A1580201,A158020101,1970-02-25,34800.0,2026-06-02T09:33:34Z,16,Donnée validée,10,Expertisée,20,Bonne,7.38079998,48.059669735,QmnJ
A1580201,A158020101,1970-02-26,21900.0,2026-06-02T09:33:34Z,16,Donnée validée,10,Expertisée,20,Bonne,7.38079998,48.059669735,QmnJ
A1580201,A158020101,1970-02-27,17000.0,2026-06-02T09:33:34Z,16,Donnée validée,10,Expertisée,20,Bonne,7.38079998,48.059669735,QmnJ
A1580201,A158020101,1970-02-28,13900.0,2026-06-02T09:33:34Z,16,Donnée validée,10,Expertisée,20,Bonne,7.38079998,48.059669735,QmnJ
A1580201,A158020101,1970-03-01,11900.0,2026-06-02T09:33:34Z,16,Donnée validée,10,Expertisée,20,Bonne,7.38079998,48.059669735,QmnJ
A1580201,A158020101,1970-03-02,10600.0,2026-06-02T09:33:34Z,16,Donnée validée,10,Expertisée,20,Bonne,7.38079998,48.059669735,QmnJ
A1580201,A158020101,1970-03-03,9700.0,2026-06-02T09:33:34Z,16,Donnée validée,10,Expertisée,20,Bonne,7.38079998,48.059669735,QmnJ
A1580201,A158020101,1970-03-04,8600.0,2026-06-02T09:33:34Z,16,Donnée validée,10,Expertisée,20,Bonne,7.38079998,48.059669735,QmnJ
A1580201,A158020101,1970-03-05,7950.0,2026-06-02T09:33:34Z,16,Donnée validée,10,Expertisée,20,Bonne,7.38079998,48.059669735,QmnJ
A1580201,A158020101,1970-03-06,7000.0,2026-06-02T09:33:34Z,16,Donnée validée,10,Expertisée,20,Bonne,7.38079998,48.059669735,QmnJ
A1580201,A158020101,1970-03-07,7150.0,2026-06-02T09:33:34Z,16,Donnée validée,10,Expertisée,20,Bonne,7.38079998,48.059669735,QmnJ
A1580201,A158020101,1970-03-08,6650.0,2026-06-02T09:33:34Z,16,Donnée validée,10,Expertisée,20,Bonne,7.38079998,48.059669735,QmnJ
A1580201,A158020101,1970-03-09,6250.0,2026-06-02T09:33:34Z,16,Donnée validée,10,Expertisée,20,Bonne,7.38079998,48.059669735,QmnJ
A1580201,A158020101,1970-03-10,6400.0,2026-06-02T09:33:34Z,16,Donnée validée,10,Expertisée,20,Bonne,7.38079998,48.059669735,QmnJ
A1580201,A158020101,1970-03-11,7100.0,2026-06-02T09:33:34Z,16,Donnée validée,10,Expertisée,20,Bonne,7.38079998,48.059669735,QmnJ
A1580201,A158020101,1970-03-12,5500.0,2026-06-02T09:33:34Z,16,Donnée validée,10,Expertisée,20,Bonne,7.38079998,48.059669735,QmnJ
A1580201,A158020101,1970-03-13,5350.0,2026-06-02T09:33:34Z,16,Donnée validée,10,Expertisée,20,Bonne,7.38079998,48.059669735,QmnJ
A1580201,A158020101,1970-03-14,5100.0,2026-06-02T09:33:34Z,16,Donnée validée,10,Expertisée,20,Bonne,7.38079998,48.059669735,QmnJ
A1580201,A158020101,1970-03-15,4950.0,2026-06-02T09:33:34Z,16,Donnée validée,10,Expertisée,20,Bonne,7.38079998,48.059669735,QmnJ
A1580201,A158020101,1970-03-16,4890.0,2026-06-02T09:33:34Z,16,Donnée validée,10,Expertisée,20,Bonne,7.38079998,48.059669735,QmnJ
A1580201,A158020101,1970-03-17,4890.0,2026-06-02T09:33:34Z,16,Donnée validée,10,Expertisée,20,Bonne,7.38079998,48.059669735,QmnJ
A1580201,A158020101,1970-03-18,5100.0,2026-06-02T09:33:34Z,16,Donnée validée,10,Expertisée,20,Bonne,7.38079998,48.059669735,QmnJ
A1580201,A158020101,1970-03-19,6800.0,2026-06-02T09:33:34Z,16,Donnée validée,10,Expertisée,20,Bonne,7.38079998,48.059669735,QmnJ
A1580201,A158020101,1970-03-20,7000.0,2026-06-02T09:33:34Z,16,Donnée validée,10,Expertisée,20,Bonne,7.38079998,48.059669735,QmnJ
A1580201,A158020101,1970-03-21,6750.0,2026-06-02T09:33:34Z,16,Donnée validée,10,Expertisée,20,Bonne,7.38079998,48.059669735,QmnJ
A1580201,A158020101,1970-03-22,6950.0,2026-06-02T09:33:34Z,16,Donnée validée,10,Expertisée,20,Bonne,7.38079998,48.059669735,QmnJ
A1580201,A158020101,1970-03-23,7850.0,2026-06-02T09:33:34Z,16,Donnée validée,10,Expertisée,20,Bonne,7.38079998,48.059669735,QmnJ
A1580201,A158020101,1970-03-24,8200.0,2026-06-02T09:33:34Z,16,Donnée validée,10,Expertisée,20,Bonne,7.38079998,48.059669735,QmnJ
A1580201,A158020101,1970-03-25,8250.0,2026-06-02T09:33:34Z,16,Donnée validée,10,Expertisée,20,Bonne,7.38079998,48.059669735,QmnJ
A1580201,A158020101,1970-03-26,8050.0,2026-06-02T09:33:34Z,16,Donnée validée,10,Expertisée,20,Bonne,7.38079998,48.059669735,QmnJ
A1580201,A158020101,1970-03-27,7950.0,2026-06-02T09:33:34Z,16,Donnée validée,10,Expertisée,20,Bonne,7.38079998,48.059669735,QmnJ
A1580201,A158020101,1970-03-28,7250.0,2026-06-02T09:33:34Z,16,Donnée validée,10,Expertisée,20,Bonne,7.38079998,48.059669735,QmnJ
A1580201,A158020101,1970-03-29,6900.0,2026-06-02T09:33:34Z,16,Donnée validée,10,Expertisée,20,Bonne,7.38079998,48.059669735,QmnJ
A1580201,A158020101,1970-03-30,6450.0,2026-06-02T09:33:34Z,16,Donnée validée,10,Expertisée,20,Bonne,7.38079998,48.059669735,QmnJ
A1580201,A158020101,1970-03-31,6400.0,2026-06-02T09:33:34Z,16,Donnée validée,10,Expertisée,20,Bonne,7.38079998,48.059669735,QmnJ
A1580201,A158020101,1970-04-01,7750.0,2026-06-02T09:33:34Z,16,Donnée validée,10,Expertisée,20,Bonne,7.38079998,48.059669735,QmnJ
A1580201,A158020101,1970-04-02,8050.0,2026-06-02T09:33:34Z,16,Donnée validée,10,Expertisée,20,Bonne,7.38079998,48.059669735,QmnJ
A1580201,A158020101,1970-04-03,7550.0,2026-06-02T09:33:34Z,16,Donnée validée,10,Expertisée,20,Bonne,7.38079998,48.059669735,QmnJ
A1580201,A158020101,1970-04-04,7050.0,2026-06-02T09:33:34Z,16,Donnée validée,10,Expertisée,20,Bonne,7.38079998,48.059669735,QmnJ
A1580201,A158020101,1970-04-05,6800.0,2026-06-02T09:33:34Z,16,Donnée validée,10,Expertisée,20,Bonne,7.38079998,48.059669735,QmnJ
A1580201,A158020101,1970-04-06,6500.0,2026-06-02T09:33:34Z,16,Donnée validée,10,Expertisée,20,Bonne,7.38079998,48.059669735,QmnJ
A1580201,A158020101,1970-04-07,6500.0,2026-06-02T09:33:34Z,16,Donnée validée,10,Expertisée,20,Bonne,7.38079998,48.059669735,QmnJ
A1580201,A158020101,1970-04-08,6500.0,2026-06-02T09:33:34Z,16,Donnée validée,10,Expertisée,20,Bonne,7.38079998,48.059669735,QmnJ
A1580201,A158020101,1970-04-09,6450.0,2026-06-02T09:33:34Z,16,Donnée validée,10,Expertisée,20,Bonne,7.38079998,48.059669735,QmnJ
A1580201,A158020101,1970-04-10,6200.0,2026-06-02T09:33:34Z,16,Donnée validée,10,Expertisée,20,Bonne,7.38079998,48.059669735,QmnJ
A1580201,A158020101,1970-04-11,6200.0,2026-06-02T09:33:34Z,16,Donnée validée,10,Expertisée,20,Bonne,7.38079998,48.059669735,QmnJ
A1580201,A158020101,1970-04-12,5800.0,2026-06-02T09:33:34Z,16,Donnée validée,10,Expertisée,20,Bonne,7.38079998,48.059669735,QmnJ
A1580201,A158020101,1970-04-13,7350.0,2026-06-02T09:33:34Z,16,Donnée validée,10,Expertisée,20,Bonne,7.38079998,48.059669735,QmnJ
A1580201,A158020101,1970-04-14,9300.0,2026-06-02T09:33:34Z,16,Donnée validée,10,Expertisée,20,Bonne,7.38079998,48.059669735,QmnJ
A1580201,A158020101,1970-04-15,9200.0,2026-06-02T09:33:34Z,16,Donnée validée,10,Expertisée,20,Bonne,7.38079998,48.059669735,QmnJ
A1580201,A158020101,1970-04-16,8500.0,2026-06-02T09:33:34Z,16,Donnée validée,10,Expertisée,20,Bonne,7.38079998,48.059669735,QmnJ
A1580201,A158020101,1970-04-17,8450.0,2026-06-02T09:33:34Z,16,Donnée validée,10,Expertisée,20,Bonne,7.38079998,48.059669735,QmnJ
A1580201,A158020101,1970-04-18,9600.0,2026-06-02T09:33:34Z,16,Donnée validée,10,Expertisée,20,Bonne,7.38079998,48.059669735,QmnJ
A1580201,A158020101,1970-04-19,12000.0,2026-06-02T09:33:34Z,16,Donnée validée,10,Expertisée,20,Bonne,7.38079998,48.059669735,QmnJ
A1580201,A158020101,1970-04-20,13600.0,2026-06-02T09:33:34Z,16,Donnée validée,10,Expertisée,20,Bonne,7.38079998,48.059669735,QmnJ
A1580201,A158020101,1970-04-21,12200.0,2026-06-02T09:33:34Z,16,Donnée validée,10,Expertisée,20,Bonne,7.38079998,48.059669735,QmnJ
A1580201,A158020101,1970-04-22,10800.0,2026-06-02T09:33:34Z,16,Donnée validée,10,Expertisée,20,Bonne,7.38079998,48.059669735,QmnJ
A1580201,A158020101,1970-04-23,10900.0,2026-06-02T09:33:34Z,16,Donnée validée,10,Expertisée,20,Bonne,7.38079998,48.059669735,QmnJ
A1580201,A158020101,1970-04-24,12500.0,2026-06-02T09:33:34Z,16,Donnée validée,10,Expertisée,20,Bonne,7.38079998,48.059669735,QmnJ
A1580201,A158020101,1970-04-25,13400.0,2026-06-02T09:33:34Z,16,Donnée validée,10,Expertisée,20,Bonne,7.38079998,48.059669735,QmnJ
A1580201,A158020101,1970-04-26,13800.0,2026-06-02T09:33:34Z,16,Donnée validée,10,Expertisée,20,Bonne,7.38079998,48.059669735,QmnJ
A1580201,A158020101,1970-04-27,13500.0,2026-06-02T09:33:34Z,16,Donnée validée,10,Expertisée,20,Bonne,7.38079998,48.059669735,QmnJ
A1580201,A158020101,1970-04-28,12200.0,2026-06-02T09:33:34Z,16,Donnée validée,10,Expertisée,20,Bonne,7.38079998,48.059669735,QmnJ
A1580201,A158020101,1970-04-29,11500.0,2026-06-02T09:33:34Z,16,Donnée validée,10,Expertisée,20,Bonne,7.38079998,48.059669735,QmnJ
A1580201,A158020101,1970-04-30,10400.0,2026-06-02T09:33:34Z,16,Donnée validée,10,Expertisée,20,Bonne,7.38079998,48.059669735,QmnJ
A1580201,A158020101,1970-05-01,10800.0,2026-06-02T09:33:34Z,16,Donnée validée,10,Expertisée,20,Bonne,7.38079998,48.059669735,QmnJ
A1580201,A158020101,1970-05-02,9750.0,2026-06-02T09:33:34Z,16,Donnée validée,10,Expertisée,20,Bonne,7.38079998,48.059669735,QmnJ
A1580201,A158020101,1970-05-03,9600.0,2026-06-02T09:33:34Z,16,Donnée validée,10,Expertisée,20,Bonne,7.38079998,48.059669735,QmnJ
A1580201,A158020101,1970-05-04,9100.0,2026-06-02T09:33:34Z,16,Donnée validée,10,Expertisée,20,Bonne,7.38079998,48.059669735,QmnJ
A1580201,A158020101,1970-05-05,4180.0,2026-06-02T09:33:34Z,16,Donnée validée,10,Expertisée,20,Bonne,7.38079998,48.059669735,QmnJ
A1580201,A158020101,1970-05-06,5050.0,2026-06-02T09:33:34Z,16,Donnée validée,10,Expertisée,20,Bonne,7.38079998,48.059669735,QmnJ
A1580201,A158020101,1970-05-07,4470.0,2026-06-02T09:33:34Z,16,Donnée validée,10,Expertisée,20,Bonne,7.38079998,48.059669735,QmnJ
A1580201,A158020101,1970-05-08,5550.0,2026-06-02T09:33:34Z,16,Donnée validée,10,Expertisée,20,Bonne,7.38079998,48.059669735,QmnJ
A1580201,A158020101,1970-05-09,4870.0,2026-06-02T09:33:34Z,16,Donnée validée,10,Expertisée,20,Bonne,7.38079998,48.059669735,QmnJ
A1580201,A158020101,1970-05-10,5100.0,2026-06-02T09:33:34Z,16,Donnée validée,10,Expertisée,20,Bonne,7.38079998,48.059669735,QmnJ
A1580201,A158020101,1970-05-11,6250.0,2026-06-02T09:33:34Z,16,Donnée validée,10,Expertisée,20,Bonne,7.38079998,48.059669735,QmnJ
A1580201,A158020101,1970-05-12,8300.0,2026-06-02T09:33:34Z,16,Donnée validée,10,Expertisée,20,Bonne,7.38079998,48.059669735,QmnJ
A1580201,A158020101,1970-05-13,8100.0,2026-06-02T09:33:34Z,16,Donnée validée,10,Expertisée,20,Bonne,7.38079998,48.059669735,QmnJ
A1580201,A158020101,1970-05-14,7250.0,2026-06-02T09:33:34Z,16,Donnée validée,10,Expertisée,20,Bonne,7.38079998,48.059669735,QmnJ
A1580201,A158020101,1970-05-15,7150.0,2026-06-02T09:33:34Z,16,Donnée validée,10,Expertisée,20,Bonne,7.38079998,48.059669735,QmnJ
A1580201,A158020101,1970-05-16,6850.0,2026-06-02T09:33:34Z,16,Donnée validée,10,Expertisée,20,Bonne,7.38079998,48.059669735,QmnJ
A1580201,A158020101,1970-05-17,6850.0,2026-06-02T09:33:34Z,16,Donnée validée,10,Expertisée,20,Bonne,7.38079998,48.059669735,QmnJ
A1580201,A158020101,1970-05-18,7300.0,2026-06-02T09:33:34Z,16,Donnée validée,10,Expertisée,20,Bonne,7.38079998,48.059669735,QmnJ
A1580201,A158020101,1970-05-19,6600.0,2026-06-02T09:33:34Z,16,Donnée validée,10,Expertisée,20,Bonne,7.38079998,48.059669735,QmnJ
A1580201,A158020101,1970-05-20,6450.0,2026-06-02T09:33:34Z,16,Donnée validée,10,Expertisée,20,Bonne,7.38079998,48.059669735,QmnJ
A1580201,A158020101,1970-05-21,6100.0,2026-06-02T09:33:34Z,16,Donnée validée,10,Expertisée,20,Bonne,7.38079998,48.059669735,QmnJ
A1580201,A158020101,1970-05-22,5650.0,2026-06-02T09:33:34Z,16,Donnée validée,10,Expertisée,20,Bonne,7.38079998,48.059669735,QmnJ
A1580201,A158020101,1970-05-23,5300.0,2026-06-02T09:33:34Z,16,Donnée validée,10,Expertisée,20,Bonne,7.38079998,48.059669735,QmnJ
A1580201,A158020101,1970-05-24,4850.0,2026-06-02T09:33:34Z,16,Donnée validée,10,Expertisée,20,Bonne,7.38079998,48.059669735,QmnJ
A1580201,A158020101,1970-05-25,3900.0,2026-06-02T09:33:34Z,16,Donnée validée,10,Expertisée,20,Bonne,7.38079998,48.059669735,QmnJ
A1580201,A158020101,1970-05-26,3660.0,2026-06-02T09:33:34Z,16,Donnée validée,10,Expertisée,20,Bonne,7.38079998,48.059669735,QmnJ
A1580201,A158020101,1970-05-27,3870.0,2026-06-02T09:33:34Z,16,Donnée validée,10,Expertisée,20,Bonne,7.38079998,48.059669735,QmnJ
A1580201,A158020101,1970-05-28,3710.0,2026-06-02T09:33:34Z,16,Donnée validée,10,Expertisée,20,Bonne,7.38079998,48.059669735,QmnJ
A1580201,A158020101,1970-05-29,3520.0,2026-06-02T09:33:34Z,16,Donnée validée,10,Expertisée,20,Bonne,7.38079998,48.059669735,QmnJ
A1580201,A158020101,1970-05-30,3440.0,2026-06-02T09:33:34Z,16,Donnée validée,10,Expertisée,20,Bonne,7.38079998,48.059669735,QmnJ
A1580201,A158020101,1970-05-31,3400.0,2026-06-02T09:33:34Z,16,Donnée validée,10,Expertisée,20,Bonne,7.38079998,48.059669735,QmnJ
A1580201,A158020101,1970-06-01,2950.0,2026-06-02T09:33:34Z,16,Donnée validée,10,Expertisée,20,Bonne,7.38079998,48.059669735,QmnJ
A1580201,A158020101,1970-06-02,2250.0,2026-06-02T09:33:34Z,16,Donnée validée,10,Expertisée,20,Bonne,7.38079998,48.059669735,QmnJ
A1580201,A158020101,1970-06-03,2110.0,2026-06-02T09:33:34Z,16,Donnée validée,10,Expertisée,20,Bonne,7.38079998,48.059669735,QmnJ
A1580201,A158020101,1970-06-04,1860.0,2026-06-02T09:33:34Z,16,Donnée validée,10,Expertisée,20,Bonne,7.38079998,48.059669735,QmnJ
A1580201,A158020101,1970-06-05,1830.0,2026-06-02T09:33:34Z,16,Donnée validée,10,Expertisée,20,Bonne,7.38079998,48.059669735,QmnJ
A1580201,A158020101,1970-06-06,1710.0,2026-06-02T09:33:34Z,16,Donnée validée,10,Expertisée,20,Bonne,7.38079998,48.059669735,QmnJ
A1580201,A158020101,1970-06-07,1680.0,2026-06-02T09:33:34Z,16,Donnée validée,10,Expertisée,20,Bonne,7.38079998,48.059669735,QmnJ
A1580201,A158020101,1970-06-08,1520.0,2026-06-02T09:33:34Z,16,Donnée validée,10,Expertisée,20,Bonne,7.38079998,48.059669735,QmnJ
A1580201,A158020101,1970-06-09,1540.0,2026-06-02T09:33:34Z,16,Donnée validée,10,Expertisée,20,Bonne,7.38079998,48.059669735,QmnJ
A1580201,A158020101,1970-06-10,1620.0,2026-06-02T09:33:34Z,16,Donnée validée,10,Expertisée,20,Bonne,7.38079998,48.059669735,QmnJ
A1580201,A158020101,1970-06-11,1880.0,2026-06-02T09:33:34Z,16,Donnée validée,10,Expertisée,20,Bonne,7.38079998,48.059669735,QmnJ
A1580201,A158020101,1970-06-12,2310.0,2026-06-02T09:33:34Z,16,Donnée validée,10,Expertisée,20,Bonne,7.38079998,48.059669735,QmnJ
A1580201,A158020101,1970-06-13,2050.0,2026-06-02T09:33:34Z,16,Donnée validée,10,Expertisée,20,Bonne,7.38079998,48.059669735,QmnJ
A1580201,A158020101,1970-06-14,1820.0,2026-06-02T09:33:34Z,16,Donnée validée,10,Expertisée,20,Bonne,7.38079998,48.059669735,QmnJ
A1580201,A158020101,1970-06-15,1900.0,2026-06-02T09:33:34Z,16,Donnée validée,10,Expertisée,20,Bonne,7.38079998,48.059669735,QmnJ
A1580201,A158020101,1970-06-16,2230.0,2026-06-02T09:33:34Z,16,Donnée validée,10,Expertisée,20,Bonne,7.38079998,48.059669735,QmnJ
A1580201,A158020101,1970-06-17,3140.0,2026-06-02T09:33:34Z,16,Donnée validée,10,Expertisée,20,Bonne,7.38079998,48.059669735,QmnJ
A1580201,A158020101,1970-06-18,8050.0,2026-06-02T09:33:34Z,16,Donnée validée,10,Expertisée,20,Bonne,7.38079998,48.059669735,QmnJ
A1580201,A158020101,1970-06-19,8650.0,2026-06-02T09:33:34Z,16,Donnée validée,10,Expertisée,20,Bonne,7.38079998,48.059669735,QmnJ
A1580201,A158020101,1970-06-20,6100.0,2026-06-02T09:33:34Z,16,Donnée validée,10,Expertisée,20,Bonne,7.38079998,48.059669735,QmnJ
A1580201,A158020101,1970-06-21,5250.0,2026-06-02T09:33:34Z,16,Donnée validée,10,Expertisée,20,Bonne,7.38079998,48.059669735,QmnJ
A1580201,A158020101,1970-06-22,4370.0,2026-06-02T09:33:34Z,16,Donnée validée,10,Expertisée,20,Bonne,7.38079998,48.059669735,QmnJ
A1580201,A158020101,1970-06-23,4130.0,2026-06-02T09:33:34Z,16,Donnée validée,10,Expertisée,20,Bonne,7.38079998,48.059669735,QmnJ
A1580201,A158020101,1970-06-24,3440.0,2026-06-02T09:33:34Z,16,Donnée validée,10,Expertisée,20,Bonne,7.38079998,48.059669735,QmnJ
A1580201,A158020101,1970-06-25,2920.0,2026-06-02T09:33:34Z,16,Donnée validée,10,Expertisée,20,Bonne,7.38079998,48.059669735,QmnJ
A1580201,A158020101,1970-06-26,2560.0,2026-06-02T09:33:34Z,16,Donnée validée,10,Expertisée,20,Bonne,7.38079998,48.059669735,QmnJ
A1580201,A158020101,1970-06-27,2410.0,2026-06-02T09:33:34Z,16,Donnée validée,10,Expertisée,20,Bonne,7.38079998,48.059669735,QmnJ
A1580201,A158020101,1970-06-28,2270.0,2026-06-02T09:33:34Z,16,Donnée validée,10,Expertisée,20,Bonne,7.38079998,48.059669735,QmnJ
A1580201,A158020101,1970-06-29,2230.0,2026-06-02T09:33:34Z,16,Donnée validée,10,Expertisée,20,Bonne,7.38079998,48.059669735,QmnJ
A1580201,A158020101,1970-06-30,2370.0,2026-06-02T09:33:34Z,16,Donnée validée,10,Expertisée,20,Bonne,7.38079998,48.059669735,QmnJ
A1580201,A158020101,1970-07-01,2150.0,2026-06-02T09:33:34Z,16,Donnée validée,10,Expertisée,20,Bonne,7.38079998,48.059669735,QmnJ
A1580201,A158020101,1970-07-02,2140.0,2026-06-02T09:33:34Z,16,Donnée validée,10,Expertisée,20,Bonne,7.38079998,48.059669735,QmnJ
A1580201,A158020101,1970-07-03,2380.0,2026-06-02T09:33:34Z,16,Donnée validée,10,Expertisée,20,Bonne,7.38079998,48.059669735,QmnJ
A1580201,A158020101,1970-07-04,2470.0,2026-06-02T09:33:34Z,16,Donnée validée,10,Expertisée,20,Bonne,7.38079998,48.059669735,QmnJ
A1580201,A158020101,1970-07-05,2430.0,2026-06-02T09:33:34Z,16,Donnée validée,10,Expertisée,20,Bonne,7.38079998,48.059669735,QmnJ
A1580201,A158020101,1970-07-06,2180.0,2026-06-02T09:33:34Z,16,Donnée validée,10,Expertisée,20,Bonne,7.38079998,48.059669735,QmnJ
A1580201,A158020101,1970-07-07,2130.0,2026-06-02T09:33:34Z,16,Donnée validée,10,Expertisée,20,Bonne,7.38079998,48.059669735,QmnJ
A1580201,A158020101,1970-07-08,1700.0,2026-06-02T09:33:34Z,16,Donnée validée,10,Expertisée,20,Bonne,7.38079998,48.059669735,QmnJ
A1580201,A158020101,1970-07-09,2000.0,2026-06-02T09:33:34Z,16,Donnée validée,10,Expertisée,20,Bonne,7.38079998,48.059669735,QmnJ
A1580201,A158020101,1970-07-10,2010.0,2026-06-02T09:33:34Z,16,Donnée validée,10,Expertisée,20,Bonne,7.38079998,48.059669735,QmnJ
A1580201,A158020101,1970-07-11,1910.0,2026-06-02T09:33:34Z,16,Donnée validée,10,Expertisée,20,Bonne,7.38079998,48.059669735,QmnJ
A1580201,A158020101,1970-07-12,1620.0,2026-06-02T09:33:34Z,16,Donnée validée,10,Expertisée,20,Bonne,7.38079998,48.059669735,QmnJ
A1580201,A158020101,1970-07-13,1730.0,2026-06-02T09:33:34Z,16,Donnée validée,10,Expertisée,20,Bonne,7.38079998,48.059669735,QmnJ
A1580201,A158020101,1970-07-14,1360.0,2026-06-02T09:33:34Z,16,Donnée validée,10,Expertisée,20,Bonne,7.38079998,48.059669735,QmnJ
A1580201,A158020101,1970-07-15,1310.0,2026-06-02T09:33:34Z,16,Donnée validée,10,Expertisée,20,Bonne,7.38079998,48.059669735,QmnJ
A1580201,A158020101,1970-07-16,1470.0,2026-06-02T09:33:34Z,16,Donnée validée,10,Expertisée,20,Bonne,7.38079998,48.059669735,QmnJ
A1580201,A158020101,1970-07-17,1470.0,2026-06-02T09:33:34Z,16,Donnée validée,10,Expertisée,20,Bonne,7.38079998,48.059669735,QmnJ
A1580201,A158020101,1970-07-18,1400.0,2026-06-02T09:33:34Z,16,Donnée validée,10,Expertisée,20,Bonne,7.38079998,48.059669735,QmnJ
A1580201,A158020101,1970-07-19,1230.0,2026-06-02T09:33:34Z,16,Donnée validée,10,Expertisée,20,Bonne,7.38079998,48.059669735,QmnJ
A1580201,A158020101,1970-07-20,1070.0,2026-06-02T09:33:34Z,16,Donnée validée,10,Expertisée,20,Bonne,7.38079998,48.059669735,QmnJ
A1580201,A158020101,1970-07-21,1480.0,2026-06-02T09:33:34Z,16,Donnée validée,10,Expertisée,20,Bonne,7.38079998,48.059669735,QmnJ
A1580201,A158020101,1970-07-22,1630.0,2026-06-02T09:33:34Z,16,Donnée validée,10,Expertisée,20,Bonne,7.38079998,48.059669735,QmnJ
A1580201,A158020101,1970-07-23,1470.0,2026-06-02T09:33:34Z,16,Donnée validée,10,Expertisée,20,Bonne,7.38079998,48.059669735,QmnJ
A1580201,A158020101,1970-07-24,1390.0,2026-06-02T09:33:34Z,16,Donnée validée,10,Expertisée,20,Bonne,7.38079998,48.059669735,QmnJ
A1580201,A158020101,1970-07-25,1860.0,2026-06-02T09:33:34Z,16,Donnée validée,10,Expertisée,20,Bonne,7.38079998,48.059669735,QmnJ
A1580201,A158020101,1970-07-26,2100.0,2026-06-02T09:33:34Z,16,Donnée validée,10,Expertisée,20,Bonne,7.38079998,48.059669735,QmnJ
A1580201,A158020101,1970-07-27,1910.0,2026-06-02T09:33:34Z,16,Donnée validée,10,Expertisée,20,Bonne,7.38079998,48.059669735,QmnJ
A1580201,A158020101,1970-07-28,1830.0,2026-06-02T09:33:34Z,16,Donnée validée,10,Expertisée,20,Bonne,7.38079998,48.059669735,QmnJ
A1580201,A158020101,1970-07-29,1700.0,2026-06-02T09:33:34Z,16,Donnée validée,10,Expertisée,20,Bonne,7.38079998,48.059669735,QmnJ
A1580201,A158020101,1970-07-30,1600.0,2026-06-02T09:33:34Z,16,Donnée validée,10,Expertisée,20,Bonne,7.38079998,48.059669735,QmnJ
A1580201,A158020101,1970-07-31,1310.0,2026-06-02T09:33:34Z,16,Donnée validée,10,Expertisée,20,Bonne,7.38079998,48.059669735,QmnJ
A1580201,A158020101,1970-08-01,1310.0,2026-06-02T09:33:34Z,16,Donnée validée,10,Expertisée,20,Bonne,7.38079998,48.059669735,QmnJ
A1580201,A158020101,1970-08-02,1390.0,2026-06-02T09:33:34Z,16,Donnée validée,10,Expertisée,20,Bonne,7.38079998,48.059669735,QmnJ
A1580201,A158020101,1970-08-03,1470.0,2026-06-02T09:33:34Z,16,Donnée validée,10,Expertisée,20,Bonne,7.38079998,48.059669735,QmnJ
A1580201,A158020101,1970-08-04,1330.0,2026-06-02T09:33:34Z,16,Donnée validée,10,Expertisée,20,Bonne,7.38079998,48.059669735,QmnJ
A1580201,A158020101,1970-08-05,1210.0,2026-06-02T09:33:34Z,16,Donnée validée,10,Expertisée,20,Bonne,7.38079998,48.059669735,QmnJ
A1580201,A158020101,1970-08-06,1030.0,2026-06-02T09:33:34Z,16,Donnée validée,10,Expertisée,20,Bonne,7.38079998,48.059669735,QmnJ
A1580201,A158020101,1970-08-07,910.0,2026-06-02T09:33:34Z,16,Donnée validée,10,Expertisée,20,Bonne,7.38079998,48.059669735,QmnJ
A1580201,A158020101,1970-08-08,900.0,2026-06-02T09:33:34Z,16,Donnée validée,10,Expertisée,20,Bonne,7.38079998,48.059669735,QmnJ
A1580201,A158020101,1970-08-09,910.0,2026-06-02T09:33:34Z,16,Donnée validée,10,Expertisée,20,Bonne,7.38079998,48.059669735,QmnJ
A1580201,A158020101,1970-08-10,950.0,2026-06-02T09:33:34Z,16,Donnée validée,10,Expertisée,20,Bonne,7.38079998,48.059669735,QmnJ
A1580201,A158020101,1970-08-11,1070.0,2026-06-02T09:33:34Z,16,Donnée validée,10,Expertisée,20,Bonne,7.38079998,48.059669735,QmnJ
A1580201,A158020101,1970-08-12,1050.0,2026-06-02T09:33:34Z,16,Donnée validée,10,Expertisée,20,Bonne,7.38079998,48.059669735,QmnJ
A1580201,A158020101,1970-08-13,1110.0,2026-06-02T09:33:34Z,16,Donnée validée,10,Expertisée,20,Bonne,7.38079998,48.059669735,QmnJ
A1580201,A158020101,1970-08-14,990.0,2026-06-02T09:33:34Z,16,Donnée validée,10,Expertisée,20,Bonne,7.38079998,48.059669735,QmnJ
A1580201,A158020101,1970-08-15,910.0,2026-06-02T09:33:34Z,16,Donnée validée,10,Expertisée,20,Bonne,7.38079998,48.059669735,QmnJ
A1580201,A158020101,1970-08-16,930.0,2026-06-02T09:33:34Z,16,Donnée validée,10,Expertisée,20,Bonne,7.38079998,48.059669735,QmnJ
A1580201,A158020101,1970-08-17,910.0,2026-06-02T09:33:34Z,16,Donnée validée,10,Expertisée,20,Bonne,7.38079998,48.059669735,QmnJ
A1580201,A158020101,1970-08-18,890.0,2026-06-02T09:33:34Z,16,Donnée validée,10,Expertisée,20,Bonne,7.38079998,48.059669735,QmnJ
A1580201,A158020101,1970-08-19,870.0,2026-06-02T09:33:34Z,16,Donnée validée,10,Expertisée,20,Bonne,7.38079998,48.059669735,QmnJ
A1580201,A158020101,1970-08-20,1010.0,2026-06-02T09:33:34Z,16,Donnée validée,10,Expertisée,20,Bonne,7.38079998,48.059669735,QmnJ
A1580201,A158020101,1970-08-21,1190.0,2026-06-02T09:33:34Z,16,Donnée validée,10,Expertisée,20,Bonne,7.38079998,48.059669735,QmnJ
A1580201,A158020101,1970-08-22,1170.0,2026-06-02T09:33:34Z,16,Donnée validée,10,Expertisée,20,Bonne,7.38079998,48.059669735,QmnJ
A1580201,A158020101,1970-08-23,1070.0,2026-06-02T09:33:34Z,16,Donnée validée,10,Expertisée,20,Bonne,7.38079998,48.059669735,QmnJ
A1580201,A158020101,1970-08-24,1070.0,2026-06-02T09:33:34Z,16,Donnée validée,10,Expertisée,20,Bonne,7.38079998,48.059669735,QmnJ
A1580201,A158020101,1970-08-25,1090.0,2026-06-02T09:33:34Z,16,Donnée validée,10,Expertisée,20,Bonne,7.38079998,48.059669735,QmnJ
A1580201,A158020101,1970-08-26,1070.0,2026-06-02T09:33:34Z,16,Donnée validée,10,Expertisée,20,Bonne,7.38079998,48.059669735,QmnJ
A1580201,A158020101,1970-08-27,990.0,2026-06-02T09:33:34Z,16,Donnée validée,10,Expertisée,20,Bonne,7.38079998,48.059669735,QmnJ
A1580201,A158020101,1970-08-28,890.0,2026-06-02T09:33:34Z,16,Donnée validée,10,Expertisée,20,Bonne,7.38079998,48.059669735,QmnJ
A1580201,A158020101,1970-08-29,910.0,2026-06-02T09:33:34Z,16,Donnée validée,10,Expertisée,20,Bonne,7.38079998,48.059669735,QmnJ
A1580201,A158020101,1970-08-30,950.0,2026-06-02T09:33:34Z,16,Donnée validée,10,Expertisée,20,Bonne,7.38079998,48.059669735,QmnJ
A1580201,A158020101,1970-08-31,1050.0,2026-06-02T09:33:34Z,16,Donnée validée,10,Expertisée,20,Bonne,7.38079998,48.059669735,QmnJ
A1580201,A158020101,1970-09-01,1050.0,2026-06-02T09:33:34Z,16,Donnée validée,10,Expertisée,20,Bonne,7.38079998,48.059669735,QmnJ
A1580201,A158020101,1970-09-02,950.0,2026-06-02T09:33:34Z,16,Donnée validée,10,Expertisée,20,Bonne,7.38079998,48.059669735,QmnJ
A1580201,A158020101,1970-09-03,840.0,2026-06-02T09:33:34Z,16,Donnée validée,10,Expertisée,20,Bonne,7.38079998,48.059669735,QmnJ
A1580201,A158020101,1970-09-04,890.0,2026-06-02T09:33:34Z,16,Donnée validée,10,Expertisée,20,Bonne,7.38079998,48.059669735,QmnJ
A1580201,A158020101,1970-09-05,940.0,2026-06-02T09:33:34Z,16,Donnée validée,10,Expertisée,20,Bonne,7.38079998,48.059669735,QmnJ
A1580201,A158020101,1970-09-06,980.0,2026-06-02T09:33:34Z,16,Donnée validée,10,Expertisée,20,Bonne,7.38079998,48.059669735,QmnJ
A1580201,A158020101,1970-09-07,940.0,2026-06-02T09:33:34Z,16,Donnée validée,10,Expertisée,20,Bonne,7.38079998,48.059669735,QmnJ
A1580201,A158020101,1970-09-08,790.0,2026-06-02T09:33:34Z,16,Donnée validée,10,Expertisée,20,Bonne,7.38079998,48.059669735,QmnJ
A1580201,A158020101,1970-09-09,610.0,2026-06-02T09:33:34Z,16,Donnée validée,10,Expertisée,20,Bonne,7.38079998,48.059669735,QmnJ
A1580201,A158020101,1970-09-10,590.0,2026-06-02T09:33:34Z,16,Donnée validée,10,Expertisée,20,Bonne,7.38079998,48.059669735,QmnJ
A1580201,A158020101,1970-09-11,770.0,2026-06-02T09:33:34Z,16,Donnée validée,10,Expertisée,20,Bonne,7.38079998,48.059669735,QmnJ
A1580201,A158020101,1970-09-12,1060.0,2026-06-02T09:33:34Z,16,Donnée validée,10,Expertisée,20,Bonne,7.38079998,48.059669735,QmnJ
A1580201,A158020101,1970-09-13,820.0,2026-06-02T09:33:34Z,16,Donnée validée,10,Expertisée,20,Bonne,7.38079998,48.059669735,QmnJ
A1580201,A158020101,1970-09-14,860.0,2026-06-02T09:33:34Z,16,Donnée validée,10,Expertisée,20,Bonne,7.38079998,48.059669735,QmnJ
A1580201,A158020101,1970-09-15,980.0,2026-06-02T09:33:34Z,16,Donnée validée,10,Expertisée,20,Bonne,7.38079998,48.059669735,QmnJ
A1580201,A158020101,1970-09-16,1130.0,2026-06-02T09:33:34Z,16,Donnée validée,10,Expertisée,20,Bonne,7.38079998,48.059669735,QmnJ
A1580201,A158020101,1970-09-17,1260.0,2026-06-02T09:33:34Z,16,Donnée validée,10,Expertisée,20,Bonne,7.38079998,48.059669735,QmnJ
A1580201,A158020101,1970-09-18,1190.0,2026-06-02T09:33:34Z,16,Donnée validée,10,Expertisée,20,Bonne,7.38079998,48.059669735,QmnJ
A1580201,A158020101,1970-09-19,1110.0,2026-06-02T09:33:34Z,16,Donnée validée,10,Expertisée,20,Bonne,7.38079998,48.059669735,QmnJ
A1580201,A158020101,1970-09-20,1110.0,2026-06-02T09:33:34Z,16,Donnée validée,10,Expertisée,20,Bonne,7.38079998,48.059669735,QmnJ
A1580201,A158020101,1970-09-21,980.0,2026-06-02T09:33:34Z,16,Donnée validée,10,Expertisée,20,Bonne,7.38079998,48.059669735,QmnJ
A1580201,A158020101,1970-09-22,980.0,2026-06-02T09:33:34Z,16,Donnée validée,10,Expertisée,20,Bonne,7.38079998,48.059669735,QmnJ
A1580201,A158020101,1970-09-23,910.0,2026-06-02T09:33:34Z,16,Donnée validée,10,Expertisée,20,Bonne,7.38079998,48.059669735,QmnJ
A1580201,A158020101,1970-09-24,880.0,2026-06-02T09:33:34Z,16,Donnée validée,10,Expertisée,20,Bonne,7.38079998,48.059669735,QmnJ
A1580201,A158020101,1970-09-25,840.0,2026-06-02T09:33:34Z,16,Donnée validée,10,Expertisée,20,Bonne,7.38079998,48.059669735,QmnJ
A1580201,A158020101,1970-09-26,890.0,2026-06-02T09:33:34Z,16,Donnée validée,10,Expertisée,20,Bonne,7.38079998,48.059669735,QmnJ
A1580201,A158020101,1970-09-27,950.0,2026-06-02T09:33:34Z,16,Donnée validée,10,Expertisée,20,Bonne,7.38079998,48.059669735,QmnJ
A1580201,A158020101,1970-09-28,850.0,2026-06-02T09:33:34Z,16,Donnée validée,10,Expertisée,20,Bonne,7.38079998,48.059669735,QmnJ
A1580201,A158020101,1970-09-29,870.0,2026-06-02T09:33:34Z,16,Donnée validée,10,Expertisée,20,Bonne,7.38079998,48.059669735,QmnJ
A1580201,A158020101,1970-09-30,920.0,2026-06-02T09:33:34Z,16,Donnée validée,10,Expertisée,20,Bonne,7.38079998,48.059669735,QmnJ
A1580201,A158020101,1970-10-01,950.0,2026-06-02T09:33:34Z,16,Donnée validée,10,Expertisée,20,Bonne,7.38079998,48.059669735,QmnJ
A1580201,A158020101,1970-10-02,960.0,2026-06-02T09:33:34Z,16,Donnée validée,10,Expertisée,20,Bonne,7.38079998,48.059669735,QmnJ
A1580201,A158020101,1970-10-03,1460.0,2026-06-02T09:33:34Z,16,Donnée validée,10,Expertisée,20,Bonne,7.38079998,48.059669735,QmnJ
A1580201,A158020101,1970-10-04,1800.0,2026-06-02T09:33:34Z,16,Donnée validée,10,Expertisée,20,Bonne,7.38079998,48.059669735,QmnJ
A1580201,A158020101,1970-10-05,1610.0,2026-06-02T09:33:34Z,16,Donnée validée,10,Expertisée,20,Bonne,7.38079998,48.059669735,QmnJ
A1580201,A158020101,1970-10-06,1600.0,2026-06-02T09:33:34Z,16,Donnée validée,10,Expertisée,20,Bonne,7.38079998,48.059669735,QmnJ
A1580201,A158020101,1970-10-07,1520.0,2026-06-02T09:33:34Z,16,Donnée validée,10,Expertisée,20,Bonne,7.38079998,48.059669735,QmnJ
A1580201,A158020101,1970-10-08,1470.0,2026-06-02T09:33:34Z,16,Donnée validée,10,Expertisée,20,Bonne,7.38079998,48.059669735,QmnJ
A1580201,A158020101,1970-10-09,1470.0,2026-06-02T09:33:34Z,16,Donnée validée,10,Expertisée,20,Bonne,7.38079998,48.059669735,QmnJ
A1580201,A158020101,1970-10-10,1540.0,2026-06-02T09:33:34Z,16,Donnée validée,10,Expertisée,20,Bonne,7.38079998,48.059669735,QmnJ
A1580201,A158020101,1970-10-11,1480.0,2026-06-02T09:33:34Z,16,Donnée validée,10,Expertisée,20,Bonne,7.38079998,48.059669735,QmnJ
A1580201,A158020101,1970-10-12,1390.0,2026-06-02T09:33:34Z,16,Donnée validée,10,Expertisée,20,Bonne,7.38079998,48.059669735,QmnJ
A1580201,A158020101,1970-10-13,1310.0,2026-06-02T09:33:34Z,16,Donnée validée,10,Expertisée,20,Bonne,7.38079998,48.059669735,QmnJ
A1580201,A158020101,1970-10-14,1270.0,2026-06-02T09:33:34Z,16,Donnée validée,10,Expertisée,20,Bonne,7.38079998,48.059669735,QmnJ
A1580201,A158020101,1970-10-15,1230.0,2026-06-02T09:33:34Z,16,Donnée validée,10,Expertisée,20,Bonne,7.38079998,48.059669735,QmnJ
A1580201,A158020101,1970-10-16,1110.0,2026-06-02T09:33:34Z,16,Donnée validée,10,Expertisée,20,Bonne,7.38079998,48.059669735,QmnJ
A1580201,A158020101,1970-10-17,1140.0,2026-06-02T09:33:34Z,16,Donnée validée,10,Expertisée,20,Bonne,7.38079998,48.059669735,QmnJ
A1580201,A158020101,1970-10-18,1150.0,2026-06-02T09:33:34Z,16,Donnée validée,10,Expertisée,20,Bonne,7.38079998,48.059669735,QmnJ
A1580201,A158020101,1970-10-19,1060.0,2026-06-02T09:33:34Z,16,Donnée validée,10,Expertisée,20,Bonne,7.38079998,48.059669735,QmnJ
A1580201,A158020101,1970-10-20,1110.0,2026-06-02T09:33:34Z,16,Donnée validée,10,Expertisée,20,Bonne,7.38079998,48.059669735,QmnJ
A1580201,A158020101,1970-10-21,1310.0,2026-06-02T09:33:34Z,16,Donnée validée,10,Expertisée,20,Bonne,7.38079998,48.059669735,QmnJ
A1580201,A158020101,1970-10-22,1270.0,2026-06-02T09:33:34Z,16,Donnée validée,10,Expertisée,20,Bonne,7.38079998,48.059669735,QmnJ
A1580201,A158020101,1970-10-23,1230.0,2026-06-02T09:33:34Z,16,Donnée validée,10,Expertisée,20,Bonne,7.38079998,48.059669735,QmnJ
A1580201,A158020101,1970-10-24,1230.0,2026-06-02T09:33:34Z,16,Donnée validée,10,Expertisée,20,Bonne,7.38079998,48.059669735,QmnJ
A1580201,A158020101,1970-10-25,1260.0,2026-06-02T09:33:34Z,16,Donnée validée,10,Expertisée,20,Bonne,7.38079998,48.059669735,QmnJ
A1580201,A158020101,1970-10-26,1230.0,2026-06-02T09:33:34Z,16,Donnée validée,10,Expertisée,20,Bonne,7.38079998,48.059669735,QmnJ
A1580201,A158020101,1970-10-27,1180.0,2026-06-02T09:33:34Z,16,Donnée validée,10,Expertisée,20,Bonne,7.38079998,48.059669735,QmnJ
A1580201,A158020101,1970-10-28,1160.0,2026-06-02T09:33:34Z,16,Donnée validée,10,Expertisée,20,Bonne,7.38079998,48.059669735,QmnJ
A1580201,A158020101,1970-10-29,1150.0,2026-06-02T09:33:34Z,16,Donnée validée,10,Expertisée,20,Bonne,7.38079998,48.059669735,QmnJ
A1580201,A158020101,1970-10-30,1150.0,2026-06-02T09:33:34Z,16,Donnée validée,10,Expertisée,20,Bonne,7.38079998,48.059669735,QmnJ
A1580201,A158020101,1970-10-31,1070.0,2026-06-02T09:33:34Z,16,Donnée validée,10,Expertisée,20,Bonne,7.38079998,48.059669735,QmnJ
A1580201,A158020101,1970-11-01,1070.0,2026-06-02T09:33:34Z,16,Donnée validée,10,Expertisée,20,Bonne,7.38079998,48.059669735,QmnJ
A1580201,A158020101,1970-11-02,990.0,2026-06-02T09:33:34Z,16,Donnée validée,10,Expertisée,20,Bonne,7.38079998,48.059669735,QmnJ
A1580201,A158020101,1970-11-03,1020.0,2026-06-02T09:33:34Z,16,Donnée validée,10,Expertisée,20,Bonne,7.38079998,48.059669735,QmnJ
A1580201,A158020101,1970-11-04,920.0,2026-06-02T09:33:34Z,16,Donnée validée,10,Expertisée,20,Bonne,7.38079998,48.059669735,QmnJ
A1580201,A158020101,1970-11-05,840.0,2026-06-02T09:33:34Z,16,Donnée validée,10,Expertisée,20,Bonne,7.38079998,48.059669735,QmnJ
A1580201,A158020101,1970-11-06,850.0,2026-06-02T09:33:34Z,16,Donnée validée,10,Expertisée,20,Bonne,7.38079998,48.059669735,QmnJ
A1580201,A158020101,1970-11-07,810.0,2026-06-02T09:33:34Z,16,Donnée validée,10,Expertisée,20,Bonne,7.38079998,48.059669735,QmnJ
A1580201,A158020101,1970-11-08,980.0,2026-06-02T09:33:34Z,16,Donnée validée,10,Expertisée,20,Bonne,7.38079998,48.059669735,QmnJ
A1580201,A158020101,1970-11-09,980.0,2026-06-02T09:33:34Z,16,Donnée validée,10,Expertisée,20,Bonne,7.38079998,48.059669735,QmnJ
A1580201,A158020101,1970-11-10,970.0,2026-06-02T09:33:34Z,16,Donnée validée,10,Expertisée,20,Bonne,7.38079998,48.059669735,QmnJ
A1580201,A158020101,1970-11-11,1100.0,2026-06-02T09:33:34Z,16,Donnée validée,10,Expertisée,20,Bonne,7.38079998,48.059669735,QmnJ
A1580201,A158020101,1970-11-12,1040.0,2026-06-02T09:33:34Z,16,Donnée validée,10,Expertisée,20,Bonne,7.38079998,48.059669735,QmnJ
A1580201,A158020101,1970-11-13,950.0,2026-06-02T09:33:34Z,16,Donnée validée,10,Expertisée,20,Bonne,7.38079998,48.059669735,QmnJ
A1580201,A158020101,1970-11-14,1280.0,2026-06-02T09:33:34Z,16,Donnée validée,10,Expertisée,20,Bonne,7.38079998,48.059669735,QmnJ
A1580201,A158020101,1970-11-15,1480.0,2026-06-02T09:33:34Z,16,Donnée validée,10,Expertisée,20,Bonne,7.38079998,48.059669735,QmnJ
A1580201,A158020101,1970-11-16,1430.0,2026-06-02T09:33:34Z,16,Donnée validée,10,Expertisée,20,Bonne,7.38079998,48.059669735,QmnJ
A1580201,A158020101,1970-11-17,1460.0,2026-06-02T09:33:34Z,16,Donnée validée,10,Expertisée,20,Bonne,7.38079998,48.059669735,QmnJ
A1580201,A158020101,1970-11-18,1660.0,2026-06-02T09:33:34Z,16,Donnée validée,10,Expertisée,20,Bonne,7.38079998,48.059669735,QmnJ
A1580201,A158020101,1970-11-19,3080.0,2026-06-02T09:33:34Z,16,Donnée validée,10,Expertisée,20,Bonne,7.38079998,48.059669735,QmnJ
A1580201,A158020101,1970-11-20,3980.0,2026-06-02T09:33:34Z,16,Donnée validée,10,Expertisée,20,Bonne,7.38079998,48.059669735,QmnJ
A1580201,A158020101,1970-11-21,3540.0,2026-06-02T09:33:34Z,16,Donnée validée,10,Expertisée,20,Bonne,7.38079998,48.059669735,QmnJ
A1580201,A158020101,1970-11-22,3100.0,2026-06-02T09:33:34Z,16,Donnée validée,10,Expertisée,20,Bonne,7.38079998,48.059669735,QmnJ
A1580201,A158020101,1970-11-23,2670.0,2026-06-02T09:33:34Z,16,Donnée validée,10,Expertisée,20,Bonne,7.38079998,48.059669735,QmnJ
A1580201,A158020101,1970-11-24,2280.0,2026-06-02T09:33:34Z,16,Donnée validée,10,Expertisée,20,Bonne,7.38079998,48.059669735,QmnJ
A1580201,A158020101,1970-11-25,2200.0,2026-06-02T09:33:34Z,16,Donnée validée,10,Expertisée,20,Bonne,7.38079998,48.059669735,QmnJ
A1580201,A158020101,1970-11-26,1960.0,2026-06-02T09:33:34Z,16,Donnée validée,10,Expertisée,20,Bonne,7.38079998,48.059669735,QmnJ
A1580201,A158020101,1970-11-27,1870.0,2026-06-02T09:33:34Z,16,Donnée validée,10,Expertisée,20,Bonne,7.38079998,48.059669735,QmnJ
A1580201,A158020101,1970-11-28,1870.0,2026-06-02T09:33:34Z,16,Donnée validée,10,Expertisée,20,Bonne,7.38079998,48.059669735,QmnJ
A1580201,A158020101,1970-11-29,1800.0,2026-06-02T09:33:34Z,16,Donnée validée,10,Expertisée,20,Bonne,7.38079998,48.059669735,QmnJ
A1580201,A158020101,1970-11-30,2620.0,2026-06-02T09:33:34Z,16,Donnée validée,10,Expertisée,20,Bonne,7.38079998,48.059669735,QmnJ
A1580201,A158020101,1970-12-01,5250.0,2026-06-02T09:33:34Z,16,Donnée validée,10,Expertisée,20,Bonne,7.38079998,48.059669735,QmnJ
A1580201,A158020101,1970-12-02,5900.0,2026-06-02T09:33:34Z,16,Donnée validée,10,Expertisée,20,Bonne,7.38079998,48.059669735,QmnJ
A1580201,A158020101,1970-12-03,6200.0,2026-06-02T09:33:34Z,16,Donnée validée,10,Expertisée,20,Bonne,7.38079998,48.059669735,QmnJ
A1580201,A158020101,1970-12-04,6850.0,2026-06-02T09:33:34Z,16,Donnée validée,10,Expertisée,20,Bonne,7.38079998,48.059669735,QmnJ
A1580201,A158020101,1970-12-05,6700.0,2026-06-02T09:33:34Z,16,Donnée validée,10,Expertisée,20,Bonne,7.38079998,48.059669735,QmnJ
A1580201,A158020101,1970-12-06,6600.0,2026-06-02T09:33:34Z,16,Donnée validée,10,Expertisée,20,Bonne,7.38079998,48.059669735,QmnJ
A1580201,A158020101,1970-12-07,6050.0,2026-06-02T09:33:34Z,16,Donnée validée,10,Expertisée,20,Bonne,7.38079998,48.059669735,QmnJ
A1580201,A158020101,1970-12-08,5550.0,2026-06-02T09:33:34Z,16,Donnée validée,10,Expertisée,20,Bonne,7.38079998,48.059669735,QmnJ
A1580201,A158020101,1970-12-09,5200.0,2026-06-02T09:33:34Z,16,Donnée validée,10,Expertisée,20,Bonne,7.38079998,48.059669735,QmnJ
A1580201,A158020101,1970-12-10,4980.0,2026-06-02T09:33:34Z,16,Donnée validée,10,Expertisée,20,Bonne,7.38079998,48.059669735,QmnJ
A1580201,A158020101,1970-12-11,4770.0,2026-06-02T09:33:34Z,16,Donnée validée,10,Expertisée,20,Bonne,7.38079998,48.059669735,QmnJ
A1580201,A158020101,1970-12-12,4620.0,2026-06-02T09:33:34Z,16,Donnée validée,10,Expertisée,20,Bonne,7.38079998,48.059669735,QmnJ
A1580201,A158020101,1970-12-13,4560.0,2026-06-02T09:33:34Z,16,Donnée validée,10,Expertisée,20,Bonne,7.38079998,48.059669735,QmnJ
A1580201,A158020101,1970-12-14,4220.0,2026-06-02T09:33:34Z,16,Donnée validée,10,Expertisée,20,Bonne,7.38079998,48.059669735,QmnJ
A1580201,A158020101,1970-12-15,4020.0,2026-06-02T09:33:34Z,16,Donnée validée,10,Expertisée,20,Bonne,7.38079998,48.059669735,QmnJ
A1580201,A158020101,1970-12-16,3880.0,2026-06-02T09:33:34Z,16,Donnée validée,10,Expertisée,20,Bonne,7.38079998,48.059669735,QmnJ
A1580201,A158020101,1970-12-17,3710.0,2026-06-02T09:33:34Z,16,Donnée validée,10,Expertisée,20,Bonne,7.38079998,48.059669735,QmnJ
A1580201,A158020101,1970-12-18,3540.0,2026-06-02T09:33:34Z,16,Donnée validée,10,Expertisée,20,Bonne,7.38079998,48.059669735,QmnJ
A1580201,A158020101,1970-12-19,3480.0,2026-06-02T09:33:34Z,16,Donnée validée,10,Expertisée,20,Bonne,7.38079998,48.059669735,QmnJ
A1580201,A158020101,1970-12-20,3230.0,2026-06-02T09:33:34Z,16,Donnée validée,10,Expertisée,20,Bonne,7.38079998,48.059669735,QmnJ
A1580201,A158020101,1970-12-21,3140.0,2026-06-02T09:33:34Z,16,Donnée validée,10,Expertisée,20,Bonne,7.38079998,48.059669735,QmnJ
A1580201,A158020101,1970-12-22,3250.0,2026-06-02T09:33:34Z,16,Donnée validée,10,Expertisée,20,Bonne,7.38079998,48.059669735,QmnJ
A1580201,A158020101,1970-12-23,3310.0,2026-06-02T09:33:34Z,16,Donnée validée,10,Expertisée,20,Bonne,7.38079998,48.059669735,QmnJ
A1580201,A158020101,1970-12-24,3140.0,2026-06-02T09:33:34Z,16,Donnée validée,10,Expertisée,20,Bonne,7.38079998,48.059669735,QmnJ
A1580201,A158020101,1970-12-25,2940.0,2026-06-02T09:33:34Z,16,Donnée validée,10,Expertisée,20,Bonne,7.38079998,48.059669735,QmnJ
A1580201,A158020101,1970-12-26,2970.0,2026-06-02T09:33:34Z,16,Donnée validée,10,Expertisée,20,Bonne,7.38079998,48.059669735,QmnJ
A1580201,A158020101,1970-12-27,2830.0,2026-06-02T09:33:34Z,16,Donnée validée,10,Expertisée,20,Bonne,7.38079998,48.059669735,QmnJ
A1580201,A158020101,1970-12-28,2910.0,2026-06-02T09:33:34Z,16,Donnée validée,10,Expertisée,20,Bonne,7.38079998,48.059669735,QmnJ
A1580201,A158020101,1970-12-29,2800.0,2026-06-02T09:33:34Z,16,Donnée validée,10,Expertisée,20,Bonne,7.38079998,48.059669735,QmnJ
A1580201,A158020101,1970-12-30,2830.0,2026-06-02T09:33:34Z,16,Donnée validée,10,Expertisée,20,Bonne,7.38079998,48.059669735,QmnJ
A1580201,A158020101,1970-12-31,2970.0,2026-06-02T09:33:34Z,16,Donnée validée,10,Expertisée,20,Bonne,7.38079998,48.059669735,QmnJ
A1580201,A158020101,1971-01-01,1934.0,2026-06-02T09:33:34Z,16,Donnée validée,10,Expertisée,20,Bonne,7.38079998,48.059669735,QmnJ
A1580201,A158020101,1971-01-02,1634.0,2026-06-02T09:33:34Z,16,Donnée validée,10,Expertisée,20,Bonne,7.38079998,48.059669735,QmnJ
A1580201,A158020101,1971-01-03,1215.0,2026-06-02T09:33:34Z,16,Donnée validée,10,Expertisée,20,Bonne,7.38079998,48.059669735,QmnJ
A1580201,A158020101,1971-01-04,1400.0,2026-06-02T09:33:34Z,16,Donnée validée,10,Expertisée,20,Bonne,7.38079998,48.059669735,QmnJ
A1580201,A158020101,1971-01-05,1750.0,2026-06-02T09:33:34Z,16,Donnée validée,10,Expertisée,20,Bonne,7.38079998,48.059669735,QmnJ
A1580201,A158020101,1971-01-06,1600.0,2026-06-02T09:33:34Z,16,Donnée validée,10,Expertisée,20,Bonne,7.38079998,48.059669735,QmnJ
A1580201,A158020101,1971-01-07,1530.0,2026-06-02T09:33:34Z,16,Donnée validée,10,Expertisée,20,Bonne,7.38079998,48.059669735,QmnJ
A1580201,A158020101,1971-01-08,1414.0,2026-06-02T09:33:34Z,16,Donnée validée,10,Expertisée,20,Bonne,7.38079998,48.059669735,QmnJ
A1580201,A158020101,1971-01-09,1466.0,2026-06-02T09:33:34Z,16,Donnée validée,10,Expertisée,20,Bonne,7.38079998,48.059669735,QmnJ
A1580201,A158020101,1971-01-10,1527.0,2026-06-02T09:33:34Z,16,Donnée validée,10,Expertisée,20,Bonne,7.38079998,48.059669735,QmnJ
A1580201,A158020101,1971-01-11,1370.0,2026-06-02T09:33:34Z,16,Donnée validée,10,Expertisée,20,Bonne,7.38079998,48.059669735,QmnJ
A1580201,A158020101,1971-01-12,1360.0,2026-06-02T09:33:34Z,16,Donnée validée,10,Expertisée,20,Bonne,7.38079998,48.059669735,QmnJ
A1580201,A158020101,1971-01-13,1360.0,2026-06-02T09:33:34Z,16,Donnée validée,10,Expertisée,20,Bonne,7.38079998,48.059669735,QmnJ
A1580201,A158020101,1971-01-14,1463.0,2026-06-02T09:33:34Z,16,Donnée validée,10,Expertisée,20,Bonne,7.38079998,48.059669735,QmnJ
A1580201,A158020101,1971-01-15,1284.0,2026-06-02T09:33:34Z,16,Donnée validée,10,Expertisée,20,Bonne,7.38079998,48.059669735,QmnJ
A1580201,A158020101,1971-01-16,1198.0,2026-06-02T09:33:34Z,16,Donnée validée,10,Expertisée,20,Bonne,7.38079998,48.059669735,QmnJ
A1580201,A158020101,1971-01-17,1204.0,2026-06-02T09:33:34Z,16,Donnée validée,10,Expertisée,20,Bonne,7.38079998,48.059669735,QmnJ
A1580201,A158020101,1971-01-18,1178.0,2026-06-02T09:33:34Z,16,Donnée validée,10,Expertisée,20,Bonne,7.38079998,48.059669735,QmnJ
A1580201,A158020101,1971-01-19,1160.0,2026-06-02T09:33:34Z,16,Donnée validée,10,Expertisée,20,Bonne,7.38079998,48.059669735,QmnJ
A1580201,A158020101,1971-01-20,2039.0,2026-06-02T09:33:34Z,16,Donnée validée,10,Expertisée,20,Bonne,7.38079998,48.059669735,QmnJ
A1580201,A158020101,1971-01-21,1936.0,2026-06-02T09:33:34Z,16,Donnée validée,10,Expertisée,20,Bonne,7.38079998,48.059669735,QmnJ
A1580201,A158020101,1971-01-22,2006.0,2026-06-02T09:33:34Z,16,Donnée validée,10,Expertisée,20,Bonne,7.38079998,48.059669735,QmnJ
A1580201,A158020101,1971-01-23,2223.0,2026-06-02T09:33:34Z,16,Donnée validée,10,Expertisée,20,Bonne,7.38079998,48.059669735,QmnJ
A1580201,A158020101,1971-01-24,3618.0,2026-06-02T09:33:34Z,16,Donnée validée,10,Expertisée,20,Bonne,7.38079998,48.059669735,QmnJ
A1580201,A158020101,1971-01-25,6472.0,2026-06-02T09:33:34Z,16,Donnée validée,10,Expertisée,20,Bonne,7.38079998,48.059669735,QmnJ
A1580201,A158020101,1971-01-26,6391.0,2026-06-02T09:33:34Z,16,Donnée validée,10,Expertisée,20,Bonne,7.38079998,48.059669735,QmnJ
A1580201,A158020101,1971-01-27,8703.0,2026-06-02T09:33:34Z,16,Donnée validée,10,Expertisée,20,Bonne,7.38079998,48.059669735,QmnJ
A1580201,A158020101,1971-01-28,9334.0,2026-06-02T09:33:34Z,16,Donnée validée,10,Expertisée,20,Bonne,7.38079998,48.059669735,QmnJ
A1580201,A158020101,1971-01-29,7950.0,2026-06-02T09:33:34Z,16,Donnée validée,10,Expertisée,20,Bonne,7.38079998,48.059669735,QmnJ
A1580201,A158020101,1971-01-30,6400.0,2026-06-02T09:33:34Z,16,Donnée validée,10,Expertisée,20,Bonne,7.38079998,48.059669735,QmnJ
A1580201,A158020101,1971-01-31,5498.0,2026-06-02T09:33:34Z,16,Donnée validée,10,Expertisée,20,Bonne,7.38079998,48.059669735,QmnJ
A1580201,A158020101,1971-02-01,4533.0,2026-06-02T09:33:34Z,16,Donnée validée,10,Expertisée,20,Bonne,7.38079998,48.059669735,QmnJ
A1580201,A158020101,1971-02-02,3700.0,2026-06-02T09:33:34Z,16,Donnée validée,10,Expertisée,20,Bonne,7.38079998,48.059669735,QmnJ
A1580201,A158020101,1971-02-03,3259.0,2026-06-02T09:33:34Z,16,Donnée validée,10,Expertisée,20,Bonne,7.38079998,48.059669735,QmnJ
A1580201,A158020101,1971-02-04,2917.0,2026-06-02T09:33:34Z,16,Donnée validée,10,Expertisée,20,Bonne,7.38079998,48.059669735,QmnJ
A1580201,A158020101,1971-02-05,2754.0,2026-06-02T09:33:34Z,16,Donnée validée,10,Expertisée,20,Bonne,7.38079998,48.059669735,QmnJ
A1580201,A158020101,1971-02-06,2519.0,2026-06-02T09:33:34Z,16,Donnée validée,10,Expertisée,20,Bonne,7.38079998,48.059669735,QmnJ
A1580201,A158020101,1971-02-07,2410.0,2026-06-02T09:33:34Z,16,Donnée validée,10,Expertisée,20,Bonne,7.38079998,48.059669735,QmnJ
A1580201,A158020101,1971-02-08,2189.0,2026-06-02T09:33:34Z,16,Donnée validée,10,Expertisée,20,Bonne,7.38079998,48.059669735,QmnJ
A1580201,A158020101,1971-02-09,1957.0,2026-06-02T09:33:34Z,16,Donnée validée,10,Expertisée,20,Bonne,7.38079998,48.059669735,QmnJ
A1580201,A158020101,1971-02-10,1900.0,2026-06-02T09:33:34Z,16,Donnée validée,10,Expertisée,20,Bonne,7.38079998,48.059669735,QmnJ
A1580201,A158020101,1971-02-11,1683.0,2026-06-02T09:33:34Z,16,Donnée validée,10,Expertisée,20,Bonne,7.38079998,48.059669735,QmnJ
A1580201,A158020101,1971-02-12,1691.0,2026-06-02T09:33:34Z,16,Donnée validée,10,Expertisée,20,Bonne,7.38079998,48.059669735,QmnJ
A1580201,A158020101,1971-02-13,1544.0,2026-06-02T09:33:34Z,16,Donnée validée,10,Expertisée,20,Bonne,7.38079998,48.059669735,QmnJ
A1580201,A158020101,1971-02-14,1530.0,2026-06-02T09:33:34Z,16,Donnée validée,10,Expertisée,20,Bonne,7.38079998,48.059669735,QmnJ
A1580201,A158020101,1971-02-15,1530.0,2026-06-02T09:33:34Z,16,Donnée validée,10,Expertisée,20,Bonne,7.38079998,48.059669735,QmnJ
A1580201,A158020101,1971-02-16,1638.0,2026-06-02T09:33:34Z,16,Donnée validée,10,Expertisée,20,Bonne,7.38079998,48.059669735,QmnJ
A1580201,A158020101,1971-02-17,1618.0,2026-06-02T09:33:34Z,16,Donnée validée,10,Expertisée,20,Bonne,7.38079998,48.059669735,QmnJ
A1580201,A158020101,1971-02-18,1563.0,2026-06-02T09:33:34Z,16,Donnée validée,10,Expertisée,20,Bonne,7.38079998,48.059669735,QmnJ
A1580201,A158020101,1971-02-19,1892.0,2026-06-02T09:33:34Z,16,Donnée validée,10,Expertisée,20,Bonne,7.38079998,48.059669735,QmnJ
A1580201,A158020101,1971-02-20,1777.0,2026-06-02T09:33:34Z,16,Donnée validée,10,Expertisée,20,Bonne,7.38079998,48.059669735,QmnJ
A1580201,A158020101,1971-02-21,1707.0,2026-06-02T09:33:34Z,16,Donnée validée,10,Expertisée,20,Bonne,7.38079998,48.059669735,QmnJ
A1580201,A158020101,1971-02-22,1592.0,2026-06-02T09:33:34Z,16,Donnée validée,10,Expertisée,20,Bonne,7.38079998,48.059669735,QmnJ
A1580201,A158020101,1971-02-23,1622.0,2026-06-02T09:33:34Z,16,Donnée validée,10,Expertisée,20,Bonne,7.38079998,48.059669735,QmnJ
A1580201,A158020101,1971-02-24,1463.0,2026-06-02T09:33:34Z,16,Donnée validée,10,Expertisée,20,Bonne,7.38079998,48.059669735,QmnJ
A1580201,A158020101,1971-02-25,1360.0,2026-06-02T09:33:34Z,16,Donnée validée,10,Expertisée,20,Bonne,7.38079998,48.059669735,QmnJ
A1580201,A158020101,1971-02-26,1360.0,2026-06-02T09:33:34Z,16,Donnée validée,10,Expertisée,20,Bonne,7.38079998,48.059669735,QmnJ
A1580201,A158020101,1971-02-27,1360.0,2026-06-02T09:33:34Z,16,Donnée validée,10,Expertisée,20,Bonne,7.38079998,48.059669735,QmnJ
A1580201,A158020101,1971-02-28,1395.0,2026-06-02T09:33:34Z,16,Donnée validée,10,Expertisée,20,Bonne,7.38079998,48.059669735,QmnJ
A1580201,A158020101,1971-03-01,1216.0,2026-06-02T09:33:34Z,16,Donnée validée,10,Expertisée,20,Bonne,7.38079998,48.059669735,QmnJ
A1580201,A158020101,1971-03-02,1220.0,2026-06-02T09:33:34Z,16,Donnée validée,10,Expertisée,20,Bonne,7.38079998,48.059669735,QmnJ
A1580201,A158020101,1971-03-03,1200.0,2026-06-02T09:33:34Z,16,Donnée validée,10,Expertisée,20,Bonne,7.38079998,48.059669735,QmnJ
A1580201,A158020101,1971-03-04,1184.0,2026-06-02T09:33:34Z,16,Donnée validée,10,Expertisée,20,Bonne,7.38079998,48.059669735,QmnJ
A1580201,A158020101,1971-03-05,1018.0,2026-06-02T09:33:34Z,16,Donnée validée,10,Expertisée,20,Bonne,7.38079998,48.059669735,QmnJ
A1580201,A158020101,1971-03-06,1069.0,2026-06-02T09:33:34Z,16,Donnée validée,10,Expertisée,20,Bonne,7.38079998,48.059669735,QmnJ
A1580201,A158020101,1971-03-07,1050.0,2026-06-02T09:33:34Z,16,Donnée validée,10,Expertisée,20,Bonne,7.38079998,48.059669735,QmnJ
A1580201,A158020101,1971-03-08,1121.0,2026-06-02T09:33:34Z,16,Donnée validée,10,Expertisée,20,Bonne,7.38079998,48.059669735,QmnJ
A1580201,A158020101,1971-03-09,1388.0,2026-06-02T09:33:34Z,16,Donnée validée,10,Expertisée,20,Bonne,7.38079998,48.059669735,QmnJ
A1580201,A158020101,1971-03-10,1321.0,2026-06-02T09:33:34Z,16,Donnée validée,10,Expertisée,20,Bonne,7.38079998,48.059669735,QmnJ
A1580201,A158020101,1971-03-11,1202.0,2026-06-02T09:33:34Z,16,Donnée validée,10,Expertisée,20,Bonne,7.38079998,48.059669735,QmnJ
A1580201,A158020101,1971-03-12,1200.0,2026-06-02T09:33:34Z,16,Donnée validée,10,Expertisée,20,Bonne,7.38079998,48.059669735,QmnJ
A1580201,A158020101,1971-03-13,1157.0,2026-06-02T09:33:34Z,16,Donnée validée,10,Expertisée,20,Bonne,7.38079998,48.059669735,QmnJ
A1580201,A158020101,1971-03-14,1132.0,2026-06-02T09:33:34Z,16,Donnée validée,10,Expertisée,20,Bonne,7.38079998,48.059669735,QmnJ
A1580201,A158020101,1971-03-15,1171.0,2026-06-02T09:33:34Z,16,Donnée validée,10,Expertisée,20,Bonne,7.38079998,48.059669735,QmnJ
A1580201,A158020101,1971-03-16,1208.0,2026-06-02T09:33:34Z,16,Donnée validée,10,Expertisée,20,Bonne,7.38079998,48.059669735,QmnJ
A1580201,A158020101,1971-03-17,1102.0,2026-06-02T09:33:34Z,16,Donnée validée,10,Expertisée,20,Bonne,7.38079998,48.059669735,QmnJ
A1580201,A158020101,1971-03-18,1082.0,2026-06-02T09:33:34Z,16,Donnée validée,10,Expertisée,20,Bonne,7.38079998,48.059669735,QmnJ
A1580201,A158020101,1971-03-19,2120.0,2026-06-02T09:33:34Z,16,Donnée validée,10,Expertisée,20,Bonne,7.38079998,48.059669735,QmnJ
A1580201,A158020101,1971-03-20,2168.0,2026-06-02T09:33:34Z,16,Donnée validée,10,Expertisée,20,Bonne,7.38079998,48.059669735,QmnJ
A1580201,A158020101,1971-03-21,1919.0,2026-06-02T09:33:34Z,16,Donnée validée,10,Expertisée,20,Bonne,7.38079998,48.059669735,QmnJ
A1580201,A158020101,1971-03-22,1797.0,2026-06-02T09:33:34Z,16,Donnée validée,10,Expertisée,20,Bonne,7.38079998,48.059669735,QmnJ
A1580201,A158020101,1971-03-23,4052.0,2026-06-02T09:33:34Z,16,Donnée validée,10,Expertisée,20,Bonne,7.38079998,48.059669735,QmnJ
A1580201,A158020101,1971-03-24,4125.0,2026-06-02T09:33:34Z,16,Donnée validée,10,Expertisée,20,Bonne,7.38079998,48.059669735,QmnJ
A1580201,A158020101,1971-03-25,3552.0,2026-06-02T09:33:34Z,16,Donnée validée,10,Expertisée,20,Bonne,7.38079998,48.059669735,QmnJ
A1580201,A158020101,1971-03-26,3581.0,2026-06-02T09:33:34Z,16,Donnée validée,10,Expertisée,20,Bonne,7.38079998,48.059669735,QmnJ
A1580201,A158020101,1971-03-27,3546.0,2026-06-02T09:33:34Z,16,Donnée validée,10,Expertisée,20,Bonne,7.38079998,48.059669735,QmnJ
A1580201,A158020101,1971-03-28,3402.0,2026-06-02T09:33:34Z,16,Donnée validée,10,Expertisée,20,Bonne,7.38079998,48.059669735,QmnJ
A1580201,A158020101,1971-03-29,2879.0,2026-06-02T09:33:34Z,16,Donnée validée,10,Expertisée,20,Bonne,7.38079998,48.059669735,QmnJ
A1580201,A158020101,1971-03-30,2957.0,2026-06-02T09:33:34Z,16,Donnée validée,10,Expertisée,20,Bonne,7.38079998,48.059669735,QmnJ
A1580201,A158020101,1971-03-31,2743.0,2026-06-02T09:33:34Z,16,Donnée validée,10,Expertisée,20,Bonne,7.38079998,48.059669735,QmnJ
A1580201,A158020101,1971-04-01,2428.0,2026-06-02T09:33:34Z,16,Donnée validée,10,Expertisée,20,Bonne,7.38079998,48.059669735,QmnJ
A1580201,A158020101,1971-04-02,2211.0,2026-06-02T09:33:34Z,16,Donnée validée,10,Expertisée,20,Bonne,7.38079998,48.059669735,QmnJ
A1580201,A158020101,1971-04-03,2059.0,2026-06-02T09:33:34Z,16,Donnée validée,10,Expertisée,20,Bonne,7.38079998,48.059669735,QmnJ
A1580201,A158020101,1971-04-04,1899.0,2026-06-02T09:33:34Z,16,Donnée validée,10,Expertisée,20,Bonne,7.38079998,48.059669735,QmnJ
A1580201,A158020101,1971-04-05,1694.0,2026-06-02T09:33:34Z,16,Donnée validée,10,Expertisée,20,Bonne,7.38079998,48.059669735,QmnJ
A1580201,A158020101,1971-04-06,2123.0,2026-06-02T09:33:34Z,16,Donnée validée,10,Expertisée,20,Bonne,7.38079998,48.059669735,QmnJ
A1580201,A158020101,1971-04-07,2015.0,2026-06-02T09:33:34Z,16,Donnée validée,10,Expertisée,20,Bonne,7.38079998,48.059669735,QmnJ
A1580201,A158020101,1971-04-08,2037.0,2026-06-02T09:33:34Z,16,Donnée validée,10,Expertisée,20,Bonne,7.38079998,48.059669735,QmnJ
A1580201,A158020101,1971-04-09,2098.0,2026-06-02T09:33:34Z,16,Donnée validée,10,Expertisée,20,Bonne,7.38079998,48.059669735,QmnJ
A1580201,A158020101,1971-04-10,2089.0,2026-06-02T09:33:34Z,16,Donnée validée,10,Expertisée,20,Bonne,7.38079998,48.059669735,QmnJ
A1580201,A158020101,1971-04-11,1974.0,2026-06-02T09:33:34Z,16,Donnée validée,10,Expertisée,20,Bonne,7.38079998,48.059669735,QmnJ
A1580201,A158020101,1971-04-12,1839.0,2026-06-02T09:33:34Z,16,Donnée validée,10,Expertisée,20,Bonne,7.38079998,48.059669735,QmnJ
A1580201,A158020101,1971-04-13,2137.0,2026-06-02T09:33:34Z,16,Donnée validée,10,Expertisée,20,Bonne,7.38079998,48.059669735,QmnJ
A1580201,A158020101,1971-04-14,2047.0,2026-06-02T09:33:34Z,16,Donnée validée,10,Expertisée,20,Bonne,7.38079998,48.059669735,QmnJ
A1580201,A158020101,1971-04-15,1822.0,2026-06-02T09:33:34Z,16,Donnée validée,10,Expertisée,20,Bonne,7.38079998,48.059669735,QmnJ
A1580201,A158020101,1971-04-16,1602.0,2026-06-02T09:33:34Z,16,Donnée validée,10,Expertisée,20,Bonne,7.38079998,48.059669735,QmnJ
A1580201,A158020101,1971-04-17,1246.0,2026-06-02T09:33:34Z,16,Donnée validée,10,Expertisée,20,Bonne,7.38079998,48.059669735,QmnJ
A1580201,A158020101,1971-04-18,1346.0,2026-06-02T09:33:34Z,16,Donnée validée,10,Expertisée,20,Bonne,7.38079998,48.059669735,QmnJ
A1580201,A158020101,1971-04-19,991.0,2026-06-02T09:33:34Z,16,Donnée validée,10,Expertisée,20,Bonne,7.38079998,48.059669735,QmnJ
A1580201,A158020101,1971-04-20,828.0,2026-06-02T09:33:34Z,16,Donnée validée,10,Expertisée,20,Bonne,7.38079998,48.059669735,QmnJ
A1580201,A158020101,1971-04-21,754.0,2026-06-02T09:33:34Z,16,Donnée validée,10,Expertisée,20,Bonne,7.38079998,48.059669735,QmnJ
A1580201,A158020101,1971-04-22,856.0,2026-06-02T09:33:34Z,16,Donnée validée,10,Expertisée,20,Bonne,7.38079998,48.059669735,QmnJ
A1580201,A158020101,1971-04-23,712.0,2026-06-02T09:33:34Z,16,Donnée validée,10,Expertisée,20,Bonne,7.38079998,48.059669735,QmnJ
A1580201,A158020101,1971-04-24,625.0,2026-06-02T09:33:34Z,16,Donnée validée,10,Expertisée,20,Bonne,7.38079998,48.059669735,QmnJ
A1580201,A158020101,1971-04-25,672.0,2026-06-02T09:33:34Z,16,Donnée validée,10,Expertisée,20,Bonne,7.38079998,48.059669735,QmnJ
A1580201,A158020101,1971-04-26,722.0,2026-06-02T09:33:34Z,16,Donnée validée,10,Expertisée,20,Bonne,7.38079998,48.059669735,QmnJ
A1580201,A158020101,1971-04-27,703.0,2026-06-02T09:33:34Z,16,Donnée validée,10,Expertisée,20,Bonne,7.38079998,48.059669735,QmnJ
A1580201,A158020101,1971-04-28,768.0,2026-06-02T09:33:34Z,16,Donnée validée,10,Expertisée,20,Bonne,7.38079998,48.059669735,QmnJ
A1580201,A158020101,1971-04-29,762.0,2026-06-02T09:33:34Z,16,Donnée validée,10,Expertisée,20,Bonne,7.38079998,48.059669735,QmnJ
A1580201,A158020101,1971-04-30,611.0,2026-06-02T09:33:34Z,16,Donnée validée,10,Expertisée,20,Bonne,7.38079998,48.059669735,QmnJ
A1580201,A158020101,1971-05-01,377.0,2026-06-02T09:33:34Z,16,Donnée validée,10,Expertisée,20,Bonne,7.38079998,48.059669735,QmnJ
A1580201,A158020101,1971-05-02,370.0,2026-06-02T09:33:34Z,16,Donnée validée,10,Expertisée,20,Bonne,7.38079998,48.059669735,QmnJ
A1580201,A158020101,1971-05-03,447.0,2026-06-02T09:33:34Z,16,Donnée validée,10,Expertisée,20,Bonne,7.38079998,48.059669735,QmnJ
A1580201,A158020101,1971-05-04,532.0,2026-06-02T09:33:34Z,16,Donnée validée,10,Expertisée,20,Bonne,7.38079998,48.059669735,QmnJ
A1580201,A158020101,1971-05-05,530.0,2026-06-02T09:33:34Z,16,Donnée validée,10,Expertisée,20,Bonne,7.38079998,48.059669735,QmnJ
A1580201,A158020101,1971-05-06,370.0,2026-06-02T09:33:34Z,16,Donnée validée,10,Expertisée,20,Bonne,7.38079998,48.059669735,QmnJ
A1580201,A158020101,1971-05-07,334.0,2026-06-02T09:33:34Z,16,Donnée validée,10,Expertisée,20,Bonne,7.38079998,48.059669735,QmnJ
A1580201,A158020101,1971-05-08,245.0,2026-06-02T09:33:34Z,16,Donnée validée,10,Expertisée,20,Bonne,7.38079998,48.059669735,QmnJ
A1580201,A158020101,1971-05-09,240.0,2026-06-02T09:33:34Z,16,Donnée validée,10,Expertisée,20,Bonne,7.38079998,48.059669735,QmnJ
A1580201,A158020101,1971-05-10,187.0,2026-06-02T09:33:34Z,16,Donnée validée,10,Expertisée,20,Bonne,7.38079998,48.059669735,QmnJ
A1580201,A158020101,1971-05-11,150.0,2026-06-02T09:33:34Z,16,Donnée validée,10,Expertisée,20,Bonne,7.38079998,48.059669735,QmnJ
A1580201,A158020101,1971-05-12,150.0,2026-06-02T09:33:34Z,16,Donnée validée,10,Expertisée,20,Bonne,7.38079998,48.059669735,QmnJ
A1580201,A158020101,1971-05-13,150.0,2026-06-02T09:33:34Z,16,Donnée validée,10,Expertisée,20,Bonne,7.38079998,48.059669735,QmnJ
A1580201,A158020101,1971-05-14,258.0,2026-06-02T09:33:34Z,16,Donnée validée,10,Expertisée,20,Bonne,7.38079998,48.059669735,QmnJ
A1580201,A158020101,1971-05-15,151.0,2026-06-02T09:33:34Z,16,Donnée validée,10,Expertisée,20,Bonne,7.38079998,48.059669735,QmnJ
A1580201,A158020101,1971-05-16,150.0,2026-06-02T09:33:34Z,16,Donnée validée,10,Expertisée,20,Bonne,7.38079998,48.059669735,QmnJ
A1580201,A158020101,1971-05-17,150.0,2026-06-02T09:33:34Z,16,Donnée validée,10,Expertisée,20,Bonne,7.38079998,48.059669735,QmnJ
A1580201,A158020101,1971-05-18,150.0,2026-06-02T09:33:34Z,16,Donnée validée,10,Expertisée,20,Bonne,7.38079998,48.059669735,QmnJ
A1580201,A158020101,1971-05-19,120.0,2026-06-02T09:33:34Z,16,Donnée validée,10,Expertisée,20,Bonne,7.38079998,48.059669735,QmnJ
A1580201,A158020101,1971-05-20,136.0,2026-06-02T09:33:34Z,16,Donnée validée,10,Expertisée,20,Bonne,7.38079998,48.059669735,QmnJ
A1580201,A158020101,1971-05-21,114.0,2026-06-02T09:33:34Z,16,Donnée validée,10,Expertisée,20,Bonne,7.38079998,48.059669735,QmnJ
A1580201,A158020101,1971-05-22,201.0,2026-06-02T09:33:34Z,16,Donnée validée,10,Expertisée,20,Bonne,7.38079998,48.059669735,QmnJ
A1580201,A158020101,1971-05-23,176.0,2026-06-02T09:33:34Z,16,Donnée validée,10,Expertisée,20,Bonne,7.38079998,48.059669735,QmnJ
A1580201,A158020101,1971-05-24,367.0,2026-06-02T09:33:34Z,16,Donnée validée,10,Expertisée,20,Bonne,7.38079998,48.059669735,QmnJ
A1580201,A158020101,1971-05-25,620.0,2026-06-02T09:33:34Z,16,Donnée validée,10,Expertisée,20,Bonne,7.38079998,48.059669735,QmnJ
A1580201,A158020101,1971-05-26,709.0,2026-06-02T09:33:34Z,16,Donnée validée,10,Expertisée,20,Bonne,7.38079998,48.059669735,QmnJ
A1580201,A158020101,1971-05-27,730.0,2026-06-02T09:33:34Z,16,Donnée validée,10,Expertisée,20,Bonne,7.38079998,48.059669735,QmnJ
A1580201,A158020101,1971-05-28,701.0,2026-06-02T09:33:34Z,16,Donnée validée,10,Expertisée,20,Bonne,7.38079998,48.059669735,QmnJ
A1580201,A158020101,1971-05-29,659.0,2026-06-02T09:33:34Z,16,Donnée validée,10,Expertisée,20,Bonne,7.38079998,48.059669735,QmnJ
A1580201,A158020101,1971-05-30,559.0,2026-06-02T09:33:34Z,16,Donnée validée,10,Expertisée,20,Bonne,7.38079998,48.059669735,QmnJ
A1580201,A158020101,1971-05-31,390.0,2026-06-02T09:33:34Z,16,Donnée validée,10,Expertisée,20,Bonne,7.38079998,48.059669735,QmnJ
A1580201,A158020101,1971-06-01,458.0,2026-06-02T09:33:34Z,16,Donnée validée,10,Expertisée,20,Bonne,7.38079998,48.059669735,QmnJ
A1580201,A158020101,1971-06-02,529.0,2026-06-02T09:33:34Z,16,Donnée validée,10,Expertisée,20,Bonne,7.38079998,48.059669735,QmnJ
A1580201,A158020101,1971-06-03,504.0,2026-06-02T09:33:34Z,16,Donnée validée,10,Expertisée,20,Bonne,7.38079998,48.059669735,QmnJ
A1580201,A158020101,1971-06-04,525.0,2026-06-02T09:33:34Z,16,Donnée validée,10,Expertisée,20,Bonne,7.38079998,48.059669735,QmnJ
A1580201,A158020101,1971-06-05,513.0,2026-06-02T09:33:34Z,16,Donnée validée,10,Expertisée,20,Bonne,7.38079998,48.059669735,QmnJ
A1580201,A158020101,1971-06-06,583.0,2026-06-02T09:33:34Z,16,Donnée validée,10,Expertisée,20,Bonne,7.38079998,48.059669735,QmnJ
A1580201,A158020101,1971-06-07,1292.0,2026-06-02T09:33:34Z,16,Donnée validée,10,Expertisée,20,Bonne,7.38079998,48.059669735,QmnJ
A1580201,A158020101,1971-06-08,1123.0,2026-06-02T09:33:34Z,16,Donnée validée,10,Expertisée,20,Bonne,7.38079998,48.059669735,QmnJ
A1580201,A158020101,1971-06-09,801.0,2026-06-02T09:33:34Z,16,Donnée validée,10,Expertisée,20,Bonne,7.38079998,48.059669735,QmnJ
A1580201,A158020101,1971-06-10,689.0,2026-06-02T09:33:34Z,16,Donnée validée,10,Expertisée,20,Bonne,7.38079998,48.059669735,QmnJ
A1580201,A158020101,1971-06-11,654.0,2026-06-02T09:33:34Z,16,Donnée validée,10,Expertisée,20,Bonne,7.38079998,48.059669735,QmnJ
A1580201,A158020101,1971-06-12,679.0,2026-06-02T09:33:34Z,16,Donnée validée,10,Expertisée,20,Bonne,7.38079998,48.059669735,QmnJ
A1580201,A158020101,1971-06-13,631.0,2026-06-02T09:33:34Z,16,Donnée validée,10,Expertisée,20,Bonne,7.38079998,48.059669735,QmnJ
A1580201,A158020101,1971-06-14,433.0,2026-06-02T09:33:34Z,16,Donnée validée,10,Expertisée,20,Bonne,7.38079998,48.059669735,QmnJ
A1580201,A158020101,1971-06-15,572.0,2026-06-02T09:33:34Z,16,Donnée validée,10,Expertisée,20,Bonne,7.38079998,48.059669735,QmnJ
A1580201,A158020101,1971-06-16,554.0,2026-06-02T09:33:34Z,16,Donnée validée,10,Expertisée,20,Bonne,7.38079998,48.059669735,QmnJ
A1580201,A158020101,1971-06-17,530.0,2026-06-02T09:33:34Z,16,Donnée validée,10,Expertisée,20,Bonne,7.38079998,48.059669735,QmnJ
A1580201,A158020101,1971-06-18,500.0,2026-06-02T09:33:34Z,16,Donnée validée,10,Expertisée,20,Bonne,7.38079998,48.059669735,QmnJ
A1580201,A158020101,1971-06-19,631.0,2026-06-02T09:33:34Z,16,Donnée validée,10,Expertisée,20,Bonne,7.38079998,48.059669735,QmnJ
A1580201,A158020101,1971-06-20,1458.0,2026-06-02T09:33:34Z,16,Donnée validée,10,Expertisée,20,Bonne,7.38079998,48.059669735,QmnJ
A1580201,A158020101,1971-06-21,1322.0,2026-06-02T09:33:34Z,16,Donnée validée,10,Expertisée,20,Bonne,7.38079998,48.059669735,QmnJ
A1580201,A158020101,1971-06-22,1166.0,2026-06-02T09:33:34Z,16,Donnée validée,10,Expertisée,20,Bonne,7.38079998,48.059669735,QmnJ
A1580201,A158020101,1971-06-23,1060.0,2026-06-02T09:33:34Z,16,Donnée validée,10,Expertisée,20,Bonne,7.38079998,48.059669735,QmnJ
A1580201,A158020101,1971-06-24,903.0,2026-06-02T09:33:34Z,16,Donnée validée,10,Expertisée,20,Bonne,7.38079998,48.059669735,QmnJ
A1580201,A158020101,1971-06-25,816.0,2026-06-02T09:33:34Z,16,Donnée validée,10,Expertisée,20,Bonne,7.38079998,48.059669735,QmnJ
A1580201,A158020101,1971-06-26,1303.0,2026-06-02T09:33:34Z,16,Donnée validée,10,Expertisée,20,Bonne,7.38079998,48.059669735,QmnJ
A1580201,A158020101,1971-06-27,710.0,2026-06-02T09:33:34Z,16,Donnée validée,10,Expertisée,20,Bonne,7.38079998,48.059669735,QmnJ
A1580201,A158020101,1971-06-28,738.0,2026-06-02T09:33:34Z,16,Donnée validée,10,Expertisée,20,Bonne,7.38079998,48.059669735,QmnJ
A1580201,A158020101,1971-06-29,860.0,2026-06-02T09:33:34Z,16,Donnée validée,10,Expertisée,20,Bonne,7.38079998,48.059669735,QmnJ
A1580201,A158020101,1971-06-30,788.0,2026-06-02T09:33:34Z,16,Donnée validée,10,Expertisée,20,Bonne,7.38079998,48.059669735,QmnJ
A1580201,A158020101,1971-07-01,892.0,2026-06-02T09:33:34Z,16,Donnée validée,10,Expertisée,20,Bonne,7.38079998,48.059669735,QmnJ
A1580201,A158020101,1971-07-02,895.0,2026-06-02T09:33:34Z,16,Donnée validée,10,Expertisée,20,Bonne,7.38079998,48.059669735,QmnJ
A1580201,A158020101,1971-07-03,394.0,2026-06-02T09:33:34Z,16,Donnée validée,10,Expertisée,20,Bonne,7.38079998,48.059669735,QmnJ
A1580201,A158020101,1971-07-04,184.0,2026-06-02T09:33:34Z,16,Donnée validée,10,Expertisée,20,Bonne,7.38079998,48.059669735,QmnJ
A1580201,A158020101,1971-07-05,113.0,2026-06-02T09:33:34Z,16,Donnée validée,10,Expertisée,20,Bonne,7.38079998,48.059669735,QmnJ
A1580201,A158020101,1971-07-06,275.0,2026-06-02T09:33:34Z,16,Donnée validée,10,Expertisée,20,Bonne,7.38079998,48.059669735,QmnJ
A1580201,A158020101,1971-07-07,289.0,2026-06-02T09:33:34Z,16,Donnée validée,10,Expertisée,20,Bonne,7.38079998,48.059669735,QmnJ
A1580201,A158020101,1971-07-08,96.0,2026-06-02T09:33:34Z,16,Donnée validée,10,Expertisée,20,Bonne,7.38079998,48.059669735,QmnJ
A1580201,A158020101,1971-07-09,66.0,2026-06-02T09:33:34Z,16,Donnée validée,10,Expertisée,20,Bonne,7.38079998,48.059669735,QmnJ
A1580201,A158020101,1971-07-10,34.0,2026-06-02T09:33:34Z,16,Donnée validée,10,Expertisée,20,Bonne,7.38079998,48.059669735,QmnJ
A1580201,A158020101,1971-07-11,20.0,2026-06-02T09:33:34Z,16,Donnée validée,10,Expertisée,20,Bonne,7.38079998,48.059669735,QmnJ
A1580201,A158020101,1971-07-12,10.0,2026-06-02T09:33:34Z,16,Donnée validée,10,Expertisée,20,Bonne,7.38079998,48.059669735,QmnJ
A1580201,A158020101,1971-07-13,455.0,2026-06-02T09:33:34Z,16,Donnée validée,10,Expertisée,20,Bonne,7.38079998,48.059669735,QmnJ
A1580201,A158020101,1971-07-14,345.0,2026-06-02T09:33:34Z,16,Donnée validée,10,Expertisée,20,Bonne,7.38079998,48.059669735,QmnJ
A1580201,A158020101,1971-07-15,124.0,2026-06-02T09:33:34Z,16,Donnée validée,10,Expertisée,20,Bonne,7.38079998,48.059669735,QmnJ
A1580201,A158020101,1971-07-16,66.0,2026-06-02T09:33:34Z,16,Donnée validée,10,Expertisée,20,Bonne,7.38079998,48.059669735,QmnJ
A1580201,A158020101,1971-07-17,74.0,2026-06-02T09:33:34Z,16,Donnée validée,10,Expertisée,20,Bonne,7.38079998,48.059669735,QmnJ
A1580201,A158020101,1971-07-18,80.0,2026-06-02T09:33:34Z,16,Donnée validée,10,Expertisée,20,Bonne,7.38079998,48.059669735,QmnJ
A1580201,A158020101,1971-07-19,88.0,2026-06-02T09:33:34Z,16,Donnée validée,10,Expertisée,20,Bonne,7.38079998,48.059669735,QmnJ
A1580201,A158020101,1971-07-20,119.0,2026-06-02T09:33:34Z,16,Donnée validée,10,Expertisée,20,Bonne,7.38079998,48.059669735,QmnJ
A1580201,A158020101,1971-07-21,56.0,2026-06-02T09:33:34Z,16,Donnée validée,10,Expertisée,20,Bonne,7.38079998,48.059669735,QmnJ
A1580201,A158020101,1971-07-22,20.0,2026-06-02T09:33:34Z,16,Donnée validée,10,Expertisée,20,Bonne,7.38079998,48.059669735,QmnJ
A1580201,A158020101,1971-07-23,55.0,2026-06-02T09:33:34Z,16,Donnée validée,10,Expertisée,20,Bonne,7.38079998,48.059669735,QmnJ
A1580201,A158020101,1971-07-24,65.0,2026-06-02T09:33:34Z,16,Donnée validée,10,Expertisée,20,Bonne,7.38079998,48.059669735,QmnJ
A1580201,A158020101,1971-07-25,55.0,2026-06-02T09:33:34Z,16,Donnée validée,10,Expertisée,20,Bonne,7.38079998,48.059669735,QmnJ
A1580201,A158020101,1971-07-26,15.0,2026-06-02T09:33:34Z,16,Donnée validée,10,Expertisée,20,Bonne,7.38079998,48.059669735,QmnJ
A1580201,A158020101,1971-07-27,6.0,2026-06-02T09:33:34Z,16,Donnée validée,10,Expertisée,20,Bonne,7.38079998,48.059669735,QmnJ
A1580201,A158020101,1971-07-28,15.0,2026-06-02T09:33:34Z,16,Donnée validée,10,Expertisée,20,Bonne,7.38079998,48.059669735,QmnJ
A1580201,A158020101,1971-07-29,49.0,2026-06-02T09:33:34Z,16,Donnée validée,10,Expertisée,20,Bonne,7.38079998,48.059669735,QmnJ
A1580201,A158020101,1971-07-30,73.0,2026-06-02T09:33:34Z,16,Donnée validée,10,Expertisée,20,Bonne,7.38079998,48.059669735,QmnJ
A1580201,A158020101,1971-07-31,48.0,2026-06-02T09:33:34Z,16,Donnée validée,10,Expertisée,20,Bonne,7.38079998,48.059669735,QmnJ
A1580201,A158020101,1971-08-01,71.0,2026-06-02T09:33:34Z,16,Donnée validée,10,Expertisée,20,Bonne,7.38079998,48.059669735,QmnJ
A1580201,A158020101,1971-08-02,65.0,2026-06-02T09:33:34Z,16,Donnée validée,10,Expertisée,20,Bonne,7.38079998,48.059669735,QmnJ
A1580201,A158020101,1971-08-03,39.0,2026-06-02T09:33:34Z,16,Donnée validée,10,Expertisée,20,Bonne,7.38079998,48.059669735,QmnJ
A1580201,A158020101,1971-08-04,72.0,2026-06-02T09:33:34Z,16,Donnée validée,10,Expertisée,20,Bonne,7.38079998,48.059669735,QmnJ
A1580201,A158020101,1971-08-05,58.0,2026-06-02T09:33:34Z,16,Donnée validée,10,Expertisée,20,Bonne,7.38079998,48.059669735,QmnJ
A1580201,A158020101,1971-08-06,53.0,2026-06-02T09:33:34Z,16,Donnée validée,10,Expertisée,20,Bonne,7.38079998,48.059669735,QmnJ
A1580201,A158020101,1971-08-07,50.0,2026-06-02T09:33:34Z,16,Donnée validée,10,Expertisée,20,Bonne,7.38079998,48.059669735,QmnJ
A1580201,A158020101,1971-08-08,50.0,2026-06-02T09:33:34Z,16,Donnée validée,10,Expertisée,20,Bonne,7.38079998,48.059669735,QmnJ
A1580201,A158020101,1971-08-09,50.0,2026-06-02T09:33:34Z,16,Donnée validée,10,Expertisée,20,Bonne,7.38079998,48.059669735,QmnJ
A1580201,A158020101,1971-08-10,50.0,2026-06-02T09:33:34Z,16,Donnée validée,10,Expertisée,20,Bonne,7.38079998,48.059669735,QmnJ
A1580201,A158020101,1971-08-11,50.0,2026-06-02T09:33:34Z,16,Donnée validée,10,Expertisée,20,Bonne,7.38079998,48.059669735,QmnJ
A1580201,A158020101,1971-08-12,57.0,2026-06-02T09:33:34Z,16,Donnée validée,10,Expertisée,20,Bonne,7.38079998,48.059669735,QmnJ
A1580201,A158020101,1971-08-13,149.0,2026-06-02T09:33:34Z,16,Donnée validée,10,Expertisée,20,Bonne,7.38079998,48.059669735,QmnJ
A1580201,A158020101,1971-08-14,76.0,2026-06-02T09:33:34Z,16,Donnée validée,10,Expertisée,20,Bonne,7.38079998,48.059669735,QmnJ
A1580201,A158020101,1971-08-15,101.0,2026-06-02T09:33:34Z,16,Donnée validée,10,Expertisée,20,Bonne,7.38079998,48.059669735,QmnJ
A1580201,A158020101,1971-08-16,80.0,2026-06-02T09:33:34Z,16,Donnée validée,10,Expertisée,20,Bonne,7.38079998,48.059669735,QmnJ
A1580201,A158020101,1971-08-17,98.0,2026-06-02T09:33:34Z,16,Donnée validée,10,Expertisée,20,Bonne,7.38079998,48.059669735,QmnJ
A1580201,A158020101,1971-08-18,142.0,2026-06-02T09:33:34Z,16,Donnée validée,10,Expertisée,20,Bonne,7.38079998,48.059669735,QmnJ
A1580201,A158020101,1971-08-19,128.0,2026-06-02T09:33:34Z,16,Donnée validée,10,Expertisée,20,Bonne,7.38079998,48.059669735,QmnJ
A1580201,A158020101,1971-08-20,147.0,2026-06-02T09:33:34Z,16,Donnée validée,10,Expertisée,20,Bonne,7.38079998,48.059669735,QmnJ
A1580201,A158020101,1971-08-21,146.0,2026-06-02T09:33:34Z,16,Donnée validée,10,Expertisée,20,Bonne,7.38079998,48.059669735,QmnJ
A1580201,A158020101,1971-08-22,118.0,2026-06-02T09:33:34Z,16,Donnée validée,10,Expertisée,20,Bonne,7.38079998,48.059669735,QmnJ
A1580201,A158020101,1971-08-23,86.0,2026-06-02T09:33:34Z,16,Donnée validée,10,Expertisée,20,Bonne,7.38079998,48.059669735,QmnJ
A1580201,A158020101,1971-08-24,133.0,2026-06-02T09:33:34Z,16,Donnée validée,10,Expertisée,20,Bonne,7.38079998,48.059669735,QmnJ
A1580201,A158020101,1971-08-25,236.0,2026-06-02T09:33:34Z,16,Donnée validée,10,Expertisée,20,Bonne,7.38079998,48.059669735,QmnJ
A1580201,A158020101,1971-08-26,240.0,2026-06-02T09:33:34Z,16,Donnée validée,10,Expertisée,20,Bonne,7.38079998,48.059669735,QmnJ
A1580201,A158020101,1971-08-27,240.0,2026-06-02T09:33:34Z,16,Donnée validée,10,Expertisée,20,Bonne,7.38079998,48.059669735,QmnJ
A1580201,A158020101,1971-08-28,232.0,2026-06-02T09:33:34Z,16,Donnée validée,10,Expertisée,20,Bonne,7.38079998,48.059669735,QmnJ
A1580201,A158020101,1971-08-29,178.0,2026-06-02T09:33:34Z,16,Donnée validée,10,Expertisée,20,Bonne,7.38079998,48.059669735,QmnJ
A1580201,A158020101,1971-08-30,101.0,2026-06-02T09:33:34Z,16,Donnée validée,10,Expertisée,20,Bonne,7.38079998,48.059669735,QmnJ
A1580201,A158020101,1971-08-31,183.0,2026-06-02T09:33:34Z,16,Donnée validée,10,Expertisée,20,Bonne,7.38079998,48.059669735,QmnJ
A1580201,A158020101,1971-09-01,240.0,2026-06-02T09:33:34Z,16,Donnée validée,10,Expertisée,20,Bonne,7.38079998,48.059669735,QmnJ
A1580201,A158020101,1971-09-02,240.0,2026-06-02T09:33:34Z,16,Donnée validée,10,Expertisée,20,Bonne,7.38079998,48.059669735,QmnJ
A1580201,A158020101,1971-09-03,240.0,2026-06-02T09:33:34Z,16,Donnée validée,10,Expertisée,20,Bonne,7.38079998,48.059669735,QmnJ
A1580201,A158020101,1971-09-04,223.0,2026-06-02T09:33:34Z,16,Donnée validée,10,Expertisée,20,Bonne,7.38079998,48.059669735,QmnJ
A1580201,A158020101,1971-09-05,199.0,2026-06-02T09:33:34Z,16,Donnée validée,10,Expertisée,20,Bonne,7.38079998,48.059669735,QmnJ
A1580201,A158020101,1971-09-06,213.0,2026-06-02T09:33:34Z,16,Donnée validée,10,Expertisée,20,Bonne,7.38079998,48.059669735,QmnJ
A1580201,A158020101,1971-09-07,219.0,2026-06-02T09:33:34Z,16,Donnée validée,10,Expertisée,20,Bonne,7.38079998,48.059669735,QmnJ
A1580201,A158020101,1971-09-08,139.0,2026-06-02T09:33:34Z,16,Donnée validée,10,Expertisée,20,Bonne,7.38079998,48.059669735,QmnJ
A1580201,A158020101,1971-09-09,59.0,2026-06-02T09:33:34Z,16,Donnée validée,10,Expertisée,20,Bonne,7.38079998,48.059669735,QmnJ
A1580201,A158020101,1971-09-10,40.0,2026-06-02T09:33:34Z,16,Donnée validée,10,Expertisée,20,Bonne,7.38079998,48.059669735,QmnJ
A1580201,A158020101,1971-09-11,30.0,2026-06-02T09:33:34Z,16,Donnée validée,10,Expertisée,20,Bonne,7.38079998,48.059669735,QmnJ
A1580201,A158020101,1971-09-12,43.0,2026-06-02T09:33:34Z,16,Donnée validée,10,Expertisée,20,Bonne,7.38079998,48.059669735,QmnJ
A1580201,A158020101,1971-09-13,50.0,2026-06-02T09:33:34Z,16,Donnée validée,10,Expertisée,20,Bonne,7.38079998,48.059669735,QmnJ
A1580201,A158020101,1971-09-14,50.0,2026-06-02T09:33:34Z,16,Donnée validée,10,Expertisée,20,Bonne,7.38079998,48.059669735,QmnJ
A1580201,A158020101,1971-09-15,51.0,2026-06-02T09:33:34Z,16,Donnée validée,10,Expertisée,20,Bonne,7.38079998,48.059669735,QmnJ
A1580201,A158020101,1971-09-16,57.0,2026-06-02T09:33:34Z,16,Donnée validée,10,Expertisée,20,Bonne,7.38079998,48.059669735,QmnJ
A1580201,A158020101,1971-09-17,38.0,2026-06-02T09:33:34Z,16,Donnée validée,10,Expertisée,20,Bonne,7.38079998,48.059669735,QmnJ
A1580201,A158020101,1971-09-18,40.0,2026-06-02T09:33:34Z,16,Donnée validée,10,Expertisée,20,Bonne,7.38079998,48.059669735,QmnJ
A1580201,A158020101,1971-09-19,34.0,2026-06-02T09:33:34Z,16,Donnée validée,10,Expertisée,20,Bonne,7.38079998,48.059669735,QmnJ
A1580201,A158020101,1971-09-20,35.0,2026-06-02T09:33:34Z,16,Donnée validée,10,Expertisée,20,Bonne,7.38079998,48.059669735,QmnJ
A1580201,A158020101,1971-09-21,36.0,2026-06-02T09:33:34Z,16,Donnée validée,10,Expertisée,20,Bonne,7.38079998,48.059669735,QmnJ
A1580201,A158020101,1971-09-22,33.0,2026-06-02T09:33:34Z,16,Donnée validée,10,Expertisée,20,Bonne,7.38079998,48.059669735,QmnJ
A1580201,A158020101,1971-09-23,44.0,2026-06-02T09:33:34Z,16,Donnée validée,10,Expertisée,20,Bonne,7.38079998,48.059669735,QmnJ
A1580201,A158020101,1971-09-24,50.0,2026-06-02T09:33:34Z,16,Donnée validée,10,Expertisée,20,Bonne,7.38079998,48.059669735,QmnJ
A1580201,A158020101,1971-09-25,50.0,2026-06-02T09:33:34Z,16,Donnée validée,10,Expertisée,20,Bonne,7.38079998,48.059669735,QmnJ
A1580201,A158020101,1971-09-26,57.0,2026-06-02T09:33:34Z,16,Donnée validée,10,Expertisée,20,Bonne,7.38079998,48.059669735,QmnJ
A1580201,A158020101,1971-09-27,78.0,2026-06-02T09:33:34Z,16,Donnée validée,10,Expertisée,20,Bonne,7.38079998,48.059669735,QmnJ
A1580201,A158020101,1971-09-28,104.0,2026-06-02T09:33:34Z,16,Donnée validée,10,Expertisée,20,Bonne,7.38079998,48.059669735,QmnJ
A1580201,A158020101,1971-09-29,110.0,2026-06-02T09:33:34Z,16,Donnée validée,10,Expertisée,20,Bonne,7.38079998,48.059669735,QmnJ
A1580201,A158020101,1971-09-30,128.0,2026-06-02T09:33:34Z,16,Donnée validée,10,Expertisée,20,Bonne,7.38079998,48.059669735,QmnJ
A1580201,A158020101,1971-10-01,112.0,2026-06-02T09:33:34Z,16,Donnée validée,10,Expertisée,20,Bonne,7.38079998,48.059669735,QmnJ
A1580201,A158020101,1971-10-02,110.0,2026-06-02T09:33:34Z,16,Donnée validée,10,Expertisée,20,Bonne,7.38079998,48.059669735,QmnJ
A1580201,A158020101,1971-10-03,110.0,2026-06-02T09:33:34Z,16,Donnée validée,10,Expertisée,20,Bonne,7.38079998,48.059669735,QmnJ
A1580201,A158020101,1971-10-04,110.0,2026-06-02T09:33:34Z,16,Donnée validée,10,Expertisée,20,Bonne,7.38079998,48.059669735,QmnJ
A1580201,A158020101,1971-10-05,110.0,2026-06-02T09:33:34Z,16,Donnée validée,10,Expertisée,20,Bonne,7.38079998,48.059669735,QmnJ
A1580201,A158020101,1971-10-06,99.0,2026-06-02T09:33:34Z,16,Donnée validée,10,Expertisée,20,Bonne,7.38079998,48.059669735,QmnJ
A1580201,A158020101,1971-10-07,92.0,2026-06-02T09:33:34Z,16,Donnée validée,10,Expertisée,20,Bonne,7.38079998,48.059669735,QmnJ
A1580201,A158020101,1971-10-08,317.0,2026-06-02T09:33:34Z,16,Donnée validée,10,Expertisée,20,Bonne,7.38079998,48.059669735,QmnJ
A1580201,A158020101,1971-10-09,324.0,2026-06-02T09:33:34Z,16,Donnée validée,10,Expertisée,20,Bonne,7.38079998,48.059669735,QmnJ
A1580201,A158020101,1971-10-10,359.0,2026-06-02T09:33:34Z,16,Donnée validée,10,Expertisée,20,Bonne,7.38079998,48.059669735,QmnJ
A1580201,A158020101,1971-10-11,190.0,2026-06-02T09:33:34Z,16,Donnée validée,10,Expertisée,20,Bonne,7.38079998,48.059669735,QmnJ
A1580201,A158020101,1971-10-12,175.0,2026-06-02T09:33:34Z,16,Donnée validée,10,Expertisée,20,Bonne,7.38079998,48.059669735,QmnJ
A1580201,A158020101,1971-10-13,130.0,2026-06-02T09:33:34Z,16,Donnée validée,10,Expertisée,20,Bonne,7.38079998,48.059669735,QmnJ
A1580201,A158020101,1971-10-14,111.0,2026-06-02T09:33:34Z,16,Donnée validée,10,Expertisée,20,Bonne,7.38079998,48.059669735,QmnJ
A1580201,A158020101,1971-10-15,131.0,2026-06-02T09:33:34Z,16,Donnée validée,10,Expertisée,20,Bonne,7.38079998,48.059669735,QmnJ
A1580201,A158020101,1971-10-16,482.0,2026-06-02T09:33:34Z,16,Donnée validée,10,Expertisée,20,Bonne,7.38079998,48.059669735,QmnJ
A1580201,A158020101,1971-10-17,400.0,2026-06-02T09:33:34Z,16,Donnée validée,10,Expertisée,20,Bonne,7.38079998,48.059669735,QmnJ
A1580201,A158020101,1971-10-18,30.0,2026-06-02T09:33:34Z,16,Donnée validée,10,Expertisée,20,Bonne,7.38079998,48.059669735,QmnJ
A1580201,A158020101,1971-10-19,5.0,2026-06-02T09:33:34Z,16,Donnée validée,10,Expertisée,20,Bonne,7.38079998,48.059669735,QmnJ
A1580201,A158020101,1971-10-20,30.0,2026-06-02T09:33:34Z,16,Donnée validée,10,Expertisée,20,Bonne,7.38079998,48.059669735,QmnJ
A1580201,A158020101,1971-10-21,165.0,2026-06-02T09:33:34Z,16,Donnée validée,10,Expertisée,20,Bonne,7.38079998,48.059669735,QmnJ
A1580201,A158020101,1971-10-22,149.0,2026-06-02T09:33:34Z,16,Donnée validée,10,Expertisée,20,Bonne,7.38079998,48.059669735,QmnJ
A1580201,A158020101,1971-10-23,220.0,2026-06-02T09:33:34Z,16,Donnée validée,10,Expertisée,20,Bonne,7.38079998,48.059669735,QmnJ
A1580201,A158020101,1971-10-24,283.0,2026-06-02T09:33:34Z,16,Donnée validée,10,Expertisée,20,Bonne,7.38079998,48.059669735,QmnJ
A1580201,A158020101,1971-10-25,169.0,2026-06-02T09:33:34Z,16,Donnée validée,10,Expertisée,20,Bonne,7.38079998,48.059669735,QmnJ
A1580201,A158020101,1971-10-26,25.0,2026-06-02T09:33:34Z,16,Donnée validée,10,Expertisée,20,Bonne,7.38079998,48.059669735,QmnJ
A1580201,A158020101,1971-10-27,25.0,2026-06-02T09:33:34Z,16,Donnée validée,10,Expertisée,20,Bonne,7.38079998,48.059669735,QmnJ
A1580201,A158020101,1971-10-28,52.0,2026-06-02T09:33:34Z,16,Donnée validée,10,Expertisée,20,Bonne,7.38079998,48.059669735,QmnJ
A1580201,A158020101,1971-10-29,49.0,2026-06-02T09:33:34Z,16,Donnée validée,10,Expertisée,20,Bonne,7.38079998,48.059669735,QmnJ
A1580201,A158020101,1971-10-30,102.0,2026-06-02T09:33:34Z,16,Donnée validée,10,Expertisée,20,Bonne,7.38079998,48.059669735,QmnJ
A1580201,A158020101,1971-10-31,110.0,2026-06-02T09:33:34Z,16,Donnée validée,10,Expertisée,20,Bonne,7.38079998,48.059669735,QmnJ
A1580201,A158020101,1971-11-01,110.0,2026-06-02T09:33:34Z,16,Donnée validée,10,Expertisée,20,Bonne,7.38079998,48.059669735,QmnJ
A1580201,A158020101,1971-11-02,110.0,2026-06-02T09:33:34Z,16,Donnée validée,10,Expertisée,20,Bonne,7.38079998,48.059669735,QmnJ
A1580201,A158020101,1971-11-03,110.0,2026-06-02T09:33:34Z,16,Donnée validée,10,Expertisée,20,Bonne,7.38079998,48.059669735,QmnJ
A1580201,A158020101,1971-11-04,110.0,2026-06-02T09:33:34Z,16,Donnée validée,10,Expertisée,20,Bonne,7.38079998,48.059669735,QmnJ
A1580201,A158020101,1971-11-05,110.0,2026-06-02T09:33:34Z,16,Donnée validée,10,Expertisée,20,Bonne,7.38079998,48.059669735,QmnJ
A1580201,A158020101,1971-11-06,97.0,2026-06-02T09:33:34Z,16,Donnée validée,10,Expertisée,20,Bonne,7.38079998,48.059669735,QmnJ
A1580201,A158020101,1971-11-07,81.0,2026-06-02T09:33:34Z,16,Donnée validée,10,Expertisée,20,Bonne,7.38079998,48.059669735,QmnJ
A1580201,A158020101,1971-11-08,80.0,2026-06-02T09:33:34Z,16,Donnée validée,10,Expertisée,20,Bonne,7.38079998,48.059669735,QmnJ
A1580201,A158020101,1971-11-09,97.0,2026-06-02T09:33:34Z,16,Donnée validée,10,Expertisée,20,Bonne,7.38079998,48.059669735,QmnJ
A1580201,A158020101,1971-11-10,92.0,2026-06-02T09:33:34Z,16,Donnée validée,10,Expertisée,20,Bonne,7.38079998,48.059669735,QmnJ
A1580201,A158020101,1971-11-11,81.0,2026-06-02T09:33:34Z,16,Donnée validée,10,Expertisée,20,Bonne,7.38079998,48.059669735,QmnJ
A1580201,A158020101,1971-11-12,86.0,2026-06-02T09:33:34Z,16,Donnée validée,10,Expertisée,20,Bonne,7.38079998,48.059669735,QmnJ
A1580201,A158020101,1971-11-13,91.0,2026-06-02T09:33:34Z,16,Donnée validée,10,Expertisée,20,Bonne,7.38079998,48.059669735,QmnJ
A1580201,A158020101,1971-11-14,97.0,2026-06-02T09:33:34Z,16,Donnée validée,10,Expertisée,20,Bonne,7.38079998,48.059669735,QmnJ
A1580201,A158020101,1971-11-15,102.0,2026-06-02T09:33:34Z,16,Donnée validée,10,Expertisée,20,Bonne,7.38079998,48.059669735,QmnJ
A1580201,A158020101,1971-11-16,107.0,2026-06-02T09:33:34Z,16,Donnée validée,10,Expertisée,20,Bonne,7.38079998,48.059669735,QmnJ
A1580201,A158020101,1971-11-17,80.0,2026-06-02T09:33:34Z,16,Donnée validée,10,Expertisée,20,Bonne,7.38079998,48.059669735,QmnJ
A1580201,A158020101,1971-11-18,80.0,2026-06-02T09:33:34Z,16,Donnée validée,10,Expertisée,20,Bonne,7.38079998,48.059669735,QmnJ
A1580201,A158020101,1971-11-19,354.0,2026-06-02T09:33:34Z,16,Donnée validée,10,Expertisée,20,Bonne,7.38079998,48.059669735,QmnJ
A1580201,A158020101,1971-11-20,327.0,2026-06-02T09:33:34Z,16,Donnée validée,10,Expertisée,20,Bonne,7.38079998,48.059669735,QmnJ
A1580201,A158020101,1971-11-21,0.0,2026-06-02T09:33:34Z,16,Donnée validée,10,Expertisée,20,Bonne,7.38079998,48.059669735,QmnJ
A1580201,A158020101,1971-11-22,395.0,2026-06-02T09:33:34Z,16,Donnée validée,10,Expertisée,20,Bonne,7.38079998,48.059669735,QmnJ
A1580201,A158020101,1971-11-23,403.0,2026-06-02T09:33:34Z,16,Donnée validée,10,Expertisée,20,Bonne,7.38079998,48.059669735,QmnJ
A1580201,A158020101,1971-11-24,435.0,2026-06-02T09:33:34Z,16,Donnée validée,10,Expertisée,20,Bonne,7.38079998,48.059669735,QmnJ
A1580201,A158020101,1971-11-25,631.0,2026-06-02T09:33:34Z,16,Donnée validée,10,Expertisée,20,Bonne,7.38079998,48.059669735,QmnJ
A1580201,A158020101,1971-11-26,610.0,2026-06-02T09:33:34Z,16,Donnée validée,10,Expertisée,20,Bonne,7.38079998,48.059669735,QmnJ
A1580201,A158020101,1971-11-27,275.0,2026-06-02T09:33:34Z,16,Donnée validée,10,Expertisée,20,Bonne,7.38079998,48.059669735,QmnJ
A1580201,A158020101,1971-11-28,149.0,2026-06-02T09:33:34Z,16,Donnée validée,10,Expertisée,20,Bonne,7.38079998,48.059669735,QmnJ
A1580201,A158020101,1971-11-29,145.0,2026-06-02T09:33:34Z,16,Donnée validée,10,Expertisée,20,Bonne,7.38079998,48.059669735,QmnJ
A1580201,A158020101,1971-11-30,596.0,2026-06-02T09:33:34Z,16,Donnée validée,10,Expertisée,20,Bonne,7.38079998,48.059669735,QmnJ
A1580201,A158020101,1971-12-01,610.0,2026-06-02T09:33:34Z,16,Donnée validée,10,Expertisée,20,Bonne,7.38079998,48.059669735,QmnJ
A1580201,A158020101,1971-12-02,610.0,2026-06-02T09:33:34Z,16,Donnée validée,10,Expertisée,20,Bonne,7.38079998,48.059669735,QmnJ
A1580201,A158020101,1971-12-03,610.0,2026-06-02T09:33:34Z,16,Donnée validée,10,Expertisée,20,Bonne,7.38079998,48.059669735,QmnJ
A1580201,A158020101,1971-12-04,610.0,2026-06-02T09:33:34Z,16,Donnée validée,10,Expertisée,20,Bonne,7.38079998,48.059669735,QmnJ
A1580201,A158020101,1971-12-05,519.0,2026-06-02T09:33:34Z,16,Donnée validée,10,Expertisée,20,Bonne,7.38079998,48.059669735,QmnJ
A1580201,A158020101,1971-12-06,335.0,2026-06-02T09:33:34Z,16,Donnée validée,10,Expertisée,20,Bonne,7.38079998,48.059669735,QmnJ
A1580201,A158020101,1971-12-07,530.0,2026-06-02T09:33:34Z,16,Donnée validée,10,Expertisée,20,Bonne,7.38079998,48.059669735,QmnJ
A1580201,A158020101,1971-12-08,530.0,2026-06-02T09:33:34Z,16,Donnée validée,10,Expertisée,20,Bonne,7.38079998,48.059669735,QmnJ
A1580201,A158020101,1971-12-09,530.0,2026-06-02T09:33:34Z,16,Donnée validée,10,Expertisée,20,Bonne,7.38079998,48.059669735,QmnJ
A1580201,A158020101,1971-12-10,530.0,2026-06-02T09:33:34Z,16,Donnée validée,10,Expertisée,20,Bonne,7.38079998,48.059669735,QmnJ
A1580201,A158020101,1971-12-11,530.0,2026-06-02T09:33:34Z,16,Donnée validée,10,Expertisée,20,Bonne,7.38079998,48.059669735,QmnJ
A1580201,A158020101,1971-12-12,487.0,2026-06-02T09:33:34Z,16,Donnée validée,10,Expertisée,20,Bonne,7.38079998,48.059669735,QmnJ
A1580201,A158020101,1971-12-13,269.0,2026-06-02T09:33:34Z,16,Donnée validée,10,Expertisée,20,Bonne,7.38079998,48.059669735,QmnJ
A1580201,A158020101,1971-12-14,444.0,2026-06-02T09:33:34Z,16,Donnée validée,10,Expertisée,20,Bonne,7.38079998,48.059669735,QmnJ
A1580201,A158020101,1971-12-15,450.0,2026-06-02T09:33:34Z,16,Donnée validée,10,Expertisée,20,Bonne,7.38079998,48.059669735,QmnJ
A1580201,A158020101,1971-12-16,503.0,2026-06-02T09:33:34Z,16,Donnée validée,10,Expertisée,20,Bonne,7.38079998,48.059669735,QmnJ
A1580201,A158020101,1971-12-17,530.0,2026-06-02T09:33:34Z,16,Donnée validée,10,Expertisée,20,Bonne,7.38079998,48.059669735,QmnJ
A1580201,A158020101,1971-12-18,530.0,2026-06-02T09:33:34Z,16,Donnée validée,10,Expertisée,20,Bonne,7.38079998,48.059669735,QmnJ
A1580201,A158020101,1971-12-19,477.0,2026-06-02T09:33:34Z,16,Donnée validée,10,Expertisée,20,Bonne,7.38079998,48.059669735,QmnJ
A1580201,A158020101,1971-12-20,210.0,2026-06-02T09:33:34Z,16,Donnée validée,10,Expertisée,20,Bonne,7.38079998,48.059669735,QmnJ
A1580201,A158020101,1971-12-21,542.0,2026-06-02T09:33:34Z,16,Donnée validée,10,Expertisée,20,Bonne,7.38079998,48.059669735,QmnJ
A1580201,A158020101,1971-12-22,610.0,2026-06-02T09:33:34Z,16,Donnée validée,10,Expertisée,20,Bonne,7.38079998,48.059669735,QmnJ
A1580201,A158020101,1971-12-23,516.0,2026-06-02T09:33:34Z,16,Donnée validée,10,Expertisée,20,Bonne,7.38079998,48.059669735,QmnJ
A1580201,A158020101,1971-12-24,500.0,2026-06-02T09:33:34Z,16,Donnée validée,10,Expertisée,20,Bonne,7.38079998,48.059669735,QmnJ
A1580201,A158020101,1971-12-25,447.0,2026-06-02T09:33:34Z,16,Donnée validée,10,Expertisée,20,Bonne,7.38079998,48.059669735,QmnJ
A1580201,A158020101,1971-12-26,439.0,2026-06-02T09:33:34Z,16,Donnée validée,10,Expertisée,20,Bonne,7.38079998,48.059669735,QmnJ
A1580201,A158020101,1971-12-27,610.0,2026-06-02T09:33:34Z,16,Donnée validée,10,Expertisée,20,Bonne,7.38079998,48.059669735,QmnJ
A1580201,A158020101,1971-12-28,610.0,2026-06-02T09:33:34Z,16,Donnée validée,10,Expertisée,20,Bonne,7.38079998,48.059669735,QmnJ
A1580201,A158020101,1971-12-29,610.0,2026-06-02T09:33:34Z,16,Donnée validée,10,Expertisée,20,Bonne,7.38079998,48.059669735,QmnJ
A1580201,A158020101,1971-12-30,610.0,2026-06-02T09:33:34Z,16,Donnée validée,10,Expertisée,20,Bonne,7.38079998,48.059669735,QmnJ
A1580201,A158020101,1971-12-31,624.0,2026-06-02T09:33:34Z,16,Donnée validée,10,Expertisée,20,Bonne,7.38079998,48.059669735,QmnJ
A1580201,A158020101,1972-01-01,758.0,2026-06-02T09:33:34Z,16,Donnée validée,10,Expertisée,20,Bonne,7.38079998,48.059669735,QmnJ
A1580201,A158020101,1972-01-02,510.0,2026-06-02T09:33:34Z,16,Donnée validée,10,Expertisée,20,Bonne,7.38079998,48.059669735,QmnJ
A1580201,A158020101,1972-01-03,624.0,2026-06-02T09:33:34Z,16,Donnée validée,10,Expertisée,20,Bonne,7.38079998,48.059669735,QmnJ
A1580201,A158020101,1972-01-04,700.0,2026-06-02T09:33:34Z,16,Donnée validée,10,Expertisée,20,Bonne,7.38079998,48.059669735,QmnJ
A1580201,A158020101,1972-01-05,700.0,2026-06-02T09:33:34Z,16,Donnée validée,10,Expertisée,20,Bonne,7.38079998,48.059669735,QmnJ
A1580201,A158020101,1972-01-06,700.0,2026-06-02T09:33:34Z,16,Donnée validée,10,Expertisée,20,Bonne,7.38079998,48.059669735,QmnJ
A1580201,A158020101,1972-01-07,700.0,2026-06-02T09:33:34Z,16,Donnée validée,10,Expertisée,20,Bonne,7.38079998,48.059669735,QmnJ
A1580201,A158020101,1972-01-08,700.0,2026-06-02T09:33:34Z,16,Donnée validée,10,Expertisée,20,Bonne,7.38079998,48.059669735,QmnJ
A1580201,A158020101,1972-01-09,628.0,2026-06-02T09:33:34Z,16,Donnée validée,10,Expertisée,20,Bonne,7.38079998,48.059669735,QmnJ
A1580201,A158020101,1972-01-10,378.0,2026-06-02T09:33:34Z,16,Donnée validée,10,Expertisée,20,Bonne,7.38079998,48.059669735,QmnJ
A1580201,A158020101,1972-01-11,693.0,2026-06-02T09:33:34Z,16,Donnée validée,10,Expertisée,20,Bonne,7.38079998,48.059669735,QmnJ
A1580201,A158020101,1972-01-12,751.0,2026-06-02T09:33:34Z,16,Donnée validée,10,Expertisée,20,Bonne,7.38079998,48.059669735,QmnJ
A1580201,A158020101,1972-01-13,767.0,2026-06-02T09:33:34Z,16,Donnée validée,10,Expertisée,20,Bonne,7.38079998,48.059669735,QmnJ
A1580201,A158020101,1972-01-14,734.0,2026-06-02T09:33:34Z,16,Donnée validée,10,Expertisée,20,Bonne,7.38079998,48.059669735,QmnJ
A1580201,A158020101,1972-01-15,776.0,2026-06-02T09:33:34Z,16,Donnée validée,10,Expertisée,20,Bonne,7.38079998,48.059669735,QmnJ
A1580201,A158020101,1972-01-16,746.0,2026-06-02T09:33:34Z,16,Donnée validée,10,Expertisée,20,Bonne,7.38079998,48.059669735,QmnJ
A1580201,A158020101,1972-01-17,445.0,2026-06-02T09:33:34Z,16,Donnée validée,10,Expertisée,20,Bonne,7.38079998,48.059669735,QmnJ
A1580201,A158020101,1972-01-18,803.0,2026-06-02T09:33:34Z,16,Donnée validée,10,Expertisée,20,Bonne,7.38079998,48.059669735,QmnJ
A1580201,A158020101,1972-01-19,950.0,2026-06-02T09:33:34Z,16,Donnée validée,10,Expertisée,20,Bonne,7.38079998,48.059669735,QmnJ
A1580201,A158020101,1972-01-20,950.0,2026-06-02T09:33:34Z,16,Donnée validée,10,Expertisée,20,Bonne,7.38079998,48.059669735,QmnJ
A1580201,A158020101,1972-01-21,950.0,2026-06-02T09:33:34Z,16,Donnée validée,10,Expertisée,20,Bonne,7.38079998,48.059669735,QmnJ
A1580201,A158020101,1972-01-22,878.0,2026-06-02T09:33:34Z,16,Donnée validée,10,Expertisée,20,Bonne,7.38079998,48.059669735,QmnJ
A1580201,A158020101,1972-01-23,318.0,2026-06-02T09:33:34Z,16,Donnée validée,10,Expertisée,20,Bonne,7.38079998,48.059669735,QmnJ
A1580201,A158020101,1972-01-24,305.0,2026-06-02T09:33:34Z,16,Donnée validée,10,Expertisée,20,Bonne,7.38079998,48.059669735,QmnJ
A1580201,A158020101,1972-01-25,682.0,2026-06-02T09:33:34Z,16,Donnée validée,10,Expertisée,20,Bonne,7.38079998,48.059669735,QmnJ
A1580201,A158020101,1972-01-26,700.0,2026-06-02T09:33:34Z,16,Donnée validée,10,Expertisée,20,Bonne,7.38079998,48.059669735,QmnJ
A1580201,A158020101,1972-01-27,678.0,2026-06-02T09:33:34Z,16,Donnée validée,10,Expertisée,20,Bonne,7.38079998,48.059669735,QmnJ
A1580201,A158020101,1972-01-28,767.0,2026-06-02T09:33:34Z,16,Donnée validée,10,Expertisée,20,Bonne,7.38079998,48.059669735,QmnJ
A1580201,A158020101,1972-01-29,820.0,2026-06-02T09:33:34Z,16,Donnée validée,10,Expertisée,20,Bonne,7.38079998,48.059669735,QmnJ
A1580201,A158020101,1972-01-30,730.0,2026-06-02T09:33:34Z,16,Donnée validée,10,Expertisée,20,Bonne,7.38079998,48.059669735,QmnJ
A1580201,A158020101,1972-01-31,700.0,2026-06-02T09:33:34Z,16,Donnée validée,10,Expertisée,20,Bonne,7.38079998,48.059669735,QmnJ
A1580201,A158020101,1972-02-01,700.0,2026-06-02T09:33:34Z,16,Donnée validée,10,Expertisée,20,Bonne,7.38079998,48.059669735,QmnJ
A1580201,A158020101,1972-02-02,700.0,2026-06-02T09:33:34Z,16,Donnée validée,10,Expertisée,20,Bonne,7.38079998,48.059669735,QmnJ
A1580201,A158020101,1972-02-03,700.0,2026-06-02T09:33:34Z,16,Donnée validée,10,Expertisée,20,Bonne,7.38079998,48.059669735,QmnJ
A1580201,A158020101,1972-02-04,1371.0,2026-06-02T09:33:34Z,16,Donnée validée,10,Expertisée,20,Bonne,7.38079998,48.059669735,QmnJ
A1580201,A158020101,1972-02-05,2002.0,2026-06-02T09:33:34Z,16,Donnée validée,10,Expertisée,20,Bonne,7.38079998,48.059669735,QmnJ
A1580201,A158020101,1972-02-06,1746.0,2026-06-02T09:33:34Z,16,Donnée validée,10,Expertisée,20,Bonne,7.38079998,48.059669735,QmnJ
A1580201,A158020101,1972-02-07,1423.0,2026-06-02T09:33:34Z,16,Donnée validée,10,Expertisée,20,Bonne,7.38079998,48.059669735,QmnJ
A1580201,A158020101,1972-02-08,1477.0,2026-06-02T09:33:34Z,16,Donnée validée,10,Expertisée,20,Bonne,7.38079998,48.059669735,QmnJ
A1580201,A158020101,1972-02-09,1531.0,2026-06-02T09:33:34Z,16,Donnée validée,10,Expertisée,20,Bonne,7.38079998,48.059669735,QmnJ
A1580201,A158020101,1972-02-10,1665.0,2026-06-02T09:33:34Z,16,Donnée validée,10,Expertisée,20,Bonne,7.38079998,48.059669735,QmnJ
A1580201,A158020101,1972-02-11,1582.0,2026-06-02T09:33:34Z,16,Donnée validée,10,Expertisée,20,Bonne,7.38079998,48.059669735,QmnJ
A1580201,A158020101,1972-02-12,2334.0,2026-06-02T09:33:34Z,16,Donnée validée,10,Expertisée,20,Bonne,7.38079998,48.059669735,QmnJ
A1580201,A158020101,1972-02-13,2605.0,2026-06-02T09:33:34Z,16,Donnée validée,10,Expertisée,20,Bonne,7.38079998,48.059669735,QmnJ
A1580201,A158020101,1972-02-14,2475.0,2026-06-02T09:33:34Z,16,Donnée validée,10,Expertisée,20,Bonne,7.38079998,48.059669735,QmnJ
A1580201,A158020101,1972-02-15,2057.0,2026-06-02T09:33:34Z,16,Donnée validée,10,Expertisée,20,Bonne,7.38079998,48.059669735,QmnJ
A1580201,A158020101,1972-02-16,1898.0,2026-06-02T09:33:34Z,16,Donnée validée,10,Expertisée,20,Bonne,7.38079998,48.059669735,QmnJ
A1580201,A158020101,1972-02-17,1746.0,2026-06-02T09:33:34Z,16,Donnée validée,10,Expertisée,20,Bonne,7.38079998,48.059669735,QmnJ
A1580201,A158020101,1972-02-18,1645.0,2026-06-02T09:33:34Z,16,Donnée validée,10,Expertisée,20,Bonne,7.38079998,48.059669735,QmnJ
A1580201,A158020101,1972-02-19,1430.0,2026-06-02T09:33:34Z,16,Donnée validée,10,Expertisée,20,Bonne,7.38079998,48.059669735,QmnJ
A1580201,A158020101,1972-02-20,1412.0,2026-06-02T09:33:34Z,16,Donnée validée,10,Expertisée,20,Bonne,7.38079998,48.059669735,QmnJ
A1580201,A158020101,1972-02-21,1307.0,2026-06-02T09:33:34Z,16,Donnée validée,10,Expertisée,20,Bonne,7.38079998,48.059669735,QmnJ
A1580201,A158020101,1972-02-22,1252.0,2026-06-02T09:33:34Z,16,Donnée validée,10,Expertisée,20,Bonne,7.38079998,48.059669735,QmnJ
A1580201,A158020101,1972-02-23,1204.0,2026-06-02T09:33:34Z,16,Donnée validée,10,Expertisée,20,Bonne,7.38079998,48.059669735,QmnJ
A1580201,A158020101,1972-02-24,1058.0,2026-06-02T09:33:34Z,16,Donnée validée,10,Expertisée,20,Bonne,7.38079998,48.059669735,QmnJ
A1580201,A158020101,1972-02-25,1008.0,2026-06-02T09:33:34Z,16,Donnée validée,10,Expertisée,20,Bonne,7.38079998,48.059669735,QmnJ
A1580201,A158020101,1972-02-26,908.0,2026-06-02T09:33:34Z,16,Donnée validée,10,Expertisée,20,Bonne,7.38079998,48.059669735,QmnJ
A1580201,A158020101,1972-02-27,830.0,2026-06-02T09:33:34Z,16,Donnée validée,10,Expertisée,20,Bonne,7.38079998,48.059669735,QmnJ
A1580201,A158020101,1972-02-28,798.0,2026-06-02T09:33:34Z,16,Donnée validée,10,Expertisée,20,Bonne,7.38079998,48.059669735,QmnJ
A1580201,A158020101,1972-02-29,858.0,2026-06-02T09:33:34Z,16,Donnée validée,10,Expertisée,20,Bonne,7.38079998,48.059669735,QmnJ
A1580201,A158020101,1972-03-01,820.0,2026-06-02T09:33:34Z,16,Donnée validée,10,Expertisée,20,Bonne,7.38079998,48.059669735,QmnJ
A1580201,A158020101,1972-03-02,819.0,2026-06-02T09:33:34Z,16,Donnée validée,10,Expertisée,20,Bonne,7.38079998,48.059669735,QmnJ
A1580201,A158020101,1972-03-03,782.0,2026-06-02T09:33:34Z,16,Donnée validée,10,Expertisée,20,Bonne,7.38079998,48.059669735,QmnJ
A1580201,A158020101,1972-03-04,728.0,2026-06-02T09:33:34Z,16,Donnée validée,10,Expertisée,20,Bonne,7.38079998,48.059669735,QmnJ
A1580201,A158020101,1972-03-05,335.0,2026-06-02T09:33:34Z,16,Donnée validée,10,Expertisée,20,Bonne,7.38079998,48.059669735,QmnJ
A1580201,A158020101,1972-03-06,232.0,2026-06-02T09:33:34Z,16,Donnée validée,10,Expertisée,20,Bonne,7.38079998,48.059669735,QmnJ
A1580201,A158020101,1972-03-07,716.0,2026-06-02T09:33:34Z,16,Donnée validée,10,Expertisée,20,Bonne,7.38079998,48.059669735,QmnJ
A1580201,A158020101,1972-03-08,732.0,2026-06-02T09:33:34Z,16,Donnée validée,10,Expertisée,20,Bonne,7.38079998,48.059669735,QmnJ
A1580201,A158020101,1972-03-09,600.0,2026-06-02T09:33:34Z,16,Donnée validée,10,Expertisée,20,Bonne,7.38079998,48.059669735,QmnJ
A1580201,A158020101,1972-03-10,693.0,2026-06-02T09:33:34Z,16,Donnée validée,10,Expertisée,20,Bonne,7.38079998,48.059669735,QmnJ
A1580201,A158020101,1972-03-11,1217.0,2026-06-02T09:33:34Z,16,Donnée validée,10,Expertisée,20,Bonne,7.38079998,48.059669735,QmnJ
A1580201,A158020101,1972-03-12,829.0,2026-06-02T09:33:34Z,16,Donnée validée,10,Expertisée,20,Bonne,7.38079998,48.059669735,QmnJ
A1580201,A158020101,1972-03-13,650.0,2026-06-02T09:33:34Z,16,Donnée validée,10,Expertisée,20,Bonne,7.38079998,48.059669735,QmnJ
A1580201,A158020101,1972-03-14,828.0,2026-06-02T09:33:34Z,16,Donnée validée,10,Expertisée,20,Bonne,7.38079998,48.059669735,QmnJ
A1580201,A158020101,1972-03-15,695.0,2026-06-02T09:33:34Z,16,Donnée validée,10,Expertisée,20,Bonne,7.38079998,48.059669735,QmnJ
A1580201,A158020101,1972-03-16,697.0,2026-06-02T09:33:34Z,16,Donnée validée,10,Expertisée,20,Bonne,7.38079998,48.059669735,QmnJ
A1580201,A158020101,1972-03-17,699.0,2026-06-02T09:33:34Z,16,Donnée validée,10,Expertisée,20,Bonne,7.38079998,48.059669735,QmnJ
A1580201,A158020101,1972-03-18,677.0,2026-06-02T09:33:34Z,16,Donnée validée,10,Expertisée,20,Bonne,7.38079998,48.059669735,QmnJ
A1580201,A158020101,1972-03-19,343.0,2026-06-02T09:33:34Z,16,Donnée validée,10,Expertisée,20,Bonne,7.38079998,48.059669735,QmnJ
A1580201,A158020101,1972-03-20,127.0,2026-06-02T09:33:34Z,16,Donnée validée,10,Expertisée,20,Bonne,7.38079998,48.059669735,QmnJ
A1580201,A158020101,1972-03-21,818.0,2026-06-02T09:33:34Z,16,Donnée validée,10,Expertisée,20,Bonne,7.38079998,48.059669735,QmnJ
A1580201,A158020101,1972-03-22,820.0,2026-06-02T09:33:34Z,16,Donnée validée,10,Expertisée,20,Bonne,7.38079998,48.059669735,QmnJ
A1580201,A158020101,1972-03-23,781.0,2026-06-02T09:33:34Z,16,Donnée validée,10,Expertisée,20,Bonne,7.38079998,48.059669735,QmnJ
A1580201,A158020101,1972-03-24,767.0,2026-06-02T09:33:34Z,16,Donnée validée,10,Expertisée,20,Bonne,7.38079998,48.059669735,QmnJ
A1580201,A158020101,1972-03-25,819.0,2026-06-02T09:33:34Z,16,Donnée validée,10,Expertisée,20,Bonne,7.38079998,48.059669735,QmnJ
A1580201,A158020101,1972-03-26,766.0,2026-06-02T09:33:34Z,16,Donnée validée,10,Expertisée,20,Bonne,7.38079998,48.059669735,QmnJ
A1580201,A158020101,1972-03-27,654.0,2026-06-02T09:33:34Z,16,Donnée validée,10,Expertisée,20,Bonne,7.38079998,48.059669735,QmnJ
A1580201,A158020101,1972-03-28,3502.0,2026-06-02T09:33:34Z,16,Donnée validée,10,Expertisée,20,Bonne,7.38079998,48.059669735,QmnJ
A1580201,A158020101,1972-03-29,4318.0,2026-06-02T09:33:34Z,16,Donnée validée,10,Expertisée,20,Bonne,7.38079998,48.059669735,QmnJ
A1580201,A158020101,1972-03-30,3382.0,2026-06-02T09:33:34Z,16,Donnée validée,10,Expertisée,20,Bonne,7.38079998,48.059669735,QmnJ
A1580201,A158020101,1972-03-31,3004.0,2026-06-02T09:33:34Z,16,Donnée validée,10,Expertisée,20,Bonne,7.38079998,48.059669735,QmnJ
A1580201,A158020101,1972-04-01,2582.0,2026-06-02T09:33:34Z,16,Donnée validée,10,Expertisée,20,Bonne,7.38079998,48.059669735,QmnJ
A1580201,A158020101,1972-04-02,2886.0,2026-06-02T09:33:34Z,16,Donnée validée,10,Expertisée,20,Bonne,7.38079998,48.059669735,QmnJ
A1580201,A158020101,1972-04-03,3198.0,2026-06-02T09:33:34Z,16,Donnée validée,10,Expertisée,20,Bonne,7.38079998,48.059669735,QmnJ
A1580201,A158020101,1972-04-04,3400.0,2026-06-02T09:33:34Z,16,Donnée validée,10,Expertisée,20,Bonne,7.38079998,48.059669735,QmnJ
A1580201,A158020101,1972-04-05,3513.0,2026-06-02T09:33:34Z,16,Donnée validée,10,Expertisée,20,Bonne,7.38079998,48.059669735,QmnJ
A1580201,A158020101,1972-04-06,3331.0,2026-06-02T09:33:34Z,16,Donnée validée,10,Expertisée,20,Bonne,7.38079998,48.059669735,QmnJ
A1580201,A158020101,1972-04-07,3276.0,2026-06-02T09:33:34Z,16,Donnée validée,10,Expertisée,20,Bonne,7.38079998,48.059669735,QmnJ
A1580201,A158020101,1972-04-08,3368.0,2026-06-02T09:33:34Z,16,Donnée validée,10,Expertisée,20,Bonne,7.38079998,48.059669735,QmnJ
A1580201,A158020101,1972-04-09,3395.0,2026-06-02T09:33:34Z,16,Donnée validée,10,Expertisée,20,Bonne,7.38079998,48.059669735,QmnJ
A1580201,A158020101,1972-04-10,3110.0,2026-06-02T09:33:34Z,16,Donnée validée,10,Expertisée,20,Bonne,7.38079998,48.059669735,QmnJ
A1580201,A158020101,1972-04-11,4612.0,2026-06-02T09:33:34Z,16,Donnée validée,10,Expertisée,20,Bonne,7.38079998,48.059669735,QmnJ
A1580201,A158020101,1972-04-12,6119.0,2026-06-02T09:33:34Z,16,Donnée validée,10,Expertisée,20,Bonne,7.38079998,48.059669735,QmnJ
A1580201,A158020101,1972-04-13,4973.0,2026-06-02T09:33:34Z,16,Donnée validée,10,Expertisée,20,Bonne,7.38079998,48.059669735,QmnJ
A1580201,A158020101,1972-04-14,4442.0,2026-06-02T09:33:34Z,16,Donnée validée,10,Expertisée,20,Bonne,7.38079998,48.059669735,QmnJ
A1580201,A158020101,1972-04-15,3876.0,2026-06-02T09:33:34Z,16,Donnée validée,10,Expertisée,20,Bonne,7.38079998,48.059669735,QmnJ
A1580201,A158020101,1972-04-16,3593.0,2026-06-02T09:33:34Z,16,Donnée validée,10,Expertisée,20,Bonne,7.38079998,48.059669735,QmnJ
A1580201,A158020101,1972-04-17,3482.0,2026-06-02T09:33:34Z,16,Donnée validée,10,Expertisée,20,Bonne,7.38079998,48.059669735,QmnJ
A1580201,A158020101,1972-04-18,3393.0,2026-06-02T09:33:34Z,16,Donnée validée,10,Expertisée,20,Bonne,7.38079998,48.059669735,QmnJ
A1580201,A158020101,1972-04-19,3048.0,2026-06-02T09:33:34Z,16,Donnée validée,10,Expertisée,20,Bonne,7.38079998,48.059669735,QmnJ
A1580201,A158020101,1972-04-20,2986.0,2026-06-02T09:33:34Z,16,Donnée validée,10,Expertisée,20,Bonne,7.38079998,48.059669735,QmnJ
A1580201,A158020101,1972-04-21,2751.0,2026-06-02T09:33:34Z,16,Donnée validée,10,Expertisée,20,Bonne,7.38079998,48.059669735,QmnJ
A1580201,A158020101,1972-04-22,2520.0,2026-06-02T09:33:34Z,16,Donnée validée,10,Expertisée,20,Bonne,7.38079998,48.059669735,QmnJ
A1580201,A158020101,1972-04-23,2409.0,2026-06-02T09:33:34Z,16,Donnée validée,10,Expertisée,20,Bonne,7.38079998,48.059669735,QmnJ
A1580201,A158020101,1972-04-24,2235.0,2026-06-02T09:33:34Z,16,Donnée validée,10,Expertisée,20,Bonne,7.38079998,48.059669735,QmnJ
A1580201,A158020101,1972-04-25,2054.0,2026-06-02T09:33:34Z,16,Donnée validée,10,Expertisée,20,Bonne,7.38079998,48.059669735,QmnJ
A1580201,A158020101,1972-04-26,1997.0,2026-06-02T09:33:34Z,16,Donnée validée,10,Expertisée,20,Bonne,7.38079998,48.059669735,QmnJ
A1580201,A158020101,1972-04-27,1879.0,2026-06-02T09:33:34Z,16,Donnée validée,10,Expertisée,20,Bonne,7.38079998,48.059669735,QmnJ
A1580201,A158020101,1972-04-28,1913.0,2026-06-02T09:33:34Z,16,Donnée validée,10,Expertisée,20,Bonne,7.38079998,48.059669735,QmnJ
A1580201,A158020101,1972-04-29,1720.0,2026-06-02T09:33:34Z,16,Donnée validée,10,Expertisée,20,Bonne,7.38079998,48.059669735,QmnJ
A1580201,A158020101,1972-04-30,1541.0,2026-06-02T09:33:34Z,16,Donnée validée,10,Expertisée,20,Bonne,7.38079998,48.059669735,QmnJ
A1580201,A158020101,1972-05-01,1348.0,2026-06-02T09:33:34Z,16,Donnée validée,10,Expertisée,20,Bonne,7.38079998,48.059669735,QmnJ
A1580201,A158020101,1972-05-02,1247.0,2026-06-02T09:33:34Z,16,Donnée validée,10,Expertisée,20,Bonne,7.38079998,48.059669735,QmnJ
A1580201,A158020101,1972-05-03,1055.0,2026-06-02T09:33:34Z,16,Donnée validée,10,Expertisée,20,Bonne,7.38079998,48.059669735,QmnJ
A1580201,A158020101,1972-05-04,908.0,2026-06-02T09:33:34Z,16,Donnée validée,10,Expertisée,20,Bonne,7.38079998,48.059669735,QmnJ
A1580201,A158020101,1972-05-05,941.0,2026-06-02T09:33:34Z,16,Donnée validée,10,Expertisée,20,Bonne,7.38079998,48.059669735,QmnJ
A1580201,A158020101,1972-05-06,949.0,2026-06-02T09:33:34Z,16,Donnée validée,10,Expertisée,20,Bonne,7.38079998,48.059669735,QmnJ
A1580201,A158020101,1972-05-07,396.0,2026-06-02T09:33:34Z,16,Donnée validée,10,Expertisée,20,Bonne,7.38079998,48.059669735,QmnJ
A1580201,A158020101,1972-05-08,487.0,2026-06-02T09:33:34Z,16,Donnée validée,10,Expertisée,20,Bonne,7.38079998,48.059669735,QmnJ
A1580201,A158020101,1972-05-09,275.0,2026-06-02T09:33:34Z,16,Donnée validée,10,Expertisée,20,Bonne,7.38079998,48.059669735,QmnJ
A1580201,A158020101,1972-05-10,189.0,2026-06-02T09:33:34Z,16,Donnée validée,10,Expertisée,20,Bonne,7.38079998,48.059669735,QmnJ
A1580201,A158020101,1972-05-11,303.0,2026-06-02T09:33:34Z,16,Donnée validée,10,Expertisée,20,Bonne,7.38079998,48.059669735,QmnJ
A1580201,A158020101,1972-05-12,701.0,2026-06-02T09:33:34Z,16,Donnée validée,10,Expertisée,20,Bonne,7.38079998,48.059669735,QmnJ
A1580201,A158020101,1972-05-13,953.0,2026-06-02T09:33:34Z,16,Donnée validée,10,Expertisée,20,Bonne,7.38079998,48.059669735,QmnJ
A1580201,A158020101,1972-05-14,1400.0,2026-06-02T09:33:34Z,16,Donnée validée,10,Expertisée,20,Bonne,7.38079998,48.059669735,QmnJ
A1580201,A158020101,1972-05-15,1619.0,2026-06-02T09:33:34Z,16,Donnée validée,10,Expertisée,20,Bonne,7.38079998,48.059669735,QmnJ
A1580201,A158020101,1972-05-16,2020.0,2026-06-02T09:33:34Z,16,Donnée validée,10,Expertisée,20,Bonne,7.38079998,48.059669735,QmnJ
A1580201,A158020101,1972-05-17,1784.0,2026-06-02T09:33:34Z,16,Donnée validée,10,Expertisée,20,Bonne,7.38079998,48.059669735,QmnJ
A1580201,A158020101,1972-05-18,1860.0,2026-06-02T09:33:34Z,16,Donnée validée,10,Expertisée,20,Bonne,7.38079998,48.059669735,QmnJ
A1580201,A158020101,1972-05-19,1860.0,2026-06-02T09:33:34Z,16,Donnée validée,10,Expertisée,20,Bonne,7.38079998,48.059669735,QmnJ
A1580201,A158020101,1972-05-20,1860.0,2026-06-02T09:33:34Z,16,Donnée validée,10,Expertisée,20,Bonne,7.38079998,48.059669735,QmnJ
A1580201,A158020101,1972-05-21,1606.0,2026-06-02T09:33:34Z,16,Donnée validée,10,Expertisée,20,Bonne,7.38079998,48.059669735,QmnJ
A1580201,A158020101,1972-05-22,1517.0,2026-06-02T09:33:34Z,16,Donnée validée,10,Expertisée,20,Bonne,7.38079998,48.059669735,QmnJ
A1580201,A158020101,1972-05-23,1470.0,2026-06-02T09:33:34Z,16,Donnée validée,10,Expertisée,20,Bonne,7.38079998,48.059669735,QmnJ
A1580201,A158020101,1972-05-24,1424.0,2026-06-02T09:33:34Z,16,Donnée validée,10,Expertisée,20,Bonne,7.38079998,48.059669735,QmnJ
A1580201,A158020101,1972-05-25,1298.0,2026-06-02T09:33:34Z,16,Donnée validée,10,Expertisée,20,Bonne,7.38079998,48.059669735,QmnJ
A1580201,A158020101,1972-05-26,1177.0,2026-06-02T09:33:34Z,16,Donnée validée,10,Expertisée,20,Bonne,7.38079998,48.059669735,QmnJ
A1580201,A158020101,1972-05-27,1903.0,2026-06-02T09:33:34Z,16,Donnée validée,10,Expertisée,20,Bonne,7.38079998,48.059669735,QmnJ
A1580201,A158020101,1972-05-28,2203.0,2026-06-02T09:33:34Z,16,Donnée validée,10,Expertisée,20,Bonne,7.38079998,48.059669735,QmnJ
A1580201,A158020101,1972-05-29,2259.0,2026-06-02T09:33:34Z,16,Donnée validée,10,Expertisée,20,Bonne,7.38079998,48.059669735,QmnJ
A1580201,A158020101,1972-05-30,2106.0,2026-06-02T09:33:34Z,16,Donnée validée,10,Expertisée,20,Bonne,7.38079998,48.059669735,QmnJ
A1580201,A158020101,1972-05-31,1844.0,2026-06-02T09:33:34Z,16,Donnée validée,10,Expertisée,20,Bonne,7.38079998,48.059669735,QmnJ
A1580201,A158020101,1972-06-01,982.0,2026-06-02T09:33:34Z,16,Donnée validée,10,Expertisée,20,Bonne,7.38079998,48.059669735,QmnJ
A1580201,A158020101,1972-06-02,1039.0,2026-06-02T09:33:34Z,16,Donnée validée,10,Expertisée,20,Bonne,7.38079998,48.059669735,QmnJ
A1580201,A158020101,1972-06-03,777.0,2026-06-02T09:33:34Z,16,Donnée validée,10,Expertisée,20,Bonne,7.38079998,48.059669735,QmnJ
A1580201,A158020101,1972-06-04,485.0,2026-06-02T09:33:34Z,16,Donnée validée,10,Expertisée,20,Bonne,7.38079998,48.059669735,QmnJ
A1580201,A158020101,1972-06-05,525.0,2026-06-02T09:33:34Z,16,Donnée validée,10,Expertisée,20,Bonne,7.38079998,48.059669735,QmnJ
A1580201,A158020101,1972-06-06,755.0,2026-06-02T09:33:34Z,16,Donnée validée,10,Expertisée,20,Bonne,7.38079998,48.059669735,QmnJ
A1580201,A158020101,1972-06-07,972.0,2026-06-02T09:33:34Z,16,Donnée validée,10,Expertisée,20,Bonne,7.38079998,48.059669735,QmnJ
A1580201,A158020101,1972-06-08,1131.0,2026-06-02T09:33:34Z,16,Donnée validée,10,Expertisée,20,Bonne,7.38079998,48.059669735,QmnJ
A1580201,A158020101,1972-06-09,984.0,2026-06-02T09:33:34Z,16,Donnée validée,10,Expertisée,20,Bonne,7.38079998,48.059669735,QmnJ
A1580201,A158020101,1972-06-10,947.0,2026-06-02T09:33:34Z,16,Donnée validée,10,Expertisée,20,Bonne,7.38079998,48.059669735,QmnJ
A1580201,A158020101,1972-06-11,976.0,2026-06-02T09:33:34Z,16,Donnée validée,10,Expertisée,20,Bonne,7.38079998,48.059669735,QmnJ
A1580201,A158020101,1972-06-12,1059.0,2026-06-02T09:33:34Z,16,Donnée validée,10,Expertisée,20,Bonne,7.38079998,48.059669735,QmnJ
A1580201,A158020101,1972-06-13,1093.0,2026-06-02T09:33:34Z,16,Donnée validée,10,Expertisée,20,Bonne,7.38079998,48.059669735,QmnJ
A1580201,A158020101,1972-06-14,925.0,2026-06-02T09:33:34Z,16,Donnée validée,10,Expertisée,20,Bonne,7.38079998,48.059669735,QmnJ
A1580201,A158020101,1972-06-15,813.0,2026-06-02T09:33:34Z,16,Donnée validée,10,Expertisée,20,Bonne,7.38079998,48.059669735,QmnJ
A1580201,A158020101,1972-06-16,1720.0,2026-06-02T09:33:34Z,16,Donnée validée,10,Expertisée,20,Bonne,7.38079998,48.059669735,QmnJ
A1580201,A158020101,1972-06-17,1580.0,2026-06-02T09:33:34Z,16,Donnée validée,10,Expertisée,20,Bonne,7.38079998,48.059669735,QmnJ
A1580201,A158020101,1972-06-18,1455.0,2026-06-02T09:33:34Z,16,Donnée validée,10,Expertisée,20,Bonne,7.38079998,48.059669735,QmnJ
A1580201,A158020101,1972-06-19,1250.0,2026-06-02T09:33:34Z,16,Donnée validée,10,Expertisée,20,Bonne,7.38079998,48.059669735,QmnJ
A1580201,A158020101,1972-06-20,1250.0,2026-06-02T09:33:34Z,16,Donnée validée,10,Expertisée,20,Bonne,7.38079998,48.059669735,QmnJ
A1580201,A158020101,1972-06-21,1106.0,2026-06-02T09:33:34Z,16,Donnée validée,10,Expertisée,20,Bonne,7.38079998,48.059669735,QmnJ
A1580201,A158020101,1972-06-22,882.0,2026-06-02T09:33:34Z,16,Donnée validée,10,Expertisée,20,Bonne,7.38079998,48.059669735,QmnJ
A1580201,A158020101,1972-06-23,771.0,2026-06-02T09:33:34Z,16,Donnée validée,10,Expertisée,20,Bonne,7.38079998,48.059669735,QmnJ
A1580201,A158020101,1972-06-24,820.0,2026-06-02T09:33:34Z,16,Donnée validée,10,Expertisée,20,Bonne,7.38079998,48.059669735,QmnJ
A1580201,A158020101,1972-06-25,642.0,2026-06-02T09:33:34Z,16,Donnée validée,10,Expertisée,20,Bonne,7.38079998,48.059669735,QmnJ
A1580201,A158020101,1972-06-26,414.0,2026-06-02T09:33:34Z,16,Donnée validée,10,Expertisée,20,Bonne,7.38079998,48.059669735,QmnJ
A1580201,A158020101,1972-06-27,570.0,2026-06-02T09:33:34Z,16,Donnée validée,10,Expertisée,20,Bonne,7.38079998,48.059669735,QmnJ
A1580201,A158020101,1972-06-28,652.0,2026-06-02T09:33:34Z,16,Donnée validée,10,Expertisée,20,Bonne,7.38079998,48.059669735,QmnJ
A1580201,A158020101,1972-06-29,1034.0,2026-06-02T09:33:34Z,16,Donnée validée,10,Expertisée,20,Bonne,7.38079998,48.059669735,QmnJ
A1580201,A158020101,1972-06-30,1269.0,2026-06-02T09:33:34Z,16,Donnée validée,10,Expertisée,20,Bonne,7.38079998,48.059669735,QmnJ
A1580201,A158020101,1972-07-01,1135.0,2026-06-02T09:33:34Z,16,Donnée validée,10,Expertisée,20,Bonne,7.38079998,48.059669735,QmnJ
A1580201,A158020101,1972-07-02,1082.0,2026-06-02T09:33:34Z,16,Donnée validée,10,Expertisée,20,Bonne,7.38079998,48.059669735,QmnJ
A1580201,A158020101,1972-07-03,1008.0,2026-06-02T09:33:34Z,16,Donnée validée,10,Expertisée,20,Bonne,7.38079998,48.059669735,QmnJ
A1580201,A158020101,1972-07-04,929.0,2026-06-02T09:33:34Z,16,Donnée validée,10,Expertisée,20,Bonne,7.38079998,48.059669735,QmnJ
A1580201,A158020101,1972-07-05,937.0,2026-06-02T09:33:34Z,16,Donnée validée,10,Expertisée,20,Bonne,7.38079998,48.059669735,QmnJ
A1580201,A158020101,1972-07-06,828.0,2026-06-02T09:33:34Z,16,Donnée validée,10,Expertisée,20,Bonne,7.38079998,48.059669735,QmnJ
A1580201,A158020101,1972-07-07,791.0,2026-06-02T09:33:34Z,16,Donnée validée,10,Expertisée,20,Bonne,7.38079998,48.059669735,QmnJ
A1580201,A158020101,1972-07-08,241.0,2026-06-02T09:33:34Z,16,Donnée validée,10,Expertisée,20,Bonne,7.38079998,48.059669735,QmnJ
A1580201,A158020101,1972-07-09,362.0,2026-06-02T09:33:34Z,16,Donnée validée,10,Expertisée,20,Bonne,7.38079998,48.059669735,QmnJ
A1580201,A158020101,1972-07-10,64.0,2026-06-02T09:33:34Z,16,Donnée validée,10,Expertisée,20,Bonne,7.38079998,48.059669735,QmnJ
A1580201,A158020101,1972-07-11,47.0,2026-06-02T09:33:34Z,16,Donnée validée,10,Expertisée,20,Bonne,7.38079998,48.059669735,QmnJ
A1580201,A158020101,1972-07-12,317.0,2026-06-02T09:33:34Z,16,Donnée validée,10,Expertisée,20,Bonne,7.38079998,48.059669735,QmnJ
A1580201,A158020101,1972-07-13,425.0,2026-06-02T09:33:34Z,16,Donnée validée,10,Expertisée,20,Bonne,7.38079998,48.059669735,QmnJ
A1580201,A158020101,1972-07-14,504.0,2026-06-02T09:33:34Z,16,Donnée validée,10,Expertisée,20,Bonne,7.38079998,48.059669735,QmnJ
A1580201,A158020101,1972-07-15,478.0,2026-06-02T09:33:34Z,16,Donnée validée,10,Expertisée,20,Bonne,7.38079998,48.059669735,QmnJ
A1580201,A158020101,1972-07-16,154.0,2026-06-02T09:33:34Z,16,Donnée validée,10,Expertisée,20,Bonne,7.38079998,48.059669735,QmnJ
A1580201,A158020101,1972-07-17,42.0,2026-06-02T09:33:34Z,16,Donnée validée,10,Expertisée,20,Bonne,7.38079998,48.059669735,QmnJ
A1580201,A158020101,1972-07-18,407.0,2026-06-02T09:33:34Z,16,Donnée validée,10,Expertisée,20,Bonne,7.38079998,48.059669735,QmnJ
A1580201,A158020101,1972-07-19,1320.0,2026-06-02T09:33:34Z,16,Donnée validée,10,Expertisée,20,Bonne,7.38079998,48.059669735,QmnJ
A1580201,A158020101,1972-07-20,840.0,2026-06-02T09:33:34Z,16,Donnée validée,10,Expertisée,20,Bonne,7.38079998,48.059669735,QmnJ
A1580201,A158020101,1972-07-21,990.0,2026-06-02T09:33:34Z,16,Donnée validée,10,Expertisée,20,Bonne,7.38079998,48.059669735,QmnJ
A1580201,A158020101,1972-07-22,5163.0,2026-06-02T09:33:34Z,16,Donnée validée,10,Expertisée,20,Bonne,7.38079998,48.059669735,QmnJ
A1580201,A158020101,1972-07-23,2734.0,2026-06-02T09:33:34Z,16,Donnée validée,10,Expertisée,20,Bonne,7.38079998,48.059669735,QmnJ
A1580201,A158020101,1972-07-24,2034.0,2026-06-02T09:33:34Z,16,Donnée validée,10,Expertisée,20,Bonne,7.38079998,48.059669735,QmnJ
A1580201,A158020101,1972-07-25,1923.0,2026-06-02T09:33:34Z,16,Donnée validée,10,Expertisée,20,Bonne,7.38079998,48.059669735,QmnJ
A1580201,A158020101,1972-07-26,1562.0,2026-06-02T09:33:34Z,16,Donnée validée,10,Expertisée,20,Bonne,7.38079998,48.059669735,QmnJ
A1580201,A158020101,1972-07-27,1578.0,2026-06-02T09:33:34Z,16,Donnée validée,10,Expertisée,20,Bonne,7.38079998,48.059669735,QmnJ
A1580201,A158020101,1972-07-28,1620.0,2026-06-02T09:33:34Z,16,Donnée validée,10,Expertisée,20,Bonne,7.38079998,48.059669735,QmnJ
A1580201,A158020101,1972-07-29,1470.0,2026-06-02T09:33:34Z,16,Donnée validée,10,Expertisée,20,Bonne,7.38079998,48.059669735,QmnJ
A1580201,A158020101,1972-07-30,1320.0,2026-06-02T09:33:34Z,16,Donnée validée,10,Expertisée,20,Bonne,7.38079998,48.059669735,QmnJ
A1580201,A158020101,1972-07-31,1368.0,2026-06-02T09:33:34Z,16,Donnée validée,10,Expertisée,20,Bonne,7.38079998,48.059669735,QmnJ
A1580201,A158020101,1972-08-01,1158.0,2026-06-02T09:33:34Z,16,Donnée validée,10,Expertisée,20,Bonne,7.38079998,48.059669735,QmnJ
A1580201,A158020101,1972-08-02,418.0,2026-06-02T09:33:34Z,16,Donnée validée,10,Expertisée,20,Bonne,7.38079998,48.059669735,QmnJ
A1580201,A158020101,1972-08-03,1054.0,2026-06-02T09:33:34Z,16,Donnée validée,10,Expertisée,20,Bonne,7.38079998,48.059669735,QmnJ
A1580201,A158020101,1972-08-04,1022.0,2026-06-02T09:33:34Z,16,Donnée validée,10,Expertisée,20,Bonne,7.38079998,48.059669735,QmnJ
A1580201,A158020101,1972-08-05,902.0,2026-06-02T09:33:34Z,16,Donnée validée,10,Expertisée,20,Bonne,7.38079998,48.059669735,QmnJ
A1580201,A158020101,1972-08-06,693.0,2026-06-02T09:33:34Z,16,Donnée validée,10,Expertisée,20,Bonne,7.38079998,48.059669735,QmnJ
A1580201,A158020101,1972-08-07,634.0,2026-06-02T09:33:34Z,16,Donnée validée,10,Expertisée,20,Bonne,7.38079998,48.059669735,QmnJ
A1580201,A158020101,1972-08-08,673.0,2026-06-02T09:33:34Z,16,Donnée validée,10,Expertisée,20,Bonne,7.38079998,48.059669735,QmnJ
A1580201,A158020101,1972-08-09,737.0,2026-06-02T09:33:34Z,16,Donnée validée,10,Expertisée,20,Bonne,7.38079998,48.059669735,QmnJ
A1580201,A158020101,1972-08-10,617.0,2026-06-02T09:33:34Z,16,Donnée validée,10,Expertisée,20,Bonne,7.38079998,48.059669735,QmnJ
A1580201,A158020101,1972-08-11,600.0,2026-06-02T09:33:34Z,16,Donnée validée,10,Expertisée,20,Bonne,7.38079998,48.059669735,QmnJ
A1580201,A158020101,1972-08-12,600.0,2026-06-02T09:33:34Z,16,Donnée validée,10,Expertisée,20,Bonne,7.38079998,48.059669735,QmnJ
A1580201,A158020101,1972-08-13,531.0,2026-06-02T09:33:34Z,16,Donnée validée,10,Expertisée,20,Bonne,7.38079998,48.059669735,QmnJ
A1580201,A158020101,1972-08-14,510.0,2026-06-02T09:33:34Z,16,Donnée validée,10,Expertisée,20,Bonne,7.38079998,48.059669735,QmnJ
A1580201,A158020101,1972-08-15,715.0,2026-06-02T09:33:34Z,16,Donnée validée,10,Expertisée,20,Bonne,7.38079998,48.059669735,QmnJ
A1580201,A158020101,1972-08-16,1351.0,2026-06-02T09:33:34Z,16,Donnée validée,10,Expertisée,20,Bonne,7.38079998,48.059669735,QmnJ
A1580201,A158020101,1972-08-17,965.0,2026-06-02T09:33:34Z,16,Donnée validée,10,Expertisée,20,Bonne,7.38079998,48.059669735,QmnJ
A1580201,A158020101,1972-08-18,603.0,2026-06-02T09:33:34Z,16,Donnée validée,10,Expertisée,20,Bonne,7.38079998,48.059669735,QmnJ
A1580201,A158020101,1972-08-19,600.0,2026-06-02T09:33:34Z,16,Donnée validée,10,Expertisée,20,Bonne,7.38079998,48.059669735,QmnJ
A1580201,A158020101,1972-08-20,556.0,2026-06-02T09:33:34Z,16,Donnée validée,10,Expertisée,20,Bonne,7.38079998,48.059669735,QmnJ
A1580201,A158020101,1972-08-21,542.0,2026-06-02T09:33:34Z,16,Donnée validée,10,Expertisée,20,Bonne,7.38079998,48.059669735,QmnJ
A1580201,A158020101,1972-08-22,602.0,2026-06-02T09:33:34Z,16,Donnée validée,10,Expertisée,20,Bonne,7.38079998,48.059669735,QmnJ
A1580201,A158020101,1972-08-23,716.0,2026-06-02T09:33:34Z,16,Donnée validée,10,Expertisée,20,Bonne,7.38079998,48.059669735,QmnJ
A1580201,A158020101,1972-08-24,713.0,2026-06-02T09:33:34Z,16,Donnée validée,10,Expertisée,20,Bonne,7.38079998,48.059669735,QmnJ
A1580201,A158020101,1972-08-25,820.0,2026-06-02T09:33:34Z,16,Donnée validée,10,Expertisée,20,Bonne,7.38079998,48.059669735,QmnJ
A1580201,A158020101,1972-08-26,737.0,2026-06-02T09:33:34Z,16,Donnée validée,10,Expertisée,20,Bonne,7.38079998,48.059669735,QmnJ
A1580201,A158020101,1972-08-27,654.0,2026-06-02T09:33:34Z,16,Donnée validée,10,Expertisée,20,Bonne,7.38079998,48.059669735,QmnJ
A1580201,A158020101,1972-08-28,1723.0,2026-06-02T09:33:34Z,16,Donnée validée,10,Expertisée,20,Bonne,7.38079998,48.059669735,QmnJ
A1580201,A158020101,1972-08-29,1202.0,2026-06-02T09:33:34Z,16,Donnée validée,10,Expertisée,20,Bonne,7.38079998,48.059669735,QmnJ
A1580201,A158020101,1972-08-30,647.0,2026-06-02T09:33:34Z,16,Donnée validée,10,Expertisée,20,Bonne,7.38079998,48.059669735,QmnJ
A1580201,A158020101,1972-08-31,814.0,2026-06-02T09:33:34Z,16,Donnée validée,10,Expertisée,20,Bonne,7.38079998,48.059669735,QmnJ
A1580201,A158020101,1972-09-01,820.0,2026-06-02T09:33:34Z,16,Donnée validée,10,Expertisée,20,Bonne,7.38079998,48.059669735,QmnJ
A1580201,A158020101,1972-09-02,820.0,2026-06-02T09:33:34Z,16,Donnée validée,10,Expertisée,20,Bonne,7.38079998,48.059669735,QmnJ
A1580201,A158020101,1972-09-03,582.0,2026-06-02T09:33:34Z,16,Donnée validée,10,Expertisée,20,Bonne,7.38079998,48.059669735,QmnJ
A1580201,A158020101,1972-09-04,434.0,2026-06-02T09:33:34Z,16,Donnée validée,10,Expertisée,20,Bonne,7.38079998,48.059669735,QmnJ
A1580201,A158020101,1972-09-05,441.0,2026-06-02T09:33:34Z,16,Donnée validée,10,Expertisée,20,Bonne,7.38079998,48.059669735,QmnJ
A1580201,A158020101,1972-09-06,611.0,2026-06-02T09:33:34Z,16,Donnée validée,10,Expertisée,20,Bonne,7.38079998,48.059669735,QmnJ
A1580201,A158020101,1972-09-07,360.0,2026-06-02T09:33:34Z,16,Donnée validée,10,Expertisée,20,Bonne,7.38079998,48.059669735,QmnJ
A1580201,A158020101,1972-09-08,338.0,2026-06-02T09:33:34Z,16,Donnée validée,10,Expertisée,20,Bonne,7.38079998,48.059669735,QmnJ
A1580201,A158020101,1972-09-09,424.0,2026-06-02T09:33:34Z,16,Donnée validée,10,Expertisée,20,Bonne,7.38079998,48.059669735,QmnJ
A1580201,A158020101,1972-09-10,409.0,2026-06-02T09:33:34Z,16,Donnée validée,10,Expertisée,20,Bonne,7.38079998,48.059669735,QmnJ
A1580201,A158020101,1972-09-11,299.0,2026-06-02T09:33:34Z,16,Donnée validée,10,Expertisée,20,Bonne,7.38079998,48.059669735,QmnJ
A1580201,A158020101,1972-09-12,412.0,2026-06-02T09:33:34Z,16,Donnée validée,10,Expertisée,20,Bonne,7.38079998,48.059669735,QmnJ
A1580201,A158020101,1972-09-13,496.0,2026-06-02T09:33:34Z,16,Donnée validée,10,Expertisée,20,Bonne,7.38079998,48.059669735,QmnJ
A1580201,A158020101,1972-09-14,600.0,2026-06-02T09:33:34Z,16,Donnée validée,10,Expertisée,20,Bonne,7.38079998,48.059669735,QmnJ
A1580201,A158020101,1972-09-15,547.0,2026-06-02T09:33:34Z,16,Donnée validée,10,Expertisée,20,Bonne,7.38079998,48.059669735,QmnJ
A1580201,A158020101,1972-09-16,510.0,2026-06-02T09:33:34Z,16,Donnée validée,10,Expertisée,20,Bonne,7.38079998,48.059669735,QmnJ
A1580201,A158020101,1972-09-17,546.0,2026-06-02T09:33:34Z,16,Donnée validée,10,Expertisée,20,Bonne,7.38079998,48.059669735,QmnJ
A1580201,A158020101,1972-09-18,206.0,2026-06-02T09:33:34Z,16,Donnée validée,10,Expertisée,20,Bonne,7.38079998,48.059669735,QmnJ
A1580201,A158020101,1972-09-19,470.0,2026-06-02T09:33:34Z,16,Donnée validée,10,Expertisée,20,Bonne,7.38079998,48.059669735,QmnJ
A1580201,A158020101,1972-09-20,600.0,2026-06-02T09:33:34Z,16,Donnée validée,10,Expertisée,20,Bonne,7.38079998,48.059669735,QmnJ
A1580201,A158020101,1972-09-21,349.0,2026-06-02T09:33:34Z,16,Donnée validée,10,Expertisée,20,Bonne,7.38079998,48.059669735,QmnJ
A1580201,A158020101,1972-09-22,157.0,2026-06-02T09:33:34Z,16,Donnée validée,10,Expertisée,20,Bonne,7.38079998,48.059669735,QmnJ
A1580201,A158020101,1972-09-23,128.0,2026-06-02T09:33:34Z,16,Donnée validée,10,Expertisée,20,Bonne,7.38079998,48.059669735,QmnJ
A1580201,A158020101,1972-09-24,100.0,2026-06-02T09:33:34Z,16,Donnée validée,10,Expertisée,20,Bonne,7.38079998,48.059669735,QmnJ
A1580201,A158020101,1972-09-25,272.0,2026-06-02T09:33:34Z,16,Donnée validée,10,Expertisée,20,Bonne,7.38079998,48.059669735,QmnJ
A1580201,A158020101,1972-09-26,454.0,2026-06-02T09:33:34Z,16,Donnée validée,10,Expertisée,20,Bonne,7.38079998,48.059669735,QmnJ
A1580201,A158020101,1972-09-27,288.0,2026-06-02T09:33:34Z,16,Donnée validée,10,Expertisée,20,Bonne,7.38079998,48.059669735,QmnJ
A1580201,A158020101,1972-09-28,293.0,2026-06-02T09:33:34Z,16,Donnée validée,10,Expertisée,20,Bonne,7.38079998,48.059669735,QmnJ
A1580201,A158020101,1972-09-29,321.0,2026-06-02T09:33:34Z,16,Donnée validée,10,Expertisée,20,Bonne,7.38079998,48.059669735,QmnJ
A1580201,A158020101,1972-09-30,313.0,2026-06-02T09:33:34Z,16,Donnée validée,10,Expertisée,20,Bonne,7.38079998,48.059669735,QmnJ
A1580201,A158020101,1972-10-01,278.0,2026-06-02T09:33:34Z,16,Donnée validée,10,Expertisée,20,Bonne,7.38079998,48.059669735,QmnJ
A1580201,A158020101,1972-10-02,290.0,2026-06-02T09:33:34Z,16,Donnée validée,10,Expertisée,20,Bonne,7.38079998,48.059669735,QmnJ
A1580201,A158020101,1972-10-03,341.0,2026-06-02T09:33:34Z,16,Donnée validée,10,Expertisée,20,Bonne,7.38079998,48.059669735,QmnJ
A1580201,A158020101,1972-10-04,383.0,2026-06-02T09:33:34Z,16,Donnée validée,10,Expertisée,20,Bonne,7.38079998,48.059669735,QmnJ
A1580201,A158020101,1972-10-05,575.0,2026-06-02T09:33:34Z,16,Donnée validée,10,Expertisée,20,Bonne,7.38079998,48.059669735,QmnJ
A1580201,A158020101,1972-10-06,735.0,2026-06-02T09:33:34Z,16,Donnée validée,10,Expertisée,20,Bonne,7.38079998,48.059669735,QmnJ
A1580201,A158020101,1972-10-07,700.0,2026-06-02T09:33:34Z,16,Donnée validée,10,Expertisée,20,Bonne,7.38079998,48.059669735,QmnJ
A1580201,A158020101,1972-10-08,723.0,2026-06-02T09:33:34Z,16,Donnée validée,10,Expertisée,20,Bonne,7.38079998,48.059669735,QmnJ
A1580201,A158020101,1972-10-09,525.0,2026-06-02T09:33:34Z,16,Donnée validée,10,Expertisée,20,Bonne,7.38079998,48.059669735,QmnJ
A1580201,A158020101,1972-10-10,576.0,2026-06-02T09:33:34Z,16,Donnée validée,10,Expertisée,20,Bonne,7.38079998,48.059669735,QmnJ
A1580201,A158020101,1972-10-11,600.0,2026-06-02T09:33:34Z,16,Donnée validée,10,Expertisée,20,Bonne,7.38079998,48.059669735,QmnJ
A1580201,A158020101,1972-10-12,600.0,2026-06-02T09:33:34Z,16,Donnée validée,10,Expertisée,20,Bonne,7.38079998,48.059669735,QmnJ
A1580201,A158020101,1972-10-13,600.0,2026-06-02T09:33:34Z,16,Donnée validée,10,Expertisée,20,Bonne,7.38079998,48.059669735,QmnJ
A1580201,A158020101,1972-10-14,636.0,2026-06-02T09:33:34Z,16,Donnée validée,10,Expertisée,20,Bonne,7.38079998,48.059669735,QmnJ
A1580201,A158020101,1972-10-15,453.0,2026-06-02T09:33:34Z,16,Donnée validée,10,Expertisée,20,Bonne,7.38079998,48.059669735,QmnJ
A1580201,A158020101,1972-10-16,649.0,2026-06-02T09:33:34Z,16,Donnée validée,10,Expertisée,20,Bonne,7.38079998,48.059669735,QmnJ
A1580201,A158020101,1972-10-17,716.0,2026-06-02T09:33:34Z,16,Donnée validée,10,Expertisée,20,Bonne,7.38079998,48.059669735,QmnJ
A1580201,A158020101,1972-10-18,786.0,2026-06-02T09:33:34Z,16,Donnée validée,10,Expertisée,20,Bonne,7.38079998,48.059669735,QmnJ
A1580201,A158020101,1972-10-19,714.0,2026-06-02T09:33:34Z,16,Donnée validée,10,Expertisée,20,Bonne,7.38079998,48.059669735,QmnJ
A1580201,A158020101,1972-10-20,554.0,2026-06-02T09:33:34Z,16,Donnée validée,10,Expertisée,20,Bonne,7.38079998,48.059669735,QmnJ
A1580201,A158020101,1972-10-21,618.0,2026-06-02T09:33:34Z,16,Donnée validée,10,Expertisée,20,Bonne,7.38079998,48.059669735,QmnJ
A1580201,A158020101,1972-10-22,616.0,2026-06-02T09:33:34Z,16,Donnée validée,10,Expertisée,20,Bonne,7.38079998,48.059669735,QmnJ
A1580201,A158020101,1972-10-23,598.0,2026-06-02T09:33:34Z,16,Donnée validée,10,Expertisée,20,Bonne,7.38079998,48.059669735,QmnJ
A1580201,A158020101,1972-10-24,680.0,2026-06-02T09:33:34Z,16,Donnée validée,10,Expertisée,20,Bonne,7.38079998,48.059669735,QmnJ
A1580201,A158020101,1972-10-25,639.0,2026-06-02T09:33:34Z,16,Donnée validée,10,Expertisée,20,Bonne,7.38079998,48.059669735,QmnJ
A1580201,A158020101,1972-10-26,682.0,2026-06-02T09:33:34Z,16,Donnée validée,10,Expertisée,20,Bonne,7.38079998,48.059669735,QmnJ
A1580201,A158020101,1972-10-27,654.0,2026-06-02T09:33:34Z,16,Donnée validée,10,Expertisée,20,Bonne,7.38079998,48.059669735,QmnJ
A1580201,A158020101,1972-10-28,644.0,2026-06-02T09:33:34Z,16,Donnée validée,10,Expertisée,20,Bonne,7.38079998,48.059669735,QmnJ
A1580201,A158020101,1972-10-29,724.0,2026-06-02T09:33:34Z,16,Donnée validée,10,Expertisée,20,Bonne,7.38079998,48.059669735,QmnJ
A1580201,A158020101,1972-10-30,559.0,2026-06-02T09:33:34Z,16,Donnée validée,10,Expertisée,20,Bonne,7.38079998,48.059669735,QmnJ
A1580201,A158020101,1972-10-31,600.0,2026-06-02T09:33:34Z,16,Donnée validée,10,Expertisée,20,Bonne,7.38079998,48.059669735,QmnJ
A1580201,A158020101,1972-11-01,600.0,2026-06-02T09:33:34Z,16,Donnée validée,10,Expertisée,20,Bonne,7.38079998,48.059669735,QmnJ
A1580201,A158020101,1972-11-02,600.0,2026-06-02T09:33:34Z,16,Donnée validée,10,Expertisée,20,Bonne,7.38079998,48.059669735,QmnJ
A1580201,A158020101,1972-11-03,600.0,2026-06-02T09:33:34Z,16,Donnée validée,10,Expertisée,20,Bonne,7.38079998,48.059669735,QmnJ
A1580201,A158020101,1972-11-04,600.0,2026-06-02T09:33:34Z,16,Donnée validée,10,Expertisée,20,Bonne,7.38079998,48.059669735,QmnJ
A1580201,A158020101,1972-11-05,594.0,2026-06-02T09:33:34Z,16,Donnée validée,10,Expertisée,20,Bonne,7.38079998,48.059669735,QmnJ
A1580201,A158020101,1972-11-06,466.0,2026-06-02T09:33:34Z,16,Donnée validée,10,Expertisée,20,Bonne,7.38079998,48.059669735,QmnJ
A1580201,A158020101,1972-11-07,525.0,2026-06-02T09:33:34Z,16,Donnée validée,10,Expertisée,20,Bonne,7.38079998,48.059669735,QmnJ
A1580201,A158020101,1972-11-08,542.0,2026-06-02T09:33:34Z,16,Donnée validée,10,Expertisée,20,Bonne,7.38079998,48.059669735,QmnJ
A1580201,A158020101,1972-11-09,591.0,2026-06-02T09:33:34Z,16,Donnée validée,10,Expertisée,20,Bonne,7.38079998,48.059669735,QmnJ
A1580201,A158020101,1972-11-10,600.0,2026-06-02T09:33:34Z,16,Donnée validée,10,Expertisée,20,Bonne,7.38079998,48.059669735,QmnJ
A1580201,A158020101,1972-11-11,600.0,2026-06-02T09:33:34Z,16,Donnée validée,10,Expertisée,20,Bonne,7.38079998,48.059669735,QmnJ
A1580201,A158020101,1972-11-12,698.0,2026-06-02T09:33:34Z,16,Donnée validée,10,Expertisée,20,Bonne,7.38079998,48.059669735,QmnJ
A1580201,A158020101,1972-11-13,1066.0,2026-06-02T09:33:34Z,16,Donnée validée,10,Expertisée,20,Bonne,7.38079998,48.059669735,QmnJ
A1580201,A158020101,1972-11-14,4580.0,2026-06-02T09:33:34Z,16,Donnée validée,10,Expertisée,20,Bonne,7.38079998,48.059669735,QmnJ
A1580201,A158020101,1972-11-15,11057.0,2026-06-02T09:33:34Z,16,Donnée validée,10,Expertisée,20,Bonne,7.38079998,48.059669735,QmnJ
A1580201,A158020101,1972-11-16,6823.0,2026-06-02T09:33:34Z,16,Donnée validée,10,Expertisée,20,Bonne,7.38079998,48.059669735,QmnJ
A1580201,A158020101,1972-11-17,11798.0,2026-06-02T09:33:34Z,16,Donnée validée,10,Expertisée,20,Bonne,7.38079998,48.059669735,QmnJ
A1580201,A158020101,1972-11-18,11722.0,2026-06-02T09:33:34Z,16,Donnée validée,10,Expertisée,20,Bonne,7.38079998,48.059669735,QmnJ
A1580201,A158020101,1972-11-19,8108.0,2026-06-02T09:33:34Z,16,Donnée validée,10,Expertisée,20,Bonne,7.38079998,48.059669735,QmnJ
A1580201,A158020101,1972-11-20,7457.0,2026-06-02T09:33:34Z,16,Donnée validée,10,Expertisée,20,Bonne,7.38079998,48.059669735,QmnJ
A1580201,A158020101,1972-11-21,9775.0,2026-06-02T09:33:34Z,16,Donnée validée,10,Expertisée,20,Bonne,7.38079998,48.059669735,QmnJ
A1580201,A158020101,1972-11-22,8583.0,2026-06-02T09:33:34Z,16,Donnée validée,10,Expertisée,20,Bonne,7.38079998,48.059669735,QmnJ
A1580201,A158020101,1972-11-23,7975.0,2026-06-02T09:33:34Z,16,Donnée validée,10,Expertisée,20,Bonne,7.38079998,48.059669735,QmnJ
A1580201,A158020101,1972-11-24,7648.0,2026-06-02T09:33:34Z,16,Donnée validée,10,Expertisée,20,Bonne,7.38079998,48.059669735,QmnJ
A1580201,A158020101,1972-11-25,6766.0,2026-06-02T09:33:34Z,16,Donnée validée,10,Expertisée,20,Bonne,7.38079998,48.059669735,QmnJ
A1580201,A158020101,1972-11-26,5766.0,2026-06-02T09:33:34Z,16,Donnée validée,10,Expertisée,20,Bonne,7.38079998,48.059669735,QmnJ
A1580201,A158020101,1972-11-27,4956.0,2026-06-02T09:33:34Z,16,Donnée validée,10,Expertisée,20,Bonne,7.38079998,48.059669735,QmnJ
A1580201,A158020101,1972-11-28,4322.0,2026-06-02T09:33:34Z,16,Donnée validée,10,Expertisée,20,Bonne,7.38079998,48.059669735,QmnJ
A1580201,A158020101,1972-11-29,3841.0,2026-06-02T09:33:34Z,16,Donnée validée,10,Expertisée,20,Bonne,7.38079998,48.059669735,QmnJ
A1580201,A158020101,1972-11-30,3456.0,2026-06-02T09:33:34Z,16,Donnée validée,10,Expertisée,20,Bonne,7.38079998,48.059669735,QmnJ
A1580201,A158020101,1972-12-01,3074.0,2026-06-02T09:33:34Z,16,Donnée validée,10,Expertisée,20,Bonne,7.38079998,48.059669735,QmnJ
A1580201,A158020101,1972-12-02,2384.0,2026-06-02T09:33:34Z,16,Donnée validée,10,Expertisée,20,Bonne,7.38079998,48.059669735,QmnJ
A1580201,A158020101,1972-12-03,2110.0,2026-06-02T09:33:34Z,16,Donnée validée,10,Expertisée,20,Bonne,7.38079998,48.059669735,QmnJ
A1580201,A158020101,1972-12-04,2802.0,2026-06-02T09:33:34Z,16,Donnée validée,10,Expertisée,20,Bonne,7.38079998,48.059669735,QmnJ
A1580201,A158020101,1972-12-05,2694.0,2026-06-02T09:33:34Z,16,Donnée validée,10,Expertisée,20,Bonne,7.38079998,48.059669735,QmnJ
A1580201,A158020101,1972-12-06,2553.0,2026-06-02T09:33:34Z,16,Donnée validée,10,Expertisée,20,Bonne,7.38079998,48.059669735,QmnJ
A1580201,A158020101,1972-12-07,2523.0,2026-06-02T09:33:34Z,16,Donnée validée,10,Expertisée,20,Bonne,7.38079998,48.059669735,QmnJ
A1580201,A158020101,1972-12-08,3096.0,2026-06-02T09:33:34Z,16,Donnée validée,10,Expertisée,20,Bonne,7.38079998,48.059669735,QmnJ
A1580201,A158020101,1972-12-09,6737.0,2026-06-02T09:33:34Z,16,Donnée validée,10,Expertisée,20,Bonne,7.38079998,48.059669735,QmnJ
A1580201,A158020101,1972-12-10,6224.0,2026-06-02T09:33:34Z,16,Donnée validée,10,Expertisée,20,Bonne,7.38079998,48.059669735,QmnJ
A1580201,A158020101,1972-12-11,4914.0,2026-06-02T09:33:34Z,16,Donnée validée,10,Expertisée,20,Bonne,7.38079998,48.059669735,QmnJ
A1580201,A158020101,1972-12-12,4261.0,2026-06-02T09:33:34Z,16,Donnée validée,10,Expertisée,20,Bonne,7.38079998,48.059669735,QmnJ
A1580201,A158020101,1972-12-13,3551.0,2026-06-02T09:33:34Z,16,Donnée validée,10,Expertisée,20,Bonne,7.38079998,48.059669735,QmnJ
A1580201,A158020101,1972-12-14,3112.0,2026-06-02T09:33:34Z,16,Donnée validée,10,Expertisée,20,Bonne,7.38079998,48.059669735,QmnJ
A1580201,A158020101,1972-12-15,2836.0,2026-06-02T09:33:34Z,16,Donnée validée,10,Expertisée,20,Bonne,7.38079998,48.059669735,QmnJ
A1580201,A158020101,1972-12-16,2620.0,2026-06-02T09:33:34Z,16,Donnée validée,10,Expertisée,20,Bonne,7.38079998,48.059669735,QmnJ
A1580201,A158020101,1972-12-17,2396.0,2026-06-02T09:33:34Z,16,Donnée validée,10,Expertisée,20,Bonne,7.38079998,48.059669735,QmnJ
A1580201,A158020101,1972-12-18,2170.0,2026-06-02T09:33:34Z,16,Donnée validée,10,Expertisée,20,Bonne,7.38079998,48.059669735,QmnJ
A1580201,A158020101,1972-12-19,2050.0,2026-06-02T09:33:34Z,16,Donnée validée,10,Expertisée,20,Bonne,7.38079998,48.059669735,QmnJ
A1580201,A158020101,1972-12-20,1940.0,2026-06-02T09:33:34Z,16,Donnée validée,10,Expertisée,20,Bonne,7.38079998,48.059669735,QmnJ
A1580201,A158020101,1972-12-21,1752.0,2026-06-02T09:33:34Z,16,Donnée validée,10,Expertisée,20,Bonne,7.38079998,48.059669735,QmnJ
A1580201,A158020101,1972-12-22,1593.0,2026-06-02T09:33:34Z,16,Donnée validée,10,Expertisée,20,Bonne,7.38079998,48.059669735,QmnJ
A1580201,A158020101,1972-12-23,1590.0,2026-06-02T09:33:34Z,16,Donnée validée,10,Expertisée,20,Bonne,7.38079998,48.059669735,QmnJ
A1580201,A158020101,1972-12-24,1550.0,2026-06-02T09:33:34Z,16,Donnée validée,10,Expertisée,20,Bonne,7.38079998,48.059669735,QmnJ
A1580201,A158020101,1972-12-25,1550.0,2026-06-02T09:33:34Z,16,Donnée validée,10,Expertisée,20,Bonne,7.38079998,48.059669735,QmnJ
A1580201,A158020101,1972-12-26,1465.0,2026-06-02T09:33:34Z,16,Donnée validée,10,Expertisée,20,Bonne,7.38079998,48.059669735,QmnJ
A1580201,A158020101,1972-12-27,1400.0,2026-06-02T09:33:34Z,16,Donnée validée,10,Expertisée,20,Bonne,7.38079998,48.059669735,QmnJ
A1580201,A158020101,1972-12-28,1369.0,2026-06-02T09:33:34Z,16,Donnée validée,10,Expertisée,20,Bonne,7.38079998,48.059669735,QmnJ
A1580201,A158020101,1972-12-29,1204.0,2026-06-02T09:33:34Z,16,Donnée validée,10,Expertisée,20,Bonne,7.38079998,48.059669735,QmnJ
A1580201,A158020101,1972-12-30,1112.0,2026-06-02T09:33:34Z,16,Donnée validée,10,Expertisée,20,Bonne,7.38079998,48.059669735,QmnJ
A1580201,A158020101,1972-12-31,1021.0,2026-06-02T09:33:34Z,16,Donnée validée,10,Expertisée,20,Bonne,7.38079998,48.059669735,QmnJ
A1580201,A158020101,1973-01-01,932.0,2026-06-02T09:33:34Z,16,Donnée validée,10,Expertisée,20,Bonne,7.38079998,48.059669735,QmnJ
A1580201,A158020101,1973-01-02,852.0,2026-06-02T09:33:34Z,16,Donnée validée,10,Expertisée,20,Bonne,7.38079998,48.059669735,QmnJ
A1580201,A158020101,1973-01-03,776.0,2026-06-02T09:33:34Z,16,Donnée validée,10,Expertisée,20,Bonne,7.38079998,48.059669735,QmnJ
A1580201,A158020101,1973-01-04,711.0,2026-06-02T09:33:34Z,16,Donnée validée,10,Expertisée,20,Bonne,7.38079998,48.059669735,QmnJ
A1580201,A158020101,1973-01-05,700.0,2026-06-02T09:33:34Z,16,Donnée validée,10,Expertisée,20,Bonne,7.38079998,48.059669735,QmnJ
A1580201,A158020101,1973-01-06,700.0,2026-06-02T09:33:34Z,16,Donnée validée,10,Expertisée,20,Bonne,7.38079998,48.059669735,QmnJ
A1580201,A158020101,1973-01-07,700.0,2026-06-02T09:33:34Z,16,Donnée validée,10,Expertisée,20,Bonne,7.38079998,48.059669735,QmnJ
A1580201,A158020101,1973-01-08,700.0,2026-06-02T09:33:34Z,16,Donnée validée,10,Expertisée,20,Bonne,7.38079998,48.059669735,QmnJ
A1580201,A158020101,1973-01-09,700.0,2026-06-02T09:33:34Z,16,Donnée validée,10,Expertisée,20,Bonne,7.38079998,48.059669735,QmnJ
A1580201,A158020101,1973-01-10,700.0,2026-06-02T09:33:34Z,16,Donnée validée,10,Expertisée,20,Bonne,7.38079998,48.059669735,QmnJ
A1580201,A158020101,1973-01-11,700.0,2026-06-02T09:33:34Z,16,Donnée validée,10,Expertisée,20,Bonne,7.38079998,48.059669735,QmnJ
A1580201,A158020101,1973-01-12,700.0,2026-06-02T09:33:34Z,16,Donnée validée,10,Expertisée,20,Bonne,7.38079998,48.059669735,QmnJ
A1580201,A158020101,1973-01-13,700.0,2026-06-02T09:33:34Z,16,Donnée validée,10,Expertisée,20,Bonne,7.38079998,48.059669735,QmnJ
A1580201,A158020101,1973-01-14,700.0,2026-06-02T09:33:34Z,16,Donnée validée,10,Expertisée,20,Bonne,7.38079998,48.059669735,QmnJ
A1580201,A158020101,1973-01-15,722.0,2026-06-02T09:33:34Z,16,Donnée validée,10,Expertisée,20,Bonne,7.38079998,48.059669735,QmnJ
A1580201,A158020101,1973-01-16,896.0,2026-06-02T09:33:34Z,16,Donnée validée,10,Expertisée,20,Bonne,7.38079998,48.059669735,QmnJ
A1580201,A158020101,1973-01-17,864.0,2026-06-02T09:33:34Z,16,Donnée validée,10,Expertisée,20,Bonne,7.38079998,48.059669735,QmnJ
A1580201,A158020101,1973-01-18,751.0,2026-06-02T09:33:34Z,16,Donnée validée,10,Expertisée,20,Bonne,7.38079998,48.059669735,QmnJ
A1580201,A158020101,1973-01-19,820.0,2026-06-02T09:33:34Z,16,Donnée validée,10,Expertisée,20,Bonne,7.38079998,48.059669735,QmnJ
A1580201,A158020101,1973-01-20,820.0,2026-06-02T09:33:34Z,16,Donnée validée,10,Expertisée,20,Bonne,7.38079998,48.059669735,QmnJ
A1580201,A158020101,1973-01-21,678.0,2026-06-02T09:33:34Z,16,Donnée validée,10,Expertisée,20,Bonne,7.38079998,48.059669735,QmnJ
A1580201,A158020101,1973-01-22,700.0,2026-06-02T09:33:34Z,16,Donnée validée,10,Expertisée,20,Bonne,7.38079998,48.059669735,QmnJ
A1580201,A158020101,1973-01-23,700.0,2026-06-02T09:33:34Z,16,Donnée validée,10,Expertisée,20,Bonne,7.38079998,48.059669735,QmnJ
A1580201,A158020101,1973-01-24,700.0,2026-06-02T09:33:34Z,16,Donnée validée,10,Expertisée,20,Bonne,7.38079998,48.059669735,QmnJ
A1580201,A158020101,1973-01-25,696.0,2026-06-02T09:33:34Z,16,Donnée validée,10,Expertisée,20,Bonne,7.38079998,48.059669735,QmnJ
A1580201,A158020101,1973-01-26,600.0,2026-06-02T09:33:34Z,16,Donnée validée,10,Expertisée,20,Bonne,7.38079998,48.059669735,QmnJ
A1580201,A158020101,1973-01-27,659.0,2026-06-02T09:33:34Z,16,Donnée validée,10,Expertisée,20,Bonne,7.38079998,48.059669735,QmnJ
A1580201,A158020101,1973-01-28,1129.0,2026-06-02T09:33:34Z,16,Donnée validée,10,Expertisée,20,Bonne,7.38079998,48.059669735,QmnJ
A1580201,A158020101,1973-01-29,908.0,2026-06-02T09:33:34Z,16,Donnée validée,10,Expertisée,20,Bonne,7.38079998,48.059669735,QmnJ
A1580201,A158020101,1973-01-30,950.0,2026-06-02T09:33:34Z,16,Donnée validée,10,Expertisée,20,Bonne,7.38079998,48.059669735,QmnJ
A1580201,A158020101,1973-01-31,950.0,2026-06-02T09:33:34Z,16,Donnée validée,10,Expertisée,20,Bonne,7.38079998,48.059669735,QmnJ
A1580201,A158020101,1973-02-01,950.0,2026-06-02T09:33:34Z,16,Donnée validée,10,Expertisée,20,Bonne,7.38079998,48.059669735,QmnJ
A1580201,A158020101,1973-02-02,950.0,2026-06-02T09:33:34Z,16,Donnée validée,10,Expertisée,20,Bonne,7.38079998,48.059669735,QmnJ
A1580201,A158020101,1973-02-03,802.0,2026-06-02T09:33:34Z,16,Donnée validée,10,Expertisée,20,Bonne,7.38079998,48.059669735,QmnJ
A1580201,A158020101,1973-02-04,769.0,2026-06-02T09:33:34Z,16,Donnée validée,10,Expertisée,20,Bonne,7.38079998,48.059669735,QmnJ
A1580201,A158020101,1973-02-05,700.0,2026-06-02T09:33:34Z,16,Donnée validée,10,Expertisée,20,Bonne,7.38079998,48.059669735,QmnJ
A1580201,A158020101,1973-02-06,700.0,2026-06-02T09:33:34Z,16,Donnée validée,10,Expertisée,20,Bonne,7.38079998,48.059669735,QmnJ
A1580201,A158020101,1973-02-07,700.0,2026-06-02T09:33:34Z,16,Donnée validée,10,Expertisée,20,Bonne,7.38079998,48.059669735,QmnJ
A1580201,A158020101,1973-02-08,700.0,2026-06-02T09:33:34Z,16,Donnée validée,10,Expertisée,20,Bonne,7.38079998,48.059669735,QmnJ
A1580201,A158020101,1973-02-09,700.0,2026-06-02T09:33:34Z,16,Donnée validée,10,Expertisée,20,Bonne,7.38079998,48.059669735,QmnJ
A1580201,A158020101,1973-02-10,748.0,2026-06-02T09:33:34Z,16,Donnée validée,10,Expertisée,20,Bonne,7.38079998,48.059669735,QmnJ
A1580201,A158020101,1973-02-11,1010.0,2026-06-02T09:33:34Z,16,Donnée validée,10,Expertisée,20,Bonne,7.38079998,48.059669735,QmnJ
A1580201,A158020101,1973-02-12,810.0,2026-06-02T09:33:34Z,16,Donnée validée,10,Expertisée,20,Bonne,7.38079998,48.059669735,QmnJ
A1580201,A158020101,1973-02-13,2125.0,2026-06-02T09:33:34Z,16,Donnée validée,10,Expertisée,20,Bonne,7.38079998,48.059669735,QmnJ
A1580201,A158020101,1973-02-14,2531.0,2026-06-02T09:33:34Z,16,Donnée validée,10,Expertisée,20,Bonne,7.38079998,48.059669735,QmnJ
A1580201,A158020101,1973-02-15,1970.0,2026-06-02T09:33:34Z,16,Donnée validée,10,Expertisée,20,Bonne,7.38079998,48.059669735,QmnJ
A1580201,A158020101,1973-02-16,1604.0,2026-06-02T09:33:34Z,16,Donnée validée,10,Expertisée,20,Bonne,7.38079998,48.059669735,QmnJ
A1580201,A158020101,1973-02-17,1549.0,2026-06-02T09:33:34Z,16,Donnée validée,10,Expertisée,20,Bonne,7.38079998,48.059669735,QmnJ
A1580201,A158020101,1973-02-18,1454.0,2026-06-02T09:33:34Z,16,Donnée validée,10,Expertisée,20,Bonne,7.38079998,48.059669735,QmnJ
A1580201,A158020101,1973-02-19,1366.0,2026-06-02T09:33:34Z,16,Donnée validée,10,Expertisée,20,Bonne,7.38079998,48.059669735,QmnJ
A1580201,A158020101,1973-02-20,1254.0,2026-06-02T09:33:34Z,16,Donnée validée,10,Expertisée,20,Bonne,7.38079998,48.059669735,QmnJ
A1580201,A158020101,1973-02-21,1172.0,2026-06-02T09:33:34Z,16,Donnée validée,10,Expertisée,20,Bonne,7.38079998,48.059669735,QmnJ
A1580201,A158020101,1973-02-22,1129.0,2026-06-02T09:33:34Z,16,Donnée validée,10,Expertisée,20,Bonne,7.38079998,48.059669735,QmnJ
A1580201,A158020101,1973-02-23,1331.0,2026-06-02T09:33:34Z,16,Donnée validée,10,Expertisée,20,Bonne,7.38079998,48.059669735,QmnJ
A1580201,A158020101,1973-02-24,1759.0,2026-06-02T09:33:34Z,16,Donnée validée,10,Expertisée,20,Bonne,7.38079998,48.059669735,QmnJ
A1580201,A158020101,1973-02-25,1863.0,2026-06-02T09:33:34Z,16,Donnée validée,10,Expertisée,20,Bonne,7.38079998,48.059669735,QmnJ
A1580201,A158020101,1973-02-26,1524.0,2026-06-02T09:33:34Z,16,Donnée validée,10,Expertisée,20,Bonne,7.38079998,48.059669735,QmnJ
A1580201,A158020101,1973-02-27,1400.0,2026-06-02T09:33:34Z,16,Donnée validée,10,Expertisée,20,Bonne,7.38079998,48.059669735,QmnJ
A1580201,A158020101,1973-02-28,1291.0,2026-06-02T09:33:34Z,16,Donnée validée,10,Expertisée,20,Bonne,7.38079998,48.059669735,QmnJ
A1580201,A158020101,1973-03-01,1143.0,2026-06-02T09:33:34Z,16,Donnée validée,10,Expertisée,20,Bonne,7.38079998,48.059669735,QmnJ
A1580201,A158020101,1973-03-02,1248.0,2026-06-02T09:33:34Z,16,Donnée validée,10,Expertisée,20,Bonne,7.38079998,48.059669735,QmnJ
A1580201,A158020101,1973-03-03,1250.0,2026-06-02T09:33:34Z,16,Donnée validée,10,Expertisée,20,Bonne,7.38079998,48.059669735,QmnJ
A1580201,A158020101,1973-03-04,1172.0,2026-06-02T09:33:34Z,16,Donnée validée,10,Expertisée,20,Bonne,7.38079998,48.059669735,QmnJ
A1580201,A158020101,1973-03-05,1147.0,2026-06-02T09:33:34Z,16,Donnée validée,10,Expertisée,20,Bonne,7.38079998,48.059669735,QmnJ
A1580201,A158020101,1973-03-06,1263.0,2026-06-02T09:33:34Z,16,Donnée validée,10,Expertisée,20,Bonne,7.38079998,48.059669735,QmnJ
A1580201,A158020101,1973-03-07,1641.0,2026-06-02T09:33:34Z,16,Donnée validée,10,Expertisée,20,Bonne,7.38079998,48.059669735,QmnJ
A1580201,A158020101,1973-03-08,1860.0,2026-06-02T09:33:34Z,16,Donnée validée,10,Expertisée,20,Bonne,7.38079998,48.059669735,QmnJ
A1580201,A158020101,1973-03-09,1780.0,2026-06-02T09:33:34Z,16,Donnée validée,10,Expertisée,20,Bonne,7.38079998,48.059669735,QmnJ
A1580201,A158020101,1973-03-10,1700.0,2026-06-02T09:33:34Z,16,Donnée validée,10,Expertisée,20,Bonne,7.38079998,48.059669735,QmnJ
A1580201,A158020101,1973-03-11,1700.0,2026-06-02T09:33:34Z,16,Donnée validée,10,Expertisée,20,Bonne,7.38079998,48.059669735,QmnJ
A1580201,A158020101,1973-03-12,1550.0,2026-06-02T09:33:34Z,16,Donnée validée,10,Expertisée,20,Bonne,7.38079998,48.059669735,QmnJ
A1580201,A158020101,1973-03-13,1550.0,2026-06-02T09:33:34Z,16,Donnée validée,10,Expertisée,20,Bonne,7.38079998,48.059669735,QmnJ
A1580201,A158020101,1973-03-14,1470.0,2026-06-02T09:33:34Z,16,Donnée validée,10,Expertisée,20,Bonne,7.38079998,48.059669735,QmnJ
A1580201,A158020101,1973-03-15,1400.0,2026-06-02T09:33:34Z,16,Donnée validée,10,Expertisée,20,Bonne,7.38079998,48.059669735,QmnJ
A1580201,A158020101,1973-03-16,1400.0,2026-06-02T09:33:34Z,16,Donnée validée,10,Expertisée,20,Bonne,7.38079998,48.059669735,QmnJ
A1580201,A158020101,1973-03-17,1130.0,2026-06-02T09:33:34Z,16,Donnée validée,10,Expertisée,20,Bonne,7.38079998,48.059669735,QmnJ
A1580201,A158020101,1973-03-18,1106.0,2026-06-02T09:33:34Z,16,Donnée validée,10,Expertisée,20,Bonne,7.38079998,48.059669735,QmnJ
A1580201,A158020101,1973-03-19,1136.0,2026-06-02T09:33:34Z,16,Donnée validée,10,Expertisée,20,Bonne,7.38079998,48.059669735,QmnJ
A1580201,A158020101,1973-03-20,1056.0,2026-06-02T09:33:34Z,16,Donnée validée,10,Expertisée,20,Bonne,7.38079998,48.059669735,QmnJ
A1580201,A158020101,1973-03-21,1100.0,2026-06-02T09:33:34Z,16,Donnée validée,10,Expertisée,20,Bonne,7.38079998,48.059669735,QmnJ
A1580201,A158020101,1973-03-22,1100.0,2026-06-02T09:33:34Z,16,Donnée validée,10,Expertisée,20,Bonne,7.38079998,48.059669735,QmnJ
A1580201,A158020101,1973-03-23,1123.0,2026-06-02T09:33:34Z,16,Donnée validée,10,Expertisée,20,Bonne,7.38079998,48.059669735,QmnJ
A1580201,A158020101,1973-03-24,1375.0,2026-06-02T09:33:34Z,16,Donnée validée,10,Expertisée,20,Bonne,7.38079998,48.059669735,QmnJ
A1580201,A158020101,1973-03-25,1318.0,2026-06-02T09:33:34Z,16,Donnée validée,10,Expertisée,20,Bonne,7.38079998,48.059669735,QmnJ
A1580201,A158020101,1973-03-26,1773.0,2026-06-02T09:33:34Z,16,Donnée validée,10,Expertisée,20,Bonne,7.38079998,48.059669735,QmnJ
A1580201,A158020101,1973-03-27,1860.0,2026-06-02T09:33:34Z,16,Donnée validée,10,Expertisée,20,Bonne,7.38079998,48.059669735,QmnJ
A1580201,A158020101,1973-03-28,1860.0,2026-06-02T09:33:34Z,16,Donnée validée,10,Expertisée,20,Bonne,7.38079998,48.059669735,QmnJ
A1580201,A158020101,1973-03-29,1883.0,2026-06-02T09:33:34Z,16,Donnée validée,10,Expertisée,20,Bonne,7.38079998,48.059669735,QmnJ
A1580201,A158020101,1973-03-30,2107.0,2026-06-02T09:33:34Z,16,Donnée validée,10,Expertisée,20,Bonne,7.38079998,48.059669735,QmnJ
A1580201,A158020101,1973-03-31,2238.0,2026-06-02T09:33:34Z,16,Donnée validée,10,Expertisée,20,Bonne,7.38079998,48.059669735,QmnJ
A1580201,A158020101,1973-04-01,2128.0,2026-06-02T09:33:34Z,16,Donnée validée,10,Expertisée,20,Bonne,7.38079998,48.059669735,QmnJ
A1580201,A158020101,1973-04-02,1908.0,2026-06-02T09:33:34Z,16,Donnée validée,10,Expertisée,20,Bonne,7.38079998,48.059669735,QmnJ
A1580201,A158020101,1973-04-03,3436.0,2026-06-02T09:33:34Z,16,Donnée validée,10,Expertisée,20,Bonne,7.38079998,48.059669735,QmnJ
A1580201,A158020101,1973-04-04,2898.0,2026-06-02T09:33:34Z,16,Donnée validée,10,Expertisée,20,Bonne,7.38079998,48.059669735,QmnJ
A1580201,A158020101,1973-04-05,2539.0,2026-06-02T09:33:34Z,16,Donnée validée,10,Expertisée,20,Bonne,7.38079998,48.059669735,QmnJ
A1580201,A158020101,1973-04-06,2689.0,2026-06-02T09:33:34Z,16,Donnée validée,10,Expertisée,20,Bonne,7.38079998,48.059669735,QmnJ
A1580201,A158020101,1973-04-07,2473.0,2026-06-02T09:33:34Z,16,Donnée validée,10,Expertisée,20,Bonne,7.38079998,48.059669735,QmnJ
A1580201,A158020101,1973-04-08,2348.0,2026-06-02T09:33:34Z,16,Donnée validée,10,Expertisée,20,Bonne,7.38079998,48.059669735,QmnJ
A1580201,A158020101,1973-04-09,2325.0,2026-06-02T09:33:34Z,16,Donnée validée,10,Expertisée,20,Bonne,7.38079998,48.059669735,QmnJ
A1580201,A158020101,1973-04-10,2911.0,2026-06-02T09:33:34Z,16,Donnée validée,10,Expertisée,20,Bonne,7.38079998,48.059669735,QmnJ
A1580201,A158020101,1973-04-11,3237.0,2026-06-02T09:33:34Z,16,Donnée validée,10,Expertisée,20,Bonne,7.38079998,48.059669735,QmnJ
A1580201,A158020101,1973-04-12,3054.0,2026-06-02T09:33:34Z,16,Donnée validée,10,Expertisée,20,Bonne,7.38079998,48.059669735,QmnJ
A1580201,A158020101,1973-04-13,2516.0,2026-06-02T09:33:34Z,16,Donnée validée,10,Expertisée,20,Bonne,7.38079998,48.059669735,QmnJ
A1580201,A158020101,1973-04-14,2113.0,2026-06-02T09:33:34Z,16,Donnée validée,10,Expertisée,20,Bonne,7.38079998,48.059669735,QmnJ
A1580201,A158020101,1973-04-15,2460.0,2026-06-02T09:33:34Z,16,Donnée validée,10,Expertisée,20,Bonne,7.38079998,48.059669735,QmnJ
A1580201,A158020101,1973-04-16,2860.0,2026-06-02T09:33:34Z,16,Donnée validée,10,Expertisée,20,Bonne,7.38079998,48.059669735,QmnJ
A1580201,A158020101,1973-04-17,2838.0,2026-06-02T09:33:34Z,16,Donnée validée,10,Expertisée,20,Bonne,7.38079998,48.059669735,QmnJ
A1580201,A158020101,1973-04-18,2860.0,2026-06-02T09:33:34Z,16,Donnée validée,10,Expertisée,20,Bonne,7.38079998,48.059669735,QmnJ
A1580201,A158020101,1973-04-19,2973.0,2026-06-02T09:33:34Z,16,Donnée validée,10,Expertisée,20,Bonne,7.38079998,48.059669735,QmnJ
A1580201,A158020101,1973-04-20,3156.0,2026-06-02T09:33:34Z,16,Donnée validée,10,Expertisée,20,Bonne,7.38079998,48.059669735,QmnJ
A1580201,A158020101,1973-04-21,3106.0,2026-06-02T09:33:34Z,16,Donnée validée,10,Expertisée,20,Bonne,7.38079998,48.059669735,QmnJ
A1580201,A158020101,1973-04-22,3027.0,2026-06-02T09:33:34Z,16,Donnée validée,10,Expertisée,20,Bonne,7.38079998,48.059669735,QmnJ
A1580201,A158020101,1973-04-23,2815.0,2026-06-02T09:33:34Z,16,Donnée validée,10,Expertisée,20,Bonne,7.38079998,48.059669735,QmnJ
A1580201,A158020101,1973-04-24,2731.0,2026-06-02T09:33:34Z,16,Donnée validée,10,Expertisée,20,Bonne,7.38079998,48.059669735,QmnJ
A1580201,A158020101,1973-04-25,2731.0,2026-06-02T09:33:34Z,16,Donnée validée,10,Expertisée,20,Bonne,7.38079998,48.059669735,QmnJ
A1580201,A158020101,1973-04-26,2855.0,2026-06-02T09:33:34Z,16,Donnée validée,10,Expertisée,20,Bonne,7.38079998,48.059669735,QmnJ
A1580201,A158020101,1973-04-27,2780.0,2026-06-02T09:33:34Z,16,Donnée validée,10,Expertisée,20,Bonne,7.38079998,48.059669735,QmnJ
A1580201,A158020101,1973-04-28,2844.0,2026-06-02T09:33:34Z,16,Donnée validée,10,Expertisée,20,Bonne,7.38079998,48.059669735,QmnJ
A1580201,A158020101,1973-04-29,3327.0,2026-06-02T09:33:34Z,16,Donnée validée,10,Expertisée,20,Bonne,7.38079998,48.059669735,QmnJ
A1580201,A158020101,1973-04-30,4364.0,2026-06-02T09:33:34Z,16,Donnée validée,10,Expertisée,20,Bonne,7.38079998,48.059669735,QmnJ
A1580201,A158020101,1973-05-01,4570.0,2026-06-02T09:33:34Z,16,Donnée validée,10,Expertisée,20,Bonne,7.38079998,48.059669735,QmnJ
A1580201,A158020101,1973-05-02,5389.0,2026-06-02T09:33:34Z,16,Donnée validée,10,Expertisée,20,Bonne,7.38079998,48.059669735,QmnJ
A1580201,A158020101,1973-05-03,6523.0,2026-06-02T09:33:34Z,16,Donnée validée,10,Expertisée,20,Bonne,7.38079998,48.059669735,QmnJ
A1580201,A158020101,1973-05-04,5738.0,2026-06-02T09:33:34Z,16,Donnée validée,10,Expertisée,20,Bonne,7.38079998,48.059669735,QmnJ
A1580201,A158020101,1973-05-05,5144.0,2026-06-02T09:33:34Z,16,Donnée validée,10,Expertisée,20,Bonne,7.38079998,48.059669735,QmnJ
A1580201,A158020101,1973-05-06,5765.0,2026-06-02T09:33:34Z,16,Donnée validée,10,Expertisée,20,Bonne,7.38079998,48.059669735,QmnJ
A1580201,A158020101,1973-05-07,5990.0,2026-06-02T09:33:34Z,16,Donnée validée,10,Expertisée,20,Bonne,7.38079998,48.059669735,QmnJ
A1580201,A158020101,1973-05-08,5980.0,2026-06-02T09:33:34Z,16,Donnée validée,10,Expertisée,20,Bonne,7.38079998,48.059669735,QmnJ
A1580201,A158020101,1973-05-09,5380.0,2026-06-02T09:33:34Z,16,Donnée validée,10,Expertisée,20,Bonne,7.38079998,48.059669735,QmnJ
A1580201,A158020101,1973-05-10,4926.0,2026-06-02T09:33:34Z,16,Donnée validée,10,Expertisée,20,Bonne,7.38079998,48.059669735,QmnJ
A1580201,A158020101,1973-05-11,4374.0,2026-06-02T09:33:34Z,16,Donnée validée,10,Expertisée,20,Bonne,7.38079998,48.059669735,QmnJ
A1580201,A158020101,1973-05-12,3731.0,2026-06-02T09:33:34Z,16,Donnée validée,10,Expertisée,20,Bonne,7.38079998,48.059669735,QmnJ
A1580201,A158020101,1973-05-13,3045.0,2026-06-02T09:33:34Z,16,Donnée validée,10,Expertisée,20,Bonne,7.38079998,48.059669735,QmnJ
A1580201,A158020101,1973-05-14,2566.0,2026-06-02T09:33:34Z,16,Donnée validée,10,Expertisée,20,Bonne,7.38079998,48.059669735,QmnJ
A1580201,A158020101,1973-05-15,2718.0,2026-06-02T09:33:34Z,16,Donnée validée,10,Expertisée,20,Bonne,7.38079998,48.059669735,QmnJ
A1580201,A158020101,1973-05-16,2617.0,2026-06-02T09:33:34Z,16,Donnée validée,10,Expertisée,20,Bonne,7.38079998,48.059669735,QmnJ
A1580201,A158020101,1973-05-17,2781.0,2026-06-02T09:33:34Z,16,Donnée validée,10,Expertisée,20,Bonne,7.38079998,48.059669735,QmnJ
A1580201,A158020101,1973-05-18,2795.0,2026-06-02T09:33:34Z,16,Donnée validée,10,Expertisée,20,Bonne,7.38079998,48.059669735,QmnJ
A1580201,A158020101,1973-05-19,2671.0,2026-06-02T09:33:34Z,16,Donnée validée,10,Expertisée,20,Bonne,7.38079998,48.059669735,QmnJ
A1580201,A158020101,1973-05-20,2579.0,2026-06-02T09:33:34Z,16,Donnée validée,10,Expertisée,20,Bonne,7.38079998,48.059669735,QmnJ
A1580201,A158020101,1973-05-21,2142.0,2026-06-02T09:33:34Z,16,Donnée validée,10,Expertisée,20,Bonne,7.38079998,48.059669735,QmnJ
A1580201,A158020101,1973-05-22,2609.0,2026-06-02T09:33:34Z,16,Donnée validée,10,Expertisée,20,Bonne,7.38079998,48.059669735,QmnJ
A1580201,A158020101,1973-05-23,2258.0,2026-06-02T09:33:34Z,16,Donnée validée,10,Expertisée,20,Bonne,7.38079998,48.059669735,QmnJ
A1580201,A158020101,1973-05-24,2180.0,2026-06-02T09:33:34Z,16,Donnée validée,10,Expertisée,20,Bonne,7.38079998,48.059669735,QmnJ
A1580201,A158020101,1973-05-25,1952.0,2026-06-02T09:33:34Z,16,Donnée validée,10,Expertisée,20,Bonne,7.38079998,48.059669735,QmnJ
A1580201,A158020101,1973-05-26,1712.0,2026-06-02T09:33:34Z,16,Donnée validée,10,Expertisée,20,Bonne,7.38079998,48.059669735,QmnJ
A1580201,A158020101,1973-05-27,1305.0,2026-06-02T09:33:34Z,16,Donnée validée,10,Expertisée,20,Bonne,7.38079998,48.059669735,QmnJ
A1580201,A158020101,1973-05-28,1169.0,2026-06-02T09:33:34Z,16,Donnée validée,10,Expertisée,20,Bonne,7.38079998,48.059669735,QmnJ
A1580201,A158020101,1973-05-29,1852.0,2026-06-02T09:33:34Z,16,Donnée validée,10,Expertisée,20,Bonne,7.38079998,48.059669735,QmnJ
A1580201,A158020101,1973-05-30,1520.0,2026-06-02T09:33:34Z,16,Donnée validée,10,Expertisée,20,Bonne,7.38079998,48.059669735,QmnJ
A1580201,A158020101,1973-05-31,1291.0,2026-06-02T09:33:34Z,16,Donnée validée,10,Expertisée,20,Bonne,7.38079998,48.059669735,QmnJ
A1580201,A158020101,1973-06-01,1660.0,2026-06-02T09:33:34Z,16,Donnée validée,10,Expertisée,20,Bonne,7.38079998,48.059669735,QmnJ
A1580201,A158020101,1973-06-02,1646.0,2026-06-02T09:33:34Z,16,Donnée validée,10,Expertisée,20,Bonne,7.38079998,48.059669735,QmnJ
A1580201,A158020101,1973-06-03,1461.0,2026-06-02T09:33:34Z,16,Donnée validée,10,Expertisée,20,Bonne,7.38079998,48.059669735,QmnJ
A1580201,A158020101,1973-06-04,1334.0,2026-06-02T09:33:34Z,16,Donnée validée,10,Expertisée,20,Bonne,7.38079998,48.059669735,QmnJ
A1580201,A158020101,1973-06-05,1053.0,2026-06-02T09:33:34Z,16,Donnée validée,10,Expertisée,20,Bonne,7.38079998,48.059669735,QmnJ
A1580201,A158020101,1973-06-06,898.0,2026-06-02T09:33:34Z,16,Donnée validée,10,Expertisée,20,Bonne,7.38079998,48.059669735,QmnJ
A1580201,A158020101,1973-06-07,799.0,2026-06-02T09:33:34Z,16,Donnée validée,10,Expertisée,20,Bonne,7.38079998,48.059669735,QmnJ
A1580201,A158020101,1973-06-08,756.0,2026-06-02T09:33:34Z,16,Donnée validée,10,Expertisée,20,Bonne,7.38079998,48.059669735,QmnJ
A1580201,A158020101,1973-06-09,734.0,2026-06-02T09:33:34Z,16,Donnée validée,10,Expertisée,20,Bonne,7.38079998,48.059669735,QmnJ
A1580201,A158020101,1973-06-10,693.0,2026-06-02T09:33:34Z,16,Donnée validée,10,Expertisée,20,Bonne,7.38079998,48.059669735,QmnJ
A1580201,A158020101,1973-06-11,517.0,2026-06-02T09:33:34Z,16,Donnée validée,10,Expertisée,20,Bonne,7.38079998,48.059669735,QmnJ
A1580201,A158020101,1973-06-12,797.0,2026-06-02T09:33:34Z,16,Donnée validée,10,Expertisée,20,Bonne,7.38079998,48.059669735,QmnJ
A1580201,A158020101,1973-06-13,776.0,2026-06-02T09:33:34Z,16,Donnée validée,10,Expertisée,20,Bonne,7.38079998,48.059669735,QmnJ
A1580201,A158020101,1973-06-14,559.0,2026-06-02T09:33:34Z,16,Donnée validée,10,Expertisée,20,Bonne,7.38079998,48.059669735,QmnJ
A1580201,A158020101,1973-06-15,600.0,2026-06-02T09:33:34Z,16,Donnée validée,10,Expertisée,20,Bonne,7.38079998,48.059669735,QmnJ
A1580201,A158020101,1973-06-16,600.0,2026-06-02T09:33:34Z,16,Donnée validée,10,Expertisée,20,Bonne,7.38079998,48.059669735,QmnJ
A1580201,A158020101,1973-06-17,475.0,2026-06-02T09:33:34Z,16,Donnée validée,10,Expertisée,20,Bonne,7.38079998,48.059669735,QmnJ
A1580201,A158020101,1973-06-18,401.0,2026-06-02T09:33:34Z,16,Donnée validée,10,Expertisée,20,Bonne,7.38079998,48.059669735,QmnJ
A1580201,A158020101,1973-06-19,459.0,2026-06-02T09:33:34Z,16,Donnée validée,10,Expertisée,20,Bonne,7.38079998,48.059669735,QmnJ
A1580201,A158020101,1973-06-20,430.0,2026-06-02T09:33:34Z,16,Donnée validée,10,Expertisée,20,Bonne,7.38079998,48.059669735,QmnJ
A1580201,A158020101,1973-06-21,545.0,2026-06-02T09:33:34Z,16,Donnée validée,10,Expertisée,20,Bonne,7.38079998,48.059669735,QmnJ
A1580201,A158020101,1973-06-22,573.0,2026-06-02T09:33:34Z,16,Donnée validée,10,Expertisée,20,Bonne,7.38079998,48.059669735,QmnJ
A1580201,A158020101,1973-06-23,1486.0,2026-06-02T09:33:34Z,16,Donnée validée,10,Expertisée,20,Bonne,7.38079998,48.059669735,QmnJ
A1580201,A158020101,1973-06-24,3902.0,2026-06-02T09:33:34Z,16,Donnée validée,10,Expertisée,20,Bonne,7.38079998,48.059669735,QmnJ
A1580201,A158020101,1973-06-25,3249.0,2026-06-02T09:33:34Z,16,Donnée validée,10,Expertisée,20,Bonne,7.38079998,48.059669735,QmnJ
A1580201,A158020101,1973-06-26,2634.0,2026-06-02T09:33:34Z,16,Donnée validée,10,Expertisée,20,Bonne,7.38079998,48.059669735,QmnJ
A1580201,A158020101,1973-06-27,1402.0,2026-06-02T09:33:34Z,16,Donnée validée,10,Expertisée,20,Bonne,7.38079998,48.059669735,QmnJ
A1580201,A158020101,1973-06-28,1089.0,2026-06-02T09:33:34Z,16,Donnée validée,10,Expertisée,20,Bonne,7.38079998,48.059669735,QmnJ
A1580201,A158020101,1973-06-29,906.0,2026-06-02T09:33:34Z,16,Donnée validée,10,Expertisée,20,Bonne,7.38079998,48.059669735,QmnJ
A1580201,A158020101,1973-06-30,863.0,2026-06-02T09:33:34Z,16,Donnée validée,10,Expertisée,20,Bonne,7.38079998,48.059669735,QmnJ
A1580201,A158020101,1973-07-01,914.0,2026-06-02T09:33:34Z,16,Donnée validée,10,Expertisée,20,Bonne,7.38079998,48.059669735,QmnJ
A1580201,A158020101,1973-07-02,674.0,2026-06-02T09:33:34Z,16,Donnée validée,10,Expertisée,20,Bonne,7.38079998,48.059669735,QmnJ
A1580201,A158020101,1973-07-03,673.0,2026-06-02T09:33:34Z,16,Donnée validée,10,Expertisée,20,Bonne,7.38079998,48.059669735,QmnJ
A1580201,A158020101,1973-07-04,631.0,2026-06-02T09:33:34Z,16,Donnée validée,10,Expertisée,20,Bonne,7.38079998,48.059669735,QmnJ
A1580201,A158020101,1973-07-05,398.0,2026-06-02T09:33:34Z,16,Donnée validée,10,Expertisée,20,Bonne,7.38079998,48.059669735,QmnJ
A1580201,A158020101,1973-07-06,283.0,2026-06-02T09:33:34Z,16,Donnée validée,10,Expertisée,20,Bonne,7.38079998,48.059669735,QmnJ
A1580201,A158020101,1973-07-07,360.0,2026-06-02T09:33:34Z,16,Donnée validée,10,Expertisée,20,Bonne,7.38079998,48.059669735,QmnJ
A1580201,A158020101,1973-07-08,339.0,2026-06-02T09:33:34Z,16,Donnée validée,10,Expertisée,20,Bonne,7.38079998,48.059669735,QmnJ
A1580201,A158020101,1973-07-09,161.0,2026-06-02T09:33:34Z,16,Donnée validée,10,Expertisée,20,Bonne,7.38079998,48.059669735,QmnJ
A1580201,A158020101,1973-07-10,122.0,2026-06-02T09:33:34Z,16,Donnée validée,10,Expertisée,20,Bonne,7.38079998,48.059669735,QmnJ
A1580201,A158020101,1973-07-11,100.0,2026-06-02T09:33:34Z,16,Donnée validée,10,Expertisée,20,Bonne,7.38079998,48.059669735,QmnJ
A1580201,A158020101,1973-07-12,82.0,2026-06-02T09:33:34Z,16,Donnée validée,10,Expertisée,20,Bonne,7.38079998,48.059669735,QmnJ
A1580201,A158020101,1973-07-13,80.0,2026-06-02T09:33:34Z,16,Donnée validée,10,Expertisée,20,Bonne,7.38079998,48.059669735,QmnJ
A1580201,A158020101,1973-07-14,77.0,2026-06-02T09:33:34Z,16,Donnée validée,10,Expertisée,20,Bonne,7.38079998,48.059669735,QmnJ
A1580201,A158020101,1973-07-15,59.0,2026-06-02T09:33:34Z,16,Donnée validée,10,Expertisée,20,Bonne,7.38079998,48.059669735,QmnJ
A1580201,A158020101,1973-07-16,90.0,2026-06-02T09:33:34Z,16,Donnée validée,10,Expertisée,20,Bonne,7.38079998,48.059669735,QmnJ
A1580201,A158020101,1973-07-17,485.0,2026-06-02T09:33:34Z,16,Donnée validée,10,Expertisée,20,Bonne,7.38079998,48.059669735,QmnJ
A1580201,A158020101,1973-07-18,510.0,2026-06-02T09:33:34Z,16,Donnée validée,10,Expertisée,20,Bonne,7.38079998,48.059669735,QmnJ
A1580201,A158020101,1973-07-19,510.0,2026-06-02T09:33:34Z,16,Donnée validée,10,Expertisée,20,Bonne,7.38079998,48.059669735,QmnJ
A1580201,A158020101,1973-07-20,510.0,2026-06-02T09:33:34Z,16,Donnée validée,10,Expertisée,20,Bonne,7.38079998,48.059669735,QmnJ
A1580201,A158020101,1973-07-21,527.0,2026-06-02T09:33:34Z,16,Donnée validée,10,Expertisée,20,Bonne,7.38079998,48.059669735,QmnJ
A1580201,A158020101,1973-07-22,576.0,2026-06-02T09:33:34Z,16,Donnée validée,10,Expertisée,20,Bonne,7.38079998,48.059669735,QmnJ
A1580201,A158020101,1973-07-23,487.0,2026-06-02T09:33:34Z,16,Donnée validée,10,Expertisée,20,Bonne,7.38079998,48.059669735,QmnJ
A1580201,A158020101,1973-07-24,450.0,2026-06-02T09:33:34Z,16,Donnée validée,10,Expertisée,20,Bonne,7.38079998,48.059669735,QmnJ
A1580201,A158020101,1973-07-25,655.0,2026-06-02T09:33:34Z,16,Donnée validée,10,Expertisée,20,Bonne,7.38079998,48.059669735,QmnJ
A1580201,A158020101,1973-07-26,860.0,2026-06-02T09:33:34Z,16,Donnée validée,10,Expertisée,20,Bonne,7.38079998,48.059669735,QmnJ
A1580201,A158020101,1973-07-27,875.0,2026-06-02T09:33:34Z,16,Donnée validée,10,Expertisée,20,Bonne,7.38079998,48.059669735,QmnJ
A1580201,A158020101,1973-07-28,820.0,2026-06-02T09:33:34Z,16,Donnée validée,10,Expertisée,20,Bonne,7.38079998,48.059669735,QmnJ
A1580201,A158020101,1973-07-29,835.0,2026-06-02T09:33:34Z,16,Donnée validée,10,Expertisée,20,Bonne,7.38079998,48.059669735,QmnJ
A1580201,A158020101,1973-07-30,750.0,2026-06-02T09:33:34Z,16,Donnée validée,10,Expertisée,20,Bonne,7.38079998,48.059669735,QmnJ
A1580201,A158020101,1973-07-31,700.0,2026-06-02T09:33:34Z,16,Donnée validée,10,Expertisée,20,Bonne,7.38079998,48.059669735,QmnJ
A1580201,A158020101,1973-08-01,679.0,2026-06-02T09:33:34Z,16,Donnée validée,10,Expertisée,20,Bonne,7.38079998,48.059669735,QmnJ
A1580201,A158020101,1973-08-02,719.0,2026-06-02T09:33:34Z,16,Donnée validée,10,Expertisée,20,Bonne,7.38079998,48.059669735,QmnJ
A1580201,A158020101,1973-08-03,1084.0,2026-06-02T09:33:34Z,16,Donnée validée,10,Expertisée,20,Bonne,7.38079998,48.059669735,QmnJ
A1580201,A158020101,1973-08-04,1842.0,2026-06-02T09:33:34Z,16,Donnée validée,10,Expertisée,20,Bonne,7.38079998,48.059669735,QmnJ
A1580201,A158020101,1973-08-05,1730.0,2026-06-02T09:33:34Z,16,Donnée validée,10,Expertisée,20,Bonne,7.38079998,48.059669735,QmnJ
A1580201,A158020101,1973-08-06,1367.0,2026-06-02T09:33:34Z,16,Donnée validée,10,Expertisée,20,Bonne,7.38079998,48.059669735,QmnJ
A1580201,A158020101,1973-08-07,1126.0,2026-06-02T09:33:34Z,16,Donnée validée,10,Expertisée,20,Bonne,7.38079998,48.059669735,QmnJ
A1580201,A158020101,1973-08-08,1100.0,2026-06-02T09:33:34Z,16,Donnée validée,10,Expertisée,20,Bonne,7.38079998,48.059669735,QmnJ
A1580201,A158020101,1973-08-09,1115.0,2026-06-02T09:33:34Z,16,Donnée validée,10,Expertisée,20,Bonne,7.38079998,48.059669735,QmnJ
A1580201,A158020101,1973-08-10,1074.0,2026-06-02T09:33:34Z,16,Donnée validée,10,Expertisée,20,Bonne,7.38079998,48.059669735,QmnJ
A1580201,A158020101,1973-08-11,992.0,2026-06-02T09:33:34Z,16,Donnée validée,10,Expertisée,20,Bonne,7.38079998,48.059669735,QmnJ
A1580201,A158020101,1973-08-12,882.0,2026-06-02T09:33:34Z,16,Donnée validée,10,Expertisée,20,Bonne,7.38079998,48.059669735,QmnJ
A1580201,A158020101,1973-08-13,607.0,2026-06-02T09:33:34Z,16,Donnée validée,10,Expertisée,20,Bonne,7.38079998,48.059669735,QmnJ
A1580201,A158020101,1973-08-14,599.0,2026-06-02T09:33:34Z,16,Donnée validée,10,Expertisée,20,Bonne,7.38079998,48.059669735,QmnJ
A1580201,A158020101,1973-08-15,517.0,2026-06-02T09:33:34Z,16,Donnée validée,10,Expertisée,20,Bonne,7.38079998,48.059669735,QmnJ
A1580201,A158020101,1973-08-16,508.0,2026-06-02T09:33:34Z,16,Donnée validée,10,Expertisée,20,Bonne,7.38079998,48.059669735,QmnJ
A1580201,A158020101,1973-08-17,408.0,2026-06-02T09:33:34Z,16,Donnée validée,10,Expertisée,20,Bonne,7.38079998,48.059669735,QmnJ
A1580201,A158020101,1973-08-18,466.0,2026-06-02T09:33:34Z,16,Donnée validée,10,Expertisée,20,Bonne,7.38079998,48.059669735,QmnJ
A1580201,A158020101,1973-08-19,577.0,2026-06-02T09:33:34Z,16,Donnée validée,10,Expertisée,20,Bonne,7.38079998,48.059669735,QmnJ
A1580201,A158020101,1973-08-20,507.0,2026-06-02T09:33:34Z,16,Donnée validée,10,Expertisée,20,Bonne,7.38079998,48.059669735,QmnJ
A1580201,A158020101,1973-08-21,485.0,2026-06-02T09:33:34Z,16,Donnée validée,10,Expertisée,20,Bonne,7.38079998,48.059669735,QmnJ
A1580201,A158020101,1973-08-22,510.0,2026-06-02T09:33:34Z,16,Donnée validée,10,Expertisée,20,Bonne,7.38079998,48.059669735,QmnJ
A1580201,A158020101,1973-08-23,510.0,2026-06-02T09:33:34Z,16,Donnée validée,10,Expertisée,20,Bonne,7.38079998,48.059669735,QmnJ
A1580201,A158020101,1973-08-24,510.0,2026-06-02T09:33:34Z,16,Donnée validée,10,Expertisée,20,Bonne,7.38079998,48.059669735,QmnJ
A1580201,A158020101,1973-08-25,510.0,2026-06-02T09:33:34Z,16,Donnée validée,10,Expertisée,20,Bonne,7.38079998,48.059669735,QmnJ
A1580201,A158020101,1973-08-26,333.0,2026-06-02T09:33:34Z,16,Donnée validée,10,Expertisée,20,Bonne,7.38079998,48.059669735,QmnJ
A1580201,A158020101,1973-08-27,252.0,2026-06-02T09:33:34Z,16,Donnée validée,10,Expertisée,20,Bonne,7.38079998,48.059669735,QmnJ
A1580201,A158020101,1973-08-28,434.0,2026-06-02T09:33:34Z,16,Donnée validée,10,Expertisée,20,Bonne,7.38079998,48.059669735,QmnJ
A1580201,A158020101,1973-08-29,762.0,2026-06-02T09:33:34Z,16,Donnée validée,10,Expertisée,20,Bonne,7.38079998,48.059669735,QmnJ
A1580201,A158020101,1973-08-30,516.0,2026-06-02T09:33:34Z,16,Donnée validée,10,Expertisée,20,Bonne,7.38079998,48.059669735,QmnJ
A1580201,A158020101,1973-08-31,431.0,2026-06-02T09:33:34Z,16,Donnée validée,10,Expertisée,20,Bonne,7.38079998,48.059669735,QmnJ
A1580201,A158020101,1973-09-01,430.0,2026-06-02T09:33:34Z,16,Donnée validée,10,Expertisée,20,Bonne,7.38079998,48.059669735,QmnJ
A1580201,A158020101,1973-09-02,430.0,2026-06-02T09:33:34Z,16,Donnée validée,10,Expertisée,20,Bonne,7.38079998,48.059669735,QmnJ
A1580201,A158020101,1973-09-03,414.0,2026-06-02T09:33:34Z,16,Donnée validée,10,Expertisée,20,Bonne,7.38079998,48.059669735,QmnJ
A1580201,A158020101,1973-09-04,360.0,2026-06-02T09:33:34Z,16,Donnée validée,10,Expertisée,20,Bonne,7.38079998,48.059669735,QmnJ
A1580201,A158020101,1973-09-05,360.0,2026-06-02T09:33:34Z,16,Donnée validée,10,Expertisée,20,Bonne,7.38079998,48.059669735,QmnJ
A1580201,A158020101,1973-09-06,381.0,2026-06-02T09:33:34Z,16,Donnée validée,10,Expertisée,20,Bonne,7.38079998,48.059669735,QmnJ
A1580201,A158020101,1973-09-07,408.0,2026-06-02T09:33:34Z,16,Donnée validée,10,Expertisée,20,Bonne,7.38079998,48.059669735,QmnJ
A1580201,A158020101,1973-09-08,378.0,2026-06-02T09:33:34Z,16,Donnée validée,10,Expertisée,20,Bonne,7.38079998,48.059669735,QmnJ
A1580201,A158020101,1973-09-09,395.0,2026-06-02T09:33:34Z,16,Donnée validée,10,Expertisée,20,Bonne,7.38079998,48.059669735,QmnJ
A1580201,A158020101,1973-09-10,360.0,2026-06-02T09:33:34Z,16,Donnée validée,10,Expertisée,20,Bonne,7.38079998,48.059669735,QmnJ
A1580201,A158020101,1973-09-11,360.0,2026-06-02T09:33:34Z,16,Donnée validée,10,Expertisée,20,Bonne,7.38079998,48.059669735,QmnJ
A1580201,A158020101,1973-09-12,360.0,2026-06-02T09:33:34Z,16,Donnée validée,10,Expertisée,20,Bonne,7.38079998,48.059669735,QmnJ
A1580201,A158020101,1973-09-13,360.0,2026-06-02T09:33:34Z,16,Donnée validée,10,Expertisée,20,Bonne,7.38079998,48.059669735,QmnJ
A1580201,A158020101,1973-09-14,360.0,2026-06-02T09:33:34Z,16,Donnée validée,10,Expertisée,20,Bonne,7.38079998,48.059669735,QmnJ
A1580201,A158020101,1973-09-15,376.0,2026-06-02T09:33:34Z,16,Donnée validée,10,Expertisée,20,Bonne,7.38079998,48.059669735,QmnJ
A1580201,A158020101,1973-09-16,262.0,2026-06-02T09:33:34Z,16,Donnée validée,10,Expertisée,20,Bonne,7.38079998,48.059669735,QmnJ
A1580201,A158020101,1973-09-17,232.0,2026-06-02T09:33:34Z,16,Donnée validée,10,Expertisée,20,Bonne,7.38079998,48.059669735,QmnJ
A1580201,A158020101,1973-09-18,292.0,2026-06-02T09:33:34Z,16,Donnée validée,10,Expertisée,20,Bonne,7.38079998,48.059669735,QmnJ
A1580201,A158020101,1973-09-19,330.0,2026-06-02T09:33:34Z,16,Donnée validée,10,Expertisée,20,Bonne,7.38079998,48.059669735,QmnJ
A1580201,A158020101,1973-09-20,392.0,2026-06-02T09:33:34Z,16,Donnée validée,10,Expertisée,20,Bonne,7.38079998,48.059669735,QmnJ
A1580201,A158020101,1973-09-21,430.0,2026-06-02T09:33:34Z,16,Donnée validée,10,Expertisée,20,Bonne,7.38079998,48.059669735,QmnJ
A1580201,A158020101,1973-09-22,424.0,2026-06-02T09:33:34Z,16,Donnée validée,10,Expertisée,20,Bonne,7.38079998,48.059669735,QmnJ
A1580201,A158020101,1973-09-23,360.0,2026-06-02T09:33:34Z,16,Donnée validée,10,Expertisée,20,Bonne,7.38079998,48.059669735,QmnJ
A1580201,A158020101,1973-09-24,360.0,2026-06-02T09:33:34Z,16,Donnée validée,10,Expertisée,20,Bonne,7.38079998,48.059669735,QmnJ
A1580201,A158020101,1973-09-25,360.0,2026-06-02T09:33:34Z,16,Donnée validée,10,Expertisée,20,Bonne,7.38079998,48.059669735,QmnJ
A1580201,A158020101,1973-09-26,360.0,2026-06-02T09:33:34Z,16,Donnée validée,10,Expertisée,20,Bonne,7.38079998,48.059669735,QmnJ
A1580201,A158020101,1973-09-27,360.0,2026-06-02T09:33:34Z,16,Donnée validée,10,Expertisée,20,Bonne,7.38079998,48.059669735,QmnJ
A1580201,A158020101,1973-09-28,360.0,2026-06-02T09:33:34Z,16,Donnée validée,10,Expertisée,20,Bonne,7.38079998,48.059669735,QmnJ
A1580201,A158020101,1973-09-29,393.0,2026-06-02T09:33:34Z,16,Donnée validée,10,Expertisée,20,Bonne,7.38079998,48.059669735,QmnJ
A1580201,A158020101,1973-09-30,447.0,2026-06-02T09:33:34Z,16,Donnée validée,10,Expertisée,20,Bonne,7.38079998,48.059669735,QmnJ
A1580201,A158020101,1973-10-01,405.0,2026-06-02T09:33:34Z,16,Donnée validée,10,Expertisée,20,Bonne,7.38079998,48.059669735,QmnJ
A1580201,A158020101,1973-10-02,425.0,2026-06-02T09:33:34Z,16,Donnée validée,10,Expertisée,20,Bonne,7.38079998,48.059669735,QmnJ
A1580201,A158020101,1973-10-03,395.0,2026-06-02T09:33:34Z,16,Donnée validée,10,Expertisée,20,Bonne,7.38079998,48.059669735,QmnJ
A1580201,A158020101,1973-10-04,365.0,2026-06-02T09:33:34Z,16,Donnée validée,10,Expertisée,20,Bonne,7.38079998,48.059669735,QmnJ
A1580201,A158020101,1973-10-05,360.0,2026-06-02T09:33:34Z,16,Donnée validée,10,Expertisée,20,Bonne,7.38079998,48.059669735,QmnJ
A1580201,A158020101,1973-10-06,360.0,2026-06-02T09:33:34Z,16,Donnée validée,10,Expertisée,20,Bonne,7.38079998,48.059669735,QmnJ
A1580201,A158020101,1973-10-07,311.0,2026-06-02T09:33:34Z,16,Donnée validée,10,Expertisée,20,Bonne,7.38079998,48.059669735,QmnJ
A1580201,A158020101,1973-10-08,434.0,2026-06-02T09:33:34Z,16,Donnée validée,10,Expertisée,20,Bonne,7.38079998,48.059669735,QmnJ
A1580201,A158020101,1973-10-09,360.0,2026-06-02T09:33:34Z,16,Donnée validée,10,Expertisée,20,Bonne,7.38079998,48.059669735,QmnJ
A1580201,A158020101,1973-10-10,360.0,2026-06-02T09:33:34Z,16,Donnée validée,10,Expertisée,20,Bonne,7.38079998,48.059669735,QmnJ
A1580201,A158020101,1973-10-11,360.0,2026-06-02T09:33:34Z,16,Donnée validée,10,Expertisée,20,Bonne,7.38079998,48.059669735,QmnJ
A1580201,A158020101,1973-10-12,360.0,2026-06-02T09:33:34Z,16,Donnée validée,10,Expertisée,20,Bonne,7.38079998,48.059669735,QmnJ
A1580201,A158020101,1973-10-13,313.0,2026-06-02T09:33:34Z,16,Donnée validée,10,Expertisée,20,Bonne,7.38079998,48.059669735,QmnJ
A1580201,A158020101,1973-10-14,379.0,2026-06-02T09:33:34Z,16,Donnée validée,10,Expertisée,20,Bonne,7.38079998,48.059669735,QmnJ
A1580201,A158020101,1973-10-15,414.0,2026-06-02T09:33:34Z,16,Donnée validée,10,Expertisée,20,Bonne,7.38079998,48.059669735,QmnJ
A1580201,A158020101,1973-10-16,690.0,2026-06-02T09:33:34Z,16,Donnée validée,10,Expertisée,20,Bonne,7.38079998,48.059669735,QmnJ
A1580201,A158020101,1973-10-17,877.0,2026-06-02T09:33:34Z,16,Donnée validée,10,Expertisée,20,Bonne,7.38079998,48.059669735,QmnJ
A1580201,A158020101,1973-10-18,805.0,2026-06-02T09:33:34Z,16,Donnée validée,10,Expertisée,20,Bonne,7.38079998,48.059669735,QmnJ
A1580201,A158020101,1973-10-19,643.0,2026-06-02T09:33:34Z,16,Donnée validée,10,Expertisée,20,Bonne,7.38079998,48.059669735,QmnJ
A1580201,A158020101,1973-10-20,497.0,2026-06-02T09:33:34Z,16,Donnée validée,10,Expertisée,20,Bonne,7.38079998,48.059669735,QmnJ
A1580201,A158020101,1973-10-21,507.0,2026-06-02T09:33:34Z,16,Donnée validée,10,Expertisée,20,Bonne,7.38079998,48.059669735,QmnJ
A1580201,A158020101,1973-10-22,572.0,2026-06-02T09:33:34Z,16,Donnée validée,10,Expertisée,20,Bonne,7.38079998,48.059669735,QmnJ
A1580201,A158020101,1973-10-23,546.0,2026-06-02T09:33:34Z,16,Donnée validée,10,Expertisée,20,Bonne,7.38079998,48.059669735,QmnJ
A1580201,A158020101,1973-10-24,471.0,2026-06-02T09:33:34Z,16,Donnée validée,10,Expertisée,20,Bonne,7.38079998,48.059669735,QmnJ
A1580201,A158020101,1973-10-25,465.0,2026-06-02T09:33:34Z,16,Donnée validée,10,Expertisée,20,Bonne,7.38079998,48.059669735,QmnJ
A1580201,A158020101,1973-10-26,510.0,2026-06-02T09:33:34Z,16,Donnée validée,10,Expertisée,20,Bonne,7.38079998,48.059669735,QmnJ
A1580201,A158020101,1973-10-27,502.0,2026-06-02T09:33:34Z,16,Donnée validée,10,Expertisée,20,Bonne,7.38079998,48.059669735,QmnJ
A1580201,A158020101,1973-10-28,570.0,2026-06-02T09:33:34Z,16,Donnée validée,10,Expertisée,20,Bonne,7.38079998,48.059669735,QmnJ
A1580201,A158020101,1973-10-29,500.0,2026-06-02T09:33:34Z,16,Donnée validée,10,Expertisée,20,Bonne,7.38079998,48.059669735,QmnJ
A1580201,A158020101,1973-10-30,441.0,2026-06-02T09:33:34Z,16,Donnée validée,10,Expertisée,20,Bonne,7.38079998,48.059669735,QmnJ
A1580201,A158020101,1973-10-31,430.0,2026-06-02T09:33:34Z,16,Donnée validée,10,Expertisée,20,Bonne,7.38079998,48.059669735,QmnJ
A1580201,A158020101,1973-11-01,457.0,2026-06-02T09:33:34Z,16,Donnée validée,10,Expertisée,20,Bonne,7.38079998,48.059669735,QmnJ
A1580201,A158020101,1973-11-02,409.0,2026-06-02T09:33:34Z,16,Donnée validée,10,Expertisée,20,Bonne,7.38079998,48.059669735,QmnJ
A1580201,A158020101,1973-11-03,417.0,2026-06-02T09:33:34Z,16,Donnée validée,10,Expertisée,20,Bonne,7.38079998,48.059669735,QmnJ
A1580201,A158020101,1973-11-04,442.0,2026-06-02T09:33:34Z,16,Donnée validée,10,Expertisée,20,Bonne,7.38079998,48.059669735,QmnJ
A1580201,A158020101,1973-11-05,311.0,2026-06-02T09:33:34Z,16,Donnée validée,10,Expertisée,20,Bonne,7.38079998,48.059669735,QmnJ
A1580201,A158020101,1973-11-06,393.0,2026-06-02T09:33:34Z,16,Donnée validée,10,Expertisée,20,Bonne,7.38079998,48.059669735,QmnJ
A1580201,A158020101,1973-11-07,379.0,2026-06-02T09:33:34Z,16,Donnée validée,10,Expertisée,20,Bonne,7.38079998,48.059669735,QmnJ
A1580201,A158020101,1973-11-08,341.0,2026-06-02T09:33:34Z,16,Donnée validée,10,Expertisée,20,Bonne,7.38079998,48.059669735,QmnJ
A1580201,A158020101,1973-11-09,385.0,2026-06-02T09:33:34Z,16,Donnée validée,10,Expertisée,20,Bonne,7.38079998,48.059669735,QmnJ
A1580201,A158020101,1973-11-10,365.0,2026-06-02T09:33:34Z,16,Donnée validée,10,Expertisée,20,Bonne,7.38079998,48.059669735,QmnJ
A1580201,A158020101,1973-11-11,425.0,2026-06-02T09:33:34Z,16,Donnée validée,10,Expertisée,20,Bonne,7.38079998,48.059669735,QmnJ
A1580201,A158020101,1973-11-12,411.0,2026-06-02T09:33:34Z,16,Donnée validée,10,Expertisée,20,Bonne,7.38079998,48.059669735,QmnJ
A1580201,A158020101,1973-11-13,412.0,2026-06-02T09:33:34Z,16,Donnée validée,10,Expertisée,20,Bonne,7.38079998,48.059669735,QmnJ
A1580201,A158020101,1973-11-14,718.0,2026-06-02T09:33:34Z,16,Donnée validée,10,Expertisée,20,Bonne,7.38079998,48.059669735,QmnJ
A1580201,A158020101,1973-11-15,2024.0,2026-06-02T09:33:34Z,16,Donnée validée,10,Expertisée,20,Bonne,7.38079998,48.059669735,QmnJ
A1580201,A158020101,1973-11-16,7541.0,2026-06-02T09:33:34Z,16,Donnée validée,10,Expertisée,20,Bonne,7.38079998,48.059669735,QmnJ
A1580201,A158020101,1973-11-17,5404.0,2026-06-02T09:33:34Z,16,Donnée validée,10,Expertisée,20,Bonne,7.38079998,48.059669735,QmnJ
A1580201,A158020101,1973-11-18,3817.0,2026-06-02T09:33:34Z,16,Donnée validée,10,Expertisée,20,Bonne,7.38079998,48.059669735,QmnJ
A1580201,A158020101,1973-11-19,2980.0,2026-06-02T09:33:34Z,16,Donnée validée,10,Expertisée,20,Bonne,7.38079998,48.059669735,QmnJ
A1580201,A158020101,1973-11-20,2389.0,2026-06-02T09:33:34Z,16,Donnée validée,10,Expertisée,20,Bonne,7.38079998,48.059669735,QmnJ
A1580201,A158020101,1973-11-21,1935.0,2026-06-02T09:33:34Z,16,Donnée validée,10,Expertisée,20,Bonne,7.38079998,48.059669735,QmnJ
A1580201,A158020101,1973-11-22,1790.0,2026-06-02T09:33:34Z,16,Donnée validée,10,Expertisée,20,Bonne,7.38079998,48.059669735,QmnJ
A1580201,A158020101,1973-11-23,1462.0,2026-06-02T09:33:34Z,16,Donnée validée,10,Expertisée,20,Bonne,7.38079998,48.059669735,QmnJ
A1580201,A158020101,1973-11-24,1233.0,2026-06-02T09:33:34Z,16,Donnée validée,10,Expertisée,20,Bonne,7.38079998,48.059669735,QmnJ
A1580201,A158020101,1973-11-25,1112.0,2026-06-02T09:33:34Z,16,Donnée validée,10,Expertisée,20,Bonne,7.38079998,48.059669735,QmnJ
A1580201,A158020101,1973-11-26,1285.0,2026-06-02T09:33:34Z,16,Donnée validée,10,Expertisée,20,Bonne,7.38079998,48.059669735,QmnJ
A1580201,A158020101,1973-11-27,1122.0,2026-06-02T09:33:34Z,16,Donnée validée,10,Expertisée,20,Bonne,7.38079998,48.059669735,QmnJ
A1580201,A158020101,1973-11-28,912.0,2026-06-02T09:33:34Z,16,Donnée validée,10,Expertisée,20,Bonne,7.38079998,48.059669735,QmnJ
A1580201,A158020101,1973-11-29,854.0,2026-06-02T09:33:34Z,16,Donnée validée,10,Expertisée,20,Bonne,7.38079998,48.059669735,QmnJ
A1580201,A158020101,1973-11-30,806.0,2026-06-02T09:33:34Z,16,Donnée validée,10,Expertisée,20,Bonne,7.38079998,48.059669735,QmnJ
A1580201,A158020101,1973-12-01,757.0,2026-06-02T09:33:34Z,16,Donnée validée,10,Expertisée,20,Bonne,7.38079998,48.059669735,QmnJ
A1580201,A158020101,1973-12-02,525.0,2026-06-02T09:33:34Z,16,Donnée validée,10,Expertisée,20,Bonne,7.38079998,48.059669735,QmnJ
A1580201,A158020101,1973-12-03,360.0,2026-06-02T09:33:34Z,16,Donnée validée,10,Expertisée,20,Bonne,7.38079998,48.059669735,QmnJ
A1580201,A158020101,1973-12-04,368.0,2026-06-02T09:33:34Z,16,Donnée validée,10,Expertisée,20,Bonne,7.38079998,48.059669735,QmnJ
A1580201,A158020101,1973-12-05,1033.0,2026-06-02T09:33:34Z,16,Donnée validée,10,Expertisée,20,Bonne,7.38079998,48.059669735,QmnJ
A1580201,A158020101,1973-12-06,1947.0,2026-06-02T09:33:34Z,16,Donnée validée,10,Expertisée,20,Bonne,7.38079998,48.059669735,QmnJ
A1580201,A158020101,1973-12-07,2468.0,2026-06-02T09:33:34Z,16,Donnée validée,10,Expertisée,20,Bonne,7.38079998,48.059669735,QmnJ
A1580201,A158020101,1973-12-08,4388.0,2026-06-02T09:33:34Z,16,Donnée validée,10,Expertisée,20,Bonne,7.38079998,48.059669735,QmnJ
A1580201,A158020101,1973-12-09,5842.0,2026-06-02T09:33:34Z,16,Donnée validée,10,Expertisée,20,Bonne,7.38079998,48.059669735,QmnJ
A1580201,A158020101,1973-12-10,4338.0,2026-06-02T09:33:34Z,16,Donnée validée,10,Expertisée,20,Bonne,7.38079998,48.059669735,QmnJ
A1580201,A158020101,1973-12-11,3488.0,2026-06-02T09:33:34Z,16,Donnée validée,10,Expertisée,20,Bonne,7.38079998,48.059669735,QmnJ
A1580201,A158020101,1973-12-12,2913.0,2026-06-02T09:33:34Z,16,Donnée validée,10,Expertisée,20,Bonne,7.38079998,48.059669735,QmnJ
A1580201,A158020101,1973-12-13,2690.0,2026-06-02T09:33:34Z,16,Donnée validée,10,Expertisée,20,Bonne,7.38079998,48.059669735,QmnJ
A1580201,A158020101,1973-12-14,2874.0,2026-06-02T09:33:34Z,16,Donnée validée,10,Expertisée,20,Bonne,7.38079998,48.059669735,QmnJ
A1580201,A158020101,1973-12-15,4074.0,2026-06-02T09:33:34Z,16,Donnée validée,10,Expertisée,20,Bonne,7.38079998,48.059669735,QmnJ
A1580201,A158020101,1973-12-16,3645.0,2026-06-02T09:33:34Z,16,Donnée validée,10,Expertisée,20,Bonne,7.38079998,48.059669735,QmnJ
A1580201,A158020101,1973-12-17,3306.0,2026-06-02T09:33:34Z,16,Donnée validée,10,Expertisée,20,Bonne,7.38079998,48.059669735,QmnJ
A1580201,A158020101,1973-12-18,2949.0,2026-06-02T09:33:34Z,16,Donnée validée,10,Expertisée,20,Bonne,7.38079998,48.059669735,QmnJ
A1580201,A158020101,1973-12-19,2777.0,2026-06-02T09:33:34Z,16,Donnée validée,10,Expertisée,20,Bonne,7.38079998,48.059669735,QmnJ
A1580201,A158020101,1973-12-20,2616.0,2026-06-02T09:33:34Z,16,Donnée validée,10,Expertisée,20,Bonne,7.38079998,48.059669735,QmnJ
A1580201,A158020101,1973-12-21,2233.0,2026-06-02T09:33:34Z,16,Donnée validée,10,Expertisée,20,Bonne,7.38079998,48.059669735,QmnJ
A1580201,A158020101,1973-12-22,2391.0,2026-06-02T09:33:34Z,16,Donnée validée,10,Expertisée,20,Bonne,7.38079998,48.059669735,QmnJ
A1580201,A158020101,1973-12-23,3360.0,2026-06-02T09:33:34Z,16,Donnée validée,10,Expertisée,20,Bonne,7.38079998,48.059669735,QmnJ
A1580201,A158020101,1973-12-24,3292.0,2026-06-02T09:33:34Z,16,Donnée validée,10,Expertisée,20,Bonne,7.38079998,48.059669735,QmnJ
A1580201,A158020101,1973-12-25,3071.0,2026-06-02T09:33:34Z,16,Donnée validée,10,Expertisée,20,Bonne,7.38079998,48.059669735,QmnJ
A1580201,A158020101,1973-12-26,2762.0,2026-06-02T09:33:34Z,16,Donnée validée,10,Expertisée,20,Bonne,7.38079998,48.059669735,QmnJ
A1580201,A158020101,1973-12-27,2438.0,2026-06-02T09:33:34Z,16,Donnée validée,10,Expertisée,20,Bonne,7.38079998,48.059669735,QmnJ
A1580201,A158020101,1973-12-28,2171.0,2026-06-02T09:33:34Z,16,Donnée validée,10,Expertisée,20,Bonne,7.38079998,48.059669735,QmnJ
A1580201,A158020101,1973-12-29,1933.0,2026-06-02T09:33:34Z,16,Donnée validée,10,Expertisée,20,Bonne,7.38079998,48.059669735,QmnJ
A1580201,A158020101,1973-12-30,1860.0,2026-06-02T09:33:34Z,16,Donnée validée,10,Expertisée,20,Bonne,7.38079998,48.059669735,QmnJ
A1580201,A158020101,1973-12-31,1670.0,2026-06-02T09:33:34Z,16,Donnée validée,10,Expertisée,20,Bonne,7.38079998,48.059669735,QmnJ
A1580201,A158020101,1974-01-01,1550.0,2026-06-02T09:33:34Z,16,Donnée validée,10,Expertisée,20,Bonne,7.38079998,48.059669735,QmnJ
A1580201,A158020101,1974-01-02,1495.0,2026-06-02T09:33:34Z,16,Donnée validée,10,Expertisée,20,Bonne,7.38079998,48.059669735,QmnJ
A1580201,A158020101,1974-01-03,1388.0,2026-06-02T09:33:34Z,16,Donnée validée,10,Expertisée,20,Bonne,7.38079998,48.059669735,QmnJ
A1580201,A158020101,1974-01-04,1256.0,2026-06-02T09:33:34Z,16,Donnée validée,10,Expertisée,20,Bonne,7.38079998,48.059669735,QmnJ
A1580201,A158020101,1974-01-05,1250.0,2026-06-02T09:33:34Z,16,Donnée validée,10,Expertisée,20,Bonne,7.38079998,48.059669735,QmnJ
A1580201,A158020101,1974-01-06,1440.0,2026-06-02T09:33:34Z,16,Donnée validée,10,Expertisée,20,Bonne,7.38079998,48.059669735,QmnJ
A1580201,A158020101,1974-01-07,1792.0,2026-06-02T09:33:34Z,16,Donnée validée,10,Expertisée,20,Bonne,7.38079998,48.059669735,QmnJ
A1580201,A158020101,1974-01-08,1984.0,2026-06-02T09:33:34Z,16,Donnée validée,10,Expertisée,20,Bonne,7.38079998,48.059669735,QmnJ
A1580201,A158020101,1974-01-09,1997.0,2026-06-02T09:33:34Z,16,Donnée validée,10,Expertisée,20,Bonne,7.38079998,48.059669735,QmnJ
A1580201,A158020101,1974-01-10,2538.0,2026-06-02T09:33:34Z,16,Donnée validée,10,Expertisée,20,Bonne,7.38079998,48.059669735,QmnJ
A1580201,A158020101,1974-01-11,2414.0,2026-06-02T09:33:34Z,16,Donnée validée,10,Expertisée,20,Bonne,7.38079998,48.059669735,QmnJ
A1580201,A158020101,1974-01-12,2295.0,2026-06-02T09:33:34Z,16,Donnée validée,10,Expertisée,20,Bonne,7.38079998,48.059669735,QmnJ
A1580201,A158020101,1974-01-13,2350.0,2026-06-02T09:33:34Z,16,Donnée validée,10,Expertisée,20,Bonne,7.38079998,48.059669735,QmnJ
A1580201,A158020101,1974-01-14,2350.0,2026-06-02T09:33:34Z,16,Donnée validée,10,Expertisée,20,Bonne,7.38079998,48.059669735,QmnJ
A1580201,A158020101,1974-01-15,2250.0,2026-06-02T09:33:34Z,16,Donnée validée,10,Expertisée,20,Bonne,7.38079998,48.059669735,QmnJ
A1580201,A158020101,1974-01-16,2552.0,2026-06-02T09:33:34Z,16,Donnée validée,10,Expertisée,20,Bonne,7.38079998,48.059669735,QmnJ
A1580201,A158020101,1974-01-17,3941.0,2026-06-02T09:33:34Z,16,Donnée validée,10,Expertisée,20,Bonne,7.38079998,48.059669735,QmnJ
A1580201,A158020101,1974-01-18,4942.0,2026-06-02T09:33:34Z,16,Donnée validée,10,Expertisée,20,Bonne,7.38079998,48.059669735,QmnJ
A1580201,A158020101,1974-01-19,4949.0,2026-06-02T09:33:34Z,16,Donnée validée,10,Expertisée,20,Bonne,7.38079998,48.059669735,QmnJ
A1580201,A158020101,1974-01-20,4578.0,2026-06-02T09:33:34Z,16,Donnée validée,10,Expertisée,20,Bonne,7.38079998,48.059669735,QmnJ
A1580201,A158020101,1974-01-21,4141.0,2026-06-02T09:33:34Z,16,Donnée validée,10,Expertisée,20,Bonne,7.38079998,48.059669735,QmnJ
A1580201,A158020101,1974-01-22,3539.0,2026-06-02T09:33:34Z,16,Donnée validée,10,Expertisée,20,Bonne,7.38079998,48.059669735,QmnJ
A1580201,A158020101,1974-01-23,3113.0,2026-06-02T09:33:34Z,16,Donnée validée,10,Expertisée,20,Bonne,7.38079998,48.059669735,QmnJ
A1580201,A158020101,1974-01-24,2878.0,2026-06-02T09:33:34Z,16,Donnée validée,10,Expertisée,20,Bonne,7.38079998,48.059669735,QmnJ
A1580201,A158020101,1974-01-25,2721.0,2026-06-02T09:33:34Z,16,Donnée validée,10,Expertisée,20,Bonne,7.38079998,48.059669735,QmnJ
A1580201,A158020101,1974-01-26,2462.0,2026-06-02T09:33:34Z,16,Donnée validée,10,Expertisée,20,Bonne,7.38079998,48.059669735,QmnJ
A1580201,A158020101,1974-01-27,1956.0,2026-06-02T09:33:34Z,16,Donnée validée,10,Expertisée,20,Bonne,7.38079998,48.059669735,QmnJ
A1580201,A158020101,1974-01-28,2039.0,2026-06-02T09:33:34Z,16,Donnée validée,10,Expertisée,20,Bonne,7.38079998,48.059669735,QmnJ
A1580201,A158020101,1974-01-29,2642.0,2026-06-02T09:33:34Z,16,Donnée validée,10,Expertisée,20,Bonne,7.38079998,48.059669735,QmnJ
A1580201,A158020101,1974-01-30,2639.0,2026-06-02T09:33:34Z,16,Donnée validée,10,Expertisée,20,Bonne,7.38079998,48.059669735,QmnJ
A1580201,A158020101,1974-01-31,2425.0,2026-06-02T09:33:34Z,16,Donnée validée,10,Expertisée,20,Bonne,7.38079998,48.059669735,QmnJ
A1580201,A158020101,1974-02-01,2696.0,2026-06-02T09:33:34Z,16,Donnée validée,10,Expertisée,20,Bonne,7.38079998,48.059669735,QmnJ
A1580201,A158020101,1974-02-02,2673.0,2026-06-02T09:33:34Z,16,Donnée validée,10,Expertisée,20,Bonne,7.38079998,48.059669735,QmnJ
A1580201,A158020101,1974-02-03,2497.0,2026-06-02T09:33:34Z,16,Donnée validée,10,Expertisée,20,Bonne,7.38079998,48.059669735,QmnJ
A1580201,A158020101,1974-02-04,2242.0,2026-06-02T09:33:34Z,16,Donnée validée,10,Expertisée,20,Bonne,7.38079998,48.059669735,QmnJ
A1580201,A158020101,1974-02-05,2458.0,2026-06-02T09:33:34Z,16,Donnée validée,10,Expertisée,20,Bonne,7.38079998,48.059669735,QmnJ
A1580201,A158020101,1974-02-06,8042.0,2026-06-02T09:33:34Z,16,Donnée validée,10,Expertisée,20,Bonne,7.38079998,48.059669735,QmnJ
A1580201,A158020101,1974-02-07,13762.0,2026-06-02T09:33:34Z,16,Donnée validée,10,Expertisée,20,Bonne,7.38079998,48.059669735,QmnJ
A1580201,A158020101,1974-02-08,9392.0,2026-06-02T09:33:34Z,16,Donnée validée,10,Expertisée,20,Bonne,7.38079998,48.059669735,QmnJ
A1580201,A158020101,1974-02-09,7651.0,2026-06-02T09:33:34Z,16,Donnée validée,10,Expertisée,20,Bonne,7.38079998,48.059669735,QmnJ
A1580201,A158020101,1974-02-10,8753.0,2026-06-02T09:33:34Z,16,Donnée validée,10,Expertisée,20,Bonne,7.38079998,48.059669735,QmnJ
A1580201,A158020101,1974-02-11,8173.0,2026-06-02T09:33:34Z,16,Donnée validée,10,Expertisée,20,Bonne,7.38079998,48.059669735,QmnJ
A1580201,A158020101,1974-02-12,6988.0,2026-06-02T09:33:34Z,16,Donnée validée,10,Expertisée,20,Bonne,7.38079998,48.059669735,QmnJ
A1580201,A158020101,1974-02-13,5660.0,2026-06-02T09:33:34Z,16,Donnée validée,10,Expertisée,20,Bonne,7.38079998,48.059669735,QmnJ
A1580201,A158020101,1974-02-14,4699.0,2026-06-02T09:33:34Z,16,Donnée validée,10,Expertisée,20,Bonne,7.38079998,48.059669735,QmnJ
A1580201,A158020101,1974-02-15,4064.0,2026-06-02T09:33:34Z,16,Donnée validée,10,Expertisée,20,Bonne,7.38079998,48.059669735,QmnJ
A1580201,A158020101,1974-02-16,3494.0,2026-06-02T09:33:34Z,16,Donnée validée,10,Expertisée,20,Bonne,7.38079998,48.059669735,QmnJ
A1580201,A158020101,1974-02-17,3043.0,2026-06-02T09:33:34Z,16,Donnée validée,10,Expertisée,20,Bonne,7.38079998,48.059669735,QmnJ
A1580201,A158020101,1974-02-18,2985.0,2026-06-02T09:33:34Z,16,Donnée validée,10,Expertisée,20,Bonne,7.38079998,48.059669735,QmnJ
A1580201,A158020101,1974-02-19,3132.0,2026-06-02T09:33:34Z,16,Donnée validée,10,Expertisée,20,Bonne,7.38079998,48.059669735,QmnJ
A1580201,A158020101,1974-02-20,2965.0,2026-06-02T09:33:34Z,16,Donnée validée,10,Expertisée,20,Bonne,7.38079998,48.059669735,QmnJ
A1580201,A158020101,1974-02-21,2715.0,2026-06-02T09:33:34Z,16,Donnée validée,10,Expertisée,20,Bonne,7.38079998,48.059669735,QmnJ
A1580201,A158020101,1974-02-22,2521.0,2026-06-02T09:33:34Z,16,Donnée validée,10,Expertisée,20,Bonne,7.38079998,48.059669735,QmnJ
A1580201,A158020101,1974-02-23,2486.0,2026-06-02T09:33:34Z,16,Donnée validée,10,Expertisée,20,Bonne,7.38079998,48.059669735,QmnJ
A1580201,A158020101,1974-02-24,2383.0,2026-06-02T09:33:34Z,16,Donnée validée,10,Expertisée,20,Bonne,7.38079998,48.059669735,QmnJ
A1580201,A158020101,1974-02-25,2110.0,2026-06-02T09:33:34Z,16,Donnée validée,10,Expertisée,20,Bonne,7.38079998,48.059669735,QmnJ
A1580201,A158020101,1974-02-26,1354.0,2026-06-02T09:33:34Z,16,Donnée validée,10,Expertisée,20,Bonne,7.38079998,48.059669735,QmnJ
A1580201,A158020101,1974-02-27,1724.0,2026-06-02T09:33:34Z,16,Donnée validée,10,Expertisée,20,Bonne,7.38079998,48.059669735,QmnJ
A1580201,A158020101,1974-02-28,1914.0,2026-06-02T09:33:34Z,16,Donnée validée,10,Expertisée,20,Bonne,7.38079998,48.059669735,QmnJ
A1580201,A158020101,1974-03-01,1903.0,2026-06-02T09:33:34Z,16,Donnée validée,10,Expertisée,20,Bonne,7.38079998,48.059669735,QmnJ
A1580201,A158020101,1974-03-02,2436.0,2026-06-02T09:33:34Z,16,Donnée validée,10,Expertisée,20,Bonne,7.38079998,48.059669735,QmnJ
A1580201,A158020101,1974-03-03,2344.0,2026-06-02T09:33:34Z,16,Donnée validée,10,Expertisée,20,Bonne,7.38079998,48.059669735,QmnJ
A1580201,A158020101,1974-03-04,2085.0,2026-06-02T09:33:34Z,16,Donnée validée,10,Expertisée,20,Bonne,7.38079998,48.059669735,QmnJ
A1580201,A158020101,1974-03-05,1944.0,2026-06-02T09:33:34Z,16,Donnée validée,10,Expertisée,20,Bonne,7.38079998,48.059669735,QmnJ
A1580201,A158020101,1974-03-06,1860.0,2026-06-02T09:33:34Z,16,Donnée validée,10,Expertisée,20,Bonne,7.38079998,48.059669735,QmnJ
A1580201,A158020101,1974-03-07,1860.0,2026-06-02T09:33:34Z,16,Donnée validée,10,Expertisée,20,Bonne,7.38079998,48.059669735,QmnJ
A1580201,A158020101,1974-03-08,1798.0,2026-06-02T09:33:34Z,16,Donnée validée,10,Expertisée,20,Bonne,7.38079998,48.059669735,QmnJ
A1580201,A158020101,1974-03-09,1700.0,2026-06-02T09:33:34Z,16,Donnée validée,10,Expertisée,20,Bonne,7.38079998,48.059669735,QmnJ
A1580201,A158020101,1974-03-10,1700.0,2026-06-02T09:33:34Z,16,Donnée validée,10,Expertisée,20,Bonne,7.38079998,48.059669735,QmnJ
A1580201,A158020101,1974-03-11,1634.0,2026-06-02T09:33:34Z,16,Donnée validée,10,Expertisée,20,Bonne,7.38079998,48.059669735,QmnJ
A1580201,A158020101,1974-03-12,1608.0,2026-06-02T09:33:34Z,16,Donnée validée,10,Expertisée,20,Bonne,7.38079998,48.059669735,QmnJ
A1580201,A158020101,1974-03-13,2006.0,2026-06-02T09:33:34Z,16,Donnée validée,10,Expertisée,20,Bonne,7.38079998,48.059669735,QmnJ
A1580201,A158020101,1974-03-14,1906.0,2026-06-02T09:33:34Z,16,Donnée validée,10,Expertisée,20,Bonne,7.38079998,48.059669735,QmnJ
A1580201,A158020101,1974-03-15,1860.0,2026-06-02T09:33:34Z,16,Donnée validée,10,Expertisée,20,Bonne,7.38079998,48.059669735,QmnJ
A1580201,A158020101,1974-03-16,1921.0,2026-06-02T09:33:34Z,16,Donnée validée,10,Expertisée,20,Bonne,7.38079998,48.059669735,QmnJ
A1580201,A158020101,1974-03-17,2650.0,2026-06-02T09:33:34Z,16,Donnée validée,10,Expertisée,20,Bonne,7.38079998,48.059669735,QmnJ
A1580201,A158020101,1974-03-18,4189.0,2026-06-02T09:33:34Z,16,Donnée validée,10,Expertisée,20,Bonne,7.38079998,48.059669735,QmnJ
A1580201,A158020101,1974-03-19,5674.0,2026-06-02T09:33:34Z,16,Donnée validée,10,Expertisée,20,Bonne,7.38079998,48.059669735,QmnJ
A1580201,A158020101,1974-03-20,6303.0,2026-06-02T09:33:34Z,16,Donnée validée,10,Expertisée,20,Bonne,7.38079998,48.059669735,QmnJ
A1580201,A158020101,1974-03-21,5883.0,2026-06-02T09:33:34Z,16,Donnée validée,10,Expertisée,20,Bonne,7.38079998,48.059669735,QmnJ
A1580201,A158020101,1974-03-22,5664.0,2026-06-02T09:33:34Z,16,Donnée validée,10,Expertisée,20,Bonne,7.38079998,48.059669735,QmnJ
A1580201,A158020101,1974-03-23,5194.0,2026-06-02T09:33:34Z,16,Donnée validée,10,Expertisée,20,Bonne,7.38079998,48.059669735,QmnJ
A1580201,A158020101,1974-03-24,4085.0,2026-06-02T09:33:34Z,16,Donnée validée,10,Expertisée,20,Bonne,7.38079998,48.059669735,QmnJ
A1580201,A158020101,1974-03-25,3472.0,2026-06-02T09:33:34Z,16,Donnée validée,10,Expertisée,20,Bonne,7.38079998,48.059669735,QmnJ
A1580201,A158020101,1974-03-26,3182.0,2026-06-02T09:33:34Z,16,Donnée validée,10,Expertisée,20,Bonne,7.38079998,48.059669735,QmnJ
A1580201,A158020101,1974-03-27,2860.0,2026-06-02T09:33:34Z,16,Donnée validée,10,Expertisée,20,Bonne,7.38079998,48.059669735,QmnJ
A1580201,A158020101,1974-03-28,3486.0,2026-06-02T09:33:34Z,16,Donnée validée,10,Expertisée,20,Bonne,7.38079998,48.059669735,QmnJ
A1580201,A158020101,1974-03-29,3534.0,2026-06-02T09:33:34Z,16,Donnée validée,10,Expertisée,20,Bonne,7.38079998,48.059669735,QmnJ
A1580201,A158020101,1974-03-30,3244.0,2026-06-02T09:33:34Z,16,Donnée validée,10,Expertisée,20,Bonne,7.38079998,48.059669735,QmnJ
A1580201,A158020101,1974-03-31,2999.0,2026-06-02T09:33:34Z,16,Donnée validée,10,Expertisée,20,Bonne,7.38079998,48.059669735,QmnJ
A1580201,A158020101,1974-04-01,3001.0,2026-06-02T09:33:34Z,16,Donnée validée,10,Expertisée,20,Bonne,7.38079998,48.059669735,QmnJ
A1580201,A158020101,1974-04-02,2788.0,2026-06-02T09:33:34Z,16,Donnée validée,10,Expertisée,20,Bonne,7.38079998,48.059669735,QmnJ
A1580201,A158020101,1974-04-03,2492.0,2026-06-02T09:33:34Z,16,Donnée validée,10,Expertisée,20,Bonne,7.38079998,48.059669735,QmnJ
A1580201,A158020101,1974-04-04,2322.0,2026-06-02T09:33:34Z,16,Donnée validée,10,Expertisée,20,Bonne,7.38079998,48.059669735,QmnJ
A1580201,A158020101,1974-04-05,2180.0,2026-06-02T09:33:34Z,16,Donnée validée,10,Expertisée,20,Bonne,7.38079998,48.059669735,QmnJ
A1580201,A158020101,1974-04-06,2102.0,2026-06-02T09:33:34Z,16,Donnée validée,10,Expertisée,20,Bonne,7.38079998,48.059669735,QmnJ
A1580201,A158020101,1974-04-07,2097.0,2026-06-02T09:33:34Z,16,Donnée validée,10,Expertisée,20,Bonne,7.38079998,48.059669735,QmnJ
A1580201,A158020101,1974-04-08,1420.0,2026-06-02T09:33:34Z,16,Donnée validée,10,Expertisée,20,Bonne,7.38079998,48.059669735,QmnJ
A1580201,A158020101,1974-04-09,1600.0,2026-06-02T09:33:34Z,16,Donnée validée,10,Expertisée,20,Bonne,7.38079998,48.059669735,QmnJ
A1580201,A158020101,1974-04-10,1860.0,2026-06-02T09:33:34Z,16,Donnée validée,10,Expertisée,20,Bonne,7.38079998,48.059669735,QmnJ
A1580201,A158020101,1974-04-11,1786.0,2026-06-02T09:33:34Z,16,Donnée validée,10,Expertisée,20,Bonne,7.38079998,48.059669735,QmnJ
A1580201,A158020101,1974-04-12,1797.0,2026-06-02T09:33:34Z,16,Donnée validée,10,Expertisée,20,Bonne,7.38079998,48.059669735,QmnJ
A1580201,A158020101,1974-04-13,1809.0,2026-06-02T09:33:34Z,16,Donnée validée,10,Expertisée,20,Bonne,7.38079998,48.059669735,QmnJ
A1580201,A158020101,1974-04-14,1860.0,2026-06-02T09:33:34Z,16,Donnée validée,10,Expertisée,20,Bonne,7.38079998,48.059669735,QmnJ
A1580201,A158020101,1974-04-15,1845.0,2026-06-02T09:33:34Z,16,Donnée validée,10,Expertisée,20,Bonne,7.38079998,48.059669735,QmnJ
A1580201,A158020101,1974-04-16,1373.0,2026-06-02T09:33:34Z,16,Donnée validée,10,Expertisée,20,Bonne,7.38079998,48.059669735,QmnJ
A1580201,A158020101,1974-04-17,1646.0,2026-06-02T09:33:34Z,16,Donnée validée,10,Expertisée,20,Bonne,7.38079998,48.059669735,QmnJ
A1580201,A158020101,1974-04-18,1700.0,2026-06-02T09:33:34Z,16,Donnée validée,10,Expertisée,20,Bonne,7.38079998,48.059669735,QmnJ
A1580201,A158020101,1974-04-19,1700.0,2026-06-02T09:33:34Z,16,Donnée validée,10,Expertisée,20,Bonne,7.38079998,48.059669735,QmnJ
A1580201,A158020101,1974-04-20,1683.0,2026-06-02T09:33:34Z,16,Donnée validée,10,Expertisée,20,Bonne,7.38079998,48.059669735,QmnJ
A1580201,A158020101,1974-04-21,1684.0,2026-06-02T09:33:34Z,16,Donnée validée,10,Expertisée,20,Bonne,7.38079998,48.059669735,QmnJ
A1580201,A158020101,1974-04-22,1456.0,2026-06-02T09:33:34Z,16,Donnée validée,10,Expertisée,20,Bonne,7.38079998,48.059669735,QmnJ
A1580201,A158020101,1974-04-23,1372.0,2026-06-02T09:33:34Z,16,Donnée validée,10,Expertisée,20,Bonne,7.38079998,48.059669735,QmnJ
A1580201,A158020101,1974-04-24,1004.0,2026-06-02T09:33:34Z,16,Donnée validée,10,Expertisée,20,Bonne,7.38079998,48.059669735,QmnJ
A1580201,A158020101,1974-04-25,1279.0,2026-06-02T09:33:34Z,16,Donnée validée,10,Expertisée,20,Bonne,7.38079998,48.059669735,QmnJ
A1580201,A158020101,1974-04-26,1400.0,2026-06-02T09:33:34Z,16,Donnée validée,10,Expertisée,20,Bonne,7.38079998,48.059669735,QmnJ
A1580201,A158020101,1974-04-27,1375.0,2026-06-02T09:33:34Z,16,Donnée validée,10,Expertisée,20,Bonne,7.38079998,48.059669735,QmnJ
A1580201,A158020101,1974-04-28,1183.0,2026-06-02T09:33:34Z,16,Donnée validée,10,Expertisée,20,Bonne,7.38079998,48.059669735,QmnJ
A1580201,A158020101,1974-04-29,883.0,2026-06-02T09:33:34Z,16,Donnée validée,10,Expertisée,20,Bonne,7.38079998,48.059669735,QmnJ
A1580201,A158020101,1974-04-30,1151.0,2026-06-02T09:33:34Z,16,Donnée validée,10,Expertisée,20,Bonne,7.38079998,48.059669735,QmnJ
A1580201,A158020101,1974-05-01,1099.0,2026-06-02T09:33:34Z,16,Donnée validée,10,Expertisée,20,Bonne,7.38079998,48.059669735,QmnJ
A1580201,A158020101,1974-05-02,770.0,2026-06-02T09:33:34Z,16,Donnée validée,10,Expertisée,20,Bonne,7.38079998,48.059669735,QmnJ
A1580201,A158020101,1974-05-03,950.0,2026-06-02T09:33:34Z,16,Donnée validée,10,Expertisée,20,Bonne,7.38079998,48.059669735,QmnJ
A1580201,A158020101,1974-05-04,966.0,2026-06-02T09:33:34Z,16,Donnée validée,10,Expertisée,20,Bonne,7.38079998,48.059669735,QmnJ
A1580201,A158020101,1974-05-05,1087.0,2026-06-02T09:33:34Z,16,Donnée validée,10,Expertisée,20,Bonne,7.38079998,48.059669735,QmnJ
A1580201,A158020101,1974-05-06,951.0,2026-06-02T09:33:34Z,16,Donnée validée,10,Expertisée,20,Bonne,7.38079998,48.059669735,QmnJ
A1580201,A158020101,1974-05-07,950.0,2026-06-02T09:33:34Z,16,Donnée validée,10,Expertisée,20,Bonne,7.38079998,48.059669735,QmnJ
A1580201,A158020101,1974-05-08,950.0,2026-06-02T09:33:34Z,16,Donnée validée,10,Expertisée,20,Bonne,7.38079998,48.059669735,QmnJ
A1580201,A158020101,1974-05-09,950.0,2026-06-02T09:33:34Z,16,Donnée validée,10,Expertisée,20,Bonne,7.38079998,48.059669735,QmnJ
A1580201,A158020101,1974-05-10,950.0,2026-06-02T09:33:34Z,16,Donnée validée,10,Expertisée,20,Bonne,7.38079998,48.059669735,QmnJ
A1580201,A158020101,1974-05-11,994.0,2026-06-02T09:33:34Z,16,Donnée validée,10,Expertisée,20,Bonne,7.38079998,48.059669735,QmnJ
A1580201,A158020101,1974-05-12,1008.0,2026-06-02T09:33:34Z,16,Donnée validée,10,Expertisée,20,Bonne,7.38079998,48.059669735,QmnJ
A1580201,A158020101,1974-05-13,773.0,2026-06-02T09:33:34Z,16,Donnée validée,10,Expertisée,20,Bonne,7.38079998,48.059669735,QmnJ
A1580201,A158020101,1974-05-14,820.0,2026-06-02T09:33:34Z,16,Donnée validée,10,Expertisée,20,Bonne,7.38079998,48.059669735,QmnJ
A1580201,A158020101,1974-05-15,873.0,2026-06-02T09:33:34Z,16,Donnée validée,10,Expertisée,20,Bonne,7.38079998,48.059669735,QmnJ
A1580201,A158020101,1974-05-16,877.0,2026-06-02T09:33:34Z,16,Donnée validée,10,Expertisée,20,Bonne,7.38079998,48.059669735,QmnJ
A1580201,A158020101,1974-05-17,867.0,2026-06-02T09:33:34Z,16,Donnée validée,10,Expertisée,20,Bonne,7.38079998,48.059669735,QmnJ
A1580201,A158020101,1974-05-18,800.0,2026-06-02T09:33:34Z,16,Donnée validée,10,Expertisée,20,Bonne,7.38079998,48.059669735,QmnJ
A1580201,A158020101,1974-05-19,801.0,2026-06-02T09:33:34Z,16,Donnée validée,10,Expertisée,20,Bonne,7.38079998,48.059669735,QmnJ
A1580201,A158020101,1974-05-20,565.0,2026-06-02T09:33:34Z,16,Donnée validée,10,Expertisée,20,Bonne,7.38079998,48.059669735,QmnJ
A1580201,A158020101,1974-05-21,483.0,2026-06-02T09:33:34Z,16,Donnée validée,10,Expertisée,20,Bonne,7.38079998,48.059669735,QmnJ
A1580201,A158020101,1974-05-22,501.0,2026-06-02T09:33:34Z,16,Donnée validée,10,Expertisée,20,Bonne,7.38079998,48.059669735,QmnJ
A1580201,A158020101,1974-05-23,814.0,2026-06-02T09:33:34Z,16,Donnée validée,10,Expertisée,20,Bonne,7.38079998,48.059669735,QmnJ
A1580201,A158020101,1974-05-24,603.0,2026-06-02T09:33:34Z,16,Donnée validée,10,Expertisée,20,Bonne,7.38079998,48.059669735,QmnJ
A1580201,A158020101,1974-05-25,700.0,2026-06-02T09:33:34Z,16,Donnée validée,10,Expertisée,20,Bonne,7.38079998,48.059669735,QmnJ
A1580201,A158020101,1974-05-26,664.0,2026-06-02T09:33:34Z,16,Donnée validée,10,Expertisée,20,Bonne,7.38079998,48.059669735,QmnJ
A1580201,A158020101,1974-05-27,562.0,2026-06-02T09:33:34Z,16,Donnée validée,10,Expertisée,20,Bonne,7.38079998,48.059669735,QmnJ
A1580201,A158020101,1974-05-28,656.0,2026-06-02T09:33:34Z,16,Donnée validée,10,Expertisée,20,Bonne,7.38079998,48.059669735,QmnJ
A1580201,A158020101,1974-05-29,687.0,2026-06-02T09:33:34Z,16,Donnée validée,10,Expertisée,20,Bonne,7.38079998,48.059669735,QmnJ
A1580201,A158020101,1974-05-30,679.0,2026-06-02T09:33:34Z,16,Donnée validée,10,Expertisée,20,Bonne,7.38079998,48.059669735,QmnJ
A1580201,A158020101,1974-05-31,700.0,2026-06-02T09:33:34Z,16,Donnée validée,10,Expertisée,20,Bonne,7.38079998,48.059669735,QmnJ
A1580201,A158020101,1974-06-01,707.0,2026-06-02T09:33:34Z,16,Donnée validée,10,Expertisée,20,Bonne,7.38079998,48.059669735,QmnJ
A1580201,A158020101,1974-06-02,458.0,2026-06-02T09:33:34Z,16,Donnée validée,10,Expertisée,20,Bonne,7.38079998,48.059669735,QmnJ
A1580201,A158020101,1974-06-03,497.0,2026-06-02T09:33:34Z,16,Donnée validée,10,Expertisée,20,Bonne,7.38079998,48.059669735,QmnJ
A1580201,A158020101,1974-06-04,481.0,2026-06-02T09:33:34Z,16,Donnée validée,10,Expertisée,20,Bonne,7.38079998,48.059669735,QmnJ
A1580201,A158020101,1974-06-05,627.0,2026-06-02T09:33:34Z,16,Donnée validée,10,Expertisée,20,Bonne,7.38079998,48.059669735,QmnJ
A1580201,A158020101,1974-06-06,3076.0,2026-06-02T09:33:34Z,16,Donnée validée,10,Expertisée,20,Bonne,7.38079998,48.059669735,QmnJ
A1580201,A158020101,1974-06-07,1892.0,2026-06-02T09:33:34Z,16,Donnée validée,10,Expertisée,20,Bonne,7.38079998,48.059669735,QmnJ
A1580201,A158020101,1974-06-08,1502.0,2026-06-02T09:33:34Z,16,Donnée validée,10,Expertisée,20,Bonne,7.38079998,48.059669735,QmnJ
A1580201,A158020101,1974-06-09,1178.0,2026-06-02T09:33:34Z,16,Donnée validée,10,Expertisée,20,Bonne,7.38079998,48.059669735,QmnJ
A1580201,A158020101,1974-06-10,1183.0,2026-06-02T09:33:34Z,16,Donnée validée,10,Expertisée,20,Bonne,7.38079998,48.059669735,QmnJ
A1580201,A158020101,1974-06-11,1168.0,2026-06-02T09:33:34Z,16,Donnée validée,10,Expertisée,20,Bonne,7.38079998,48.059669735,QmnJ
A1580201,A158020101,1974-06-12,1083.0,2026-06-02T09:33:34Z,16,Donnée validée,10,Expertisée,20,Bonne,7.38079998,48.059669735,QmnJ
A1580201,A158020101,1974-06-13,950.0,2026-06-02T09:33:34Z,16,Donnée validée,10,Expertisée,20,Bonne,7.38079998,48.059669735,QmnJ
A1580201,A158020101,1974-06-14,950.0,2026-06-02T09:33:34Z,16,Donnée validée,10,Expertisée,20,Bonne,7.38079998,48.059669735,QmnJ
A1580201,A158020101,1974-06-15,950.0,2026-06-02T09:33:34Z,16,Donnée validée,10,Expertisée,20,Bonne,7.38079998,48.059669735,QmnJ
A1580201,A158020101,1974-06-16,786.0,2026-06-02T09:33:34Z,16,Donnée validée,10,Expertisée,20,Bonne,7.38079998,48.059669735,QmnJ
A1580201,A158020101,1974-06-17,517.0,2026-06-02T09:33:34Z,16,Donnée validée,10,Expertisée,20,Bonne,7.38079998,48.059669735,QmnJ
A1580201,A158020101,1974-06-18,1014.0,2026-06-02T09:33:34Z,16,Donnée validée,10,Expertisée,20,Bonne,7.38079998,48.059669735,QmnJ
A1580201,A158020101,1974-06-19,944.0,2026-06-02T09:33:34Z,16,Donnée validée,10,Expertisée,20,Bonne,7.38079998,48.059669735,QmnJ
A1580201,A158020101,1974-06-20,849.0,2026-06-02T09:33:34Z,16,Donnée validée,10,Expertisée,20,Bonne,7.38079998,48.059669735,QmnJ
A1580201,A158020101,1974-06-21,820.0,2026-06-02T09:33:34Z,16,Donnée validée,10,Expertisée,20,Bonne,7.38079998,48.059669735,QmnJ
A1580201,A158020101,1974-06-22,910.0,2026-06-02T09:33:34Z,16,Donnée validée,10,Expertisée,20,Bonne,7.38079998,48.059669735,QmnJ
A1580201,A158020101,1974-06-23,963.0,2026-06-02T09:33:34Z,16,Donnée validée,10,Expertisée,20,Bonne,7.38079998,48.059669735,QmnJ
A1580201,A158020101,1974-06-24,649.0,2026-06-02T09:33:34Z,16,Donnée validée,10,Expertisée,20,Bonne,7.38079998,48.059669735,QmnJ
A1580201,A158020101,1974-06-25,1014.0,2026-06-02T09:33:34Z,16,Donnée validée,10,Expertisée,20,Bonne,7.38079998,48.059669735,QmnJ
A1580201,A158020101,1974-06-26,950.0,2026-06-02T09:33:34Z,16,Donnée validée,10,Expertisée,20,Bonne,7.38079998,48.059669735,QmnJ
A1580201,A158020101,1974-06-27,1005.0,2026-06-02T09:33:34Z,16,Donnée validée,10,Expertisée,20,Bonne,7.38079998,48.059669735,QmnJ
A1580201,A158020101,1974-06-28,851.0,2026-06-02T09:33:34Z,16,Donnée validée,10,Expertisée,20,Bonne,7.38079998,48.059669735,QmnJ
A1580201,A158020101,1974-06-29,692.0,2026-06-02T09:33:34Z,16,Donnée validée,10,Expertisée,20,Bonne,7.38079998,48.059669735,QmnJ
A1580201,A158020101,1974-06-30,789.0,2026-06-02T09:33:34Z,16,Donnée validée,10,Expertisée,20,Bonne,7.38079998,48.059669735,QmnJ
A1580201,A158020101,1974-07-01,631.0,2026-06-02T09:33:34Z,16,Donnée validée,10,Expertisée,20,Bonne,7.38079998,48.059669735,QmnJ
A1580201,A158020101,1974-07-02,765.0,2026-06-02T09:33:34Z,16,Donnée validée,10,Expertisée,20,Bonne,7.38079998,48.059669735,QmnJ
A1580201,A158020101,1974-07-03,722.0,2026-06-02T09:33:34Z,16,Donnée validée,10,Expertisée,20,Bonne,7.38079998,48.059669735,QmnJ
A1580201,A158020101,1974-07-04,776.0,2026-06-02T09:33:34Z,16,Donnée validée,10,Expertisée,20,Bonne,7.38079998,48.059669735,QmnJ
A1580201,A158020101,1974-07-05,700.0,2026-06-02T09:33:34Z,16,Donnée validée,10,Expertisée,20,Bonne,7.38079998,48.059669735,QmnJ
A1580201,A158020101,1974-07-06,692.0,2026-06-02T09:33:34Z,16,Donnée validée,10,Expertisée,20,Bonne,7.38079998,48.059669735,QmnJ
A1580201,A158020101,1974-07-07,540.0,2026-06-02T09:33:34Z,16,Donnée validée,10,Expertisée,20,Bonne,7.38079998,48.059669735,QmnJ
A1580201,A158020101,1974-07-08,483.0,2026-06-02T09:33:34Z,16,Donnée validée,10,Expertisée,20,Bonne,7.38079998,48.059669735,QmnJ
A1580201,A158020101,1974-07-09,383.0,2026-06-02T09:33:34Z,16,Donnée validée,10,Expertisée,20,Bonne,7.38079998,48.059669735,QmnJ
A1580201,A158020101,1974-07-10,283.0,2026-06-02T09:33:34Z,16,Donnée validée,10,Expertisée,20,Bonne,7.38079998,48.059669735,QmnJ
A1580201,A158020101,1974-07-11,234.0,2026-06-02T09:33:34Z,16,Donnée validée,10,Expertisée,20,Bonne,7.38079998,48.059669735,QmnJ
A1580201,A158020101,1974-07-12,205.0,2026-06-02T09:33:34Z,16,Donnée validée,10,Expertisée,20,Bonne,7.38079998,48.059669735,QmnJ
A1580201,A158020101,1974-07-13,205.0,2026-06-02T09:33:34Z,16,Donnée validée,10,Expertisée,20,Bonne,7.38079998,48.059669735,QmnJ
A1580201,A158020101,1974-07-14,172.0,2026-06-02T09:33:34Z,16,Donnée validée,10,Expertisée,20,Bonne,7.38079998,48.059669735,QmnJ
A1580201,A158020101,1974-07-15,138.0,2026-06-02T09:33:34Z,16,Donnée validée,10,Expertisée,20,Bonne,7.38079998,48.059669735,QmnJ
A1580201,A158020101,1974-07-16,124.0,2026-06-02T09:33:34Z,16,Donnée validée,10,Expertisée,20,Bonne,7.38079998,48.059669735,QmnJ
A1580201,A158020101,1974-07-17,119.0,2026-06-02T09:33:34Z,16,Donnée validée,10,Expertisée,20,Bonne,7.38079998,48.059669735,QmnJ
A1580201,A158020101,1974-07-18,245.0,2026-06-02T09:33:34Z,16,Donnée validée,10,Expertisée,20,Bonne,7.38079998,48.059669735,QmnJ
A1580201,A158020101,1974-07-19,314.0,2026-06-02T09:33:34Z,16,Donnée validée,10,Expertisée,20,Bonne,7.38079998,48.059669735,QmnJ
A1580201,A158020101,1974-07-20,296.0,2026-06-02T09:33:34Z,16,Donnée validée,10,Expertisée,20,Bonne,7.38079998,48.059669735,QmnJ
A1580201,A158020101,1974-07-21,315.0,2026-06-02T09:33:34Z,16,Donnée validée,10,Expertisée,20,Bonne,7.38079998,48.059669735,QmnJ
A1580201,A158020101,1974-07-22,230.0,2026-06-02T09:33:34Z,16,Donnée validée,10,Expertisée,20,Bonne,7.38079998,48.059669735,QmnJ
A1580201,A158020101,1974-07-23,136.0,2026-06-02T09:33:34Z,16,Donnée validée,10,Expertisée,20,Bonne,7.38079998,48.059669735,QmnJ
A1580201,A158020101,1974-07-24,10.0,2026-06-02T09:33:34Z,16,Donnée validée,10,Expertisée,20,Bonne,7.38079998,48.059669735,QmnJ
A1580201,A158020101,1974-07-25,0.0,2026-06-02T09:33:34Z,16,Donnée validée,10,Expertisée,20,Bonne,7.38079998,48.059669735,QmnJ
A1580201,A158020101,1974-07-26,95.0,2026-06-02T09:33:34Z,16,Donnée validée,10,Expertisée,20,Bonne,7.38079998,48.059669735,QmnJ
A1580201,A158020101,1974-07-27,94.0,2026-06-02T09:33:34Z,16,Donnée validée,10,Expertisée,20,Bonne,7.38079998,48.059669735,QmnJ
A1580201,A158020101,1974-07-28,0.0,2026-06-02T09:33:34Z,16,Donnée validée,10,Expertisée,20,Bonne,7.38079998,48.059669735,QmnJ
A1580201,A158020101,1974-07-29,0.0,2026-06-02T09:33:34Z,16,Donnée validée,10,Expertisée,20,Bonne,7.38079998,48.059669735,QmnJ
A1580201,A158020101,1974-07-30,30.0,2026-06-02T09:33:34Z,16,Donnée validée,10,Expertisée,20,Bonne,7.38079998,48.059669735,QmnJ
A1580201,A158020101,1974-07-31,57.0,2026-06-02T09:33:34Z,16,Donnée validée,10,Expertisée,20,Bonne,7.38079998,48.059669735,QmnJ
A1580201,A158020101,1974-08-01,0.0,2026-06-02T09:33:34Z,16,Donnée validée,10,Expertisée,20,Bonne,7.38079998,48.059669735,QmnJ
A1580201,A158020101,1974-08-02,0.0,2026-06-02T09:33:34Z,16,Donnée validée,10,Expertisée,20,Bonne,7.38079998,48.059669735,QmnJ
A1580201,A158020101,1974-08-03,0.0,2026-06-02T09:33:34Z,16,Donnée validée,10,Expertisée,20,Bonne,7.38079998,48.059669735,QmnJ
A1580201,A158020101,1974-08-04,0.0,2026-06-02T09:33:34Z,16,Donnée validée,10,Expertisée,20,Bonne,7.38079998,48.059669735,QmnJ
A1580201,A158020101,1974-08-05,0.0,2026-06-02T09:33:34Z,16,Donnée validée,10,Expertisée,20,Bonne,7.38079998,48.059669735,QmnJ
A1580201,A158020101,1974-08-06,0.0,2026-06-02T09:33:34Z,16,Donnée validée,10,Expertisée,20,Bonne,7.38079998,48.059669735,QmnJ
A1580201,A158020101,1974-08-07,0.0,2026-06-02T09:33:34Z,16,Donnée validée,10,Expertisée,20,Bonne,7.38079998,48.059669735,QmnJ
A1580201,A158020101,1974-08-08,0.0,2026-06-02T09:33:34Z,16,Donnée validée,10,Expertisée,20,Bonne,7.38079998,48.059669735,QmnJ
A1580201,A158020101,1974-08-09,0.0,2026-06-02T09:33:34Z,16,Donnée validée,10,Expertisée,20,Bonne,7.38079998,48.059669735,QmnJ
A1580201,A158020101,1974-08-10,0.0,2026-06-02T09:33:34Z,16,Donnée validée,10,Expertisée,20,Bonne,7.38079998,48.059669735,QmnJ
A1580201,A158020101,1974-08-11,0.0,2026-06-02T09:33:34Z,16,Donnée validée,10,Expertisée,20,Bonne,7.38079998,48.059669735,QmnJ
A1580201,A158020101,1974-08-12,0.0,2026-06-02T09:33:34Z,16,Donnée validée,10,Expertisée,20,Bonne,7.38079998,48.059669735,QmnJ
A1580201,A158020101,1974-08-13,92.0,2026-06-02T09:33:34Z,16,Donnée validée,10,Expertisée,20,Bonne,7.38079998,48.059669735,QmnJ
A1580201,A158020101,1974-08-14,76.0,2026-06-02T09:33:34Z,16,Donnée validée,10,Expertisée,20,Bonne,7.38079998,48.059669735,QmnJ
A1580201,A158020101,1974-08-15,10.0,2026-06-02T09:33:34Z,16,Donnée validée,10,Expertisée,20,Bonne,7.38079998,48.059669735,QmnJ
A1580201,A158020101,1974-08-16,10.0,2026-06-02T09:33:34Z,16,Donnée validée,10,Expertisée,20,Bonne,7.38079998,48.059669735,QmnJ
A1580201,A158020101,1974-08-17,10.0,2026-06-02T09:33:34Z,16,Donnée validée,10,Expertisée,20,Bonne,7.38079998,48.059669735,QmnJ
A1580201,A158020101,1974-08-18,10.0,2026-06-02T09:33:34Z,16,Donnée validée,10,Expertisée,20,Bonne,7.38079998,48.059669735,QmnJ
A1580201,A158020101,1974-08-19,10.0,2026-06-02T09:33:34Z,16,Donnée validée,10,Expertisée,20,Bonne,7.38079998,48.059669735,QmnJ
A1580201,A158020101,1974-08-20,10.0,2026-06-02T09:33:34Z,16,Donnée validée,10,Expertisée,20,Bonne,7.38079998,48.059669735,QmnJ
A1580201,A158020101,1974-08-21,10.0,2026-06-02T09:33:34Z,16,Donnée validée,10,Expertisée,20,Bonne,7.38079998,48.059669735,QmnJ
A1580201,A158020101,1974-08-22,10.0,2026-06-02T09:33:34Z,16,Donnée validée,10,Expertisée,20,Bonne,7.38079998,48.059669735,QmnJ
A1580201,A158020101,1974-08-23,10.0,2026-06-02T09:33:34Z,16,Donnée validée,10,Expertisée,20,Bonne,7.38079998,48.059669735,QmnJ
A1580201,A158020101,1974-08-24,10.0,2026-06-02T09:33:34Z,16,Donnée validée,10,Expertisée,20,Bonne,7.38079998,48.059669735,QmnJ
A1580201,A158020101,1974-08-25,10.0,2026-06-02T09:33:34Z,16,Donnée validée,10,Expertisée,20,Bonne,7.38079998,48.059669735,QmnJ
A1580201,A158020101,1974-08-26,10.0,2026-06-02T09:33:34Z,16,Donnée validée,10,Expertisée,20,Bonne,7.38079998,48.059669735,QmnJ
A1580201,A158020101,1974-08-27,10.0,2026-06-02T09:33:34Z,16,Donnée validée,10,Expertisée,20,Bonne,7.38079998,48.059669735,QmnJ
A1580201,A158020101,1974-08-28,10.0,2026-06-02T09:33:34Z,16,Donnée validée,10,Expertisée,20,Bonne,7.38079998,48.059669735,QmnJ
A1580201,A158020101,1974-08-29,11.0,2026-06-02T09:33:34Z,16,Donnée validée,10,Expertisée,20,Bonne,7.38079998,48.059669735,QmnJ
A1580201,A158020101,1974-08-30,12.0,2026-06-02T09:33:34Z,16,Donnée validée,10,Expertisée,20,Bonne,7.38079998,48.059669735,QmnJ
A1580201,A158020101,1974-08-31,13.0,2026-06-02T09:33:34Z,16,Donnée validée,10,Expertisée,20,Bonne,7.38079998,48.059669735,QmnJ
A1580201,A158020101,1974-09-01,14.0,2026-06-02T09:33:34Z,16,Donnée validée,10,Expertisée,20,Bonne,7.38079998,48.059669735,QmnJ
A1580201,A158020101,1974-09-02,15.0,2026-06-02T09:33:34Z,16,Donnée validée,10,Expertisée,20,Bonne,7.38079998,48.059669735,QmnJ
A1580201,A158020101,1974-09-03,16.0,2026-06-02T09:33:34Z,16,Donnée validée,10,Expertisée,20,Bonne,7.38079998,48.059669735,QmnJ
A1580201,A158020101,1974-09-04,17.0,2026-06-02T09:33:34Z,16,Donnée validée,10,Expertisée,20,Bonne,7.38079998,48.059669735,QmnJ
A1580201,A158020101,1974-09-05,18.0,2026-06-02T09:33:34Z,16,Donnée validée,10,Expertisée,20,Bonne,7.38079998,48.059669735,QmnJ
A1580201,A158020101,1974-09-06,19.0,2026-06-02T09:33:34Z,16,Donnée validée,10,Expertisée,20,Bonne,7.38079998,48.059669735,QmnJ
A1580201,A158020101,1974-09-07,21.0,2026-06-02T09:33:34Z,16,Donnée validée,10,Expertisée,20,Bonne,7.38079998,48.059669735,QmnJ
A1580201,A158020101,1974-09-08,22.0,2026-06-02T09:33:34Z,16,Donnée validée,10,Expertisée,20,Bonne,7.38079998,48.059669735,QmnJ
A1580201,A158020101,1974-09-09,23.0,2026-06-02T09:33:34Z,16,Donnée validée,10,Expertisée,20,Bonne,7.38079998,48.059669735,QmnJ
A1580201,A158020101,1974-09-10,24.0,2026-06-02T09:33:34Z,16,Donnée validée,10,Expertisée,20,Bonne,7.38079998,48.059669735,QmnJ
A1580201,A158020101,1974-09-11,66.0,2026-06-02T09:33:34Z,16,Donnée validée,10,Expertisée,20,Bonne,7.38079998,48.059669735,QmnJ
A1580201,A158020101,1974-09-12,119.0,2026-06-02T09:33:34Z,16,Donnée validée,10,Expertisée,20,Bonne,7.38079998,48.059669735,QmnJ
A1580201,A158020101,1974-09-13,37.0,2026-06-02T09:33:34Z,16,Donnée validée,10,Expertisée,20,Bonne,7.38079998,48.059669735,QmnJ
A1580201,A158020101,1974-09-14,57.0,2026-06-02T09:33:34Z,16,Donnée validée,10,Expertisée,20,Bonne,7.38079998,48.059669735,QmnJ
A1580201,A158020101,1974-09-15,43.0,2026-06-02T09:33:34Z,16,Donnée validée,10,Expertisée,20,Bonne,7.38079998,48.059669735,QmnJ
A1580201,A158020101,1974-09-16,23.0,2026-06-02T09:33:34Z,16,Donnée validée,10,Expertisée,20,Bonne,7.38079998,48.059669735,QmnJ
A1580201,A158020101,1974-09-17,22.0,2026-06-02T09:33:34Z,16,Donnée validée,10,Expertisée,20,Bonne,7.38079998,48.059669735,QmnJ
A1580201,A158020101,1974-09-18,20.0,2026-06-02T09:33:34Z,16,Donnée validée,10,Expertisée,20,Bonne,7.38079998,48.059669735,QmnJ
A1580201,A158020101,1974-09-19,19.0,2026-06-02T09:33:34Z,16,Donnée validée,10,Expertisée,20,Bonne,7.38079998,48.059669735,QmnJ
A1580201,A158020101,1974-09-20,17.0,2026-06-02T09:33:34Z,16,Donnée validée,10,Expertisée,20,Bonne,7.38079998,48.059669735,QmnJ
A1580201,A158020101,1974-09-21,16.0,2026-06-02T09:33:34Z,16,Donnée validée,10,Expertisée,20,Bonne,7.38079998,48.059669735,QmnJ
A1580201,A158020101,1974-09-22,14.0,2026-06-02T09:33:34Z,16,Donnée validée,10,Expertisée,20,Bonne,7.38079998,48.059669735,QmnJ
A1580201,A158020101,1974-09-23,13.0,2026-06-02T09:33:34Z,16,Donnée validée,10,Expertisée,20,Bonne,7.38079998,48.059669735,QmnJ
A1580201,A158020101,1974-09-24,12.0,2026-06-02T09:33:34Z,16,Donnée validée,10,Expertisée,20,Bonne,7.38079998,48.059669735,QmnJ
A1580201,A158020101,1974-09-25,15.0,2026-06-02T09:33:34Z,16,Donnée validée,10,Expertisée,20,Bonne,7.38079998,48.059669735,QmnJ
A1580201,A158020101,1974-09-26,203.0,2026-06-02T09:33:34Z,16,Donnée validée,10,Expertisée,20,Bonne,7.38079998,48.059669735,QmnJ
A1580201,A158020101,1974-09-27,679.0,2026-06-02T09:33:34Z,16,Donnée validée,10,Expertisée,20,Bonne,7.38079998,48.059669735,QmnJ
A1580201,A158020101,1974-09-28,805.0,2026-06-02T09:33:34Z,16,Donnée validée,10,Expertisée,20,Bonne,7.38079998,48.059669735,QmnJ
A1580201,A158020101,1974-09-29,937.0,2026-06-02T09:33:34Z,16,Donnée validée,10,Expertisée,20,Bonne,7.38079998,48.059669735,QmnJ
A1580201,A158020101,1974-09-30,837.0,2026-06-02T09:33:34Z,16,Donnée validée,10,Expertisée,20,Bonne,7.38079998,48.059669735,QmnJ
A1580201,A158020101,1974-10-01,612.0,2026-06-02T09:33:34Z,16,Donnée validée,10,Expertisée,20,Bonne,7.38079998,48.059669735,QmnJ
A1580201,A158020101,1974-10-02,638.0,2026-06-02T09:33:34Z,16,Donnée validée,10,Expertisée,20,Bonne,7.38079998,48.059669735,QmnJ
A1580201,A158020101,1974-10-03,751.0,2026-06-02T09:33:34Z,16,Donnée validée,10,Expertisée,20,Bonne,7.38079998,48.059669735,QmnJ
A1580201,A158020101,1974-10-04,707.0,2026-06-02T09:33:34Z,16,Donnée validée,10,Expertisée,20,Bonne,7.38079998,48.059669735,QmnJ
A1580201,A158020101,1974-10-05,873.0,2026-06-02T09:33:34Z,16,Donnée validée,10,Expertisée,20,Bonne,7.38079998,48.059669735,QmnJ
A1580201,A158020101,1974-10-06,1100.0,2026-06-02T09:33:34Z,16,Donnée validée,10,Expertisée,20,Bonne,7.38079998,48.059669735,QmnJ
A1580201,A158020101,1974-10-07,907.0,2026-06-02T09:33:34Z,16,Donnée validée,10,Expertisée,20,Bonne,7.38079998,48.059669735,QmnJ
A1580201,A158020101,1974-10-08,875.0,2026-06-02T09:33:34Z,16,Donnée validée,10,Expertisée,20,Bonne,7.38079998,48.059669735,QmnJ
A1580201,A158020101,1974-10-09,1623.0,2026-06-02T09:33:34Z,16,Donnée validée,10,Expertisée,20,Bonne,7.38079998,48.059669735,QmnJ
A1580201,A158020101,1974-10-10,2350.0,2026-06-02T09:33:34Z,16,Donnée validée,10,Expertisée,20,Bonne,7.38079998,48.059669735,QmnJ
A1580201,A158020101,1974-10-11,2191.0,2026-06-02T09:33:34Z,16,Donnée validée,10,Expertisée,20,Bonne,7.38079998,48.059669735,QmnJ
A1580201,A158020101,1974-10-12,1861.0,2026-06-02T09:33:34Z,16,Donnée validée,10,Expertisée,20,Bonne,7.38079998,48.059669735,QmnJ
A1580201,A158020101,1974-10-13,1170.0,2026-06-02T09:33:34Z,16,Donnée validée,10,Expertisée,20,Bonne,7.38079998,48.059669735,QmnJ
A1580201,A158020101,1974-10-14,750.0,2026-06-02T09:33:34Z,16,Donnée validée,10,Expertisée,20,Bonne,7.38079998,48.059669735,QmnJ
A1580201,A158020101,1974-10-15,530.0,2026-06-02T09:33:34Z,16,Donnée validée,10,Expertisée,20,Bonne,7.38079998,48.059669735,QmnJ
A1580201,A158020101,1974-10-16,421.0,2026-06-02T09:33:34Z,16,Donnée validée,10,Expertisée,20,Bonne,7.38079998,48.059669735,QmnJ
A1580201,A158020101,1974-10-17,445.0,2026-06-02T09:33:34Z,16,Donnée validée,10,Expertisée,20,Bonne,7.38079998,48.059669735,QmnJ
A1580201,A158020101,1974-10-18,699.0,2026-06-02T09:33:34Z,16,Donnée validée,10,Expertisée,20,Bonne,7.38079998,48.059669735,QmnJ
A1580201,A158020101,1974-10-19,710.0,2026-06-02T09:33:34Z,16,Donnée validée,10,Expertisée,20,Bonne,7.38079998,48.059669735,QmnJ
A1580201,A158020101,1974-10-20,2505.0,2026-06-02T09:33:34Z,16,Donnée validée,10,Expertisée,20,Bonne,7.38079998,48.059669735,QmnJ
A1580201,A158020101,1974-10-21,4298.0,2026-06-02T09:33:34Z,16,Donnée validée,10,Expertisée,20,Bonne,7.38079998,48.059669735,QmnJ
A1580201,A158020101,1974-10-22,3343.0,2026-06-02T09:33:34Z,16,Donnée validée,10,Expertisée,20,Bonne,7.38079998,48.059669735,QmnJ
A1580201,A158020101,1974-10-23,2383.0,2026-06-02T09:33:34Z,16,Donnée validée,10,Expertisée,20,Bonne,7.38079998,48.059669735,QmnJ
A1580201,A158020101,1974-10-24,2241.0,2026-06-02T09:33:34Z,16,Donnée validée,10,Expertisée,20,Bonne,7.38079998,48.059669735,QmnJ
A1580201,A158020101,1974-10-25,1802.0,2026-06-02T09:33:34Z,16,Donnée validée,10,Expertisée,20,Bonne,7.38079998,48.059669735,QmnJ
A1580201,A158020101,1974-10-26,1620.0,2026-06-02T09:33:34Z,16,Donnée validée,10,Expertisée,20,Bonne,7.38079998,48.059669735,QmnJ
A1580201,A158020101,1974-10-27,1707.0,2026-06-02T09:33:34Z,16,Donnée validée,10,Expertisée,20,Bonne,7.38079998,48.059669735,QmnJ
A1580201,A158020101,1974-10-28,2419.0,2026-06-02T09:33:34Z,16,Donnée validée,10,Expertisée,20,Bonne,7.38079998,48.059669735,QmnJ
A1580201,A158020101,1974-10-29,3445.0,2026-06-02T09:33:34Z,16,Donnée validée,10,Expertisée,20,Bonne,7.38079998,48.059669735,QmnJ
A1580201,A158020101,1974-10-30,3302.0,2026-06-02T09:33:34Z,16,Donnée validée,10,Expertisée,20,Bonne,7.38079998,48.059669735,QmnJ
A1580201,A158020101,1974-10-31,2676.0,2026-06-02T09:33:34Z,16,Donnée validée,10,Expertisée,20,Bonne,7.38079998,48.059669735,QmnJ
A1580201,A158020101,1974-11-01,2226.0,2026-06-02T09:33:34Z,16,Donnée validée,10,Expertisée,20,Bonne,7.38079998,48.059669735,QmnJ
A1580201,A158020101,1974-11-02,1837.0,2026-06-02T09:33:34Z,16,Donnée validée,10,Expertisée,20,Bonne,7.38079998,48.059669735,QmnJ
A1580201,A158020101,1974-11-03,1757.0,2026-06-02T09:33:34Z,16,Donnée validée,10,Expertisée,20,Bonne,7.38079998,48.059669735,QmnJ
A1580201,A158020101,1974-11-04,1500.0,2026-06-02T09:33:34Z,16,Donnée validée,10,Expertisée,20,Bonne,7.38079998,48.059669735,QmnJ
A1580201,A158020101,1974-11-05,1441.0,2026-06-02T09:33:34Z,16,Donnée validée,10,Expertisée,20,Bonne,7.38079998,48.059669735,QmnJ
A1580201,A158020101,1974-11-06,1272.0,2026-06-02T09:33:34Z,16,Donnée validée,10,Expertisée,20,Bonne,7.38079998,48.059669735,QmnJ
A1580201,A158020101,1974-11-07,1136.0,2026-06-02T09:33:34Z,16,Donnée validée,10,Expertisée,20,Bonne,7.38079998,48.059669735,QmnJ
A1580201,A158020101,1974-11-08,994.0,2026-06-02T09:33:34Z,16,Donnée validée,10,Expertisée,20,Bonne,7.38079998,48.059669735,QmnJ
A1580201,A158020101,1974-11-09,822.0,2026-06-02T09:33:34Z,16,Donnée validée,10,Expertisée,20,Bonne,7.38079998,48.059669735,QmnJ
A1580201,A158020101,1974-11-10,820.0,2026-06-02T09:33:34Z,16,Donnée validée,10,Expertisée,20,Bonne,7.38079998,48.059669735,QmnJ
A1580201,A158020101,1974-11-11,684.0,2026-06-02T09:33:34Z,16,Donnée validée,10,Expertisée,20,Bonne,7.38079998,48.059669735,QmnJ
A1580201,A158020101,1974-11-12,842.0,2026-06-02T09:33:34Z,16,Donnée validée,10,Expertisée,20,Bonne,7.38079998,48.059669735,QmnJ
A1580201,A158020101,1974-11-13,1065.0,2026-06-02T09:33:34Z,16,Donnée validée,10,Expertisée,20,Bonne,7.38079998,48.059669735,QmnJ
A1580201,A158020101,1974-11-14,1048.0,2026-06-02T09:33:34Z,16,Donnée validée,10,Expertisée,20,Bonne,7.38079998,48.059669735,QmnJ
A1580201,A158020101,1974-11-15,985.0,2026-06-02T09:33:34Z,16,Donnée validée,10,Expertisée,20,Bonne,7.38079998,48.059669735,QmnJ
A1580201,A158020101,1974-11-16,1098.0,2026-06-02T09:33:34Z,16,Donnée validée,10,Expertisée,20,Bonne,7.38079998,48.059669735,QmnJ
A1580201,A158020101,1974-11-17,1543.0,2026-06-02T09:33:34Z,16,Donnée validée,10,Expertisée,20,Bonne,7.38079998,48.059669735,QmnJ
A1580201,A158020101,1974-11-18,1342.0,2026-06-02T09:33:34Z,16,Donnée validée,10,Expertisée,20,Bonne,7.38079998,48.059669735,QmnJ
A1580201,A158020101,1974-11-19,1771.0,2026-06-02T09:33:34Z,16,Donnée validée,10,Expertisée,20,Bonne,7.38079998,48.059669735,QmnJ
A1580201,A158020101,1974-11-20,1920.0,2026-06-02T09:33:34Z,16,Donnée validée,10,Expertisée,20,Bonne,7.38079998,48.059669735,QmnJ
A1580201,A158020101,1974-11-21,1908.0,2026-06-02T09:33:34Z,16,Donnée validée,10,Expertisée,20,Bonne,7.38079998,48.059669735,QmnJ
A1580201,A158020101,1974-11-22,1777.0,2026-06-02T09:33:34Z,16,Donnée validée,10,Expertisée,20,Bonne,7.38079998,48.059669735,QmnJ
A1580201,A158020101,1974-11-23,1681.0,2026-06-02T09:33:34Z,16,Donnée validée,10,Expertisée,20,Bonne,7.38079998,48.059669735,QmnJ
A1580201,A158020101,1974-11-24,1561.0,2026-06-02T09:33:34Z,16,Donnée validée,10,Expertisée,20,Bonne,7.38079998,48.059669735,QmnJ
A1580201,A158020101,1974-11-25,1642.0,2026-06-02T09:33:34Z,16,Donnée validée,10,Expertisée,20,Bonne,7.38079998,48.059669735,QmnJ
A1580201,A158020101,1974-11-26,1812.0,2026-06-02T09:33:34Z,16,Donnée validée,10,Expertisée,20,Bonne,7.38079998,48.059669735,QmnJ
A1580201,A158020101,1974-11-27,1960.0,2026-06-02T09:33:34Z,16,Donnée validée,10,Expertisée,20,Bonne,7.38079998,48.059669735,QmnJ
A1580201,A158020101,1974-11-28,3427.0,2026-06-02T09:33:34Z,16,Donnée validée,10,Expertisée,20,Bonne,7.38079998,48.059669735,QmnJ
A1580201,A158020101,1974-11-29,7843.0,2026-06-02T09:33:34Z,16,Donnée validée,10,Expertisée,20,Bonne,7.38079998,48.059669735,QmnJ
A1580201,A158020101,1974-11-30,7560.0,2026-06-02T09:33:34Z,16,Donnée validée,10,Expertisée,20,Bonne,7.38079998,48.059669735,QmnJ
A1580201,A158020101,1974-12-01,7884.0,2026-06-02T09:33:34Z,16,Donnée validée,10,Expertisée,20,Bonne,7.38079998,48.059669735,QmnJ
A1580201,A158020101,1974-12-02,7833.0,2026-06-02T09:33:34Z,16,Donnée validée,10,Expertisée,20,Bonne,7.38079998,48.059669735,QmnJ
A1580201,A158020101,1974-12-03,6888.0,2026-06-02T09:33:34Z,16,Donnée validée,10,Expertisée,20,Bonne,7.38079998,48.059669735,QmnJ
A1580201,A158020101,1974-12-04,5733.0,2026-06-02T09:33:34Z,16,Donnée validée,10,Expertisée,20,Bonne,7.38079998,48.059669735,QmnJ
A1580201,A158020101,1974-12-05,4923.0,2026-06-02T09:33:34Z,16,Donnée validée,10,Expertisée,20,Bonne,7.38079998,48.059669735,QmnJ
A1580201,A158020101,1974-12-06,4082.0,2026-06-02T09:33:34Z,16,Donnée validée,10,Expertisée,20,Bonne,7.38079998,48.059669735,QmnJ
A1580201,A158020101,1974-12-07,3622.0,2026-06-02T09:33:34Z,16,Donnée validée,10,Expertisée,20,Bonne,7.38079998,48.059669735,QmnJ
A1580201,A158020101,1974-12-08,3351.0,2026-06-02T09:33:34Z,16,Donnée validée,10,Expertisée,20,Bonne,7.38079998,48.059669735,QmnJ
A1580201,A158020101,1974-12-09,2926.0,2026-06-02T09:33:34Z,16,Donnée validée,10,Expertisée,20,Bonne,7.38079998,48.059669735,QmnJ
A1580201,A158020101,1974-12-10,2758.0,2026-06-02T09:33:34Z,16,Donnée validée,10,Expertisée,20,Bonne,7.38079998,48.059669735,QmnJ
A1580201,A158020101,1974-12-11,2737.0,2026-06-02T09:33:34Z,16,Donnée validée,10,Expertisée,20,Bonne,7.38079998,48.059669735,QmnJ
A1580201,A158020101,1974-12-12,3704.0,2026-06-02T09:33:34Z,16,Donnée validée,10,Expertisée,20,Bonne,7.38079998,48.059669735,QmnJ
A1580201,A158020101,1974-12-13,2616.0,2026-06-02T09:33:34Z,16,Donnée validée,10,Expertisée,20,Bonne,7.38079998,48.059669735,QmnJ
A1580201,A158020101,1974-12-14,2140.0,2026-06-02T09:33:34Z,16,Donnée validée,10,Expertisée,20,Bonne,7.38079998,48.059669735,QmnJ
A1580201,A158020101,1974-12-15,1871.0,2026-06-02T09:33:34Z,16,Donnée validée,10,Expertisée,20,Bonne,7.38079998,48.059669735,QmnJ
A1580201,A158020101,1974-12-16,2210.0,2026-06-02T09:33:34Z,16,Donnée validée,10,Expertisée,20,Bonne,7.38079998,48.059669735,QmnJ
A1580201,A158020101,1974-12-17,3510.0,2026-06-02T09:33:34Z,16,Donnée validée,10,Expertisée,20,Bonne,7.38079998,48.059669735,QmnJ
A1580201,A158020101,1974-12-18,10692.0,2026-06-02T09:33:34Z,16,Donnée validée,10,Expertisée,20,Bonne,7.38079998,48.059669735,QmnJ
A1580201,A158020101,1974-12-19,10070.0,2026-06-02T09:33:34Z,16,Donnée validée,10,Expertisée,20,Bonne,7.38079998,48.059669735,QmnJ
A1580201,A158020101,1974-12-20,7287.0,2026-06-02T09:33:34Z,16,Donnée validée,10,Expertisée,20,Bonne,7.38079998,48.059669735,QmnJ
A1580201,A158020101,1974-12-21,5711.0,2026-06-02T09:33:34Z,16,Donnée validée,10,Expertisée,20,Bonne,7.38079998,48.059669735,QmnJ
A1580201,A158020101,1974-12-22,4817.0,2026-06-02T09:33:34Z,16,Donnée validée,10,Expertisée,20,Bonne,7.38079998,48.059669735,QmnJ
A1580201,A158020101,1974-12-23,4226.0,2026-06-02T09:33:34Z,16,Donnée validée,10,Expertisée,20,Bonne,7.38079998,48.059669735,QmnJ
A1580201,A158020101,1974-12-24,3528.0,2026-06-02T09:33:34Z,16,Donnée validée,10,Expertisée,20,Bonne,7.38079998,48.059669735,QmnJ
A1580201,A158020101,1974-12-25,3626.0,2026-06-02T09:33:34Z,16,Donnée validée,10,Expertisée,20,Bonne,7.38079998,48.059669735,QmnJ
A1580201,A158020101,1974-12-26,3941.0,2026-06-02T09:33:34Z,16,Donnée validée,10,Expertisée,20,Bonne,7.38079998,48.059669735,QmnJ
A1580201,A158020101,1974-12-27,5359.0,2026-06-02T09:33:34Z,16,Donnée validée,10,Expertisée,20,Bonne,7.38079998,48.059669735,QmnJ
A1580201,A158020101,1974-12-28,7257.0,2026-06-02T09:33:34Z,16,Donnée validée,10,Expertisée,20,Bonne,7.38079998,48.059669735,QmnJ
A1580201,A158020101,1974-12-29,9051.0,2026-06-02T09:33:34Z,16,Donnée validée,10,Expertisée,20,Bonne,7.38079998,48.059669735,QmnJ
A1580201,A158020101,1974-12-30,10033.0,2026-06-02T09:33:34Z,16,Donnée validée,10,Expertisée,20,Bonne,7.38079998,48.059669735,QmnJ
A1580201,A158020101,1974-12-31,8495.0,2026-06-02T09:33:34Z,16,Donnée validée,10,Expertisée,20,Bonne,7.38079998,48.059669735,QmnJ
A1580201,A158020101,1975-01-01,6797.0,2026-06-02T09:33:34Z,16,Donnée validée,10,Expertisée,20,Bonne,7.38079998,48.059669735,QmnJ
A1580201,A158020101,1975-01-02,5499.0,2026-06-02T09:33:34Z,16,Donnée validée,10,Expertisée,20,Bonne,7.38079998,48.059669735,QmnJ
A1580201,A158020101,1975-01-03,4666.0,2026-06-02T09:33:34Z,16,Donnée validée,10,Expertisée,20,Bonne,7.38079998,48.059669735,QmnJ
A1580201,A158020101,1975-01-04,3985.0,2026-06-02T09:33:34Z,16,Donnée validée,10,Expertisée,20,Bonne,7.38079998,48.059669735,QmnJ
A1580201,A158020101,1975-01-05,3563.0,2026-06-02T09:33:34Z,16,Donnée validée,10,Expertisée,20,Bonne,7.38079998,48.059669735,QmnJ
A1580201,A158020101,1975-01-06,3285.0,2026-06-02T09:33:34Z,16,Donnée validée,10,Expertisée,20,Bonne,7.38079998,48.059669735,QmnJ
A1580201,A158020101,1975-01-07,3014.0,2026-06-02T09:33:34Z,16,Donnée validée,10,Expertisée,20,Bonne,7.38079998,48.059669735,QmnJ
A1580201,A158020101,1975-01-08,3387.0,2026-06-02T09:33:34Z,16,Donnée validée,10,Expertisée,20,Bonne,7.38079998,48.059669735,QmnJ
A1580201,A158020101,1975-01-09,3232.0,2026-06-02T09:33:34Z,16,Donnée validée,10,Expertisée,20,Bonne,7.38079998,48.059669735,QmnJ
A1580201,A158020101,1975-01-10,2853.0,2026-06-02T09:33:34Z,16,Donnée validée,10,Expertisée,20,Bonne,7.38079998,48.059669735,QmnJ
A1580201,A158020101,1975-01-11,3209.0,2026-06-02T09:33:34Z,16,Donnée validée,10,Expertisée,20,Bonne,7.38079998,48.059669735,QmnJ
A1580201,A158020101,1975-01-12,3161.0,2026-06-02T09:33:34Z,16,Donnée validée,10,Expertisée,20,Bonne,7.38079998,48.059669735,QmnJ
A1580201,A158020101,1975-01-13,2791.0,2026-06-02T09:33:34Z,16,Donnée validée,10,Expertisée,20,Bonne,7.38079998,48.059669735,QmnJ
A1580201,A158020101,1975-01-14,2733.0,2026-06-02T09:33:34Z,16,Donnée validée,10,Expertisée,20,Bonne,7.38079998,48.059669735,QmnJ
A1580201,A158020101,1975-01-15,2568.0,2026-06-02T09:33:34Z,16,Donnée validée,10,Expertisée,20,Bonne,7.38079998,48.059669735,QmnJ
A1580201,A158020101,1975-01-16,2408.0,2026-06-02T09:33:34Z,16,Donnée validée,10,Expertisée,20,Bonne,7.38079998,48.059669735,QmnJ
A1580201,A158020101,1975-01-17,2262.0,2026-06-02T09:33:34Z,16,Donnée validée,10,Expertisée,20,Bonne,7.38079998,48.059669735,QmnJ
A1580201,A158020101,1975-01-18,5410.0,2026-06-02T09:33:34Z,16,Donnée validée,10,Expertisée,20,Bonne,7.38079998,48.059669735,QmnJ
A1580201,A158020101,1975-01-19,8292.0,2026-06-02T09:33:34Z,16,Donnée validée,10,Expertisée,20,Bonne,7.38079998,48.059669735,QmnJ
A1580201,A158020101,1975-01-20,6603.0,2026-06-02T09:33:34Z,16,Donnée validée,10,Expertisée,20,Bonne,7.38079998,48.059669735,QmnJ
A1580201,A158020101,1975-01-21,5605.0,2026-06-02T09:33:34Z,16,Donnée validée,10,Expertisée,20,Bonne,7.38079998,48.059669735,QmnJ
A1580201,A158020101,1975-01-22,4839.0,2026-06-02T09:33:34Z,16,Donnée validée,10,Expertisée,20,Bonne,7.38079998,48.059669735,QmnJ
A1580201,A158020101,1975-01-23,4447.0,2026-06-02T09:33:34Z,16,Donnée validée,10,Expertisée,20,Bonne,7.38079998,48.059669735,QmnJ
A1580201,A158020101,1975-01-24,4931.0,2026-06-02T09:33:34Z,16,Donnée validée,10,Expertisée,20,Bonne,7.38079998,48.059669735,QmnJ
A1580201,A158020101,1975-01-25,5324.0,2026-06-02T09:33:34Z,16,Donnée validée,10,Expertisée,20,Bonne,7.38079998,48.059669735,QmnJ
A1580201,A158020101,1975-01-26,5735.0,2026-06-02T09:33:34Z,16,Donnée validée,10,Expertisée,20,Bonne,7.38079998,48.059669735,QmnJ
A1580201,A158020101,1975-01-27,5671.0,2026-06-02T09:33:34Z,16,Donnée validée,10,Expertisée,20,Bonne,7.38079998,48.059669735,QmnJ
A1580201,A158020101,1975-01-28,7917.0,2026-06-02T09:33:34Z,16,Donnée validée,10,Expertisée,20,Bonne,7.38079998,48.059669735,QmnJ
A1580201,A158020101,1975-01-29,10188.0,2026-06-02T09:33:34Z,16,Donnée validée,10,Expertisée,20,Bonne,7.38079998,48.059669735,QmnJ
A1580201,A158020101,1975-01-30,10511.0,2026-06-02T09:33:34Z,16,Donnée validée,10,Expertisée,20,Bonne,7.38079998,48.059669735,QmnJ
A1580201,A158020101,1975-01-31,9948.0,2026-06-02T09:33:34Z,16,Donnée validée,10,Expertisée,20,Bonne,7.38079998,48.059669735,QmnJ
A1580201,A158020101,1975-02-01,9426.0,2026-06-02T09:33:34Z,16,Donnée validée,10,Expertisée,20,Bonne,7.38079998,48.059669735,QmnJ
A1580201,A158020101,1975-02-02,7833.0,2026-06-02T09:33:34Z,16,Donnée validée,10,Expertisée,20,Bonne,7.38079998,48.059669735,QmnJ
A1580201,A158020101,1975-02-03,6346.0,2026-06-02T09:33:34Z,16,Donnée validée,10,Expertisée,20,Bonne,7.38079998,48.059669735,QmnJ
A1580201,A158020101,1975-02-04,5762.0,2026-06-02T09:33:34Z,16,Donnée validée,10,Expertisée,20,Bonne,7.38079998,48.059669735,QmnJ
A1580201,A158020101,1975-02-05,5091.0,2026-06-02T09:33:34Z,16,Donnée validée,10,Expertisée,20,Bonne,7.38079998,48.059669735,QmnJ
A1580201,A158020101,1975-02-06,4633.0,2026-06-02T09:33:34Z,16,Donnée validée,10,Expertisée,20,Bonne,7.38079998,48.059669735,QmnJ
A1580201,A158020101,1975-02-07,4134.0,2026-06-02T09:33:34Z,16,Donnée validée,10,Expertisée,20,Bonne,7.38079998,48.059669735,QmnJ
A1580201,A158020101,1975-02-08,3759.0,2026-06-02T09:33:34Z,16,Donnée validée,10,Expertisée,20,Bonne,7.38079998,48.059669735,QmnJ
A1580201,A158020101,1975-02-09,3554.0,2026-06-02T09:33:34Z,16,Donnée validée,10,Expertisée,20,Bonne,7.38079998,48.059669735,QmnJ
A1580201,A158020101,1975-02-10,3048.0,2026-06-02T09:33:34Z,16,Donnée validée,10,Expertisée,20,Bonne,7.38079998,48.059669735,QmnJ
A1580201,A158020101,1975-02-11,3069.0,2026-06-02T09:33:34Z,16,Donnée validée,10,Expertisée,20,Bonne,7.38079998,48.059669735,QmnJ
A1580201,A158020101,1975-02-12,2884.0,2026-06-02T09:33:34Z,16,Donnée validée,10,Expertisée,20,Bonne,7.38079998,48.059669735,QmnJ
A1580201,A158020101,1975-02-13,3289.0,2026-06-02T09:33:34Z,16,Donnée validée,10,Expertisée,20,Bonne,7.38079998,48.059669735,QmnJ
A1580201,A158020101,1975-02-14,3149.0,2026-06-02T09:33:34Z,16,Donnée validée,10,Expertisée,20,Bonne,7.38079998,48.059669735,QmnJ
A1580201,A158020101,1975-02-15,2862.0,2026-06-02T09:33:34Z,16,Donnée validée,10,Expertisée,20,Bonne,7.38079998,48.059669735,QmnJ
A1580201,A158020101,1975-02-16,2622.0,2026-06-02T09:33:34Z,16,Donnée validée,10,Expertisée,20,Bonne,7.38079998,48.059669735,QmnJ
A1580201,A158020101,1975-02-17,2173.0,2026-06-02T09:33:34Z,16,Donnée validée,10,Expertisée,20,Bonne,7.38079998,48.059669735,QmnJ
A1580201,A158020101,1975-02-18,2054.0,2026-06-02T09:33:34Z,16,Donnée validée,10,Expertisée,20,Bonne,7.38079998,48.059669735,QmnJ
A1580201,A158020101,1975-02-19,1940.0,2026-06-02T09:33:34Z,16,Donnée validée,10,Expertisée,20,Bonne,7.38079998,48.059669735,QmnJ
A1580201,A158020101,1975-02-20,1911.0,2026-06-02T09:33:34Z,16,Donnée validée,10,Expertisée,20,Bonne,7.38079998,48.059669735,QmnJ
A1580201,A158020101,1975-02-21,1816.0,2026-06-02T09:33:34Z,16,Donnée validée,10,Expertisée,20,Bonne,7.38079998,48.059669735,QmnJ
A1580201,A158020101,1975-02-22,1697.0,2026-06-02T09:33:34Z,16,Donnée validée,10,Expertisée,20,Bonne,7.38079998,48.059669735,QmnJ
A1580201,A158020101,1975-02-23,1631.0,2026-06-02T09:33:34Z,16,Donnée validée,10,Expertisée,20,Bonne,7.38079998,48.059669735,QmnJ
A1580201,A158020101,1975-02-24,1567.0,2026-06-02T09:33:34Z,16,Donnée validée,10,Expertisée,20,Bonne,7.38079998,48.059669735,QmnJ
A1580201,A158020101,1975-02-25,1464.0,2026-06-02T09:33:34Z,16,Donnée validée,10,Expertisée,20,Bonne,7.38079998,48.059669735,QmnJ
A1580201,A158020101,1975-02-26,1423.0,2026-06-02T09:33:34Z,16,Donnée validée,10,Expertisée,20,Bonne,7.38079998,48.059669735,QmnJ
A1580201,A158020101,1975-02-27,1342.0,2026-06-02T09:33:34Z,16,Donnée validée,10,Expertisée,20,Bonne,7.38079998,48.059669735,QmnJ
A1580201,A158020101,1975-02-28,1458.0,2026-06-02T09:33:34Z,16,Donnée validée,10,Expertisée,20,Bonne,7.38079998,48.059669735,QmnJ
A1580201,A158020101,1975-03-01,1487.0,2026-06-02T09:33:34Z,16,Donnée validée,10,Expertisée,20,Bonne,7.38079998,48.059669735,QmnJ
A1580201,A158020101,1975-03-02,1395.0,2026-06-02T09:33:34Z,16,Donnée validée,10,Expertisée,20,Bonne,7.38079998,48.059669735,QmnJ
A1580201,A158020101,1975-03-03,836.0,2026-06-02T09:33:34Z,16,Donnée validée,10,Expertisée,20,Bonne,7.38079998,48.059669735,QmnJ
A1580201,A158020101,1975-03-04,1276.0,2026-06-02T09:33:34Z,16,Donnée validée,10,Expertisée,20,Bonne,7.38079998,48.059669735,QmnJ
A1580201,A158020101,1975-03-05,1533.0,2026-06-02T09:33:34Z,16,Donnée validée,10,Expertisée,20,Bonne,7.38079998,48.059669735,QmnJ
A1580201,A158020101,1975-03-06,1484.0,2026-06-02T09:33:34Z,16,Donnée validée,10,Expertisée,20,Bonne,7.38079998,48.059669735,QmnJ
A1580201,A158020101,1975-03-07,1466.0,2026-06-02T09:33:34Z,16,Donnée validée,10,Expertisée,20,Bonne,7.38079998,48.059669735,QmnJ
A1580201,A158020101,1975-03-08,1771.0,2026-06-02T09:33:34Z,16,Donnée validée,10,Expertisée,20,Bonne,7.38079998,48.059669735,QmnJ
A1580201,A158020101,1975-03-09,1737.0,2026-06-02T09:33:34Z,16,Donnée validée,10,Expertisée,20,Bonne,7.38079998,48.059669735,QmnJ
A1580201,A158020101,1975-03-10,1651.0,2026-06-02T09:33:34Z,16,Donnée validée,10,Expertisée,20,Bonne,7.38079998,48.059669735,QmnJ
A1580201,A158020101,1975-03-11,1632.0,2026-06-02T09:33:34Z,16,Donnée validée,10,Expertisée,20,Bonne,7.38079998,48.059669735,QmnJ
A1580201,A158020101,1975-03-12,1614.0,2026-06-02T09:33:34Z,16,Donnée validée,10,Expertisée,20,Bonne,7.38079998,48.059669735,QmnJ
A1580201,A158020101,1975-03-13,1553.0,2026-06-02T09:33:34Z,16,Donnée validée,10,Expertisée,20,Bonne,7.38079998,48.059669735,QmnJ
A1580201,A158020101,1975-03-14,1605.0,2026-06-02T09:33:34Z,16,Donnée validée,10,Expertisée,20,Bonne,7.38079998,48.059669735,QmnJ
A1580201,A158020101,1975-03-15,1633.0,2026-06-02T09:33:34Z,16,Donnée validée,10,Expertisée,20,Bonne,7.38079998,48.059669735,QmnJ
A1580201,A158020101,1975-03-16,1589.0,2026-06-02T09:33:34Z,16,Donnée validée,10,Expertisée,20,Bonne,7.38079998,48.059669735,QmnJ
A1580201,A158020101,1975-03-17,1564.0,2026-06-02T09:33:34Z,16,Donnée validée,10,Expertisée,20,Bonne,7.38079998,48.059669735,QmnJ
A1580201,A158020101,1975-03-18,1603.0,2026-06-02T09:33:34Z,16,Donnée validée,10,Expertisée,20,Bonne,7.38079998,48.059669735,QmnJ
A1580201,A158020101,1975-03-19,1655.0,2026-06-02T09:33:34Z,16,Donnée validée,10,Expertisée,20,Bonne,7.38079998,48.059669735,QmnJ
A1580201,A158020101,1975-03-20,1769.0,2026-06-02T09:33:34Z,16,Donnée validée,10,Expertisée,20,Bonne,7.38079998,48.059669735,QmnJ
A1580201,A158020101,1975-03-21,1818.0,2026-06-02T09:33:34Z,16,Donnée validée,10,Expertisée,20,Bonne,7.38079998,48.059669735,QmnJ
A1580201,A158020101,1975-03-22,1732.0,2026-06-02T09:33:34Z,16,Donnée validée,10,Expertisée,20,Bonne,7.38079998,48.059669735,QmnJ
A1580201,A158020101,1975-03-23,1829.0,2026-06-02T09:33:34Z,16,Donnée validée,10,Expertisée,20,Bonne,7.38079998,48.059669735,QmnJ
A1580201,A158020101,1975-03-24,1906.0,2026-06-02T09:33:34Z,16,Donnée validée,10,Expertisée,20,Bonne,7.38079998,48.059669735,QmnJ
A1580201,A158020101,1975-03-25,1860.0,2026-06-02T09:33:34Z,16,Donnée validée,10,Expertisée,20,Bonne,7.38079998,48.059669735,QmnJ
A1580201,A158020101,1975-03-26,1862.0,2026-06-02T09:33:34Z,16,Donnée validée,10,Expertisée,20,Bonne,7.38079998,48.059669735,QmnJ
A1580201,A158020101,1975-03-27,1995.0,2026-06-02T09:33:34Z,16,Donnée validée,10,Expertisée,20,Bonne,7.38079998,48.059669735,QmnJ
A1580201,A158020101,1975-03-28,3045.0,2026-06-02T09:33:34Z,16,Donnée validée,10,Expertisée,20,Bonne,7.38079998,48.059669735,QmnJ
A1580201,A158020101,1975-03-29,3641.0,2026-06-02T09:33:34Z,16,Donnée validée,10,Expertisée,20,Bonne,7.38079998,48.059669735,QmnJ
A1580201,A158020101,1975-03-30,3186.0,2026-06-02T09:33:34Z,16,Donnée validée,10,Expertisée,20,Bonne,7.38079998,48.059669735,QmnJ
A1580201,A158020101,1975-03-31,2918.0,2026-06-02T09:33:34Z,16,Donnée validée,10,Expertisée,20,Bonne,7.38079998,48.059669735,QmnJ
A1580201,A158020101,1975-04-01,2437.0,2026-06-02T09:33:34Z,16,Donnée validée,10,Expertisée,20,Bonne,7.38079998,48.059669735,QmnJ
A1580201,A158020101,1975-04-02,2446.0,2026-06-02T09:33:34Z,16,Donnée validée,10,Expertisée,20,Bonne,7.38079998,48.059669735,QmnJ
A1580201,A158020101,1975-04-03,2271.0,2026-06-02T09:33:34Z,16,Donnée validée,10,Expertisée,20,Bonne,7.38079998,48.059669735,QmnJ
A1580201,A158020101,1975-04-04,2304.0,2026-06-02T09:33:34Z,16,Donnée validée,10,Expertisée,20,Bonne,7.38079998,48.059669735,QmnJ
A1580201,A158020101,1975-04-05,2231.0,2026-06-02T09:33:34Z,16,Donnée validée,10,Expertisée,20,Bonne,7.38079998,48.059669735,QmnJ
A1580201,A158020101,1975-04-06,2427.0,2026-06-02T09:33:34Z,16,Donnée validée,10,Expertisée,20,Bonne,7.38079998,48.059669735,QmnJ
A1580201,A158020101,1975-04-07,2572.0,2026-06-02T09:33:34Z,16,Donnée validée,10,Expertisée,20,Bonne,7.38079998,48.059669735,QmnJ
A1580201,A158020101,1975-04-08,2475.0,2026-06-02T09:33:34Z,16,Donnée validée,10,Expertisée,20,Bonne,7.38079998,48.059669735,QmnJ
A1580201,A158020101,1975-04-09,2768.0,2026-06-02T09:33:34Z,16,Donnée validée,10,Expertisée,20,Bonne,7.38079998,48.059669735,QmnJ
A1580201,A158020101,1975-04-10,2742.0,2026-06-02T09:33:34Z,16,Donnée validée,10,Expertisée,20,Bonne,7.38079998,48.059669735,QmnJ
A1580201,A158020101,1975-04-11,2644.0,2026-06-02T09:33:34Z,16,Donnée validée,10,Expertisée,20,Bonne,7.38079998,48.059669735,QmnJ
A1580201,A158020101,1975-04-12,2583.0,2026-06-02T09:33:34Z,16,Donnée validée,10,Expertisée,20,Bonne,7.38079998,48.059669735,QmnJ
A1580201,A158020101,1975-04-13,2690.0,2026-06-02T09:33:34Z,16,Donnée validée,10,Expertisée,20,Bonne,7.38079998,48.059669735,QmnJ
A1580201,A158020101,1975-04-14,2663.0,2026-06-02T09:33:34Z,16,Donnée validée,10,Expertisée,20,Bonne,7.38079998,48.059669735,QmnJ
A1580201,A158020101,1975-04-15,4172.0,2026-06-02T09:33:34Z,16,Donnée validée,10,Expertisée,20,Bonne,7.38079998,48.059669735,QmnJ
A1580201,A158020101,1975-04-16,7806.0,2026-06-02T09:33:34Z,16,Donnée validée,10,Expertisée,20,Bonne,7.38079998,48.059669735,QmnJ
A1580201,A158020101,1975-04-17,8586.0,2026-06-02T09:33:34Z,16,Donnée validée,10,Expertisée,20,Bonne,7.38079998,48.059669735,QmnJ
A1580201,A158020101,1975-04-18,7002.0,2026-06-02T09:33:34Z,16,Donnée validée,10,Expertisée,20,Bonne,7.38079998,48.059669735,QmnJ
A1580201,A158020101,1975-04-19,5796.0,2026-06-02T09:33:34Z,16,Donnée validée,10,Expertisée,20,Bonne,7.38079998,48.059669735,QmnJ
A1580201,A158020101,1975-04-20,5085.0,2026-06-02T09:33:34Z,16,Donnée validée,10,Expertisée,20,Bonne,7.38079998,48.059669735,QmnJ
A1580201,A158020101,1975-04-21,4976.0,2026-06-02T09:33:34Z,16,Donnée validée,10,Expertisée,20,Bonne,7.38079998,48.059669735,QmnJ
A1580201,A158020101,1975-04-22,4022.0,2026-06-02T09:33:34Z,16,Donnée validée,10,Expertisée,20,Bonne,7.38079998,48.059669735,QmnJ
A1580201,A158020101,1975-04-23,3502.0,2026-06-02T09:33:34Z,16,Donnée validée,10,Expertisée,20,Bonne,7.38079998,48.059669735,QmnJ
A1580201,A158020101,1975-04-24,3217.0,2026-06-02T09:33:34Z,16,Donnée validée,10,Expertisée,20,Bonne,7.38079998,48.059669735,QmnJ
A1580201,A158020101,1975-04-25,3201.0,2026-06-02T09:33:34Z,16,Donnée validée,10,Expertisée,20,Bonne,7.38079998,48.059669735,QmnJ
A1580201,A158020101,1975-04-26,3291.0,2026-06-02T09:33:34Z,16,Donnée validée,10,Expertisée,20,Bonne,7.38079998,48.059669735,QmnJ
A1580201,A158020101,1975-04-27,3141.0,2026-06-02T09:33:34Z,16,Donnée validée,10,Expertisée,20,Bonne,7.38079998,48.059669735,QmnJ
A1580201,A158020101,1975-04-28,2154.0,2026-06-02T09:33:34Z,16,Donnée validée,10,Expertisée,20,Bonne,7.38079998,48.059669735,QmnJ
A1580201,A158020101,1975-04-29,1725.0,2026-06-02T09:33:34Z,16,Donnée validée,10,Expertisée,20,Bonne,7.38079998,48.059669735,QmnJ
A1580201,A158020101,1975-04-30,1834.0,2026-06-02T09:33:34Z,16,Donnée validée,10,Expertisée,20,Bonne,7.38079998,48.059669735,QmnJ
A1580201,A158020101,1975-05-01,2108.0,2026-06-02T09:33:34Z,16,Donnée validée,10,Expertisée,20,Bonne,7.38079998,48.059669735,QmnJ
A1580201,A158020101,1975-05-02,1936.0,2026-06-02T09:33:34Z,16,Donnée validée,10,Expertisée,20,Bonne,7.38079998,48.059669735,QmnJ
A1580201,A158020101,1975-05-03,1920.0,2026-06-02T09:33:34Z,16,Donnée validée,10,Expertisée,20,Bonne,7.38079998,48.059669735,QmnJ
A1580201,A158020101,1975-05-04,2184.0,2026-06-02T09:33:34Z,16,Donnée validée,10,Expertisée,20,Bonne,7.38079998,48.059669735,QmnJ
A1580201,A158020101,1975-05-05,2245.0,2026-06-02T09:33:34Z,16,Donnée validée,10,Expertisée,20,Bonne,7.38079998,48.059669735,QmnJ
A1580201,A158020101,1975-05-06,1952.0,2026-06-02T09:33:34Z,16,Donnée validée,10,Expertisée,20,Bonne,7.38079998,48.059669735,QmnJ
A1580201,A158020101,1975-05-07,1925.0,2026-06-02T09:33:34Z,16,Donnée validée,10,Expertisée,20,Bonne,7.38079998,48.059669735,QmnJ
A1580201,A158020101,1975-05-08,1809.0,2026-06-02T09:33:34Z,16,Donnée validée,10,Expertisée,20,Bonne,7.38079998,48.059669735,QmnJ
A1580201,A158020101,1975-05-09,1750.0,2026-06-02T09:33:34Z,16,Donnée validée,10,Expertisée,20,Bonne,7.38079998,48.059669735,QmnJ
A1580201,A158020101,1975-05-10,1794.0,2026-06-02T09:33:34Z,16,Donnée validée,10,Expertisée,20,Bonne,7.38079998,48.059669735,QmnJ
A1580201,A158020101,1975-05-11,1743.0,2026-06-02T09:33:34Z,16,Donnée validée,10,Expertisée,20,Bonne,7.38079998,48.059669735,QmnJ
A1580201,A158020101,1975-05-12,2080.0,2026-06-02T09:33:34Z,16,Donnée validée,10,Expertisée,20,Bonne,7.38079998,48.059669735,QmnJ
A1580201,A158020101,1975-05-13,2014.0,2026-06-02T09:33:34Z,16,Donnée validée,10,Expertisée,20,Bonne,7.38079998,48.059669735,QmnJ
A1580201,A158020101,1975-05-14,1928.0,2026-06-02T09:33:34Z,16,Donnée validée,10,Expertisée,20,Bonne,7.38079998,48.059669735,QmnJ
A1580201,A158020101,1975-05-15,1893.0,2026-06-02T09:33:34Z,16,Donnée validée,10,Expertisée,20,Bonne,7.38079998,48.059669735,QmnJ
A1580201,A158020101,1975-05-16,1889.0,2026-06-02T09:33:34Z,16,Donnée validée,10,Expertisée,20,Bonne,7.38079998,48.059669735,QmnJ
A1580201,A158020101,1975-05-17,1812.0,2026-06-02T09:33:34Z,16,Donnée validée,10,Expertisée,20,Bonne,7.38079998,48.059669735,QmnJ
A1580201,A158020101,1975-05-18,1538.0,2026-06-02T09:33:34Z,16,Donnée validée,10,Expertisée,20,Bonne,7.38079998,48.059669735,QmnJ
A1580201,A158020101,1975-05-19,1223.0,2026-06-02T09:33:34Z,16,Donnée validée,10,Expertisée,20,Bonne,7.38079998,48.059669735,QmnJ
A1580201,A158020101,1975-05-20,1051.0,2026-06-02T09:33:34Z,16,Donnée validée,10,Expertisée,20,Bonne,7.38079998,48.059669735,QmnJ
A1580201,A158020101,1975-05-21,1000.0,2026-06-02T09:33:34Z,16,Donnée validée,10,Expertisée,20,Bonne,7.38079998,48.059669735,QmnJ
A1580201,A158020101,1975-05-22,1145.0,2026-06-02T09:33:34Z,16,Donnée validée,10,Expertisée,20,Bonne,7.38079998,48.059669735,QmnJ
A1580201,A158020101,1975-05-23,1034.0,2026-06-02T09:33:34Z,16,Donnée validée,10,Expertisée,20,Bonne,7.38079998,48.059669735,QmnJ
A1580201,A158020101,1975-05-24,332.0,2026-06-02T09:33:34Z,16,Donnée validée,10,Expertisée,20,Bonne,7.38079998,48.059669735,QmnJ
A1580201,A158020101,1975-05-25,737.0,2026-06-02T09:33:34Z,16,Donnée validée,10,Expertisée,20,Bonne,7.38079998,48.059669735,QmnJ
A1580201,A158020101,1975-05-26,819.0,2026-06-02T09:33:34Z,16,Donnée validée,10,Expertisée,20,Bonne,7.38079998,48.059669735,QmnJ
A1580201,A158020101,1975-05-27,1078.0,2026-06-02T09:33:34Z,16,Donnée validée,10,Expertisée,20,Bonne,7.38079998,48.059669735,QmnJ
A1580201,A158020101,1975-05-28,1100.0,2026-06-02T09:33:34Z,16,Donnée validée,10,Expertisée,20,Bonne,7.38079998,48.059669735,QmnJ
A1580201,A158020101,1975-05-29,1049.0,2026-06-02T09:33:34Z,16,Donnée validée,10,Expertisée,20,Bonne,7.38079998,48.059669735,QmnJ
A1580201,A158020101,1975-05-30,822.0,2026-06-02T09:33:34Z,16,Donnée validée,10,Expertisée,20,Bonne,7.38079998,48.059669735,QmnJ
A1580201,A158020101,1975-05-31,994.0,2026-06-02T09:33:34Z,16,Donnée validée,10,Expertisée,20,Bonne,7.38079998,48.059669735,QmnJ
A1580201,A158020101,1975-06-01,1328.0,2026-06-02T09:33:34Z,16,Donnée validée,10,Expertisée,20,Bonne,7.38079998,48.059669735,QmnJ
A1580201,A158020101,1975-06-02,1105.0,2026-06-02T09:33:34Z,16,Donnée validée,10,Expertisée,20,Bonne,7.38079998,48.059669735,QmnJ
A1580201,A158020101,1975-06-03,1037.0,2026-06-02T09:33:34Z,16,Donnée validée,10,Expertisée,20,Bonne,7.38079998,48.059669735,QmnJ
A1580201,A158020101,1975-06-04,1090.0,2026-06-02T09:33:34Z,16,Donnée validée,10,Expertisée,20,Bonne,7.38079998,48.059669735,QmnJ
A1580201,A158020101,1975-06-05,1100.0,2026-06-02T09:33:34Z,16,Donnée validée,10,Expertisée,20,Bonne,7.38079998,48.059669735,QmnJ
A1580201,A158020101,1975-06-06,1100.0,2026-06-02T09:33:34Z,16,Donnée validée,10,Expertisée,20,Bonne,7.38079998,48.059669735,QmnJ
A1580201,A158020101,1975-06-07,1039.0,2026-06-02T09:33:34Z,16,Donnée validée,10,Expertisée,20,Bonne,7.38079998,48.059669735,QmnJ
A1580201,A158020101,1975-06-08,893.0,2026-06-02T09:33:34Z,16,Donnée validée,10,Expertisée,20,Bonne,7.38079998,48.059669735,QmnJ
A1580201,A158020101,1975-06-09,732.0,2026-06-02T09:33:34Z,16,Donnée validée,10,Expertisée,20,Bonne,7.38079998,48.059669735,QmnJ
A1580201,A158020101,1975-06-10,466.0,2026-06-02T09:33:34Z,16,Donnée validée,10,Expertisée,20,Bonne,7.38079998,48.059669735,QmnJ
A1580201,A158020101,1975-06-11,810.0,2026-06-02T09:33:34Z,16,Donnée validée,10,Expertisée,20,Bonne,7.38079998,48.059669735,QmnJ
A1580201,A158020101,1975-06-12,675.0,2026-06-02T09:33:34Z,16,Donnée validée,10,Expertisée,20,Bonne,7.38079998,48.059669735,QmnJ
A1580201,A158020101,1975-06-13,762.0,2026-06-02T09:33:34Z,16,Donnée validée,10,Expertisée,20,Bonne,7.38079998,48.059669735,QmnJ
A1580201,A158020101,1975-06-14,606.0,2026-06-02T09:33:34Z,16,Donnée validée,10,Expertisée,20,Bonne,7.38079998,48.059669735,QmnJ
A1580201,A158020101,1975-06-15,600.0,2026-06-02T09:33:34Z,16,Donnée validée,10,Expertisée,20,Bonne,7.38079998,48.059669735,QmnJ
A1580201,A158020101,1975-06-16,655.0,2026-06-02T09:33:34Z,16,Donnée validée,10,Expertisée,20,Bonne,7.38079998,48.059669735,QmnJ
A1580201,A158020101,1975-06-17,864.0,2026-06-02T09:33:34Z,16,Donnée validée,10,Expertisée,20,Bonne,7.38079998,48.059669735,QmnJ
A1580201,A158020101,1975-06-18,830.0,2026-06-02T09:33:34Z,16,Donnée validée,10,Expertisée,20,Bonne,7.38079998,48.059669735,QmnJ
A1580201,A158020101,1975-06-19,760.0,2026-06-02T09:33:34Z,16,Donnée validée,10,Expertisée,20,Bonne,7.38079998,48.059669735,QmnJ
A1580201,A158020101,1975-06-20,770.0,2026-06-02T09:33:34Z,16,Donnée validée,10,Expertisée,20,Bonne,7.38079998,48.059669735,QmnJ
A1580201,A158020101,1975-06-21,746.0,2026-06-02T09:33:34Z,16,Donnée validée,10,Expertisée,20,Bonne,7.38079998,48.059669735,QmnJ
A1580201,A158020101,1975-06-22,1195.0,2026-06-02T09:33:34Z,16,Donnée validée,10,Expertisée,20,Bonne,7.38079998,48.059669735,QmnJ
A1580201,A158020101,1975-06-23,710.0,2026-06-02T09:33:34Z,16,Donnée validée,10,Expertisée,20,Bonne,7.38079998,48.059669735,QmnJ
A1580201,A158020101,1975-06-24,1179.0,2026-06-02T09:33:34Z,16,Donnée validée,10,Expertisée,20,Bonne,7.38079998,48.059669735,QmnJ
A1580201,A158020101,1975-06-25,1178.0,2026-06-02T09:33:34Z,16,Donnée validée,10,Expertisée,20,Bonne,7.38079998,48.059669735,QmnJ
A1580201,A158020101,1975-06-26,1095.0,2026-06-02T09:33:34Z,16,Donnée validée,10,Expertisée,20,Bonne,7.38079998,48.059669735,QmnJ
A1580201,A158020101,1975-06-27,1150.0,2026-06-02T09:33:34Z,16,Donnée validée,10,Expertisée,20,Bonne,7.38079998,48.059669735,QmnJ
A1580201,A158020101,1975-06-28,4683.0,2026-06-02T09:33:34Z,16,Donnée validée,10,Expertisée,20,Bonne,7.38079998,48.059669735,QmnJ
A1580201,A158020101,1975-06-29,5525.0,2026-06-02T09:33:34Z,16,Donnée validée,10,Expertisée,20,Bonne,7.38079998,48.059669735,QmnJ
A1580201,A158020101,1975-06-30,4550.0,2026-06-02T09:33:34Z,16,Donnée validée,10,Expertisée,20,Bonne,7.38079998,48.059669735,QmnJ
A1580201,A158020101,1975-07-01,4054.0,2026-06-02T09:33:34Z,16,Donnée validée,10,Expertisée,20,Bonne,7.38079998,48.059669735,QmnJ
A1580201,A158020101,1975-07-02,3141.0,2026-06-02T09:33:34Z,16,Donnée validée,10,Expertisée,20,Bonne,7.38079998,48.059669735,QmnJ
A1580201,A158020101,1975-07-03,1912.0,2026-06-02T09:33:34Z,16,Donnée validée,10,Expertisée,20,Bonne,7.38079998,48.059669735,QmnJ
A1580201,A158020101,1975-07-04,1419.0,2026-06-02T09:33:34Z,16,Donnée validée,10,Expertisée,20,Bonne,7.38079998,48.059669735,QmnJ
A1580201,A158020101,1975-07-05,1741.0,2026-06-02T09:33:34Z,16,Donnée validée,10,Expertisée,20,Bonne,7.38079998,48.059669735,QmnJ
A1580201,A158020101,1975-07-06,1571.0,2026-06-02T09:33:34Z,16,Donnée validée,10,Expertisée,20,Bonne,7.38079998,48.059669735,QmnJ
A1580201,A158020101,1975-07-07,1106.0,2026-06-02T09:33:34Z,16,Donnée validée,10,Expertisée,20,Bonne,7.38079998,48.059669735,QmnJ
A1580201,A158020101,1975-07-08,1040.0,2026-06-02T09:33:34Z,16,Donnée validée,10,Expertisée,20,Bonne,7.38079998,48.059669735,QmnJ
A1580201,A158020101,1975-07-09,643.0,2026-06-02T09:33:34Z,16,Donnée validée,10,Expertisée,20,Bonne,7.38079998,48.059669735,QmnJ
A1580201,A158020101,1975-07-10,1057.0,2026-06-02T09:33:34Z,16,Donnée validée,10,Expertisée,20,Bonne,7.38079998,48.059669735,QmnJ
A1580201,A158020101,1975-07-11,1160.0,2026-06-02T09:33:34Z,16,Donnée validée,10,Expertisée,20,Bonne,7.38079998,48.059669735,QmnJ
A1580201,A158020101,1975-07-12,1127.0,2026-06-02T09:33:34Z,16,Donnée validée,10,Expertisée,20,Bonne,7.38079998,48.059669735,QmnJ
A1580201,A158020101,1975-07-13,1005.0,2026-06-02T09:33:34Z,16,Donnée validée,10,Expertisée,20,Bonne,7.38079998,48.059669735,QmnJ
A1580201,A158020101,1975-07-14,676.0,2026-06-02T09:33:34Z,16,Donnée validée,10,Expertisée,20,Bonne,7.38079998,48.059669735,QmnJ
A1580201,A158020101,1975-07-15,541.0,2026-06-02T09:33:34Z,16,Donnée validée,10,Expertisée,20,Bonne,7.38079998,48.059669735,QmnJ
A1580201,A158020101,1975-07-16,600.0,2026-06-02T09:33:34Z,16,Donnée validée,10,Expertisée,20,Bonne,7.38079998,48.059669735,QmnJ
A1580201,A158020101,1975-07-17,563.0,2026-06-02T09:33:34Z,16,Donnée validée,10,Expertisée,20,Bonne,7.38079998,48.059669735,QmnJ
A1580201,A158020101,1975-07-18,497.0,2026-06-02T09:33:34Z,16,Donnée validée,10,Expertisée,20,Bonne,7.38079998,48.059669735,QmnJ
A1580201,A158020101,1975-07-19,329.0,2026-06-02T09:33:34Z,16,Donnée validée,10,Expertisée,20,Bonne,7.38079998,48.059669735,QmnJ
A1580201,A158020101,1975-07-20,249.0,2026-06-02T09:33:34Z,16,Donnée validée,10,Expertisée,20,Bonne,7.38079998,48.059669735,QmnJ
A1580201,A158020101,1975-07-21,179.0,2026-06-02T09:33:34Z,16,Donnée validée,10,Expertisée,20,Bonne,7.38079998,48.059669735,QmnJ
A1580201,A158020101,1975-07-22,302.0,2026-06-02T09:33:34Z,16,Donnée validée,10,Expertisée,20,Bonne,7.38079998,48.059669735,QmnJ
A1580201,A158020101,1975-07-23,179.0,2026-06-02T09:33:34Z,16,Donnée validée,10,Expertisée,20,Bonne,7.38079998,48.059669735,QmnJ
A1580201,A158020101,1975-07-24,135.0,2026-06-02T09:33:34Z,16,Donnée validée,10,Expertisée,20,Bonne,7.38079998,48.059669735,QmnJ
A1580201,A158020101,1975-07-25,134.0,2026-06-02T09:33:34Z,16,Donnée validée,10,Expertisée,20,Bonne,7.38079998,48.059669735,QmnJ
A1580201,A158020101,1975-07-26,137.0,2026-06-02T09:33:34Z,16,Donnée validée,10,Expertisée,20,Bonne,7.38079998,48.059669735,QmnJ
A1580201,A158020101,1975-07-27,114.0,2026-06-02T09:33:34Z,16,Donnée validée,10,Expertisée,20,Bonne,7.38079998,48.059669735,QmnJ
A1580201,A158020101,1975-07-28,91.0,2026-06-02T09:33:34Z,16,Donnée validée,10,Expertisée,20,Bonne,7.38079998,48.059669735,QmnJ
A1580201,A158020101,1975-07-29,72.0,2026-06-02T09:33:34Z,16,Donnée validée,10,Expertisée,20,Bonne,7.38079998,48.059669735,QmnJ
A1580201,A158020101,1975-07-30,54.0,2026-06-02T09:33:34Z,16,Donnée validée,10,Expertisée,20,Bonne,7.38079998,48.059669735,QmnJ
A1580201,A158020101,1975-07-31,50.0,2026-06-02T09:33:34Z,16,Donnée validée,10,Expertisée,20,Bonne,7.38079998,48.059669735,QmnJ
A1580201,A158020101,1975-08-01,50.0,2026-06-02T09:33:34Z,16,Donnée validée,10,Expertisée,20,Bonne,7.38079998,48.059669735,QmnJ
A1580201,A158020101,1975-08-02,50.0,2026-06-02T09:33:34Z,16,Donnée validée,10,Expertisée,20,Bonne,7.38079998,48.059669735,QmnJ
A1580201,A158020101,1975-08-03,50.0,2026-06-02T09:33:34Z,16,Donnée validée,10,Expertisée,20,Bonne,7.38079998,48.059669735,QmnJ
A1580201,A158020101,1975-08-04,50.0,2026-06-02T09:33:34Z,16,Donnée validée,10,Expertisée,20,Bonne,7.38079998,48.059669735,QmnJ
A1580201,A158020101,1975-08-05,50.0,2026-06-02T09:33:34Z,16,Donnée validée,10,Expertisée,20,Bonne,7.38079998,48.059669735,QmnJ
A1580201,A158020101,1975-08-06,50.0,2026-06-02T09:33:34Z,16,Donnée validée,10,Expertisée,20,Bonne,7.38079998,48.059669735,QmnJ
A1580201,A158020101,1975-08-07,50.0,2026-06-02T09:33:34Z,16,Donnée validée,10,Expertisée,20,Bonne,7.38079998,48.059669735,QmnJ
A1580201,A158020101,1975-08-08,50.0,2026-06-02T09:33:34Z,16,Donnée validée,10,Expertisée,20,Bonne,7.38079998,48.059669735,QmnJ
A1580201,A158020101,1975-08-09,50.0,2026-06-02T09:33:34Z,16,Donnée validée,10,Expertisée,20,Bonne,7.38079998,48.059669735,QmnJ
A1580201,A158020101,1975-08-10,57.0,2026-06-02T09:33:34Z,16,Donnée validée,10,Expertisée,20,Bonne,7.38079998,48.059669735,QmnJ
A1580201,A158020101,1975-08-11,80.0,2026-06-02T09:33:34Z,16,Donnée validée,10,Expertisée,20,Bonne,7.38079998,48.059669735,QmnJ
A1580201,A158020101,1975-08-12,80.0,2026-06-02T09:33:34Z,16,Donnée validée,10,Expertisée,20,Bonne,7.38079998,48.059669735,QmnJ
A1580201,A158020101,1975-08-13,80.0,2026-06-02T09:33:34Z,16,Donnée validée,10,Expertisée,20,Bonne,7.38079998,48.059669735,QmnJ
A1580201,A158020101,1975-08-14,74.0,2026-06-02T09:33:34Z,16,Donnée validée,10,Expertisée,20,Bonne,7.38079998,48.059669735,QmnJ
A1580201,A158020101,1975-08-15,52.0,2026-06-02T09:33:34Z,16,Donnée validée,10,Expertisée,20,Bonne,7.38079998,48.059669735,QmnJ
A1580201,A158020101,1975-08-16,56.0,2026-06-02T09:33:34Z,16,Donnée validée,10,Expertisée,20,Bonne,7.38079998,48.059669735,QmnJ
A1580201,A158020101,1975-08-17,60.0,2026-06-02T09:33:34Z,16,Donnée validée,10,Expertisée,20,Bonne,7.38079998,48.059669735,QmnJ
A1580201,A158020101,1975-08-18,63.0,2026-06-02T09:33:34Z,16,Donnée validée,10,Expertisée,20,Bonne,7.38079998,48.059669735,QmnJ
A1580201,A158020101,1975-08-19,67.0,2026-06-02T09:33:34Z,16,Donnée validée,10,Expertisée,20,Bonne,7.38079998,48.059669735,QmnJ
A1580201,A158020101,1975-08-20,71.0,2026-06-02T09:33:34Z,16,Donnée validée,10,Expertisée,20,Bonne,7.38079998,48.059669735,QmnJ
A1580201,A158020101,1975-08-21,74.0,2026-06-02T09:33:34Z,16,Donnée validée,10,Expertisée,20,Bonne,7.38079998,48.059669735,QmnJ
A1580201,A158020101,1975-08-22,78.0,2026-06-02T09:33:34Z,16,Donnée validée,10,Expertisée,20,Bonne,7.38079998,48.059669735,QmnJ
A1580201,A158020101,1975-08-23,80.0,2026-06-02T09:33:34Z,16,Donnée validée,10,Expertisée,20,Bonne,7.38079998,48.059669735,QmnJ
A1580201,A158020101,1975-08-24,85.0,2026-06-02T09:33:34Z,16,Donnée validée,10,Expertisée,20,Bonne,7.38079998,48.059669735,QmnJ
A1580201,A158020101,1975-08-25,93.0,2026-06-02T09:33:34Z,16,Donnée validée,10,Expertisée,20,Bonne,7.38079998,48.059669735,QmnJ
A1580201,A158020101,1975-08-26,101.0,2026-06-02T09:33:34Z,16,Donnée validée,10,Expertisée,20,Bonne,7.38079998,48.059669735,QmnJ
A1580201,A158020101,1975-08-27,109.0,2026-06-02T09:33:34Z,16,Donnée validée,10,Expertisée,20,Bonne,7.38079998,48.059669735,QmnJ
A1580201,A158020101,1975-08-28,110.0,2026-06-02T09:33:34Z,16,Donnée validée,10,Expertisée,20,Bonne,7.38079998,48.059669735,QmnJ
A1580201,A158020101,1975-08-29,110.0,2026-06-02T09:33:34Z,16,Donnée validée,10,Expertisée,20,Bonne,7.38079998,48.059669735,QmnJ
A1580201,A158020101,1975-08-30,110.0,2026-06-02T09:33:34Z,16,Donnée validée,10,Expertisée,20,Bonne,7.38079998,48.059669735,QmnJ
A1580201,A158020101,1975-08-31,110.0,2026-06-02T09:33:34Z,16,Donnée validée,10,Expertisée,20,Bonne,7.38079998,48.059669735,QmnJ
A1580201,A158020101,1975-09-01,110.0,2026-06-02T09:33:34Z,16,Donnée validée,10,Expertisée,20,Bonne,7.38079998,48.059669735,QmnJ
A1580201,A158020101,1975-09-02,110.0,2026-06-02T09:33:34Z,16,Donnée validée,10,Expertisée,20,Bonne,7.38079998,48.059669735,QmnJ
A1580201,A158020101,1975-09-03,110.0,2026-06-02T09:33:34Z,16,Donnée validée,10,Expertisée,20,Bonne,7.38079998,48.059669735,QmnJ
A1580201,A158020101,1975-09-04,110.0,2026-06-02T09:33:34Z,16,Donnée validée,10,Expertisée,20,Bonne,7.38079998,48.059669735,QmnJ
A1580201,A158020101,1975-09-05,110.0,2026-06-02T09:33:34Z,16,Donnée validée,10,Expertisée,20,Bonne,7.38079998,48.059669735,QmnJ
A1580201,A158020101,1975-09-06,110.0,2026-06-02T09:33:34Z,16,Donnée validée,10,Expertisée,20,Bonne,7.38079998,48.059669735,QmnJ
A1580201,A158020101,1975-09-07,110.0,2026-06-02T09:33:34Z,16,Donnée validée,10,Expertisée,20,Bonne,7.38079998,48.059669735,QmnJ
A1580201,A158020101,1975-09-08,110.0,2026-06-02T09:33:34Z,16,Donnée validée,10,Expertisée,20,Bonne,7.38079998,48.059669735,QmnJ
A1580201,A158020101,1975-09-09,110.0,2026-06-02T09:33:34Z,16,Donnée validée,10,Expertisée,20,Bonne,7.38079998,48.059669735,QmnJ
A1580201,A158020101,1975-09-10,99.0,2026-06-02T09:33:34Z,16,Donnée validée,10,Expertisée,20,Bonne,7.38079998,48.059669735,QmnJ
A1580201,A158020101,1975-09-11,80.0,2026-06-02T09:33:34Z,16,Donnée validée,10,Expertisée,20,Bonne,7.38079998,48.059669735,QmnJ
A1580201,A158020101,1975-09-12,343.0,2026-06-02T09:33:34Z,16,Donnée validée,10,Expertisée,20,Bonne,7.38079998,48.059669735,QmnJ
A1580201,A158020101,1975-09-13,424.0,2026-06-02T09:33:34Z,16,Donnée validée,10,Expertisée,20,Bonne,7.38079998,48.059669735,QmnJ
A1580201,A158020101,1975-09-14,605.0,2026-06-02T09:33:34Z,16,Donnée validée,10,Expertisée,20,Bonne,7.38079998,48.059669735,QmnJ
A1580201,A158020101,1975-09-15,1621.0,2026-06-02T09:33:34Z,16,Donnée validée,10,Expertisée,20,Bonne,7.38079998,48.059669735,QmnJ
A1580201,A158020101,1975-09-16,1094.0,2026-06-02T09:33:34Z,16,Donnée validée,10,Expertisée,20,Bonne,7.38079998,48.059669735,QmnJ
A1580201,A158020101,1975-09-17,795.0,2026-06-02T09:33:34Z,16,Donnée validée,10,Expertisée,20,Bonne,7.38079998,48.059669735,QmnJ
A1580201,A158020101,1975-09-18,700.0,2026-06-02T09:33:34Z,16,Donnée validée,10,Expertisée,20,Bonne,7.38079998,48.059669735,QmnJ
A1580201,A158020101,1975-09-19,1461.0,2026-06-02T09:33:34Z,16,Donnée validée,10,Expertisée,20,Bonne,7.38079998,48.059669735,QmnJ
A1580201,A158020101,1975-09-20,1894.0,2026-06-02T09:33:34Z,16,Donnée validée,10,Expertisée,20,Bonne,7.38079998,48.059669735,QmnJ
A1580201,A158020101,1975-09-21,1529.0,2026-06-02T09:33:34Z,16,Donnée validée,10,Expertisée,20,Bonne,7.38079998,48.059669735,QmnJ
A1580201,A158020101,1975-09-22,1162.0,2026-06-02T09:33:34Z,16,Donnée validée,10,Expertisée,20,Bonne,7.38079998,48.059669735,QmnJ
A1580201,A158020101,1975-09-23,1082.0,2026-06-02T09:33:34Z,16,Donnée validée,10,Expertisée,20,Bonne,7.38079998,48.059669735,QmnJ
A1580201,A158020101,1975-09-24,972.0,2026-06-02T09:33:34Z,16,Donnée validée,10,Expertisée,20,Bonne,7.38079998,48.059669735,QmnJ
A1580201,A158020101,1975-09-25,890.0,2026-06-02T09:33:34Z,16,Donnée validée,10,Expertisée,20,Bonne,7.38079998,48.059669735,QmnJ
A1580201,A158020101,1975-09-26,798.0,2026-06-02T09:33:34Z,16,Donnée validée,10,Expertisée,20,Bonne,7.38079998,48.059669735,QmnJ
A1580201,A158020101,1975-09-27,1007.0,2026-06-02T09:33:34Z,16,Donnée validée,10,Expertisée,20,Bonne,7.38079998,48.059669735,QmnJ
A1580201,A158020101,1975-09-28,935.0,2026-06-02T09:33:34Z,16,Donnée validée,10,Expertisée,20,Bonne,7.38079998,48.059669735,QmnJ
A1580201,A158020101,1975-09-29,761.0,2026-06-02T09:33:34Z,16,Donnée validée,10,Expertisée,20,Bonne,7.38079998,48.059669735,QmnJ
A1580201,A158020101,1975-09-30,661.0,2026-06-02T09:33:34Z,16,Donnée validée,10,Expertisée,20,Bonne,7.38079998,48.059669735,QmnJ
A1580201,A158020101,1975-10-01,668.0,2026-06-02T09:33:34Z,16,Donnée validée,10,Expertisée,20,Bonne,7.38079998,48.059669735,QmnJ
A1580201,A158020101,1975-10-02,646.0,2026-06-02T09:33:34Z,16,Donnée validée,10,Expertisée,20,Bonne,7.38079998,48.059669735,QmnJ
A1580201,A158020101,1975-10-03,601.0,2026-06-02T09:33:34Z,16,Donnée validée,10,Expertisée,20,Bonne,7.38079998,48.059669735,QmnJ
A1580201,A158020101,1975-10-04,589.0,2026-06-02T09:33:34Z,16,Donnée validée,10,Expertisée,20,Bonne,7.38079998,48.059669735,QmnJ
A1580201,A158020101,1975-10-05,600.0,2026-06-02T09:33:34Z,16,Donnée validée,10,Expertisée,20,Bonne,7.38079998,48.059669735,QmnJ
A1580201,A158020101,1975-10-06,578.0,2026-06-02T09:33:34Z,16,Donnée validée,10,Expertisée,20,Bonne,7.38079998,48.059669735,QmnJ
A1580201,A158020101,1975-10-07,560.0,2026-06-02T09:33:34Z,16,Donnée validée,10,Expertisée,20,Bonne,7.38079998,48.059669735,QmnJ
A1580201,A158020101,1975-10-08,517.0,2026-06-02T09:33:34Z,16,Donnée validée,10,Expertisée,20,Bonne,7.38079998,48.059669735,QmnJ
A1580201,A158020101,1975-10-09,506.0,2026-06-02T09:33:34Z,16,Donnée validée,10,Expertisée,20,Bonne,7.38079998,48.059669735,QmnJ
A1580201,A158020101,1975-10-10,457.0,2026-06-02T09:33:34Z,16,Donnée validée,10,Expertisée,20,Bonne,7.38079998,48.059669735,QmnJ
A1580201,A158020101,1975-10-11,489.0,2026-06-02T09:33:34Z,16,Donnée validée,10,Expertisée,20,Bonne,7.38079998,48.059669735,QmnJ
A1580201,A158020101,1975-10-12,570.0,2026-06-02T09:33:34Z,16,Donnée validée,10,Expertisée,20,Bonne,7.38079998,48.059669735,QmnJ
A1580201,A158020101,1975-10-13,513.0,2026-06-02T09:33:34Z,16,Donnée validée,10,Expertisée,20,Bonne,7.38079998,48.059669735,QmnJ
A1580201,A158020101,1975-10-14,600.0,2026-06-02T09:33:34Z,16,Donnée validée,10,Expertisée,20,Bonne,7.38079998,48.059669735,QmnJ
A1580201,A158020101,1975-10-15,626.0,2026-06-02T09:33:34Z,16,Donnée validée,10,Expertisée,20,Bonne,7.38079998,48.059669735,QmnJ
A1580201,A158020101,1975-10-16,675.0,2026-06-02T09:33:34Z,16,Donnée validée,10,Expertisée,20,Bonne,7.38079998,48.059669735,QmnJ
A1580201,A158020101,1975-10-17,648.0,2026-06-02T09:33:34Z,16,Donnée validée,10,Expertisée,20,Bonne,7.38079998,48.059669735,QmnJ
A1580201,A158020101,1975-10-18,600.0,2026-06-02T09:33:34Z,16,Donnée validée,10,Expertisée,20,Bonne,7.38079998,48.059669735,QmnJ
A1580201,A158020101,1975-10-19,600.0,2026-06-02T09:33:34Z,16,Donnée validée,10,Expertisée,20,Bonne,7.38079998,48.059669735,QmnJ
A1580201,A158020101,1975-10-20,600.0,2026-06-02T09:33:34Z,16,Donnée validée,10,Expertisée,20,Bonne,7.38079998,48.059669735,QmnJ
A1580201,A158020101,1975-10-21,630.0,2026-06-02T09:33:34Z,16,Donnée validée,10,Expertisée,20,Bonne,7.38079998,48.059669735,QmnJ
A1580201,A158020101,1975-10-22,643.0,2026-06-02T09:33:34Z,16,Donnée validée,10,Expertisée,20,Bonne,7.38079998,48.059669735,QmnJ
A1580201,A158020101,1975-10-23,600.0,2026-06-02T09:33:34Z,16,Donnée validée,10,Expertisée,20,Bonne,7.38079998,48.059669735,QmnJ
A1580201,A158020101,1975-10-24,600.0,2026-06-02T09:33:34Z,16,Donnée validée,10,Expertisée,20,Bonne,7.38079998,48.059669735,QmnJ
A1580201,A158020101,1975-10-25,619.0,2026-06-02T09:33:34Z,16,Donnée validée,10,Expertisée,20,Bonne,7.38079998,48.059669735,QmnJ
A1580201,A158020101,1975-10-26,610.0,2026-06-02T09:33:34Z,16,Donnée validée,10,Expertisée,20,Bonne,7.38079998,48.059669735,QmnJ
A1580201,A158020101,1975-10-27,536.0,2026-06-02T09:33:34Z,16,Donnée validée,10,Expertisée,20,Bonne,7.38079998,48.059669735,QmnJ
A1580201,A158020101,1975-10-28,574.0,2026-06-02T09:33:34Z,16,Donnée validée,10,Expertisée,20,Bonne,7.38079998,48.059669735,QmnJ
A1580201,A158020101,1975-10-29,600.0,2026-06-02T09:33:34Z,16,Donnée validée,10,Expertisée,20,Bonne,7.38079998,48.059669735,QmnJ
A1580201,A158020101,1975-10-30,590.0,2026-06-02T09:33:34Z,16,Donnée validée,10,Expertisée,20,Bonne,7.38079998,48.059669735,QmnJ
A1580201,A158020101,1975-10-31,530.0,2026-06-02T09:33:34Z,16,Donnée validée,10,Expertisée,20,Bonne,7.38079998,48.059669735,QmnJ
A1580201,A158020101,1975-11-01,572.0,2026-06-02T09:33:34Z,16,Donnée validée,10,Expertisée,20,Bonne,7.38079998,48.059669735,QmnJ
A1580201,A158020101,1975-11-02,600.0,2026-06-02T09:33:34Z,16,Donnée validée,10,Expertisée,20,Bonne,7.38079998,48.059669735,QmnJ
A1580201,A158020101,1975-11-03,600.0,2026-06-02T09:33:34Z,16,Donnée validée,10,Expertisée,20,Bonne,7.38079998,48.059669735,QmnJ
A1580201,A158020101,1975-11-04,600.0,2026-06-02T09:33:34Z,16,Donnée validée,10,Expertisée,20,Bonne,7.38079998,48.059669735,QmnJ
A1580201,A158020101,1975-11-05,600.0,2026-06-02T09:33:34Z,16,Donnée validée,10,Expertisée,20,Bonne,7.38079998,48.059669735,QmnJ
A1580201,A158020101,1975-11-06,626.0,2026-06-02T09:33:34Z,16,Donnée validée,10,Expertisée,20,Bonne,7.38079998,48.059669735,QmnJ
A1580201,A158020101,1975-11-07,653.0,2026-06-02T09:33:34Z,16,Donnée validée,10,Expertisée,20,Bonne,7.38079998,48.059669735,QmnJ
A1580201,A158020101,1975-11-08,710.0,2026-06-02T09:33:34Z,16,Donnée validée,10,Expertisée,20,Bonne,7.38079998,48.059669735,QmnJ
A1580201,A158020101,1975-11-09,794.0,2026-06-02T09:33:34Z,16,Donnée validée,10,Expertisée,20,Bonne,7.38079998,48.059669735,QmnJ
A1580201,A158020101,1975-11-10,663.0,2026-06-02T09:33:34Z,16,Donnée validée,10,Expertisée,20,Bonne,7.38079998,48.059669735,QmnJ
A1580201,A158020101,1975-11-11,686.0,2026-06-02T09:33:34Z,16,Donnée validée,10,Expertisée,20,Bonne,7.38079998,48.059669735,QmnJ
A1580201,A158020101,1975-11-12,623.0,2026-06-02T09:33:34Z,16,Donnée validée,10,Expertisée,20,Bonne,7.38079998,48.059669735,QmnJ
A1580201,A158020101,1975-11-13,669.0,2026-06-02T09:33:34Z,16,Donnée validée,10,Expertisée,20,Bonne,7.38079998,48.059669735,QmnJ
A1580201,A158020101,1975-11-14,733.0,2026-06-02T09:33:34Z,16,Donnée validée,10,Expertisée,20,Bonne,7.38079998,48.059669735,QmnJ
A1580201,A158020101,1975-11-15,494.0,2026-06-02T09:33:34Z,16,Donnée validée,10,Expertisée,20,Bonne,7.38079998,48.059669735,QmnJ
A1580201,A158020101,1975-11-16,732.0,2026-06-02T09:33:34Z,16,Donnée validée,10,Expertisée,20,Bonne,7.38079998,48.059669735,QmnJ
A1580201,A158020101,1975-11-17,1593.0,2026-06-02T09:33:34Z,16,Donnée validée,10,Expertisée,20,Bonne,7.38079998,48.059669735,QmnJ
A1580201,A158020101,1975-11-18,1543.0,2026-06-02T09:33:34Z,16,Donnée validée,10,Expertisée,20,Bonne,7.38079998,48.059669735,QmnJ
A1580201,A158020101,1975-11-19,1738.0,2026-06-02T09:33:34Z,16,Donnée validée,10,Expertisée,20,Bonne,7.38079998,48.059669735,QmnJ
A1580201,A158020101,1975-11-20,1554.0,2026-06-02T09:33:34Z,16,Donnée validée,10,Expertisée,20,Bonne,7.38079998,48.059669735,QmnJ
A1580201,A158020101,1975-11-21,1647.0,2026-06-02T09:33:34Z,16,Donnée validée,10,Expertisée,20,Bonne,7.38079998,48.059669735,QmnJ
A1580201,A158020101,1975-11-22,1550.0,2026-06-02T09:33:34Z,16,Donnée validée,10,Expertisée,20,Bonne,7.38079998,48.059669735,QmnJ
A1580201,A158020101,1975-11-23,1443.0,2026-06-02T09:33:34Z,16,Donnée validée,10,Expertisée,20,Bonne,7.38079998,48.059669735,QmnJ
A1580201,A158020101,1975-11-24,1250.0,2026-06-02T09:33:34Z,16,Donnée validée,10,Expertisée,20,Bonne,7.38079998,48.059669735,QmnJ
A1580201,A158020101,1975-11-25,1136.0,2026-06-02T09:33:34Z,16,Donnée validée,10,Expertisée,20,Bonne,7.38079998,48.059669735,QmnJ
A1580201,A158020101,1975-11-26,971.0,2026-06-02T09:33:34Z,16,Donnée validée,10,Expertisée,20,Bonne,7.38079998,48.059669735,QmnJ
A1580201,A158020101,1975-11-27,873.0,2026-06-02T09:33:34Z,16,Donnée validée,10,Expertisée,20,Bonne,7.38079998,48.059669735,QmnJ
A1580201,A158020101,1975-11-28,768.0,2026-06-02T09:33:34Z,16,Donnée validée,10,Expertisée,20,Bonne,7.38079998,48.059669735,QmnJ
A1580201,A158020101,1975-11-29,894.0,2026-06-02T09:33:34Z,16,Donnée validée,10,Expertisée,20,Bonne,7.38079998,48.059669735,QmnJ
A1580201,A158020101,1975-11-30,3771.0,2026-06-02T09:33:34Z,16,Donnée validée,10,Expertisée,20,Bonne,7.38079998,48.059669735,QmnJ
A1580201,A158020101,1975-12-01,3881.0,2026-06-02T09:33:34Z,16,Donnée validée,10,Expertisée,20,Bonne,7.38079998,48.059669735,QmnJ
A1580201,A158020101,1975-12-02,3103.0,2026-06-02T09:33:34Z,16,Donnée validée,10,Expertisée,20,Bonne,7.38079998,48.059669735,QmnJ
A1580201,A158020101,1975-12-03,3020.0,2026-06-02T09:33:34Z,16,Donnée validée,10,Expertisée,20,Bonne,7.38079998,48.059669735,QmnJ
A1580201,A158020101,1975-12-04,2885.0,2026-06-02T09:33:34Z,16,Donnée validée,10,Expertisée,20,Bonne,7.38079998,48.059669735,QmnJ
A1580201,A158020101,1975-12-05,2675.0,2026-06-02T09:33:34Z,16,Donnée validée,10,Expertisée,20,Bonne,7.38079998,48.059669735,QmnJ
A1580201,A158020101,1975-12-06,2573.0,2026-06-02T09:33:34Z,16,Donnée validée,10,Expertisée,20,Bonne,7.38079998,48.059669735,QmnJ
A1580201,A158020101,1975-12-07,2282.0,2026-06-02T09:33:34Z,16,Donnée validée,10,Expertisée,20,Bonne,7.38079998,48.059669735,QmnJ
A1580201,A158020101,1975-12-08,1868.0,2026-06-02T09:33:34Z,16,Donnée validée,10,Expertisée,20,Bonne,7.38079998,48.059669735,QmnJ
A1580201,A158020101,1975-12-09,1732.0,2026-06-02T09:33:34Z,16,Donnée validée,10,Expertisée,20,Bonne,7.38079998,48.059669735,QmnJ
A1580201,A158020101,1975-12-10,1461.0,2026-06-02T09:33:34Z,16,Donnée validée,10,Expertisée,20,Bonne,7.38079998,48.059669735,QmnJ
A1580201,A158020101,1975-12-11,1297.0,2026-06-02T09:33:34Z,16,Donnée validée,10,Expertisée,20,Bonne,7.38079998,48.059669735,QmnJ
A1580201,A158020101,1975-12-12,1214.0,2026-06-02T09:33:34Z,16,Donnée validée,10,Expertisée,20,Bonne,7.38079998,48.059669735,QmnJ
A1580201,A158020101,1975-12-13,1112.0,2026-06-02T09:33:34Z,16,Donnée validée,10,Expertisée,20,Bonne,7.38079998,48.059669735,QmnJ
A1580201,A158020101,1975-12-14,950.0,2026-06-02T09:33:34Z,16,Donnée validée,10,Expertisée,20,Bonne,7.38079998,48.059669735,QmnJ
A1580201,A158020101,1975-12-15,729.0,2026-06-02T09:33:34Z,16,Donnée validée,10,Expertisée,20,Bonne,7.38079998,48.059669735,QmnJ
A1580201,A158020101,1975-12-16,701.0,2026-06-02T09:33:34Z,16,Donnée validée,10,Expertisée,20,Bonne,7.38079998,48.059669735,QmnJ
A1580201,A158020101,1975-12-17,729.0,2026-06-02T09:33:34Z,16,Donnée validée,10,Expertisée,20,Bonne,7.38079998,48.059669735,QmnJ
A1580201,A158020101,1975-12-18,738.0,2026-06-02T09:33:34Z,16,Donnée validée,10,Expertisée,20,Bonne,7.38079998,48.059669735,QmnJ
A1580201,A158020101,1975-12-19,524.0,2026-06-02T09:33:34Z,16,Donnée validée,10,Expertisée,20,Bonne,7.38079998,48.059669735,QmnJ
A1580201,A158020101,1975-12-20,458.0,2026-06-02T09:33:34Z,16,Donnée validée,10,Expertisée,20,Bonne,7.38079998,48.059669735,QmnJ
A1580201,A158020101,1975-12-21,430.0,2026-06-02T09:33:34Z,16,Donnée validée,10,Expertisée,20,Bonne,7.38079998,48.059669735,QmnJ
A1580201,A158020101,1975-12-22,434.0,2026-06-02T09:33:34Z,16,Donnée validée,10,Expertisée,20,Bonne,7.38079998,48.059669735,QmnJ
A1580201,A158020101,1975-12-23,491.0,2026-06-02T09:33:34Z,16,Donnée validée,10,Expertisée,20,Bonne,7.38079998,48.059669735,QmnJ
A1580201,A158020101,1975-12-24,475.0,2026-06-02T09:33:34Z,16,Donnée validée,10,Expertisée,20,Bonne,7.38079998,48.059669735,QmnJ
A1580201,A158020101,1975-12-25,439.0,2026-06-02T09:33:34Z,16,Donnée validée,10,Expertisée,20,Bonne,7.38079998,48.059669735,QmnJ
A1580201,A158020101,1975-12-26,430.0,2026-06-02T09:33:34Z,16,Donnée validée,10,Expertisée,20,Bonne,7.38079998,48.059669735,QmnJ
A1580201,A158020101,1975-12-27,430.0,2026-06-02T09:33:34Z,16,Donnée validée,10,Expertisée,20,Bonne,7.38079998,48.059669735,QmnJ
A1580201,A158020101,1975-12-28,430.0,2026-06-02T09:33:34Z,16,Donnée validée,10,Expertisée,20,Bonne,7.38079998,48.059669735,QmnJ
A1580201,A158020101,1975-12-29,430.0,2026-06-02T09:33:34Z,16,Donnée validée,10,Expertisée,20,Bonne,7.38079998,48.059669735,QmnJ
A1580201,A158020101,1975-12-30,430.0,2026-06-02T09:33:34Z,16,Donnée validée,10,Expertisée,20,Bonne,7.38079998,48.059669735,QmnJ
A1580201,A158020101,1975-12-31,430.0,2026-06-02T09:33:34Z,16,Donnée validée,10,Expertisée,20,Bonne,7.38079998,48.059669735,QmnJ
A1580201,A158020101,1976-01-01,459.0,2026-06-02T09:33:34Z,16,Donnée validée,10,Expertisée,20,Bonne,7.38079998,48.059669735,QmnJ
A1580201,A158020101,1976-01-02,692.0,2026-06-02T09:33:34Z,16,Donnée validée,10,Expertisée,20,Bonne,7.38079998,48.059669735,QmnJ
A1580201,A158020101,1976-01-03,1416.0,2026-06-02T09:33:34Z,16,Donnée validée,10,Expertisée,20,Bonne,7.38079998,48.059669735,QmnJ
A1580201,A158020101,1976-01-04,1802.0,2026-06-02T09:33:34Z,16,Donnée validée,10,Expertisée,20,Bonne,7.38079998,48.059669735,QmnJ
A1580201,A158020101,1976-01-05,1493.0,2026-06-02T09:33:34Z,16,Donnée validée,10,Expertisée,20,Bonne,7.38079998,48.059669735,QmnJ
A1580201,A158020101,1976-01-06,1399.0,2026-06-02T09:33:34Z,16,Donnée validée,10,Expertisée,20,Bonne,7.38079998,48.059669735,QmnJ
A1580201,A158020101,1976-01-07,1151.0,2026-06-02T09:33:34Z,16,Donnée validée,10,Expertisée,20,Bonne,7.38079998,48.059669735,QmnJ
A1580201,A158020101,1976-01-08,1003.0,2026-06-02T09:33:34Z,16,Donnée validée,10,Expertisée,20,Bonne,7.38079998,48.059669735,QmnJ
A1580201,A158020101,1976-01-09,886.0,2026-06-02T09:33:34Z,16,Donnée validée,10,Expertisée,20,Bonne,7.38079998,48.059669735,QmnJ
A1580201,A158020101,1976-01-10,790.0,2026-06-02T09:33:34Z,16,Donnée validée,10,Expertisée,20,Bonne,7.38079998,48.059669735,QmnJ
A1580201,A158020101,1976-01-11,915.0,2026-06-02T09:33:34Z,16,Donnée validée,10,Expertisée,20,Bonne,7.38079998,48.059669735,QmnJ
A1580201,A158020101,1976-01-12,1334.0,2026-06-02T09:33:34Z,16,Donnée validée,10,Expertisée,20,Bonne,7.38079998,48.059669735,QmnJ
A1580201,A158020101,1976-01-13,1495.0,2026-06-02T09:33:34Z,16,Donnée validée,10,Expertisée,20,Bonne,7.38079998,48.059669735,QmnJ
A1580201,A158020101,1976-01-14,1366.0,2026-06-02T09:33:34Z,16,Donnée validée,10,Expertisée,20,Bonne,7.38079998,48.059669735,QmnJ
A1580201,A158020101,1976-01-15,1077.0,2026-06-02T09:33:34Z,16,Donnée validée,10,Expertisée,20,Bonne,7.38079998,48.059669735,QmnJ
A1580201,A158020101,1976-01-16,1065.0,2026-06-02T09:33:34Z,16,Donnée validée,10,Expertisée,20,Bonne,7.38079998,48.059669735,QmnJ
A1580201,A158020101,1976-01-17,994.0,2026-06-02T09:33:34Z,16,Donnée validée,10,Expertisée,20,Bonne,7.38079998,48.059669735,QmnJ
A1580201,A158020101,1976-01-18,819.0,2026-06-02T09:33:34Z,16,Donnée validée,10,Expertisée,20,Bonne,7.38079998,48.059669735,QmnJ
A1580201,A158020101,1976-01-19,763.0,2026-06-02T09:33:34Z,16,Donnée validée,10,Expertisée,20,Bonne,7.38079998,48.059669735,QmnJ
A1580201,A158020101,1976-01-20,756.0,2026-06-02T09:33:34Z,16,Donnée validée,10,Expertisée,20,Bonne,7.38079998,48.059669735,QmnJ
A1580201,A158020101,1976-01-21,810.0,2026-06-02T09:33:34Z,16,Donnée validée,10,Expertisée,20,Bonne,7.38079998,48.059669735,QmnJ
A1580201,A158020101,1976-01-22,888.0,2026-06-02T09:33:34Z,16,Donnée validée,10,Expertisée,20,Bonne,7.38079998,48.059669735,QmnJ
A1580201,A158020101,1976-01-23,1757.0,2026-06-02T09:33:34Z,16,Donnée validée,10,Expertisée,20,Bonne,7.38079998,48.059669735,QmnJ
A1580201,A158020101,1976-01-24,2964.0,2026-06-02T09:33:34Z,16,Donnée validée,10,Expertisée,20,Bonne,7.38079998,48.059669735,QmnJ
A1580201,A158020101,1976-01-25,2750.0,2026-06-02T09:33:34Z,16,Donnée validée,10,Expertisée,20,Bonne,7.38079998,48.059669735,QmnJ
A1580201,A158020101,1976-01-26,2111.0,2026-06-02T09:33:34Z,16,Donnée validée,10,Expertisée,20,Bonne,7.38079998,48.059669735,QmnJ
A1580201,A158020101,1976-01-27,1882.0,2026-06-02T09:33:34Z,16,Donnée validée,10,Expertisée,20,Bonne,7.38079998,48.059669735,QmnJ
A1580201,A158020101,1976-01-28,1662.0,2026-06-02T09:33:34Z,16,Donnée validée,10,Expertisée,20,Bonne,7.38079998,48.059669735,QmnJ
A1580201,A158020101,1976-01-29,1065.0,2026-06-02T09:33:34Z,16,Donnée validée,10,Expertisée,20,Bonne,7.38079998,48.059669735,QmnJ
A1580201,A158020101,1976-01-30,820.0,2026-06-02T09:33:34Z,16,Donnée validée,10,Expertisée,20,Bonne,7.38079998,48.059669735,QmnJ
A1580201,A158020101,1976-01-31,820.0,2026-06-02T09:33:34Z,16,Donnée validée,10,Expertisée,20,Bonne,7.38079998,48.059669735,QmnJ
A1580201,A158020101,1976-02-01,820.0,2026-06-02T09:33:34Z,16,Donnée validée,10,Expertisée,20,Bonne,7.38079998,48.059669735,QmnJ
A1580201,A158020101,1976-02-02,818.0,2026-06-02T09:33:34Z,16,Donnée validée,10,Expertisée,20,Bonne,7.38079998,48.059669735,QmnJ
A1580201,A158020101,1976-02-03,784.0,2026-06-02T09:33:34Z,16,Donnée validée,10,Expertisée,20,Bonne,7.38079998,48.059669735,QmnJ
A1580201,A158020101,1976-02-04,739.0,2026-06-02T09:33:34Z,16,Donnée validée,10,Expertisée,20,Bonne,7.38079998,48.059669735,QmnJ
A1580201,A158020101,1976-02-05,703.0,2026-06-02T09:33:34Z,16,Donnée validée,10,Expertisée,20,Bonne,7.38079998,48.059669735,QmnJ
A1580201,A158020101,1976-02-06,698.0,2026-06-02T09:33:34Z,16,Donnée validée,10,Expertisée,20,Bonne,7.38079998,48.059669735,QmnJ
A1580201,A158020101,1976-02-07,616.0,2026-06-02T09:33:34Z,16,Donnée validée,10,Expertisée,20,Bonne,7.38079998,48.059669735,QmnJ
A1580201,A158020101,1976-02-08,600.0,2026-06-02T09:33:34Z,16,Donnée validée,10,Expertisée,20,Bonne,7.38079998,48.059669735,QmnJ
A1580201,A158020101,1976-02-09,631.0,2026-06-02T09:33:34Z,16,Donnée validée,10,Expertisée,20,Bonne,7.38079998,48.059669735,QmnJ
A1580201,A158020101,1976-02-10,816.0,2026-06-02T09:33:34Z,16,Donnée validée,10,Expertisée,20,Bonne,7.38079998,48.059669735,QmnJ
A1580201,A158020101,1976-02-11,756.0,2026-06-02T09:33:34Z,16,Donnée validée,10,Expertisée,20,Bonne,7.38079998,48.059669735,QmnJ
A1580201,A158020101,1976-02-12,756.0,2026-06-02T09:33:34Z,16,Donnée validée,10,Expertisée,20,Bonne,7.38079998,48.059669735,QmnJ
A1580201,A158020101,1976-02-13,1504.0,2026-06-02T09:33:34Z,16,Donnée validée,10,Expertisée,20,Bonne,7.38079998,48.059669735,QmnJ
A1580201,A158020101,1976-02-14,3150.0,2026-06-02T09:33:34Z,16,Donnée validée,10,Expertisée,20,Bonne,7.38079998,48.059669735,QmnJ
A1580201,A158020101,1976-02-15,2434.0,2026-06-02T09:33:34Z,16,Donnée validée,10,Expertisée,20,Bonne,7.38079998,48.059669735,QmnJ
A1580201,A158020101,1976-02-16,1775.0,2026-06-02T09:33:34Z,16,Donnée validée,10,Expertisée,20,Bonne,7.38079998,48.059669735,QmnJ
A1580201,A158020101,1976-02-17,1539.0,2026-06-02T09:33:34Z,16,Donnée validée,10,Expertisée,20,Bonne,7.38079998,48.059669735,QmnJ
A1580201,A158020101,1976-02-18,1329.0,2026-06-02T09:33:34Z,16,Donnée validée,10,Expertisée,20,Bonne,7.38079998,48.059669735,QmnJ
A1580201,A158020101,1976-02-19,1250.0,2026-06-02T09:33:34Z,16,Donnée validée,10,Expertisée,20,Bonne,7.38079998,48.059669735,QmnJ
A1580201,A158020101,1976-02-20,1250.0,2026-06-02T09:33:34Z,16,Donnée validée,10,Expertisée,20,Bonne,7.38079998,48.059669735,QmnJ
A1580201,A158020101,1976-02-21,1138.0,2026-06-02T09:33:34Z,16,Donnée validée,10,Expertisée,20,Bonne,7.38079998,48.059669735,QmnJ
A1580201,A158020101,1976-02-22,1100.0,2026-06-02T09:33:34Z,16,Donnée validée,10,Expertisée,20,Bonne,7.38079998,48.059669735,QmnJ
A1580201,A158020101,1976-02-23,1100.0,2026-06-02T09:33:34Z,16,Donnée validée,10,Expertisée,20,Bonne,7.38079998,48.059669735,QmnJ
A1580201,A158020101,1976-02-24,1100.0,2026-06-02T09:33:34Z,16,Donnée validée,10,Expertisée,20,Bonne,7.38079998,48.059669735,QmnJ
A1580201,A158020101,1976-02-25,1100.0,2026-06-02T09:33:34Z,16,Donnée validée,10,Expertisée,20,Bonne,7.38079998,48.059669735,QmnJ
A1580201,A158020101,1976-02-26,1100.0,2026-06-02T09:33:34Z,16,Donnée validée,10,Expertisée,20,Bonne,7.38079998,48.059669735,QmnJ
A1580201,A158020101,1976-02-27,1100.0,2026-06-02T09:33:34Z,16,Donnée validée,10,Expertisée,20,Bonne,7.38079998,48.059669735,QmnJ
A1580201,A158020101,1976-02-28,1640.0,2026-06-02T09:33:34Z,16,Donnée validée,10,Expertisée,20,Bonne,7.38079998,48.059669735,QmnJ
A1580201,A158020101,1976-02-29,2020.0,2026-06-02T09:33:34Z,16,Donnée validée,10,Expertisée,20,Bonne,7.38079998,48.059669735,QmnJ
A1580201,A158020101,1976-03-01,2043.0,2026-06-02T09:33:34Z,16,Donnée validée,10,Expertisée,20,Bonne,7.38079998,48.059669735,QmnJ
A1580201,A158020101,1976-03-02,2120.0,2026-06-02T09:33:34Z,16,Donnée validée,10,Expertisée,20,Bonne,7.38079998,48.059669735,QmnJ
A1580201,A158020101,1976-03-03,2138.0,2026-06-02T09:33:34Z,16,Donnée validée,10,Expertisée,20,Bonne,7.38079998,48.059669735,QmnJ
A1580201,A158020101,1976-03-04,1829.0,2026-06-02T09:33:34Z,16,Donnée validée,10,Expertisée,20,Bonne,7.38079998,48.059669735,QmnJ
A1580201,A158020101,1976-03-05,1679.0,2026-06-02T09:33:34Z,16,Donnée validée,10,Expertisée,20,Bonne,7.38079998,48.059669735,QmnJ
A1580201,A158020101,1976-03-06,1629.0,2026-06-02T09:33:34Z,16,Donnée validée,10,Expertisée,20,Bonne,7.38079998,48.059669735,QmnJ
A1580201,A158020101,1976-03-07,1564.0,2026-06-02T09:33:34Z,16,Donnée validée,10,Expertisée,20,Bonne,7.38079998,48.059669735,QmnJ
A1580201,A158020101,1976-03-08,1533.0,2026-06-02T09:33:34Z,16,Donnée validée,10,Expertisée,20,Bonne,7.38079998,48.059669735,QmnJ
A1580201,A158020101,1976-03-09,1385.0,2026-06-02T09:33:34Z,16,Donnée validée,10,Expertisée,20,Bonne,7.38079998,48.059669735,QmnJ
A1580201,A158020101,1976-03-10,1384.0,2026-06-02T09:33:34Z,16,Donnée validée,10,Expertisée,20,Bonne,7.38079998,48.059669735,QmnJ
A1580201,A158020101,1976-03-11,1234.0,2026-06-02T09:33:34Z,16,Donnée validée,10,Expertisée,20,Bonne,7.38079998,48.059669735,QmnJ
A1580201,A158020101,1976-03-12,1305.0,2026-06-02T09:33:34Z,16,Donnée validée,10,Expertisée,20,Bonne,7.38079998,48.059669735,QmnJ
A1580201,A158020101,1976-03-13,1398.0,2026-06-02T09:33:34Z,16,Donnée validée,10,Expertisée,20,Bonne,7.38079998,48.059669735,QmnJ
A1580201,A158020101,1976-03-14,1404.0,2026-06-02T09:33:34Z,16,Donnée validée,10,Expertisée,20,Bonne,7.38079998,48.059669735,QmnJ
A1580201,A158020101,1976-03-15,1266.0,2026-06-02T09:33:34Z,16,Donnée validée,10,Expertisée,20,Bonne,7.38079998,48.059669735,QmnJ
A1580201,A158020101,1976-03-16,1255.0,2026-06-02T09:33:34Z,16,Donnée validée,10,Expertisée,20,Bonne,7.38079998,48.059669735,QmnJ
A1580201,A158020101,1976-03-17,1250.0,2026-06-02T09:33:34Z,16,Donnée validée,10,Expertisée,20,Bonne,7.38079998,48.059669735,QmnJ
A1580201,A158020101,1976-03-18,1150.0,2026-06-02T09:33:34Z,16,Donnée validée,10,Expertisée,20,Bonne,7.38079998,48.059669735,QmnJ
A1580201,A158020101,1976-03-19,1168.0,2026-06-02T09:33:34Z,16,Donnée validée,10,Expertisée,20,Bonne,7.38079998,48.059669735,QmnJ
A1580201,A158020101,1976-03-20,1220.0,2026-06-02T09:33:34Z,16,Donnée validée,10,Expertisée,20,Bonne,7.38079998,48.059669735,QmnJ
A1580201,A158020101,1976-03-21,1138.0,2026-06-02T09:33:34Z,16,Donnée validée,10,Expertisée,20,Bonne,7.38079998,48.059669735,QmnJ
A1580201,A158020101,1976-03-22,1063.0,2026-06-02T09:33:34Z,16,Donnée validée,10,Expertisée,20,Bonne,7.38079998,48.059669735,QmnJ
A1580201,A158020101,1976-03-23,1080.0,2026-06-02T09:33:34Z,16,Donnée validée,10,Expertisée,20,Bonne,7.38079998,48.059669735,QmnJ
A1580201,A158020101,1976-03-24,1124.0,2026-06-02T09:33:34Z,16,Donnée validée,10,Expertisée,20,Bonne,7.38079998,48.059669735,QmnJ
A1580201,A158020101,1976-03-25,1111.0,2026-06-02T09:33:34Z,16,Donnée validée,10,Expertisée,20,Bonne,7.38079998,48.059669735,QmnJ
A1580201,A158020101,1976-03-26,1135.0,2026-06-02T09:33:34Z,16,Donnée validée,10,Expertisée,20,Bonne,7.38079998,48.059669735,QmnJ
A1580201,A158020101,1976-03-27,1047.0,2026-06-02T09:33:34Z,16,Donnée validée,10,Expertisée,20,Bonne,7.38079998,48.059669735,QmnJ
A1580201,A158020101,1976-03-28,1027.0,2026-06-02T09:33:34Z,16,Donnée validée,10,Expertisée,20,Bonne,7.38079998,48.059669735,QmnJ
A1580201,A158020101,1976-03-29,860.0,2026-06-02T09:33:34Z,16,Donnée validée,10,Expertisée,20,Bonne,7.38079998,48.059669735,QmnJ
A1580201,A158020101,1976-03-30,923.0,2026-06-02T09:33:34Z,16,Donnée validée,10,Expertisée,20,Bonne,7.38079998,48.059669735,QmnJ
A1580201,A158020101,1976-03-31,867.0,2026-06-02T09:33:34Z,16,Donnée validée,10,Expertisée,20,Bonne,7.38079998,48.059669735,QmnJ
A1580201,A158020101,1976-04-01,968.0,2026-06-02T09:33:34Z,16,Donnée validée,10,Expertisée,20,Bonne,7.38079998,48.059669735,QmnJ
A1580201,A158020101,1976-04-02,1112.0,2026-06-02T09:33:34Z,16,Donnée validée,10,Expertisée,20,Bonne,7.38079998,48.059669735,QmnJ
A1580201,A158020101,1976-04-03,691.0,2026-06-02T09:33:34Z,16,Donnée validée,10,Expertisée,20,Bonne,7.38079998,48.059669735,QmnJ
A1580201,A158020101,1976-04-04,530.0,2026-06-02T09:33:34Z,16,Donnée validée,10,Expertisée,20,Bonne,7.38079998,48.059669735,QmnJ
A1580201,A158020101,1976-04-05,645.0,2026-06-02T09:33:34Z,16,Donnée validée,10,Expertisée,20,Bonne,7.38079998,48.059669735,QmnJ
A1580201,A158020101,1976-04-06,1289.0,2026-06-02T09:33:34Z,16,Donnée validée,10,Expertisée,20,Bonne,7.38079998,48.059669735,QmnJ
A1580201,A158020101,1976-04-07,1417.0,2026-06-02T09:33:34Z,16,Donnée validée,10,Expertisée,20,Bonne,7.38079998,48.059669735,QmnJ
A1580201,A158020101,1976-04-08,1439.0,2026-06-02T09:33:34Z,16,Donnée validée,10,Expertisée,20,Bonne,7.38079998,48.059669735,QmnJ
A1580201,A158020101,1976-04-09,1421.0,2026-06-02T09:33:34Z,16,Donnée validée,10,Expertisée,20,Bonne,7.38079998,48.059669735,QmnJ
A1580201,A158020101,1976-04-10,1378.0,2026-06-02T09:33:34Z,16,Donnée validée,10,Expertisée,20,Bonne,7.38079998,48.059669735,QmnJ
A1580201,A158020101,1976-04-11,1250.0,2026-06-02T09:33:34Z,16,Donnée validée,10,Expertisée,20,Bonne,7.38079998,48.059669735,QmnJ
A1580201,A158020101,1976-04-12,1223.0,2026-06-02T09:33:34Z,16,Donnée validée,10,Expertisée,20,Bonne,7.38079998,48.059669735,QmnJ
A1580201,A158020101,1976-04-13,1174.0,2026-06-02T09:33:34Z,16,Donnée validée,10,Expertisée,20,Bonne,7.38079998,48.059669735,QmnJ
A1580201,A158020101,1976-04-14,1061.0,2026-06-02T09:33:34Z,16,Donnée validée,10,Expertisée,20,Bonne,7.38079998,48.059669735,QmnJ
A1580201,A158020101,1976-04-15,1022.0,2026-06-02T09:33:34Z,16,Donnée validée,10,Expertisée,20,Bonne,7.38079998,48.059669735,QmnJ
A1580201,A158020101,1976-04-16,985.0,2026-06-02T09:33:34Z,16,Donnée validée,10,Expertisée,20,Bonne,7.38079998,48.059669735,QmnJ
A1580201,A158020101,1976-04-17,769.0,2026-06-02T09:33:34Z,16,Donnée validée,10,Expertisée,20,Bonne,7.38079998,48.059669735,QmnJ
A1580201,A158020101,1976-04-18,497.0,2026-06-02T09:33:34Z,16,Donnée validée,10,Expertisée,20,Bonne,7.38079998,48.059669735,QmnJ
A1580201,A158020101,1976-04-19,371.0,2026-06-02T09:33:34Z,16,Donnée validée,10,Expertisée,20,Bonne,7.38079998,48.059669735,QmnJ
A1580201,A158020101,1976-04-20,445.0,2026-06-02T09:33:34Z,16,Donnée validée,10,Expertisée,20,Bonne,7.38079998,48.059669735,QmnJ
A1580201,A158020101,1976-04-21,468.0,2026-06-02T09:33:34Z,16,Donnée validée,10,Expertisée,20,Bonne,7.38079998,48.059669735,QmnJ
A1580201,A158020101,1976-04-22,430.0,2026-06-02T09:33:34Z,16,Donnée validée,10,Expertisée,20,Bonne,7.38079998,48.059669735,QmnJ
A1580201,A158020101,1976-04-23,492.0,2026-06-02T09:33:34Z,16,Donnée validée,10,Expertisée,20,Bonne,7.38079998,48.059669735,QmnJ
A1580201,A158020101,1976-04-24,587.0,2026-06-02T09:33:34Z,16,Donnée validée,10,Expertisée,20,Bonne,7.38079998,48.059669735,QmnJ
A1580201,A158020101,1976-04-25,1228.0,2026-06-02T09:33:34Z,16,Donnée validée,10,Expertisée,20,Bonne,7.38079998,48.059669735,QmnJ
A1580201,A158020101,1976-04-26,1675.0,2026-06-02T09:33:34Z,16,Donnée validée,10,Expertisée,20,Bonne,7.38079998,48.059669735,QmnJ
A1580201,A158020101,1976-04-27,1646.0,2026-06-02T09:33:34Z,16,Donnée validée,10,Expertisée,20,Bonne,7.38079998,48.059669735,QmnJ
A1580201,A158020101,1976-04-28,1788.0,2026-06-02T09:33:34Z,16,Donnée validée,10,Expertisée,20,Bonne,7.38079998,48.059669735,QmnJ
A1580201,A158020101,1976-04-29,1615.0,2026-06-02T09:33:34Z,16,Donnée validée,10,Expertisée,20,Bonne,7.38079998,48.059669735,QmnJ
A1580201,A158020101,1976-04-30,1327.0,2026-06-02T09:33:34Z,16,Donnée validée,10,Expertisée,20,Bonne,7.38079998,48.059669735,QmnJ
A1580201,A158020101,1976-05-01,1194.0,2026-06-02T09:33:34Z,16,Donnée validée,10,Expertisée,20,Bonne,7.38079998,48.059669735,QmnJ
A1580201,A158020101,1976-05-02,694.0,2026-06-02T09:33:34Z,16,Donnée validée,10,Expertisée,20,Bonne,7.38079998,48.059669735,QmnJ
A1580201,A158020101,1976-05-03,633.0,2026-06-02T09:33:34Z,16,Donnée validée,10,Expertisée,20,Bonne,7.38079998,48.059669735,QmnJ
A1580201,A158020101,1976-05-04,538.0,2026-06-02T09:33:34Z,16,Donnée validée,10,Expertisée,20,Bonne,7.38079998,48.059669735,QmnJ
A1580201,A158020101,1976-05-05,960.0,2026-06-02T09:33:34Z,16,Donnée validée,10,Expertisée,20,Bonne,7.38079998,48.059669735,QmnJ
A1580201,A158020101,1976-05-06,883.0,2026-06-02T09:33:34Z,16,Donnée validée,10,Expertisée,20,Bonne,7.38079998,48.059669735,QmnJ
A1580201,A158020101,1976-05-07,714.0,2026-06-02T09:33:34Z,16,Donnée validée,10,Expertisée,20,Bonne,7.38079998,48.059669735,QmnJ
A1580201,A158020101,1976-05-08,643.0,2026-06-02T09:33:34Z,16,Donnée validée,10,Expertisée,20,Bonne,7.38079998,48.059669735,QmnJ
A1580201,A158020101,1976-05-09,387.0,2026-06-02T09:33:34Z,16,Donnée validée,10,Expertisée,20,Bonne,7.38079998,48.059669735,QmnJ
A1580201,A158020101,1976-05-10,347.0,2026-06-02T09:33:34Z,16,Donnée validée,10,Expertisée,20,Bonne,7.38079998,48.059669735,QmnJ
A1580201,A158020101,1976-05-11,386.0,2026-06-02T09:33:34Z,16,Donnée validée,10,Expertisée,20,Bonne,7.38079998,48.059669735,QmnJ
A1580201,A158020101,1976-05-12,550.0,2026-06-02T09:33:34Z,16,Donnée validée,10,Expertisée,20,Bonne,7.38079998,48.059669735,QmnJ
A1580201,A158020101,1976-05-13,389.0,2026-06-02T09:33:34Z,16,Donnée validée,10,Expertisée,20,Bonne,7.38079998,48.059669735,QmnJ
A1580201,A158020101,1976-05-14,549.0,2026-06-02T09:33:34Z,16,Donnée validée,10,Expertisée,20,Bonne,7.38079998,48.059669735,QmnJ
A1580201,A158020101,1976-05-15,592.0,2026-06-02T09:33:34Z,16,Donnée validée,10,Expertisée,20,Bonne,7.38079998,48.059669735,QmnJ
A1580201,A158020101,1976-05-16,241.0,2026-06-02T09:33:34Z,16,Donnée validée,10,Expertisée,20,Bonne,7.38079998,48.059669735,QmnJ
A1580201,A158020101,1976-05-17,141.0,2026-06-02T09:33:34Z,16,Donnée validée,10,Expertisée,20,Bonne,7.38079998,48.059669735,QmnJ
A1580201,A158020101,1976-05-18,155.0,2026-06-02T09:33:34Z,16,Donnée validée,10,Expertisée,20,Bonne,7.38079998,48.059669735,QmnJ
A1580201,A158020101,1976-05-19,144.0,2026-06-02T09:33:34Z,16,Donnée validée,10,Expertisée,20,Bonne,7.38079998,48.059669735,QmnJ
A1580201,A158020101,1976-05-20,414.0,2026-06-02T09:33:34Z,16,Donnée validée,10,Expertisée,20,Bonne,7.38079998,48.059669735,QmnJ
A1580201,A158020101,1976-05-21,623.0,2026-06-02T09:33:34Z,16,Donnée validée,10,Expertisée,20,Bonne,7.38079998,48.059669735,QmnJ
A1580201,A158020101,1976-05-22,600.0,2026-06-02T09:33:34Z,16,Donnée validée,10,Expertisée,20,Bonne,7.38079998,48.059669735,QmnJ
A1580201,A158020101,1976-05-23,571.0,2026-06-02T09:33:34Z,16,Donnée validée,10,Expertisée,20,Bonne,7.38079998,48.059669735,QmnJ
A1580201,A158020101,1976-05-24,431.0,2026-06-02T09:33:34Z,16,Donnée validée,10,Expertisée,20,Bonne,7.38079998,48.059669735,QmnJ
A1580201,A158020101,1976-05-25,522.0,2026-06-02T09:33:34Z,16,Donnée validée,10,Expertisée,20,Bonne,7.38079998,48.059669735,QmnJ
A1580201,A158020101,1976-05-26,495.0,2026-06-02T09:33:34Z,16,Donnée validée,10,Expertisée,20,Bonne,7.38079998,48.059669735,QmnJ
A1580201,A158020101,1976-05-27,530.0,2026-06-02T09:33:34Z,16,Donnée validée,10,Expertisée,20,Bonne,7.38079998,48.059669735,QmnJ
A1580201,A158020101,1976-05-28,312.0,2026-06-02T09:33:34Z,16,Donnée validée,10,Expertisée,20,Bonne,7.38079998,48.059669735,QmnJ
A1580201,A158020101,1976-05-29,421.0,2026-06-02T09:33:34Z,16,Donnée validée,10,Expertisée,20,Bonne,7.38079998,48.059669735,QmnJ
A1580201,A158020101,1976-05-30,96.0,2026-06-02T09:33:34Z,16,Donnée validée,10,Expertisée,20,Bonne,7.38079998,48.059669735,QmnJ
A1580201,A158020101,1976-05-31,64.0,2026-06-02T09:33:34Z,16,Donnée validée,10,Expertisée,20,Bonne,7.38079998,48.059669735,QmnJ
A1580201,A158020101,1976-06-01,232.0,2026-06-02T09:33:34Z,16,Donnée validée,10,Expertisée,20,Bonne,7.38079998,48.059669735,QmnJ
A1580201,A158020101,1976-06-02,430.0,2026-06-02T09:33:34Z,16,Donnée validée,10,Expertisée,20,Bonne,7.38079998,48.059669735,QmnJ
A1580201,A158020101,1976-06-03,459.0,2026-06-02T09:33:34Z,16,Donnée validée,10,Expertisée,20,Bonne,7.38079998,48.059669735,QmnJ
A1580201,A158020101,1976-06-04,497.0,2026-06-02T09:33:34Z,16,Donnée validée,10,Expertisée,20,Bonne,7.38079998,48.059669735,QmnJ
A1580201,A158020101,1976-06-05,472.0,2026-06-02T09:33:34Z,16,Donnée validée,10,Expertisée,20,Bonne,7.38079998,48.059669735,QmnJ
A1580201,A158020101,1976-06-06,343.0,2026-06-02T09:33:34Z,16,Donnée validée,10,Expertisée,20,Bonne,7.38079998,48.059669735,QmnJ
A1580201,A158020101,1976-06-07,293.0,2026-06-02T09:33:34Z,16,Donnée validée,10,Expertisée,20,Bonne,7.38079998,48.059669735,QmnJ
A1580201,A158020101,1976-06-08,302.0,2026-06-02T09:33:34Z,16,Donnée validée,10,Expertisée,20,Bonne,7.38079998,48.059669735,QmnJ
A1580201,A158020101,1976-06-09,317.0,2026-06-02T09:33:34Z,16,Donnée validée,10,Expertisée,20,Bonne,7.38079998,48.059669735,QmnJ
A1580201,A158020101,1976-06-10,333.0,2026-06-02T09:33:34Z,16,Donnée validée,10,Expertisée,20,Bonne,7.38079998,48.059669735,QmnJ
A1580201,A158020101,1976-06-11,313.0,2026-06-02T09:33:34Z,16,Donnée validée,10,Expertisée,20,Bonne,7.38079998,48.059669735,QmnJ
A1580201,A158020101,1976-06-12,288.0,2026-06-02T09:33:34Z,16,Donnée validée,10,Expertisée,20,Bonne,7.38079998,48.059669735,QmnJ
A1580201,A158020101,1976-06-13,190.0,2026-06-02T09:33:34Z,16,Donnée validée,10,Expertisée,20,Bonne,7.38079998,48.059669735,QmnJ
A1580201,A158020101,1976-06-14,138.0,2026-06-02T09:33:34Z,16,Donnée validée,10,Expertisée,20,Bonne,7.38079998,48.059669735,QmnJ
A1580201,A158020101,1976-06-15,93.0,2026-06-02T09:33:34Z,16,Donnée validée,10,Expertisée,20,Bonne,7.38079998,48.059669735,QmnJ
A1580201,A158020101,1976-06-16,57.0,2026-06-02T09:33:34Z,16,Donnée validée,10,Expertisée,20,Bonne,7.38079998,48.059669735,QmnJ
A1580201,A158020101,1976-06-17,106.0,2026-06-02T09:33:34Z,16,Donnée validée,10,Expertisée,20,Bonne,7.38079998,48.059669735,QmnJ
A1580201,A158020101,1976-06-18,62.0,2026-06-02T09:33:34Z,16,Donnée validée,10,Expertisée,20,Bonne,7.38079998,48.059669735,QmnJ
A1580201,A158020101,1976-06-19,68.0,2026-06-02T09:33:34Z,16,Donnée validée,10,Expertisée,20,Bonne,7.38079998,48.059669735,QmnJ
A1580201,A158020101,1976-06-20,45.0,2026-06-02T09:33:34Z,16,Donnée validée,10,Expertisée,20,Bonne,7.38079998,48.059669735,QmnJ
A1580201,A158020101,1976-06-21,12.0,2026-06-02T09:33:34Z,16,Donnée validée,10,Expertisée,20,Bonne,7.38079998,48.059669735,QmnJ
A1580201,A158020101,1976-06-22,5.0,2026-06-02T09:33:34Z,16,Donnée validée,10,Expertisée,20,Bonne,7.38079998,48.059669735,QmnJ
A1580201,A158020101,1976-06-23,0.0,2026-06-02T09:33:34Z,16,Donnée validée,10,Expertisée,20,Bonne,7.38079998,48.059669735,QmnJ
A1580201,A158020101,1976-06-24,0.0,2026-06-02T09:33:34Z,16,Donnée validée,10,Expertisée,20,Bonne,7.38079998,48.059669735,QmnJ
A1580201,A158020101,1976-06-25,0.0,2026-06-02T09:33:34Z,16,Donnée validée,10,Expertisée,20,Bonne,7.38079998,48.059669735,QmnJ
A1580201,A158020101,1976-06-26,0.0,2026-06-02T09:33:34Z,16,Donnée validée,10,Expertisée,20,Bonne,7.38079998,48.059669735,QmnJ
A1580201,A158020101,1976-06-27,0.0,2026-06-02T09:33:34Z,16,Donnée validée,10,Expertisée,20,Bonne,7.38079998,48.059669735,QmnJ
A1580201,A158020101,1976-06-28,0.0,2026-06-02T09:33:34Z,16,Donnée validée,10,Expertisée,20,Bonne,7.38079998,48.059669735,QmnJ
A1580201,A158020101,1976-06-29,0.0,2026-06-02T09:33:34Z,16,Donnée validée,10,Expertisée,20,Bonne,7.38079998,48.059669735,QmnJ
A1580201,A158020101,1976-06-30,0.0,2026-06-02T09:33:34Z,16,Donnée validée,10,Expertisée,20,Bonne,7.38079998,48.059669735,QmnJ
A1580201,A158020101,1976-07-01,0.0,2026-06-02T09:33:34Z,16,Donnée validée,10,Expertisée,20,Bonne,7.38079998,48.059669735,QmnJ
A1580201,A158020101,1976-07-02,0.0,2026-06-02T09:33:34Z,16,Donnée validée,10,Expertisée,20,Bonne,7.38079998,48.059669735,QmnJ
A1580201,A158020101,1976-07-03,0.0,2026-06-02T09:33:34Z,16,Donnée validée,10,Expertisée,20,Bonne,7.38079998,48.059669735,QmnJ
A1580201,A158020101,1976-07-04,0.0,2026-06-02T09:33:34Z,16,Donnée validée,10,Expertisée,20,Bonne,7.38079998,48.059669735,QmnJ
A1580201,A158020101,1976-07-05,0.0,2026-06-02T09:33:34Z,16,Donnée validée,10,Expertisée,20,Bonne,7.38079998,48.059669735,QmnJ
A1580201,A158020101,1976-07-06,0.0,2026-06-02T09:33:34Z,16,Donnée validée,10,Expertisée,20,Bonne,7.38079998,48.059669735,QmnJ
A1580201,A158020101,1976-07-07,0.0,2026-06-02T09:33:34Z,16,Donnée validée,10,Expertisée,20,Bonne,7.38079998,48.059669735,QmnJ
A1580201,A158020101,1976-07-08,0.0,2026-06-02T09:33:34Z,16,Donnée validée,10,Expertisée,20,Bonne,7.38079998,48.059669735,QmnJ
A1580201,A158020101,1976-07-09,0.0,2026-06-02T09:33:34Z,16,Donnée validée,10,Expertisée,20,Bonne,7.38079998,48.059669735,QmnJ
A1580201,A158020101,1976-07-10,0.0,2026-06-02T09:33:34Z,16,Donnée validée,10,Expertisée,20,Bonne,7.38079998,48.059669735,QmnJ
A1580201,A158020101,1976-07-11,0.0,2026-06-02T09:33:34Z,16,Donnée validée,10,Expertisée,20,Bonne,7.38079998,48.059669735,QmnJ
A1580201,A158020101,1976-07-12,0.0,2026-06-02T09:33:34Z,16,Donnée validée,10,Expertisée,20,Bonne,7.38079998,48.059669735,QmnJ
A1580201,A158020101,1976-07-13,0.0,2026-06-02T09:33:34Z,16,Donnée validée,10,Expertisée,20,Bonne,7.38079998,48.059669735,QmnJ
A1580201,A158020101,1976-07-14,0.0,2026-06-02T09:33:34Z,16,Donnée validée,10,Expertisée,20,Bonne,7.38079998,48.059669735,QmnJ
A1580201,A158020101,1976-07-15,0.0,2026-06-02T09:33:34Z,16,Donnée validée,10,Expertisée,20,Bonne,7.38079998,48.059669735,QmnJ
A1580201,A158020101,1976-07-16,0.0,2026-06-02T09:33:34Z,16,Donnée validée,10,Expertisée,20,Bonne,7.38079998,48.059669735,QmnJ
A1580201,A158020101,1976-07-17,0.0,2026-06-02T09:33:34Z,16,Donnée validée,10,Expertisée,20,Bonne,7.38079998,48.059669735,QmnJ
A1580201,A158020101,1976-07-18,0.0,2026-06-02T09:33:34Z,16,Donnée validée,10,Expertisée,20,Bonne,7.38079998,48.059669735,QmnJ
A1580201,A158020101,1976-07-19,200.0,2026-06-02T09:33:34Z,16,Donnée validée,10,Expertisée,20,Bonne,7.38079998,48.059669735,QmnJ
A1580201,A158020101,1976-07-20,0.0,2026-06-02T09:33:34Z,16,Donnée validée,10,Expertisée,20,Bonne,7.38079998,48.059669735,QmnJ
A1580201,A158020101,1976-07-21,0.0,2026-06-02T09:33:34Z,16,Donnée validée,10,Expertisée,20,Bonne,7.38079998,48.059669735,QmnJ
A1580201,A158020101,1976-07-22,0.0,2026-06-02T09:33:34Z,16,Donnée validée,10,Expertisée,20,Bonne,7.38079998,48.059669735,QmnJ
A1580201,A158020101,1976-07-23,0.0,2026-06-02T09:33:34Z,16,Donnée validée,10,Expertisée,20,Bonne,7.38079998,48.059669735,QmnJ
A1580201,A158020101,1976-07-24,0.0,2026-06-02T09:33:34Z,16,Donnée validée,10,Expertisée,20,Bonne,7.38079998,48.059669735,QmnJ
A1580201,A158020101,1976-07-25,0.0,2026-06-02T09:33:34Z,16,Donnée validée,10,Expertisée,20,Bonne,7.38079998,48.059669735,QmnJ
A1580201,A158020101,1976-07-26,0.0,2026-06-02T09:33:34Z,16,Donnée validée,10,Expertisée,20,Bonne,7.38079998,48.059669735,QmnJ
A1580201,A158020101,1976-07-27,0.0,2026-06-02T09:33:34Z,16,Donnée validée,10,Expertisée,20,Bonne,7.38079998,48.059669735,QmnJ
A1580201,A158020101,1976-07-28,0.0,2026-06-02T09:33:34Z,16,Donnée validée,10,Expertisée,20,Bonne,7.38079998,48.059669735,QmnJ
A1580201,A158020101,1976-07-29,0.0,2026-06-02T09:33:34Z,16,Donnée validée,10,Expertisée,20,Bonne,7.38079998,48.059669735,QmnJ
A1580201,A158020101,1976-07-30,0.0,2026-06-02T09:33:34Z,16,Donnée validée,10,Expertisée,20,Bonne,7.38079998,48.059669735,QmnJ
A1580201,A158020101,1976-07-31,0.0,2026-06-02T09:33:34Z,16,Donnée validée,10,Expertisée,20,Bonne,7.38079998,48.059669735,QmnJ
A1580201,A158020101,1976-08-01,0.0,2026-06-02T09:33:34Z,16,Donnée validée,10,Expertisée,20,Bonne,7.38079998,48.059669735,QmnJ
A1580201,A158020101,1976-08-02,0.0,2026-06-02T09:33:34Z,16,Donnée validée,10,Expertisée,20,Bonne,7.38079998,48.059669735,QmnJ
A1580201,A158020101,1976-08-03,0.0,2026-06-02T09:33:34Z,16,Donnée validée,10,Expertisée,20,Bonne,7.38079998,48.059669735,QmnJ
A1580201,A158020101,1976-08-04,0.0,2026-06-02T09:33:34Z,16,Donnée validée,10,Expertisée,20,Bonne,7.38079998,48.059669735,QmnJ
A1580201,A158020101,1976-08-05,0.0,2026-06-02T09:33:34Z,16,Donnée validée,10,Expertisée,20,Bonne,7.38079998,48.059669735,QmnJ
A1580201,A158020101,1976-08-06,0.0,2026-06-02T09:33:34Z,16,Donnée validée,10,Expertisée,20,Bonne,7.38079998,48.059669735,QmnJ
A1580201,A158020101,1976-08-07,0.0,2026-06-02T09:33:34Z,16,Donnée validée,10,Expertisée,20,Bonne,7.38079998,48.059669735,QmnJ
A1580201,A158020101,1976-08-08,0.0,2026-06-02T09:33:34Z,16,Donnée validée,10,Expertisée,20,Bonne,7.38079998,48.059669735,QmnJ
A1580201,A158020101,1976-08-09,0.0,2026-06-02T09:33:34Z,16,Donnée validée,10,Expertisée,20,Bonne,7.38079998,48.059669735,QmnJ
A1580201,A158020101,1976-08-10,0.0,2026-06-02T09:33:34Z,16,Donnée validée,10,Expertisée,20,Bonne,7.38079998,48.059669735,QmnJ
A1580201,A158020101,1976-08-11,0.0,2026-06-02T09:33:34Z,16,Donnée validée,10,Expertisée,20,Bonne,7.38079998,48.059669735,QmnJ
A1580201,A158020101,1976-08-12,0.0,2026-06-02T09:33:34Z,16,Donnée validée,10,Expertisée,20,Bonne,7.38079998,48.059669735,QmnJ
A1580201,A158020101,1976-08-13,0.0,2026-06-02T09:33:34Z,16,Donnée validée,10,Expertisée,20,Bonne,7.38079998,48.059669735,QmnJ
A1580201,A158020101,1976-08-14,0.0,2026-06-02T09:33:34Z,16,Donnée validée,10,Expertisée,20,Bonne,7.38079998,48.059669735,QmnJ
A1580201,A158020101,1976-08-15,0.0,2026-06-02T09:33:34Z,16,Donnée validée,10,Expertisée,20,Bonne,7.38079998,48.059669735,QmnJ
A1580201,A158020101,1976-08-16,0.0,2026-06-02T09:33:34Z,16,Donnée validée,10,Expertisée,20,Bonne,7.38079998,48.059669735,QmnJ
A1580201,A158020101,1976-08-17,0.0,2026-06-02T09:33:34Z,16,Donnée validée,10,Expertisée,20,Bonne,7.38079998,48.059669735,QmnJ
A1580201,A158020101,1976-08-18,0.0,2026-06-02T09:33:34Z,16,Donnée validée,10,Expertisée,20,Bonne,7.38079998,48.059669735,QmnJ
A1580201,A158020101,1976-08-19,0.0,2026-06-02T09:33:34Z,16,Donnée validée,10,Expertisée,20,Bonne,7.38079998,48.059669735,QmnJ
A1580201,A158020101,1976-08-20,0.0,2026-06-02T09:33:34Z,16,Donnée validée,10,Expertisée,20,Bonne,7.38079998,48.059669735,QmnJ
A1580201,A158020101,1976-08-21,0.0,2026-06-02T09:33:34Z,16,Donnée validée,10,Expertisée,20,Bonne,7.38079998,48.059669735,QmnJ
A1580201,A158020101,1976-08-22,0.0,2026-06-02T09:33:34Z,16,Donnée validée,10,Expertisée,20,Bonne,7.38079998,48.059669735,QmnJ
A1580201,A158020101,1976-08-23,0.0,2026-06-02T09:33:34Z,16,Donnée validée,10,Expertisée,20,Bonne,7.38079998,48.059669735,QmnJ
A1580201,A158020101,1976-08-24,0.0,2026-06-02T09:33:34Z,16,Donnée validée,10,Expertisée,20,Bonne,7.38079998,48.059669735,QmnJ
A1580201,A158020101,1976-08-25,0.0,2026-06-02T09:33:34Z,16,Donnée validée,10,Expertisée,20,Bonne,7.38079998,48.059669735,QmnJ
A1580201,A158020101,1976-08-26,0.0,2026-06-02T09:33:34Z,16,Donnée validée,10,Expertisée,20,Bonne,7.38079998,48.059669735,QmnJ
A1580201,A158020101,1976-08-27,0.0,2026-06-02T09:33:34Z,16,Donnée validée,10,Expertisée,20,Bonne,7.38079998,48.059669735,QmnJ
A1580201,A158020101,1976-08-28,0.0,2026-06-02T09:33:34Z,16,Donnée validée,10,Expertisée,20,Bonne,7.38079998,48.059669735,QmnJ
A1580201,A158020101,1976-08-29,0.0,2026-06-02T09:33:34Z,16,Donnée validée,10,Expertisée,20,Bonne,7.38079998,48.059669735,QmnJ
A1580201,A158020101,1976-08-30,0.0,2026-06-02T09:33:34Z,16,Donnée validée,10,Expertisée,20,Bonne,7.38079998,48.059669735,QmnJ
A1580201,A158020101,1976-08-31,0.0,2026-06-02T09:33:34Z,16,Donnée validée,10,Expertisée,20,Bonne,7.38079998,48.059669735,QmnJ
A1580201,A158020101,1976-09-01,0.0,2026-06-02T09:33:34Z,16,Donnée validée,10,Expertisée,20,Bonne,7.38079998,48.059669735,QmnJ
A1580201,A158020101,1976-09-02,0.0,2026-06-02T09:33:34Z,16,Donnée validée,10,Expertisée,20,Bonne,7.38079998,48.059669735,QmnJ
A1580201,A158020101,1976-09-03,0.0,2026-06-02T09:33:34Z,16,Donnée validée,10,Expertisée,20,Bonne,7.38079998,48.059669735,QmnJ
A1580201,A158020101,1976-09-04,0.0,2026-06-02T09:33:34Z,16,Donnée validée,10,Expertisée,20,Bonne,7.38079998,48.059669735,QmnJ
A1580201,A158020101,1976-09-05,0.0,2026-06-02T09:33:34Z,16,Donnée validée,10,Expertisée,20,Bonne,7.38079998,48.059669735,QmnJ
A1580201,A158020101,1976-09-06,0.0,2026-06-02T09:33:34Z,16,Donnée validée,10,Expertisée,20,Bonne,7.38079998,48.059669735,QmnJ
A1580201,A158020101,1976-09-07,0.0,2026-06-02T09:33:34Z,16,Donnée validée,10,Expertisée,20,Bonne,7.38079998,48.059669735,QmnJ
A1580201,A158020101,1976-09-08,0.0,2026-06-02T09:33:34Z,16,Donnée validée,10,Expertisée,20,Bonne,7.38079998,48.059669735,QmnJ
A1580201,A158020101,1976-09-09,0.0,2026-06-02T09:33:34Z,16,Donnée validée,10,Expertisée,20,Bonne,7.38079998,48.059669735,QmnJ
A1580201,A158020101,1976-09-10,0.0,2026-06-02T09:33:34Z,16,Donnée validée,10,Expertisée,20,Bonne,7.38079998,48.059669735,QmnJ
A1580201,A158020101,1976-09-11,0.0,2026-06-02T09:33:34Z,16,Donnée validée,10,Expertisée,20,Bonne,7.38079998,48.059669735,QmnJ
A1580201,A158020101,1976-09-12,0.0,2026-06-02T09:33:34Z,16,Donnée validée,10,Expertisée,20,Bonne,7.38079998,48.059669735,QmnJ
A1580201,A158020101,1976-09-13,0.0,2026-06-02T09:33:34Z,16,Donnée validée,10,Expertisée,20,Bonne,7.38079998,48.059669735,QmnJ
A1580201,A158020101,1976-09-14,0.0,2026-06-02T09:33:34Z,16,Donnée validée,10,Expertisée,20,Bonne,7.38079998,48.059669735,QmnJ
A1580201,A158020101,1976-09-15,0.0,2026-06-02T09:33:34Z,16,Donnée validée,10,Expertisée,20,Bonne,7.38079998,48.059669735,QmnJ
A1580201,A158020101,1976-09-16,0.0,2026-06-02T09:33:34Z,16,Donnée validée,10,Expertisée,20,Bonne,7.38079998,48.059669735,QmnJ
A1580201,A158020101,1976-09-17,0.0,2026-06-02T09:33:34Z,16,Donnée validée,10,Expertisée,20,Bonne,7.38079998,48.059669735,QmnJ
A1580201,A158020101,1976-09-18,0.0,2026-06-02T09:33:34Z,16,Donnée validée,10,Expertisée,20,Bonne,7.38079998,48.059669735,QmnJ
A1580201,A158020101,1976-09-19,0.0,2026-06-02T09:33:34Z,16,Donnée validée,10,Expertisée,20,Bonne,7.38079998,48.059669735,QmnJ
A1580201,A158020101,1976-09-20,0.0,2026-06-02T09:33:34Z,16,Donnée validée,10,Expertisée,20,Bonne,7.38079998,48.059669735,QmnJ
A1580201,A158020101,1976-09-21,0.0,2026-06-02T09:33:34Z,16,Donnée validée,10,Expertisée,20,Bonne,7.38079998,48.059669735,QmnJ
A1580201,A158020101,1976-09-22,0.0,2026-06-02T09:33:34Z,16,Donnée validée,10,Expertisée,20,Bonne,7.38079998,48.059669735,QmnJ
A1580201,A158020101,1976-09-23,0.0,2026-06-02T09:33:34Z,16,Donnée validée,10,Expertisée,20,Bonne,7.38079998,48.059669735,QmnJ
A1580201,A158020101,1976-09-24,0.0,2026-06-02T09:33:34Z,16,Donnée validée,10,Expertisée,20,Bonne,7.38079998,48.059669735,QmnJ
A1580201,A158020101,1976-09-25,0.0,2026-06-02T09:33:34Z,16,Donnée validée,10,Expertisée,20,Bonne,7.38079998,48.059669735,QmnJ
A1580201,A158020101,1976-09-26,0.0,2026-06-02T09:33:34Z,16,Donnée validée,10,Expertisée,20,Bonne,7.38079998,48.059669735,QmnJ
A1580201,A158020101,1976-09-27,0.0,2026-06-02T09:33:34Z,16,Donnée validée,10,Expertisée,20,Bonne,7.38079998,48.059669735,QmnJ
A1580201,A158020101,1976-09-28,0.0,2026-06-02T09:33:34Z,16,Donnée validée,10,Expertisée,20,Bonne,7.38079998,48.059669735,QmnJ
A1580201,A158020101,1976-09-29,0.0,2026-06-02T09:33:34Z,16,Donnée validée,10,Expertisée,20,Bonne,7.38079998,48.059669735,QmnJ
A1580201,A158020101,1976-09-30,0.0,2026-06-02T09:33:34Z,16,Donnée validée,10,Expertisée,20,Bonne,7.38079998,48.059669735,QmnJ
A1580201,A158020101,1976-10-01,0.0,2026-06-02T09:33:34Z,16,Donnée validée,10,Expertisée,20,Bonne,7.38079998,48.059669735,QmnJ
A1580201,A158020101,1976-10-02,0.0,2026-06-02T09:33:34Z,16,Donnée validée,10,Expertisée,20,Bonne,7.38079998,48.059669735,QmnJ
A1580201,A158020101,1976-10-03,0.0,2026-06-02T09:33:34Z,16,Donnée validée,10,Expertisée,20,Bonne,7.38079998,48.059669735,QmnJ
A1580201,A158020101,1976-10-04,0.0,2026-06-02T09:33:34Z,16,Donnée validée,10,Expertisée,20,Bonne,7.38079998,48.059669735,QmnJ
A1580201,A158020101,1976-10-05,0.0,2026-06-02T09:33:34Z,16,Donnée validée,10,Expertisée,20,Bonne,7.38079998,48.059669735,QmnJ
A1580201,A158020101,1976-10-06,0.0,2026-06-02T09:33:34Z,16,Donnée validée,10,Expertisée,20,Bonne,7.38079998,48.059669735,QmnJ
A1580201,A158020101,1976-10-07,0.0,2026-06-02T09:33:34Z,16,Donnée validée,10,Expertisée,20,Bonne,7.38079998,48.059669735,QmnJ
A1580201,A158020101,1976-10-08,0.0,2026-06-02T09:33:34Z,16,Donnée validée,10,Expertisée,20,Bonne,7.38079998,48.059669735,QmnJ
A1580201,A158020101,1976-10-09,0.0,2026-06-02T09:33:34Z,16,Donnée validée,10,Expertisée,20,Bonne,7.38079998,48.059669735,QmnJ
A1580201,A158020101,1976-10-10,0.0,2026-06-02T09:33:34Z,16,Donnée validée,10,Expertisée,20,Bonne,7.38079998,48.059669735,QmnJ
A1580201,A158020101,1976-10-11,0.0,2026-06-02T09:33:34Z,16,Donnée validée,10,Expertisée,20,Bonne,7.38079998,48.059669735,QmnJ
A1580201,A158020101,1976-10-12,0.0,2026-06-02T09:33:34Z,16,Donnée validée,10,Expertisée,20,Bonne,7.38079998,48.059669735,QmnJ
A1580201,A158020101,1976-10-13,0.0,2026-06-02T09:33:34Z,16,Donnée validée,10,Expertisée,20,Bonne,7.38079998,48.059669735,QmnJ
A1580201,A158020101,1976-10-14,10.0,2026-06-02T09:33:34Z,16,Donnée validée,10,Expertisée,20,Bonne,7.38079998,48.059669735,QmnJ
A1580201,A158020101,1976-10-15,110.0,2026-06-02T09:33:34Z,16,Donnée validée,10,Expertisée,20,Bonne,7.38079998,48.059669735,QmnJ
A1580201,A158020101,1976-10-17,0.0,2026-06-02T09:33:34Z,16,Donnée validée,10,Expertisée,20,Bonne,7.38079998,48.059669735,QmnJ
A1580201,A158020101,1976-10-18,0.0,2026-06-02T09:33:34Z,16,Donnée validée,10,Expertisée,20,Bonne,7.38079998,48.059669735,QmnJ
A1580201,A158020101,1976-10-19,0.0,2026-06-02T09:33:34Z,16,Donnée validée,10,Expertisée,20,Bonne,7.38079998,48.059669735,QmnJ
A1580201,A158020101,1976-10-20,40.0,2026-06-02T09:33:34Z,16,Donnée validée,10,Expertisée,20,Bonne,7.38079998,48.059669735,QmnJ
A1580201,A158020101,1976-10-21,309.0,2026-06-02T09:33:34Z,16,Donnée validée,10,Expertisée,20,Bonne,7.38079998,48.059669735,QmnJ
A1580201,A158020101,1976-10-22,321.0,2026-06-02T09:33:34Z,16,Donnée validée,10,Expertisée,20,Bonne,7.38079998,48.059669735,QmnJ
A1580201,A158020101,1976-10-23,337.0,2026-06-02T09:33:34Z,16,Donnée validée,10,Expertisée,20,Bonne,7.38079998,48.059669735,QmnJ
A1580201,A158020101,1976-10-24,305.0,2026-06-02T09:33:34Z,16,Donnée validée,10,Expertisée,20,Bonne,7.38079998,48.059669735,QmnJ
A1580201,A158020101,1976-10-25,232.0,2026-06-02T09:33:34Z,16,Donnée validée,10,Expertisée,20,Bonne,7.38079998,48.059669735,QmnJ
A1580201,A158020101,1976-10-26,252.0,2026-06-02T09:33:34Z,16,Donnée validée,10,Expertisée,20,Bonne,7.38079998,48.059669735,QmnJ
A1580201,A158020101,1976-10-27,247.0,2026-06-02T09:33:34Z,16,Donnée validée,10,Expertisée,20,Bonne,7.38079998,48.059669735,QmnJ
A1580201,A158020101,1976-10-28,230.0,2026-06-02T09:33:34Z,16,Donnée validée,10,Expertisée,20,Bonne,7.38079998,48.059669735,QmnJ
A1580201,A158020101,1976-10-29,222.0,2026-06-02T09:33:34Z,16,Donnée validée,10,Expertisée,20,Bonne,7.38079998,48.059669735,QmnJ
A1580201,A158020101,1976-10-31,5.0,2026-06-02T09:33:34Z,16,Donnée validée,10,Expertisée,20,Bonne,7.38079998,48.059669735,QmnJ
A1580201,A158020101,1976-11-01,0.0,2026-06-02T09:33:34Z,16,Donnée validée,10,Expertisée,20,Bonne,7.38079998,48.059669735,QmnJ
A1580201,A158020101,1976-11-02,0.0,2026-06-02T09:33:34Z,16,Donnée validée,10,Expertisée,20,Bonne,7.38079998,48.059669735,QmnJ
A1580201,A158020101,1976-11-03,40.0,2026-06-02T09:33:34Z,16,Donnée validée,10,Expertisée,20,Bonne,7.38079998,48.059669735,QmnJ
A1580201,A158020101,1976-11-04,140.0,2026-06-02T09:33:34Z,16,Donnée validée,10,Expertisée,20,Bonne,7.38079998,48.059669735,QmnJ
A1580201,A158020101,1976-11-05,300.0,2026-06-02T09:33:34Z,16,Donnée validée,10,Expertisée,20,Bonne,7.38079998,48.059669735,QmnJ
A1580201,A158020101,1976-11-06,510.0,2026-06-02T09:33:34Z,16,Donnée validée,10,Expertisée,20,Bonne,7.38079998,48.059669735,QmnJ
A1580201,A158020101,1976-11-07,549.0,2026-06-02T09:33:34Z,16,Donnée validée,10,Expertisée,20,Bonne,7.38079998,48.059669735,QmnJ
A1580201,A158020101,1976-11-08,371.0,2026-06-02T09:33:34Z,16,Donnée validée,10,Expertisée,20,Bonne,7.38079998,48.059669735,QmnJ
A1580201,A158020101,1976-11-09,364.0,2026-06-02T09:33:34Z,16,Donnée validée,10,Expertisée,20,Bonne,7.38079998,48.059669735,QmnJ
A1580201,A158020101,1976-11-10,492.0,2026-06-02T09:33:34Z,16,Donnée validée,10,Expertisée,20,Bonne,7.38079998,48.059669735,QmnJ
A1580201,A158020101,1976-11-11,585.0,2026-06-02T09:33:34Z,16,Donnée validée,10,Expertisée,20,Bonne,7.38079998,48.059669735,QmnJ
A1580201,A158020101,1976-11-12,610.0,2026-06-02T09:33:34Z,16,Donnée validée,10,Expertisée,20,Bonne,7.38079998,48.059669735,QmnJ
A1580201,A158020101,1976-11-13,700.0,2026-06-02T09:33:34Z,16,Donnée validée,10,Expertisée,20,Bonne,7.38079998,48.059669735,QmnJ
A1580201,A158020101,1976-11-14,700.0,2026-06-02T09:33:34Z,16,Donnée validée,10,Expertisée,20,Bonne,7.38079998,48.059669735,QmnJ
A1580201,A158020101,1976-11-15,592.0,2026-06-02T09:33:34Z,16,Donnée validée,10,Expertisée,20,Bonne,7.38079998,48.059669735,QmnJ
A1580201,A158020101,1976-11-16,510.0,2026-06-02T09:33:34Z,16,Donnée validée,10,Expertisée,20,Bonne,7.38079998,48.059669735,QmnJ
A1580201,A158020101,1976-11-17,510.0,2026-06-02T09:33:34Z,16,Donnée validée,10,Expertisée,20,Bonne,7.38079998,48.059669735,QmnJ
A1580201,A158020101,1976-11-18,510.0,2026-06-02T09:33:34Z,16,Donnée validée,10,Expertisée,20,Bonne,7.38079998,48.059669735,QmnJ
A1580201,A158020101,1976-11-19,475.0,2026-06-02T09:33:34Z,16,Donnée validée,10,Expertisée,20,Bonne,7.38079998,48.059669735,QmnJ
A1580201,A158020101,1976-11-20,430.0,2026-06-02T09:33:34Z,16,Donnée validée,10,Expertisée,20,Bonne,7.38079998,48.059669735,QmnJ
A1580201,A158020101,1976-11-21,560.0,2026-06-02T09:33:34Z,16,Donnée validée,10,Expertisée,20,Bonne,7.38079998,48.059669735,QmnJ
A1580201,A158020101,1976-11-22,465.0,2026-06-02T09:33:34Z,16,Donnée validée,10,Expertisée,20,Bonne,7.38079998,48.059669735,QmnJ
A1580201,A158020101,1976-11-23,469.0,2026-06-02T09:33:34Z,16,Donnée validée,10,Expertisée,20,Bonne,7.38079998,48.059669735,QmnJ
A1580201,A158020101,1976-11-24,439.0,2026-06-02T09:33:34Z,16,Donnée validée,10,Expertisée,20,Bonne,7.38079998,48.059669735,QmnJ
A1580201,A158020101,1976-11-25,396.0,2026-06-02T09:33:34Z,16,Donnée validée,10,Expertisée,20,Bonne,7.38079998,48.059669735,QmnJ
A1580201,A158020101,1976-11-26,439.0,2026-06-02T09:33:34Z,16,Donnée validée,10,Expertisée,20,Bonne,7.38079998,48.059669735,QmnJ
A1580201,A158020101,1976-11-27,465.0,2026-06-02T09:33:34Z,16,Donnée validée,10,Expertisée,20,Bonne,7.38079998,48.059669735,QmnJ
A1580201,A158020101,1976-11-28,461.0,2026-06-02T09:33:34Z,16,Donnée validée,10,Expertisée,20,Bonne,7.38079998,48.059669735,QmnJ
A1580201,A158020101,1976-11-29,362.0,2026-06-02T09:33:34Z,16,Donnée validée,10,Expertisée,20,Bonne,7.38079998,48.059669735,QmnJ
A1580201,A158020101,1976-11-30,532.0,2026-06-02T09:33:34Z,16,Donnée validée,10,Expertisée,20,Bonne,7.38079998,48.059669735,QmnJ
A1580201,A158020101,1976-12-01,5063.0,2026-06-02T09:33:34Z,16,Donnée validée,10,Expertisée,20,Bonne,7.38079998,48.059669735,QmnJ
A1580201,A158020101,1976-12-02,8788.0,2026-06-02T09:33:34Z,16,Donnée validée,10,Expertisée,20,Bonne,7.38079998,48.059669735,QmnJ
A1580201,A158020101,1976-12-03,7882.0,2026-06-02T09:33:34Z,16,Donnée validée,10,Expertisée,20,Bonne,7.38079998,48.059669735,QmnJ
A1580201,A158020101,1976-12-04,5227.0,2026-06-02T09:33:34Z,16,Donnée validée,10,Expertisée,20,Bonne,7.38079998,48.059669735,QmnJ
A1580201,A158020101,1976-12-05,3712.0,2026-06-02T09:33:34Z,16,Donnée validée,10,Expertisée,20,Bonne,7.38079998,48.059669735,QmnJ
A1580201,A158020101,1976-12-06,2816.0,2026-06-02T09:33:34Z,16,Donnée validée,10,Expertisée,20,Bonne,7.38079998,48.059669735,QmnJ
A1580201,A158020101,1976-12-07,4741.0,2026-06-02T09:33:34Z,16,Donnée validée,10,Expertisée,20,Bonne,7.38079998,48.059669735,QmnJ
A1580201,A158020101,1976-12-08,12500.0,2026-06-02T09:33:34Z,16,Donnée validée,10,Expertisée,20,Bonne,7.38079998,48.059669735,QmnJ
A1580201,A158020101,1976-12-09,15031.0,2026-06-02T09:33:34Z,16,Donnée validée,10,Expertisée,20,Bonne,7.38079998,48.059669735,QmnJ
A1580201,A158020101,1976-12-10,12260.0,2026-06-02T09:33:34Z,16,Donnée validée,10,Expertisée,20,Bonne,7.38079998,48.059669735,QmnJ
A1580201,A158020101,1976-12-11,8841.0,2026-06-02T09:33:34Z,16,Donnée validée,10,Expertisée,20,Bonne,7.38079998,48.059669735,QmnJ
A1580201,A158020101,1976-12-12,6150.0,2026-06-02T09:33:34Z,16,Donnée validée,10,Expertisée,20,Bonne,7.38079998,48.059669735,QmnJ
A1580201,A158020101,1976-12-13,4367.0,2026-06-02T09:33:34Z,16,Donnée validée,10,Expertisée,20,Bonne,7.38079998,48.059669735,QmnJ
A1580201,A158020101,1976-12-14,3364.0,2026-06-02T09:33:34Z,16,Donnée validée,10,Expertisée,20,Bonne,7.38079998,48.059669735,QmnJ
A1580201,A158020101,1976-12-15,2702.0,2026-06-02T09:33:34Z,16,Donnée validée,10,Expertisée,20,Bonne,7.38079998,48.059669735,QmnJ
A1580201,A158020101,1976-12-16,2295.0,2026-06-02T09:33:34Z,16,Donnée validée,10,Expertisée,20,Bonne,7.38079998,48.059669735,QmnJ
A1580201,A158020101,1976-12-17,2085.0,2026-06-02T09:33:34Z,16,Donnée validée,10,Expertisée,20,Bonne,7.38079998,48.059669735,QmnJ
A1580201,A158020101,1976-12-18,1957.0,2026-06-02T09:33:34Z,16,Donnée validée,10,Expertisée,20,Bonne,7.38079998,48.059669735,QmnJ
A1580201,A158020101,1976-12-19,1979.0,2026-06-02T09:33:34Z,16,Donnée validée,10,Expertisée,20,Bonne,7.38079998,48.059669735,QmnJ
A1580201,A158020101,1976-12-20,1773.0,2026-06-02T09:33:34Z,16,Donnée validée,10,Expertisée,20,Bonne,7.38079998,48.059669735,QmnJ
A1580201,A158020101,1976-12-21,1543.0,2026-06-02T09:33:34Z,16,Donnée validée,10,Expertisée,20,Bonne,7.38079998,48.059669735,QmnJ
A1580201,A158020101,1976-12-22,1487.0,2026-06-02T09:33:34Z,16,Donnée validée,10,Expertisée,20,Bonne,7.38079998,48.059669735,QmnJ
A1580201,A158020101,1976-12-23,1755.0,2026-06-02T09:33:34Z,16,Donnée validée,10,Expertisée,20,Bonne,7.38079998,48.059669735,QmnJ
A1580201,A158020101,1976-12-24,2212.0,2026-06-02T09:33:34Z,16,Donnée validée,10,Expertisée,20,Bonne,7.38079998,48.059669735,QmnJ
A1580201,A158020101,1976-12-25,2350.0,2026-06-02T09:33:34Z,16,Donnée validée,10,Expertisée,20,Bonne,7.38079998,48.059669735,QmnJ
A1580201,A158020101,1976-12-26,2269.0,2026-06-02T09:33:34Z,16,Donnée validée,10,Expertisée,20,Bonne,7.38079998,48.059669735,QmnJ
A1580201,A158020101,1976-12-27,2363.0,2026-06-02T09:33:34Z,16,Donnée validée,10,Expertisée,20,Bonne,7.38079998,48.059669735,QmnJ
A1580201,A158020101,1976-12-28,2490.0,2026-06-02T09:33:34Z,16,Donnée validée,10,Expertisée,20,Bonne,7.38079998,48.059669735,QmnJ
A1580201,A158020101,1976-12-29,2470.0,2026-06-02T09:33:34Z,16,Donnée validée,10,Expertisée,20,Bonne,7.38079998,48.059669735,QmnJ
A1580201,A158020101,1976-12-30,2410.0,2026-06-02T09:33:34Z,16,Donnée validée,10,Expertisée,20,Bonne,7.38079998,48.059669735,QmnJ
