code_site,code_station,date_obs_elab,resultat_obs_elab,date_prod,code_statut,libelle_statut,code_methode,libelle_methode,code_qualification,libelle_qualification,longitude,latitude,grandeur_hydro_elab
A3410200,A341020001,2007-01-01,1977.0,2026-06-02T08:08:12Z,16,Donnée validée,10,Expertisée,20,Bonne,7.332793134,48.728811149,QmnJ
A3410200,A341020001,2007-01-02,2798.0,2026-06-02T08:08:12Z,16,Donnée validée,10,Expertisée,20,Bonne,7.332793134,48.728811149,QmnJ
A3410200,A341020001,2007-01-03,2711.0,2026-06-02T08:08:12Z,16,Donnée validée,10,Expertisée,20,Bonne,7.332793134,48.728811149,QmnJ
A3410200,A341020001,2007-01-04,2372.0,2026-06-02T08:08:12Z,16,Donnée validée,10,Expertisée,20,Bonne,7.332793134,48.728811149,QmnJ
A3410200,A341020001,2007-01-05,2214.0,2026-06-02T08:08:12Z,16,Donnée validée,10,Expertisée,20,Bonne,7.332793134,48.728811149,QmnJ
A3410200,A341020001,2007-01-06,2148.0,2026-06-02T08:08:12Z,16,Donnée validée,10,Expertisée,20,Bonne,7.332793134,48.728811149,QmnJ
A3410200,A341020001,2007-01-07,2273.0,2026-06-02T08:08:12Z,16,Donnée validée,10,Expertisée,20,Bonne,7.332793134,48.728811149,QmnJ
A3410200,A341020001,2007-01-08,2202.0,2026-06-02T08:08:12Z,16,Donnée validée,10,Expertisée,20,Bonne,7.332793134,48.728811149,QmnJ
A3410200,A341020001,2007-01-09,2270.0,2026-06-02T08:08:12Z,16,Donnée validée,10,Expertisée,20,Bonne,7.332793134,48.728811149,QmnJ
A3410200,A341020001,2007-01-10,2400.0,2026-06-02T08:08:12Z,16,Donnée validée,10,Expertisée,20,Bonne,7.332793134,48.728811149,QmnJ
A3410200,A341020001,2007-01-11,2257.0,2026-06-02T08:08:12Z,16,Donnée validée,10,Expertisée,20,Bonne,7.332793134,48.728811149,QmnJ
A3410200,A341020001,2007-01-12,3167.0,2026-06-02T08:08:12Z,16,Donnée validée,10,Expertisée,20,Bonne,7.332793134,48.728811149,QmnJ
A3410200,A341020001,2007-01-13,2379.0,2026-06-02T08:08:12Z,16,Donnée validée,10,Expertisée,20,Bonne,7.332793134,48.728811149,QmnJ
A3410200,A341020001,2007-01-14,2262.0,2026-06-02T08:08:12Z,16,Donnée validée,10,Expertisée,20,Bonne,7.332793134,48.728811149,QmnJ
A3410200,A341020001,2007-01-15,1899.0,2026-06-02T08:08:12Z,16,Donnée validée,10,Expertisée,20,Bonne,7.332793134,48.728811149,QmnJ
A3410200,A341020001,2007-01-16,2013.0,2026-06-02T08:08:12Z,16,Donnée validée,10,Expertisée,20,Bonne,7.332793134,48.728811149,QmnJ
A3410200,A341020001,2007-01-17,1977.0,2026-06-02T08:08:12Z,16,Donnée validée,10,Expertisée,20,Bonne,7.332793134,48.728811149,QmnJ
A3410200,A341020001,2007-01-18,2610.0,2026-06-02T08:08:12Z,16,Donnée validée,10,Expertisée,20,Bonne,7.332793134,48.728811149,QmnJ
A3410200,A341020001,2007-01-19,4142.0,2026-06-02T08:08:12Z,16,Donnée validée,10,Expertisée,20,Bonne,7.332793134,48.728811149,QmnJ
A3410200,A341020001,2007-01-20,3376.0,2026-06-02T08:08:12Z,16,Donnée validée,10,Expertisée,20,Bonne,7.332793134,48.728811149,QmnJ
A3410200,A341020001,2007-01-21,5971.0,2026-06-02T08:08:12Z,16,Donnée validée,10,Expertisée,20,Bonne,7.332793134,48.728811149,QmnJ
A3410200,A341020001,2007-01-22,4618.0,2026-06-02T08:08:12Z,16,Donnée validée,10,Expertisée,20,Bonne,7.332793134,48.728811149,QmnJ
A3410200,A341020001,2007-01-23,4268.0,2026-06-02T08:08:12Z,16,Donnée validée,10,Expertisée,20,Bonne,7.332793134,48.728811149,QmnJ
A3410200,A341020001,2007-01-24,4066.0,2026-06-02T08:08:12Z,16,Donnée validée,10,Expertisée,20,Bonne,7.332793134,48.728811149,QmnJ
A3410200,A341020001,2007-01-25,3629.0,2026-06-02T08:08:12Z,16,Donnée validée,10,Expertisée,20,Bonne,7.332793134,48.728811149,QmnJ
A3410200,A341020001,2007-01-26,3267.0,2026-06-02T08:08:12Z,16,Donnée validée,10,Expertisée,20,Bonne,7.332793134,48.728811149,QmnJ
A3410200,A341020001,2007-01-27,2819.0,2026-06-02T08:08:12Z,16,Donnée validée,10,Expertisée,20,Bonne,7.332793134,48.728811149,QmnJ
A3410200,A341020001,2007-01-28,2999.0,2026-06-02T08:08:12Z,16,Donnée validée,10,Expertisée,20,Bonne,7.332793134,48.728811149,QmnJ
A3410200,A341020001,2007-01-29,3504.0,2026-06-02T08:08:12Z,16,Donnée validée,10,Expertisée,20,Bonne,7.332793134,48.728811149,QmnJ
A3410200,A341020001,2007-01-30,3298.0,2026-06-02T08:08:12Z,16,Donnée validée,10,Expertisée,20,Bonne,7.332793134,48.728811149,QmnJ
A3410200,A341020001,2007-01-31,2953.0,2026-06-02T08:08:12Z,16,Donnée validée,10,Expertisée,20,Bonne,7.332793134,48.728811149,QmnJ
A3410200,A341020001,2007-02-01,2796.0,2026-06-02T08:08:12Z,16,Donnée validée,10,Expertisée,20,Bonne,7.332793134,48.728811149,QmnJ
A3410200,A341020001,2007-02-02,2624.0,2026-06-02T08:08:12Z,16,Donnée validée,10,Expertisée,20,Bonne,7.332793134,48.728811149,QmnJ
A3410200,A341020001,2007-02-03,2470.0,2026-06-02T08:08:12Z,16,Donnée validée,10,Expertisée,20,Bonne,7.332793134,48.728811149,QmnJ
A3410200,A341020001,2007-02-04,2489.0,2026-06-02T08:08:12Z,16,Donnée validée,10,Expertisée,20,Bonne,7.332793134,48.728811149,QmnJ
A3410200,A341020001,2007-02-05,2648.0,2026-06-02T08:08:12Z,16,Donnée validée,10,Expertisée,20,Bonne,7.332793134,48.728811149,QmnJ
A3410200,A341020001,2007-02-06,2985.0,2026-06-02T08:08:12Z,16,Donnée validée,10,Expertisée,20,Bonne,7.332793134,48.728811149,QmnJ
A3410200,A341020001,2007-02-07,3366.0,2026-06-02T08:08:12Z,16,Donnée validée,10,Expertisée,20,Bonne,7.332793134,48.728811149,QmnJ
A3410200,A341020001,2007-02-08,3882.0,2026-06-02T08:08:12Z,16,Donnée validée,10,Expertisée,20,Bonne,7.332793134,48.728811149,QmnJ
A3410200,A341020001,2007-02-09,3469.0,2026-06-02T08:08:12Z,16,Donnée validée,10,Expertisée,20,Bonne,7.332793134,48.728811149,QmnJ
A3410200,A341020001,2007-02-10,3191.0,2026-06-02T08:08:12Z,16,Donnée validée,10,Expertisée,20,Bonne,7.332793134,48.728811149,QmnJ
A3410200,A341020001,2007-02-11,5270.0,2026-06-02T08:08:12Z,16,Donnée validée,10,Expertisée,20,Bonne,7.332793134,48.728811149,QmnJ
A3410200,A341020001,2007-02-12,7308.0,2026-06-02T08:08:12Z,16,Donnée validée,10,Expertisée,20,Bonne,7.332793134,48.728811149,QmnJ
A3410200,A341020001,2007-02-13,6245.0,2026-06-02T08:08:12Z,16,Donnée validée,10,Expertisée,20,Bonne,7.332793134,48.728811149,QmnJ
A3410200,A341020001,2007-02-14,6069.0,2026-06-02T08:08:12Z,16,Donnée validée,10,Expertisée,20,Bonne,7.332793134,48.728811149,QmnJ
A3410200,A341020001,2007-02-15,6443.0,2026-06-02T08:08:12Z,16,Donnée validée,10,Expertisée,20,Bonne,7.332793134,48.728811149,QmnJ
A3410200,A341020001,2007-02-16,5328.0,2026-06-02T08:08:12Z,16,Donnée validée,10,Expertisée,20,Bonne,7.332793134,48.728811149,QmnJ
A3410200,A341020001,2007-02-17,5200.0,2026-06-02T08:08:12Z,16,Donnée validée,10,Expertisée,20,Bonne,7.332793134,48.728811149,QmnJ
A3410200,A341020001,2007-02-18,4965.0,2026-06-02T08:08:12Z,16,Donnée validée,10,Expertisée,20,Bonne,7.332793134,48.728811149,QmnJ
A3410200,A341020001,2007-02-19,4530.0,2026-06-02T08:08:12Z,16,Donnée validée,10,Expertisée,20,Bonne,7.332793134,48.728811149,QmnJ
A3410200,A341020001,2007-02-20,4197.0,2026-06-02T08:08:12Z,16,Donnée validée,10,Expertisée,20,Bonne,7.332793134,48.728811149,QmnJ
A3410200,A341020001,2007-02-21,3919.0,2026-06-02T08:08:12Z,16,Donnée validée,10,Expertisée,20,Bonne,7.332793134,48.728811149,QmnJ
A3410200,A341020001,2007-02-22,3667.0,2026-06-02T08:08:12Z,16,Donnée validée,10,Expertisée,20,Bonne,7.332793134,48.728811149,QmnJ
A3410200,A341020001,2007-02-23,3414.0,2026-06-02T08:08:12Z,16,Donnée validée,10,Expertisée,20,Bonne,7.332793134,48.728811149,QmnJ
A3410200,A341020001,2007-02-24,3470.0,2026-06-02T08:08:12Z,16,Donnée validée,10,Expertisée,20,Bonne,7.332793134,48.728811149,QmnJ
A3410200,A341020001,2007-02-25,3592.0,2026-06-02T08:08:12Z,16,Donnée validée,10,Expertisée,20,Bonne,7.332793134,48.728811149,QmnJ
A3410200,A341020001,2007-02-26,4466.0,2026-06-02T08:08:12Z,16,Donnée validée,10,Expertisée,20,Bonne,7.332793134,48.728811149,QmnJ
A3410200,A341020001,2007-02-27,3976.0,2026-06-02T08:08:12Z,16,Donnée validée,10,Expertisée,20,Bonne,7.332793134,48.728811149,QmnJ
A3410200,A341020001,2007-02-28,7887.0,2026-06-02T08:08:12Z,16,Donnée validée,10,Expertisée,20,Bonne,7.332793134,48.728811149,QmnJ
A3410200,A341020001,2007-03-01,16460.0,2026-06-02T08:08:12Z,16,Donnée validée,10,Expertisée,20,Bonne,7.332793134,48.728811149,QmnJ
A3410200,A341020001,2007-03-02,13313.0,2026-06-02T08:08:12Z,16,Donnée validée,10,Expertisée,20,Bonne,7.332793134,48.728811149,QmnJ
A3410200,A341020001,2007-03-03,11159.0,2026-06-02T08:08:12Z,16,Donnée validée,10,Expertisée,20,Bonne,7.332793134,48.728811149,QmnJ
A3410200,A341020001,2007-03-04,8885.0,2026-06-02T08:08:12Z,16,Donnée validée,10,Expertisée,20,Bonne,7.332793134,48.728811149,QmnJ
A3410200,A341020001,2007-03-05,7655.0,2026-06-02T08:08:12Z,16,Donnée validée,10,Expertisée,20,Bonne,7.332793134,48.728811149,QmnJ
A3410200,A341020001,2007-03-06,6739.0,2026-06-02T08:08:12Z,16,Donnée validée,10,Expertisée,20,Bonne,7.332793134,48.728811149,QmnJ
A3410200,A341020001,2007-03-07,6656.0,2026-06-02T08:08:12Z,16,Donnée validée,10,Expertisée,20,Bonne,7.332793134,48.728811149,QmnJ
A3410200,A341020001,2007-03-08,5736.0,2026-06-02T08:08:12Z,16,Donnée validée,10,Expertisée,20,Bonne,7.332793134,48.728811149,QmnJ
A3410200,A341020001,2007-03-09,4880.0,2026-06-02T08:08:12Z,16,Donnée validée,10,Expertisée,20,Bonne,7.332793134,48.728811149,QmnJ
A3410200,A341020001,2007-03-10,4762.0,2026-06-02T08:08:12Z,16,Donnée validée,10,Expertisée,20,Bonne,7.332793134,48.728811149,QmnJ
A3410200,A341020001,2007-03-11,4150.0,2026-06-02T08:08:12Z,16,Donnée validée,10,Expertisée,20,Bonne,7.332793134,48.728811149,QmnJ
A3410200,A341020001,2007-03-12,4103.0,2026-06-02T08:08:12Z,16,Donnée validée,10,Expertisée,20,Bonne,7.332793134,48.728811149,QmnJ
A3410200,A341020001,2007-03-13,3896.0,2026-06-02T08:08:12Z,16,Donnée validée,10,Expertisée,20,Bonne,7.332793134,48.728811149,QmnJ
A3410200,A341020001,2007-03-14,3591.0,2026-06-02T08:08:12Z,16,Donnée validée,10,Expertisée,20,Bonne,7.332793134,48.728811149,QmnJ
A3410200,A341020001,2007-03-15,3403.0,2026-06-02T08:08:12Z,16,Donnée validée,10,Expertisée,20,Bonne,7.332793134,48.728811149,QmnJ
A3410200,A341020001,2007-03-16,3339.0,2026-06-02T08:08:12Z,16,Donnée validée,10,Expertisée,20,Bonne,7.332793134,48.728811149,QmnJ
A3410200,A341020001,2007-03-17,3178.0,2026-06-02T08:08:12Z,16,Donnée validée,10,Expertisée,20,Bonne,7.332793134,48.728811149,QmnJ
A3410200,A341020001,2007-03-18,3533.0,2026-06-02T08:08:12Z,16,Donnée validée,10,Expertisée,20,Bonne,7.332793134,48.728811149,QmnJ
A3410200,A341020001,2007-03-19,4042.0,2026-06-02T08:08:12Z,16,Donnée validée,10,Expertisée,20,Bonne,7.332793134,48.728811149,QmnJ
A3410200,A341020001,2007-03-20,3595.0,2026-06-02T08:08:12Z,16,Donnée validée,10,Expertisée,20,Bonne,7.332793134,48.728811149,QmnJ
A3410200,A341020001,2007-03-21,3207.0,2026-06-02T08:08:12Z,16,Donnée validée,10,Expertisée,20,Bonne,7.332793134,48.728811149,QmnJ
A3410200,A341020001,2007-03-22,3200.0,2026-06-02T08:08:12Z,16,Donnée validée,10,Expertisée,20,Bonne,7.332793134,48.728811149,QmnJ
A3410200,A341020001,2007-03-23,4076.0,2026-06-02T08:08:12Z,16,Donnée validée,10,Expertisée,20,Bonne,7.332793134,48.728811149,QmnJ
A3410200,A341020001,2007-03-24,4146.0,2026-06-02T08:08:12Z,16,Donnée validée,10,Expertisée,20,Bonne,7.332793134,48.728811149,QmnJ
A3410200,A341020001,2007-03-25,5609.0,2026-06-02T08:08:12Z,16,Donnée validée,10,Expertisée,20,Bonne,7.332793134,48.728811149,QmnJ
A3410200,A341020001,2007-03-26,5690.0,2026-06-02T08:08:12Z,16,Donnée validée,10,Expertisée,20,Bonne,7.332793134,48.728811149,QmnJ
A3410200,A341020001,2007-03-27,5151.0,2026-06-02T08:08:12Z,16,Donnée validée,10,Expertisée,20,Bonne,7.332793134,48.728811149,QmnJ
A3410200,A341020001,2007-03-28,4973.0,2026-06-02T08:08:12Z,16,Donnée validée,10,Expertisée,20,Bonne,7.332793134,48.728811149,QmnJ
A3410200,A341020001,2007-03-29,5169.0,2026-06-02T08:08:12Z,16,Donnée validée,10,Expertisée,20,Bonne,7.332793134,48.728811149,QmnJ
A3410200,A341020001,2007-03-30,5890.0,2026-06-02T08:08:12Z,16,Donnée validée,10,Expertisée,20,Bonne,7.332793134,48.728811149,QmnJ
A3410200,A341020001,2007-03-31,9394.0,2026-06-02T08:08:12Z,16,Donnée validée,10,Expertisée,20,Bonne,7.332793134,48.728811149,QmnJ
A3410200,A341020001,2007-04-01,7527.0,2026-06-02T08:08:12Z,16,Donnée validée,10,Expertisée,20,Bonne,7.332793134,48.728811149,QmnJ
A3410200,A341020001,2007-04-02,6849.0,2026-06-02T08:08:12Z,16,Donnée validée,10,Expertisée,20,Bonne,7.332793134,48.728811149,QmnJ
A3410200,A341020001,2007-04-03,6508.0,2026-06-02T08:08:12Z,16,Donnée validée,10,Expertisée,20,Bonne,7.332793134,48.728811149,QmnJ
A3410200,A341020001,2007-04-04,6412.0,2026-06-02T08:08:12Z,16,Donnée validée,10,Expertisée,20,Bonne,7.332793134,48.728811149,QmnJ
A3410200,A341020001,2007-04-05,5975.0,2026-06-02T08:08:12Z,16,Donnée validée,10,Expertisée,20,Bonne,7.332793134,48.728811149,QmnJ
A3410200,A341020001,2007-04-06,5671.0,2026-06-02T08:08:12Z,16,Donnée validée,10,Expertisée,20,Bonne,7.332793134,48.728811149,QmnJ
A3410200,A341020001,2007-04-07,5076.0,2026-06-02T08:08:12Z,16,Donnée validée,10,Expertisée,20,Bonne,7.332793134,48.728811149,QmnJ
A3410200,A341020001,2007-04-08,4720.0,2026-06-02T08:08:12Z,16,Donnée validée,10,Expertisée,20,Bonne,7.332793134,48.728811149,QmnJ
A3410200,A341020001,2007-04-09,4380.0,2026-06-02T08:08:12Z,16,Donnée validée,10,Expertisée,20,Bonne,7.332793134,48.728811149,QmnJ
A3410200,A341020001,2007-04-10,4335.0,2026-06-02T08:08:12Z,16,Donnée validée,10,Expertisée,20,Bonne,7.332793134,48.728811149,QmnJ
A3410200,A341020001,2007-04-11,3847.0,2026-06-02T08:08:12Z,16,Donnée validée,10,Expertisée,20,Bonne,7.332793134,48.728811149,QmnJ
A3410200,A341020001,2007-04-12,3800.0,2026-06-02T08:08:12Z,16,Donnée validée,10,Expertisée,20,Bonne,7.332793134,48.728811149,QmnJ
A3410200,A341020001,2007-04-13,3643.0,2026-06-02T08:08:12Z,16,Donnée validée,10,Expertisée,20,Bonne,7.332793134,48.728811149,QmnJ
A3410200,A341020001,2007-04-14,3259.0,2026-06-02T08:08:12Z,16,Donnée validée,10,Expertisée,20,Bonne,7.332793134,48.728811149,QmnJ
A3410200,A341020001,2007-04-15,3052.0,2026-06-02T08:08:12Z,16,Donnée validée,10,Expertisée,20,Bonne,7.332793134,48.728811149,QmnJ
A3410200,A341020001,2007-04-16,3087.0,2026-06-02T08:08:12Z,16,Donnée validée,10,Expertisée,20,Bonne,7.332793134,48.728811149,QmnJ
A3410200,A341020001,2007-04-17,2942.0,2026-06-02T08:08:12Z,16,Donnée validée,10,Expertisée,20,Bonne,7.332793134,48.728811149,QmnJ
A3410200,A341020001,2007-04-18,2833.0,2026-06-02T08:08:12Z,16,Donnée validée,10,Expertisée,20,Bonne,7.332793134,48.728811149,QmnJ
A3410200,A341020001,2007-04-19,2735.0,2026-06-02T08:08:12Z,16,Donnée validée,10,Expertisée,20,Bonne,7.332793134,48.728811149,QmnJ
A3410200,A341020001,2007-04-20,2598.0,2026-06-02T08:08:12Z,16,Donnée validée,10,Expertisée,20,Bonne,7.332793134,48.728811149,QmnJ
A3410200,A341020001,2007-04-21,2703.0,2026-06-02T08:08:12Z,16,Donnée validée,10,Expertisée,20,Bonne,7.332793134,48.728811149,QmnJ
A3410200,A341020001,2007-04-22,2599.0,2026-06-02T08:08:12Z,16,Donnée validée,10,Expertisée,20,Bonne,7.332793134,48.728811149,QmnJ
A3410200,A341020001,2007-04-23,2339.0,2026-06-02T08:08:12Z,16,Donnée validée,10,Expertisée,20,Bonne,7.332793134,48.728811149,QmnJ
A3410200,A341020001,2007-04-24,1814.0,2026-06-02T08:08:12Z,16,Donnée validée,10,Expertisée,20,Bonne,7.332793134,48.728811149,QmnJ
A3410200,A341020001,2007-04-25,1544.0,2026-06-02T08:08:12Z,16,Donnée validée,10,Expertisée,20,Bonne,7.332793134,48.728811149,QmnJ
A3410200,A341020001,2007-04-26,1438.0,2026-06-02T08:08:12Z,16,Donnée validée,10,Expertisée,20,Bonne,7.332793134,48.728811149,QmnJ
A3410200,A341020001,2007-04-27,1427.0,2026-06-02T08:08:12Z,16,Donnée validée,10,Expertisée,20,Bonne,7.332793134,48.728811149,QmnJ
A3410200,A341020001,2007-04-28,1411.0,2026-06-02T08:08:12Z,16,Donnée validée,10,Expertisée,20,Bonne,7.332793134,48.728811149,QmnJ
A3410200,A341020001,2007-04-29,1259.0,2026-06-02T08:08:12Z,16,Donnée validée,10,Expertisée,20,Bonne,7.332793134,48.728811149,QmnJ
A3410200,A341020001,2007-04-30,1694.0,2026-06-02T08:08:12Z,16,Donnée validée,10,Expertisée,20,Bonne,7.332793134,48.728811149,QmnJ
A3410200,A341020001,2007-05-01,1441.0,2026-06-02T08:08:12Z,16,Donnée validée,10,Expertisée,20,Bonne,7.332793134,48.728811149,QmnJ
A3410200,A341020001,2007-05-02,1291.0,2026-06-02T08:08:12Z,16,Donnée validée,10,Expertisée,20,Bonne,7.332793134,48.728811149,QmnJ
A3410200,A341020001,2007-05-03,1347.0,2026-06-02T08:08:12Z,16,Donnée validée,10,Expertisée,20,Bonne,7.332793134,48.728811149,QmnJ
A3410200,A341020001,2007-05-04,1526.0,2026-06-02T08:08:12Z,16,Donnée validée,10,Expertisée,20,Bonne,7.332793134,48.728811149,QmnJ
A3410200,A341020001,2007-05-05,1506.0,2026-06-02T08:08:12Z,16,Donnée validée,10,Expertisée,20,Bonne,7.332793134,48.728811149,QmnJ
A3410200,A341020001,2007-05-06,1461.0,2026-06-02T08:08:12Z,16,Donnée validée,10,Expertisée,20,Bonne,7.332793134,48.728811149,QmnJ
A3410200,A341020001,2007-05-07,1459.0,2026-06-02T08:08:12Z,16,Donnée validée,10,Expertisée,20,Bonne,7.332793134,48.728811149,QmnJ
A3410200,A341020001,2007-05-08,3170.0,2026-06-02T08:08:12Z,16,Donnée validée,10,Expertisée,20,Bonne,7.332793134,48.728811149,QmnJ
A3410200,A341020001,2007-05-09,5606.0,2026-06-02T08:08:12Z,16,Donnée validée,10,Expertisée,20,Bonne,7.332793134,48.728811149,QmnJ
A3410200,A341020001,2007-05-10,3240.0,2026-06-02T08:08:12Z,16,Donnée validée,10,Expertisée,20,Bonne,7.332793134,48.728811149,QmnJ
A3410200,A341020001,2007-05-11,3384.0,2026-06-02T08:08:12Z,16,Donnée validée,10,Expertisée,20,Bonne,7.332793134,48.728811149,QmnJ
A3410200,A341020001,2007-05-12,2787.0,2026-06-02T08:08:12Z,16,Donnée validée,10,Expertisée,20,Bonne,7.332793134,48.728811149,QmnJ
A3410200,A341020001,2007-05-13,2632.0,2026-06-02T08:08:12Z,16,Donnée validée,10,Expertisée,20,Bonne,7.332793134,48.728811149,QmnJ
A3410200,A341020001,2007-05-14,3105.0,2026-06-02T08:08:12Z,16,Donnée validée,10,Expertisée,20,Bonne,7.332793134,48.728811149,QmnJ
A3410200,A341020001,2007-05-15,3288.0,2026-06-02T08:08:12Z,16,Donnée validée,10,Expertisée,20,Bonne,7.332793134,48.728811149,QmnJ
A3410200,A341020001,2007-05-16,2790.0,2026-06-02T08:08:12Z,16,Donnée validée,10,Expertisée,20,Bonne,7.332793134,48.728811149,QmnJ
A3410200,A341020001,2007-05-17,3401.0,2026-06-02T08:08:12Z,16,Donnée validée,10,Expertisée,20,Bonne,7.332793134,48.728811149,QmnJ
A3410200,A341020001,2007-05-18,3183.0,2026-06-02T08:08:12Z,16,Donnée validée,10,Expertisée,20,Bonne,7.332793134,48.728811149,QmnJ
A3410200,A341020001,2007-05-19,3144.0,2026-06-02T08:08:12Z,16,Donnée validée,10,Expertisée,20,Bonne,7.332793134,48.728811149,QmnJ
A3410200,A341020001,2007-05-20,2887.0,2026-06-02T08:08:12Z,16,Donnée validée,10,Expertisée,20,Bonne,7.332793134,48.728811149,QmnJ
A3410200,A341020001,2007-05-21,2659.0,2026-06-02T08:08:12Z,16,Donnée validée,10,Expertisée,20,Bonne,7.332793134,48.728811149,QmnJ
A3410200,A341020001,2007-05-22,2408.0,2026-06-02T08:08:12Z,16,Donnée validée,10,Expertisée,20,Bonne,7.332793134,48.728811149,QmnJ
A3410200,A341020001,2007-05-23,2333.0,2026-06-02T08:08:12Z,16,Donnée validée,10,Expertisée,20,Bonne,7.332793134,48.728811149,QmnJ
A3410200,A341020001,2007-05-24,2244.0,2026-06-02T08:08:12Z,16,Donnée validée,10,Expertisée,20,Bonne,7.332793134,48.728811149,QmnJ
A3410200,A341020001,2007-05-25,2227.0,2026-06-02T08:08:12Z,16,Donnée validée,10,Expertisée,20,Bonne,7.332793134,48.728811149,QmnJ
A3410200,A341020001,2007-05-26,2240.0,2026-06-02T08:08:12Z,16,Donnée validée,10,Expertisée,20,Bonne,7.332793134,48.728811149,QmnJ
A3410200,A341020001,2007-05-27,2308.0,2026-06-02T08:08:12Z,16,Donnée validée,10,Expertisée,20,Bonne,7.332793134,48.728811149,QmnJ
A3410200,A341020001,2007-05-28,2315.0,2026-06-02T08:08:12Z,16,Donnée validée,10,Expertisée,20,Bonne,7.332793134,48.728811149,QmnJ
A3410200,A341020001,2007-05-29,2323.0,2026-06-02T08:08:12Z,16,Donnée validée,10,Expertisée,20,Bonne,7.332793134,48.728811149,QmnJ
A3410200,A341020001,2007-05-30,2065.0,2026-06-02T08:08:12Z,16,Donnée validée,10,Expertisée,20,Bonne,7.332793134,48.728811149,QmnJ
A3410200,A341020001,2007-05-31,1966.0,2026-06-02T08:08:12Z,16,Donnée validée,10,Expertisée,20,Bonne,7.332793134,48.728811149,QmnJ
A3410200,A341020001,2007-06-01,3586.0,2026-06-02T08:08:12Z,16,Donnée validée,10,Expertisée,20,Bonne,7.332793134,48.728811149,QmnJ
A3410200,A341020001,2007-06-02,2411.0,2026-06-02T08:08:12Z,16,Donnée validée,10,Expertisée,20,Bonne,7.332793134,48.728811149,QmnJ
A3410200,A341020001,2007-06-03,1958.0,2026-06-02T08:08:12Z,16,Donnée validée,10,Expertisée,20,Bonne,7.332793134,48.728811149,QmnJ
A3410200,A341020001,2007-06-04,1877.0,2026-06-02T08:08:12Z,16,Donnée validée,10,Expertisée,20,Bonne,7.332793134,48.728811149,QmnJ
A3410200,A341020001,2007-06-05,1941.0,2026-06-02T08:08:12Z,16,Donnée validée,10,Expertisée,20,Bonne,7.332793134,48.728811149,QmnJ
A3410200,A341020001,2007-06-06,2015.0,2026-06-02T08:08:12Z,16,Donnée validée,10,Expertisée,20,Bonne,7.332793134,48.728811149,QmnJ
A3410200,A341020001,2007-06-07,2278.0,2026-06-02T08:08:12Z,16,Donnée validée,10,Expertisée,20,Bonne,7.332793134,48.728811149,QmnJ
A3410200,A341020001,2007-06-08,2171.0,2026-06-02T08:08:12Z,16,Donnée validée,10,Expertisée,20,Bonne,7.332793134,48.728811149,QmnJ
A3410200,A341020001,2007-06-09,1875.0,2026-06-02T08:08:12Z,16,Donnée validée,10,Expertisée,20,Bonne,7.332793134,48.728811149,QmnJ
A3410200,A341020001,2007-06-10,1679.0,2026-06-02T08:08:12Z,16,Donnée validée,10,Expertisée,20,Bonne,7.332793134,48.728811149,QmnJ
A3410200,A341020001,2007-06-11,1843.0,2026-06-02T08:08:12Z,16,Donnée validée,10,Expertisée,20,Bonne,7.332793134,48.728811149,QmnJ
A3410200,A341020001,2007-06-12,2224.0,2026-06-02T08:08:12Z,16,Donnée validée,10,Expertisée,20,Bonne,7.332793134,48.728811149,QmnJ
A3410200,A341020001,2007-06-13,1882.0,2026-06-02T08:08:12Z,16,Donnée validée,10,Expertisée,20,Bonne,7.332793134,48.728811149,QmnJ
A3410200,A341020001,2007-06-14,1991.0,2026-06-02T08:08:12Z,16,Donnée validée,10,Expertisée,20,Bonne,7.332793134,48.728811149,QmnJ
A3410200,A341020001,2007-06-15,1879.0,2026-06-02T08:08:12Z,16,Donnée validée,10,Expertisée,20,Bonne,7.332793134,48.728811149,QmnJ
A3410200,A341020001,2007-06-16,1626.0,2026-06-02T08:08:12Z,16,Donnée validée,10,Expertisée,20,Bonne,7.332793134,48.728811149,QmnJ
A3410200,A341020001,2007-06-17,1669.0,2026-06-02T08:08:12Z,16,Donnée validée,10,Expertisée,20,Bonne,7.332793134,48.728811149,QmnJ
A3410200,A341020001,2007-06-18,2095.0,2026-06-02T08:08:12Z,16,Donnée validée,10,Expertisée,20,Bonne,7.332793134,48.728811149,QmnJ
A3410200,A341020001,2007-06-19,1584.0,2026-06-02T08:08:12Z,16,Donnée validée,10,Expertisée,20,Bonne,7.332793134,48.728811149,QmnJ
A3410200,A341020001,2007-06-20,1430.0,2026-06-02T08:08:12Z,16,Donnée validée,10,Expertisée,20,Bonne,7.332793134,48.728811149,QmnJ
A3410200,A341020001,2007-06-21,1447.0,2026-06-02T08:08:12Z,16,Donnée validée,10,Expertisée,20,Bonne,7.332793134,48.728811149,QmnJ
A3410200,A341020001,2007-06-22,1529.0,2026-06-02T08:08:12Z,16,Donnée validée,10,Expertisée,20,Bonne,7.332793134,48.728811149,QmnJ
A3410200,A341020001,2007-06-23,1776.0,2026-06-02T08:08:12Z,16,Donnée validée,10,Expertisée,20,Bonne,7.332793134,48.728811149,QmnJ
A3410200,A341020001,2007-06-24,1712.0,2026-06-02T08:08:12Z,16,Donnée validée,10,Expertisée,20,Bonne,7.332793134,48.728811149,QmnJ
A3410200,A341020001,2007-06-25,1664.0,2026-06-02T08:08:12Z,16,Donnée validée,10,Expertisée,20,Bonne,7.332793134,48.728811149,QmnJ
A3410200,A341020001,2007-06-26,1671.0,2026-06-02T08:08:12Z,16,Donnée validée,10,Expertisée,20,Bonne,7.332793134,48.728811149,QmnJ
A3410200,A341020001,2007-06-27,1666.0,2026-06-02T08:08:12Z,16,Donnée validée,10,Expertisée,20,Bonne,7.332793134,48.728811149,QmnJ
A3410200,A341020001,2007-06-28,1617.0,2026-06-02T08:08:12Z,16,Donnée validée,10,Expertisée,20,Bonne,7.332793134,48.728811149,QmnJ
A3410200,A341020001,2007-06-29,1537.0,2026-06-02T08:08:12Z,16,Donnée validée,10,Expertisée,20,Bonne,7.332793134,48.728811149,QmnJ
A3410200,A341020001,2007-06-30,1513.0,2026-06-02T08:08:12Z,16,Donnée validée,10,Expertisée,20,Bonne,7.332793134,48.728811149,QmnJ
A3410200,A341020001,2007-07-01,1459.0,2026-06-02T08:08:12Z,16,Donnée validée,10,Expertisée,20,Bonne,7.332793134,48.728811149,QmnJ
A3410200,A341020001,2007-07-02,2371.0,2026-06-02T08:08:12Z,16,Donnée validée,10,Expertisée,20,Bonne,7.332793134,48.728811149,QmnJ
A3410200,A341020001,2007-07-03,1854.0,2026-06-02T08:08:12Z,16,Donnée validée,10,Expertisée,20,Bonne,7.332793134,48.728811149,QmnJ
A3410200,A341020001,2007-07-04,2701.0,2026-06-02T08:08:12Z,16,Donnée validée,10,Expertisée,20,Bonne,7.332793134,48.728811149,QmnJ
A3410200,A341020001,2007-07-05,2938.0,2026-06-02T08:08:12Z,16,Donnée validée,10,Expertisée,20,Bonne,7.332793134,48.728811149,QmnJ
A3410200,A341020001,2007-07-06,3053.0,2026-06-02T08:08:12Z,16,Donnée validée,10,Expertisée,20,Bonne,7.332793134,48.728811149,QmnJ
A3410200,A341020001,2007-07-07,2383.0,2026-06-02T08:08:12Z,16,Donnée validée,10,Expertisée,20,Bonne,7.332793134,48.728811149,QmnJ
A3410200,A341020001,2007-07-08,2729.0,2026-06-02T08:08:12Z,16,Donnée validée,10,Expertisée,20,Bonne,7.332793134,48.728811149,QmnJ
A3410200,A341020001,2007-07-09,6326.0,2026-06-02T08:08:12Z,16,Donnée validée,10,Expertisée,20,Bonne,7.332793134,48.728811149,QmnJ
A3410200,A341020001,2007-07-10,4466.0,2026-06-02T08:08:12Z,16,Donnée validée,10,Expertisée,20,Bonne,7.332793134,48.728811149,QmnJ
A3410200,A341020001,2007-07-11,3265.0,2026-06-02T08:08:12Z,16,Donnée validée,10,Expertisée,20,Bonne,7.332793134,48.728811149,QmnJ
A3410200,A341020001,2007-07-12,2909.0,2026-06-02T08:08:12Z,16,Donnée validée,10,Expertisée,20,Bonne,7.332793134,48.728811149,QmnJ
A3410200,A341020001,2007-07-13,2472.0,2026-06-02T08:08:12Z,16,Donnée validée,10,Expertisée,20,Bonne,7.332793134,48.728811149,QmnJ
A3410200,A341020001,2007-07-14,2341.0,2026-06-02T08:08:12Z,16,Donnée validée,10,Expertisée,20,Bonne,7.332793134,48.728811149,QmnJ
A3410200,A341020001,2007-07-15,2443.0,2026-06-02T08:08:12Z,16,Donnée validée,10,Expertisée,20,Bonne,7.332793134,48.728811149,QmnJ
A3410200,A341020001,2007-07-16,2268.0,2026-06-02T08:08:12Z,16,Donnée validée,10,Expertisée,20,Bonne,7.332793134,48.728811149,QmnJ
A3410200,A341020001,2007-07-17,2320.0,2026-06-02T08:08:12Z,16,Donnée validée,10,Expertisée,20,Bonne,7.332793134,48.728811149,QmnJ
A3410200,A341020001,2007-07-18,2071.0,2026-06-02T08:08:12Z,16,Donnée validée,10,Expertisée,20,Bonne,7.332793134,48.728811149,QmnJ
A3410200,A341020001,2007-07-19,3011.0,2026-06-02T08:08:12Z,16,Donnée validée,10,Expertisée,20,Bonne,7.332793134,48.728811149,QmnJ
A3410200,A341020001,2007-07-20,2775.0,2026-06-02T08:08:12Z,16,Donnée validée,10,Expertisée,20,Bonne,7.332793134,48.728811149,QmnJ
A3410200,A341020001,2007-07-21,2439.0,2026-06-02T08:08:12Z,16,Donnée validée,10,Expertisée,20,Bonne,7.332793134,48.728811149,QmnJ
A3410200,A341020001,2007-07-22,2299.0,2026-06-02T08:08:12Z,16,Donnée validée,10,Expertisée,20,Bonne,7.332793134,48.728811149,QmnJ
A3410200,A341020001,2007-07-23,2278.0,2026-06-02T08:08:12Z,16,Donnée validée,10,Expertisée,20,Bonne,7.332793134,48.728811149,QmnJ
A3410200,A341020001,2007-07-24,2363.0,2026-06-02T08:08:12Z,16,Donnée validée,10,Expertisée,20,Bonne,7.332793134,48.728811149,QmnJ
A3410200,A341020001,2007-07-25,2018.0,2026-06-02T08:08:12Z,16,Donnée validée,10,Expertisée,20,Bonne,7.332793134,48.728811149,QmnJ
A3410200,A341020001,2007-07-26,1747.0,2026-06-02T08:08:12Z,16,Donnée validée,10,Expertisée,20,Bonne,7.332793134,48.728811149,QmnJ
A3410200,A341020001,2007-07-27,1694.0,2026-06-02T08:08:12Z,16,Donnée validée,10,Expertisée,20,Bonne,7.332793134,48.728811149,QmnJ
A3410200,A341020001,2007-07-28,1676.0,2026-06-02T08:08:12Z,16,Donnée validée,10,Expertisée,20,Bonne,7.332793134,48.728811149,QmnJ
A3410200,A341020001,2007-07-29,2113.0,2026-06-02T08:08:12Z,16,Donnée validée,10,Expertisée,20,Bonne,7.332793134,48.728811149,QmnJ
A3410200,A341020001,2007-07-30,1959.0,2026-06-02T08:08:12Z,16,Donnée validée,10,Expertisée,20,Bonne,7.332793134,48.728811149,QmnJ
A3410200,A341020001,2007-07-31,1489.0,2026-06-02T08:08:12Z,16,Donnée validée,10,Expertisée,20,Bonne,7.332793134,48.728811149,QmnJ
A3410200,A341020001,2007-08-01,1346.0,2026-06-02T08:08:12Z,16,Donnée validée,10,Expertisée,20,Bonne,7.332793134,48.728811149,QmnJ
A3410200,A341020001,2007-08-02,1595.0,2026-06-02T08:08:12Z,16,Donnée validée,10,Expertisée,20,Bonne,7.332793134,48.728811149,QmnJ
A3410200,A341020001,2007-08-03,1653.0,2026-06-02T08:08:12Z,16,Donnée validée,10,Expertisée,20,Bonne,7.332793134,48.728811149,QmnJ
A3410200,A341020001,2007-08-04,1283.0,2026-06-02T08:08:12Z,16,Donnée validée,10,Expertisée,20,Bonne,7.332793134,48.728811149,QmnJ
A3410200,A341020001,2007-08-05,1334.0,2026-06-02T08:08:12Z,16,Donnée validée,10,Expertisée,20,Bonne,7.332793134,48.728811149,QmnJ
A3410200,A341020001,2007-08-06,1401.0,2026-06-02T08:08:12Z,16,Donnée validée,10,Expertisée,20,Bonne,7.332793134,48.728811149,QmnJ
A3410200,A341020001,2007-08-07,2184.0,2026-06-02T08:08:12Z,16,Donnée validée,10,Expertisée,20,Bonne,7.332793134,48.728811149,QmnJ
A3410200,A341020001,2007-08-08,2019.0,2026-06-02T08:08:12Z,16,Donnée validée,10,Expertisée,20,Bonne,7.332793134,48.728811149,QmnJ
A3410200,A341020001,2007-08-09,7879.0,2026-06-02T08:08:12Z,16,Donnée validée,10,Expertisée,20,Bonne,7.332793134,48.728811149,QmnJ
A3410200,A341020001,2007-08-10,5262.0,2026-06-02T08:08:12Z,16,Donnée validée,10,Expertisée,20,Bonne,7.332793134,48.728811149,QmnJ
A3410200,A341020001,2007-08-11,4204.0,2026-06-02T08:08:12Z,16,Donnée validée,10,Expertisée,20,Bonne,7.332793134,48.728811149,QmnJ
A3410200,A341020001,2007-08-12,3544.0,2026-06-02T08:08:12Z,16,Donnée validée,10,Expertisée,20,Bonne,7.332793134,48.728811149,QmnJ
A3410200,A341020001,2007-08-13,4509.0,2026-06-02T08:08:12Z,16,Donnée validée,10,Expertisée,20,Bonne,7.332793134,48.728811149,QmnJ
A3410200,A341020001,2007-08-14,3606.0,2026-06-02T08:08:12Z,16,Donnée validée,10,Expertisée,20,Bonne,7.332793134,48.728811149,QmnJ
A3410200,A341020001,2007-08-15,3440.0,2026-06-02T08:08:12Z,16,Donnée validée,10,Expertisée,20,Bonne,7.332793134,48.728811149,QmnJ
A3410200,A341020001,2007-08-16,4256.0,2026-06-02T08:08:12Z,16,Donnée validée,10,Expertisée,20,Bonne,7.332793134,48.728811149,QmnJ
A3410200,A341020001,2007-08-17,3164.0,2026-06-02T08:08:12Z,16,Donnée validée,10,Expertisée,20,Bonne,7.332793134,48.728811149,QmnJ
A3410200,A341020001,2007-08-18,2979.0,2026-06-02T08:08:12Z,16,Donnée validée,10,Expertisée,20,Bonne,7.332793134,48.728811149,QmnJ
A3410200,A341020001,2007-08-19,2889.0,2026-06-02T08:08:12Z,16,Donnée validée,10,Expertisée,20,Bonne,7.332793134,48.728811149,QmnJ
A3410200,A341020001,2007-08-20,2699.0,2026-06-02T08:08:12Z,16,Donnée validée,10,Expertisée,20,Bonne,7.332793134,48.728811149,QmnJ
A3410200,A341020001,2007-08-21,3505.0,2026-06-02T08:08:12Z,16,Donnée validée,10,Expertisée,20,Bonne,7.332793134,48.728811149,QmnJ
A3410200,A341020001,2007-08-22,3930.0,2026-06-02T08:08:12Z,16,Donnée validée,10,Expertisée,20,Bonne,7.332793134,48.728811149,QmnJ
A3410200,A341020001,2007-08-23,2785.0,2026-06-02T08:08:12Z,16,Donnée validée,10,Expertisée,20,Bonne,7.332793134,48.728811149,QmnJ
A3410200,A341020001,2007-08-24,2538.0,2026-06-02T08:08:12Z,16,Donnée validée,10,Expertisée,20,Bonne,7.332793134,48.728811149,QmnJ
A3410200,A341020001,2007-08-25,2296.0,2026-06-02T08:08:12Z,16,Donnée validée,10,Expertisée,20,Bonne,7.332793134,48.728811149,QmnJ
A3410200,A341020001,2007-08-26,1979.0,2026-06-02T08:08:12Z,16,Donnée validée,10,Expertisée,20,Bonne,7.332793134,48.728811149,QmnJ
A3410200,A341020001,2007-08-27,2028.0,2026-06-02T08:08:12Z,16,Donnée validée,10,Expertisée,20,Bonne,7.332793134,48.728811149,QmnJ
A3410200,A341020001,2007-08-28,1997.0,2026-06-02T08:08:12Z,16,Donnée validée,10,Expertisée,20,Bonne,7.332793134,48.728811149,QmnJ
A3410200,A341020001,2007-08-29,2098.0,2026-06-02T08:08:12Z,16,Donnée validée,10,Expertisée,20,Bonne,7.332793134,48.728811149,QmnJ
A3410200,A341020001,2007-08-30,1906.0,2026-06-02T08:08:12Z,16,Donnée validée,10,Expertisée,20,Bonne,7.332793134,48.728811149,QmnJ
A3410200,A341020001,2007-08-31,1881.0,2026-06-02T08:08:12Z,16,Donnée validée,10,Expertisée,20,Bonne,7.332793134,48.728811149,QmnJ
A3410200,A341020001,2007-09-01,1846.0,2026-06-02T08:08:12Z,16,Donnée validée,10,Expertisée,20,Bonne,7.332793134,48.728811149,QmnJ
A3410200,A341020001,2007-09-02,1890.0,2026-06-02T08:08:12Z,16,Donnée validée,10,Expertisée,20,Bonne,7.332793134,48.728811149,QmnJ
A3410200,A341020001,2007-09-03,2322.0,2026-06-02T08:08:12Z,16,Donnée validée,10,Expertisée,20,Bonne,7.332793134,48.728811149,QmnJ
A3410200,A341020001,2007-09-04,2280.0,2026-06-02T08:08:12Z,16,Donnée validée,10,Expertisée,20,Bonne,7.332793134,48.728811149,QmnJ
A3410200,A341020001,2007-09-05,2005.0,2026-06-02T08:08:12Z,16,Donnée validée,10,Expertisée,20,Bonne,7.332793134,48.728811149,QmnJ
A3410200,A341020001,2007-09-06,1759.0,2026-06-02T08:08:12Z,16,Donnée validée,10,Expertisée,20,Bonne,7.332793134,48.728811149,QmnJ
A3410200,A341020001,2007-09-07,1584.0,2026-06-02T08:08:12Z,16,Donnée validée,10,Expertisée,20,Bonne,7.332793134,48.728811149,QmnJ
A3410200,A341020001,2007-09-08,1578.0,2026-06-02T08:08:12Z,16,Donnée validée,10,Expertisée,20,Bonne,7.332793134,48.728811149,QmnJ
A3410200,A341020001,2007-09-09,1502.0,2026-06-02T08:08:12Z,16,Donnée validée,10,Expertisée,20,Bonne,7.332793134,48.728811149,QmnJ
A3410200,A341020001,2007-09-10,1470.0,2026-06-02T08:08:12Z,16,Donnée validée,10,Expertisée,20,Bonne,7.332793134,48.728811149,QmnJ
A3410200,A341020001,2007-09-11,1603.0,2026-06-02T08:08:12Z,16,Donnée validée,10,Expertisée,20,Bonne,7.332793134,48.728811149,QmnJ
A3410200,A341020001,2007-09-12,1473.0,2026-06-02T08:08:12Z,16,Donnée validée,10,Expertisée,20,Bonne,7.332793134,48.728811149,QmnJ
A3410200,A341020001,2007-09-13,1364.0,2026-06-02T08:08:12Z,16,Donnée validée,10,Expertisée,20,Bonne,7.332793134,48.728811149,QmnJ
A3410200,A341020001,2007-09-14,1443.0,2026-06-02T08:08:12Z,16,Donnée validée,10,Expertisée,20,Bonne,7.332793134,48.728811149,QmnJ
A3410200,A341020001,2007-09-15,1395.0,2026-06-02T08:08:12Z,16,Donnée validée,10,Expertisée,20,Bonne,7.332793134,48.728811149,QmnJ
A3410200,A341020001,2007-09-16,1244.0,2026-06-02T08:08:12Z,16,Donnée validée,10,Expertisée,20,Bonne,7.332793134,48.728811149,QmnJ
A3410200,A341020001,2007-09-17,1394.0,2026-06-02T08:08:12Z,16,Donnée validée,10,Expertisée,20,Bonne,7.332793134,48.728811149,QmnJ
A3410200,A341020001,2007-09-18,1976.0,2026-06-02T08:08:12Z,16,Donnée validée,10,Expertisée,20,Bonne,7.332793134,48.728811149,QmnJ
A3410200,A341020001,2007-09-19,1369.0,2026-06-02T08:08:12Z,16,Donnée validée,10,Expertisée,20,Bonne,7.332793134,48.728811149,QmnJ
A3410200,A341020001,2007-09-20,1252.0,2026-06-02T08:08:12Z,16,Donnée validée,10,Expertisée,20,Bonne,7.332793134,48.728811149,QmnJ
A3410200,A341020001,2007-09-21,1215.0,2026-06-02T08:08:12Z,16,Donnée validée,10,Expertisée,20,Bonne,7.332793134,48.728811149,QmnJ
A3410200,A341020001,2007-09-22,1279.0,2026-06-02T08:08:12Z,16,Donnée validée,10,Expertisée,20,Bonne,7.332793134,48.728811149,QmnJ
A3410200,A341020001,2007-09-23,1196.0,2026-06-02T08:08:12Z,16,Donnée validée,10,Expertisée,20,Bonne,7.332793134,48.728811149,QmnJ
A3410200,A341020001,2007-09-24,1160.0,2026-06-02T08:08:12Z,16,Donnée validée,10,Expertisée,20,Bonne,7.332793134,48.728811149,QmnJ
A3410200,A341020001,2007-09-25,1239.0,2026-06-02T08:08:12Z,16,Donnée validée,10,Expertisée,20,Bonne,7.332793134,48.728811149,QmnJ
A3410200,A341020001,2007-09-26,1087.0,2026-06-02T08:08:12Z,16,Donnée validée,10,Expertisée,20,Bonne,7.332793134,48.728811149,QmnJ
A3410200,A341020001,2007-09-27,2411.0,2026-06-02T08:08:12Z,16,Donnée validée,10,Expertisée,20,Bonne,7.332793134,48.728811149,QmnJ
A3410200,A341020001,2007-09-28,1882.0,2026-06-02T08:08:12Z,16,Donnée validée,10,Expertisée,20,Bonne,7.332793134,48.728811149,QmnJ
A3410200,A341020001,2007-09-29,1495.0,2026-06-02T08:08:12Z,16,Donnée validée,10,Expertisée,20,Bonne,7.332793134,48.728811149,QmnJ
A3410200,A341020001,2007-09-30,1444.0,2026-06-02T08:08:12Z,16,Donnée validée,10,Expertisée,20,Bonne,7.332793134,48.728811149,QmnJ
A3410200,A341020001,2007-10-01,1382.0,2026-06-02T08:08:12Z,16,Donnée validée,10,Expertisée,20,Bonne,7.332793134,48.728811149,QmnJ
A3410200,A341020001,2007-10-02,1476.0,2026-06-02T08:08:12Z,16,Donnée validée,10,Expertisée,20,Bonne,7.332793134,48.728811149,QmnJ
A3410200,A341020001,2007-10-03,1486.0,2026-06-02T08:08:12Z,16,Donnée validée,10,Expertisée,20,Bonne,7.332793134,48.728811149,QmnJ
A3410200,A341020001,2007-10-04,1440.0,2026-06-02T08:08:12Z,16,Donnée validée,10,Expertisée,20,Bonne,7.332793134,48.728811149,QmnJ
A3410200,A341020001,2007-10-05,1347.0,2026-06-02T08:08:12Z,16,Donnée validée,10,Expertisée,20,Bonne,7.332793134,48.728811149,QmnJ
A3410200,A341020001,2007-10-06,1318.0,2026-06-02T08:08:12Z,16,Donnée validée,10,Expertisée,20,Bonne,7.332793134,48.728811149,QmnJ
A3410200,A341020001,2007-10-07,1324.0,2026-06-02T08:08:12Z,16,Donnée validée,10,Expertisée,20,Bonne,7.332793134,48.728811149,QmnJ
A3410200,A341020001,2007-10-08,1370.0,2026-06-02T08:08:12Z,16,Donnée validée,10,Expertisée,20,Bonne,7.332793134,48.728811149,QmnJ
A3410200,A341020001,2007-10-09,1258.0,2026-06-02T08:08:12Z,16,Donnée validée,10,Expertisée,20,Bonne,7.332793134,48.728811149,QmnJ
A3410200,A341020001,2007-10-10,1243.0,2026-06-02T08:08:12Z,16,Donnée validée,10,Expertisée,20,Bonne,7.332793134,48.728811149,QmnJ
A3410200,A341020001,2007-10-11,1171.0,2026-06-02T08:08:12Z,16,Donnée validée,10,Expertisée,20,Bonne,7.332793134,48.728811149,QmnJ
A3410200,A341020001,2007-10-12,1117.0,2026-06-02T08:08:12Z,16,Donnée validée,10,Expertisée,20,Bonne,7.332793134,48.728811149,QmnJ
A3410200,A341020001,2007-10-13,1124.0,2026-06-02T08:08:12Z,16,Donnée validée,10,Expertisée,20,Bonne,7.332793134,48.728811149,QmnJ
A3410200,A341020001,2007-10-14,1093.0,2026-06-02T08:08:12Z,16,Donnée validée,10,Expertisée,20,Bonne,7.332793134,48.728811149,QmnJ
A3410200,A341020001,2007-10-15,1226.0,2026-06-02T08:08:12Z,16,Donnée validée,10,Expertisée,20,Bonne,7.332793134,48.728811149,QmnJ
A3410200,A341020001,2007-10-16,1183.0,2026-06-02T08:08:12Z,16,Donnée validée,10,Expertisée,20,Bonne,7.332793134,48.728811149,QmnJ
A3410200,A341020001,2007-10-17,1179.0,2026-06-02T08:08:12Z,16,Donnée validée,10,Expertisée,20,Bonne,7.332793134,48.728811149,QmnJ
A3410200,A341020001,2007-10-18,1133.0,2026-06-02T08:08:12Z,16,Donnée validée,10,Expertisée,20,Bonne,7.332793134,48.728811149,QmnJ
A3410200,A341020001,2007-10-19,1036.0,2026-06-02T08:08:12Z,16,Donnée validée,10,Expertisée,20,Bonne,7.332793134,48.728811149,QmnJ
A3410200,A341020001,2007-10-20,1129.0,2026-06-02T08:08:12Z,16,Donnée validée,10,Expertisée,20,Bonne,7.332793134,48.728811149,QmnJ
A3410200,A341020001,2007-10-21,1102.0,2026-06-02T08:08:12Z,16,Donnée validée,10,Expertisée,20,Bonne,7.332793134,48.728811149,QmnJ
A3410200,A341020001,2007-10-22,1123.0,2026-06-02T08:08:12Z,16,Donnée validée,10,Expertisée,20,Bonne,7.332793134,48.728811149,QmnJ
A3410200,A341020001,2007-10-23,1180.0,2026-06-02T08:08:12Z,16,Donnée validée,10,Expertisée,20,Bonne,7.332793134,48.728811149,QmnJ
A3410200,A341020001,2007-10-24,1036.0,2026-06-02T08:08:12Z,16,Donnée validée,10,Expertisée,20,Bonne,7.332793134,48.728811149,QmnJ
A3410200,A341020001,2007-10-25,1131.0,2026-06-02T08:08:12Z,16,Donnée validée,10,Expertisée,20,Bonne,7.332793134,48.728811149,QmnJ
A3410200,A341020001,2007-10-26,1252.0,2026-06-02T08:08:12Z,16,Donnée validée,10,Expertisée,20,Bonne,7.332793134,48.728811149,QmnJ
A3410200,A341020001,2007-10-27,1219.0,2026-06-02T08:08:12Z,16,Donnée validée,10,Expertisée,20,Bonne,7.332793134,48.728811149,QmnJ
A3410200,A341020001,2007-10-28,1144.0,2026-06-02T08:08:12Z,16,Donnée validée,10,Expertisée,20,Bonne,7.332793134,48.728811149,QmnJ
A3410200,A341020001,2007-10-29,1163.0,2026-06-02T08:08:12Z,16,Donnée validée,10,Expertisée,20,Bonne,7.332793134,48.728811149,QmnJ
A3410200,A341020001,2007-10-30,1254.0,2026-06-02T08:08:12Z,16,Donnée validée,10,Expertisée,20,Bonne,7.332793134,48.728811149,QmnJ
A3410200,A341020001,2007-10-31,1001.0,2026-06-02T08:08:12Z,16,Donnée validée,10,Expertisée,20,Bonne,7.332793134,48.728811149,QmnJ
A3410200,A341020001,2007-11-01,956.0,2026-06-02T08:08:12Z,16,Donnée validée,10,Expertisée,20,Bonne,7.332793134,48.728811149,QmnJ
A3410200,A341020001,2007-11-02,966.0,2026-06-02T08:08:12Z,16,Donnée validée,10,Expertisée,20,Bonne,7.332793134,48.728811149,QmnJ
A3410200,A341020001,2007-11-03,944.0,2026-06-02T08:08:12Z,16,Donnée validée,10,Expertisée,20,Bonne,7.332793134,48.728811149,QmnJ
A3410200,A341020001,2007-11-04,975.0,2026-06-02T08:08:12Z,16,Donnée validée,10,Expertisée,20,Bonne,7.332793134,48.728811149,QmnJ
A3410200,A341020001,2007-11-05,970.0,2026-06-02T08:08:12Z,16,Donnée validée,10,Expertisée,20,Bonne,7.332793134,48.728811149,QmnJ
A3410200,A341020001,2007-11-06,1060.0,2026-06-02T08:08:12Z,16,Donnée validée,10,Expertisée,20,Bonne,7.332793134,48.728811149,QmnJ
A3410200,A341020001,2007-11-07,1078.0,2026-06-02T08:08:12Z,16,Donnée validée,10,Expertisée,20,Bonne,7.332793134,48.728811149,QmnJ
A3410200,A341020001,2007-11-08,1089.0,2026-06-02T08:08:12Z,16,Donnée validée,10,Expertisée,20,Bonne,7.332793134,48.728811149,QmnJ
A3410200,A341020001,2007-11-09,1388.0,2026-06-02T08:08:12Z,16,Donnée validée,10,Expertisée,20,Bonne,7.332793134,48.728811149,QmnJ
A3410200,A341020001,2007-11-10,1155.0,2026-06-02T08:08:12Z,16,Donnée validée,10,Expertisée,20,Bonne,7.332793134,48.728811149,QmnJ
A3410200,A341020001,2007-11-11,1683.0,2026-06-02T08:08:12Z,16,Donnée validée,10,Expertisée,20,Bonne,7.332793134,48.728811149,QmnJ
A3410200,A341020001,2007-11-12,1465.0,2026-06-02T08:08:12Z,16,Donnée validée,10,Expertisée,20,Bonne,7.332793134,48.728811149,QmnJ
A3410200,A341020001,2007-11-13,1179.0,2026-06-02T08:08:12Z,16,Donnée validée,10,Expertisée,20,Bonne,7.332793134,48.728811149,QmnJ
A3410200,A341020001,2007-11-14,1594.0,2026-06-02T08:08:12Z,16,Donnée validée,10,Expertisée,20,Bonne,7.332793134,48.728811149,QmnJ
A3410200,A341020001,2007-11-15,1359.0,2026-06-02T08:08:12Z,16,Donnée validée,10,Expertisée,20,Bonne,7.332793134,48.728811149,QmnJ
A3410200,A341020001,2007-11-16,1135.0,2026-06-02T08:08:12Z,16,Donnée validée,10,Expertisée,20,Bonne,7.332793134,48.728811149,QmnJ
A3410200,A341020001,2007-11-17,1068.0,2026-06-02T08:08:12Z,16,Donnée validée,10,Expertisée,20,Bonne,7.332793134,48.728811149,QmnJ
A3410200,A341020001,2007-11-18,1068.0,2026-06-02T08:08:12Z,16,Donnée validée,10,Expertisée,20,Bonne,7.332793134,48.728811149,QmnJ
A3410200,A341020001,2007-11-19,1117.0,2026-06-02T08:08:12Z,16,Donnée validée,10,Expertisée,20,Bonne,7.332793134,48.728811149,QmnJ
A3410200,A341020001,2007-11-20,1084.0,2026-06-02T08:08:12Z,16,Donnée validée,10,Expertisée,20,Bonne,7.332793134,48.728811149,QmnJ
A3410200,A341020001,2007-11-21,1143.0,2026-06-02T08:08:12Z,16,Donnée validée,10,Expertisée,20,Bonne,7.332793134,48.728811149,QmnJ
A3410200,A341020001,2007-11-22,1197.0,2026-06-02T08:08:12Z,16,Donnée validée,10,Expertisée,20,Bonne,7.332793134,48.728811149,QmnJ
A3410200,A341020001,2007-11-23,2785.0,2026-06-02T08:08:12Z,16,Donnée validée,10,Expertisée,20,Bonne,7.332793134,48.728811149,QmnJ
A3410200,A341020001,2007-11-24,2486.0,2026-06-02T08:08:12Z,16,Donnée validée,10,Expertisée,20,Bonne,7.332793134,48.728811149,QmnJ
A3410200,A341020001,2007-11-25,1850.0,2026-06-02T08:08:12Z,16,Donnée validée,10,Expertisée,20,Bonne,7.332793134,48.728811149,QmnJ
A3410200,A341020001,2007-11-26,1649.0,2026-06-02T08:08:12Z,16,Donnée validée,10,Expertisée,20,Bonne,7.332793134,48.728811149,QmnJ
A3410200,A341020001,2007-11-27,1459.0,2026-06-02T08:08:12Z,16,Donnée validée,10,Expertisée,20,Bonne,7.332793134,48.728811149,QmnJ
A3410200,A341020001,2007-11-28,1351.0,2026-06-02T08:08:12Z,16,Donnée validée,10,Expertisée,20,Bonne,7.332793134,48.728811149,QmnJ
A3410200,A341020001,2007-11-29,1366.0,2026-06-02T08:08:12Z,16,Donnée validée,10,Expertisée,20,Bonne,7.332793134,48.728811149,QmnJ
A3410200,A341020001,2007-11-30,1510.0,2026-06-02T08:08:12Z,16,Donnée validée,10,Expertisée,20,Bonne,7.332793134,48.728811149,QmnJ
A3410200,A341020001,2007-12-01,1546.0,2026-06-02T08:08:12Z,16,Donnée validée,10,Expertisée,20,Bonne,7.332793134,48.728811149,QmnJ
A3410200,A341020001,2007-12-02,1705.0,2026-06-02T08:08:12Z,16,Donnée validée,10,Expertisée,20,Bonne,7.332793134,48.728811149,QmnJ
A3410200,A341020001,2007-12-03,5662.0,2026-06-02T08:08:12Z,16,Donnée validée,10,Expertisée,20,Bonne,7.332793134,48.728811149,QmnJ
A3410200,A341020001,2007-12-04,4416.0,2026-06-02T08:08:12Z,16,Donnée validée,10,Expertisée,20,Bonne,7.332793134,48.728811149,QmnJ
A3410200,A341020001,2007-12-05,3469.0,2026-06-02T08:08:12Z,16,Donnée validée,10,Expertisée,20,Bonne,7.332793134,48.728811149,QmnJ
A3410200,A341020001,2007-12-06,3758.0,2026-06-02T08:08:12Z,16,Donnée validée,10,Expertisée,20,Bonne,7.332793134,48.728811149,QmnJ
A3410200,A341020001,2007-12-07,5931.0,2026-06-02T08:08:12Z,16,Donnée validée,10,Expertisée,20,Bonne,7.332793134,48.728811149,QmnJ
A3410200,A341020001,2007-12-08,6305.0,2026-06-02T08:08:12Z,16,Donnée validée,10,Expertisée,20,Bonne,7.332793134,48.728811149,QmnJ
A3410200,A341020001,2007-12-09,5362.0,2026-06-02T08:08:12Z,16,Donnée validée,10,Expertisée,20,Bonne,7.332793134,48.728811149,QmnJ
A3410200,A341020001,2007-12-10,5652.0,2026-06-02T08:08:12Z,16,Donnée validée,10,Expertisée,20,Bonne,7.332793134,48.728811149,QmnJ
A3410200,A341020001,2007-12-11,4922.0,2026-06-02T08:08:12Z,16,Donnée validée,10,Expertisée,20,Bonne,7.332793134,48.728811149,QmnJ
A3410200,A341020001,2007-12-12,4431.0,2026-06-02T08:08:12Z,16,Donnée validée,10,Expertisée,20,Bonne,7.332793134,48.728811149,QmnJ
A3410200,A341020001,2007-12-13,3926.0,2026-06-02T08:08:12Z,16,Donnée validée,10,Expertisée,20,Bonne,7.332793134,48.728811149,QmnJ
A3410200,A341020001,2007-12-14,3442.0,2026-06-02T08:08:12Z,16,Donnée validée,10,Expertisée,20,Bonne,7.332793134,48.728811149,QmnJ
A3410200,A341020001,2007-12-15,3400.0,2026-06-02T08:08:12Z,16,Donnée validée,10,Expertisée,20,Bonne,7.332793134,48.728811149,QmnJ
A3410200,A341020001,2007-12-16,3193.0,2026-06-02T08:08:12Z,16,Donnée validée,10,Expertisée,20,Bonne,7.332793134,48.728811149,QmnJ
A3410200,A341020001,2007-12-17,2951.0,2026-06-02T08:08:12Z,16,Donnée validée,10,Expertisée,20,Bonne,7.332793134,48.728811149,QmnJ
A3410200,A341020001,2007-12-18,2456.0,2026-06-02T08:08:12Z,16,Donnée validée,10,Expertisée,20,Bonne,7.332793134,48.728811149,QmnJ
A3410200,A341020001,2007-12-19,2314.0,2026-06-02T08:08:12Z,16,Donnée validée,10,Expertisée,20,Bonne,7.332793134,48.728811149,QmnJ
A3410200,A341020001,2007-12-20,2145.0,2026-06-02T08:08:12Z,16,Donnée validée,10,Expertisée,20,Bonne,7.332793134,48.728811149,QmnJ
A3410200,A341020001,2007-12-21,2097.0,2026-06-02T08:08:12Z,16,Donnée validée,10,Expertisée,20,Bonne,7.332793134,48.728811149,QmnJ
A3410200,A341020001,2007-12-22,2060.0,2026-06-02T08:08:12Z,16,Donnée validée,10,Expertisée,20,Bonne,7.332793134,48.728811149,QmnJ
A3410200,A341020001,2007-12-23,1928.0,2026-06-02T08:08:12Z,16,Donnée validée,10,Expertisée,20,Bonne,7.332793134,48.728811149,QmnJ
A3410200,A341020001,2007-12-24,1854.0,2026-06-02T08:08:12Z,16,Donnée validée,10,Expertisée,20,Bonne,7.332793134,48.728811149,QmnJ
A3410200,A341020001,2007-12-25,1743.0,2026-06-02T08:08:12Z,16,Donnée validée,10,Expertisée,20,Bonne,7.332793134,48.728811149,QmnJ
A3410200,A341020001,2007-12-26,1763.0,2026-06-02T08:08:12Z,16,Donnée validée,10,Expertisée,20,Bonne,7.332793134,48.728811149,QmnJ
A3410200,A341020001,2007-12-27,1592.0,2026-06-02T08:08:12Z,16,Donnée validée,10,Expertisée,20,Bonne,7.332793134,48.728811149,QmnJ
A3410200,A341020001,2007-12-28,1453.0,2026-06-02T08:08:12Z,16,Donnée validée,10,Expertisée,20,Bonne,7.332793134,48.728811149,QmnJ
A3410200,A341020001,2007-12-29,1672.0,2026-06-02T08:08:12Z,16,Donnée validée,10,Expertisée,20,Bonne,7.332793134,48.728811149,QmnJ
A3410200,A341020001,2007-12-30,1816.0,2026-06-02T08:08:12Z,16,Donnée validée,10,Expertisée,20,Bonne,7.332793134,48.728811149,QmnJ
A3410200,A341020001,2007-12-31,1769.0,2026-06-02T08:08:12Z,16,Donnée validée,10,Expertisée,20,Bonne,7.332793134,48.728811149,QmnJ
A3410200,A341020001,2008-01-01,1731.0,2026-06-02T08:08:12Z,16,Donnée validée,10,Expertisée,20,Bonne,7.332793134,48.728811149,QmnJ
A3410200,A341020001,2008-01-02,1355.0,2026-06-02T08:08:12Z,16,Donnée validée,10,Expertisée,20,Bonne,7.332793134,48.728811149,QmnJ
A3410200,A341020001,2008-01-03,1470.0,2026-06-02T08:08:12Z,16,Donnée validée,10,Expertisée,20,Bonne,7.332793134,48.728811149,QmnJ
A3410200,A341020001,2008-01-04,1487.0,2026-06-02T08:08:12Z,16,Donnée validée,10,Expertisée,20,Bonne,7.332793134,48.728811149,QmnJ
A3410200,A341020001,2008-01-05,1940.0,2026-06-02T08:08:12Z,16,Donnée validée,10,Expertisée,20,Bonne,7.332793134,48.728811149,QmnJ
A3410200,A341020001,2008-01-06,2971.0,2026-06-02T08:08:12Z,16,Donnée validée,10,Expertisée,20,Bonne,7.332793134,48.728811149,QmnJ
A3410200,A341020001,2008-01-07,3706.0,2026-06-02T08:08:12Z,16,Donnée validée,10,Expertisée,20,Bonne,7.332793134,48.728811149,QmnJ
A3410200,A341020001,2008-01-08,2954.0,2026-06-02T08:08:12Z,16,Donnée validée,10,Expertisée,20,Bonne,7.332793134,48.728811149,QmnJ
A3410200,A341020001,2008-01-09,2420.0,2026-06-02T08:08:12Z,16,Donnée validée,10,Expertisée,20,Bonne,7.332793134,48.728811149,QmnJ
A3410200,A341020001,2008-01-10,2199.0,2026-06-02T08:08:12Z,16,Donnée validée,10,Expertisée,20,Bonne,7.332793134,48.728811149,QmnJ
A3410200,A341020001,2008-01-11,2338.0,2026-06-02T08:08:12Z,16,Donnée validée,10,Expertisée,20,Bonne,7.332793134,48.728811149,QmnJ
A3410200,A341020001,2008-01-12,2315.0,2026-06-02T08:08:12Z,16,Donnée validée,10,Expertisée,20,Bonne,7.332793134,48.728811149,QmnJ
A3410200,A341020001,2008-01-13,1975.0,2026-06-02T08:08:12Z,16,Donnée validée,10,Expertisée,20,Bonne,7.332793134,48.728811149,QmnJ
A3410200,A341020001,2008-01-14,2031.0,2026-06-02T08:08:12Z,16,Donnée validée,10,Expertisée,20,Bonne,7.332793134,48.728811149,QmnJ
A3410200,A341020001,2008-01-15,2021.0,2026-06-02T08:08:12Z,16,Donnée validée,10,Expertisée,20,Bonne,7.332793134,48.728811149,QmnJ
A3410200,A341020001,2008-01-16,2185.0,2026-06-02T08:08:12Z,16,Donnée validée,10,Expertisée,20,Bonne,7.332793134,48.728811149,QmnJ
A3410200,A341020001,2008-01-17,2037.0,2026-06-02T08:08:12Z,16,Donnée validée,10,Expertisée,20,Bonne,7.332793134,48.728811149,QmnJ
A3410200,A341020001,2008-01-18,1902.0,2026-06-02T08:08:12Z,16,Donnée validée,10,Expertisée,20,Bonne,7.332793134,48.728811149,QmnJ
A3410200,A341020001,2008-01-19,1635.0,2026-06-02T08:08:12Z,16,Donnée validée,10,Expertisée,20,Bonne,7.332793134,48.728811149,QmnJ
A3410200,A341020001,2008-01-20,1619.0,2026-06-02T08:08:12Z,16,Donnée validée,10,Expertisée,20,Bonne,7.332793134,48.728811149,QmnJ
A3410200,A341020001,2008-01-21,1669.0,2026-06-02T08:08:12Z,16,Donnée validée,10,Expertisée,20,Bonne,7.332793134,48.728811149,QmnJ
A3410200,A341020001,2008-01-22,5240.0,2026-06-02T08:08:12Z,16,Donnée validée,10,Expertisée,20,Bonne,7.332793134,48.728811149,QmnJ
A3410200,A341020001,2008-01-23,2888.0,2026-06-02T08:08:12Z,16,Donnée validée,10,Expertisée,20,Bonne,7.332793134,48.728811149,QmnJ
A3410200,A341020001,2008-01-24,2456.0,2026-06-02T08:08:12Z,16,Donnée validée,10,Expertisée,20,Bonne,7.332793134,48.728811149,QmnJ
A3410200,A341020001,2008-01-25,2169.0,2026-06-02T08:08:12Z,16,Donnée validée,10,Expertisée,20,Bonne,7.332793134,48.728811149,QmnJ
A3410200,A341020001,2008-01-26,2025.0,2026-06-02T08:08:12Z,16,Donnée validée,10,Expertisée,20,Bonne,7.332793134,48.728811149,QmnJ
A3410200,A341020001,2008-01-27,1891.0,2026-06-02T08:08:12Z,16,Donnée validée,10,Expertisée,20,Bonne,7.332793134,48.728811149,QmnJ
A3410200,A341020001,2008-01-28,1897.0,2026-06-02T08:08:12Z,16,Donnée validée,10,Expertisée,20,Bonne,7.332793134,48.728811149,QmnJ
A3410200,A341020001,2008-01-29,1941.0,2026-06-02T08:08:12Z,16,Donnée validée,10,Expertisée,20,Bonne,7.332793134,48.728811149,QmnJ
A3410200,A341020001,2008-01-30,1878.0,2026-06-02T08:08:12Z,16,Donnée validée,10,Expertisée,20,Bonne,7.332793134,48.728811149,QmnJ
A3410200,A341020001,2008-01-31,1892.0,2026-06-02T08:08:12Z,16,Donnée validée,10,Expertisée,20,Bonne,7.332793134,48.728811149,QmnJ
A3410200,A341020001,2008-02-01,2809.0,2026-06-02T08:08:12Z,16,Donnée validée,10,Expertisée,20,Bonne,7.332793134,48.728811149,QmnJ
A3410200,A341020001,2008-02-02,3461.0,2026-06-02T08:08:12Z,16,Donnée validée,10,Expertisée,20,Bonne,7.332793134,48.728811149,QmnJ
A3410200,A341020001,2008-02-03,2737.0,2026-06-02T08:08:12Z,16,Donnée validée,10,Expertisée,20,Bonne,7.332793134,48.728811149,QmnJ
A3410200,A341020001,2008-02-04,2922.0,2026-06-02T08:08:12Z,16,Donnée validée,10,Expertisée,20,Bonne,7.332793134,48.728811149,QmnJ
A3410200,A341020001,2008-02-05,3099.0,2026-06-02T08:08:12Z,16,Donnée validée,10,Expertisée,20,Bonne,7.332793134,48.728811149,QmnJ
A3410200,A341020001,2008-02-06,7274.0,2026-06-02T08:08:12Z,16,Donnée validée,10,Expertisée,20,Bonne,7.332793134,48.728811149,QmnJ
A3410200,A341020001,2008-02-07,4428.0,2026-06-02T08:08:12Z,16,Donnée validée,10,Expertisée,20,Bonne,7.332793134,48.728811149,QmnJ
A3410200,A341020001,2008-02-08,3593.0,2026-06-02T08:08:12Z,16,Donnée validée,10,Expertisée,20,Bonne,7.332793134,48.728811149,QmnJ
A3410200,A341020001,2008-02-09,3307.0,2026-06-02T08:08:12Z,16,Donnée validée,10,Expertisée,20,Bonne,7.332793134,48.728811149,QmnJ
A3410200,A341020001,2008-02-10,3148.0,2026-06-02T08:08:12Z,16,Donnée validée,10,Expertisée,20,Bonne,7.332793134,48.728811149,QmnJ
A3410200,A341020001,2008-02-11,2925.0,2026-06-02T08:08:12Z,16,Donnée validée,10,Expertisée,20,Bonne,7.332793134,48.728811149,QmnJ
A3410200,A341020001,2008-02-12,2770.0,2026-06-02T08:08:12Z,16,Donnée validée,10,Expertisée,20,Bonne,7.332793134,48.728811149,QmnJ
A3410200,A341020001,2008-02-13,2698.0,2026-06-02T08:08:12Z,16,Donnée validée,10,Expertisée,20,Bonne,7.332793134,48.728811149,QmnJ
A3410200,A341020001,2008-02-14,2531.0,2026-06-02T08:08:12Z,16,Donnée validée,10,Expertisée,20,Bonne,7.332793134,48.728811149,QmnJ
A3410200,A341020001,2008-02-15,2399.0,2026-06-02T08:08:12Z,16,Donnée validée,10,Expertisée,20,Bonne,7.332793134,48.728811149,QmnJ
A3410200,A341020001,2008-02-16,2272.0,2026-06-02T08:08:12Z,16,Donnée validée,10,Expertisée,20,Bonne,7.332793134,48.728811149,QmnJ
A3410200,A341020001,2008-02-17,2164.0,2026-06-02T08:08:12Z,16,Donnée validée,10,Expertisée,20,Bonne,7.332793134,48.728811149,QmnJ
A3410200,A341020001,2008-02-18,2159.0,2026-06-02T08:08:12Z,16,Donnée validée,10,Expertisée,20,Bonne,7.332793134,48.728811149,QmnJ
A3410200,A341020001,2008-02-19,2211.0,2026-06-02T08:08:12Z,16,Donnée validée,10,Expertisée,20,Bonne,7.332793134,48.728811149,QmnJ
A3410200,A341020001,2008-02-20,2282.0,2026-06-02T08:08:12Z,16,Donnée validée,10,Expertisée,20,Bonne,7.332793134,48.728811149,QmnJ
A3410200,A341020001,2008-02-21,2290.0,2026-06-02T08:08:12Z,16,Donnée validée,10,Expertisée,20,Bonne,7.332793134,48.728811149,QmnJ
A3410200,A341020001,2008-02-22,2105.0,2026-06-02T08:08:12Z,16,Donnée validée,10,Expertisée,20,Bonne,7.332793134,48.728811149,QmnJ
A3410200,A341020001,2008-02-23,1984.0,2026-06-02T08:08:12Z,16,Donnée validée,10,Expertisée,20,Bonne,7.332793134,48.728811149,QmnJ
A3410200,A341020001,2008-02-24,1982.0,2026-06-02T08:08:12Z,16,Donnée validée,10,Expertisée,20,Bonne,7.332793134,48.728811149,QmnJ
A3410200,A341020001,2008-02-25,1957.0,2026-06-02T08:08:12Z,16,Donnée validée,10,Expertisée,20,Bonne,7.332793134,48.728811149,QmnJ
A3410200,A341020001,2008-02-26,1992.0,2026-06-02T08:08:12Z,16,Donnée validée,10,Expertisée,20,Bonne,7.332793134,48.728811149,QmnJ
A3410200,A341020001,2008-02-27,2090.0,2026-06-02T08:08:12Z,16,Donnée validée,10,Expertisée,20,Bonne,7.332793134,48.728811149,QmnJ
A3410200,A341020001,2008-02-28,1848.0,2026-06-02T08:08:12Z,16,Donnée validée,10,Expertisée,20,Bonne,7.332793134,48.728811149,QmnJ
A3410200,A341020001,2008-02-29,2167.0,2026-06-02T08:08:12Z,16,Donnée validée,10,Expertisée,20,Bonne,7.332793134,48.728811149,QmnJ
A3410200,A341020001,2008-03-01,5303.0,2026-06-02T08:08:12Z,16,Donnée validée,10,Expertisée,20,Bonne,7.332793134,48.728811149,QmnJ
A3410200,A341020001,2008-03-02,3564.0,2026-06-02T08:08:12Z,16,Donnée validée,10,Expertisée,20,Bonne,7.332793134,48.728811149,QmnJ
A3410200,A341020001,2008-03-03,3381.0,2026-06-02T08:08:12Z,16,Donnée validée,10,Expertisée,20,Bonne,7.332793134,48.728811149,QmnJ
A3410200,A341020001,2008-03-04,4223.0,2026-06-02T08:08:12Z,16,Donnée validée,10,Expertisée,20,Bonne,7.332793134,48.728811149,QmnJ
A3410200,A341020001,2008-03-05,3849.0,2026-06-02T08:08:12Z,16,Donnée validée,10,Expertisée,20,Bonne,7.332793134,48.728811149,QmnJ
A3410200,A341020001,2008-03-06,3350.0,2026-06-02T08:08:12Z,16,Donnée validée,10,Expertisée,20,Bonne,7.332793134,48.728811149,QmnJ
A3410200,A341020001,2008-03-07,3383.0,2026-06-02T08:08:12Z,16,Donnée validée,10,Expertisée,20,Bonne,7.332793134,48.728811149,QmnJ
A3410200,A341020001,2008-03-08,3353.0,2026-06-02T08:08:12Z,16,Donnée validée,10,Expertisée,20,Bonne,7.332793134,48.728811149,QmnJ
A3410200,A341020001,2008-03-09,3277.0,2026-06-02T08:08:12Z,16,Donnée validée,10,Expertisée,20,Bonne,7.332793134,48.728811149,QmnJ
A3410200,A341020001,2008-03-10,3340.0,2026-06-02T08:08:12Z,16,Donnée validée,10,Expertisée,20,Bonne,7.332793134,48.728811149,QmnJ
A3410200,A341020001,2008-03-11,3369.0,2026-06-02T08:08:12Z,16,Donnée validée,10,Expertisée,20,Bonne,7.332793134,48.728811149,QmnJ
A3410200,A341020001,2008-03-12,4485.0,2026-06-02T08:08:12Z,16,Donnée validée,10,Expertisée,20,Bonne,7.332793134,48.728811149,QmnJ
A3410200,A341020001,2008-03-13,3396.0,2026-06-02T08:08:12Z,16,Donnée validée,10,Expertisée,20,Bonne,7.332793134,48.728811149,QmnJ
A3410200,A341020001,2008-03-14,3549.0,2026-06-02T08:08:12Z,16,Donnée validée,10,Expertisée,20,Bonne,7.332793134,48.728811149,QmnJ
A3410200,A341020001,2008-03-15,3873.0,2026-06-02T08:08:12Z,16,Donnée validée,10,Expertisée,20,Bonne,7.332793134,48.728811149,QmnJ
A3410200,A341020001,2008-03-16,3870.0,2026-06-02T08:08:12Z,16,Donnée validée,10,Expertisée,20,Bonne,7.332793134,48.728811149,QmnJ
A3410200,A341020001,2008-03-17,4021.0,2026-06-02T08:08:12Z,16,Donnée validée,10,Expertisée,20,Bonne,7.332793134,48.728811149,QmnJ
A3410200,A341020001,2008-03-18,3641.0,2026-06-02T08:08:12Z,16,Donnée validée,10,Expertisée,20,Bonne,7.332793134,48.728811149,QmnJ
A3410200,A341020001,2008-03-19,3427.0,2026-06-02T08:08:12Z,16,Donnée validée,10,Expertisée,20,Bonne,7.332793134,48.728811149,QmnJ
A3410200,A341020001,2008-03-20,3406.0,2026-06-02T08:08:12Z,16,Donnée validée,10,Expertisée,20,Bonne,7.332793134,48.728811149,QmnJ
A3410200,A341020001,2008-03-21,6386.0,2026-06-02T08:08:12Z,16,Donnée validée,10,Expertisée,20,Bonne,7.332793134,48.728811149,QmnJ
A3410200,A341020001,2008-03-22,6804.0,2026-06-02T08:08:12Z,16,Donnée validée,10,Expertisée,20,Bonne,7.332793134,48.728811149,QmnJ
A3410200,A341020001,2008-03-23,5882.0,2026-06-02T08:08:12Z,16,Donnée validée,10,Expertisée,20,Bonne,7.332793134,48.728811149,QmnJ
A3410200,A341020001,2008-03-24,5062.0,2026-06-02T08:08:12Z,16,Donnée validée,10,Expertisée,20,Bonne,7.332793134,48.728811149,QmnJ
A3410200,A341020001,2008-03-25,4675.0,2026-06-02T08:08:12Z,16,Donnée validée,10,Expertisée,20,Bonne,7.332793134,48.728811149,QmnJ
A3410200,A341020001,2008-03-26,4374.0,2026-06-02T08:08:12Z,16,Donnée validée,10,Expertisée,20,Bonne,7.332793134,48.728811149,QmnJ
A3410200,A341020001,2008-03-27,4426.0,2026-06-02T08:08:12Z,16,Donnée validée,10,Expertisée,20,Bonne,7.332793134,48.728811149,QmnJ
A3410200,A341020001,2008-03-28,4171.0,2026-06-02T08:08:12Z,16,Donnée validée,10,Expertisée,20,Bonne,7.332793134,48.728811149,QmnJ
A3410200,A341020001,2008-03-29,3916.0,2026-06-02T08:08:12Z,16,Donnée validée,10,Expertisée,20,Bonne,7.332793134,48.728811149,QmnJ
A3410200,A341020001,2008-03-30,3880.0,2026-06-02T08:08:12Z,16,Donnée validée,10,Expertisée,20,Bonne,7.332793134,48.728811149,QmnJ
A3410200,A341020001,2008-03-31,3879.0,2026-06-02T08:08:12Z,16,Donnée validée,10,Expertisée,20,Bonne,7.332793134,48.728811149,QmnJ
A3410200,A341020001,2008-04-01,3724.0,2026-06-02T08:08:12Z,16,Donnée validée,10,Expertisée,20,Bonne,7.332793134,48.728811149,QmnJ
A3410200,A341020001,2008-04-02,3729.0,2026-06-02T08:08:12Z,16,Donnée validée,10,Expertisée,20,Bonne,7.332793134,48.728811149,QmnJ
A3410200,A341020001,2008-04-03,3683.0,2026-06-02T08:08:12Z,16,Donnée validée,10,Expertisée,20,Bonne,7.332793134,48.728811149,QmnJ
A3410200,A341020001,2008-04-04,3539.0,2026-06-02T08:08:12Z,16,Donnée validée,10,Expertisée,20,Bonne,7.332793134,48.728811149,QmnJ
A3410200,A341020001,2008-04-05,3790.0,2026-06-02T08:08:12Z,16,Donnée validée,10,Expertisée,20,Bonne,7.332793134,48.728811149,QmnJ
A3410200,A341020001,2008-04-06,4149.0,2026-06-02T08:08:12Z,16,Donnée validée,10,Expertisée,20,Bonne,7.332793134,48.728811149,QmnJ
A3410200,A341020001,2008-04-07,3994.0,2026-06-02T08:08:12Z,16,Donnée validée,10,Expertisée,20,Bonne,7.332793134,48.728811149,QmnJ
A3410200,A341020001,2008-04-08,3655.0,2026-06-02T08:08:12Z,16,Donnée validée,10,Expertisée,20,Bonne,7.332793134,48.728811149,QmnJ
A3410200,A341020001,2008-04-09,4203.0,2026-06-02T08:08:12Z,16,Donnée validée,10,Expertisée,20,Bonne,7.332793134,48.728811149,QmnJ
A3410200,A341020001,2008-04-10,4451.0,2026-06-02T08:08:12Z,16,Donnée validée,10,Expertisée,20,Bonne,7.332793134,48.728811149,QmnJ
A3410200,A341020001,2008-04-11,4680.0,2026-06-02T08:08:12Z,16,Donnée validée,10,Expertisée,20,Bonne,7.332793134,48.728811149,QmnJ
A3410200,A341020001,2008-04-12,4395.0,2026-06-02T08:08:12Z,16,Donnée validée,10,Expertisée,20,Bonne,7.332793134,48.728811149,QmnJ
A3410200,A341020001,2008-04-13,3861.0,2026-06-02T08:08:12Z,16,Donnée validée,10,Expertisée,20,Bonne,7.332793134,48.728811149,QmnJ
A3410200,A341020001,2008-04-14,4026.0,2026-06-02T08:08:12Z,16,Donnée validée,10,Expertisée,20,Bonne,7.332793134,48.728811149,QmnJ
A3410200,A341020001,2008-04-15,4321.0,2026-06-02T08:08:12Z,16,Donnée validée,10,Expertisée,20,Bonne,7.332793134,48.728811149,QmnJ
A3410200,A341020001,2008-04-16,4180.0,2026-06-02T08:08:12Z,16,Donnée validée,10,Expertisée,20,Bonne,7.332793134,48.728811149,QmnJ
A3410200,A341020001,2008-04-17,4354.0,2026-06-02T08:08:12Z,16,Donnée validée,10,Expertisée,20,Bonne,7.332793134,48.728811149,QmnJ
A3410200,A341020001,2008-04-18,4508.0,2026-06-02T08:08:12Z,16,Donnée validée,10,Expertisée,20,Bonne,7.332793134,48.728811149,QmnJ
A3410200,A341020001,2008-04-19,4574.0,2026-06-02T08:08:12Z,16,Donnée validée,10,Expertisée,20,Bonne,7.332793134,48.728811149,QmnJ
A3410200,A341020001,2008-04-20,4166.0,2026-06-02T08:08:12Z,16,Donnée validée,10,Expertisée,20,Bonne,7.332793134,48.728811149,QmnJ
A3410200,A341020001,2008-04-21,4190.0,2026-06-02T08:08:12Z,16,Donnée validée,10,Expertisée,20,Bonne,7.332793134,48.728811149,QmnJ
A3410200,A341020001,2008-04-22,5982.0,2026-06-02T08:08:12Z,16,Donnée validée,10,Expertisée,20,Bonne,7.332793134,48.728811149,QmnJ
A3410200,A341020001,2008-04-23,4415.0,2026-06-02T08:08:12Z,16,Donnée validée,10,Expertisée,20,Bonne,7.332793134,48.728811149,QmnJ
A3410200,A341020001,2008-04-24,3970.0,2026-06-02T08:08:12Z,16,Donnée validée,10,Expertisée,20,Bonne,7.332793134,48.728811149,QmnJ
A3410200,A341020001,2008-04-25,3761.0,2026-06-02T08:08:12Z,16,Donnée validée,10,Expertisée,20,Bonne,7.332793134,48.728811149,QmnJ
A3410200,A341020001,2008-04-26,3559.0,2026-06-02T08:08:12Z,16,Donnée validée,10,Expertisée,20,Bonne,7.332793134,48.728811149,QmnJ
A3410200,A341020001,2008-04-27,3587.0,2026-06-02T08:08:12Z,16,Donnée validée,10,Expertisée,20,Bonne,7.332793134,48.728811149,QmnJ
A3410200,A341020001,2008-04-28,3620.0,2026-06-02T08:08:12Z,16,Donnée validée,10,Expertisée,20,Bonne,7.332793134,48.728811149,QmnJ
A3410200,A341020001,2008-04-29,3686.0,2026-06-02T08:08:12Z,16,Donnée validée,10,Expertisée,20,Bonne,7.332793134,48.728811149,QmnJ
A3410200,A341020001,2008-04-30,3556.0,2026-06-02T08:08:12Z,16,Donnée validée,10,Expertisée,20,Bonne,7.332793134,48.728811149,QmnJ
A3410200,A341020001,2008-05-01,3198.0,2026-06-02T08:08:12Z,16,Donnée validée,10,Expertisée,20,Bonne,7.332793134,48.728811149,QmnJ
A3410200,A341020001,2008-05-02,2894.0,2026-06-02T08:08:12Z,16,Donnée validée,10,Expertisée,20,Bonne,7.332793134,48.728811149,QmnJ
A3410200,A341020001,2008-05-03,2674.0,2026-06-02T08:08:12Z,16,Donnée validée,10,Expertisée,20,Bonne,7.332793134,48.728811149,QmnJ
A3410200,A341020001,2008-05-04,2651.0,2026-06-02T08:08:12Z,16,Donnée validée,10,Expertisée,20,Bonne,7.332793134,48.728811149,QmnJ
A3410200,A341020001,2008-05-05,2680.0,2026-06-02T08:08:12Z,16,Donnée validée,10,Expertisée,20,Bonne,7.332793134,48.728811149,QmnJ
A3410200,A341020001,2008-05-06,2614.0,2026-06-02T08:08:12Z,16,Donnée validée,10,Expertisée,20,Bonne,7.332793134,48.728811149,QmnJ
A3410200,A341020001,2008-05-07,2414.0,2026-06-02T08:08:12Z,16,Donnée validée,10,Expertisée,20,Bonne,7.332793134,48.728811149,QmnJ
A3410200,A341020001,2008-05-08,2326.0,2026-06-02T08:08:12Z,16,Donnée validée,10,Expertisée,20,Bonne,7.332793134,48.728811149,QmnJ
A3410200,A341020001,2008-05-09,2265.0,2026-06-02T08:08:12Z,16,Donnée validée,10,Expertisée,20,Bonne,7.332793134,48.728811149,QmnJ
A3410200,A341020001,2008-05-10,2212.0,2026-06-02T08:08:12Z,16,Donnée validée,10,Expertisée,20,Bonne,7.332793134,48.728811149,QmnJ
A3410200,A341020001,2008-05-11,2017.0,2026-06-02T08:08:12Z,16,Donnée validée,10,Expertisée,20,Bonne,7.332793134,48.728811149,QmnJ
A3410200,A341020001,2008-05-12,1817.0,2026-06-02T08:08:12Z,16,Donnée validée,10,Expertisée,20,Bonne,7.332793134,48.728811149,QmnJ
A3410200,A341020001,2008-05-13,1822.0,2026-06-02T08:08:12Z,16,Donnée validée,10,Expertisée,20,Bonne,7.332793134,48.728811149,QmnJ
A3410200,A341020001,2008-05-14,1928.0,2026-06-02T08:08:12Z,16,Donnée validée,10,Expertisée,20,Bonne,7.332793134,48.728811149,QmnJ
A3410200,A341020001,2008-05-15,2061.0,2026-06-02T08:08:12Z,16,Donnée validée,10,Expertisée,20,Bonne,7.332793134,48.728811149,QmnJ
A3410200,A341020001,2008-05-16,2055.0,2026-06-02T08:08:12Z,16,Donnée validée,10,Expertisée,20,Bonne,7.332793134,48.728811149,QmnJ
A3410200,A341020001,2008-05-17,2275.0,2026-06-02T08:08:12Z,16,Donnée validée,10,Expertisée,20,Bonne,7.332793134,48.728811149,QmnJ
A3410200,A341020001,2008-05-18,2289.0,2026-06-02T08:08:12Z,16,Donnée validée,10,Expertisée,20,Bonne,7.332793134,48.728811149,QmnJ
A3410200,A341020001,2008-05-19,1963.0,2026-06-02T08:08:12Z,16,Donnée validée,10,Expertisée,20,Bonne,7.332793134,48.728811149,QmnJ
A3410200,A341020001,2008-05-20,1789.0,2026-06-02T08:08:12Z,16,Donnée validée,10,Expertisée,20,Bonne,7.332793134,48.728811149,QmnJ
A3410200,A341020001,2008-05-21,1590.0,2026-06-02T08:08:12Z,16,Donnée validée,10,Expertisée,20,Bonne,7.332793134,48.728811149,QmnJ
A3410200,A341020001,2008-05-22,1533.0,2026-06-02T08:08:12Z,16,Donnée validée,10,Expertisée,20,Bonne,7.332793134,48.728811149,QmnJ
A3410200,A341020001,2008-05-23,1528.0,2026-06-02T08:08:12Z,16,Donnée validée,10,Expertisée,20,Bonne,7.332793134,48.728811149,QmnJ
A3410200,A341020001,2008-05-24,1565.0,2026-06-02T08:08:12Z,16,Donnée validée,10,Expertisée,20,Bonne,7.332793134,48.728811149,QmnJ
A3410200,A341020001,2008-05-25,1821.0,2026-06-02T08:08:12Z,16,Donnée validée,10,Expertisée,20,Bonne,7.332793134,48.728811149,QmnJ
A3410200,A341020001,2008-05-26,1609.0,2026-06-02T08:08:12Z,16,Donnée validée,10,Expertisée,20,Bonne,7.332793134,48.728811149,QmnJ
A3410200,A341020001,2008-05-27,1583.0,2026-06-02T08:08:12Z,16,Donnée validée,10,Expertisée,20,Bonne,7.332793134,48.728811149,QmnJ
A3410200,A341020001,2008-05-28,1519.0,2026-06-02T08:08:12Z,16,Donnée validée,10,Expertisée,20,Bonne,7.332793134,48.728811149,QmnJ
A3410200,A341020001,2008-05-29,1485.0,2026-06-02T08:08:12Z,16,Donnée validée,10,Expertisée,20,Bonne,7.332793134,48.728811149,QmnJ
A3410200,A341020001,2008-05-30,1668.0,2026-06-02T08:08:12Z,16,Donnée validée,10,Expertisée,20,Bonne,7.332793134,48.728811149,QmnJ
A3410200,A341020001,2008-05-31,2149.0,2026-06-02T08:08:12Z,16,Donnée validée,10,Expertisée,20,Bonne,7.332793134,48.728811149,QmnJ
A3410200,A341020001,2008-06-01,1918.0,2026-06-02T08:08:12Z,16,Donnée validée,10,Expertisée,20,Bonne,7.332793134,48.728811149,QmnJ
A3410200,A341020001,2008-06-02,1815.0,2026-06-02T08:08:12Z,16,Donnée validée,10,Expertisée,20,Bonne,7.332793134,48.728811149,QmnJ
A3410200,A341020001,2008-06-03,1506.0,2026-06-02T08:08:12Z,16,Donnée validée,10,Expertisée,20,Bonne,7.332793134,48.728811149,QmnJ
A3410200,A341020001,2008-06-04,1328.0,2026-06-02T08:08:12Z,16,Donnée validée,10,Expertisée,20,Bonne,7.332793134,48.728811149,QmnJ
A3410200,A341020001,2008-06-05,2391.0,2026-06-02T08:08:12Z,16,Donnée validée,10,Expertisée,20,Bonne,7.332793134,48.728811149,QmnJ
A3410200,A341020001,2008-06-06,1972.0,2026-06-02T08:08:12Z,16,Donnée validée,10,Expertisée,20,Bonne,7.332793134,48.728811149,QmnJ
A3410200,A341020001,2008-06-07,1744.0,2026-06-02T08:08:12Z,16,Donnée validée,10,Expertisée,20,Bonne,7.332793134,48.728811149,QmnJ
A3410200,A341020001,2008-06-08,1636.0,2026-06-02T08:08:12Z,16,Donnée validée,10,Expertisée,20,Bonne,7.332793134,48.728811149,QmnJ
A3410200,A341020001,2008-06-09,1464.0,2026-06-02T08:08:12Z,16,Donnée validée,10,Expertisée,20,Bonne,7.332793134,48.728811149,QmnJ
A3410200,A341020001,2008-06-10,1397.0,2026-06-02T08:08:12Z,16,Donnée validée,10,Expertisée,20,Bonne,7.332793134,48.728811149,QmnJ
A3410200,A341020001,2008-06-11,1699.0,2026-06-02T08:08:12Z,16,Donnée validée,10,Expertisée,20,Bonne,7.332793134,48.728811149,QmnJ
A3410200,A341020001,2008-06-12,1494.0,2026-06-02T08:08:12Z,16,Donnée validée,10,Expertisée,20,Bonne,7.332793134,48.728811149,QmnJ
A3410200,A341020001,2008-06-13,1563.0,2026-06-02T08:08:12Z,16,Donnée validée,10,Expertisée,20,Bonne,7.332793134,48.728811149,QmnJ
A3410200,A341020001,2008-06-14,1336.0,2026-06-02T08:08:12Z,16,Donnée validée,10,Expertisée,20,Bonne,7.332793134,48.728811149,QmnJ
A3410200,A341020001,2008-06-15,1412.0,2026-06-02T08:08:12Z,16,Donnée validée,10,Expertisée,20,Bonne,7.332793134,48.728811149,QmnJ
A3410200,A341020001,2008-06-16,1521.0,2026-06-02T08:08:12Z,16,Donnée validée,10,Expertisée,20,Bonne,7.332793134,48.728811149,QmnJ
A3410200,A341020001,2008-06-17,1545.0,2026-06-02T08:08:12Z,16,Donnée validée,10,Expertisée,20,Bonne,7.332793134,48.728811149,QmnJ
A3410200,A341020001,2008-06-18,1443.0,2026-06-02T08:08:12Z,16,Donnée validée,10,Expertisée,20,Bonne,7.332793134,48.728811149,QmnJ
A3410200,A341020001,2008-06-19,1313.0,2026-06-02T08:08:12Z,16,Donnée validée,10,Expertisée,20,Bonne,7.332793134,48.728811149,QmnJ
A3410200,A341020001,2008-06-20,1569.0,2026-06-02T08:08:12Z,16,Donnée validée,10,Expertisée,20,Bonne,7.332793134,48.728811149,QmnJ
A3410200,A341020001,2008-06-21,1304.0,2026-06-02T08:08:12Z,16,Donnée validée,10,Expertisée,20,Bonne,7.332793134,48.728811149,QmnJ
A3410200,A341020001,2008-06-22,1299.0,2026-06-02T08:08:12Z,16,Donnée validée,10,Expertisée,20,Bonne,7.332793134,48.728811149,QmnJ
A3410200,A341020001,2008-06-23,1227.0,2026-06-02T08:08:12Z,16,Donnée validée,10,Expertisée,20,Bonne,7.332793134,48.728811149,QmnJ
A3410200,A341020001,2008-06-24,1425.0,2026-06-02T08:08:12Z,16,Donnée validée,10,Expertisée,20,Bonne,7.332793134,48.728811149,QmnJ
A3410200,A341020001,2008-06-25,1676.0,2026-06-02T08:08:12Z,16,Donnée validée,10,Expertisée,20,Bonne,7.332793134,48.728811149,QmnJ
A3410200,A341020001,2008-06-26,1328.0,2026-06-02T08:08:12Z,16,Donnée validée,10,Expertisée,20,Bonne,7.332793134,48.728811149,QmnJ
A3410200,A341020001,2008-06-27,1112.0,2026-06-02T08:08:12Z,16,Donnée validée,10,Expertisée,20,Bonne,7.332793134,48.728811149,QmnJ
A3410200,A341020001,2008-06-28,1066.0,2026-06-02T08:08:12Z,16,Donnée validée,10,Expertisée,20,Bonne,7.332793134,48.728811149,QmnJ
A3410200,A341020001,2008-06-29,1047.0,2026-06-02T08:08:12Z,16,Donnée validée,10,Expertisée,20,Bonne,7.332793134,48.728811149,QmnJ
A3410200,A341020001,2008-06-30,1030.0,2026-06-02T08:08:12Z,16,Donnée validée,10,Expertisée,20,Bonne,7.332793134,48.728811149,QmnJ
A3410200,A341020001,2008-07-01,1108.0,2026-06-02T08:08:12Z,16,Donnée validée,10,Expertisée,20,Bonne,7.332793134,48.728811149,QmnJ
A3410200,A341020001,2008-07-02,1224.0,2026-06-02T08:08:12Z,16,Donnée validée,10,Expertisée,20,Bonne,7.332793134,48.728811149,QmnJ
A3410200,A341020001,2008-07-03,1148.0,2026-06-02T08:08:12Z,16,Donnée validée,10,Expertisée,20,Bonne,7.332793134,48.728811149,QmnJ
A3410200,A341020001,2008-07-04,1067.0,2026-06-02T08:08:12Z,16,Donnée validée,10,Expertisée,20,Bonne,7.332793134,48.728811149,QmnJ
A3410200,A341020001,2008-07-05,1032.0,2026-06-02T08:08:12Z,16,Donnée validée,10,Expertisée,20,Bonne,7.332793134,48.728811149,QmnJ
A3410200,A341020001,2008-07-06,1017.0,2026-06-02T08:08:12Z,16,Donnée validée,10,Expertisée,20,Bonne,7.332793134,48.728811149,QmnJ
A3410200,A341020001,2008-07-07,1013.0,2026-06-02T08:08:12Z,16,Donnée validée,10,Expertisée,20,Bonne,7.332793134,48.728811149,QmnJ
A3410200,A341020001,2008-07-08,987.0,2026-06-02T08:08:12Z,16,Donnée validée,10,Expertisée,20,Bonne,7.332793134,48.728811149,QmnJ
A3410200,A341020001,2008-07-09,983.0,2026-06-02T08:08:12Z,16,Donnée validée,10,Expertisée,20,Bonne,7.332793134,48.728811149,QmnJ
A3410200,A341020001,2008-07-10,914.0,2026-06-02T08:08:12Z,16,Donnée validée,10,Expertisée,20,Bonne,7.332793134,48.728811149,QmnJ
A3410200,A341020001,2008-07-11,999.0,2026-06-02T08:08:12Z,16,Donnée validée,10,Expertisée,20,Bonne,7.332793134,48.728811149,QmnJ
A3410200,A341020001,2008-07-12,942.0,2026-06-02T08:08:12Z,16,Donnée validée,10,Expertisée,20,Bonne,7.332793134,48.728811149,QmnJ
A3410200,A341020001,2008-07-13,815.0,2026-06-02T08:08:12Z,16,Donnée validée,10,Expertisée,20,Bonne,7.332793134,48.728811149,QmnJ
A3410200,A341020001,2008-07-14,968.0,2026-06-02T08:08:12Z,16,Donnée validée,10,Expertisée,20,Bonne,7.332793134,48.728811149,QmnJ
A3410200,A341020001,2008-07-15,737.0,2026-06-02T08:08:12Z,16,Donnée validée,10,Expertisée,20,Bonne,7.332793134,48.728811149,QmnJ
A3410200,A341020001,2008-07-16,743.0,2026-06-02T08:08:12Z,16,Donnée validée,10,Expertisée,20,Bonne,7.332793134,48.728811149,QmnJ
A3410200,A341020001,2008-07-17,967.0,2026-06-02T08:08:12Z,16,Donnée validée,10,Expertisée,20,Bonne,7.332793134,48.728811149,QmnJ
A3410200,A341020001,2008-07-18,1030.0,2026-06-02T08:08:12Z,16,Donnée validée,10,Expertisée,20,Bonne,7.332793134,48.728811149,QmnJ
A3410200,A341020001,2008-07-19,1047.0,2026-06-02T08:08:12Z,16,Donnée validée,10,Expertisée,20,Bonne,7.332793134,48.728811149,QmnJ
A3410200,A341020001,2008-07-20,1032.0,2026-06-02T08:08:12Z,16,Donnée validée,10,Expertisée,20,Bonne,7.332793134,48.728811149,QmnJ
A3410200,A341020001,2008-07-21,1008.0,2026-06-02T08:08:12Z,16,Donnée validée,10,Expertisée,20,Bonne,7.332793134,48.728811149,QmnJ
A3410200,A341020001,2008-07-22,999.0,2026-06-02T08:08:12Z,16,Donnée validée,10,Expertisée,20,Bonne,7.332793134,48.728811149,QmnJ
A3410200,A341020001,2008-07-23,1051.0,2026-06-02T08:08:12Z,16,Donnée validée,10,Expertisée,20,Bonne,7.332793134,48.728811149,QmnJ
A3410200,A341020001,2008-07-24,999.0,2026-06-02T08:08:12Z,16,Donnée validée,10,Expertisée,20,Bonne,7.332793134,48.728811149,QmnJ
A3410200,A341020001,2008-07-25,1002.0,2026-06-02T08:08:12Z,16,Donnée validée,10,Expertisée,20,Bonne,7.332793134,48.728811149,QmnJ
A3410200,A341020001,2008-07-26,1032.0,2026-06-02T08:08:12Z,16,Donnée validée,10,Expertisée,20,Bonne,7.332793134,48.728811149,QmnJ
A3410200,A341020001,2008-07-27,994.0,2026-06-02T08:08:12Z,16,Donnée validée,10,Expertisée,20,Bonne,7.332793134,48.728811149,QmnJ
A3410200,A341020001,2008-07-28,1380.0,2026-06-02T08:08:12Z,16,Donnée validée,10,Expertisée,20,Bonne,7.332793134,48.728811149,QmnJ
A3410200,A341020001,2008-07-29,1363.0,2026-06-02T08:08:12Z,16,Donnée validée,10,Expertisée,20,Bonne,7.332793134,48.728811149,QmnJ
A3410200,A341020001,2008-07-30,1089.0,2026-06-02T08:08:12Z,16,Donnée validée,10,Expertisée,20,Bonne,7.332793134,48.728811149,QmnJ
A3410200,A341020001,2008-07-31,1084.0,2026-06-02T08:08:12Z,16,Donnée validée,10,Expertisée,20,Bonne,7.332793134,48.728811149,QmnJ
A3410200,A341020001,2008-08-01,1067.0,2026-06-02T08:08:12Z,16,Donnée validée,10,Expertisée,20,Bonne,7.332793134,48.728811149,QmnJ
A3410200,A341020001,2008-08-02,1073.0,2026-06-02T08:08:12Z,16,Donnée validée,10,Expertisée,20,Bonne,7.332793134,48.728811149,QmnJ
A3410200,A341020001,2008-08-03,1117.0,2026-06-02T08:08:12Z,16,Donnée validée,10,Expertisée,20,Bonne,7.332793134,48.728811149,QmnJ
A3410200,A341020001,2008-08-04,1543.0,2026-06-02T08:08:12Z,16,Donnée validée,10,Expertisée,20,Bonne,7.332793134,48.728811149,QmnJ
A3410200,A341020001,2008-08-05,1330.0,2026-06-02T08:08:12Z,16,Donnée validée,10,Expertisée,20,Bonne,7.332793134,48.728811149,QmnJ
A3410200,A341020001,2008-08-06,1097.0,2026-06-02T08:08:12Z,16,Donnée validée,10,Expertisée,20,Bonne,7.332793134,48.728811149,QmnJ
A3410200,A341020001,2008-08-07,1048.0,2026-06-02T08:08:12Z,16,Donnée validée,10,Expertisée,20,Bonne,7.332793134,48.728811149,QmnJ
A3410200,A341020001,2008-08-08,1169.0,2026-06-02T08:08:12Z,16,Donnée validée,10,Expertisée,20,Bonne,7.332793134,48.728811149,QmnJ
A3410200,A341020001,2008-08-09,1103.0,2026-06-02T08:08:12Z,16,Donnée validée,10,Expertisée,20,Bonne,7.332793134,48.728811149,QmnJ
A3410200,A341020001,2008-08-10,986.0,2026-06-02T08:08:12Z,16,Donnée validée,10,Expertisée,20,Bonne,7.332793134,48.728811149,QmnJ
A3410200,A341020001,2008-08-11,1027.0,2026-06-02T08:08:12Z,16,Donnée validée,10,Expertisée,20,Bonne,7.332793134,48.728811149,QmnJ
A3410200,A341020001,2008-08-12,1530.0,2026-06-02T08:08:12Z,16,Donnée validée,10,Expertisée,20,Bonne,7.332793134,48.728811149,QmnJ
A3410200,A341020001,2008-08-13,1219.0,2026-06-02T08:08:12Z,16,Donnée validée,10,Expertisée,20,Bonne,7.332793134,48.728811149,QmnJ
A3410200,A341020001,2008-08-14,986.0,2026-06-02T08:08:12Z,16,Donnée validée,10,Expertisée,20,Bonne,7.332793134,48.728811149,QmnJ
A3410200,A341020001,2008-08-15,1014.0,2026-06-02T08:08:12Z,16,Donnée validée,10,Expertisée,20,Bonne,7.332793134,48.728811149,QmnJ
A3410200,A341020001,2008-08-16,976.0,2026-06-02T08:08:12Z,16,Donnée validée,10,Expertisée,20,Bonne,7.332793134,48.728811149,QmnJ
A3410200,A341020001,2008-08-17,964.0,2026-06-02T08:08:12Z,16,Donnée validée,10,Expertisée,20,Bonne,7.332793134,48.728811149,QmnJ
A3410200,A341020001,2008-08-18,931.0,2026-06-02T08:08:12Z,16,Donnée validée,10,Expertisée,20,Bonne,7.332793134,48.728811149,QmnJ
A3410200,A341020001,2008-08-19,988.0,2026-06-02T08:08:12Z,16,Donnée validée,10,Expertisée,20,Bonne,7.332793134,48.728811149,QmnJ
A3410200,A341020001,2008-08-20,997.0,2026-06-02T08:08:12Z,16,Donnée validée,10,Expertisée,20,Bonne,7.332793134,48.728811149,QmnJ
A3410200,A341020001,2008-08-21,925.0,2026-06-02T08:08:12Z,16,Donnée validée,10,Expertisée,20,Bonne,7.332793134,48.728811149,QmnJ
A3410200,A341020001,2008-08-22,904.0,2026-06-02T08:08:12Z,16,Donnée validée,10,Expertisée,20,Bonne,7.332793134,48.728811149,QmnJ
A3410200,A341020001,2008-08-23,1050.0,2026-06-02T08:08:12Z,16,Donnée validée,10,Expertisée,20,Bonne,7.332793134,48.728811149,QmnJ
A3410200,A341020001,2008-08-24,979.0,2026-06-02T08:08:12Z,16,Donnée validée,10,Expertisée,20,Bonne,7.332793134,48.728811149,QmnJ
A3410200,A341020001,2008-08-25,911.0,2026-06-02T08:08:12Z,16,Donnée validée,10,Expertisée,20,Bonne,7.332793134,48.728811149,QmnJ
A3410200,A341020001,2008-08-26,900.0,2026-06-02T08:08:12Z,16,Donnée validée,10,Expertisée,20,Bonne,7.332793134,48.728811149,QmnJ
A3410200,A341020001,2008-08-27,863.0,2026-06-02T08:08:12Z,16,Donnée validée,10,Expertisée,20,Bonne,7.332793134,48.728811149,QmnJ
A3410200,A341020001,2008-08-28,825.0,2026-06-02T08:08:12Z,16,Donnée validée,10,Expertisée,20,Bonne,7.332793134,48.728811149,QmnJ
A3410200,A341020001,2008-08-29,820.0,2026-06-02T08:08:12Z,16,Donnée validée,10,Expertisée,20,Bonne,7.332793134,48.728811149,QmnJ
A3410200,A341020001,2008-08-30,860.0,2026-06-02T08:08:12Z,16,Donnée validée,10,Expertisée,20,Bonne,7.332793134,48.728811149,QmnJ
A3410200,A341020001,2008-08-31,897.0,2026-06-02T08:08:12Z,16,Donnée validée,10,Expertisée,20,Bonne,7.332793134,48.728811149,QmnJ
A3410200,A341020001,2008-09-01,1002.0,2026-06-02T08:08:12Z,16,Donnée validée,10,Expertisée,20,Bonne,7.332793134,48.728811149,QmnJ
A3410200,A341020001,2008-09-02,879.0,2026-06-02T08:08:12Z,16,Donnée validée,10,Expertisée,20,Bonne,7.332793134,48.728811149,QmnJ
A3410200,A341020001,2008-09-03,913.0,2026-06-02T08:08:12Z,16,Donnée validée,10,Expertisée,20,Bonne,7.332793134,48.728811149,QmnJ
A3410200,A341020001,2008-09-04,1055.0,2026-06-02T08:08:12Z,16,Donnée validée,10,Expertisée,20,Bonne,7.332793134,48.728811149,QmnJ
A3410200,A341020001,2008-09-05,990.0,2026-06-02T08:08:12Z,16,Donnée validée,10,Expertisée,20,Bonne,7.332793134,48.728811149,QmnJ
A3410200,A341020001,2008-09-06,1201.0,2026-06-02T08:08:12Z,16,Donnée validée,10,Expertisée,20,Bonne,7.332793134,48.728811149,QmnJ
A3410200,A341020001,2008-09-07,1041.0,2026-06-02T08:08:12Z,16,Donnée validée,10,Expertisée,20,Bonne,7.332793134,48.728811149,QmnJ
A3410200,A341020001,2008-09-08,924.0,2026-06-02T08:08:12Z,16,Donnée validée,10,Expertisée,20,Bonne,7.332793134,48.728811149,QmnJ
A3410200,A341020001,2008-09-09,853.0,2026-06-02T08:08:12Z,16,Donnée validée,10,Expertisée,20,Bonne,7.332793134,48.728811149,QmnJ
A3410200,A341020001,2008-09-10,775.0,2026-06-02T08:08:12Z,16,Donnée validée,10,Expertisée,20,Bonne,7.332793134,48.728811149,QmnJ
A3410200,A341020001,2008-09-11,824.0,2026-06-02T08:08:12Z,16,Donnée validée,10,Expertisée,20,Bonne,7.332793134,48.728811149,QmnJ
A3410200,A341020001,2008-09-12,1074.0,2026-06-02T08:08:12Z,16,Donnée validée,10,Expertisée,20,Bonne,7.332793134,48.728811149,QmnJ
A3410200,A341020001,2008-09-13,1956.0,2026-06-02T08:08:12Z,16,Donnée validée,10,Expertisée,20,Bonne,7.332793134,48.728811149,QmnJ
A3410200,A341020001,2008-09-14,1685.0,2026-06-02T08:08:12Z,16,Donnée validée,10,Expertisée,20,Bonne,7.332793134,48.728811149,QmnJ
A3410200,A341020001,2008-09-15,1000.0,2026-06-02T08:08:12Z,16,Donnée validée,10,Expertisée,20,Bonne,7.332793134,48.728811149,QmnJ
A3410200,A341020001,2008-09-16,902.0,2026-06-02T08:08:12Z,16,Donnée validée,10,Expertisée,20,Bonne,7.332793134,48.728811149,QmnJ
A3410200,A341020001,2008-09-17,868.0,2026-06-02T08:08:12Z,16,Donnée validée,10,Expertisée,20,Bonne,7.332793134,48.728811149,QmnJ
A3410200,A341020001,2008-09-18,845.0,2026-06-02T08:08:12Z,16,Donnée validée,10,Expertisée,20,Bonne,7.332793134,48.728811149,QmnJ
A3410200,A341020001,2008-09-19,853.0,2026-06-02T08:08:12Z,16,Donnée validée,10,Expertisée,20,Bonne,7.332793134,48.728811149,QmnJ
A3410200,A341020001,2008-09-20,799.0,2026-06-02T08:08:12Z,16,Donnée validée,10,Expertisée,20,Bonne,7.332793134,48.728811149,QmnJ
A3410200,A341020001,2008-09-21,782.0,2026-06-02T08:08:12Z,16,Donnée validée,10,Expertisée,20,Bonne,7.332793134,48.728811149,QmnJ
A3410200,A341020001,2008-09-22,792.0,2026-06-02T08:08:12Z,16,Donnée validée,10,Expertisée,20,Bonne,7.332793134,48.728811149,QmnJ
A3410200,A341020001,2008-09-23,786.0,2026-06-02T08:08:12Z,16,Donnée validée,10,Expertisée,20,Bonne,7.332793134,48.728811149,QmnJ
A3410200,A341020001,2008-09-24,807.0,2026-06-02T08:08:12Z,16,Donnée validée,10,Expertisée,20,Bonne,7.332793134,48.728811149,QmnJ
A3410200,A341020001,2008-09-25,818.0,2026-06-02T08:08:12Z,16,Donnée validée,10,Expertisée,20,Bonne,7.332793134,48.728811149,QmnJ
A3410200,A341020001,2008-09-26,817.0,2026-06-02T08:08:12Z,16,Donnée validée,10,Expertisée,20,Bonne,7.332793134,48.728811149,QmnJ
A3410200,A341020001,2008-09-27,802.0,2026-06-02T08:08:12Z,16,Donnée validée,10,Expertisée,20,Bonne,7.332793134,48.728811149,QmnJ
A3410200,A341020001,2008-09-28,795.0,2026-06-02T08:08:12Z,16,Donnée validée,10,Expertisée,20,Bonne,7.332793134,48.728811149,QmnJ
A3410200,A341020001,2008-09-29,801.0,2026-06-02T08:08:12Z,16,Donnée validée,10,Expertisée,20,Bonne,7.332793134,48.728811149,QmnJ
A3410200,A341020001,2008-09-30,839.0,2026-06-02T08:08:12Z,16,Donnée validée,10,Expertisée,20,Bonne,7.332793134,48.728811149,QmnJ
A3410200,A341020001,2008-10-01,880.0,2026-06-02T08:08:12Z,16,Donnée validée,10,Expertisée,20,Bonne,7.332793134,48.728811149,QmnJ
A3410200,A341020001,2008-10-02,1193.0,2026-06-02T08:08:12Z,16,Donnée validée,10,Expertisée,20,Bonne,7.332793134,48.728811149,QmnJ
A3410200,A341020001,2008-10-03,945.0,2026-06-02T08:08:12Z,16,Donnée validée,10,Expertisée,20,Bonne,7.332793134,48.728811149,QmnJ
A3410200,A341020001,2008-10-04,939.0,2026-06-02T08:08:12Z,16,Donnée validée,10,Expertisée,20,Bonne,7.332793134,48.728811149,QmnJ
A3410200,A341020001,2008-10-05,828.0,2026-06-02T08:08:12Z,16,Donnée validée,10,Expertisée,20,Bonne,7.332793134,48.728811149,QmnJ
A3410200,A341020001,2008-10-06,785.0,2026-06-02T08:08:12Z,16,Donnée validée,10,Expertisée,20,Bonne,7.332793134,48.728811149,QmnJ
A3410200,A341020001,2008-10-07,826.0,2026-06-02T08:08:12Z,16,Donnée validée,10,Expertisée,20,Bonne,7.332793134,48.728811149,QmnJ
A3410200,A341020001,2008-10-08,790.0,2026-06-02T08:08:12Z,16,Donnée validée,10,Expertisée,20,Bonne,7.332793134,48.728811149,QmnJ
A3410200,A341020001,2008-10-09,736.0,2026-06-02T08:08:12Z,16,Donnée validée,10,Expertisée,20,Bonne,7.332793134,48.728811149,QmnJ
A3410200,A341020001,2008-10-10,743.0,2026-06-02T08:08:12Z,16,Donnée validée,10,Expertisée,20,Bonne,7.332793134,48.728811149,QmnJ
A3410200,A341020001,2008-10-11,725.0,2026-06-02T08:08:12Z,16,Donnée validée,10,Expertisée,20,Bonne,7.332793134,48.728811149,QmnJ
A3410200,A341020001,2008-10-12,747.0,2026-06-02T08:08:12Z,16,Donnée validée,10,Expertisée,20,Bonne,7.332793134,48.728811149,QmnJ
A3410200,A341020001,2008-10-13,768.0,2026-06-02T08:08:12Z,16,Donnée validée,10,Expertisée,20,Bonne,7.332793134,48.728811149,QmnJ
A3410200,A341020001,2008-10-14,745.0,2026-06-02T08:08:12Z,16,Donnée validée,10,Expertisée,20,Bonne,7.332793134,48.728811149,QmnJ
A3410200,A341020001,2008-10-15,739.0,2026-06-02T08:08:12Z,16,Donnée validée,10,Expertisée,20,Bonne,7.332793134,48.728811149,QmnJ
A3410200,A341020001,2008-10-16,1293.0,2026-06-02T08:08:12Z,16,Donnée validée,10,Expertisée,20,Bonne,7.332793134,48.728811149,QmnJ
A3410200,A341020001,2008-10-17,1130.0,2026-06-02T08:08:12Z,16,Donnée validée,10,Expertisée,20,Bonne,7.332793134,48.728811149,QmnJ
A3410200,A341020001,2008-10-18,846.0,2026-06-02T08:08:12Z,16,Donnée validée,10,Expertisée,20,Bonne,7.332793134,48.728811149,QmnJ
A3410200,A341020001,2008-10-19,843.0,2026-06-02T08:08:12Z,16,Donnée validée,10,Expertisée,20,Bonne,7.332793134,48.728811149,QmnJ
A3410200,A341020001,2008-10-20,793.0,2026-06-02T08:08:12Z,16,Donnée validée,10,Expertisée,20,Bonne,7.332793134,48.728811149,QmnJ
A3410200,A341020001,2008-10-21,885.0,2026-06-02T08:08:12Z,16,Donnée validée,10,Expertisée,20,Bonne,7.332793134,48.728811149,QmnJ
A3410200,A341020001,2008-10-22,1485.0,2026-06-02T08:08:12Z,16,Donnée validée,10,Expertisée,20,Bonne,7.332793134,48.728811149,QmnJ
A3410200,A341020001,2008-10-23,1095.0,2026-06-02T08:08:12Z,16,Donnée validée,10,Expertisée,20,Bonne,7.332793134,48.728811149,QmnJ
A3410200,A341020001,2008-10-24,883.0,2026-06-02T08:08:12Z,16,Donnée validée,10,Expertisée,20,Bonne,7.332793134,48.728811149,QmnJ
A3410200,A341020001,2008-10-25,780.0,2026-06-02T08:08:12Z,16,Donnée validée,10,Expertisée,20,Bonne,7.332793134,48.728811149,QmnJ
A3410200,A341020001,2008-10-26,772.0,2026-06-02T08:08:12Z,16,Donnée validée,10,Expertisée,20,Bonne,7.332793134,48.728811149,QmnJ
A3410200,A341020001,2008-10-27,1150.0,2026-06-02T08:08:12Z,16,Donnée validée,10,Expertisée,20,Bonne,7.332793134,48.728811149,QmnJ
A3410200,A341020001,2008-10-28,1563.0,2026-06-02T08:08:12Z,16,Donnée validée,10,Expertisée,20,Bonne,7.332793134,48.728811149,QmnJ
A3410200,A341020001,2008-10-29,1283.0,2026-06-02T08:08:12Z,16,Donnée validée,10,Expertisée,20,Bonne,7.332793134,48.728811149,QmnJ
A3410200,A341020001,2008-10-30,1762.0,2026-06-02T08:08:12Z,16,Donnée validée,10,Expertisée,20,Bonne,7.332793134,48.728811149,QmnJ
A3410200,A341020001,2008-10-31,1485.0,2026-06-02T08:08:12Z,16,Donnée validée,10,Expertisée,20,Bonne,7.332793134,48.728811149,QmnJ
A3410200,A341020001,2008-11-01,1496.0,2026-06-02T08:08:12Z,16,Donnée validée,10,Expertisée,20,Bonne,7.332793134,48.728811149,QmnJ
A3410200,A341020001,2008-11-02,1313.0,2026-06-02T08:08:12Z,16,Donnée validée,10,Expertisée,20,Bonne,7.332793134,48.728811149,QmnJ
A3410200,A341020001,2008-11-03,1259.0,2026-06-02T08:08:12Z,16,Donnée validée,10,Expertisée,20,Bonne,7.332793134,48.728811149,QmnJ
A3410200,A341020001,2008-11-04,1205.0,2026-06-02T08:08:12Z,16,Donnée validée,10,Expertisée,20,Bonne,7.332793134,48.728811149,QmnJ
A3410200,A341020001,2008-11-05,1018.0,2026-06-02T08:08:12Z,16,Donnée validée,10,Expertisée,20,Bonne,7.332793134,48.728811149,QmnJ
A3410200,A341020001,2008-11-06,884.0,2026-06-02T08:08:12Z,16,Donnée validée,10,Expertisée,20,Bonne,7.332793134,48.728811149,QmnJ
A3410200,A341020001,2008-11-07,786.0,2026-06-02T08:08:12Z,16,Donnée validée,10,Expertisée,20,Bonne,7.332793134,48.728811149,QmnJ
A3410200,A341020001,2008-11-08,688.0,2026-06-02T08:08:12Z,16,Donnée validée,10,Expertisée,20,Bonne,7.332793134,48.728811149,QmnJ
A3410200,A341020001,2008-11-09,639.0,2026-06-02T08:08:12Z,16,Donnée validée,10,Expertisée,20,Bonne,7.332793134,48.728811149,QmnJ
A3410200,A341020001,2008-11-10,681.0,2026-06-02T08:08:12Z,16,Donnée validée,10,Expertisée,20,Bonne,7.332793134,48.728811149,QmnJ
A3410200,A341020001,2008-11-11,849.0,2026-06-02T08:08:12Z,16,Donnée validée,10,Expertisée,20,Bonne,7.332793134,48.728811149,QmnJ
A3410200,A341020001,2008-11-12,817.0,2026-06-02T08:08:12Z,16,Donnée validée,10,Expertisée,20,Bonne,7.332793134,48.728811149,QmnJ
A3410200,A341020001,2008-11-13,689.0,2026-06-02T08:08:12Z,16,Donnée validée,10,Expertisée,20,Bonne,7.332793134,48.728811149,QmnJ
A3410200,A341020001,2008-11-14,578.0,2026-06-02T08:08:12Z,16,Donnée validée,10,Expertisée,20,Bonne,7.332793134,48.728811149,QmnJ
A3410200,A341020001,2008-11-15,624.0,2026-06-02T08:08:12Z,16,Donnée validée,10,Expertisée,20,Bonne,7.332793134,48.728811149,QmnJ
A3410200,A341020001,2008-11-16,641.0,2026-06-02T08:08:12Z,16,Donnée validée,10,Expertisée,20,Bonne,7.332793134,48.728811149,QmnJ
A3410200,A341020001,2008-11-17,660.0,2026-06-02T08:08:12Z,16,Donnée validée,10,Expertisée,20,Bonne,7.332793134,48.728811149,QmnJ
A3410200,A341020001,2008-11-18,578.0,2026-06-02T08:08:12Z,16,Donnée validée,10,Expertisée,20,Bonne,7.332793134,48.728811149,QmnJ
A3410200,A341020001,2008-11-19,594.0,2026-06-02T08:08:12Z,16,Donnée validée,10,Expertisée,20,Bonne,7.332793134,48.728811149,QmnJ
A3410200,A341020001,2008-11-20,618.0,2026-06-02T08:08:12Z,16,Donnée validée,10,Expertisée,20,Bonne,7.332793134,48.728811149,QmnJ
A3410200,A341020001,2008-11-21,2357.0,2026-06-02T08:08:12Z,16,Donnée validée,10,Expertisée,20,Bonne,7.332793134,48.728811149,QmnJ
A3410200,A341020001,2008-11-22,1676.0,2026-06-02T08:08:12Z,16,Donnée validée,10,Expertisée,20,Bonne,7.332793134,48.728811149,QmnJ
A3410200,A341020001,2008-11-23,1300.0,2026-06-02T08:08:12Z,16,Donnée validée,10,Expertisée,20,Bonne,7.332793134,48.728811149,QmnJ
A3410200,A341020001,2008-11-24,1398.0,2026-06-02T08:08:12Z,16,Donnée validée,10,Expertisée,20,Bonne,7.332793134,48.728811149,QmnJ
A3410200,A341020001,2008-11-25,1285.0,2026-06-02T08:08:12Z,16,Donnée validée,10,Expertisée,20,Bonne,7.332793134,48.728811149,QmnJ
A3410200,A341020001,2008-11-26,1073.0,2026-06-02T08:08:12Z,16,Donnée validée,10,Expertisée,20,Bonne,7.332793134,48.728811149,QmnJ
A3410200,A341020001,2008-11-27,932.0,2026-06-02T08:08:12Z,16,Donnée validée,10,Expertisée,20,Bonne,7.332793134,48.728811149,QmnJ
A3410200,A341020001,2008-11-28,900.0,2026-06-02T08:08:12Z,16,Donnée validée,10,Expertisée,20,Bonne,7.332793134,48.728811149,QmnJ
A3410200,A341020001,2008-11-29,968.0,2026-06-02T08:08:12Z,16,Donnée validée,10,Expertisée,20,Bonne,7.332793134,48.728811149,QmnJ
A3410200,A341020001,2008-11-30,992.0,2026-06-02T08:08:12Z,16,Donnée validée,10,Expertisée,20,Bonne,7.332793134,48.728811149,QmnJ
A3410200,A341020001,2008-12-01,931.0,2026-06-02T08:08:12Z,16,Donnée validée,10,Expertisée,20,Bonne,7.332793134,48.728811149,QmnJ
A3410200,A341020001,2008-12-02,920.0,2026-06-02T08:08:12Z,16,Donnée validée,10,Expertisée,20,Bonne,7.332793134,48.728811149,QmnJ
A3410200,A341020001,2008-12-03,857.0,2026-06-02T08:08:12Z,16,Donnée validée,10,Expertisée,20,Bonne,7.332793134,48.728811149,QmnJ
A3410200,A341020001,2008-12-04,1138.0,2026-06-02T08:08:12Z,16,Donnée validée,10,Expertisée,20,Bonne,7.332793134,48.728811149,QmnJ
A3410200,A341020001,2008-12-05,2465.0,2026-06-02T08:08:12Z,16,Donnée validée,10,Expertisée,20,Bonne,7.332793134,48.728811149,QmnJ
A3410200,A341020001,2008-12-06,2975.0,2026-06-02T08:08:12Z,16,Donnée validée,10,Expertisée,20,Bonne,7.332793134,48.728811149,QmnJ
A3410200,A341020001,2008-12-07,2463.0,2026-06-02T08:08:12Z,16,Donnée validée,10,Expertisée,20,Bonne,7.332793134,48.728811149,QmnJ
A3410200,A341020001,2008-12-08,1798.0,2026-06-02T08:08:12Z,16,Donnée validée,10,Expertisée,20,Bonne,7.332793134,48.728811149,QmnJ
A3410200,A341020001,2008-12-09,1564.0,2026-06-02T08:08:12Z,16,Donnée validée,10,Expertisée,20,Bonne,7.332793134,48.728811149,QmnJ
A3410200,A341020001,2008-12-10,1435.0,2026-06-02T08:08:12Z,16,Donnée validée,10,Expertisée,20,Bonne,7.332793134,48.728811149,QmnJ
A3410200,A341020001,2008-12-11,1138.0,2026-06-02T08:08:12Z,16,Donnée validée,10,Expertisée,20,Bonne,7.332793134,48.728811149,QmnJ
A3410200,A341020001,2008-12-12,853.0,2026-06-02T08:08:12Z,16,Donnée validée,10,Expertisée,20,Bonne,7.332793134,48.728811149,QmnJ
A3410200,A341020001,2008-12-13,865.0,2026-06-02T08:08:12Z,16,Donnée validée,10,Expertisée,20,Bonne,7.332793134,48.728811149,QmnJ
A3410200,A341020001,2008-12-14,981.0,2026-06-02T08:08:12Z,16,Donnée validée,10,Expertisée,20,Bonne,7.332793134,48.728811149,QmnJ
A3410200,A341020001,2008-12-15,836.0,2026-06-02T08:08:12Z,16,Donnée validée,10,Expertisée,20,Bonne,7.332793134,48.728811149,QmnJ
A3410200,A341020001,2008-12-16,671.0,2026-06-02T08:08:12Z,16,Donnée validée,10,Expertisée,20,Bonne,7.332793134,48.728811149,QmnJ
A3410200,A341020001,2008-12-17,672.0,2026-06-02T08:08:12Z,16,Donnée validée,10,Expertisée,20,Bonne,7.332793134,48.728811149,QmnJ
A3410200,A341020001,2008-12-18,797.0,2026-06-02T08:08:12Z,16,Donnée validée,10,Expertisée,20,Bonne,7.332793134,48.728811149,QmnJ
A3410200,A341020001,2008-12-19,978.0,2026-06-02T08:08:12Z,16,Donnée validée,10,Expertisée,20,Bonne,7.332793134,48.728811149,QmnJ
A3410200,A341020001,2008-12-20,1271.0,2026-06-02T08:08:12Z,16,Donnée validée,10,Expertisée,20,Bonne,7.332793134,48.728811149,QmnJ
A3410200,A341020001,2008-12-21,2163.0,2026-06-02T08:08:12Z,16,Donnée validée,10,Expertisée,20,Bonne,7.332793134,48.728811149,QmnJ
A3410200,A341020001,2008-12-22,1817.0,2026-06-02T08:08:12Z,16,Donnée validée,10,Expertisée,20,Bonne,7.332793134,48.728811149,QmnJ
A3410200,A341020001,2008-12-23,1716.0,2026-06-02T08:08:12Z,16,Donnée validée,10,Expertisée,20,Bonne,7.332793134,48.728811149,QmnJ
A3410200,A341020001,2008-12-24,1584.0,2026-06-02T08:08:12Z,16,Donnée validée,10,Expertisée,20,Bonne,7.332793134,48.728811149,QmnJ
A3410200,A341020001,2008-12-25,1687.0,2026-06-02T08:08:12Z,16,Donnée validée,10,Expertisée,20,Bonne,7.332793134,48.728811149,QmnJ
A3410200,A341020001,2008-12-26,1566.0,2026-06-02T08:08:12Z,16,Donnée validée,10,Expertisée,20,Bonne,7.332793134,48.728811149,QmnJ
A3410200,A341020001,2008-12-27,1498.0,2026-06-02T08:08:12Z,16,Donnée validée,10,Expertisée,20,Bonne,7.332793134,48.728811149,QmnJ
A3410200,A341020001,2008-12-28,1392.0,2026-06-02T08:08:12Z,16,Donnée validée,10,Expertisée,20,Bonne,7.332793134,48.728811149,QmnJ
A3410200,A341020001,2008-12-29,1349.0,2026-06-02T08:08:12Z,16,Donnée validée,10,Expertisée,20,Bonne,7.332793134,48.728811149,QmnJ
A3410200,A341020001,2008-12-30,1285.0,2026-06-02T08:08:12Z,16,Donnée validée,10,Expertisée,20,Bonne,7.332793134,48.728811149,QmnJ
A3410200,A341020001,2008-12-31,1298.0,2026-06-02T08:08:12Z,16,Donnée validée,10,Expertisée,20,Bonne,7.332793134,48.728811149,QmnJ
A3410200,A341020001,2009-01-01,1373.0,2026-06-02T08:08:12Z,16,Donnée validée,10,Expertisée,20,Bonne,7.332793134,48.728811149,QmnJ
A3410200,A341020001,2009-01-02,1279.0,2026-06-02T08:08:12Z,16,Donnée validée,10,Expertisée,20,Bonne,7.332793134,48.728811149,QmnJ
A3410200,A341020001,2009-01-03,1227.0,2026-06-02T08:08:12Z,16,Donnée validée,10,Expertisée,20,Bonne,7.332793134,48.728811149,QmnJ
A3410200,A341020001,2009-01-04,1221.0,2026-06-02T08:08:12Z,16,Donnée validée,10,Expertisée,20,Bonne,7.332793134,48.728811149,QmnJ
A3410200,A341020001,2009-01-05,1286.0,2026-06-02T08:08:12Z,16,Donnée validée,10,Expertisée,20,Bonne,7.332793134,48.728811149,QmnJ
A3410200,A341020001,2009-01-06,1223.0,2026-06-02T08:08:12Z,16,Donnée validée,10,Expertisée,20,Bonne,7.332793134,48.728811149,QmnJ
A3410200,A341020001,2009-01-07,1280.0,2026-06-02T08:08:12Z,16,Donnée validée,10,Expertisée,20,Bonne,7.332793134,48.728811149,QmnJ
A3410200,A341020001,2009-01-08,1259.0,2026-06-02T08:08:12Z,16,Donnée validée,10,Expertisée,20,Bonne,7.332793134,48.728811149,QmnJ
A3410200,A341020001,2009-01-09,1131.0,2026-06-02T08:08:12Z,16,Donnée validée,10,Expertisée,20,Bonne,7.332793134,48.728811149,QmnJ
A3410200,A341020001,2009-01-10,1472.0,2026-06-02T08:08:12Z,16,Donnée validée,10,Expertisée,20,Bonne,7.332793134,48.728811149,QmnJ
A3410200,A341020001,2009-01-11,1649.0,2026-06-02T08:08:12Z,16,Donnée validée,10,Expertisée,20,Bonne,7.332793134,48.728811149,QmnJ
A3410200,A341020001,2009-01-12,1237.0,2026-06-02T08:08:12Z,16,Donnée validée,10,Expertisée,20,Bonne,7.332793134,48.728811149,QmnJ
A3410200,A341020001,2009-01-13,1130.0,2026-06-02T08:08:12Z,16,Donnée validée,10,Expertisée,20,Bonne,7.332793134,48.728811149,QmnJ
A3410200,A341020001,2009-01-14,1199.0,2026-06-02T08:08:12Z,16,Donnée validée,10,Expertisée,20,Bonne,7.332793134,48.728811149,QmnJ
A3410200,A341020001,2009-01-15,1120.0,2026-06-02T08:08:12Z,16,Donnée validée,10,Expertisée,20,Bonne,7.332793134,48.728811149,QmnJ
A3410200,A341020001,2009-01-16,1031.0,2026-06-02T08:08:12Z,16,Donnée validée,10,Expertisée,20,Bonne,7.332793134,48.728811149,QmnJ
A3410200,A341020001,2009-01-17,1035.0,2026-06-02T08:08:12Z,16,Donnée validée,10,Expertisée,20,Bonne,7.332793134,48.728811149,QmnJ
A3410200,A341020001,2009-01-18,1301.0,2026-06-02T08:08:12Z,16,Donnée validée,10,Expertisée,20,Bonne,7.332793134,48.728811149,QmnJ
A3410200,A341020001,2009-01-19,1500.0,2026-06-02T08:08:12Z,16,Donnée validée,10,Expertisée,20,Bonne,7.332793134,48.728811149,QmnJ
A3410200,A341020001,2009-01-20,1448.0,2026-06-02T08:08:12Z,16,Donnée validée,10,Expertisée,20,Bonne,7.332793134,48.728811149,QmnJ
A3410200,A341020001,2009-01-21,1214.0,2026-06-02T08:08:12Z,16,Donnée validée,10,Expertisée,20,Bonne,7.332793134,48.728811149,QmnJ
A3410200,A341020001,2009-01-22,1113.0,2026-06-02T08:08:12Z,16,Donnée validée,10,Expertisée,20,Bonne,7.332793134,48.728811149,QmnJ
A3410200,A341020001,2009-01-23,2353.0,2026-06-02T08:08:12Z,16,Donnée validée,10,Expertisée,20,Bonne,7.332793134,48.728811149,QmnJ
A3410200,A341020001,2009-01-24,2378.0,2026-06-02T08:08:12Z,16,Donnée validée,10,Expertisée,20,Bonne,7.332793134,48.728811149,QmnJ
A3410200,A341020001,2009-01-25,1616.0,2026-06-02T08:08:12Z,16,Donnée validée,10,Expertisée,20,Bonne,7.332793134,48.728811149,QmnJ
A3410200,A341020001,2009-01-26,1435.0,2026-06-02T08:08:12Z,16,Donnée validée,10,Expertisée,20,Bonne,7.332793134,48.728811149,QmnJ
A3410200,A341020001,2009-01-27,1288.0,2026-06-02T08:08:12Z,16,Donnée validée,10,Expertisée,20,Bonne,7.332793134,48.728811149,QmnJ
A3410200,A341020001,2009-01-28,1147.0,2026-06-02T08:08:12Z,16,Donnée validée,10,Expertisée,20,Bonne,7.332793134,48.728811149,QmnJ
A3410200,A341020001,2009-01-29,1095.0,2026-06-02T08:08:12Z,16,Donnée validée,10,Expertisée,20,Bonne,7.332793134,48.728811149,QmnJ
A3410200,A341020001,2009-01-30,1043.0,2026-06-02T08:08:12Z,16,Donnée validée,10,Expertisée,20,Bonne,7.332793134,48.728811149,QmnJ
A3410200,A341020001,2009-01-31,1025.0,2026-06-02T08:08:12Z,16,Donnée validée,10,Expertisée,20,Bonne,7.332793134,48.728811149,QmnJ
A3410200,A341020001,2009-02-01,1043.0,2026-06-02T08:08:12Z,16,Donnée validée,10,Expertisée,20,Bonne,7.332793134,48.728811149,QmnJ
A3410200,A341020001,2009-02-02,1178.0,2026-06-02T08:08:12Z,16,Donnée validée,10,Expertisée,20,Bonne,7.332793134,48.728811149,QmnJ
A3410200,A341020001,2009-02-03,1149.0,2026-06-02T08:08:12Z,16,Donnée validée,10,Expertisée,20,Bonne,7.332793134,48.728811149,QmnJ
A3410200,A341020001,2009-02-04,1118.0,2026-06-02T08:08:12Z,16,Donnée validée,10,Expertisée,20,Bonne,7.332793134,48.728811149,QmnJ
A3410200,A341020001,2009-02-05,1028.0,2026-06-02T08:08:12Z,16,Donnée validée,10,Expertisée,20,Bonne,7.332793134,48.728811149,QmnJ
A3410200,A341020001,2009-02-06,1314.0,2026-06-02T08:08:12Z,16,Donnée validée,10,Expertisée,20,Bonne,7.332793134,48.728811149,QmnJ
A3410200,A341020001,2009-02-07,2153.0,2026-06-02T08:08:12Z,16,Donnée validée,10,Expertisée,20,Bonne,7.332793134,48.728811149,QmnJ
A3410200,A341020001,2009-02-08,2261.0,2026-06-02T08:08:12Z,16,Donnée validée,10,Expertisée,20,Bonne,7.332793134,48.728811149,QmnJ
A3410200,A341020001,2009-02-09,1857.0,2026-06-02T08:08:12Z,16,Donnée validée,10,Expertisée,20,Bonne,7.332793134,48.728811149,QmnJ
A3410200,A341020001,2009-02-10,3726.0,2026-06-02T08:08:12Z,16,Donnée validée,10,Expertisée,20,Bonne,7.332793134,48.728811149,QmnJ
A3410200,A341020001,2009-02-11,2754.0,2026-06-02T08:08:12Z,16,Donnée validée,10,Expertisée,20,Bonne,7.332793134,48.728811149,QmnJ
A3410200,A341020001,2009-02-12,2175.0,2026-06-02T08:08:12Z,16,Donnée validée,10,Expertisée,20,Bonne,7.332793134,48.728811149,QmnJ
A3410200,A341020001,2009-02-13,1979.0,2026-06-02T08:08:12Z,16,Donnée validée,10,Expertisée,20,Bonne,7.332793134,48.728811149,QmnJ
A3410200,A341020001,2009-02-14,1764.0,2026-06-02T08:08:12Z,16,Donnée validée,10,Expertisée,20,Bonne,7.332793134,48.728811149,QmnJ
A3410200,A341020001,2009-02-15,1597.0,2026-06-02T08:08:12Z,16,Donnée validée,10,Expertisée,20,Bonne,7.332793134,48.728811149,QmnJ
A3410200,A341020001,2009-02-16,1633.0,2026-06-02T08:08:12Z,16,Donnée validée,10,Expertisée,20,Bonne,7.332793134,48.728811149,QmnJ
A3410200,A341020001,2009-02-17,3977.0,2026-06-02T08:08:12Z,16,Donnée validée,10,Expertisée,20,Bonne,7.332793134,48.728811149,QmnJ
A3410200,A341020001,2009-02-18,3937.0,2026-06-02T08:08:12Z,16,Donnée validée,10,Expertisée,20,Bonne,7.332793134,48.728811149,QmnJ
A3410200,A341020001,2009-02-19,2930.0,2026-06-02T08:08:12Z,16,Donnée validée,10,Expertisée,20,Bonne,7.332793134,48.728811149,QmnJ
A3410200,A341020001,2009-02-20,2423.0,2026-06-02T08:08:12Z,16,Donnée validée,10,Expertisée,20,Bonne,7.332793134,48.728811149,QmnJ
A3410200,A341020001,2009-02-21,2357.0,2026-06-02T08:08:12Z,16,Donnée validée,10,Expertisée,20,Bonne,7.332793134,48.728811149,QmnJ
A3410200,A341020001,2009-02-22,2859.0,2026-06-02T08:08:12Z,16,Donnée validée,10,Expertisée,20,Bonne,7.332793134,48.728811149,QmnJ
A3410200,A341020001,2009-02-23,3188.0,2026-06-02T08:08:12Z,16,Donnée validée,10,Expertisée,20,Bonne,7.332793134,48.728811149,QmnJ
A3410200,A341020001,2009-02-24,2907.0,2026-06-02T08:08:12Z,16,Donnée validée,10,Expertisée,20,Bonne,7.332793134,48.728811149,QmnJ
A3410200,A341020001,2009-02-25,2604.0,2026-06-02T08:08:12Z,16,Donnée validée,10,Expertisée,20,Bonne,7.332793134,48.728811149,QmnJ
A3410200,A341020001,2009-02-26,2497.0,2026-06-02T08:08:12Z,16,Donnée validée,10,Expertisée,20,Bonne,7.332793134,48.728811149,QmnJ
A3410200,A341020001,2009-02-27,2527.0,2026-06-02T08:08:12Z,16,Donnée validée,10,Expertisée,20,Bonne,7.332793134,48.728811149,QmnJ
A3410200,A341020001,2009-02-28,2477.0,2026-06-02T08:08:12Z,16,Donnée validée,10,Expertisée,20,Bonne,7.332793134,48.728811149,QmnJ
A3410200,A341020001,2009-03-01,2477.0,2026-06-02T08:08:12Z,16,Donnée validée,10,Expertisée,20,Bonne,7.332793134,48.728811149,QmnJ
A3410200,A341020001,2009-03-02,2621.0,2026-06-02T08:08:12Z,16,Donnée validée,10,Expertisée,20,Bonne,7.332793134,48.728811149,QmnJ
A3410200,A341020001,2009-03-03,2575.0,2026-06-02T08:08:12Z,16,Donnée validée,10,Expertisée,20,Bonne,7.332793134,48.728811149,QmnJ
A3410200,A341020001,2009-03-04,2672.0,2026-06-02T08:08:12Z,16,Donnée validée,10,Expertisée,20,Bonne,7.332793134,48.728811149,QmnJ
A3410200,A341020001,2009-03-05,3944.0,2026-06-02T08:08:12Z,16,Donnée validée,10,Expertisée,20,Bonne,7.332793134,48.728811149,QmnJ
A3410200,A341020001,2009-03-06,6943.0,2026-06-02T08:08:12Z,16,Donnée validée,10,Expertisée,20,Bonne,7.332793134,48.728811149,QmnJ
A3410200,A341020001,2009-03-07,7489.0,2026-06-02T08:08:12Z,16,Donnée validée,10,Expertisée,20,Bonne,7.332793134,48.728811149,QmnJ
A3410200,A341020001,2009-03-08,6557.0,2026-06-02T08:08:12Z,16,Donnée validée,10,Expertisée,20,Bonne,7.332793134,48.728811149,QmnJ
A3410200,A341020001,2009-03-09,7760.0,2026-06-02T08:08:12Z,16,Donnée validée,10,Expertisée,20,Bonne,7.332793134,48.728811149,QmnJ
A3410200,A341020001,2009-03-10,7823.0,2026-06-02T08:08:12Z,16,Donnée validée,10,Expertisée,20,Bonne,7.332793134,48.728811149,QmnJ
A3410200,A341020001,2009-03-11,8474.0,2026-06-02T08:08:12Z,16,Donnée validée,10,Expertisée,20,Bonne,7.332793134,48.728811149,QmnJ
A3410200,A341020001,2009-03-12,7892.0,2026-06-02T08:08:12Z,16,Donnée validée,10,Expertisée,20,Bonne,7.332793134,48.728811149,QmnJ
A3410200,A341020001,2009-03-13,7679.0,2026-06-02T08:08:12Z,16,Donnée validée,10,Expertisée,20,Bonne,7.332793134,48.728811149,QmnJ
A3410200,A341020001,2009-03-14,7400.0,2026-06-02T08:08:12Z,16,Donnée validée,10,Expertisée,20,Bonne,7.332793134,48.728811149,QmnJ
A3410200,A341020001,2009-03-15,6802.0,2026-06-02T08:08:12Z,16,Donnée validée,10,Expertisée,20,Bonne,7.332793134,48.728811149,QmnJ
A3410200,A341020001,2009-03-16,6350.0,2026-06-02T08:08:12Z,16,Donnée validée,10,Expertisée,20,Bonne,7.332793134,48.728811149,QmnJ
A3410200,A341020001,2009-03-17,5603.0,2026-06-02T08:08:12Z,16,Donnée validée,10,Expertisée,20,Bonne,7.332793134,48.728811149,QmnJ
A3410200,A341020001,2009-03-18,5191.0,2026-06-02T08:08:12Z,16,Donnée validée,10,Expertisée,20,Bonne,7.332793134,48.728811149,QmnJ
A3410200,A341020001,2009-03-19,4754.0,2026-06-02T08:08:12Z,16,Donnée validée,10,Expertisée,20,Bonne,7.332793134,48.728811149,QmnJ
A3410200,A341020001,2009-03-20,4394.0,2026-06-02T08:08:12Z,16,Donnée validée,10,Expertisée,20,Bonne,7.332793134,48.728811149,QmnJ
A3410200,A341020001,2009-03-21,3915.0,2026-06-02T08:08:12Z,16,Donnée validée,10,Expertisée,20,Bonne,7.332793134,48.728811149,QmnJ
A3410200,A341020001,2009-03-22,3788.0,2026-06-02T08:08:12Z,16,Donnée validée,10,Expertisée,20,Bonne,7.332793134,48.728811149,QmnJ
A3410200,A341020001,2009-03-23,3656.0,2026-06-02T08:08:12Z,16,Donnée validée,10,Expertisée,20,Bonne,7.332793134,48.728811149,QmnJ
A3410200,A341020001,2009-03-24,4048.0,2026-06-02T08:08:12Z,16,Donnée validée,10,Expertisée,20,Bonne,7.332793134,48.728811149,QmnJ
A3410200,A341020001,2009-03-25,3982.0,2026-06-02T08:08:12Z,16,Donnée validée,10,Expertisée,20,Bonne,7.332793134,48.728811149,QmnJ
A3410200,A341020001,2009-03-26,4378.0,2026-06-02T08:08:12Z,16,Donnée validée,10,Expertisée,20,Bonne,7.332793134,48.728811149,QmnJ
A3410200,A341020001,2009-03-27,4367.0,2026-06-02T08:08:12Z,16,Donnée validée,10,Expertisée,20,Bonne,7.332793134,48.728811149,QmnJ
A3410200,A341020001,2009-03-28,4785.0,2026-06-02T08:08:12Z,16,Donnée validée,10,Expertisée,20,Bonne,7.332793134,48.728811149,QmnJ
A3410200,A341020001,2009-03-29,4195.0,2026-06-02T08:08:12Z,16,Donnée validée,10,Expertisée,20,Bonne,7.332793134,48.728811149,QmnJ
A3410200,A341020001,2009-03-30,3577.0,2026-06-02T08:08:12Z,16,Donnée validée,10,Expertisée,20,Bonne,7.332793134,48.728811149,QmnJ
A3410200,A341020001,2009-03-31,3213.0,2026-06-02T08:08:12Z,16,Donnée validée,10,Expertisée,20,Bonne,7.332793134,48.728811149,QmnJ
A3410200,A341020001,2009-04-01,3240.0,2026-06-02T08:08:12Z,16,Donnée validée,10,Expertisée,20,Bonne,7.332793134,48.728811149,QmnJ
A3410200,A341020001,2009-04-02,3234.0,2026-06-02T08:08:12Z,16,Donnée validée,10,Expertisée,20,Bonne,7.332793134,48.728811149,QmnJ
A3410200,A341020001,2009-04-03,2797.0,2026-06-02T08:08:12Z,16,Donnée validée,10,Expertisée,20,Bonne,7.332793134,48.728811149,QmnJ
A3410200,A341020001,2009-04-04,2631.0,2026-06-02T08:08:12Z,16,Donnée validée,10,Expertisée,20,Bonne,7.332793134,48.728811149,QmnJ
A3410200,A341020001,2009-04-05,2533.0,2026-06-02T08:08:12Z,16,Donnée validée,10,Expertisée,20,Bonne,7.332793134,48.728811149,QmnJ
A3410200,A341020001,2009-04-06,2560.0,2026-06-02T08:08:12Z,16,Donnée validée,10,Expertisée,20,Bonne,7.332793134,48.728811149,QmnJ
A3410200,A341020001,2009-04-07,2467.0,2026-06-02T08:08:12Z,16,Donnée validée,10,Expertisée,20,Bonne,7.332793134,48.728811149,QmnJ
A3410200,A341020001,2009-04-08,2650.0,2026-06-02T08:08:12Z,16,Donnée validée,10,Expertisée,20,Bonne,7.332793134,48.728811149,QmnJ
A3410200,A341020001,2009-04-09,2691.0,2026-06-02T08:08:12Z,16,Donnée validée,10,Expertisée,20,Bonne,7.332793134,48.728811149,QmnJ
A3410200,A341020001,2009-04-10,2455.0,2026-06-02T08:08:12Z,16,Donnée validée,10,Expertisée,20,Bonne,7.332793134,48.728811149,QmnJ
A3410200,A341020001,2009-04-11,2398.0,2026-06-02T08:08:12Z,16,Donnée validée,10,Expertisée,20,Bonne,7.332793134,48.728811149,QmnJ
A3410200,A341020001,2009-04-12,2278.0,2026-06-02T08:08:12Z,16,Donnée validée,10,Expertisée,20,Bonne,7.332793134,48.728811149,QmnJ
A3410200,A341020001,2009-04-13,2433.0,2026-06-02T08:08:12Z,16,Donnée validée,10,Expertisée,20,Bonne,7.332793134,48.728811149,QmnJ
A3410200,A341020001,2009-04-14,2116.0,2026-06-02T08:08:12Z,16,Donnée validée,10,Expertisée,20,Bonne,7.332793134,48.728811149,QmnJ
A3410200,A341020001,2009-04-15,1923.0,2026-06-02T08:08:12Z,16,Donnée validée,10,Expertisée,20,Bonne,7.332793134,48.728811149,QmnJ
A3410200,A341020001,2009-04-16,1957.0,2026-06-02T08:08:12Z,16,Donnée validée,10,Expertisée,20,Bonne,7.332793134,48.728811149,QmnJ
A3410200,A341020001,2009-04-17,2263.0,2026-06-02T08:08:12Z,16,Donnée validée,10,Expertisée,20,Bonne,7.332793134,48.728811149,QmnJ
A3410200,A341020001,2009-04-18,2496.0,2026-06-02T08:08:12Z,16,Donnée validée,10,Expertisée,20,Bonne,7.332793134,48.728811149,QmnJ
A3410200,A341020001,2009-04-19,2425.0,2026-06-02T08:08:12Z,16,Donnée validée,10,Expertisée,20,Bonne,7.332793134,48.728811149,QmnJ
A3410200,A341020001,2009-04-20,2086.0,2026-06-02T08:08:12Z,16,Donnée validée,10,Expertisée,20,Bonne,7.332793134,48.728811149,QmnJ
A3410200,A341020001,2009-04-21,1844.0,2026-06-02T08:08:12Z,16,Donnée validée,10,Expertisée,20,Bonne,7.332793134,48.728811149,QmnJ
A3410200,A341020001,2009-04-22,1751.0,2026-06-02T08:08:12Z,16,Donnée validée,10,Expertisée,20,Bonne,7.332793134,48.728811149,QmnJ
A3410200,A341020001,2009-04-23,1665.0,2026-06-02T08:08:12Z,16,Donnée validée,10,Expertisée,20,Bonne,7.332793134,48.728811149,QmnJ
A3410200,A341020001,2009-04-24,1621.0,2026-06-02T08:08:12Z,16,Donnée validée,10,Expertisée,20,Bonne,7.332793134,48.728811149,QmnJ
A3410200,A341020001,2009-04-25,1645.0,2026-06-02T08:08:12Z,16,Donnée validée,10,Expertisée,20,Bonne,7.332793134,48.728811149,QmnJ
A3410200,A341020001,2009-04-26,1670.0,2026-06-02T08:08:12Z,16,Donnée validée,10,Expertisée,20,Bonne,7.332793134,48.728811149,QmnJ
A3410200,A341020001,2009-04-27,1711.0,2026-06-02T08:08:12Z,16,Donnée validée,10,Expertisée,20,Bonne,7.332793134,48.728811149,QmnJ
A3410200,A341020001,2009-04-28,1628.0,2026-06-02T08:08:12Z,16,Donnée validée,10,Expertisée,20,Bonne,7.332793134,48.728811149,QmnJ
A3410200,A341020001,2009-04-29,1736.0,2026-06-02T08:08:12Z,16,Donnée validée,10,Expertisée,20,Bonne,7.332793134,48.728811149,QmnJ
A3410200,A341020001,2009-04-30,1594.0,2026-06-02T08:08:12Z,16,Donnée validée,10,Expertisée,20,Bonne,7.332793134,48.728811149,QmnJ
A3410200,A341020001,2009-05-01,1562.0,2026-06-02T08:08:12Z,16,Donnée validée,10,Expertisée,20,Bonne,7.332793134,48.728811149,QmnJ
A3410200,A341020001,2009-05-02,1565.0,2026-06-02T08:08:12Z,16,Donnée validée,10,Expertisée,20,Bonne,7.332793134,48.728811149,QmnJ
A3410200,A341020001,2009-05-03,1331.0,2026-06-02T08:08:12Z,16,Donnée validée,10,Expertisée,20,Bonne,7.332793134,48.728811149,QmnJ
A3410200,A341020001,2009-05-04,1286.0,2026-06-02T08:08:12Z,16,Donnée validée,10,Expertisée,20,Bonne,7.332793134,48.728811149,QmnJ
A3410200,A341020001,2009-05-05,1117.0,2026-06-02T08:08:12Z,16,Donnée validée,10,Expertisée,20,Bonne,7.332793134,48.728811149,QmnJ
A3410200,A341020001,2009-05-06,1198.0,2026-06-02T08:08:12Z,16,Donnée validée,10,Expertisée,20,Bonne,7.332793134,48.728811149,QmnJ
A3410200,A341020001,2009-05-07,1154.0,2026-06-02T08:08:12Z,16,Donnée validée,10,Expertisée,20,Bonne,7.332793134,48.728811149,QmnJ
A3410200,A341020001,2009-05-08,1164.0,2026-06-02T08:08:12Z,16,Donnée validée,10,Expertisée,20,Bonne,7.332793134,48.728811149,QmnJ
A3410200,A341020001,2009-05-09,1142.0,2026-06-02T08:08:12Z,16,Donnée validée,10,Expertisée,20,Bonne,7.332793134,48.728811149,QmnJ
A3410200,A341020001,2009-05-10,1117.0,2026-06-02T08:08:12Z,16,Donnée validée,10,Expertisée,20,Bonne,7.332793134,48.728811149,QmnJ
A3410200,A341020001,2009-05-11,1208.0,2026-06-02T08:08:12Z,16,Donnée validée,10,Expertisée,20,Bonne,7.332793134,48.728811149,QmnJ
A3410200,A341020001,2009-05-12,1533.0,2026-06-02T08:08:12Z,16,Donnée validée,10,Expertisée,20,Bonne,7.332793134,48.728811149,QmnJ
A3410200,A341020001,2009-05-13,1305.0,2026-06-02T08:08:12Z,16,Donnée validée,10,Expertisée,20,Bonne,7.332793134,48.728811149,QmnJ
A3410200,A341020001,2009-05-14,2108.0,2026-06-02T08:08:12Z,16,Donnée validée,10,Expertisée,20,Bonne,7.332793134,48.728811149,QmnJ
A3410200,A341020001,2009-05-15,1375.0,2026-06-02T08:08:12Z,16,Donnée validée,10,Expertisée,20,Bonne,7.332793134,48.728811149,QmnJ
A3410200,A341020001,2009-05-16,1198.0,2026-06-02T08:08:12Z,16,Donnée validée,10,Expertisée,20,Bonne,7.332793134,48.728811149,QmnJ
A3410200,A341020001,2009-05-17,1165.0,2026-06-02T08:08:12Z,16,Donnée validée,10,Expertisée,20,Bonne,7.332793134,48.728811149,QmnJ
A3410200,A341020001,2009-05-18,1164.0,2026-06-02T08:08:12Z,16,Donnée validée,10,Expertisée,20,Bonne,7.332793134,48.728811149,QmnJ
A3410200,A341020001,2009-05-19,1169.0,2026-06-02T08:08:12Z,16,Donnée validée,10,Expertisée,20,Bonne,7.332793134,48.728811149,QmnJ
A3410200,A341020001,2009-05-20,1194.0,2026-06-02T08:08:12Z,16,Donnée validée,10,Expertisée,20,Bonne,7.332793134,48.728811149,QmnJ
A3410200,A341020001,2009-05-21,1197.0,2026-06-02T08:08:12Z,16,Donnée validée,10,Expertisée,20,Bonne,7.332793134,48.728811149,QmnJ
A3410200,A341020001,2009-05-22,1131.0,2026-06-02T08:08:12Z,16,Donnée validée,10,Expertisée,20,Bonne,7.332793134,48.728811149,QmnJ
A3410200,A341020001,2009-05-23,1142.0,2026-06-02T08:08:12Z,16,Donnée validée,10,Expertisée,20,Bonne,7.332793134,48.728811149,QmnJ
A3410200,A341020001,2009-05-24,1137.0,2026-06-02T08:08:12Z,16,Donnée validée,10,Expertisée,20,Bonne,7.332793134,48.728811149,QmnJ
A3410200,A341020001,2009-05-25,1111.0,2026-06-02T08:08:12Z,16,Donnée validée,10,Expertisée,20,Bonne,7.332793134,48.728811149,QmnJ
A3410200,A341020001,2009-05-26,1107.0,2026-06-02T08:08:12Z,16,Donnée validée,10,Expertisée,20,Bonne,7.332793134,48.728811149,QmnJ
A3410200,A341020001,2009-05-27,1056.0,2026-06-02T08:08:12Z,16,Donnée validée,10,Expertisée,20,Bonne,7.332793134,48.728811149,QmnJ
A3410200,A341020001,2009-05-28,1021.0,2026-06-02T08:08:12Z,16,Donnée validée,10,Expertisée,20,Bonne,7.332793134,48.728811149,QmnJ
A3410200,A341020001,2009-05-29,1000.0,2026-06-02T08:08:12Z,16,Donnée validée,10,Expertisée,20,Bonne,7.332793134,48.728811149,QmnJ
A3410200,A341020001,2009-05-30,1001.0,2026-06-02T08:08:12Z,16,Donnée validée,10,Expertisée,20,Bonne,7.332793134,48.728811149,QmnJ
A3410200,A341020001,2009-05-31,1076.0,2026-06-02T08:08:12Z,16,Donnée validée,10,Expertisée,20,Bonne,7.332793134,48.728811149,QmnJ
A3410200,A341020001,2009-06-01,1074.0,2026-06-02T08:08:12Z,16,Donnée validée,10,Expertisée,20,Bonne,7.332793134,48.728811149,QmnJ
A3410200,A341020001,2009-06-02,1107.0,2026-06-02T08:08:12Z,16,Donnée validée,10,Expertisée,20,Bonne,7.332793134,48.728811149,QmnJ
A3410200,A341020001,2009-06-03,1079.0,2026-06-02T08:08:12Z,16,Donnée validée,10,Expertisée,20,Bonne,7.332793134,48.728811149,QmnJ
A3410200,A341020001,2009-06-04,1064.0,2026-06-02T08:08:12Z,16,Donnée validée,10,Expertisée,20,Bonne,7.332793134,48.728811149,QmnJ
A3410200,A341020001,2009-06-05,1073.0,2026-06-02T08:08:12Z,16,Donnée validée,10,Expertisée,20,Bonne,7.332793134,48.728811149,QmnJ
A3410200,A341020001,2009-06-06,1475.0,2026-06-02T08:08:12Z,16,Donnée validée,10,Expertisée,20,Bonne,7.332793134,48.728811149,QmnJ
A3410200,A341020001,2009-06-07,1845.0,2026-06-02T08:08:12Z,16,Donnée validée,10,Expertisée,20,Bonne,7.332793134,48.728811149,QmnJ
A3410200,A341020001,2009-06-08,1298.0,2026-06-02T08:08:12Z,16,Donnée validée,10,Expertisée,20,Bonne,7.332793134,48.728811149,QmnJ
A3410200,A341020001,2009-06-09,1329.0,2026-06-02T08:08:12Z,16,Donnée validée,10,Expertisée,20,Bonne,7.332793134,48.728811149,QmnJ
A3410200,A341020001,2009-06-10,1157.0,2026-06-02T08:08:12Z,16,Donnée validée,10,Expertisée,20,Bonne,7.332793134,48.728811149,QmnJ
A3410200,A341020001,2009-06-11,1192.0,2026-06-02T08:08:12Z,16,Donnée validée,10,Expertisée,20,Bonne,7.332793134,48.728811149,QmnJ
A3410200,A341020001,2009-06-12,1130.0,2026-06-02T08:08:12Z,16,Donnée validée,10,Expertisée,20,Bonne,7.332793134,48.728811149,QmnJ
A3410200,A341020001,2009-06-13,1113.0,2026-06-02T08:08:12Z,16,Donnée validée,10,Expertisée,20,Bonne,7.332793134,48.728811149,QmnJ
A3410200,A341020001,2009-06-14,1090.0,2026-06-02T08:08:12Z,16,Donnée validée,10,Expertisée,20,Bonne,7.332793134,48.728811149,QmnJ
A3410200,A341020001,2009-06-15,1199.0,2026-06-02T08:08:12Z,16,Donnée validée,10,Expertisée,20,Bonne,7.332793134,48.728811149,QmnJ
A3410200,A341020001,2009-06-16,1668.0,2026-06-02T08:08:12Z,16,Donnée validée,10,Expertisée,20,Bonne,7.332793134,48.728811149,QmnJ
A3410200,A341020001,2009-06-17,1251.0,2026-06-02T08:08:12Z,16,Donnée validée,10,Expertisée,20,Bonne,7.332793134,48.728811149,QmnJ
A3410200,A341020001,2009-06-18,1131.0,2026-06-02T08:08:12Z,16,Donnée validée,10,Expertisée,20,Bonne,7.332793134,48.728811149,QmnJ
A3410200,A341020001,2009-06-19,1175.0,2026-06-02T08:08:12Z,16,Donnée validée,10,Expertisée,20,Bonne,7.332793134,48.728811149,QmnJ
A3410200,A341020001,2009-06-20,1110.0,2026-06-02T08:08:12Z,16,Donnée validée,10,Expertisée,20,Bonne,7.332793134,48.728811149,QmnJ
A3410200,A341020001,2009-06-21,1127.0,2026-06-02T08:08:12Z,16,Donnée validée,10,Expertisée,20,Bonne,7.332793134,48.728811149,QmnJ
A3410200,A341020001,2009-06-22,1229.0,2026-06-02T08:08:12Z,16,Donnée validée,10,Expertisée,20,Bonne,7.332793134,48.728811149,QmnJ
A3410200,A341020001,2009-06-23,1203.0,2026-06-02T08:08:12Z,16,Donnée validée,10,Expertisée,20,Bonne,7.332793134,48.728811149,QmnJ
A3410200,A341020001,2009-06-24,1117.0,2026-06-02T08:08:12Z,16,Donnée validée,10,Expertisée,20,Bonne,7.332793134,48.728811149,QmnJ
A3410200,A341020001,2009-06-25,1116.0,2026-06-02T08:08:12Z,16,Donnée validée,10,Expertisée,20,Bonne,7.332793134,48.728811149,QmnJ
A3410200,A341020001,2009-06-26,1138.0,2026-06-02T08:08:12Z,16,Donnée validée,10,Expertisée,20,Bonne,7.332793134,48.728811149,QmnJ
A3410200,A341020001,2009-06-27,1172.0,2026-06-02T08:08:12Z,16,Donnée validée,10,Expertisée,20,Bonne,7.332793134,48.728811149,QmnJ
A3410200,A341020001,2009-06-28,1265.0,2026-06-02T08:08:12Z,16,Donnée validée,10,Expertisée,20,Bonne,7.332793134,48.728811149,QmnJ
A3410200,A341020001,2009-06-29,1172.0,2026-06-02T08:08:12Z,16,Donnée validée,10,Expertisée,20,Bonne,7.332793134,48.728811149,QmnJ
A3410200,A341020001,2009-06-30,1147.0,2026-06-02T08:08:12Z,16,Donnée validée,10,Expertisée,20,Bonne,7.332793134,48.728811149,QmnJ
A3410200,A341020001,2009-07-01,1207.0,2026-06-02T08:08:12Z,16,Donnée validée,10,Expertisée,20,Bonne,7.332793134,48.728811149,QmnJ
A3410200,A341020001,2009-07-02,1117.0,2026-06-02T08:08:12Z,16,Donnée validée,10,Expertisée,20,Bonne,7.332793134,48.728811149,QmnJ
A3410200,A341020001,2009-07-03,1106.0,2026-06-02T08:08:12Z,16,Donnée validée,10,Expertisée,20,Bonne,7.332793134,48.728811149,QmnJ
A3410200,A341020001,2009-07-04,1156.0,2026-06-02T08:08:12Z,16,Donnée validée,10,Expertisée,20,Bonne,7.332793134,48.728811149,QmnJ
A3410200,A341020001,2009-07-05,1154.0,2026-06-02T08:08:12Z,16,Donnée validée,10,Expertisée,20,Bonne,7.332793134,48.728811149,QmnJ
A3410200,A341020001,2009-07-06,1555.0,2026-06-02T08:08:12Z,16,Donnée validée,10,Expertisée,20,Bonne,7.332793134,48.728811149,QmnJ
A3410200,A341020001,2009-07-07,1081.0,2026-06-02T08:08:12Z,16,Donnée validée,10,Expertisée,20,Bonne,7.332793134,48.728811149,QmnJ
A3410200,A341020001,2009-07-08,1352.0,2026-06-02T08:08:12Z,16,Donnée validée,10,Expertisée,20,Bonne,7.332793134,48.728811149,QmnJ
A3410200,A341020001,2009-07-09,1251.0,2026-06-02T08:08:12Z,16,Donnée validée,10,Expertisée,20,Bonne,7.332793134,48.728811149,QmnJ
A3410200,A341020001,2009-07-10,1037.0,2026-06-02T08:08:12Z,16,Donnée validée,10,Expertisée,20,Bonne,7.332793134,48.728811149,QmnJ
A3410200,A341020001,2009-07-11,939.0,2026-06-02T08:08:12Z,16,Donnée validée,10,Expertisée,20,Bonne,7.332793134,48.728811149,QmnJ
A3410200,A341020001,2009-07-12,952.0,2026-06-02T08:08:12Z,16,Donnée validée,10,Expertisée,20,Bonne,7.332793134,48.728811149,QmnJ
A3410200,A341020001,2009-07-13,958.0,2026-06-02T08:08:12Z,16,Donnée validée,10,Expertisée,20,Bonne,7.332793134,48.728811149,QmnJ
A3410200,A341020001,2009-07-14,3374.0,2026-06-02T08:08:12Z,16,Donnée validée,10,Expertisée,20,Bonne,7.332793134,48.728811149,QmnJ
A3410200,A341020001,2009-07-15,2321.0,2026-06-02T08:08:12Z,16,Donnée validée,10,Expertisée,20,Bonne,7.332793134,48.728811149,QmnJ
A3410200,A341020001,2009-07-16,1615.0,2026-06-02T08:08:12Z,16,Donnée validée,10,Expertisée,20,Bonne,7.332793134,48.728811149,QmnJ
A3410200,A341020001,2009-07-17,1495.0,2026-06-02T08:08:12Z,16,Donnée validée,10,Expertisée,20,Bonne,7.332793134,48.728811149,QmnJ
A3410200,A341020001,2009-07-18,1294.0,2026-06-02T08:08:12Z,16,Donnée validée,10,Expertisée,20,Bonne,7.332793134,48.728811149,QmnJ
A3410200,A341020001,2009-07-19,1109.0,2026-06-02T08:08:12Z,16,Donnée validée,10,Expertisée,20,Bonne,7.332793134,48.728811149,QmnJ
A3410200,A341020001,2009-07-20,1231.0,2026-06-02T08:08:12Z,16,Donnée validée,10,Expertisée,20,Bonne,7.332793134,48.728811149,QmnJ
A3410200,A341020001,2009-07-21,1092.0,2026-06-02T08:08:12Z,16,Donnée validée,10,Expertisée,20,Bonne,7.332793134,48.728811149,QmnJ
A3410200,A341020001,2009-07-22,1054.0,2026-06-02T08:08:12Z,16,Donnée validée,10,Expertisée,20,Bonne,7.332793134,48.728811149,QmnJ
A3410200,A341020001,2009-07-23,1438.0,2026-06-02T08:08:12Z,16,Donnée validée,10,Expertisée,20,Bonne,7.332793134,48.728811149,QmnJ
A3410200,A341020001,2009-07-24,1423.0,2026-06-02T08:08:12Z,16,Donnée validée,10,Expertisée,20,Bonne,7.332793134,48.728811149,QmnJ
A3410200,A341020001,2009-07-25,1102.0,2026-06-02T08:08:12Z,16,Donnée validée,10,Expertisée,20,Bonne,7.332793134,48.728811149,QmnJ
A3410200,A341020001,2009-07-26,1077.0,2026-06-02T08:08:12Z,16,Donnée validée,10,Expertisée,20,Bonne,7.332793134,48.728811149,QmnJ
A3410200,A341020001,2009-07-27,1085.0,2026-06-02T08:08:12Z,16,Donnée validée,10,Expertisée,20,Bonne,7.332793134,48.728811149,QmnJ
A3410200,A341020001,2009-07-28,1165.0,2026-06-02T08:08:12Z,16,Donnée validée,10,Expertisée,20,Bonne,7.332793134,48.728811149,QmnJ
A3410200,A341020001,2009-07-29,1024.0,2026-06-02T08:08:12Z,16,Donnée validée,10,Expertisée,20,Bonne,7.332793134,48.728811149,QmnJ
A3410200,A341020001,2009-07-30,989.0,2026-06-02T08:08:12Z,16,Donnée validée,10,Expertisée,20,Bonne,7.332793134,48.728811149,QmnJ
A3410200,A341020001,2009-07-31,949.0,2026-06-02T08:08:12Z,16,Donnée validée,10,Expertisée,20,Bonne,7.332793134,48.728811149,QmnJ
A3410200,A341020001,2009-08-01,989.0,2026-06-02T08:08:12Z,16,Donnée validée,10,Expertisée,20,Bonne,7.332793134,48.728811149,QmnJ
A3410200,A341020001,2009-08-02,1132.0,2026-06-02T08:08:12Z,16,Donnée validée,10,Expertisée,20,Bonne,7.332793134,48.728811149,QmnJ
A3410200,A341020001,2009-08-03,1080.0,2026-06-02T08:08:12Z,16,Donnée validée,10,Expertisée,20,Bonne,7.332793134,48.728811149,QmnJ
A3410200,A341020001,2009-08-04,991.0,2026-06-02T08:08:12Z,16,Donnée validée,10,Expertisée,20,Bonne,7.332793134,48.728811149,QmnJ
A3410200,A341020001,2009-08-05,957.0,2026-06-02T08:08:12Z,16,Donnée validée,10,Expertisée,20,Bonne,7.332793134,48.728811149,QmnJ
A3410200,A341020001,2009-08-06,966.0,2026-06-02T08:08:12Z,16,Donnée validée,10,Expertisée,20,Bonne,7.332793134,48.728811149,QmnJ
A3410200,A341020001,2009-08-07,961.0,2026-06-02T08:08:12Z,16,Donnée validée,10,Expertisée,20,Bonne,7.332793134,48.728811149,QmnJ
A3410200,A341020001,2009-08-08,1014.0,2026-06-02T08:08:12Z,16,Donnée validée,10,Expertisée,20,Bonne,7.332793134,48.728811149,QmnJ
A3410200,A341020001,2009-08-09,1066.0,2026-06-02T08:08:12Z,16,Donnée validée,10,Expertisée,20,Bonne,7.332793134,48.728811149,QmnJ
A3410200,A341020001,2009-08-10,1738.0,2026-06-02T08:08:12Z,16,Donnée validée,10,Expertisée,20,Bonne,7.332793134,48.728811149,QmnJ
A3410200,A341020001,2009-08-11,1124.0,2026-06-02T08:08:12Z,16,Donnée validée,10,Expertisée,20,Bonne,7.332793134,48.728811149,QmnJ
A3410200,A341020001,2009-08-12,1070.0,2026-06-02T08:08:12Z,16,Donnée validée,10,Expertisée,20,Bonne,7.332793134,48.728811149,QmnJ
A3410200,A341020001,2009-08-13,1070.0,2026-06-02T08:08:12Z,16,Donnée validée,10,Expertisée,20,Bonne,7.332793134,48.728811149,QmnJ
A3410200,A341020001,2009-08-14,1351.0,2026-06-02T08:08:12Z,16,Donnée validée,10,Expertisée,20,Bonne,7.332793134,48.728811149,QmnJ
A3410200,A341020001,2009-08-15,1122.0,2026-06-02T08:08:12Z,16,Donnée validée,10,Expertisée,20,Bonne,7.332793134,48.728811149,QmnJ
A3410200,A341020001,2009-08-16,1088.0,2026-06-02T08:08:12Z,16,Donnée validée,10,Expertisée,20,Bonne,7.332793134,48.728811149,QmnJ
A3410200,A341020001,2009-08-17,1038.0,2026-06-02T08:08:12Z,16,Donnée validée,10,Expertisée,20,Bonne,7.332793134,48.728811149,QmnJ
A3410200,A341020001,2009-08-18,1032.0,2026-06-02T08:08:12Z,16,Donnée validée,10,Expertisée,20,Bonne,7.332793134,48.728811149,QmnJ
A3410200,A341020001,2009-08-19,1038.0,2026-06-02T08:08:12Z,16,Donnée validée,10,Expertisée,20,Bonne,7.332793134,48.728811149,QmnJ
A3410200,A341020001,2009-08-20,1019.0,2026-06-02T08:08:12Z,16,Donnée validée,10,Expertisée,20,Bonne,7.332793134,48.728811149,QmnJ
A3410200,A341020001,2009-08-21,1038.0,2026-06-02T08:08:12Z,16,Donnée validée,10,Expertisée,20,Bonne,7.332793134,48.728811149,QmnJ
A3410200,A341020001,2009-08-22,1013.0,2026-06-02T08:08:12Z,16,Donnée validée,10,Expertisée,20,Bonne,7.332793134,48.728811149,QmnJ
A3410200,A341020001,2009-08-23,988.0,2026-06-02T08:08:12Z,16,Donnée validée,10,Expertisée,20,Bonne,7.332793134,48.728811149,QmnJ
A3410200,A341020001,2009-08-24,990.0,2026-06-02T08:08:12Z,16,Donnée validée,10,Expertisée,20,Bonne,7.332793134,48.728811149,QmnJ
A3410200,A341020001,2009-08-25,1039.0,2026-06-02T08:08:12Z,16,Donnée validée,10,Expertisée,20,Bonne,7.332793134,48.728811149,QmnJ
A3410200,A341020001,2009-08-26,1074.0,2026-06-02T08:08:12Z,16,Donnée validée,10,Expertisée,20,Bonne,7.332793134,48.728811149,QmnJ
A3410200,A341020001,2009-08-27,1025.0,2026-06-02T08:08:12Z,16,Donnée validée,10,Expertisée,20,Bonne,7.332793134,48.728811149,QmnJ
A3410200,A341020001,2009-08-28,998.0,2026-06-02T08:08:12Z,16,Donnée validée,10,Expertisée,20,Bonne,7.332793134,48.728811149,QmnJ
A3410200,A341020001,2009-08-29,941.0,2026-06-02T08:08:12Z,16,Donnée validée,10,Expertisée,20,Bonne,7.332793134,48.728811149,QmnJ
A3410200,A341020001,2009-08-30,938.0,2026-06-02T08:08:12Z,16,Donnée validée,10,Expertisée,20,Bonne,7.332793134,48.728811149,QmnJ
A3410200,A341020001,2009-08-31,900.0,2026-06-02T08:08:12Z,16,Donnée validée,10,Expertisée,20,Bonne,7.332793134,48.728811149,QmnJ
A3410200,A341020001,2009-09-01,906.0,2026-06-02T08:08:12Z,16,Donnée validée,10,Expertisée,20,Bonne,7.332793134,48.728811149,QmnJ
A3410200,A341020001,2009-09-02,928.0,2026-06-02T08:08:12Z,16,Donnée validée,10,Expertisée,20,Bonne,7.332793134,48.728811149,QmnJ
A3410200,A341020001,2009-09-03,1004.0,2026-06-02T08:08:12Z,16,Donnée validée,10,Expertisée,20,Bonne,7.332793134,48.728811149,QmnJ
A3410200,A341020001,2009-09-04,1043.0,2026-06-02T08:08:12Z,16,Donnée validée,10,Expertisée,20,Bonne,7.332793134,48.728811149,QmnJ
A3410200,A341020001,2009-09-05,971.0,2026-06-02T08:08:12Z,16,Donnée validée,10,Expertisée,20,Bonne,7.332793134,48.728811149,QmnJ
A3410200,A341020001,2009-09-06,890.0,2026-06-02T08:08:12Z,16,Donnée validée,10,Expertisée,20,Bonne,7.332793134,48.728811149,QmnJ
A3410200,A341020001,2009-09-07,873.0,2026-06-02T08:08:12Z,16,Donnée validée,10,Expertisée,20,Bonne,7.332793134,48.728811149,QmnJ
A3410200,A341020001,2009-09-08,849.0,2026-06-02T08:08:12Z,16,Donnée validée,10,Expertisée,20,Bonne,7.332793134,48.728811149,QmnJ
A3410200,A341020001,2009-09-09,832.0,2026-06-02T08:08:12Z,16,Donnée validée,10,Expertisée,20,Bonne,7.332793134,48.728811149,QmnJ
A3410200,A341020001,2009-09-10,808.0,2026-06-02T08:08:12Z,16,Donnée validée,10,Expertisée,20,Bonne,7.332793134,48.728811149,QmnJ
A3410200,A341020001,2009-09-11,774.0,2026-06-02T08:08:12Z,16,Donnée validée,10,Expertisée,20,Bonne,7.332793134,48.728811149,QmnJ
A3410200,A341020001,2009-09-12,797.0,2026-06-02T08:08:12Z,16,Donnée validée,10,Expertisée,20,Bonne,7.332793134,48.728811149,QmnJ
A3410200,A341020001,2009-09-13,813.0,2026-06-02T08:08:12Z,16,Donnée validée,10,Expertisée,20,Bonne,7.332793134,48.728811149,QmnJ
A3410200,A341020001,2009-09-14,911.0,2026-06-02T08:08:12Z,16,Donnée validée,10,Expertisée,20,Bonne,7.332793134,48.728811149,QmnJ
A3410200,A341020001,2009-09-15,946.0,2026-06-02T08:08:12Z,16,Donnée validée,10,Expertisée,20,Bonne,7.332793134,48.728811149,QmnJ
A3410200,A341020001,2009-09-16,907.0,2026-06-02T08:08:12Z,16,Donnée validée,10,Expertisée,20,Bonne,7.332793134,48.728811149,QmnJ
A3410200,A341020001,2009-09-17,900.0,2026-06-02T08:08:12Z,16,Donnée validée,10,Expertisée,20,Bonne,7.332793134,48.728811149,QmnJ
A3410200,A341020001,2009-09-18,884.0,2026-06-02T08:08:12Z,16,Donnée validée,10,Expertisée,20,Bonne,7.332793134,48.728811149,QmnJ
A3410200,A341020001,2009-09-19,899.0,2026-06-02T08:08:12Z,16,Donnée validée,10,Expertisée,20,Bonne,7.332793134,48.728811149,QmnJ
A3410200,A341020001,2009-09-20,877.0,2026-06-02T08:08:12Z,16,Donnée validée,10,Expertisée,20,Bonne,7.332793134,48.728811149,QmnJ
A3410200,A341020001,2009-09-21,863.0,2026-06-02T08:08:12Z,16,Donnée validée,10,Expertisée,20,Bonne,7.332793134,48.728811149,QmnJ
A3410200,A341020001,2009-09-22,800.0,2026-06-02T08:08:12Z,16,Donnée validée,10,Expertisée,20,Bonne,7.332793134,48.728811149,QmnJ
A3410200,A341020001,2009-09-23,763.0,2026-06-02T08:08:12Z,16,Donnée validée,10,Expertisée,20,Bonne,7.332793134,48.728811149,QmnJ
A3410200,A341020001,2009-09-24,789.0,2026-06-02T08:08:12Z,16,Donnée validée,10,Expertisée,20,Bonne,7.332793134,48.728811149,QmnJ
A3410200,A341020001,2009-09-25,750.0,2026-06-02T08:08:12Z,16,Donnée validée,10,Expertisée,20,Bonne,7.332793134,48.728811149,QmnJ
A3410200,A341020001,2009-09-26,679.0,2026-06-02T08:08:12Z,16,Donnée validée,10,Expertisée,20,Bonne,7.332793134,48.728811149,QmnJ
A3410200,A341020001,2009-09-27,674.0,2026-06-02T08:08:12Z,16,Donnée validée,10,Expertisée,20,Bonne,7.332793134,48.728811149,QmnJ
A3410200,A341020001,2009-09-28,618.0,2026-06-02T08:08:12Z,16,Donnée validée,10,Expertisée,20,Bonne,7.332793134,48.728811149,QmnJ
A3410200,A341020001,2009-09-29,619.0,2026-06-02T08:08:12Z,16,Donnée validée,10,Expertisée,20,Bonne,7.332793134,48.728811149,QmnJ
A3410200,A341020001,2009-09-30,621.0,2026-06-02T08:08:12Z,16,Donnée validée,10,Expertisée,20,Bonne,7.332793134,48.728811149,QmnJ
A3410200,A341020001,2009-10-01,623.0,2026-06-02T08:08:12Z,16,Donnée validée,10,Expertisée,20,Bonne,7.332793134,48.728811149,QmnJ
A3410200,A341020001,2009-10-02,624.0,2026-06-02T08:08:12Z,16,Donnée validée,10,Expertisée,20,Bonne,7.332793134,48.728811149,QmnJ
A3410200,A341020001,2009-10-03,682.0,2026-06-02T08:08:12Z,16,Donnée validée,10,Expertisée,20,Bonne,7.332793134,48.728811149,QmnJ
A3410200,A341020001,2009-10-04,596.0,2026-06-02T08:08:12Z,16,Donnée validée,10,Expertisée,20,Bonne,7.332793134,48.728811149,QmnJ
A3410200,A341020001,2009-10-05,595.0,2026-06-02T08:08:12Z,16,Donnée validée,10,Expertisée,20,Bonne,7.332793134,48.728811149,QmnJ
A3410200,A341020001,2009-10-06,632.0,2026-06-02T08:08:12Z,16,Donnée validée,10,Expertisée,20,Bonne,7.332793134,48.728811149,QmnJ
A3410200,A341020001,2009-10-07,668.0,2026-06-02T08:08:12Z,16,Donnée validée,10,Expertisée,20,Bonne,7.332793134,48.728811149,QmnJ
A3410200,A341020001,2009-10-08,714.0,2026-06-02T08:08:12Z,16,Donnée validée,10,Expertisée,20,Bonne,7.332793134,48.728811149,QmnJ
A3410200,A341020001,2009-10-09,879.0,2026-06-02T08:08:12Z,16,Donnée validée,10,Expertisée,20,Bonne,7.332793134,48.728811149,QmnJ
A3410200,A341020001,2009-10-10,885.0,2026-06-02T08:08:12Z,16,Donnée validée,10,Expertisée,20,Bonne,7.332793134,48.728811149,QmnJ
A3410200,A341020001,2009-10-11,777.0,2026-06-02T08:08:12Z,16,Donnée validée,10,Expertisée,20,Bonne,7.332793134,48.728811149,QmnJ
A3410200,A341020001,2009-10-12,912.0,2026-06-02T08:08:12Z,16,Donnée validée,10,Expertisée,20,Bonne,7.332793134,48.728811149,QmnJ
A3410200,A341020001,2009-10-13,780.0,2026-06-02T08:08:12Z,16,Donnée validée,10,Expertisée,20,Bonne,7.332793134,48.728811149,QmnJ
A3410200,A341020001,2009-10-14,732.0,2026-06-02T08:08:12Z,16,Donnée validée,10,Expertisée,20,Bonne,7.332793134,48.728811149,QmnJ
A3410200,A341020001,2009-10-15,738.0,2026-06-02T08:08:12Z,16,Donnée validée,10,Expertisée,20,Bonne,7.332793134,48.728811149,QmnJ
A3410200,A341020001,2009-10-16,735.0,2026-06-02T08:08:12Z,16,Donnée validée,10,Expertisée,20,Bonne,7.332793134,48.728811149,QmnJ
A3410200,A341020001,2009-10-17,733.0,2026-06-02T08:08:12Z,16,Donnée validée,10,Expertisée,20,Bonne,7.332793134,48.728811149,QmnJ
A3410200,A341020001,2009-10-18,731.0,2026-06-02T08:08:12Z,16,Donnée validée,10,Expertisée,20,Bonne,7.332793134,48.728811149,QmnJ
A3410200,A341020001,2009-10-19,729.0,2026-06-02T08:08:12Z,16,Donnée validée,10,Expertisée,20,Bonne,7.332793134,48.728811149,QmnJ
A3410200,A341020001,2009-10-20,727.0,2026-06-02T08:08:12Z,16,Donnée validée,10,Expertisée,20,Bonne,7.332793134,48.728811149,QmnJ
A3410200,A341020001,2009-10-21,729.0,2026-06-02T08:08:12Z,16,Donnée validée,10,Expertisée,20,Bonne,7.332793134,48.728811149,QmnJ
A3410200,A341020001,2009-10-22,724.0,2026-06-02T08:08:12Z,16,Donnée validée,10,Expertisée,20,Bonne,7.332793134,48.728811149,QmnJ
A3410200,A341020001,2009-10-23,775.0,2026-06-02T08:08:12Z,16,Donnée validée,10,Expertisée,20,Bonne,7.332793134,48.728811149,QmnJ
A3410200,A341020001,2009-10-24,778.0,2026-06-02T08:08:12Z,16,Donnée validée,10,Expertisée,20,Bonne,7.332793134,48.728811149,QmnJ
A3410200,A341020001,2009-10-25,890.0,2026-06-02T08:08:12Z,16,Donnée validée,10,Expertisée,20,Bonne,7.332793134,48.728811149,QmnJ
A3410200,A341020001,2009-10-26,782.0,2026-06-02T08:08:12Z,16,Donnée validée,10,Expertisée,20,Bonne,7.332793134,48.728811149,QmnJ
A3410200,A341020001,2009-10-27,774.0,2026-06-02T08:08:12Z,16,Donnée validée,10,Expertisée,20,Bonne,7.332793134,48.728811149,QmnJ
A3410200,A341020001,2009-10-28,717.0,2026-06-02T08:08:12Z,16,Donnée validée,10,Expertisée,20,Bonne,7.332793134,48.728811149,QmnJ
A3410200,A341020001,2009-10-29,717.0,2026-06-02T08:08:12Z,16,Donnée validée,10,Expertisée,20,Bonne,7.332793134,48.728811149,QmnJ
A3410200,A341020001,2009-10-30,785.0,2026-06-02T08:08:12Z,16,Donnée validée,10,Expertisée,20,Bonne,7.332793134,48.728811149,QmnJ
A3410200,A341020001,2009-10-31,785.0,2026-06-02T08:08:12Z,16,Donnée validée,10,Expertisée,20,Bonne,7.332793134,48.728811149,QmnJ
A3410200,A341020001,2009-11-01,796.0,2026-06-02T08:08:12Z,16,Donnée validée,10,Expertisée,20,Bonne,7.332793134,48.728811149,QmnJ
A3410200,A341020001,2009-11-02,1342.0,2026-06-02T08:08:12Z,16,Donnée validée,10,Expertisée,20,Bonne,7.332793134,48.728811149,QmnJ
A3410200,A341020001,2009-11-03,999.0,2026-06-02T08:08:12Z,16,Donnée validée,10,Expertisée,20,Bonne,7.332793134,48.728811149,QmnJ
A3410200,A341020001,2009-11-04,1407.0,2026-06-02T08:08:12Z,16,Donnée validée,10,Expertisée,20,Bonne,7.332793134,48.728811149,QmnJ
A3410200,A341020001,2009-11-05,1086.0,2026-06-02T08:08:12Z,16,Donnée validée,10,Expertisée,20,Bonne,7.332793134,48.728811149,QmnJ
A3410200,A341020001,2009-11-06,881.0,2026-06-02T08:08:12Z,16,Donnée validée,10,Expertisée,20,Bonne,7.332793134,48.728811149,QmnJ
A3410200,A341020001,2009-11-07,838.0,2026-06-02T08:08:12Z,16,Donnée validée,10,Expertisée,20,Bonne,7.332793134,48.728811149,QmnJ
A3410200,A341020001,2009-11-08,926.0,2026-06-02T08:08:12Z,16,Donnée validée,10,Expertisée,20,Bonne,7.332793134,48.728811149,QmnJ
A3410200,A341020001,2009-11-09,1117.0,2026-06-02T08:08:12Z,16,Donnée validée,10,Expertisée,20,Bonne,7.332793134,48.728811149,QmnJ
A3410200,A341020001,2009-11-10,1090.0,2026-06-02T08:08:12Z,16,Donnée validée,10,Expertisée,20,Bonne,7.332793134,48.728811149,QmnJ
A3410200,A341020001,2009-11-11,905.0,2026-06-02T08:08:12Z,16,Donnée validée,10,Expertisée,20,Bonne,7.332793134,48.728811149,QmnJ
A3410200,A341020001,2009-11-12,885.0,2026-06-02T08:08:12Z,16,Donnée validée,10,Expertisée,20,Bonne,7.332793134,48.728811149,QmnJ
A3410200,A341020001,2009-11-13,885.0,2026-06-02T08:08:12Z,16,Donnée validée,10,Expertisée,20,Bonne,7.332793134,48.728811149,QmnJ
A3410200,A341020001,2009-11-14,845.0,2026-06-02T08:08:12Z,16,Donnée validée,10,Expertisée,20,Bonne,7.332793134,48.728811149,QmnJ
A3410200,A341020001,2009-11-15,859.0,2026-06-02T08:08:12Z,16,Donnée validée,10,Expertisée,20,Bonne,7.332793134,48.728811149,QmnJ
A3410200,A341020001,2009-11-16,1276.0,2026-06-02T08:08:12Z,16,Donnée validée,10,Expertisée,20,Bonne,7.332793134,48.728811149,QmnJ
A3410200,A341020001,2009-11-17,1193.0,2026-06-02T08:08:12Z,16,Donnée validée,10,Expertisée,20,Bonne,7.332793134,48.728811149,QmnJ
A3410200,A341020001,2009-11-18,1066.0,2026-06-02T08:08:12Z,16,Donnée validée,10,Expertisée,20,Bonne,7.332793134,48.728811149,QmnJ
A3410200,A341020001,2009-11-19,866.0,2026-06-02T08:08:12Z,16,Donnée validée,10,Expertisée,20,Bonne,7.332793134,48.728811149,QmnJ
A3410200,A341020001,2009-11-20,814.0,2026-06-02T08:08:12Z,16,Donnée validée,10,Expertisée,20,Bonne,7.332793134,48.728811149,QmnJ
A3410200,A341020001,2009-11-21,793.0,2026-06-02T08:08:12Z,16,Donnée validée,10,Expertisée,20,Bonne,7.332793134,48.728811149,QmnJ
A3410200,A341020001,2009-11-22,773.0,2026-06-02T08:08:12Z,16,Donnée validée,10,Expertisée,20,Bonne,7.332793134,48.728811149,QmnJ
A3410200,A341020001,2009-11-23,771.0,2026-06-02T08:08:12Z,16,Donnée validée,10,Expertisée,20,Bonne,7.332793134,48.728811149,QmnJ
A3410200,A341020001,2009-11-24,1539.0,2026-06-02T08:08:12Z,16,Donnée validée,10,Expertisée,20,Bonne,7.332793134,48.728811149,QmnJ
A3410200,A341020001,2009-11-25,1151.0,2026-06-02T08:08:12Z,16,Donnée validée,10,Expertisée,20,Bonne,7.332793134,48.728811149,QmnJ
A3410200,A341020001,2009-11-26,1172.0,2026-06-02T08:08:12Z,16,Donnée validée,10,Expertisée,20,Bonne,7.332793134,48.728811149,QmnJ
A3410200,A341020001,2009-11-27,1008.0,2026-06-02T08:08:12Z,16,Donnée validée,10,Expertisée,20,Bonne,7.332793134,48.728811149,QmnJ
A3410200,A341020001,2009-11-28,971.0,2026-06-02T08:08:12Z,16,Donnée validée,10,Expertisée,20,Bonne,7.332793134,48.728811149,QmnJ
A3410200,A341020001,2009-11-29,900.0,2026-06-02T08:08:12Z,16,Donnée validée,10,Expertisée,20,Bonne,7.332793134,48.728811149,QmnJ
A3410200,A341020001,2009-11-30,1134.0,2026-06-02T08:08:12Z,16,Donnée validée,10,Expertisée,20,Bonne,7.332793134,48.728811149,QmnJ
A3410200,A341020001,2009-12-01,985.0,2026-06-02T08:08:12Z,16,Donnée validée,10,Expertisée,20,Bonne,7.332793134,48.728811149,QmnJ
A3410200,A341020001,2009-12-02,864.0,2026-06-02T08:08:12Z,16,Donnée validée,10,Expertisée,20,Bonne,7.332793134,48.728811149,QmnJ
A3410200,A341020001,2009-12-03,831.0,2026-06-02T08:08:12Z,16,Donnée validée,10,Expertisée,20,Bonne,7.332793134,48.728811149,QmnJ
A3410200,A341020001,2009-12-04,797.0,2026-06-02T08:08:12Z,16,Donnée validée,10,Expertisée,20,Bonne,7.332793134,48.728811149,QmnJ
A3410200,A341020001,2009-12-05,766.0,2026-06-02T08:08:12Z,16,Donnée validée,10,Expertisée,20,Bonne,7.332793134,48.728811149,QmnJ
A3410200,A341020001,2009-12-06,794.0,2026-06-02T08:08:12Z,16,Donnée validée,10,Expertisée,20,Bonne,7.332793134,48.728811149,QmnJ
A3410200,A341020001,2009-12-07,899.0,2026-06-02T08:08:12Z,16,Donnée validée,10,Expertisée,20,Bonne,7.332793134,48.728811149,QmnJ
A3410200,A341020001,2009-12-08,1601.0,2026-06-02T08:08:12Z,16,Donnée validée,10,Expertisée,20,Bonne,7.332793134,48.728811149,QmnJ
A3410200,A341020001,2009-12-09,1320.0,2026-06-02T08:08:12Z,16,Donnée validée,10,Expertisée,20,Bonne,7.332793134,48.728811149,QmnJ
A3410200,A341020001,2009-12-10,1149.0,2026-06-02T08:08:12Z,16,Donnée validée,10,Expertisée,20,Bonne,7.332793134,48.728811149,QmnJ
A3410200,A341020001,2009-12-11,1036.0,2026-06-02T08:08:12Z,16,Donnée validée,10,Expertisée,20,Bonne,7.332793134,48.728811149,QmnJ
A3410200,A341020001,2009-12-12,900.0,2026-06-02T08:08:12Z,16,Donnée validée,10,Expertisée,20,Bonne,7.332793134,48.728811149,QmnJ
A3410200,A341020001,2009-12-13,825.0,2026-06-02T08:08:12Z,16,Donnée validée,10,Expertisée,20,Bonne,7.332793134,48.728811149,QmnJ
A3410200,A341020001,2009-12-14,756.0,2026-06-02T08:08:12Z,16,Donnée validée,10,Expertisée,20,Bonne,7.332793134,48.728811149,QmnJ
A3410200,A341020001,2009-12-15,688.0,2026-06-02T08:08:12Z,16,Donnée validée,10,Expertisée,20,Bonne,7.332793134,48.728811149,QmnJ
A3410200,A341020001,2009-12-16,621.0,2026-06-02T08:08:12Z,16,Donnée validée,10,Expertisée,20,Bonne,7.332793134,48.728811149,QmnJ
A3410200,A341020001,2009-12-17,544.0,2026-06-02T08:08:12Z,16,Donnée validée,10,Expertisée,20,Bonne,7.332793134,48.728811149,QmnJ
A3410200,A341020001,2009-12-18,453.0,2026-06-02T08:08:12Z,16,Donnée validée,10,Expertisée,20,Bonne,7.332793134,48.728811149,QmnJ
A3410200,A341020001,2009-12-19,504.0,2026-06-02T08:08:12Z,16,Donnée validée,10,Expertisée,20,Bonne,7.332793134,48.728811149,QmnJ
A3410200,A341020001,2009-12-20,691.0,2026-06-02T08:08:12Z,16,Donnée validée,10,Expertisée,20,Bonne,7.332793134,48.728811149,QmnJ
A3410200,A341020001,2009-12-21,675.0,2026-06-02T08:08:12Z,16,Donnée validée,10,Expertisée,20,Bonne,7.332793134,48.728811149,QmnJ
A3410200,A341020001,2009-12-22,2382.0,2026-06-02T08:08:12Z,16,Donnée validée,10,Expertisée,20,Bonne,7.332793134,48.728811149,QmnJ
A3410200,A341020001,2009-12-23,3069.0,2026-06-02T08:08:12Z,16,Donnée validée,10,Expertisée,20,Bonne,7.332793134,48.728811149,QmnJ
A3410200,A341020001,2009-12-24,3772.0,2026-06-02T08:08:12Z,16,Donnée validée,10,Expertisée,20,Bonne,7.332793134,48.728811149,QmnJ
A3410200,A341020001,2009-12-25,7137.0,2026-06-02T08:08:12Z,16,Donnée validée,10,Expertisée,20,Bonne,7.332793134,48.728811149,QmnJ
A3410200,A341020001,2009-12-26,4336.0,2026-06-02T08:08:12Z,16,Donnée validée,10,Expertisée,20,Bonne,7.332793134,48.728811149,QmnJ
A3410200,A341020001,2009-12-27,3740.0,2026-06-02T08:08:12Z,16,Donnée validée,10,Expertisée,20,Bonne,7.332793134,48.728811149,QmnJ
A3410200,A341020001,2009-12-28,3501.0,2026-06-02T08:08:12Z,16,Donnée validée,10,Expertisée,20,Bonne,7.332793134,48.728811149,QmnJ
A3410200,A341020001,2009-12-29,4996.0,2026-06-02T08:08:12Z,16,Donnée validée,10,Expertisée,20,Bonne,7.332793134,48.728811149,QmnJ
A3410200,A341020001,2009-12-30,5098.0,2026-06-02T08:08:12Z,16,Donnée validée,10,Expertisée,20,Bonne,7.332793134,48.728811149,QmnJ
A3410200,A341020001,2009-12-31,4837.0,2026-06-02T08:08:12Z,16,Donnée validée,10,Expertisée,20,Bonne,7.332793134,48.728811149,QmnJ
A3410200,A341020001,2010-01-01,4709.0,2026-06-02T08:08:12Z,16,Donnée validée,10,Expertisée,20,Bonne,7.332793134,48.728811149,QmnJ
A3410200,A341020001,2010-01-02,3815.0,2026-06-02T08:08:12Z,16,Donnée validée,10,Expertisée,20,Bonne,7.332793134,48.728811149,QmnJ
A3410200,A341020001,2010-01-03,3122.0,2026-06-02T08:08:12Z,16,Donnée validée,10,Expertisée,20,Bonne,7.332793134,48.728811149,QmnJ
A3410200,A341020001,2010-01-04,2852.0,2026-06-02T08:08:12Z,16,Donnée validée,10,Expertisée,20,Bonne,7.332793134,48.728811149,QmnJ
A3410200,A341020001,2010-01-05,2633.0,2026-06-02T08:08:12Z,16,Donnée validée,10,Expertisée,20,Bonne,7.332793134,48.728811149,QmnJ
A3410200,A341020001,2010-01-06,2346.0,2026-06-02T08:08:12Z,16,Donnée validée,10,Expertisée,20,Bonne,7.332793134,48.728811149,QmnJ
A3410200,A341020001,2010-01-07,2009.0,2026-06-02T08:08:12Z,16,Donnée validée,10,Expertisée,20,Bonne,7.332793134,48.728811149,QmnJ
A3410200,A341020001,2010-01-08,1843.0,2026-06-02T08:08:12Z,16,Donnée validée,10,Expertisée,20,Bonne,7.332793134,48.728811149,QmnJ
A3410200,A341020001,2010-01-09,1650.0,2026-06-02T08:08:12Z,16,Donnée validée,10,Expertisée,20,Bonne,7.332793134,48.728811149,QmnJ
A3410200,A341020001,2010-01-10,1521.0,2026-06-02T08:08:12Z,16,Donnée validée,10,Expertisée,20,Bonne,7.332793134,48.728811149,QmnJ
A3410200,A341020001,2010-01-11,1391.0,2026-06-02T08:08:12Z,16,Donnée validée,10,Expertisée,20,Bonne,7.332793134,48.728811149,QmnJ
A3410200,A341020001,2010-01-12,1348.0,2026-06-02T08:08:12Z,16,Donnée validée,10,Expertisée,20,Bonne,7.332793134,48.728811149,QmnJ
A3410200,A341020001,2010-01-13,1307.0,2026-06-02T08:08:12Z,16,Donnée validée,10,Expertisée,20,Bonne,7.332793134,48.728811149,QmnJ
A3410200,A341020001,2010-01-14,1200.0,2026-06-02T08:08:12Z,16,Donnée validée,10,Expertisée,20,Bonne,7.332793134,48.728811149,QmnJ
A3410200,A341020001,2010-01-15,1055.0,2026-06-02T08:08:12Z,16,Donnée validée,10,Expertisée,20,Bonne,7.332793134,48.728811149,QmnJ
A3410200,A341020001,2010-01-16,1005.0,2026-06-02T08:08:12Z,16,Donnée validée,10,Expertisée,20,Bonne,7.332793134,48.728811149,QmnJ
A3410200,A341020001,2010-01-17,3809.0,2026-06-02T08:08:12Z,16,Donnée validée,10,Expertisée,20,Bonne,7.332793134,48.728811149,QmnJ
A3410200,A341020001,2010-01-18,3045.0,2026-06-02T08:08:12Z,16,Donnée validée,10,Expertisée,20,Bonne,7.332793134,48.728811149,QmnJ
A3410200,A341020001,2010-01-19,2237.0,2026-06-02T08:08:12Z,16,Donnée validée,10,Expertisée,20,Bonne,7.332793134,48.728811149,QmnJ
A3410200,A341020001,2010-01-20,2034.0,2026-06-02T08:08:12Z,16,Donnée validée,10,Expertisée,20,Bonne,7.332793134,48.728811149,QmnJ
A3410200,A341020001,2010-01-21,2073.0,2026-06-02T08:08:12Z,16,Donnée validée,10,Expertisée,20,Bonne,7.332793134,48.728811149,QmnJ
A3410200,A341020001,2010-01-22,1981.0,2026-06-02T08:08:12Z,16,Donnée validée,10,Expertisée,20,Bonne,7.332793134,48.728811149,QmnJ
A3410200,A341020001,2010-01-23,1863.0,2026-06-02T08:08:12Z,16,Donnée validée,10,Expertisée,20,Bonne,7.332793134,48.728811149,QmnJ
A3410200,A341020001,2010-01-24,1835.0,2026-06-02T08:08:12Z,16,Donnée validée,10,Expertisée,20,Bonne,7.332793134,48.728811149,QmnJ
A3410200,A341020001,2010-01-25,1969.0,2026-06-02T08:08:12Z,16,Donnée validée,10,Expertisée,20,Bonne,7.332793134,48.728811149,QmnJ
A3410200,A341020001,2010-01-26,1763.0,2026-06-02T08:08:12Z,16,Donnée validée,10,Expertisée,20,Bonne,7.332793134,48.728811149,QmnJ
A3410200,A341020001,2010-01-27,1622.0,2026-06-02T08:08:12Z,16,Donnée validée,10,Expertisée,20,Bonne,7.332793134,48.728811149,QmnJ
A3410200,A341020001,2010-01-28,1686.0,2026-06-02T08:08:12Z,16,Donnée validée,10,Expertisée,20,Bonne,7.332793134,48.728811149,QmnJ
A3410200,A341020001,2010-01-29,1918.0,2026-06-02T08:08:12Z,16,Donnée validée,10,Expertisée,20,Bonne,7.332793134,48.728811149,QmnJ
A3410200,A341020001,2010-01-30,2024.0,2026-06-02T08:08:12Z,16,Donnée validée,10,Expertisée,20,Bonne,7.332793134,48.728811149,QmnJ
A3410200,A341020001,2010-01-31,1723.0,2026-06-02T08:08:12Z,16,Donnée validée,10,Expertisée,20,Bonne,7.332793134,48.728811149,QmnJ
A3410200,A341020001,2010-02-01,1560.0,2026-06-02T08:08:12Z,16,Donnée validée,10,Expertisée,20,Bonne,7.332793134,48.728811149,QmnJ
A3410200,A341020001,2010-02-02,1503.0,2026-06-02T08:08:12Z,16,Donnée validée,10,Expertisée,20,Bonne,7.332793134,48.728811149,QmnJ
A3410200,A341020001,2010-02-03,3847.0,2026-06-02T08:08:12Z,16,Donnée validée,10,Expertisée,20,Bonne,7.332793134,48.728811149,QmnJ
A3410200,A341020001,2010-02-04,4606.0,2026-06-02T08:08:12Z,16,Donnée validée,10,Expertisée,20,Bonne,7.332793134,48.728811149,QmnJ
A3410200,A341020001,2010-02-05,4265.0,2026-06-02T08:08:12Z,16,Donnée validée,10,Expertisée,20,Bonne,7.332793134,48.728811149,QmnJ
A3410200,A341020001,2010-02-06,4278.0,2026-06-02T08:08:12Z,16,Donnée validée,10,Expertisée,20,Bonne,7.332793134,48.728811149,QmnJ
A3410200,A341020001,2010-02-07,3714.0,2026-06-02T08:08:12Z,16,Donnée validée,10,Expertisée,20,Bonne,7.332793134,48.728811149,QmnJ
A3410200,A341020001,2010-02-08,3186.0,2026-06-02T08:08:12Z,16,Donnée validée,10,Expertisée,20,Bonne,7.332793134,48.728811149,QmnJ
A3410200,A341020001,2010-02-09,3124.0,2026-06-02T08:08:12Z,16,Donnée validée,10,Expertisée,20,Bonne,7.332793134,48.728811149,QmnJ
A3410200,A341020001,2010-02-10,2816.0,2026-06-02T08:08:12Z,16,Donnée validée,10,Expertisée,20,Bonne,7.332793134,48.728811149,QmnJ
A3410200,A341020001,2010-02-11,2661.0,2026-06-02T08:08:12Z,16,Donnée validée,10,Expertisée,20,Bonne,7.332793134,48.728811149,QmnJ
A3410200,A341020001,2010-02-12,2620.0,2026-06-02T08:08:12Z,16,Donnée validée,10,Expertisée,20,Bonne,7.332793134,48.728811149,QmnJ
A3410200,A341020001,2010-02-13,2301.0,2026-06-02T08:08:12Z,16,Donnée validée,10,Expertisée,20,Bonne,7.332793134,48.728811149,QmnJ
A3410200,A341020001,2010-02-14,2198.0,2026-06-02T08:08:12Z,16,Donnée validée,10,Expertisée,20,Bonne,7.332793134,48.728811149,QmnJ
A3410200,A341020001,2010-02-15,2045.0,2026-06-02T08:08:12Z,16,Donnée validée,10,Expertisée,20,Bonne,7.332793134,48.728811149,QmnJ
A3410200,A341020001,2010-02-16,2042.0,2026-06-02T08:08:12Z,16,Donnée validée,10,Expertisée,20,Bonne,7.332793134,48.728811149,QmnJ
A3410200,A341020001,2010-02-17,2212.0,2026-06-02T08:08:12Z,16,Donnée validée,10,Expertisée,20,Bonne,7.332793134,48.728811149,QmnJ
A3410200,A341020001,2010-02-18,2977.0,2026-06-02T08:08:12Z,16,Donnée validée,10,Expertisée,20,Bonne,7.332793134,48.728811149,QmnJ
A3410200,A341020001,2010-02-19,2891.0,2026-06-02T08:08:12Z,16,Donnée validée,10,Expertisée,20,Bonne,7.332793134,48.728811149,QmnJ
A3410200,A341020001,2010-02-20,2828.0,2026-06-02T08:08:12Z,16,Donnée validée,10,Expertisée,20,Bonne,7.332793134,48.728811149,QmnJ
A3410200,A341020001,2010-02-21,2813.0,2026-06-02T08:08:12Z,16,Donnée validée,10,Expertisée,20,Bonne,7.332793134,48.728811149,QmnJ
A3410200,A341020001,2010-02-22,3243.0,2026-06-02T08:08:12Z,16,Donnée validée,10,Expertisée,20,Bonne,7.332793134,48.728811149,QmnJ
A3410200,A341020001,2010-02-23,3192.0,2026-06-02T08:08:12Z,16,Donnée validée,10,Expertisée,20,Bonne,7.332793134,48.728811149,QmnJ
A3410200,A341020001,2010-02-24,3178.0,2026-06-02T08:08:12Z,16,Donnée validée,10,Expertisée,20,Bonne,7.332793134,48.728811149,QmnJ
A3410200,A341020001,2010-02-25,3257.0,2026-06-02T08:08:12Z,16,Donnée validée,10,Expertisée,20,Bonne,7.332793134,48.728811149,QmnJ
A3410200,A341020001,2010-02-26,4036.0,2026-06-02T08:08:12Z,16,Donnée validée,10,Expertisée,20,Bonne,7.332793134,48.728811149,QmnJ
A3410200,A341020001,2010-02-27,3880.0,2026-06-02T08:08:12Z,16,Donnée validée,10,Expertisée,20,Bonne,7.332793134,48.728811149,QmnJ
A3410200,A341020001,2010-02-28,5124.0,2026-06-02T08:08:12Z,16,Donnée validée,10,Expertisée,20,Bonne,7.332793134,48.728811149,QmnJ
A3410200,A341020001,2010-03-01,4363.0,2026-06-02T08:08:12Z,16,Donnée validée,10,Expertisée,20,Bonne,7.332793134,48.728811149,QmnJ
A3410200,A341020001,2010-03-02,3802.0,2026-06-02T08:08:12Z,16,Donnée validée,10,Expertisée,20,Bonne,7.332793134,48.728811149,QmnJ
A3410200,A341020001,2010-03-03,3319.0,2026-06-02T08:08:12Z,16,Donnée validée,10,Expertisée,20,Bonne,7.332793134,48.728811149,QmnJ
A3410200,A341020001,2010-03-04,3250.0,2026-06-02T08:08:12Z,16,Donnée validée,10,Expertisée,20,Bonne,7.332793134,48.728811149,QmnJ
A3410200,A341020001,2010-03-05,2953.0,2026-06-02T08:08:12Z,16,Donnée validée,10,Expertisée,20,Bonne,7.332793134,48.728811149,QmnJ
A3410200,A341020001,2010-03-06,2900.0,2026-06-02T08:08:12Z,16,Donnée validée,10,Expertisée,20,Bonne,7.332793134,48.728811149,QmnJ
A3410200,A341020001,2010-03-07,2639.0,2026-06-02T08:08:12Z,16,Donnée validée,10,Expertisée,20,Bonne,7.332793134,48.728811149,QmnJ
A3410200,A341020001,2010-03-08,2543.0,2026-06-02T08:08:12Z,16,Donnée validée,10,Expertisée,20,Bonne,7.332793134,48.728811149,QmnJ
A3410200,A341020001,2010-03-09,2442.0,2026-06-02T08:08:12Z,16,Donnée validée,10,Expertisée,20,Bonne,7.332793134,48.728811149,QmnJ
A3410200,A341020001,2010-03-10,2348.0,2026-06-02T08:08:12Z,16,Donnée validée,10,Expertisée,20,Bonne,7.332793134,48.728811149,QmnJ
A3410200,A341020001,2010-03-11,2349.0,2026-06-02T08:08:12Z,16,Donnée validée,10,Expertisée,20,Bonne,7.332793134,48.728811149,QmnJ
A3410200,A341020001,2010-03-12,2205.0,2026-06-02T08:08:12Z,16,Donnée validée,10,Expertisée,20,Bonne,7.332793134,48.728811149,QmnJ
A3410200,A341020001,2010-03-13,2121.0,2026-06-02T08:08:12Z,16,Donnée validée,10,Expertisée,20,Bonne,7.332793134,48.728811149,QmnJ
A3410200,A341020001,2010-03-14,2055.0,2026-06-02T08:08:12Z,16,Donnée validée,10,Expertisée,20,Bonne,7.332793134,48.728811149,QmnJ
A3410200,A341020001,2010-03-15,2169.0,2026-06-02T08:08:12Z,16,Donnée validée,10,Expertisée,20,Bonne,7.332793134,48.728811149,QmnJ
A3410200,A341020001,2010-03-16,2204.0,2026-06-02T08:08:12Z,16,Donnée validée,10,Expertisée,20,Bonne,7.332793134,48.728811149,QmnJ
A3410200,A341020001,2010-03-17,2058.0,2026-06-02T08:08:12Z,16,Donnée validée,10,Expertisée,20,Bonne,7.332793134,48.728811149,QmnJ
A3410200,A341020001,2010-03-18,1939.0,2026-06-02T08:08:12Z,16,Donnée validée,10,Expertisée,20,Bonne,7.332793134,48.728811149,QmnJ
A3410200,A341020001,2010-03-19,1909.0,2026-06-02T08:08:12Z,16,Donnée validée,10,Expertisée,20,Bonne,7.332793134,48.728811149,QmnJ
A3410200,A341020001,2010-03-20,1991.0,2026-06-02T08:08:12Z,16,Donnée validée,10,Expertisée,20,Bonne,7.332793134,48.728811149,QmnJ
A3410200,A341020001,2010-03-21,1993.0,2026-06-02T08:08:12Z,16,Donnée validée,10,Expertisée,20,Bonne,7.332793134,48.728811149,QmnJ
A3410200,A341020001,2010-03-22,1885.0,2026-06-02T08:08:12Z,16,Donnée validée,10,Expertisée,20,Bonne,7.332793134,48.728811149,QmnJ
A3410200,A341020001,2010-03-23,1795.0,2026-06-02T08:08:12Z,16,Donnée validée,10,Expertisée,20,Bonne,7.332793134,48.728811149,QmnJ
A3410200,A341020001,2010-03-24,1749.0,2026-06-02T08:08:12Z,16,Donnée validée,10,Expertisée,20,Bonne,7.332793134,48.728811149,QmnJ
A3410200,A341020001,2010-03-25,1791.0,2026-06-02T08:08:12Z,16,Donnée validée,10,Expertisée,20,Bonne,7.332793134,48.728811149,QmnJ
A3410200,A341020001,2010-03-26,2123.0,2026-06-02T08:08:12Z,16,Donnée validée,10,Expertisée,20,Bonne,7.332793134,48.728811149,QmnJ
A3410200,A341020001,2010-03-27,2074.0,2026-06-02T08:08:12Z,16,Donnée validée,10,Expertisée,20,Bonne,7.332793134,48.728811149,QmnJ
A3410200,A341020001,2010-03-28,2070.0,2026-06-02T08:08:12Z,16,Donnée validée,10,Expertisée,20,Bonne,7.332793134,48.728811149,QmnJ
A3410200,A341020001,2010-03-29,2096.0,2026-06-02T08:08:12Z,16,Donnée validée,10,Expertisée,20,Bonne,7.332793134,48.728811149,QmnJ
A3410200,A341020001,2010-03-30,2093.0,2026-06-02T08:08:12Z,16,Donnée validée,10,Expertisée,20,Bonne,7.332793134,48.728811149,QmnJ
A3410200,A341020001,2010-03-31,2023.0,2026-06-02T08:08:12Z,16,Donnée validée,10,Expertisée,20,Bonne,7.332793134,48.728811149,QmnJ
A3410200,A341020001,2010-04-01,1828.0,2026-06-02T08:08:12Z,16,Donnée validée,10,Expertisée,20,Bonne,7.332793134,48.728811149,QmnJ
A3410200,A341020001,2010-04-02,1692.0,2026-06-02T08:08:12Z,16,Donnée validée,10,Expertisée,20,Bonne,7.332793134,48.728811149,QmnJ
A3410200,A341020001,2010-04-03,2038.0,2026-06-02T08:08:12Z,16,Donnée validée,10,Expertisée,20,Bonne,7.332793134,48.728811149,QmnJ
A3410200,A341020001,2010-04-04,2604.0,2026-06-02T08:08:12Z,16,Donnée validée,10,Expertisée,20,Bonne,7.332793134,48.728811149,QmnJ
A3410200,A341020001,2010-04-05,1882.0,2026-06-02T08:08:12Z,16,Donnée validée,10,Expertisée,20,Bonne,7.332793134,48.728811149,QmnJ
A3410200,A341020001,2010-04-06,1788.0,2026-06-02T08:08:12Z,16,Donnée validée,10,Expertisée,20,Bonne,7.332793134,48.728811149,QmnJ
A3410200,A341020001,2010-04-07,1851.0,2026-06-02T08:08:12Z,16,Donnée validée,10,Expertisée,20,Bonne,7.332793134,48.728811149,QmnJ
A3410200,A341020001,2010-04-08,1803.0,2026-06-02T08:08:12Z,16,Donnée validée,10,Expertisée,20,Bonne,7.332793134,48.728811149,QmnJ
A3410200,A341020001,2010-04-09,1674.0,2026-06-02T08:08:12Z,16,Donnée validée,10,Expertisée,20,Bonne,7.332793134,48.728811149,QmnJ
A3410200,A341020001,2010-04-10,1635.0,2026-06-02T08:08:12Z,16,Donnée validée,10,Expertisée,20,Bonne,7.332793134,48.728811149,QmnJ
A3410200,A341020001,2010-04-11,1677.0,2026-06-02T08:08:12Z,16,Donnée validée,10,Expertisée,20,Bonne,7.332793134,48.728811149,QmnJ
A3410200,A341020001,2010-04-12,1741.0,2026-06-02T08:08:12Z,16,Donnée validée,10,Expertisée,20,Bonne,7.332793134,48.728811149,QmnJ
A3410200,A341020001,2010-04-13,1801.0,2026-06-02T08:08:12Z,16,Donnée validée,10,Expertisée,20,Bonne,7.332793134,48.728811149,QmnJ
A3410200,A341020001,2010-04-14,1846.0,2026-06-02T08:08:12Z,16,Donnée validée,10,Expertisée,20,Bonne,7.332793134,48.728811149,QmnJ
A3410200,A341020001,2010-04-15,1794.0,2026-06-02T08:08:12Z,16,Donnée validée,10,Expertisée,20,Bonne,7.332793134,48.728811149,QmnJ
A3410200,A341020001,2010-04-16,1601.0,2026-06-02T08:08:12Z,16,Donnée validée,10,Expertisée,20,Bonne,7.332793134,48.728811149,QmnJ
A3410200,A341020001,2010-04-17,1517.0,2026-06-02T08:08:12Z,16,Donnée validée,10,Expertisée,20,Bonne,7.332793134,48.728811149,QmnJ
A3410200,A341020001,2010-04-18,1545.0,2026-06-02T08:08:12Z,16,Donnée validée,10,Expertisée,20,Bonne,7.332793134,48.728811149,QmnJ
A3410200,A341020001,2010-04-19,1508.0,2026-06-02T08:08:12Z,16,Donnée validée,10,Expertisée,20,Bonne,7.332793134,48.728811149,QmnJ
A3410200,A341020001,2010-04-20,1448.0,2026-06-02T08:08:12Z,16,Donnée validée,10,Expertisée,20,Bonne,7.332793134,48.728811149,QmnJ
A3410200,A341020001,2010-04-21,1393.0,2026-06-02T08:08:12Z,16,Donnée validée,10,Expertisée,20,Bonne,7.332793134,48.728811149,QmnJ
A3410200,A341020001,2010-04-22,1370.0,2026-06-02T08:08:12Z,16,Donnée validée,10,Expertisée,20,Bonne,7.332793134,48.728811149,QmnJ
A3410200,A341020001,2010-04-23,1333.0,2026-06-02T08:08:12Z,16,Donnée validée,10,Expertisée,20,Bonne,7.332793134,48.728811149,QmnJ
A3410200,A341020001,2010-04-24,1331.0,2026-06-02T08:08:12Z,16,Donnée validée,10,Expertisée,20,Bonne,7.332793134,48.728811149,QmnJ
A3410200,A341020001,2010-04-25,1285.0,2026-06-02T08:08:12Z,16,Donnée validée,10,Expertisée,20,Bonne,7.332793134,48.728811149,QmnJ
A3410200,A341020001,2010-04-26,1306.0,2026-06-02T08:08:12Z,16,Donnée validée,10,Expertisée,20,Bonne,7.332793134,48.728811149,QmnJ
A3410200,A341020001,2010-04-27,1351.0,2026-06-02T08:08:12Z,16,Donnée validée,10,Expertisée,20,Bonne,7.332793134,48.728811149,QmnJ
A3410200,A341020001,2010-04-28,1324.0,2026-06-02T08:08:12Z,16,Donnée validée,10,Expertisée,20,Bonne,7.332793134,48.728811149,QmnJ
A3410200,A341020001,2010-04-29,1348.0,2026-06-02T08:08:12Z,16,Donnée validée,10,Expertisée,20,Bonne,7.332793134,48.728811149,QmnJ
A3410200,A341020001,2010-04-30,1174.0,2026-06-02T08:08:12Z,16,Donnée validée,10,Expertisée,20,Bonne,7.332793134,48.728811149,QmnJ
A3410200,A341020001,2010-05-01,1165.0,2026-06-02T08:08:12Z,16,Donnée validée,10,Expertisée,20,Bonne,7.332793134,48.728811149,QmnJ
A3410200,A341020001,2010-05-02,1257.0,2026-06-02T08:08:12Z,16,Donnée validée,10,Expertisée,20,Bonne,7.332793134,48.728811149,QmnJ
A3410200,A341020001,2010-05-03,1413.0,2026-06-02T08:08:12Z,16,Donnée validée,10,Expertisée,20,Bonne,7.332793134,48.728811149,QmnJ
A3410200,A341020001,2010-05-04,1340.0,2026-06-02T08:08:12Z,16,Donnée validée,10,Expertisée,20,Bonne,7.332793134,48.728811149,QmnJ
A3410200,A341020001,2010-05-05,1234.0,2026-06-02T08:08:12Z,16,Donnée validée,10,Expertisée,20,Bonne,7.332793134,48.728811149,QmnJ
A3410200,A341020001,2010-05-06,1505.0,2026-06-02T08:08:12Z,16,Donnée validée,10,Expertisée,20,Bonne,7.332793134,48.728811149,QmnJ
A3410200,A341020001,2010-05-07,1786.0,2026-06-02T08:08:12Z,16,Donnée validée,10,Expertisée,20,Bonne,7.332793134,48.728811149,QmnJ
A3410200,A341020001,2010-05-08,1346.0,2026-06-02T08:08:12Z,16,Donnée validée,10,Expertisée,20,Bonne,7.332793134,48.728811149,QmnJ
A3410200,A341020001,2010-05-09,1251.0,2026-06-02T08:08:12Z,16,Donnée validée,10,Expertisée,20,Bonne,7.332793134,48.728811149,QmnJ
A3410200,A341020001,2010-05-10,1358.0,2026-06-02T08:08:12Z,16,Donnée validée,10,Expertisée,20,Bonne,7.332793134,48.728811149,QmnJ
A3410200,A341020001,2010-05-11,1268.0,2026-06-02T08:08:12Z,16,Donnée validée,10,Expertisée,20,Bonne,7.332793134,48.728811149,QmnJ
A3410200,A341020001,2010-05-12,1247.0,2026-06-02T08:08:12Z,16,Donnée validée,10,Expertisée,20,Bonne,7.332793134,48.728811149,QmnJ
A3410200,A341020001,2010-05-13,1688.0,2026-06-02T08:08:12Z,16,Donnée validée,10,Expertisée,20,Bonne,7.332793134,48.728811149,QmnJ
A3410200,A341020001,2010-05-14,1398.0,2026-06-02T08:08:12Z,16,Donnée validée,10,Expertisée,20,Bonne,7.332793134,48.728811149,QmnJ
A3410200,A341020001,2010-05-15,1241.0,2026-06-02T08:08:12Z,16,Donnée validée,10,Expertisée,20,Bonne,7.332793134,48.728811149,QmnJ
A3410200,A341020001,2010-05-16,1160.0,2026-06-02T08:08:12Z,16,Donnée validée,10,Expertisée,20,Bonne,7.332793134,48.728811149,QmnJ
A3410200,A341020001,2010-05-17,1121.0,2026-06-02T08:08:12Z,16,Donnée validée,10,Expertisée,20,Bonne,7.332793134,48.728811149,QmnJ
A3410200,A341020001,2010-05-18,1081.0,2026-06-02T08:08:12Z,16,Donnée validée,10,Expertisée,20,Bonne,7.332793134,48.728811149,QmnJ
A3410200,A341020001,2010-05-19,1102.0,2026-06-02T08:08:12Z,16,Donnée validée,10,Expertisée,20,Bonne,7.332793134,48.728811149,QmnJ
A3410200,A341020001,2010-05-20,1195.0,2026-06-02T08:08:12Z,16,Donnée validée,10,Expertisée,20,Bonne,7.332793134,48.728811149,QmnJ
A3410200,A341020001,2010-05-21,1136.0,2026-06-02T08:08:12Z,16,Donnée validée,10,Expertisée,20,Bonne,7.332793134,48.728811149,QmnJ
A3410200,A341020001,2010-05-22,1083.0,2026-06-02T08:08:12Z,16,Donnée validée,10,Expertisée,20,Bonne,7.332793134,48.728811149,QmnJ
A3410200,A341020001,2010-05-23,1045.0,2026-06-02T08:08:12Z,16,Donnée validée,10,Expertisée,20,Bonne,7.332793134,48.728811149,QmnJ
A3410200,A341020001,2010-05-24,1070.0,2026-06-02T08:08:12Z,16,Donnée validée,10,Expertisée,20,Bonne,7.332793134,48.728811149,QmnJ
A3410200,A341020001,2010-05-25,1105.0,2026-06-02T08:08:12Z,16,Donnée validée,10,Expertisée,20,Bonne,7.332793134,48.728811149,QmnJ
A3410200,A341020001,2010-05-26,1448.0,2026-06-02T08:08:12Z,16,Donnée validée,10,Expertisée,20,Bonne,7.332793134,48.728811149,QmnJ
A3410200,A341020001,2010-05-27,2307.0,2026-06-02T08:08:12Z,16,Donnée validée,10,Expertisée,20,Bonne,7.332793134,48.728811149,QmnJ
A3410200,A341020001,2010-05-28,1610.0,2026-06-02T08:08:12Z,16,Donnée validée,10,Expertisée,20,Bonne,7.332793134,48.728811149,QmnJ
A3410200,A341020001,2010-05-29,1425.0,2026-06-02T08:08:12Z,16,Donnée validée,10,Expertisée,20,Bonne,7.332793134,48.728811149,QmnJ
A3410200,A341020001,2010-05-30,2246.0,2026-06-02T08:08:12Z,16,Donnée validée,10,Expertisée,20,Bonne,7.332793134,48.728811149,QmnJ
A3410200,A341020001,2010-05-31,2293.0,2026-06-02T08:08:12Z,16,Donnée validée,10,Expertisée,20,Bonne,7.332793134,48.728811149,QmnJ
A3410200,A341020001,2010-06-01,1969.0,2026-06-02T08:08:12Z,16,Donnée validée,10,Expertisée,20,Bonne,7.332793134,48.728811149,QmnJ
A3410200,A341020001,2010-06-02,1923.0,2026-06-02T08:08:12Z,16,Donnée validée,10,Expertisée,20,Bonne,7.332793134,48.728811149,QmnJ
A3410200,A341020001,2010-06-03,1849.0,2026-06-02T08:08:12Z,16,Donnée validée,10,Expertisée,20,Bonne,7.332793134,48.728811149,QmnJ
A3410200,A341020001,2010-06-04,1716.0,2026-06-02T08:08:12Z,16,Donnée validée,10,Expertisée,20,Bonne,7.332793134,48.728811149,QmnJ
A3410200,A341020001,2010-06-05,1628.0,2026-06-02T08:08:12Z,16,Donnée validée,10,Expertisée,20,Bonne,7.332793134,48.728811149,QmnJ
A3410200,A341020001,2010-06-06,1727.0,2026-06-02T08:08:12Z,16,Donnée validée,10,Expertisée,20,Bonne,7.332793134,48.728811149,QmnJ
A3410200,A341020001,2010-06-07,2350.0,2026-06-02T08:08:12Z,16,Donnée validée,10,Expertisée,20,Bonne,7.332793134,48.728811149,QmnJ
A3410200,A341020001,2010-06-08,1740.0,2026-06-02T08:08:12Z,16,Donnée validée,10,Expertisée,20,Bonne,7.332793134,48.728811149,QmnJ
A3410200,A341020001,2010-06-09,1992.0,2026-06-02T08:08:12Z,16,Donnée validée,10,Expertisée,20,Bonne,7.332793134,48.728811149,QmnJ
A3410200,A341020001,2010-06-10,3040.0,2026-06-02T08:08:12Z,16,Donnée validée,10,Expertisée,20,Bonne,7.332793134,48.728811149,QmnJ
A3410200,A341020001,2010-06-11,5306.0,2026-06-02T08:08:12Z,16,Donnée validée,10,Expertisée,20,Bonne,7.332793134,48.728811149,QmnJ
A3410200,A341020001,2010-06-12,3381.0,2026-06-02T08:08:12Z,16,Donnée validée,10,Expertisée,20,Bonne,7.332793134,48.728811149,QmnJ
A3410200,A341020001,2010-06-13,2802.0,2026-06-02T08:08:12Z,16,Donnée validée,10,Expertisée,20,Bonne,7.332793134,48.728811149,QmnJ
A3410200,A341020001,2010-06-14,2777.0,2026-06-02T08:08:12Z,16,Donnée validée,10,Expertisée,20,Bonne,7.332793134,48.728811149,QmnJ
A3410200,A341020001,2010-06-15,2492.0,2026-06-02T08:08:12Z,16,Donnée validée,10,Expertisée,20,Bonne,7.332793134,48.728811149,QmnJ
A3410200,A341020001,2010-06-16,2123.0,2026-06-02T08:08:12Z,16,Donnée validée,10,Expertisée,20,Bonne,7.332793134,48.728811149,QmnJ
A3410200,A341020001,2010-06-17,2047.0,2026-06-02T08:08:12Z,16,Donnée validée,10,Expertisée,20,Bonne,7.332793134,48.728811149,QmnJ
A3410200,A341020001,2010-06-18,2212.0,2026-06-02T08:08:12Z,16,Donnée validée,10,Expertisée,20,Bonne,7.332793134,48.728811149,QmnJ
A3410200,A341020001,2010-06-19,2373.0,2026-06-02T08:08:12Z,16,Donnée validée,10,Expertisée,20,Bonne,7.332793134,48.728811149,QmnJ
A3410200,A341020001,2010-06-20,2097.0,2026-06-02T08:08:12Z,16,Donnée validée,10,Expertisée,20,Bonne,7.332793134,48.728811149,QmnJ
A3410200,A341020001,2010-06-21,1908.0,2026-06-02T08:08:12Z,16,Donnée validée,10,Expertisée,20,Bonne,7.332793134,48.728811149,QmnJ
A3410200,A341020001,2010-06-22,1833.0,2026-06-02T08:08:12Z,16,Donnée validée,10,Expertisée,20,Bonne,7.332793134,48.728811149,QmnJ
A3410200,A341020001,2010-06-23,1679.0,2026-06-02T08:08:12Z,16,Donnée validée,10,Expertisée,20,Bonne,7.332793134,48.728811149,QmnJ
A3410200,A341020001,2010-06-24,1699.0,2026-06-02T08:08:12Z,16,Donnée validée,10,Expertisée,20,Bonne,7.332793134,48.728811149,QmnJ
A3410200,A341020001,2010-06-25,1693.0,2026-06-02T08:08:12Z,16,Donnée validée,10,Expertisée,20,Bonne,7.332793134,48.728811149,QmnJ
A3410200,A341020001,2010-06-26,1639.0,2026-06-02T08:08:12Z,16,Donnée validée,10,Expertisée,20,Bonne,7.332793134,48.728811149,QmnJ
A3410200,A341020001,2010-06-27,1571.0,2026-06-02T08:08:12Z,16,Donnée validée,10,Expertisée,20,Bonne,7.332793134,48.728811149,QmnJ
A3410200,A341020001,2010-06-28,1362.0,2026-06-02T08:08:12Z,16,Donnée validée,10,Expertisée,20,Bonne,7.332793134,48.728811149,QmnJ
A3410200,A341020001,2010-06-29,1442.0,2026-06-02T08:08:12Z,16,Donnée validée,10,Expertisée,20,Bonne,7.332793134,48.728811149,QmnJ
A3410200,A341020001,2010-06-30,1478.0,2026-06-02T08:08:12Z,16,Donnée validée,10,Expertisée,20,Bonne,7.332793134,48.728811149,QmnJ
A3410200,A341020001,2010-07-01,1417.0,2026-06-02T08:08:12Z,16,Donnée validée,10,Expertisée,20,Bonne,7.332793134,48.728811149,QmnJ
A3410200,A341020001,2010-07-02,1451.0,2026-06-02T08:08:12Z,16,Donnée validée,10,Expertisée,20,Bonne,7.332793134,48.728811149,QmnJ
A3410200,A341020001,2010-07-03,1630.0,2026-06-02T08:08:12Z,16,Donnée validée,10,Expertisée,20,Bonne,7.332793134,48.728811149,QmnJ
A3410200,A341020001,2010-07-04,1847.0,2026-06-02T08:08:12Z,16,Donnée validée,10,Expertisée,20,Bonne,7.332793134,48.728811149,QmnJ
A3410200,A341020001,2010-07-05,1562.0,2026-06-02T08:08:12Z,16,Donnée validée,10,Expertisée,20,Bonne,7.332793134,48.728811149,QmnJ
A3410200,A341020001,2010-07-06,1445.0,2026-06-02T08:08:12Z,16,Donnée validée,10,Expertisée,20,Bonne,7.332793134,48.728811149,QmnJ
A3410200,A341020001,2010-07-07,1216.0,2026-06-02T08:08:12Z,16,Donnée validée,10,Expertisée,20,Bonne,7.332793134,48.728811149,QmnJ
A3410200,A341020001,2010-07-08,1203.0,2026-06-02T08:08:12Z,16,Donnée validée,10,Expertisée,20,Bonne,7.332793134,48.728811149,QmnJ
A3410200,A341020001,2010-07-09,1199.0,2026-06-02T08:08:12Z,16,Donnée validée,10,Expertisée,20,Bonne,7.332793134,48.728811149,QmnJ
A3410200,A341020001,2010-07-10,1342.0,2026-06-02T08:08:12Z,16,Donnée validée,10,Expertisée,20,Bonne,7.332793134,48.728811149,QmnJ
A3410200,A341020001,2010-07-11,2789.0,2026-06-02T08:08:12Z,16,Donnée validée,10,Expertisée,20,Bonne,7.332793134,48.728811149,QmnJ
A3410200,A341020001,2010-07-12,1571.0,2026-06-02T08:08:12Z,16,Donnée validée,10,Expertisée,20,Bonne,7.332793134,48.728811149,QmnJ
A3410200,A341020001,2010-07-13,1494.0,2026-06-02T08:08:12Z,16,Donnée validée,10,Expertisée,20,Bonne,7.332793134,48.728811149,QmnJ
A3410200,A341020001,2010-07-14,1693.0,2026-06-02T08:08:12Z,16,Donnée validée,10,Expertisée,20,Bonne,7.332793134,48.728811149,QmnJ
A3410200,A341020001,2010-07-15,1586.0,2026-06-02T08:08:12Z,16,Donnée validée,10,Expertisée,20,Bonne,7.332793134,48.728811149,QmnJ
A3410200,A341020001,2010-07-16,1170.0,2026-06-02T08:08:12Z,16,Donnée validée,10,Expertisée,20,Bonne,7.332793134,48.728811149,QmnJ
A3410200,A341020001,2010-07-17,1341.0,2026-06-02T08:08:12Z,16,Donnée validée,10,Expertisée,20,Bonne,7.332793134,48.728811149,QmnJ
A3410200,A341020001,2010-07-18,1178.0,2026-06-02T08:08:12Z,16,Donnée validée,10,Expertisée,20,Bonne,7.332793134,48.728811149,QmnJ
A3410200,A341020001,2010-07-19,1092.0,2026-06-02T08:08:12Z,16,Donnée validée,10,Expertisée,20,Bonne,7.332793134,48.728811149,QmnJ
A3410200,A341020001,2010-07-20,1092.0,2026-06-02T08:08:12Z,16,Donnée validée,10,Expertisée,20,Bonne,7.332793134,48.728811149,QmnJ
A3410200,A341020001,2010-07-21,1115.0,2026-06-02T08:08:12Z,16,Donnée validée,10,Expertisée,20,Bonne,7.332793134,48.728811149,QmnJ
A3410200,A341020001,2010-07-22,1199.0,2026-06-02T08:08:12Z,16,Donnée validée,10,Expertisée,20,Bonne,7.332793134,48.728811149,QmnJ
A3410200,A341020001,2010-07-23,1473.0,2026-06-02T08:08:12Z,16,Donnée validée,10,Expertisée,20,Bonne,7.332793134,48.728811149,QmnJ
A3410200,A341020001,2010-07-24,1565.0,2026-06-02T08:08:12Z,16,Donnée validée,10,Expertisée,20,Bonne,7.332793134,48.728811149,QmnJ
A3410200,A341020001,2010-07-25,1295.0,2026-06-02T08:08:12Z,16,Donnée validée,10,Expertisée,20,Bonne,7.332793134,48.728811149,QmnJ
A3410200,A341020001,2010-07-26,1637.0,2026-06-02T08:08:12Z,16,Donnée validée,10,Expertisée,20,Bonne,7.332793134,48.728811149,QmnJ
A3410200,A341020001,2010-07-27,1370.0,2026-06-02T08:08:12Z,16,Donnée validée,10,Expertisée,20,Bonne,7.332793134,48.728811149,QmnJ
A3410200,A341020001,2010-07-28,1635.0,2026-06-02T08:08:12Z,16,Donnée validée,10,Expertisée,20,Bonne,7.332793134,48.728811149,QmnJ
A3410200,A341020001,2010-07-29,1774.0,2026-06-02T08:08:12Z,16,Donnée validée,10,Expertisée,20,Bonne,7.332793134,48.728811149,QmnJ
A3410200,A341020001,2010-07-30,1530.0,2026-06-02T08:08:12Z,16,Donnée validée,10,Expertisée,20,Bonne,7.332793134,48.728811149,QmnJ
A3410200,A341020001,2010-07-31,1350.0,2026-06-02T08:08:12Z,16,Donnée validée,10,Expertisée,20,Bonne,7.332793134,48.728811149,QmnJ
A3410200,A341020001,2010-08-01,1348.0,2026-06-02T08:08:12Z,16,Donnée validée,10,Expertisée,20,Bonne,7.332793134,48.728811149,QmnJ
A3410200,A341020001,2010-08-02,1633.0,2026-06-02T08:08:12Z,16,Donnée validée,10,Expertisée,20,Bonne,7.332793134,48.728811149,QmnJ
A3410200,A341020001,2010-08-03,1900.0,2026-06-02T08:08:12Z,16,Donnée validée,10,Expertisée,20,Bonne,7.332793134,48.728811149,QmnJ
A3410200,A341020001,2010-08-04,1455.0,2026-06-02T08:08:12Z,16,Donnée validée,10,Expertisée,20,Bonne,7.332793134,48.728811149,QmnJ
A3410200,A341020001,2010-08-05,1699.0,2026-06-02T08:08:12Z,16,Donnée validée,10,Expertisée,20,Bonne,7.332793134,48.728811149,QmnJ
A3410200,A341020001,2010-08-06,1556.0,2026-06-02T08:08:12Z,16,Donnée validée,10,Expertisée,20,Bonne,7.332793134,48.728811149,QmnJ
A3410200,A341020001,2010-08-07,1383.0,2026-06-02T08:08:12Z,16,Donnée validée,10,Expertisée,20,Bonne,7.332793134,48.728811149,QmnJ
A3410200,A341020001,2010-08-08,1410.0,2026-06-02T08:08:12Z,16,Donnée validée,10,Expertisée,20,Bonne,7.332793134,48.728811149,QmnJ
A3410200,A341020001,2010-08-09,1349.0,2026-06-02T08:08:12Z,16,Donnée validée,10,Expertisée,20,Bonne,7.332793134,48.728811149,QmnJ
A3410200,A341020001,2010-08-10,1299.0,2026-06-02T08:08:12Z,16,Donnée validée,10,Expertisée,20,Bonne,7.332793134,48.728811149,QmnJ
A3410200,A341020001,2010-08-11,1343.0,2026-06-02T08:08:12Z,16,Donnée validée,10,Expertisée,20,Bonne,7.332793134,48.728811149,QmnJ
A3410200,A341020001,2010-08-12,1760.0,2026-06-02T08:08:12Z,16,Donnée validée,10,Expertisée,20,Bonne,7.332793134,48.728811149,QmnJ
A3410200,A341020001,2010-08-13,1426.0,2026-06-02T08:08:12Z,16,Donnée validée,10,Expertisée,20,Bonne,7.332793134,48.728811149,QmnJ
A3410200,A341020001,2010-08-14,1511.0,2026-06-02T08:08:12Z,16,Donnée validée,10,Expertisée,20,Bonne,7.332793134,48.728811149,QmnJ
A3410200,A341020001,2010-08-15,2694.0,2026-06-02T08:08:12Z,16,Donnée validée,10,Expertisée,20,Bonne,7.332793134,48.728811149,QmnJ
A3410200,A341020001,2010-08-16,2112.0,2026-06-02T08:08:12Z,16,Donnée validée,10,Expertisée,20,Bonne,7.332793134,48.728811149,QmnJ
A3410200,A341020001,2010-08-17,3717.0,2026-06-02T08:08:12Z,16,Donnée validée,10,Expertisée,20,Bonne,7.332793134,48.728811149,QmnJ
A3410200,A341020001,2010-08-18,2227.0,2026-06-02T08:08:12Z,16,Donnée validée,10,Expertisée,20,Bonne,7.332793134,48.728811149,QmnJ
A3410200,A341020001,2010-08-19,1830.0,2026-06-02T08:08:12Z,16,Donnée validée,10,Expertisée,20,Bonne,7.332793134,48.728811149,QmnJ
A3410200,A341020001,2010-08-20,1565.0,2026-06-02T08:08:12Z,16,Donnée validée,10,Expertisée,20,Bonne,7.332793134,48.728811149,QmnJ
A3410200,A341020001,2010-08-21,1506.0,2026-06-02T08:08:12Z,16,Donnée validée,10,Expertisée,20,Bonne,7.332793134,48.728811149,QmnJ
A3410200,A341020001,2010-08-22,1446.0,2026-06-02T08:08:12Z,16,Donnée validée,10,Expertisée,20,Bonne,7.332793134,48.728811149,QmnJ
A3410200,A341020001,2010-08-23,1471.0,2026-06-02T08:08:12Z,16,Donnée validée,10,Expertisée,20,Bonne,7.332793134,48.728811149,QmnJ
A3410200,A341020001,2010-08-24,4221.0,2026-06-02T08:08:12Z,16,Donnée validée,10,Expertisée,20,Bonne,7.332793134,48.728811149,QmnJ
A3410200,A341020001,2010-08-25,2386.0,2026-06-02T08:08:12Z,16,Donnée validée,10,Expertisée,20,Bonne,7.332793134,48.728811149,QmnJ
A3410200,A341020001,2010-08-26,2146.0,2026-06-02T08:08:12Z,16,Donnée validée,10,Expertisée,20,Bonne,7.332793134,48.728811149,QmnJ
A3410200,A341020001,2010-08-27,2262.0,2026-06-02T08:08:12Z,16,Donnée validée,10,Expertisée,20,Bonne,7.332793134,48.728811149,QmnJ
A3410200,A341020001,2010-08-28,2475.0,2026-06-02T08:08:12Z,16,Donnée validée,10,Expertisée,20,Bonne,7.332793134,48.728811149,QmnJ
A3410200,A341020001,2010-08-29,2097.0,2026-06-02T08:08:12Z,16,Donnée validée,10,Expertisée,20,Bonne,7.332793134,48.728811149,QmnJ
A3410200,A341020001,2010-08-30,2277.0,2026-06-02T08:08:12Z,16,Donnée validée,10,Expertisée,20,Bonne,7.332793134,48.728811149,QmnJ
A3410200,A341020001,2010-08-31,2019.0,2026-06-02T08:08:12Z,16,Donnée validée,10,Expertisée,20,Bonne,7.332793134,48.728811149,QmnJ
A3410200,A341020001,2010-09-01,1761.0,2026-06-02T08:08:12Z,16,Donnée validée,10,Expertisée,20,Bonne,7.332793134,48.728811149,QmnJ
A3410200,A341020001,2010-09-02,1807.0,2026-06-02T08:08:12Z,16,Donnée validée,10,Expertisée,20,Bonne,7.332793134,48.728811149,QmnJ
A3410200,A341020001,2010-09-03,1592.0,2026-06-02T08:08:12Z,16,Donnée validée,10,Expertisée,20,Bonne,7.332793134,48.728811149,QmnJ
A3410200,A341020001,2010-09-04,1758.0,2026-06-02T08:08:12Z,16,Donnée validée,10,Expertisée,20,Bonne,7.332793134,48.728811149,QmnJ
A3410200,A341020001,2010-09-05,1725.0,2026-06-02T08:08:12Z,16,Donnée validée,10,Expertisée,20,Bonne,7.332793134,48.728811149,QmnJ
A3410200,A341020001,2010-09-06,1601.0,2026-06-02T08:08:12Z,16,Donnée validée,10,Expertisée,20,Bonne,7.332793134,48.728811149,QmnJ
A3410200,A341020001,2010-09-07,2274.0,2026-06-02T08:08:12Z,16,Donnée validée,10,Expertisée,20,Bonne,7.332793134,48.728811149,QmnJ
A3410200,A341020001,2010-09-08,2140.0,2026-06-02T08:08:12Z,16,Donnée validée,10,Expertisée,20,Bonne,7.332793134,48.728811149,QmnJ
A3410200,A341020001,2010-09-09,1818.0,2026-06-02T08:08:12Z,16,Donnée validée,10,Expertisée,20,Bonne,7.332793134,48.728811149,QmnJ
A3410200,A341020001,2010-09-10,1703.0,2026-06-02T08:08:12Z,16,Donnée validée,10,Expertisée,20,Bonne,7.332793134,48.728811149,QmnJ
A3410200,A341020001,2010-09-11,1610.0,2026-06-02T08:08:12Z,16,Donnée validée,10,Expertisée,20,Bonne,7.332793134,48.728811149,QmnJ
A3410200,A341020001,2010-09-12,1922.0,2026-06-02T08:08:12Z,16,Donnée validée,10,Expertisée,20,Bonne,7.332793134,48.728811149,QmnJ
A3410200,A341020001,2010-09-13,2529.0,2026-06-02T08:08:12Z,16,Donnée validée,10,Expertisée,20,Bonne,7.332793134,48.728811149,QmnJ
A3410200,A341020001,2010-09-14,1985.0,2026-06-02T08:08:12Z,16,Donnée validée,10,Expertisée,20,Bonne,7.332793134,48.728811149,QmnJ
A3410200,A341020001,2010-09-15,2813.0,2026-06-02T08:08:12Z,16,Donnée validée,10,Expertisée,20,Bonne,7.332793134,48.728811149,QmnJ
A3410200,A341020001,2010-09-16,3339.0,2026-06-02T08:08:12Z,16,Donnée validée,10,Expertisée,20,Bonne,7.332793134,48.728811149,QmnJ
A3410200,A341020001,2010-09-17,2676.0,2026-06-02T08:08:12Z,16,Donnée validée,10,Expertisée,20,Bonne,7.332793134,48.728811149,QmnJ
A3410200,A341020001,2010-09-18,2170.0,2026-06-02T08:08:12Z,16,Donnée validée,10,Expertisée,20,Bonne,7.332793134,48.728811149,QmnJ
A3410200,A341020001,2010-09-19,1649.0,2026-06-02T08:08:12Z,16,Donnée validée,10,Expertisée,20,Bonne,7.332793134,48.728811149,QmnJ
A3410200,A341020001,2010-09-20,1226.0,2026-06-02T08:08:12Z,16,Donnée validée,10,Expertisée,20,Bonne,7.332793134,48.728811149,QmnJ
A3410200,A341020001,2010-09-21,1174.0,2026-06-02T08:08:12Z,16,Donnée validée,10,Expertisée,20,Bonne,7.332793134,48.728811149,QmnJ
A3410200,A341020001,2010-09-22,1203.0,2026-06-02T08:08:12Z,16,Donnée validée,10,Expertisée,20,Bonne,7.332793134,48.728811149,QmnJ
A3410200,A341020001,2010-09-23,1194.0,2026-06-02T08:08:12Z,16,Donnée validée,10,Expertisée,20,Bonne,7.332793134,48.728811149,QmnJ
A3410200,A341020001,2010-09-24,1315.0,2026-06-02T08:08:12Z,16,Donnée validée,10,Expertisée,20,Bonne,7.332793134,48.728811149,QmnJ
A3410200,A341020001,2010-09-25,1469.0,2026-06-02T08:08:12Z,16,Donnée validée,10,Expertisée,20,Bonne,7.332793134,48.728811149,QmnJ
A3410200,A341020001,2010-09-26,1285.0,2026-06-02T08:08:12Z,16,Donnée validée,10,Expertisée,20,Bonne,7.332793134,48.728811149,QmnJ
A3410200,A341020001,2010-09-27,1237.0,2026-06-02T08:08:12Z,16,Donnée validée,10,Expertisée,20,Bonne,7.332793134,48.728811149,QmnJ
A3410200,A341020001,2010-09-28,1182.0,2026-06-02T08:08:12Z,16,Donnée validée,10,Expertisée,20,Bonne,7.332793134,48.728811149,QmnJ
A3410200,A341020001,2010-09-29,1130.0,2026-06-02T08:08:12Z,16,Donnée validée,10,Expertisée,20,Bonne,7.332793134,48.728811149,QmnJ
A3410200,A341020001,2010-09-30,1143.0,2026-06-02T08:08:12Z,16,Donnée validée,10,Expertisée,20,Bonne,7.332793134,48.728811149,QmnJ
A3410200,A341020001,2010-10-01,1241.0,2026-06-02T08:08:12Z,16,Donnée validée,10,Expertisée,20,Bonne,7.332793134,48.728811149,QmnJ
A3410200,A341020001,2010-10-02,1279.0,2026-06-02T08:08:12Z,16,Donnée validée,10,Expertisée,20,Bonne,7.332793134,48.728811149,QmnJ
A3410200,A341020001,2010-10-03,1190.0,2026-06-02T08:08:12Z,16,Donnée validée,10,Expertisée,20,Bonne,7.332793134,48.728811149,QmnJ
A3410200,A341020001,2010-10-04,1147.0,2026-06-02T08:08:12Z,16,Donnée validée,10,Expertisée,20,Bonne,7.332793134,48.728811149,QmnJ
A3410200,A341020001,2010-10-05,1150.0,2026-06-02T08:08:12Z,16,Donnée validée,10,Expertisée,20,Bonne,7.332793134,48.728811149,QmnJ
A3410200,A341020001,2010-10-06,1111.0,2026-06-02T08:08:12Z,16,Donnée validée,10,Expertisée,20,Bonne,7.332793134,48.728811149,QmnJ
A3410200,A341020001,2010-10-07,1105.0,2026-06-02T08:08:12Z,16,Donnée validée,10,Expertisée,20,Bonne,7.332793134,48.728811149,QmnJ
A3410200,A341020001,2010-10-08,1075.0,2026-06-02T08:08:12Z,16,Donnée validée,10,Expertisée,20,Bonne,7.332793134,48.728811149,QmnJ
A3410200,A341020001,2010-10-09,1099.0,2026-06-02T08:08:12Z,16,Donnée validée,10,Expertisée,20,Bonne,7.332793134,48.728811149,QmnJ
A3410200,A341020001,2010-10-10,1096.0,2026-06-02T08:08:12Z,16,Donnée validée,10,Expertisée,20,Bonne,7.332793134,48.728811149,QmnJ
A3410200,A341020001,2010-10-11,1016.0,2026-06-02T08:08:12Z,16,Donnée validée,10,Expertisée,20,Bonne,7.332793134,48.728811149,QmnJ
A3410200,A341020001,2010-10-12,1036.0,2026-06-02T08:08:12Z,16,Donnée validée,10,Expertisée,20,Bonne,7.332793134,48.728811149,QmnJ
A3410200,A341020001,2010-10-13,1009.0,2026-06-02T08:08:12Z,16,Donnée validée,10,Expertisée,20,Bonne,7.332793134,48.728811149,QmnJ
A3410200,A341020001,2010-10-14,1051.0,2026-06-02T08:08:12Z,16,Donnée validée,10,Expertisée,20,Bonne,7.332793134,48.728811149,QmnJ
A3410200,A341020001,2010-10-15,1024.0,2026-06-02T08:08:12Z,16,Donnée validée,10,Expertisée,20,Bonne,7.332793134,48.728811149,QmnJ
A3410200,A341020001,2010-10-16,1308.0,2026-06-02T08:08:12Z,16,Donnée validée,10,Expertisée,20,Bonne,7.332793134,48.728811149,QmnJ
A3410200,A341020001,2010-10-17,1565.0,2026-06-02T08:08:12Z,16,Donnée validée,10,Expertisée,20,Bonne,7.332793134,48.728811149,QmnJ
A3410200,A341020001,2010-10-18,1200.0,2026-06-02T08:08:12Z,16,Donnée validée,10,Expertisée,20,Bonne,7.332793134,48.728811149,QmnJ
A3410200,A341020001,2010-10-19,1282.0,2026-06-02T08:08:12Z,16,Donnée validée,10,Expertisée,20,Bonne,7.332793134,48.728811149,QmnJ
A3410200,A341020001,2010-10-20,1717.0,2026-06-02T08:08:12Z,16,Donnée validée,10,Expertisée,20,Bonne,7.332793134,48.728811149,QmnJ
A3410200,A341020001,2010-10-21,1625.0,2026-06-02T08:08:12Z,16,Donnée validée,10,Expertisée,20,Bonne,7.332793134,48.728811149,QmnJ
A3410200,A341020001,2010-10-22,1356.0,2026-06-02T08:08:12Z,16,Donnée validée,10,Expertisée,20,Bonne,7.332793134,48.728811149,QmnJ
A3410200,A341020001,2010-10-23,1297.0,2026-06-02T08:08:12Z,16,Donnée validée,10,Expertisée,20,Bonne,7.332793134,48.728811149,QmnJ
A3410200,A341020001,2010-10-24,1701.0,2026-06-02T08:08:12Z,16,Donnée validée,10,Expertisée,20,Bonne,7.332793134,48.728811149,QmnJ
A3410200,A341020001,2010-10-25,1506.0,2026-06-02T08:08:12Z,16,Donnée validée,10,Expertisée,20,Bonne,7.332793134,48.728811149,QmnJ
A3410200,A341020001,2010-10-26,1314.0,2026-06-02T08:08:12Z,16,Donnée validée,10,Expertisée,20,Bonne,7.332793134,48.728811149,QmnJ
A3410200,A341020001,2010-10-27,1218.0,2026-06-02T08:08:12Z,16,Donnée validée,10,Expertisée,20,Bonne,7.332793134,48.728811149,QmnJ
A3410200,A341020001,2010-10-28,1208.0,2026-06-02T08:08:12Z,16,Donnée validée,10,Expertisée,20,Bonne,7.332793134,48.728811149,QmnJ
A3410200,A341020001,2010-10-29,1217.0,2026-06-02T08:08:12Z,16,Donnée validée,10,Expertisée,20,Bonne,7.332793134,48.728811149,QmnJ
A3410200,A341020001,2010-10-30,1227.0,2026-06-02T08:08:12Z,16,Donnée validée,10,Expertisée,20,Bonne,7.332793134,48.728811149,QmnJ
A3410200,A341020001,2010-10-31,1219.0,2026-06-02T08:08:12Z,16,Donnée validée,10,Expertisée,20,Bonne,7.332793134,48.728811149,QmnJ
A3410200,A341020001,2010-11-01,1177.0,2026-06-02T08:08:12Z,16,Donnée validée,10,Expertisée,20,Bonne,7.332793134,48.728811149,QmnJ
A3410200,A341020001,2010-11-02,1135.0,2026-06-02T08:08:12Z,16,Donnée validée,10,Expertisée,20,Bonne,7.332793134,48.728811149,QmnJ
A3410200,A341020001,2010-11-03,1095.0,2026-06-02T08:08:12Z,16,Donnée validée,10,Expertisée,20,Bonne,7.332793134,48.728811149,QmnJ
A3410200,A341020001,2010-11-04,1080.0,2026-06-02T08:08:12Z,16,Donnée validée,10,Expertisée,20,Bonne,7.332793134,48.728811149,QmnJ
A3410200,A341020001,2010-11-05,1080.0,2026-06-02T08:08:12Z,16,Donnée validée,10,Expertisée,20,Bonne,7.332793134,48.728811149,QmnJ
A3410200,A341020001,2010-11-06,1138.0,2026-06-02T08:08:12Z,16,Donnée validée,10,Expertisée,20,Bonne,7.332793134,48.728811149,QmnJ
A3410200,A341020001,2010-11-07,4668.0,2026-06-02T08:08:12Z,16,Donnée validée,10,Expertisée,20,Bonne,7.332793134,48.728811149,QmnJ
A3410200,A341020001,2010-11-08,3183.0,2026-06-02T08:08:12Z,16,Donnée validée,10,Expertisée,20,Bonne,7.332793134,48.728811149,QmnJ
A3410200,A341020001,2010-11-09,2597.0,2026-06-02T08:08:12Z,16,Donnée validée,10,Expertisée,20,Bonne,7.332793134,48.728811149,QmnJ
A3410200,A341020001,2010-11-10,2332.0,2026-06-02T08:08:12Z,16,Donnée validée,10,Expertisée,20,Bonne,7.332793134,48.728811149,QmnJ
A3410200,A341020001,2010-11-11,2119.0,2026-06-02T08:08:12Z,16,Donnée validée,10,Expertisée,20,Bonne,7.332793134,48.728811149,QmnJ
A3410200,A341020001,2010-11-12,2346.0,2026-06-02T08:08:12Z,16,Donnée validée,10,Expertisée,20,Bonne,7.332793134,48.728811149,QmnJ
A3410200,A341020001,2010-11-13,2235.0,2026-06-02T08:08:12Z,16,Donnée validée,10,Expertisée,20,Bonne,7.332793134,48.728811149,QmnJ
A3410200,A341020001,2010-11-14,2135.0,2026-06-02T08:08:12Z,16,Donnée validée,10,Expertisée,20,Bonne,7.332793134,48.728811149,QmnJ
A3410200,A341020001,2010-11-15,5196.0,2026-06-02T08:08:12Z,16,Donnée validée,10,Expertisée,20,Bonne,7.332793134,48.728811149,QmnJ
A3410200,A341020001,2010-11-16,4781.0,2026-06-02T08:08:12Z,16,Donnée validée,10,Expertisée,20,Bonne,7.332793134,48.728811149,QmnJ
A3410200,A341020001,2010-11-17,3551.0,2026-06-02T08:08:12Z,16,Donnée validée,10,Expertisée,20,Bonne,7.332793134,48.728811149,QmnJ
A3410200,A341020001,2010-11-18,3108.0,2026-06-02T08:08:12Z,16,Donnée validée,10,Expertisée,20,Bonne,7.332793134,48.728811149,QmnJ
A3410200,A341020001,2010-11-19,2774.0,2026-06-02T08:08:12Z,16,Donnée validée,10,Expertisée,20,Bonne,7.332793134,48.728811149,QmnJ
A3410200,A341020001,2010-11-20,2495.0,2026-06-02T08:08:12Z,16,Donnée validée,10,Expertisée,20,Bonne,7.332793134,48.728811149,QmnJ
A3410200,A341020001,2010-11-21,2411.0,2026-06-02T08:08:12Z,16,Donnée validée,10,Expertisée,20,Bonne,7.332793134,48.728811149,QmnJ
A3410200,A341020001,2010-11-22,2367.0,2026-06-02T08:08:12Z,16,Donnée validée,10,Expertisée,20,Bonne,7.332793134,48.728811149,QmnJ
A3410200,A341020001,2010-11-23,2255.0,2026-06-02T08:08:12Z,16,Donnée validée,10,Expertisée,20,Bonne,7.332793134,48.728811149,QmnJ
A3410200,A341020001,2010-11-24,2205.0,2026-06-02T08:08:12Z,16,Donnée validée,10,Expertisée,20,Bonne,7.332793134,48.728811149,QmnJ
A3410200,A341020001,2010-11-25,2524.0,2026-06-02T08:08:12Z,16,Donnée validée,10,Expertisée,20,Bonne,7.332793134,48.728811149,QmnJ
A3410200,A341020001,2010-11-26,2668.0,2026-06-02T08:08:12Z,16,Donnée validée,10,Expertisée,20,Bonne,7.332793134,48.728811149,QmnJ
A3410200,A341020001,2010-11-27,2379.0,2026-06-02T08:08:12Z,16,Donnée validée,10,Expertisée,20,Bonne,7.332793134,48.728811149,QmnJ
A3410200,A341020001,2010-11-28,2272.0,2026-06-02T08:08:12Z,16,Donnée validée,10,Expertisée,20,Bonne,7.332793134,48.728811149,QmnJ
A3410200,A341020001,2010-11-29,2208.0,2026-06-02T08:08:12Z,16,Donnée validée,10,Expertisée,20,Bonne,7.332793134,48.728811149,QmnJ
A3410200,A341020001,2010-11-30,2145.0,2026-06-02T08:08:12Z,16,Donnée validée,10,Expertisée,20,Bonne,7.332793134,48.728811149,QmnJ
A3410200,A341020001,2010-12-01,2080.0,2026-06-02T08:08:12Z,16,Donnée validée,10,Expertisée,20,Bonne,7.332793134,48.728811149,QmnJ
A3410200,A341020001,2010-12-02,1992.0,2026-06-02T08:08:12Z,16,Donnée validée,10,Expertisée,20,Bonne,7.332793134,48.728811149,QmnJ
A3410200,A341020001,2010-12-03,1872.0,2026-06-02T08:08:12Z,16,Donnée validée,10,Expertisée,20,Bonne,7.332793134,48.728811149,QmnJ
A3410200,A341020001,2010-12-04,1763.0,2026-06-02T08:08:12Z,16,Donnée validée,10,Expertisée,20,Bonne,7.332793134,48.728811149,QmnJ
A3410200,A341020001,2010-12-05,1885.0,2026-06-02T08:08:12Z,16,Donnée validée,10,Expertisée,20,Bonne,7.332793134,48.728811149,QmnJ
A3410200,A341020001,2010-12-06,2554.0,2026-06-02T08:08:12Z,16,Donnée validée,10,Expertisée,20,Bonne,7.332793134,48.728811149,QmnJ
A3410200,A341020001,2010-12-07,8396.0,2026-06-02T08:08:12Z,16,Donnée validée,10,Expertisée,20,Bonne,7.332793134,48.728811149,QmnJ
A3410200,A341020001,2010-12-08,16845.0,2026-06-02T08:08:12Z,16,Donnée validée,10,Expertisée,20,Bonne,7.332793134,48.728811149,QmnJ
A3410200,A341020001,2010-12-09,15523.0,2026-06-02T08:08:12Z,16,Donnée validée,10,Expertisée,20,Bonne,7.332793134,48.728811149,QmnJ
A3410200,A341020001,2010-12-10,10542.0,2026-06-02T08:08:12Z,16,Donnée validée,10,Expertisée,20,Bonne,7.332793134,48.728811149,QmnJ
A3410200,A341020001,2010-12-11,9069.0,2026-06-02T08:08:12Z,16,Donnée validée,10,Expertisée,20,Bonne,7.332793134,48.728811149,QmnJ
A3410200,A341020001,2010-12-12,8555.0,2026-06-02T08:08:12Z,16,Donnée validée,10,Expertisée,20,Bonne,7.332793134,48.728811149,QmnJ
A3410200,A341020001,2010-12-13,7774.0,2026-06-02T08:08:12Z,16,Donnée validée,10,Expertisée,20,Bonne,7.332793134,48.728811149,QmnJ
A3410200,A341020001,2010-12-14,7075.0,2026-06-02T08:08:12Z,16,Donnée validée,10,Expertisée,20,Bonne,7.332793134,48.728811149,QmnJ
A3410200,A341020001,2010-12-15,6244.0,2026-06-02T08:08:12Z,16,Donnée validée,10,Expertisée,20,Bonne,7.332793134,48.728811149,QmnJ
A3410200,A341020001,2010-12-16,5749.0,2026-06-02T08:08:12Z,16,Donnée validée,10,Expertisée,20,Bonne,7.332793134,48.728811149,QmnJ
A3410200,A341020001,2010-12-17,5526.0,2026-06-02T08:08:12Z,16,Donnée validée,10,Expertisée,20,Bonne,7.332793134,48.728811149,QmnJ
A3410200,A341020001,2010-12-18,5042.0,2026-06-02T08:08:12Z,16,Donnée validée,10,Expertisée,20,Bonne,7.332793134,48.728811149,QmnJ
A3410200,A341020001,2010-12-19,5143.0,2026-06-02T08:08:12Z,16,Donnée validée,10,Expertisée,20,Bonne,7.332793134,48.728811149,QmnJ
A3410200,A341020001,2010-12-20,6746.0,2026-06-02T08:08:12Z,16,Donnée validée,10,Expertisée,20,Bonne,7.332793134,48.728811149,QmnJ
A3410200,A341020001,2010-12-21,9589.0,2026-06-02T08:08:12Z,16,Donnée validée,10,Expertisée,20,Bonne,7.332793134,48.728811149,QmnJ
A3410200,A341020001,2010-12-22,11259.0,2026-06-02T08:08:12Z,16,Donnée validée,10,Expertisée,20,Bonne,7.332793134,48.728811149,QmnJ
A3410200,A341020001,2010-12-23,12263.0,2026-06-02T08:08:12Z,16,Donnée validée,10,Expertisée,20,Bonne,7.332793134,48.728811149,QmnJ
A3410200,A341020001,2010-12-24,10409.0,2026-06-02T08:08:12Z,16,Donnée validée,10,Expertisée,20,Bonne,7.332793134,48.728811149,QmnJ
A3410200,A341020001,2010-12-25,8955.0,2026-06-02T08:08:12Z,16,Donnée validée,10,Expertisée,20,Bonne,7.332793134,48.728811149,QmnJ
A3410200,A341020001,2010-12-26,7373.0,2026-06-02T08:08:12Z,16,Donnée validée,10,Expertisée,20,Bonne,7.332793134,48.728811149,QmnJ
A3410200,A341020001,2010-12-27,6495.0,2026-06-02T08:08:12Z,16,Donnée validée,10,Expertisée,20,Bonne,7.332793134,48.728811149,QmnJ
A3410200,A341020001,2010-12-28,6412.0,2026-06-02T08:08:12Z,16,Donnée validée,10,Expertisée,20,Bonne,7.332793134,48.728811149,QmnJ
A3410200,A341020001,2010-12-29,6201.0,2026-06-02T08:08:12Z,16,Donnée validée,10,Expertisée,20,Bonne,7.332793134,48.728811149,QmnJ
A3410200,A341020001,2010-12-30,5197.0,2026-06-02T08:08:12Z,16,Donnée validée,10,Expertisée,20,Bonne,7.332793134,48.728811149,QmnJ
A3410200,A341020001,2010-12-31,4659.0,2026-06-02T08:08:12Z,16,Donnée validée,10,Expertisée,20,Bonne,7.332793134,48.728811149,QmnJ
A3410200,A341020001,2011-01-01,4368.0,2026-06-02T08:08:12Z,16,Donnée validée,10,Expertisée,20,Bonne,7.332793134,48.728811149,QmnJ
A3410200,A341020001,2011-01-02,3959.0,2026-06-02T08:08:12Z,16,Donnée validée,10,Expertisée,20,Bonne,7.332793134,48.728811149,QmnJ
A3410200,A341020001,2011-01-03,3739.0,2026-06-02T08:08:12Z,16,Donnée validée,10,Expertisée,20,Bonne,7.332793134,48.728811149,QmnJ
A3410200,A341020001,2011-01-04,3625.0,2026-06-02T08:08:12Z,16,Donnée validée,10,Expertisée,20,Bonne,7.332793134,48.728811149,QmnJ
A3410200,A341020001,2011-01-05,3684.0,2026-06-02T08:08:12Z,16,Donnée validée,10,Expertisée,20,Bonne,7.332793134,48.728811149,QmnJ
A3410200,A341020001,2011-01-06,6276.0,2026-06-02T08:08:12Z,16,Donnée validée,10,Expertisée,20,Bonne,7.332793134,48.728811149,QmnJ
A3410200,A341020001,2011-01-07,7234.0,2026-06-02T08:08:12Z,16,Donnée validée,10,Expertisée,20,Bonne,7.332793134,48.728811149,QmnJ
A3410200,A341020001,2011-01-08,8568.0,2026-06-02T08:08:12Z,16,Donnée validée,10,Expertisée,20,Bonne,7.332793134,48.728811149,QmnJ
A3410200,A341020001,2011-01-09,8520.0,2026-06-02T08:08:12Z,16,Donnée validée,10,Expertisée,20,Bonne,7.332793134,48.728811149,QmnJ
A3410200,A341020001,2011-01-10,7950.0,2026-06-02T08:08:12Z,16,Donnée validée,10,Expertisée,20,Bonne,7.332793134,48.728811149,QmnJ
A3410200,A341020001,2011-01-11,7732.0,2026-06-02T08:08:12Z,16,Donnée validée,10,Expertisée,20,Bonne,7.332793134,48.728811149,QmnJ
A3410200,A341020001,2011-01-12,7803.0,2026-06-02T08:08:12Z,16,Donnée validée,10,Expertisée,20,Bonne,7.332793134,48.728811149,QmnJ
A3410200,A341020001,2011-01-13,7749.0,2026-06-02T08:08:12Z,16,Donnée validée,10,Expertisée,20,Bonne,7.332793134,48.728811149,QmnJ
A3410200,A341020001,2011-01-14,7969.0,2026-06-02T08:08:12Z,16,Donnée validée,10,Expertisée,20,Bonne,7.332793134,48.728811149,QmnJ
A3410200,A341020001,2011-01-15,7571.0,2026-06-02T08:08:12Z,16,Donnée validée,10,Expertisée,20,Bonne,7.332793134,48.728811149,QmnJ
A3410200,A341020001,2011-01-16,7145.0,2026-06-02T08:08:12Z,16,Donnée validée,10,Expertisée,20,Bonne,7.332793134,48.728811149,QmnJ
A3410200,A341020001,2011-01-17,6283.0,2026-06-02T08:08:12Z,16,Donnée validée,10,Expertisée,20,Bonne,7.332793134,48.728811149,QmnJ
A3410200,A341020001,2011-01-18,5552.0,2026-06-02T08:08:12Z,16,Donnée validée,10,Expertisée,20,Bonne,7.332793134,48.728811149,QmnJ
A3410200,A341020001,2011-01-19,4739.0,2026-06-02T08:08:12Z,16,Donnée validée,10,Expertisée,20,Bonne,7.332793134,48.728811149,QmnJ
A3410200,A341020001,2011-01-20,4432.0,2026-06-02T08:08:12Z,16,Donnée validée,10,Expertisée,20,Bonne,7.332793134,48.728811149,QmnJ
A3410200,A341020001,2011-01-21,4146.0,2026-06-02T08:08:12Z,16,Donnée validée,10,Expertisée,20,Bonne,7.332793134,48.728811149,QmnJ
A3410200,A341020001,2011-01-22,3887.0,2026-06-02T08:08:12Z,16,Donnée validée,10,Expertisée,20,Bonne,7.332793134,48.728811149,QmnJ
A3410200,A341020001,2011-01-23,3790.0,2026-06-02T08:08:12Z,16,Donnée validée,10,Expertisée,20,Bonne,7.332793134,48.728811149,QmnJ
A3410200,A341020001,2011-01-24,3614.0,2026-06-02T08:08:12Z,16,Donnée validée,10,Expertisée,20,Bonne,7.332793134,48.728811149,QmnJ
A3410200,A341020001,2011-01-25,3533.0,2026-06-02T08:08:12Z,16,Donnée validée,10,Expertisée,20,Bonne,7.332793134,48.728811149,QmnJ
A3410200,A341020001,2011-01-26,3872.0,2026-06-02T08:08:12Z,16,Donnée validée,10,Expertisée,20,Bonne,7.332793134,48.728811149,QmnJ
A3410200,A341020001,2011-01-27,3814.0,2026-06-02T08:08:12Z,16,Donnée validée,10,Expertisée,20,Bonne,7.332793134,48.728811149,QmnJ
A3410200,A341020001,2011-01-28,3412.0,2026-06-02T08:08:12Z,16,Donnée validée,10,Expertisée,20,Bonne,7.332793134,48.728811149,QmnJ
A3410200,A341020001,2011-01-29,3202.0,2026-06-02T08:08:12Z,16,Donnée validée,10,Expertisée,20,Bonne,7.332793134,48.728811149,QmnJ
A3410200,A341020001,2011-01-30,3037.0,2026-06-02T08:08:12Z,16,Donnée validée,10,Expertisée,20,Bonne,7.332793134,48.728811149,QmnJ
A3410200,A341020001,2011-01-31,2873.0,2026-06-02T08:08:12Z,16,Donnée validée,10,Expertisée,20,Bonne,7.332793134,48.728811149,QmnJ
A3410200,A341020001,2011-02-01,2675.0,2026-06-02T08:08:12Z,16,Donnée validée,10,Expertisée,20,Bonne,7.332793134,48.728811149,QmnJ
A3410200,A341020001,2011-02-02,2514.0,2026-06-02T08:08:12Z,16,Donnée validée,10,Expertisée,20,Bonne,7.332793134,48.728811149,QmnJ
A3410200,A341020001,2011-02-03,2351.0,2026-06-02T08:08:12Z,16,Donnée validée,10,Expertisée,20,Bonne,7.332793134,48.728811149,QmnJ
A3410200,A341020001,2011-02-04,2466.0,2026-06-02T08:08:12Z,16,Donnée validée,10,Expertisée,20,Bonne,7.332793134,48.728811149,QmnJ
A3410200,A341020001,2011-02-05,2677.0,2026-06-02T08:08:12Z,16,Donnée validée,10,Expertisée,20,Bonne,7.332793134,48.728811149,QmnJ
A3410200,A341020001,2011-02-06,2790.0,2026-06-02T08:08:12Z,16,Donnée validée,10,Expertisée,20,Bonne,7.332793134,48.728811149,QmnJ
A3410200,A341020001,2011-02-07,2671.0,2026-06-02T08:08:12Z,16,Donnée validée,10,Expertisée,20,Bonne,7.332793134,48.728811149,QmnJ
A3410200,A341020001,2011-02-08,2574.0,2026-06-02T08:08:12Z,16,Donnée validée,10,Expertisée,20,Bonne,7.332793134,48.728811149,QmnJ
A3410200,A341020001,2011-02-09,2488.0,2026-06-02T08:08:12Z,16,Donnée validée,10,Expertisée,20,Bonne,7.332793134,48.728811149,QmnJ
A3410200,A341020001,2011-02-10,2601.0,2026-06-02T08:08:12Z,16,Donnée validée,10,Expertisée,20,Bonne,7.332793134,48.728811149,QmnJ
A3410200,A341020001,2011-02-11,2570.0,2026-06-02T08:08:12Z,16,Donnée validée,10,Expertisée,20,Bonne,7.332793134,48.728811149,QmnJ
A3410200,A341020001,2011-02-12,2471.0,2026-06-02T08:08:12Z,16,Donnée validée,10,Expertisée,20,Bonne,7.332793134,48.728811149,QmnJ
A3410200,A341020001,2011-02-13,2534.0,2026-06-02T08:08:12Z,16,Donnée validée,10,Expertisée,20,Bonne,7.332793134,48.728811149,QmnJ
A3410200,A341020001,2011-02-14,2601.0,2026-06-02T08:08:12Z,16,Donnée validée,10,Expertisée,20,Bonne,7.332793134,48.728811149,QmnJ
A3410200,A341020001,2011-02-15,2639.0,2026-06-02T08:08:12Z,16,Donnée validée,10,Expertisée,20,Bonne,7.332793134,48.728811149,QmnJ
A3410200,A341020001,2011-02-16,2686.0,2026-06-02T08:08:12Z,16,Donnée validée,10,Expertisée,20,Bonne,7.332793134,48.728811149,QmnJ
A3410200,A341020001,2011-02-17,2436.0,2026-06-02T08:08:12Z,16,Donnée validée,10,Expertisée,20,Bonne,7.332793134,48.728811149,QmnJ
A3410200,A341020001,2011-02-18,2179.0,2026-06-02T08:08:12Z,16,Donnée validée,10,Expertisée,20,Bonne,7.332793134,48.728811149,QmnJ
A3410200,A341020001,2011-02-19,2067.0,2026-06-02T08:08:12Z,16,Donnée validée,10,Expertisée,20,Bonne,7.332793134,48.728811149,QmnJ
A3410200,A341020001,2011-02-20,2020.0,2026-06-02T08:08:12Z,16,Donnée validée,10,Expertisée,20,Bonne,7.332793134,48.728811149,QmnJ
A3410200,A341020001,2011-02-21,1955.0,2026-06-02T08:08:12Z,16,Donnée validée,10,Expertisée,20,Bonne,7.332793134,48.728811149,QmnJ
A3410200,A341020001,2011-02-22,1831.0,2026-06-02T08:08:12Z,16,Donnée validée,10,Expertisée,20,Bonne,7.332793134,48.728811149,QmnJ
A3410200,A341020001,2011-02-23,1855.0,2026-06-02T08:08:12Z,16,Donnée validée,10,Expertisée,20,Bonne,7.332793134,48.728811149,QmnJ
A3410200,A341020001,2011-02-24,1981.0,2026-06-02T08:08:12Z,16,Donnée validée,10,Expertisée,20,Bonne,7.332793134,48.728811149,QmnJ
A3410200,A341020001,2011-02-25,1749.0,2026-06-02T08:08:12Z,16,Donnée validée,10,Expertisée,20,Bonne,7.332793134,48.728811149,QmnJ
A3410200,A341020001,2011-02-26,1612.0,2026-06-02T08:08:12Z,16,Donnée validée,10,Expertisée,20,Bonne,7.332793134,48.728811149,QmnJ
A3410200,A341020001,2011-02-27,2046.0,2026-06-02T08:08:12Z,16,Donnée validée,10,Expertisée,20,Bonne,7.332793134,48.728811149,QmnJ
A3410200,A341020001,2011-02-28,1968.0,2026-06-02T08:08:12Z,16,Donnée validée,10,Expertisée,20,Bonne,7.332793134,48.728811149,QmnJ
A3410200,A341020001,2011-03-01,1755.0,2026-06-02T08:08:12Z,16,Donnée validée,10,Expertisée,20,Bonne,7.332793134,48.728811149,QmnJ
A3410200,A341020001,2011-03-02,1631.0,2026-06-02T08:08:12Z,16,Donnée validée,10,Expertisée,20,Bonne,7.332793134,48.728811149,QmnJ
A3410200,A341020001,2011-03-03,1462.0,2026-06-02T08:08:12Z,16,Donnée validée,10,Expertisée,20,Bonne,7.332793134,48.728811149,QmnJ
A3410200,A341020001,2011-03-04,1411.0,2026-06-02T08:08:12Z,16,Donnée validée,10,Expertisée,20,Bonne,7.332793134,48.728811149,QmnJ
A3410200,A341020001,2011-03-05,1432.0,2026-06-02T08:08:12Z,16,Donnée validée,10,Expertisée,20,Bonne,7.332793134,48.728811149,QmnJ
A3410200,A341020001,2011-03-06,1397.0,2026-06-02T08:08:12Z,16,Donnée validée,10,Expertisée,20,Bonne,7.332793134,48.728811149,QmnJ
A3410200,A341020001,2011-03-07,1394.0,2026-06-02T08:08:12Z,16,Donnée validée,10,Expertisée,20,Bonne,7.332793134,48.728811149,QmnJ
A3410200,A341020001,2011-03-08,1405.0,2026-06-02T08:08:12Z,16,Donnée validée,10,Expertisée,20,Bonne,7.332793134,48.728811149,QmnJ
A3410200,A341020001,2011-03-09,1357.0,2026-06-02T08:08:12Z,16,Donnée validée,10,Expertisée,20,Bonne,7.332793134,48.728811149,QmnJ
A3410200,A341020001,2011-03-10,1308.0,2026-06-02T08:08:12Z,16,Donnée validée,10,Expertisée,20,Bonne,7.332793134,48.728811149,QmnJ
A3410200,A341020001,2011-03-11,1345.0,2026-06-02T08:08:12Z,16,Donnée validée,10,Expertisée,20,Bonne,7.332793134,48.728811149,QmnJ
A3410200,A341020001,2011-03-12,1431.0,2026-06-02T08:08:12Z,16,Donnée validée,10,Expertisée,20,Bonne,7.332793134,48.728811149,QmnJ
A3410200,A341020001,2011-03-13,1484.0,2026-06-02T08:08:12Z,16,Donnée validée,10,Expertisée,20,Bonne,7.332793134,48.728811149,QmnJ
A3410200,A341020001,2011-03-14,1453.0,2026-06-02T08:08:12Z,16,Donnée validée,10,Expertisée,20,Bonne,7.332793134,48.728811149,QmnJ
A3410200,A341020001,2011-03-15,1425.0,2026-06-02T08:08:12Z,16,Donnée validée,10,Expertisée,20,Bonne,7.332793134,48.728811149,QmnJ
A3410200,A341020001,2011-03-16,1382.0,2026-06-02T08:08:12Z,16,Donnée validée,10,Expertisée,20,Bonne,7.332793134,48.728811149,QmnJ
A3410200,A341020001,2011-03-17,1416.0,2026-06-02T08:08:12Z,16,Donnée validée,10,Expertisée,20,Bonne,7.332793134,48.728811149,QmnJ
A3410200,A341020001,2011-03-18,1381.0,2026-06-02T08:08:12Z,16,Donnée validée,10,Expertisée,20,Bonne,7.332793134,48.728811149,QmnJ
A3410200,A341020001,2011-03-19,1772.0,2026-06-02T08:08:12Z,16,Donnée validée,10,Expertisée,20,Bonne,7.332793134,48.728811149,QmnJ
A3410200,A341020001,2011-03-20,1427.0,2026-06-02T08:08:12Z,16,Donnée validée,10,Expertisée,20,Bonne,7.332793134,48.728811149,QmnJ
A3410200,A341020001,2011-03-21,1379.0,2026-06-02T08:08:12Z,16,Donnée validée,10,Expertisée,20,Bonne,7.332793134,48.728811149,QmnJ
A3410200,A341020001,2011-03-22,1392.0,2026-06-02T08:08:12Z,16,Donnée validée,10,Expertisée,20,Bonne,7.332793134,48.728811149,QmnJ
A3410200,A341020001,2011-03-23,1419.0,2026-06-02T08:08:12Z,16,Donnée validée,10,Expertisée,20,Bonne,7.332793134,48.728811149,QmnJ
A3410200,A341020001,2011-03-24,1362.0,2026-06-02T08:08:12Z,16,Donnée validée,10,Expertisée,20,Bonne,7.332793134,48.728811149,QmnJ
A3410200,A341020001,2011-03-25,1407.0,2026-06-02T08:08:12Z,16,Donnée validée,10,Expertisée,20,Bonne,7.332793134,48.728811149,QmnJ
A3410200,A341020001,2011-03-26,1446.0,2026-06-02T08:08:12Z,16,Donnée validée,10,Expertisée,20,Bonne,7.332793134,48.728811149,QmnJ
A3410200,A341020001,2011-03-27,1473.0,2026-06-02T08:08:12Z,16,Donnée validée,10,Expertisée,20,Bonne,7.332793134,48.728811149,QmnJ
A3410200,A341020001,2011-03-28,1440.0,2026-06-02T08:08:12Z,16,Donnée validée,10,Expertisée,20,Bonne,7.332793134,48.728811149,QmnJ
A3410200,A341020001,2011-03-29,1414.0,2026-06-02T08:08:12Z,16,Donnée validée,10,Expertisée,20,Bonne,7.332793134,48.728811149,QmnJ
A3410200,A341020001,2011-03-30,1368.0,2026-06-02T08:08:12Z,16,Donnée validée,10,Expertisée,20,Bonne,7.332793134,48.728811149,QmnJ
A3410200,A341020001,2011-03-31,1333.0,2026-06-02T08:08:12Z,16,Donnée validée,10,Expertisée,20,Bonne,7.332793134,48.728811149,QmnJ
A3410200,A341020001,2011-04-01,1325.0,2026-06-02T08:08:12Z,16,Donnée validée,10,Expertisée,20,Bonne,7.332793134,48.728811149,QmnJ
A3410200,A341020001,2011-04-02,1306.0,2026-06-02T08:08:12Z,16,Donnée validée,10,Expertisée,20,Bonne,7.332793134,48.728811149,QmnJ
A3410200,A341020001,2011-04-03,1306.0,2026-06-02T08:08:12Z,16,Donnée validée,10,Expertisée,20,Bonne,7.332793134,48.728811149,QmnJ
A3410200,A341020001,2011-04-04,1478.0,2026-06-02T08:08:12Z,16,Donnée validée,10,Expertisée,20,Bonne,7.332793134,48.728811149,QmnJ
A3410200,A341020001,2011-04-05,1351.0,2026-06-02T08:08:12Z,16,Donnée validée,10,Expertisée,20,Bonne,7.332793134,48.728811149,QmnJ
A3410200,A341020001,2011-04-06,1309.0,2026-06-02T08:08:12Z,16,Donnée validée,10,Expertisée,20,Bonne,7.332793134,48.728811149,QmnJ
A3410200,A341020001,2011-04-07,1296.0,2026-06-02T08:08:12Z,16,Donnée validée,10,Expertisée,20,Bonne,7.332793134,48.728811149,QmnJ
A3410200,A341020001,2011-04-08,1295.0,2026-06-02T08:08:12Z,16,Donnée validée,10,Expertisée,20,Bonne,7.332793134,48.728811149,QmnJ
A3410200,A341020001,2011-04-09,1298.0,2026-06-02T08:08:12Z,16,Donnée validée,10,Expertisée,20,Bonne,7.332793134,48.728811149,QmnJ
A3410200,A341020001,2011-04-10,1286.0,2026-06-02T08:08:12Z,16,Donnée validée,10,Expertisée,20,Bonne,7.332793134,48.728811149,QmnJ
A3410200,A341020001,2011-04-11,1281.0,2026-06-02T08:08:12Z,16,Donnée validée,10,Expertisée,20,Bonne,7.332793134,48.728811149,QmnJ
A3410200,A341020001,2011-04-12,1288.0,2026-06-02T08:08:12Z,16,Donnée validée,10,Expertisée,20,Bonne,7.332793134,48.728811149,QmnJ
A3410200,A341020001,2011-04-13,1279.0,2026-06-02T08:08:12Z,16,Donnée validée,10,Expertisée,20,Bonne,7.332793134,48.728811149,QmnJ
A3410200,A341020001,2011-04-14,1283.0,2026-06-02T08:08:12Z,16,Donnée validée,10,Expertisée,20,Bonne,7.332793134,48.728811149,QmnJ
A3410200,A341020001,2011-04-15,1303.0,2026-06-02T08:08:12Z,16,Donnée validée,10,Expertisée,20,Bonne,7.332793134,48.728811149,QmnJ
A3410200,A341020001,2011-04-16,1285.0,2026-06-02T08:08:12Z,16,Donnée validée,10,Expertisée,20,Bonne,7.332793134,48.728811149,QmnJ
A3410200,A341020001,2011-04-17,1244.0,2026-06-02T08:08:12Z,16,Donnée validée,10,Expertisée,20,Bonne,7.332793134,48.728811149,QmnJ
A3410200,A341020001,2011-04-18,1259.0,2026-06-02T08:08:12Z,16,Donnée validée,10,Expertisée,20,Bonne,7.332793134,48.728811149,QmnJ
A3410200,A341020001,2011-04-19,1263.0,2026-06-02T08:08:12Z,16,Donnée validée,10,Expertisée,20,Bonne,7.332793134,48.728811149,QmnJ
A3410200,A341020001,2011-04-20,1225.0,2026-06-02T08:08:12Z,16,Donnée validée,10,Expertisée,20,Bonne,7.332793134,48.728811149,QmnJ
A3410200,A341020001,2011-04-21,1233.0,2026-06-02T08:08:12Z,16,Donnée validée,10,Expertisée,20,Bonne,7.332793134,48.728811149,QmnJ
A3410200,A341020001,2011-04-22,1259.0,2026-06-02T08:08:12Z,16,Donnée validée,10,Expertisée,20,Bonne,7.332793134,48.728811149,QmnJ
A3410200,A341020001,2011-04-23,1256.0,2026-06-02T08:08:12Z,16,Donnée validée,10,Expertisée,20,Bonne,7.332793134,48.728811149,QmnJ
A3410200,A341020001,2011-04-24,1230.0,2026-06-02T08:08:12Z,16,Donnée validée,10,Expertisée,20,Bonne,7.332793134,48.728811149,QmnJ
A3410200,A341020001,2011-04-25,1213.0,2026-06-02T08:08:12Z,16,Donnée validée,10,Expertisée,20,Bonne,7.332793134,48.728811149,QmnJ
A3410200,A341020001,2011-04-26,1177.0,2026-06-02T08:08:12Z,16,Donnée validée,10,Expertisée,20,Bonne,7.332793134,48.728811149,QmnJ
A3410200,A341020001,2011-04-27,1179.0,2026-06-02T08:08:12Z,16,Donnée validée,10,Expertisée,20,Bonne,7.332793134,48.728811149,QmnJ
A3410200,A341020001,2011-04-28,1234.0,2026-06-02T08:08:12Z,16,Donnée validée,10,Expertisée,20,Bonne,7.332793134,48.728811149,QmnJ
A3410200,A341020001,2011-04-29,1233.0,2026-06-02T08:08:12Z,16,Donnée validée,10,Expertisée,20,Bonne,7.332793134,48.728811149,QmnJ
A3410200,A341020001,2011-04-30,1310.0,2026-06-02T08:08:12Z,16,Donnée validée,10,Expertisée,20,Bonne,7.332793134,48.728811149,QmnJ
A3410200,A341020001,2011-05-01,1346.0,2026-06-02T08:08:12Z,16,Donnée validée,10,Expertisée,20,Bonne,7.332793134,48.728811149,QmnJ
A3410200,A341020001,2011-05-02,1235.0,2026-06-02T08:08:12Z,16,Donnée validée,10,Expertisée,20,Bonne,7.332793134,48.728811149,QmnJ
A3410200,A341020001,2011-05-03,1212.0,2026-06-02T08:08:12Z,16,Donnée validée,10,Expertisée,20,Bonne,7.332793134,48.728811149,QmnJ
A3410200,A341020001,2011-05-04,1155.0,2026-06-02T08:08:12Z,16,Donnée validée,10,Expertisée,20,Bonne,7.332793134,48.728811149,QmnJ
A3410200,A341020001,2011-05-05,1105.0,2026-06-02T08:08:12Z,16,Donnée validée,10,Expertisée,20,Bonne,7.332793134,48.728811149,QmnJ
A3410200,A341020001,2011-05-06,1056.0,2026-06-02T08:08:12Z,16,Donnée validée,10,Expertisée,20,Bonne,7.332793134,48.728811149,QmnJ
A3410200,A341020001,2011-05-07,1045.0,2026-06-02T08:08:12Z,16,Donnée validée,10,Expertisée,20,Bonne,7.332793134,48.728811149,QmnJ
A3410200,A341020001,2011-05-08,1016.0,2026-06-02T08:08:12Z,16,Donnée validée,10,Expertisée,20,Bonne,7.332793134,48.728811149,QmnJ
A3410200,A341020001,2011-05-09,997.0,2026-06-02T08:08:12Z,16,Donnée validée,10,Expertisée,20,Bonne,7.332793134,48.728811149,QmnJ
A3410200,A341020001,2011-05-10,1115.0,2026-06-02T08:08:12Z,16,Donnée validée,10,Expertisée,20,Bonne,7.332793134,48.728811149,QmnJ
A3410200,A341020001,2011-05-11,966.0,2026-06-02T08:08:12Z,16,Donnée validée,10,Expertisée,20,Bonne,7.332793134,48.728811149,QmnJ
A3410200,A341020001,2011-05-12,1163.0,2026-06-02T08:08:12Z,16,Donnée validée,10,Expertisée,20,Bonne,7.332793134,48.728811149,QmnJ
A3410200,A341020001,2011-05-13,1048.0,2026-06-02T08:08:12Z,16,Donnée validée,10,Expertisée,20,Bonne,7.332793134,48.728811149,QmnJ
A3410200,A341020001,2011-05-14,1015.0,2026-06-02T08:08:12Z,16,Donnée validée,10,Expertisée,20,Bonne,7.332793134,48.728811149,QmnJ
A3410200,A341020001,2011-05-15,1083.0,2026-06-02T08:08:12Z,16,Donnée validée,10,Expertisée,20,Bonne,7.332793134,48.728811149,QmnJ
A3410200,A341020001,2011-05-16,1059.0,2026-06-02T08:08:12Z,16,Donnée validée,10,Expertisée,20,Bonne,7.332793134,48.728811149,QmnJ
A3410200,A341020001,2011-05-17,999.0,2026-06-02T08:08:12Z,16,Donnée validée,10,Expertisée,20,Bonne,7.332793134,48.728811149,QmnJ
A3410200,A341020001,2011-05-18,1004.0,2026-06-02T08:08:12Z,16,Donnée validée,10,Expertisée,20,Bonne,7.332793134,48.728811149,QmnJ
A3410200,A341020001,2011-05-19,988.0,2026-06-02T08:08:12Z,16,Donnée validée,10,Expertisée,20,Bonne,7.332793134,48.728811149,QmnJ
A3410200,A341020001,2011-05-20,981.0,2026-06-02T08:08:12Z,16,Donnée validée,10,Expertisée,20,Bonne,7.332793134,48.728811149,QmnJ
A3410200,A341020001,2011-05-21,984.0,2026-06-02T08:08:12Z,16,Donnée validée,10,Expertisée,20,Bonne,7.332793134,48.728811149,QmnJ
A3410200,A341020001,2011-05-22,974.0,2026-06-02T08:08:12Z,16,Donnée validée,10,Expertisée,20,Bonne,7.332793134,48.728811149,QmnJ
A3410200,A341020001,2011-05-23,964.0,2026-06-02T08:08:12Z,16,Donnée validée,10,Expertisée,20,Bonne,7.332793134,48.728811149,QmnJ
A3410200,A341020001,2011-05-24,936.0,2026-06-02T08:08:12Z,16,Donnée validée,10,Expertisée,20,Bonne,7.332793134,48.728811149,QmnJ
A3410200,A341020001,2011-05-25,875.0,2026-06-02T08:08:12Z,16,Donnée validée,10,Expertisée,20,Bonne,7.332793134,48.728811149,QmnJ
A3410200,A341020001,2011-05-26,866.0,2026-06-02T08:08:12Z,16,Donnée validée,10,Expertisée,20,Bonne,7.332793134,48.728811149,QmnJ
A3410200,A341020001,2011-05-27,940.0,2026-06-02T08:08:12Z,16,Donnée validée,10,Expertisée,20,Bonne,7.332793134,48.728811149,QmnJ
A3410200,A341020001,2011-05-28,931.0,2026-06-02T08:08:12Z,16,Donnée validée,10,Expertisée,20,Bonne,7.332793134,48.728811149,QmnJ
A3410200,A341020001,2011-05-29,879.0,2026-06-02T08:08:12Z,16,Donnée validée,10,Expertisée,20,Bonne,7.332793134,48.728811149,QmnJ
A3410200,A341020001,2011-05-30,885.0,2026-06-02T08:08:12Z,16,Donnée validée,10,Expertisée,20,Bonne,7.332793134,48.728811149,QmnJ
A3410200,A341020001,2011-05-31,923.0,2026-06-02T08:08:12Z,16,Donnée validée,10,Expertisée,20,Bonne,7.332793134,48.728811149,QmnJ
A3410200,A341020001,2011-06-01,1063.0,2026-06-02T08:08:12Z,16,Donnée validée,10,Expertisée,20,Bonne,7.332793134,48.728811149,QmnJ
A3410200,A341020001,2011-06-02,875.0,2026-06-02T08:08:12Z,16,Donnée validée,10,Expertisée,20,Bonne,7.332793134,48.728811149,QmnJ
A3410200,A341020001,2011-06-03,896.0,2026-06-02T08:08:12Z,16,Donnée validée,10,Expertisée,20,Bonne,7.332793134,48.728811149,QmnJ
A3410200,A341020001,2011-06-04,918.0,2026-06-02T08:08:12Z,16,Donnée validée,10,Expertisée,20,Bonne,7.332793134,48.728811149,QmnJ
A3410200,A341020001,2011-06-05,1411.0,2026-06-02T08:08:12Z,16,Donnée validée,10,Expertisée,20,Bonne,7.332793134,48.728811149,QmnJ
A3410200,A341020001,2011-06-06,1157.0,2026-06-02T08:08:12Z,16,Donnée validée,10,Expertisée,20,Bonne,7.332793134,48.728811149,QmnJ
A3410200,A341020001,2011-06-07,1081.0,2026-06-02T08:08:12Z,16,Donnée validée,10,Expertisée,20,Bonne,7.332793134,48.728811149,QmnJ
A3410200,A341020001,2011-06-08,1784.0,2026-06-02T08:08:12Z,16,Donnée validée,10,Expertisée,20,Bonne,7.332793134,48.728811149,QmnJ
A3410200,A341020001,2011-06-09,1241.0,2026-06-02T08:08:12Z,16,Donnée validée,10,Expertisée,20,Bonne,7.332793134,48.728811149,QmnJ
A3410200,A341020001,2011-06-10,926.0,2026-06-02T08:08:12Z,16,Donnée validée,10,Expertisée,20,Bonne,7.332793134,48.728811149,QmnJ
A3410200,A341020001,2011-06-11,874.0,2026-06-02T08:08:12Z,16,Donnée validée,10,Expertisée,20,Bonne,7.332793134,48.728811149,QmnJ
A3410200,A341020001,2011-06-12,902.0,2026-06-02T08:08:12Z,16,Donnée validée,10,Expertisée,20,Bonne,7.332793134,48.728811149,QmnJ
A3410200,A341020001,2011-06-13,907.0,2026-06-02T08:08:12Z,16,Donnée validée,10,Expertisée,20,Bonne,7.332793134,48.728811149,QmnJ
A3410200,A341020001,2011-06-14,965.0,2026-06-02T08:08:12Z,16,Donnée validée,10,Expertisée,20,Bonne,7.332793134,48.728811149,QmnJ
A3410200,A341020001,2011-06-15,965.0,2026-06-02T08:08:12Z,16,Donnée validée,10,Expertisée,20,Bonne,7.332793134,48.728811149,QmnJ
A3410200,A341020001,2011-06-16,965.0,2026-06-02T08:08:12Z,16,Donnée validée,10,Expertisée,20,Bonne,7.332793134,48.728811149,QmnJ
A3410200,A341020001,2011-06-17,1050.0,2026-06-02T08:08:12Z,16,Donnée validée,10,Expertisée,20,Bonne,7.332793134,48.728811149,QmnJ
A3410200,A341020001,2011-06-18,1157.0,2026-06-02T08:08:12Z,16,Donnée validée,10,Expertisée,20,Bonne,7.332793134,48.728811149,QmnJ
A3410200,A341020001,2011-06-19,1099.0,2026-06-02T08:08:12Z,16,Donnée validée,10,Expertisée,20,Bonne,7.332793134,48.728811149,QmnJ
A3410200,A341020001,2011-06-20,953.0,2026-06-02T08:08:12Z,16,Donnée validée,10,Expertisée,20,Bonne,7.332793134,48.728811149,QmnJ
A3410200,A341020001,2011-06-21,922.0,2026-06-02T08:08:12Z,16,Donnée validée,10,Expertisée,20,Bonne,7.332793134,48.728811149,QmnJ
A3410200,A341020001,2011-06-22,1632.0,2026-06-02T08:08:12Z,16,Donnée validée,10,Expertisée,20,Bonne,7.332793134,48.728811149,QmnJ
A3410200,A341020001,2011-06-23,1252.0,2026-06-02T08:08:12Z,16,Donnée validée,10,Expertisée,20,Bonne,7.332793134,48.728811149,QmnJ
A3410200,A341020001,2011-06-24,1092.0,2026-06-02T08:08:12Z,16,Donnée validée,10,Expertisée,20,Bonne,7.332793134,48.728811149,QmnJ
A3410200,A341020001,2011-06-25,968.0,2026-06-02T08:08:12Z,16,Donnée validée,10,Expertisée,20,Bonne,7.332793134,48.728811149,QmnJ
A3410200,A341020001,2011-06-26,965.0,2026-06-02T08:08:12Z,16,Donnée validée,10,Expertisée,20,Bonne,7.332793134,48.728811149,QmnJ
A3410200,A341020001,2011-06-27,936.0,2026-06-02T08:08:12Z,16,Donnée validée,10,Expertisée,20,Bonne,7.332793134,48.728811149,QmnJ
A3410200,A341020001,2011-06-28,905.0,2026-06-02T08:08:12Z,16,Donnée validée,10,Expertisée,20,Bonne,7.332793134,48.728811149,QmnJ
A3410200,A341020001,2011-06-29,1017.0,2026-06-02T08:08:12Z,16,Donnée validée,10,Expertisée,20,Bonne,7.332793134,48.728811149,QmnJ
A3410200,A341020001,2011-06-30,1129.0,2026-06-02T08:08:12Z,16,Donnée validée,10,Expertisée,20,Bonne,7.332793134,48.728811149,QmnJ
A3410200,A341020001,2011-07-01,915.0,2026-06-02T08:08:12Z,16,Donnée validée,10,Expertisée,20,Bonne,7.332793134,48.728811149,QmnJ
A3410200,A341020001,2011-07-02,936.0,2026-06-02T08:08:12Z,16,Donnée validée,10,Expertisée,20,Bonne,7.332793134,48.728811149,QmnJ
A3410200,A341020001,2011-07-03,925.0,2026-06-02T08:08:12Z,16,Donnée validée,10,Expertisée,20,Bonne,7.332793134,48.728811149,QmnJ
A3410200,A341020001,2011-07-04,890.0,2026-06-02T08:08:12Z,16,Donnée validée,10,Expertisée,20,Bonne,7.332793134,48.728811149,QmnJ
A3410200,A341020001,2011-07-05,876.0,2026-06-02T08:08:12Z,16,Donnée validée,10,Expertisée,20,Bonne,7.332793134,48.728811149,QmnJ
A3410200,A341020001,2011-07-06,871.0,2026-06-02T08:08:12Z,16,Donnée validée,10,Expertisée,20,Bonne,7.332793134,48.728811149,QmnJ
A3410200,A341020001,2011-07-07,920.0,2026-06-02T08:08:12Z,16,Donnée validée,10,Expertisée,20,Bonne,7.332793134,48.728811149,QmnJ
A3410200,A341020001,2011-07-08,934.0,2026-06-02T08:08:12Z,16,Donnée validée,10,Expertisée,20,Bonne,7.332793134,48.728811149,QmnJ
A3410200,A341020001,2011-07-09,836.0,2026-06-02T08:08:12Z,16,Donnée validée,10,Expertisée,20,Bonne,7.332793134,48.728811149,QmnJ
A3410200,A341020001,2011-07-10,1104.0,2026-06-02T08:08:12Z,16,Donnée validée,10,Expertisée,20,Bonne,7.332793134,48.728811149,QmnJ
A3410200,A341020001,2011-07-11,1110.0,2026-06-02T08:08:12Z,16,Donnée validée,10,Expertisée,20,Bonne,7.332793134,48.728811149,QmnJ
A3410200,A341020001,2011-07-12,1196.0,2026-06-02T08:08:12Z,16,Donnée validée,10,Expertisée,20,Bonne,7.332793134,48.728811149,QmnJ
A3410200,A341020001,2011-07-13,1744.0,2026-06-02T08:08:12Z,16,Donnée validée,10,Expertisée,20,Bonne,7.332793134,48.728811149,QmnJ
A3410200,A341020001,2011-07-14,1226.0,2026-06-02T08:08:12Z,16,Donnée validée,10,Expertisée,20,Bonne,7.332793134,48.728811149,QmnJ
A3410200,A341020001,2011-07-15,1035.0,2026-06-02T08:08:12Z,16,Donnée validée,10,Expertisée,20,Bonne,7.332793134,48.728811149,QmnJ
A3410200,A341020001,2011-07-16,1033.0,2026-06-02T08:08:12Z,16,Donnée validée,10,Expertisée,20,Bonne,7.332793134,48.728811149,QmnJ
A3410200,A341020001,2011-07-17,1154.0,2026-06-02T08:08:12Z,16,Donnée validée,10,Expertisée,20,Bonne,7.332793134,48.728811149,QmnJ
A3410200,A341020001,2011-07-18,1156.0,2026-06-02T08:08:12Z,16,Donnée validée,10,Expertisée,20,Bonne,7.332793134,48.728811149,QmnJ
A3410200,A341020001,2011-07-19,1105.0,2026-06-02T08:08:12Z,16,Donnée validée,10,Expertisée,20,Bonne,7.332793134,48.728811149,QmnJ
A3410200,A341020001,2011-07-20,1055.0,2026-06-02T08:08:12Z,16,Donnée validée,10,Expertisée,20,Bonne,7.332793134,48.728811149,QmnJ
A3410200,A341020001,2011-07-21,1043.0,2026-06-02T08:08:12Z,16,Donnée validée,10,Expertisée,20,Bonne,7.332793134,48.728811149,QmnJ
A3410200,A341020001,2011-07-22,1404.0,2026-06-02T08:08:12Z,16,Donnée validée,10,Expertisée,20,Bonne,7.332793134,48.728811149,QmnJ
A3410200,A341020001,2011-07-23,1146.0,2026-06-02T08:08:12Z,16,Donnée validée,10,Expertisée,20,Bonne,7.332793134,48.728811149,QmnJ
A3410200,A341020001,2011-07-24,1004.0,2026-06-02T08:08:12Z,16,Donnée validée,10,Expertisée,20,Bonne,7.332793134,48.728811149,QmnJ
A3410200,A341020001,2011-07-25,927.0,2026-06-02T08:08:12Z,16,Donnée validée,10,Expertisée,20,Bonne,7.332793134,48.728811149,QmnJ
A3410200,A341020001,2011-07-26,1146.0,2026-06-02T08:08:12Z,16,Donnée validée,10,Expertisée,20,Bonne,7.332793134,48.728811149,QmnJ
A3410200,A341020001,2011-07-27,1062.0,2026-06-02T08:08:12Z,16,Donnée validée,10,Expertisée,20,Bonne,7.332793134,48.728811149,QmnJ
A3410200,A341020001,2011-07-28,1027.0,2026-06-02T08:08:12Z,16,Donnée validée,10,Expertisée,20,Bonne,7.332793134,48.728811149,QmnJ
A3410200,A341020001,2011-07-29,933.0,2026-06-02T08:08:12Z,16,Donnée validée,10,Expertisée,20,Bonne,7.332793134,48.728811149,QmnJ
A3410200,A341020001,2011-07-30,915.0,2026-06-02T08:08:12Z,16,Donnée validée,10,Expertisée,20,Bonne,7.332793134,48.728811149,QmnJ
A3410200,A341020001,2011-07-31,923.0,2026-06-02T08:08:12Z,16,Donnée validée,10,Expertisée,20,Bonne,7.332793134,48.728811149,QmnJ
A3410200,A341020001,2011-08-01,934.0,2026-06-02T08:08:12Z,16,Donnée validée,10,Expertisée,20,Bonne,7.332793134,48.728811149,QmnJ
A3410200,A341020001,2011-08-02,920.0,2026-06-02T08:08:12Z,16,Donnée validée,10,Expertisée,20,Bonne,7.332793134,48.728811149,QmnJ
A3410200,A341020001,2011-08-03,894.0,2026-06-02T08:08:12Z,16,Donnée validée,10,Expertisée,20,Bonne,7.332793134,48.728811149,QmnJ
A3410200,A341020001,2011-08-04,904.0,2026-06-02T08:08:12Z,16,Donnée validée,10,Expertisée,20,Bonne,7.332793134,48.728811149,QmnJ
A3410200,A341020001,2011-08-05,941.0,2026-06-02T08:08:12Z,16,Donnée validée,10,Expertisée,20,Bonne,7.332793134,48.728811149,QmnJ
A3410200,A341020001,2011-08-06,1133.0,2026-06-02T08:08:12Z,16,Donnée validée,10,Expertisée,20,Bonne,7.332793134,48.728811149,QmnJ
A3410200,A341020001,2011-08-07,2193.0,2026-06-02T08:08:12Z,16,Donnée validée,10,Expertisée,20,Bonne,7.332793134,48.728811149,QmnJ
A3410200,A341020001,2011-08-08,1469.0,2026-06-02T08:08:12Z,16,Donnée validée,10,Expertisée,20,Bonne,7.332793134,48.728811149,QmnJ
A3410200,A341020001,2011-08-09,1438.0,2026-06-02T08:08:12Z,16,Donnée validée,10,Expertisée,20,Bonne,7.332793134,48.728811149,QmnJ
A3410200,A341020001,2011-08-10,1228.0,2026-06-02T08:08:12Z,16,Donnée validée,10,Expertisée,20,Bonne,7.332793134,48.728811149,QmnJ
A3410200,A341020001,2011-08-11,1099.0,2026-06-02T08:08:12Z,16,Donnée validée,10,Expertisée,20,Bonne,7.332793134,48.728811149,QmnJ
A3410200,A341020001,2011-08-12,1124.0,2026-06-02T08:08:12Z,16,Donnée validée,10,Expertisée,20,Bonne,7.332793134,48.728811149,QmnJ
A3410200,A341020001,2011-08-13,1253.0,2026-06-02T08:08:12Z,16,Donnée validée,10,Expertisée,20,Bonne,7.332793134,48.728811149,QmnJ
A3410200,A341020001,2011-08-14,1103.0,2026-06-02T08:08:12Z,16,Donnée validée,10,Expertisée,20,Bonne,7.332793134,48.728811149,QmnJ
A3410200,A341020001,2011-08-15,1331.0,2026-06-02T08:08:12Z,16,Donnée validée,10,Expertisée,20,Bonne,7.332793134,48.728811149,QmnJ
A3410200,A341020001,2011-08-16,1044.0,2026-06-02T08:08:12Z,16,Donnée validée,10,Expertisée,20,Bonne,7.332793134,48.728811149,QmnJ
A3410200,A341020001,2011-08-17,934.0,2026-06-02T08:08:12Z,16,Donnée validée,10,Expertisée,20,Bonne,7.332793134,48.728811149,QmnJ
A3410200,A341020001,2011-08-18,922.0,2026-06-02T08:08:12Z,16,Donnée validée,10,Expertisée,20,Bonne,7.332793134,48.728811149,QmnJ
A3410200,A341020001,2011-08-19,923.0,2026-06-02T08:08:12Z,16,Donnée validée,10,Expertisée,20,Bonne,7.332793134,48.728811149,QmnJ
A3410200,A341020001,2011-08-20,926.0,2026-06-02T08:08:12Z,16,Donnée validée,10,Expertisée,20,Bonne,7.332793134,48.728811149,QmnJ
A3410200,A341020001,2011-08-21,1083.0,2026-06-02T08:08:12Z,16,Donnée validée,10,Expertisée,20,Bonne,7.332793134,48.728811149,QmnJ
A3410200,A341020001,2011-08-22,976.0,2026-06-02T08:08:12Z,16,Donnée validée,10,Expertisée,20,Bonne,7.332793134,48.728811149,QmnJ
A3410200,A341020001,2011-08-23,937.0,2026-06-02T08:08:12Z,16,Donnée validée,10,Expertisée,20,Bonne,7.332793134,48.728811149,QmnJ
A3410200,A341020001,2011-08-24,937.0,2026-06-02T08:08:12Z,16,Donnée validée,10,Expertisée,20,Bonne,7.332793134,48.728811149,QmnJ
A3410200,A341020001,2011-08-25,937.0,2026-06-02T08:08:12Z,16,Donnée validée,10,Expertisée,20,Bonne,7.332793134,48.728811149,QmnJ
A3410200,A341020001,2011-08-26,1085.0,2026-06-02T08:08:12Z,16,Donnée validée,10,Expertisée,20,Bonne,7.332793134,48.728811149,QmnJ
A3410200,A341020001,2011-08-27,1492.0,2026-06-02T08:08:12Z,16,Donnée validée,10,Expertisée,20,Bonne,7.332793134,48.728811149,QmnJ
A3410200,A341020001,2011-08-28,1177.0,2026-06-02T08:08:12Z,16,Donnée validée,10,Expertisée,20,Bonne,7.332793134,48.728811149,QmnJ
A3410200,A341020001,2011-08-29,1020.0,2026-06-02T08:08:12Z,16,Donnée validée,10,Expertisée,20,Bonne,7.332793134,48.728811149,QmnJ
A3410200,A341020001,2011-08-30,1008.0,2026-06-02T08:08:12Z,16,Donnée validée,10,Expertisée,20,Bonne,7.332793134,48.728811149,QmnJ
A3410200,A341020001,2011-08-31,966.0,2026-06-02T08:08:12Z,16,Donnée validée,10,Expertisée,20,Bonne,7.332793134,48.728811149,QmnJ
A3410200,A341020001,2011-09-01,930.0,2026-06-02T08:08:12Z,16,Donnée validée,10,Expertisée,20,Bonne,7.332793134,48.728811149,QmnJ
A3410200,A341020001,2011-09-02,982.0,2026-06-02T08:08:12Z,16,Donnée validée,10,Expertisée,20,Bonne,7.332793134,48.728811149,QmnJ
A3410200,A341020001,2011-09-03,1003.0,2026-06-02T08:08:12Z,16,Donnée validée,10,Expertisée,20,Bonne,7.332793134,48.728811149,QmnJ
A3410200,A341020001,2011-09-04,966.0,2026-06-02T08:08:12Z,16,Donnée validée,10,Expertisée,20,Bonne,7.332793134,48.728811149,QmnJ
A3410200,A341020001,2011-09-05,936.0,2026-06-02T08:08:12Z,16,Donnée validée,10,Expertisée,20,Bonne,7.332793134,48.728811149,QmnJ
A3410200,A341020001,2011-09-06,914.0,2026-06-02T08:08:12Z,16,Donnée validée,10,Expertisée,20,Bonne,7.332793134,48.728811149,QmnJ
A3410200,A341020001,2011-09-07,928.0,2026-06-02T08:08:12Z,16,Donnée validée,10,Expertisée,20,Bonne,7.332793134,48.728811149,QmnJ
A3410200,A341020001,2011-09-08,948.0,2026-06-02T08:08:12Z,16,Donnée validée,10,Expertisée,20,Bonne,7.332793134,48.728811149,QmnJ
A3410200,A341020001,2011-09-09,972.0,2026-06-02T08:08:12Z,16,Donnée validée,10,Expertisée,20,Bonne,7.332793134,48.728811149,QmnJ
A3410200,A341020001,2011-09-10,1019.0,2026-06-02T08:08:12Z,16,Donnée validée,10,Expertisée,20,Bonne,7.332793134,48.728811149,QmnJ
A3410200,A341020001,2011-09-11,1284.0,2026-06-02T08:08:12Z,16,Donnée validée,10,Expertisée,20,Bonne,7.332793134,48.728811149,QmnJ
A3410200,A341020001,2011-09-12,909.0,2026-06-02T08:08:12Z,16,Donnée validée,10,Expertisée,20,Bonne,7.332793134,48.728811149,QmnJ
A3410200,A341020001,2011-09-13,899.0,2026-06-02T08:08:12Z,16,Donnée validée,10,Expertisée,20,Bonne,7.332793134,48.728811149,QmnJ
A3410200,A341020001,2011-09-14,887.0,2026-06-02T08:08:12Z,16,Donnée validée,10,Expertisée,20,Bonne,7.332793134,48.728811149,QmnJ
A3410200,A341020001,2011-09-15,858.0,2026-06-02T08:08:12Z,16,Donnée validée,10,Expertisée,20,Bonne,7.332793134,48.728811149,QmnJ
A3410200,A341020001,2011-09-16,855.0,2026-06-02T08:08:12Z,16,Donnée validée,10,Expertisée,20,Bonne,7.332793134,48.728811149,QmnJ
A3410200,A341020001,2011-09-17,893.0,2026-06-02T08:08:12Z,16,Donnée validée,10,Expertisée,20,Bonne,7.332793134,48.728811149,QmnJ
A3410200,A341020001,2011-09-18,1060.0,2026-06-02T08:08:12Z,16,Donnée validée,10,Expertisée,20,Bonne,7.332793134,48.728811149,QmnJ
A3410200,A341020001,2011-09-19,946.0,2026-06-02T08:08:12Z,16,Donnée validée,10,Expertisée,20,Bonne,7.332793134,48.728811149,QmnJ
A3410200,A341020001,2011-09-20,870.0,2026-06-02T08:08:12Z,16,Donnée validée,10,Expertisée,20,Bonne,7.332793134,48.728811149,QmnJ
A3410200,A341020001,2011-09-21,860.0,2026-06-02T08:08:12Z,16,Donnée validée,10,Expertisée,20,Bonne,7.332793134,48.728811149,QmnJ
A3410200,A341020001,2011-09-22,856.0,2026-06-02T08:08:12Z,16,Donnée validée,10,Expertisée,20,Bonne,7.332793134,48.728811149,QmnJ
A3410200,A341020001,2011-09-23,852.0,2026-06-02T08:08:12Z,16,Donnée validée,10,Expertisée,20,Bonne,7.332793134,48.728811149,QmnJ
A3410200,A341020001,2011-09-24,848.0,2026-06-02T08:08:12Z,16,Donnée validée,10,Expertisée,20,Bonne,7.332793134,48.728811149,QmnJ
A3410200,A341020001,2011-09-25,844.0,2026-06-02T08:08:12Z,16,Donnée validée,10,Expertisée,20,Bonne,7.332793134,48.728811149,QmnJ
A3410200,A341020001,2011-09-26,840.0,2026-06-02T08:08:12Z,16,Donnée validée,10,Expertisée,20,Bonne,7.332793134,48.728811149,QmnJ
A3410200,A341020001,2011-09-27,836.0,2026-06-02T08:08:12Z,16,Donnée validée,10,Expertisée,20,Bonne,7.332793134,48.728811149,QmnJ
A3410200,A341020001,2011-09-28,832.0,2026-06-02T08:08:12Z,16,Donnée validée,10,Expertisée,20,Bonne,7.332793134,48.728811149,QmnJ
A3410200,A341020001,2011-09-29,828.0,2026-06-02T08:08:12Z,16,Donnée validée,10,Expertisée,20,Bonne,7.332793134,48.728811149,QmnJ
A3410200,A341020001,2011-09-30,826.0,2026-06-02T08:08:12Z,16,Donnée validée,10,Expertisée,20,Bonne,7.332793134,48.728811149,QmnJ
A3410200,A341020001,2011-10-01,838.0,2026-06-02T08:08:12Z,16,Donnée validée,10,Expertisée,20,Bonne,7.332793134,48.728811149,QmnJ
A3410200,A341020001,2011-10-02,850.0,2026-06-02T08:08:12Z,16,Donnée validée,10,Expertisée,20,Bonne,7.332793134,48.728811149,QmnJ
A3410200,A341020001,2011-10-03,863.0,2026-06-02T08:08:12Z,16,Donnée validée,10,Expertisée,20,Bonne,7.332793134,48.728811149,QmnJ
A3410200,A341020001,2011-10-04,875.0,2026-06-02T08:08:12Z,16,Donnée validée,10,Expertisée,20,Bonne,7.332793134,48.728811149,QmnJ
A3410200,A341020001,2011-10-05,887.0,2026-06-02T08:08:12Z,16,Donnée validée,10,Expertisée,20,Bonne,7.332793134,48.728811149,QmnJ
A3410200,A341020001,2011-10-06,1014.0,2026-06-02T08:08:12Z,16,Donnée validée,10,Expertisée,20,Bonne,7.332793134,48.728811149,QmnJ
A3410200,A341020001,2011-10-07,1056.0,2026-06-02T08:08:12Z,16,Donnée validée,10,Expertisée,20,Bonne,7.332793134,48.728811149,QmnJ
A3410200,A341020001,2011-10-08,1221.0,2026-06-02T08:08:12Z,16,Donnée validée,10,Expertisée,20,Bonne,7.332793134,48.728811149,QmnJ
A3410200,A341020001,2011-10-09,1072.0,2026-06-02T08:08:12Z,16,Donnée validée,10,Expertisée,20,Bonne,7.332793134,48.728811149,QmnJ
A3410200,A341020001,2011-10-10,983.0,2026-06-02T08:08:12Z,16,Donnée validée,10,Expertisée,20,Bonne,7.332793134,48.728811149,QmnJ
A3410200,A341020001,2011-10-11,952.0,2026-06-02T08:08:12Z,16,Donnée validée,10,Expertisée,20,Bonne,7.332793134,48.728811149,QmnJ
A3410200,A341020001,2011-10-12,927.0,2026-06-02T08:08:12Z,16,Donnée validée,10,Expertisée,20,Bonne,7.332793134,48.728811149,QmnJ
A3410200,A341020001,2011-10-13,927.0,2026-06-02T08:08:12Z,16,Donnée validée,10,Expertisée,20,Bonne,7.332793134,48.728811149,QmnJ
A3410200,A341020001,2011-10-14,941.0,2026-06-02T08:08:12Z,16,Donnée validée,10,Expertisée,20,Bonne,7.332793134,48.728811149,QmnJ
A3410200,A341020001,2011-10-15,933.0,2026-06-02T08:08:12Z,16,Donnée validée,10,Expertisée,20,Bonne,7.332793134,48.728811149,QmnJ
A3410200,A341020001,2011-10-16,917.0,2026-06-02T08:08:12Z,16,Donnée validée,10,Expertisée,20,Bonne,7.332793134,48.728811149,QmnJ
A3410200,A341020001,2011-10-17,929.0,2026-06-02T08:08:12Z,16,Donnée validée,10,Expertisée,20,Bonne,7.332793134,48.728811149,QmnJ
A3410200,A341020001,2011-10-18,944.0,2026-06-02T08:08:12Z,16,Donnée validée,10,Expertisée,20,Bonne,7.332793134,48.728811149,QmnJ
A3410200,A341020001,2011-10-19,1546.0,2026-06-02T08:08:12Z,16,Donnée validée,10,Expertisée,20,Bonne,7.332793134,48.728811149,QmnJ
A3410200,A341020001,2011-10-20,1308.0,2026-06-02T08:08:12Z,16,Donnée validée,10,Expertisée,20,Bonne,7.332793134,48.728811149,QmnJ
A3410200,A341020001,2011-10-21,1063.0,2026-06-02T08:08:12Z,16,Donnée validée,10,Expertisée,20,Bonne,7.332793134,48.728811149,QmnJ
A3410200,A341020001,2011-10-22,972.0,2026-06-02T08:08:12Z,16,Donnée validée,10,Expertisée,20,Bonne,7.332793134,48.728811149,QmnJ
A3410200,A341020001,2011-10-23,957.0,2026-06-02T08:08:12Z,16,Donnée validée,10,Expertisée,20,Bonne,7.332793134,48.728811149,QmnJ
A3410200,A341020001,2011-10-24,944.0,2026-06-02T08:08:12Z,16,Donnée validée,10,Expertisée,20,Bonne,7.332793134,48.728811149,QmnJ
A3410200,A341020001,2011-10-25,931.0,2026-06-02T08:08:12Z,16,Donnée validée,10,Expertisée,20,Bonne,7.332793134,48.728811149,QmnJ
A3410200,A341020001,2011-10-26,918.0,2026-06-02T08:08:12Z,16,Donnée validée,10,Expertisée,20,Bonne,7.332793134,48.728811149,QmnJ
A3410200,A341020001,2011-10-27,906.0,2026-06-02T08:08:12Z,16,Donnée validée,10,Expertisée,20,Bonne,7.332793134,48.728811149,QmnJ
A3410200,A341020001,2011-10-28,895.0,2026-06-02T08:08:12Z,16,Donnée validée,10,Expertisée,20,Bonne,7.332793134,48.728811149,QmnJ
A3410200,A341020001,2011-10-29,886.0,2026-06-02T08:08:12Z,16,Donnée validée,10,Expertisée,20,Bonne,7.332793134,48.728811149,QmnJ
A3410200,A341020001,2011-10-30,892.0,2026-06-02T08:08:12Z,16,Donnée validée,10,Expertisée,20,Bonne,7.332793134,48.728811149,QmnJ
A3410200,A341020001,2011-10-31,903.0,2026-06-02T08:08:12Z,16,Donnée validée,10,Expertisée,20,Bonne,7.332793134,48.728811149,QmnJ
A3410200,A341020001,2011-11-01,913.0,2026-06-02T08:08:12Z,16,Donnée validée,10,Expertisée,20,Bonne,7.332793134,48.728811149,QmnJ
A3410200,A341020001,2011-11-02,922.0,2026-06-02T08:08:12Z,16,Donnée validée,10,Expertisée,20,Bonne,7.332793134,48.728811149,QmnJ
A3410200,A341020001,2011-11-03,942.0,2026-06-02T08:08:12Z,16,Donnée validée,10,Expertisée,20,Bonne,7.332793134,48.728811149,QmnJ
A3410200,A341020001,2011-11-04,989.0,2026-06-02T08:08:12Z,16,Donnée validée,10,Expertisée,20,Bonne,7.332793134,48.728811149,QmnJ
A3410200,A341020001,2011-11-05,1041.0,2026-06-02T08:08:12Z,16,Donnée validée,10,Expertisée,20,Bonne,7.332793134,48.728811149,QmnJ
A3410200,A341020001,2011-11-06,1080.0,2026-06-02T08:08:12Z,16,Donnée validée,10,Expertisée,20,Bonne,7.332793134,48.728811149,QmnJ
A3410200,A341020001,2011-11-07,1067.0,2026-06-02T08:08:12Z,16,Donnée validée,10,Expertisée,20,Bonne,7.332793134,48.728811149,QmnJ
A3410200,A341020001,2011-11-08,1051.0,2026-06-02T08:08:12Z,16,Donnée validée,10,Expertisée,20,Bonne,7.332793134,48.728811149,QmnJ
A3410200,A341020001,2011-11-09,1022.0,2026-06-02T08:08:12Z,16,Donnée validée,10,Expertisée,20,Bonne,7.332793134,48.728811149,QmnJ
A3410200,A341020001,2011-11-10,921.0,2026-06-02T08:08:12Z,16,Donnée validée,10,Expertisée,20,Bonne,7.332793134,48.728811149,QmnJ
A3410200,A341020001,2011-11-11,836.0,2026-06-02T08:08:12Z,16,Donnée validée,10,Expertisée,20,Bonne,7.332793134,48.728811149,QmnJ
A3410200,A341020001,2011-11-12,825.0,2026-06-02T08:08:12Z,16,Donnée validée,10,Expertisée,20,Bonne,7.332793134,48.728811149,QmnJ
A3410200,A341020001,2011-11-13,853.0,2026-06-02T08:08:12Z,16,Donnée validée,10,Expertisée,20,Bonne,7.332793134,48.728811149,QmnJ
A3410200,A341020001,2011-11-14,881.0,2026-06-02T08:08:12Z,16,Donnée validée,10,Expertisée,20,Bonne,7.332793134,48.728811149,QmnJ
A3410200,A341020001,2011-11-15,906.0,2026-06-02T08:08:12Z,16,Donnée validée,10,Expertisée,20,Bonne,7.332793134,48.728811149,QmnJ
A3410200,A341020001,2011-11-16,914.0,2026-06-02T08:08:12Z,16,Donnée validée,10,Expertisée,20,Bonne,7.332793134,48.728811149,QmnJ
A3410200,A341020001,2011-11-17,919.0,2026-06-02T08:08:12Z,16,Donnée validée,10,Expertisée,20,Bonne,7.332793134,48.728811149,QmnJ
A3410200,A341020001,2011-11-18,925.0,2026-06-02T08:08:12Z,16,Donnée validée,10,Expertisée,20,Bonne,7.332793134,48.728811149,QmnJ
A3410200,A341020001,2011-11-19,913.0,2026-06-02T08:08:12Z,16,Donnée validée,10,Expertisée,20,Bonne,7.332793134,48.728811149,QmnJ
A3410200,A341020001,2011-11-20,889.0,2026-06-02T08:08:12Z,16,Donnée validée,10,Expertisée,20,Bonne,7.332793134,48.728811149,QmnJ
A3410200,A341020001,2011-11-21,865.0,2026-06-02T08:08:12Z,16,Donnée validée,10,Expertisée,20,Bonne,7.332793134,48.728811149,QmnJ
A3410200,A341020001,2011-11-22,842.0,2026-06-02T08:08:12Z,16,Donnée validée,10,Expertisée,20,Bonne,7.332793134,48.728811149,QmnJ
A3410200,A341020001,2011-11-23,818.0,2026-06-02T08:08:12Z,16,Donnée validée,10,Expertisée,20,Bonne,7.332793134,48.728811149,QmnJ
A3410200,A341020001,2011-11-24,795.0,2026-06-02T08:08:12Z,16,Donnée validée,10,Expertisée,20,Bonne,7.332793134,48.728811149,QmnJ
A3410200,A341020001,2011-11-25,771.0,2026-06-02T08:08:12Z,16,Donnée validée,10,Expertisée,20,Bonne,7.332793134,48.728811149,QmnJ
A3410200,A341020001,2011-11-26,752.0,2026-06-02T08:08:12Z,16,Donnée validée,10,Expertisée,20,Bonne,7.332793134,48.728811149,QmnJ
A3410200,A341020001,2011-11-27,764.0,2026-06-02T08:08:12Z,16,Donnée validée,10,Expertisée,20,Bonne,7.332793134,48.728811149,QmnJ
A3410200,A341020001,2011-11-28,781.0,2026-06-02T08:08:12Z,16,Donnée validée,10,Expertisée,20,Bonne,7.332793134,48.728811149,QmnJ
A3410200,A341020001,2011-11-29,798.0,2026-06-02T08:08:12Z,16,Donnée validée,10,Expertisée,20,Bonne,7.332793134,48.728811149,QmnJ
A3410200,A341020001,2011-11-30,815.0,2026-06-02T08:08:12Z,16,Donnée validée,10,Expertisée,20,Bonne,7.332793134,48.728811149,QmnJ
A3410200,A341020001,2011-12-01,834.0,2026-06-02T08:08:12Z,16,Donnée validée,10,Expertisée,20,Bonne,7.332793134,48.728811149,QmnJ
A3410200,A341020001,2011-12-02,941.0,2026-06-02T08:08:12Z,16,Donnée validée,10,Expertisée,20,Bonne,7.332793134,48.728811149,QmnJ
A3410200,A341020001,2011-12-03,1047.0,2026-06-02T08:08:12Z,16,Donnée validée,10,Expertisée,20,Bonne,7.332793134,48.728811149,QmnJ
A3410200,A341020001,2011-12-04,1075.0,2026-06-02T08:08:12Z,16,Donnée validée,10,Expertisée,20,Bonne,7.332793134,48.728811149,QmnJ
A3410200,A341020001,2011-12-05,1418.0,2026-06-02T08:08:12Z,16,Donnée validée,10,Expertisée,20,Bonne,7.332793134,48.728811149,QmnJ
A3410200,A341020001,2011-12-06,1189.0,2026-06-02T08:08:12Z,16,Donnée validée,10,Expertisée,20,Bonne,7.332793134,48.728811149,QmnJ
A3410200,A341020001,2011-12-07,1899.0,2026-06-02T08:08:12Z,16,Donnée validée,10,Expertisée,20,Bonne,7.332793134,48.728811149,QmnJ
A3410200,A341020001,2011-12-08,1477.0,2026-06-02T08:08:12Z,16,Donnée validée,10,Expertisée,20,Bonne,7.332793134,48.728811149,QmnJ
A3410200,A341020001,2011-12-09,1690.0,2026-06-02T08:08:12Z,16,Donnée validée,10,Expertisée,20,Bonne,7.332793134,48.728811149,QmnJ
A3410200,A341020001,2011-12-10,2652.0,2026-06-02T08:08:12Z,16,Donnée validée,10,Expertisée,20,Bonne,7.332793134,48.728811149,QmnJ
A3410200,A341020001,2011-12-11,1652.0,2026-06-02T08:08:12Z,16,Donnée validée,10,Expertisée,20,Bonne,7.332793134,48.728811149,QmnJ
A3410200,A341020001,2011-12-12,1607.0,2026-06-02T08:08:12Z,16,Donnée validée,10,Expertisée,20,Bonne,7.332793134,48.728811149,QmnJ
A3410200,A341020001,2011-12-13,1484.0,2026-06-02T08:08:12Z,16,Donnée validée,10,Expertisée,20,Bonne,7.332793134,48.728811149,QmnJ
A3410200,A341020001,2011-12-14,1810.0,2026-06-02T08:08:12Z,16,Donnée validée,10,Expertisée,20,Bonne,7.332793134,48.728811149,QmnJ
A3410200,A341020001,2011-12-15,1724.0,2026-06-02T08:08:12Z,16,Donnée validée,10,Expertisée,20,Bonne,7.332793134,48.728811149,QmnJ
A3410200,A341020001,2011-12-16,5989.0,2026-06-02T08:08:12Z,16,Donnée validée,10,Expertisée,20,Bonne,7.332793134,48.728811149,QmnJ
A3410200,A341020001,2011-12-17,5070.0,2026-06-02T08:08:12Z,16,Donnée validée,10,Expertisée,20,Bonne,7.332793134,48.728811149,QmnJ
A3410200,A341020001,2011-12-18,3594.0,2026-06-02T08:08:12Z,16,Donnée validée,10,Expertisée,20,Bonne,7.332793134,48.728811149,QmnJ
A3410200,A341020001,2011-12-19,3057.0,2026-06-02T08:08:12Z,16,Donnée validée,10,Expertisée,20,Bonne,7.332793134,48.728811149,QmnJ
A3410200,A341020001,2011-12-20,2658.0,2026-06-02T08:08:12Z,16,Donnée validée,10,Expertisée,20,Bonne,7.332793134,48.728811149,QmnJ
A3410200,A341020001,2011-12-21,2951.0,2026-06-02T08:08:12Z,16,Donnée validée,10,Expertisée,20,Bonne,7.332793134,48.728811149,QmnJ
A3410200,A341020001,2011-12-22,3189.0,2026-06-02T08:08:12Z,16,Donnée validée,10,Expertisée,20,Bonne,7.332793134,48.728811149,QmnJ
A3410200,A341020001,2011-12-23,3122.0,2026-06-02T08:08:12Z,16,Donnée validée,10,Expertisée,20,Bonne,7.332793134,48.728811149,QmnJ
A3410200,A341020001,2011-12-24,3380.0,2026-06-02T08:08:12Z,16,Donnée validée,10,Expertisée,20,Bonne,7.332793134,48.728811149,QmnJ
A3410200,A341020001,2011-12-25,3052.0,2026-06-02T08:08:12Z,16,Donnée validée,10,Expertisée,20,Bonne,7.332793134,48.728811149,QmnJ
A3410200,A341020001,2011-12-26,2713.0,2026-06-02T08:08:12Z,16,Donnée validée,10,Expertisée,20,Bonne,7.332793134,48.728811149,QmnJ
A3410200,A341020001,2011-12-27,2553.0,2026-06-02T08:08:12Z,16,Donnée validée,10,Expertisée,20,Bonne,7.332793134,48.728811149,QmnJ
A3410200,A341020001,2011-12-28,2405.0,2026-06-02T08:08:12Z,16,Donnée validée,10,Expertisée,20,Bonne,7.332793134,48.728811149,QmnJ
A3410200,A341020001,2011-12-29,2309.0,2026-06-02T08:08:12Z,16,Donnée validée,10,Expertisée,20,Bonne,7.332793134,48.728811149,QmnJ
A3410200,A341020001,2011-12-30,3007.0,2026-06-02T08:08:12Z,16,Donnée validée,10,Expertisée,20,Bonne,7.332793134,48.728811149,QmnJ
A3410200,A341020001,2011-12-31,3058.0,2026-06-02T08:08:12Z,16,Donnée validée,10,Expertisée,20,Bonne,7.332793134,48.728811149,QmnJ
A3410200,A341020001,2012-01-01,3241.0,2026-06-02T08:08:12Z,16,Donnée validée,10,Expertisée,20,Bonne,7.332793134,48.728811149,QmnJ
A3410200,A341020001,2012-01-02,3536.0,2026-06-02T08:08:12Z,16,Donnée validée,10,Expertisée,20,Bonne,7.332793134,48.728811149,QmnJ
A3410200,A341020001,2012-01-03,3298.0,2026-06-02T08:08:12Z,16,Donnée validée,10,Expertisée,20,Bonne,7.332793134,48.728811149,QmnJ
A3410200,A341020001,2012-01-04,3986.0,2026-06-02T08:08:12Z,16,Donnée validée,10,Expertisée,20,Bonne,7.332793134,48.728811149,QmnJ
A3410200,A341020001,2012-01-05,6188.0,2026-06-02T08:08:12Z,16,Donnée validée,10,Expertisée,20,Bonne,7.332793134,48.728811149,QmnJ
A3410200,A341020001,2012-01-06,6030.0,2026-06-02T08:08:12Z,16,Donnée validée,10,Expertisée,20,Bonne,7.332793134,48.728811149,QmnJ
A3410200,A341020001,2012-01-07,5506.0,2026-06-02T08:08:12Z,16,Donnée validée,10,Expertisée,20,Bonne,7.332793134,48.728811149,QmnJ
A3410200,A341020001,2012-01-08,5190.0,2026-06-02T08:08:12Z,16,Donnée validée,10,Expertisée,20,Bonne,7.332793134,48.728811149,QmnJ
A3410200,A341020001,2012-01-09,4571.0,2026-06-02T08:08:12Z,16,Donnée validée,10,Expertisée,20,Bonne,7.332793134,48.728811149,QmnJ
A3410200,A341020001,2012-01-10,4297.0,2026-06-02T08:08:12Z,16,Donnée validée,10,Expertisée,20,Bonne,7.332793134,48.728811149,QmnJ
A3410200,A341020001,2012-01-11,3877.0,2026-06-02T08:08:12Z,16,Donnée validée,10,Expertisée,20,Bonne,7.332793134,48.728811149,QmnJ
A3410200,A341020001,2012-01-12,3675.0,2026-06-02T08:08:12Z,16,Donnée validée,10,Expertisée,20,Bonne,7.332793134,48.728811149,QmnJ
A3410200,A341020001,2012-01-13,3504.0,2026-06-02T08:08:12Z,16,Donnée validée,10,Expertisée,20,Bonne,7.332793134,48.728811149,QmnJ
A3410200,A341020001,2012-01-14,3211.0,2026-06-02T08:08:12Z,16,Donnée validée,10,Expertisée,20,Bonne,7.332793134,48.728811149,QmnJ
A3410200,A341020001,2012-01-15,3013.0,2026-06-02T08:08:12Z,16,Donnée validée,10,Expertisée,20,Bonne,7.332793134,48.728811149,QmnJ
A3410200,A341020001,2012-01-16,2815.0,2026-06-02T08:08:12Z,16,Donnée validée,10,Expertisée,20,Bonne,7.332793134,48.728811149,QmnJ
A3410200,A341020001,2012-01-17,2580.0,2026-06-02T08:08:12Z,16,Donnée validée,10,Expertisée,20,Bonne,7.332793134,48.728811149,QmnJ
A3410200,A341020001,2012-01-18,2243.0,2026-06-02T08:08:12Z,16,Donnée validée,10,Expertisée,20,Bonne,7.332793134,48.728811149,QmnJ
A3410200,A341020001,2012-01-19,2692.0,2026-06-02T08:08:12Z,16,Donnée validée,10,Expertisée,20,Bonne,7.332793134,48.728811149,QmnJ
A3410200,A341020001,2012-01-20,5054.0,2026-06-02T08:08:12Z,16,Donnée validée,10,Expertisée,20,Bonne,7.332793134,48.728811149,QmnJ
A3410200,A341020001,2012-01-21,5890.0,2026-06-02T08:08:12Z,16,Donnée validée,10,Expertisée,20,Bonne,7.332793134,48.728811149,QmnJ
A3410200,A341020001,2012-01-22,5947.0,2026-06-02T08:08:12Z,16,Donnée validée,10,Expertisée,20,Bonne,7.332793134,48.728811149,QmnJ
A3410200,A341020001,2012-01-23,6186.0,2026-06-02T08:08:12Z,16,Donnée validée,10,Expertisée,20,Bonne,7.332793134,48.728811149,QmnJ
A3410200,A341020001,2012-01-24,5631.0,2026-06-02T08:08:12Z,16,Donnée validée,10,Expertisée,20,Bonne,7.332793134,48.728811149,QmnJ
A3410200,A341020001,2012-01-25,5000.0,2026-06-02T08:08:12Z,16,Donnée validée,10,Expertisée,20,Bonne,7.332793134,48.728811149,QmnJ
A3410200,A341020001,2012-01-26,4536.0,2026-06-02T08:08:12Z,16,Donnée validée,10,Expertisée,20,Bonne,7.332793134,48.728811149,QmnJ
A3410200,A341020001,2012-01-27,4128.0,2026-06-02T08:08:12Z,16,Donnée validée,10,Expertisée,20,Bonne,7.332793134,48.728811149,QmnJ
A3410200,A341020001,2012-01-28,3474.0,2026-06-02T08:08:12Z,16,Donnée validée,10,Expertisée,20,Bonne,7.332793134,48.728811149,QmnJ
A3410200,A341020001,2012-01-29,3168.0,2026-06-02T08:08:12Z,16,Donnée validée,10,Expertisée,20,Bonne,7.332793134,48.728811149,QmnJ
A3410200,A341020001,2012-01-30,2983.0,2026-06-02T08:08:12Z,16,Donnée validée,10,Expertisée,20,Bonne,7.332793134,48.728811149,QmnJ
A3410200,A341020001,2012-01-31,2809.0,2026-06-02T08:08:12Z,16,Donnée validée,10,Expertisée,20,Bonne,7.332793134,48.728811149,QmnJ
A3410200,A341020001,2012-02-01,2609.0,2026-06-02T08:08:12Z,16,Donnée validée,10,Expertisée,20,Bonne,7.332793134,48.728811149,QmnJ
A3410200,A341020001,2012-02-02,2404.0,2026-06-02T08:08:12Z,16,Donnée validée,10,Expertisée,20,Bonne,7.332793134,48.728811149,QmnJ
A3410200,A341020001,2012-02-03,2216.0,2026-06-02T08:08:12Z,16,Donnée validée,10,Expertisée,20,Bonne,7.332793134,48.728811149,QmnJ
A3410200,A341020001,2012-02-04,2037.0,2026-06-02T08:08:12Z,16,Donnée validée,10,Expertisée,20,Bonne,7.332793134,48.728811149,QmnJ
A3410200,A341020001,2012-02-05,1991.0,2026-06-02T08:08:12Z,16,Donnée validée,10,Expertisée,20,Bonne,7.332793134,48.728811149,QmnJ
A3410200,A341020001,2012-02-06,1878.0,2026-06-02T08:08:12Z,16,Donnée validée,10,Expertisée,20,Bonne,7.332793134,48.728811149,QmnJ
A3410200,A341020001,2012-02-07,1780.0,2026-06-02T08:08:12Z,16,Donnée validée,10,Expertisée,20,Bonne,7.332793134,48.728811149,QmnJ
A3410200,A341020001,2012-02-08,1729.0,2026-06-02T08:08:12Z,16,Donnée validée,10,Expertisée,20,Bonne,7.332793134,48.728811149,QmnJ
A3410200,A341020001,2012-02-09,1677.0,2026-06-02T08:08:12Z,16,Donnée validée,10,Expertisée,20,Bonne,7.332793134,48.728811149,QmnJ
A3410200,A341020001,2012-02-10,1626.0,2026-06-02T08:08:12Z,16,Donnée validée,10,Expertisée,20,Bonne,7.332793134,48.728811149,QmnJ
A3410200,A341020001,2012-02-11,1642.0,2026-06-02T08:08:12Z,16,Donnée validée,10,Expertisée,20,Bonne,7.332793134,48.728811149,QmnJ
A3410200,A341020001,2012-02-12,1717.0,2026-06-02T08:08:12Z,16,Donnée validée,10,Expertisée,20,Bonne,7.332793134,48.728811149,QmnJ
A3410200,A341020001,2012-02-13,1399.0,2026-06-02T08:08:12Z,16,Donnée validée,10,Expertisée,20,Bonne,7.332793134,48.728811149,QmnJ
A3410200,A341020001,2012-02-14,1492.0,2026-06-02T08:08:12Z,16,Donnée validée,10,Expertisée,20,Bonne,7.332793134,48.728811149,QmnJ
A3410200,A341020001,2012-02-15,1679.0,2026-06-02T08:08:12Z,16,Donnée validée,10,Expertisée,20,Bonne,7.332793134,48.728811149,QmnJ
A3410200,A341020001,2012-02-16,1677.0,2026-06-02T08:08:12Z,16,Donnée validée,10,Expertisée,20,Bonne,7.332793134,48.728811149,QmnJ
A3410200,A341020001,2012-02-17,1628.0,2026-06-02T08:08:12Z,16,Donnée validée,10,Expertisée,20,Bonne,7.332793134,48.728811149,QmnJ
A3410200,A341020001,2012-02-18,1623.0,2026-06-02T08:08:12Z,16,Donnée validée,10,Expertisée,20,Bonne,7.332793134,48.728811149,QmnJ
A3410200,A341020001,2012-02-19,1964.0,2026-06-02T08:08:12Z,16,Donnée validée,10,Expertisée,20,Bonne,7.332793134,48.728811149,QmnJ
A3410200,A341020001,2012-02-20,1524.0,2026-06-02T08:08:12Z,16,Donnée validée,10,Expertisée,20,Bonne,7.332793134,48.728811149,QmnJ
A3410200,A341020001,2012-02-21,1332.0,2026-06-02T08:08:12Z,16,Donnée validée,10,Expertisée,20,Bonne,7.332793134,48.728811149,QmnJ
A3410200,A341020001,2012-02-22,1278.0,2026-06-02T08:08:12Z,16,Donnée validée,10,Expertisée,20,Bonne,7.332793134,48.728811149,QmnJ
A3410200,A341020001,2012-02-23,1290.0,2026-06-02T08:08:12Z,16,Donnée validée,10,Expertisée,20,Bonne,7.332793134,48.728811149,QmnJ
A3410200,A341020001,2012-02-24,1259.0,2026-06-02T08:08:12Z,16,Donnée validée,10,Expertisée,20,Bonne,7.332793134,48.728811149,QmnJ
A3410200,A341020001,2012-02-25,1363.0,2026-06-02T08:08:12Z,16,Donnée validée,10,Expertisée,20,Bonne,7.332793134,48.728811149,QmnJ
A3410200,A341020001,2012-02-26,1405.0,2026-06-02T08:08:12Z,16,Donnée validée,10,Expertisée,20,Bonne,7.332793134,48.728811149,QmnJ
A3410200,A341020001,2012-02-27,1271.0,2026-06-02T08:08:12Z,16,Donnée validée,10,Expertisée,20,Bonne,7.332793134,48.728811149,QmnJ
A3410200,A341020001,2012-02-28,1276.0,2026-06-02T08:08:12Z,16,Donnée validée,10,Expertisée,20,Bonne,7.332793134,48.728811149,QmnJ
A3410200,A341020001,2012-02-29,1227.0,2026-06-02T08:08:12Z,16,Donnée validée,10,Expertisée,20,Bonne,7.332793134,48.728811149,QmnJ
A3410200,A341020001,2012-03-01,1283.0,2026-06-02T08:08:12Z,16,Donnée validée,10,Expertisée,20,Bonne,7.332793134,48.728811149,QmnJ
A3410200,A341020001,2012-03-02,1240.0,2026-06-02T08:08:12Z,16,Donnée validée,10,Expertisée,20,Bonne,7.332793134,48.728811149,QmnJ
A3410200,A341020001,2012-03-03,1273.0,2026-06-02T08:08:12Z,16,Donnée validée,10,Expertisée,20,Bonne,7.332793134,48.728811149,QmnJ
A3410200,A341020001,2012-03-04,1195.0,2026-06-02T08:08:12Z,16,Donnée validée,10,Expertisée,20,Bonne,7.332793134,48.728811149,QmnJ
A3410200,A341020001,2012-03-05,1292.0,2026-06-02T08:08:12Z,16,Donnée validée,10,Expertisée,20,Bonne,7.332793134,48.728811149,QmnJ
A3410200,A341020001,2012-03-06,1229.0,2026-06-02T08:08:12Z,16,Donnée validée,10,Expertisée,20,Bonne,7.332793134,48.728811149,QmnJ
A3410200,A341020001,2012-03-07,1209.0,2026-06-02T08:08:12Z,16,Donnée validée,10,Expertisée,20,Bonne,7.332793134,48.728811149,QmnJ
A3410200,A341020001,2012-03-08,1284.0,2026-06-02T08:08:12Z,16,Donnée validée,10,Expertisée,20,Bonne,7.332793134,48.728811149,QmnJ
A3410200,A341020001,2012-03-09,1169.0,2026-06-02T08:08:12Z,16,Donnée validée,10,Expertisée,20,Bonne,7.332793134,48.728811149,QmnJ
A3410200,A341020001,2012-03-10,1109.0,2026-06-02T08:08:12Z,16,Donnée validée,10,Expertisée,20,Bonne,7.332793134,48.728811149,QmnJ
A3410200,A341020001,2012-03-11,1119.0,2026-06-02T08:08:12Z,16,Donnée validée,10,Expertisée,20,Bonne,7.332793134,48.728811149,QmnJ
A3410200,A341020001,2012-03-12,1135.0,2026-06-02T08:08:12Z,16,Donnée validée,10,Expertisée,20,Bonne,7.332793134,48.728811149,QmnJ
A3410200,A341020001,2012-03-13,1088.0,2026-06-02T08:08:12Z,16,Donnée validée,10,Expertisée,20,Bonne,7.332793134,48.728811149,QmnJ
A3410200,A341020001,2012-03-14,1089.0,2026-06-02T08:08:12Z,16,Donnée validée,10,Expertisée,20,Bonne,7.332793134,48.728811149,QmnJ
A3410200,A341020001,2012-03-15,1032.0,2026-06-02T08:08:12Z,16,Donnée validée,10,Expertisée,20,Bonne,7.332793134,48.728811149,QmnJ
A3410200,A341020001,2012-03-16,1027.0,2026-06-02T08:08:12Z,16,Donnée validée,10,Expertisée,20,Bonne,7.332793134,48.728811149,QmnJ
A3410200,A341020001,2012-03-17,1027.0,2026-06-02T08:08:12Z,16,Donnée validée,10,Expertisée,20,Bonne,7.332793134,48.728811149,QmnJ
A3410200,A341020001,2012-03-18,1236.0,2026-06-02T08:08:12Z,16,Donnée validée,10,Expertisée,20,Bonne,7.332793134,48.728811149,QmnJ
A3410200,A341020001,2012-03-19,1077.0,2026-06-02T08:08:12Z,16,Donnée validée,10,Expertisée,20,Bonne,7.332793134,48.728811149,QmnJ
A3410200,A341020001,2012-03-20,987.0,2026-06-02T08:08:12Z,16,Donnée validée,10,Expertisée,20,Bonne,7.332793134,48.728811149,QmnJ
A3410200,A341020001,2012-03-21,944.0,2026-06-02T08:08:12Z,16,Donnée validée,10,Expertisée,20,Bonne,7.332793134,48.728811149,QmnJ
A3410200,A341020001,2012-03-22,934.0,2026-06-02T08:08:12Z,16,Donnée validée,10,Expertisée,20,Bonne,7.332793134,48.728811149,QmnJ
A3410200,A341020001,2012-03-23,927.0,2026-06-02T08:08:12Z,16,Donnée validée,10,Expertisée,20,Bonne,7.332793134,48.728811149,QmnJ
A3410200,A341020001,2012-03-24,920.0,2026-06-02T08:08:12Z,16,Donnée validée,10,Expertisée,20,Bonne,7.332793134,48.728811149,QmnJ
A3410200,A341020001,2012-03-25,913.0,2026-06-02T08:08:12Z,16,Donnée validée,10,Expertisée,20,Bonne,7.332793134,48.728811149,QmnJ
A3410200,A341020001,2012-03-26,906.0,2026-06-02T08:08:12Z,16,Donnée validée,10,Expertisée,20,Bonne,7.332793134,48.728811149,QmnJ
A3410200,A341020001,2012-03-27,899.0,2026-06-02T08:08:12Z,16,Donnée validée,10,Expertisée,20,Bonne,7.332793134,48.728811149,QmnJ
A3410200,A341020001,2012-03-28,891.0,2026-06-02T08:08:12Z,16,Donnée validée,10,Expertisée,20,Bonne,7.332793134,48.728811149,QmnJ
A3410200,A341020001,2012-03-29,853.0,2026-06-02T08:08:12Z,16,Donnée validée,10,Expertisée,20,Bonne,7.332793134,48.728811149,QmnJ
A3410200,A341020001,2012-03-30,839.0,2026-06-02T08:08:12Z,16,Donnée validée,10,Expertisée,20,Bonne,7.332793134,48.728811149,QmnJ
A3410200,A341020001,2012-03-31,860.0,2026-06-02T08:08:12Z,16,Donnée validée,10,Expertisée,20,Bonne,7.332793134,48.728811149,QmnJ
A3410200,A341020001,2012-04-01,882.0,2026-06-02T08:08:12Z,16,Donnée validée,10,Expertisée,20,Bonne,7.332793134,48.728811149,QmnJ
A3410200,A341020001,2012-04-02,902.0,2026-06-02T08:08:12Z,16,Donnée validée,10,Expertisée,20,Bonne,7.332793134,48.728811149,QmnJ
A3410200,A341020001,2012-04-03,923.0,2026-06-02T08:08:12Z,16,Donnée validée,10,Expertisée,20,Bonne,7.332793134,48.728811149,QmnJ
A3410200,A341020001,2012-04-04,943.0,2026-06-02T08:08:12Z,16,Donnée validée,10,Expertisée,20,Bonne,7.332793134,48.728811149,QmnJ
A3410200,A341020001,2012-04-05,903.0,2026-06-02T08:08:12Z,16,Donnée validée,10,Expertisée,20,Bonne,7.332793134,48.728811149,QmnJ
A3410200,A341020001,2012-04-06,922.0,2026-06-02T08:08:12Z,16,Donnée validée,10,Expertisée,20,Bonne,7.332793134,48.728811149,QmnJ
A3410200,A341020001,2012-04-07,924.0,2026-06-02T08:08:12Z,16,Donnée validée,10,Expertisée,20,Bonne,7.332793134,48.728811149,QmnJ
A3410200,A341020001,2012-04-08,895.0,2026-06-02T08:08:12Z,16,Donnée validée,10,Expertisée,20,Bonne,7.332793134,48.728811149,QmnJ
A3410200,A341020001,2012-04-09,889.0,2026-06-02T08:08:12Z,16,Donnée validée,10,Expertisée,20,Bonne,7.332793134,48.728811149,QmnJ
A3410200,A341020001,2012-04-10,934.0,2026-06-02T08:08:12Z,16,Donnée validée,10,Expertisée,20,Bonne,7.332793134,48.728811149,QmnJ
A3410200,A341020001,2012-04-11,927.0,2026-06-02T08:08:12Z,16,Donnée validée,10,Expertisée,20,Bonne,7.332793134,48.728811149,QmnJ
A3410200,A341020001,2012-04-12,906.0,2026-06-02T08:08:12Z,16,Donnée validée,10,Expertisée,20,Bonne,7.332793134,48.728811149,QmnJ
A3410200,A341020001,2012-04-13,901.0,2026-06-02T08:08:12Z,16,Donnée validée,10,Expertisée,20,Bonne,7.332793134,48.728811149,QmnJ
A3410200,A341020001,2012-04-14,867.0,2026-06-02T08:08:12Z,16,Donnée validée,10,Expertisée,20,Bonne,7.332793134,48.728811149,QmnJ
A3410200,A341020001,2012-04-15,836.0,2026-06-02T08:08:12Z,16,Donnée validée,10,Expertisée,20,Bonne,7.332793134,48.728811149,QmnJ
A3410200,A341020001,2012-04-16,820.0,2026-06-02T08:08:12Z,16,Donnée validée,10,Expertisée,20,Bonne,7.332793134,48.728811149,QmnJ
A3410200,A341020001,2012-04-17,781.0,2026-06-02T08:08:12Z,16,Donnée validée,10,Expertisée,20,Bonne,7.332793134,48.728811149,QmnJ
A3410200,A341020001,2012-04-18,806.0,2026-06-02T08:08:12Z,16,Donnée validée,10,Expertisée,20,Bonne,7.332793134,48.728811149,QmnJ
A3410200,A341020001,2012-04-19,805.0,2026-06-02T08:08:12Z,16,Donnée validée,10,Expertisée,20,Bonne,7.332793134,48.728811149,QmnJ
A3410200,A341020001,2012-04-20,842.0,2026-06-02T08:08:12Z,16,Donnée validée,10,Expertisée,20,Bonne,7.332793134,48.728811149,QmnJ
A3410200,A341020001,2012-04-21,1030.0,2026-06-02T08:08:12Z,16,Donnée validée,10,Expertisée,20,Bonne,7.332793134,48.728811149,QmnJ
A3410200,A341020001,2012-04-22,1165.0,2026-06-02T08:08:12Z,16,Donnée validée,10,Expertisée,20,Bonne,7.332793134,48.728811149,QmnJ
A3410200,A341020001,2012-04-23,987.0,2026-06-02T08:08:12Z,16,Donnée validée,10,Expertisée,20,Bonne,7.332793134,48.728811149,QmnJ
A3410200,A341020001,2012-04-24,1000.0,2026-06-02T08:08:12Z,16,Donnée validée,10,Expertisée,20,Bonne,7.332793134,48.728811149,QmnJ
A3410200,A341020001,2012-04-25,967.0,2026-06-02T08:08:12Z,16,Donnée validée,10,Expertisée,20,Bonne,7.332793134,48.728811149,QmnJ
A3410200,A341020001,2012-04-26,875.0,2026-06-02T08:08:12Z,16,Donnée validée,10,Expertisée,20,Bonne,7.332793134,48.728811149,QmnJ
A3410200,A341020001,2012-04-27,868.0,2026-06-02T08:08:12Z,16,Donnée validée,10,Expertisée,20,Bonne,7.332793134,48.728811149,QmnJ
A3410200,A341020001,2012-04-28,860.0,2026-06-02T08:08:12Z,16,Donnée validée,10,Expertisée,20,Bonne,7.332793134,48.728811149,QmnJ
A3410200,A341020001,2012-04-29,896.0,2026-06-02T08:08:12Z,16,Donnée validée,10,Expertisée,20,Bonne,7.332793134,48.728811149,QmnJ
A3410200,A341020001,2012-04-30,977.0,2026-06-02T08:08:12Z,16,Donnée validée,10,Expertisée,20,Bonne,7.332793134,48.728811149,QmnJ
A3410200,A341020001,2012-05-01,971.0,2026-06-02T08:08:12Z,16,Donnée validée,10,Expertisée,20,Bonne,7.332793134,48.728811149,QmnJ
A3410200,A341020001,2012-05-02,1767.0,2026-06-02T08:08:12Z,16,Donnée validée,10,Expertisée,20,Bonne,7.332793134,48.728811149,QmnJ
A3410200,A341020001,2012-05-03,1080.0,2026-06-02T08:08:12Z,16,Donnée validée,10,Expertisée,20,Bonne,7.332793134,48.728811149,QmnJ
A3410200,A341020001,2012-05-04,1015.0,2026-06-02T08:08:12Z,16,Donnée validée,10,Expertisée,20,Bonne,7.332793134,48.728811149,QmnJ
A3410200,A341020001,2012-05-05,1117.0,2026-06-02T08:08:12Z,16,Donnée validée,10,Expertisée,20,Bonne,7.332793134,48.728811149,QmnJ
A3410200,A341020001,2012-05-06,1020.0,2026-06-02T08:08:12Z,16,Donnée validée,10,Expertisée,20,Bonne,7.332793134,48.728811149,QmnJ
A3410200,A341020001,2012-05-07,1023.0,2026-06-02T08:08:12Z,16,Donnée validée,10,Expertisée,20,Bonne,7.332793134,48.728811149,QmnJ
A3410200,A341020001,2012-05-08,967.0,2026-06-02T08:08:12Z,16,Donnée validée,10,Expertisée,20,Bonne,7.332793134,48.728811149,QmnJ
A3410200,A341020001,2012-05-09,973.0,2026-06-02T08:08:12Z,16,Donnée validée,10,Expertisée,20,Bonne,7.332793134,48.728811149,QmnJ
A3410200,A341020001,2012-05-10,906.0,2026-06-02T08:08:12Z,16,Donnée validée,10,Expertisée,20,Bonne,7.332793134,48.728811149,QmnJ
A3410200,A341020001,2012-05-11,865.0,2026-06-02T08:08:12Z,16,Donnée validée,10,Expertisée,20,Bonne,7.332793134,48.728811149,QmnJ
A3410200,A341020001,2012-05-12,850.0,2026-06-02T08:08:12Z,16,Donnée validée,10,Expertisée,20,Bonne,7.332793134,48.728811149,QmnJ
A3410200,A341020001,2012-05-13,800.0,2026-06-02T08:08:12Z,16,Donnée validée,10,Expertisée,20,Bonne,7.332793134,48.728811149,QmnJ
A3410200,A341020001,2012-05-14,841.0,2026-06-02T08:08:12Z,16,Donnée validée,10,Expertisée,20,Bonne,7.332793134,48.728811149,QmnJ
A3410200,A341020001,2012-05-15,867.0,2026-06-02T08:08:12Z,16,Donnée validée,10,Expertisée,20,Bonne,7.332793134,48.728811149,QmnJ
A3410200,A341020001,2012-05-16,1012.0,2026-06-02T08:08:12Z,16,Donnée validée,10,Expertisée,20,Bonne,7.332793134,48.728811149,QmnJ
A3410200,A341020001,2012-05-17,865.0,2026-06-02T08:08:12Z,16,Donnée validée,10,Expertisée,20,Bonne,7.332793134,48.728811149,QmnJ
A3410200,A341020001,2012-05-18,868.0,2026-06-02T08:08:12Z,16,Donnée validée,10,Expertisée,20,Bonne,7.332793134,48.728811149,QmnJ
A3410200,A341020001,2012-05-19,849.0,2026-06-02T08:08:12Z,16,Donnée validée,10,Expertisée,20,Bonne,7.332793134,48.728811149,QmnJ
A3410200,A341020001,2012-05-20,894.0,2026-06-02T08:08:12Z,16,Donnée validée,10,Expertisée,20,Bonne,7.332793134,48.728811149,QmnJ
A3410200,A341020001,2012-05-21,1096.0,2026-06-02T08:08:12Z,16,Donnée validée,10,Expertisée,20,Bonne,7.332793134,48.728811149,QmnJ
A3410200,A341020001,2012-05-22,2845.0,2026-06-02T08:08:12Z,16,Donnée validée,10,Expertisée,20,Bonne,7.332793134,48.728811149,QmnJ
A3410200,A341020001,2012-05-23,1291.0,2026-06-02T08:08:12Z,16,Donnée validée,10,Expertisée,20,Bonne,7.332793134,48.728811149,QmnJ
A3410200,A341020001,2012-05-24,1120.0,2026-06-02T08:08:12Z,16,Donnée validée,10,Expertisée,20,Bonne,7.332793134,48.728811149,QmnJ
A3410200,A341020001,2012-05-25,1040.0,2026-06-02T08:08:12Z,16,Donnée validée,10,Expertisée,20,Bonne,7.332793134,48.728811149,QmnJ
A3410200,A341020001,2012-05-26,1001.0,2026-06-02T08:08:12Z,16,Donnée validée,10,Expertisée,20,Bonne,7.332793134,48.728811149,QmnJ
A3410200,A341020001,2012-05-27,941.0,2026-06-02T08:08:12Z,16,Donnée validée,10,Expertisée,20,Bonne,7.332793134,48.728811149,QmnJ
A3410200,A341020001,2012-05-28,937.0,2026-06-02T08:08:12Z,16,Donnée validée,10,Expertisée,20,Bonne,7.332793134,48.728811149,QmnJ
A3410200,A341020001,2012-05-29,942.0,2026-06-02T08:08:12Z,16,Donnée validée,10,Expertisée,20,Bonne,7.332793134,48.728811149,QmnJ
A3410200,A341020001,2012-05-30,912.0,2026-06-02T08:08:12Z,16,Donnée validée,10,Expertisée,20,Bonne,7.332793134,48.728811149,QmnJ
A3410200,A341020001,2012-05-31,905.0,2026-06-02T08:08:12Z,16,Donnée validée,10,Expertisée,20,Bonne,7.332793134,48.728811149,QmnJ
A3410200,A341020001,2012-06-01,914.0,2026-06-02T08:08:12Z,16,Donnée validée,10,Expertisée,20,Bonne,7.332793134,48.728811149,QmnJ
A3410200,A341020001,2012-06-02,873.0,2026-06-02T08:08:12Z,16,Donnée validée,10,Expertisée,20,Bonne,7.332793134,48.728811149,QmnJ
A3410200,A341020001,2012-06-03,1591.0,2026-06-02T08:08:12Z,16,Donnée validée,10,Expertisée,20,Bonne,7.332793134,48.728811149,QmnJ
A3410200,A341020001,2012-06-04,1321.0,2026-06-02T08:08:12Z,16,Donnée validée,10,Expertisée,20,Bonne,7.332793134,48.728811149,QmnJ
A3410200,A341020001,2012-06-05,1202.0,2026-06-02T08:08:12Z,16,Donnée validée,10,Expertisée,20,Bonne,7.332793134,48.728811149,QmnJ
A3410200,A341020001,2012-06-06,1257.0,2026-06-02T08:08:12Z,16,Donnée validée,10,Expertisée,20,Bonne,7.332793134,48.728811149,QmnJ
A3410200,A341020001,2012-06-07,1760.0,2026-06-02T08:08:12Z,16,Donnée validée,10,Expertisée,20,Bonne,7.332793134,48.728811149,QmnJ
A3410200,A341020001,2012-06-08,1515.0,2026-06-02T08:08:12Z,16,Donnée validée,10,Expertisée,20,Bonne,7.332793134,48.728811149,QmnJ
A3410200,A341020001,2012-06-09,1239.0,2026-06-02T08:08:12Z,16,Donnée validée,10,Expertisée,20,Bonne,7.332793134,48.728811149,QmnJ
A3410200,A341020001,2012-06-10,1116.0,2026-06-02T08:08:12Z,16,Donnée validée,10,Expertisée,20,Bonne,7.332793134,48.728811149,QmnJ
A3410200,A341020001,2012-06-11,1309.0,2026-06-02T08:08:12Z,16,Donnée validée,10,Expertisée,20,Bonne,7.332793134,48.728811149,QmnJ
A3410200,A341020001,2012-06-12,1555.0,2026-06-02T08:08:12Z,16,Donnée validée,10,Expertisée,20,Bonne,7.332793134,48.728811149,QmnJ
A3410200,A341020001,2012-06-13,1392.0,2026-06-02T08:08:12Z,16,Donnée validée,10,Expertisée,20,Bonne,7.332793134,48.728811149,QmnJ
A3410200,A341020001,2012-06-14,1237.0,2026-06-02T08:08:12Z,16,Donnée validée,10,Expertisée,20,Bonne,7.332793134,48.728811149,QmnJ
A3410200,A341020001,2012-06-15,1163.0,2026-06-02T08:08:12Z,16,Donnée validée,10,Expertisée,20,Bonne,7.332793134,48.728811149,QmnJ
A3410200,A341020001,2012-06-16,1155.0,2026-06-02T08:08:12Z,16,Donnée validée,10,Expertisée,20,Bonne,7.332793134,48.728811149,QmnJ
A3410200,A341020001,2012-06-17,1149.0,2026-06-02T08:08:12Z,16,Donnée validée,10,Expertisée,20,Bonne,7.332793134,48.728811149,QmnJ
A3410200,A341020001,2012-06-18,1142.0,2026-06-02T08:08:12Z,16,Donnée validée,10,Expertisée,20,Bonne,7.332793134,48.728811149,QmnJ
A3410200,A341020001,2012-06-19,1187.0,2026-06-02T08:08:12Z,16,Donnée validée,10,Expertisée,20,Bonne,7.332793134,48.728811149,QmnJ
A3410200,A341020001,2012-06-20,1268.0,2026-06-02T08:08:12Z,16,Donnée validée,10,Expertisée,20,Bonne,7.332793134,48.728811149,QmnJ
A3410200,A341020001,2012-06-21,1166.0,2026-06-02T08:08:12Z,16,Donnée validée,10,Expertisée,20,Bonne,7.332793134,48.728811149,QmnJ
A3410200,A341020001,2012-06-22,1122.0,2026-06-02T08:08:12Z,16,Donnée validée,10,Expertisée,20,Bonne,7.332793134,48.728811149,QmnJ
A3410200,A341020001,2012-06-23,1032.0,2026-06-02T08:08:12Z,16,Donnée validée,10,Expertisée,20,Bonne,7.332793134,48.728811149,QmnJ
A3410200,A341020001,2012-06-24,1089.0,2026-06-02T08:08:12Z,16,Donnée validée,10,Expertisée,20,Bonne,7.332793134,48.728811149,QmnJ
A3410200,A341020001,2012-06-25,1414.0,2026-06-02T08:08:12Z,16,Donnée validée,10,Expertisée,20,Bonne,7.332793134,48.728811149,QmnJ
A3410200,A341020001,2012-06-26,1156.0,2026-06-02T08:08:12Z,16,Donnée validée,10,Expertisée,20,Bonne,7.332793134,48.728811149,QmnJ
A3410200,A341020001,2012-06-27,1076.0,2026-06-02T08:08:12Z,16,Donnée validée,10,Expertisée,20,Bonne,7.332793134,48.728811149,QmnJ
A3410200,A341020001,2012-06-28,1125.0,2026-06-02T08:08:12Z,16,Donnée validée,10,Expertisée,20,Bonne,7.332793134,48.728811149,QmnJ
A3410200,A341020001,2012-06-29,1566.0,2026-06-02T08:08:12Z,16,Donnée validée,10,Expertisée,20,Bonne,7.332793134,48.728811149,QmnJ
A3410200,A341020001,2012-06-30,1035.0,2026-06-02T08:08:12Z,16,Donnée validée,10,Expertisée,20,Bonne,7.332793134,48.728811149,QmnJ
A3410200,A341020001,2012-07-01,1031.0,2026-06-02T08:08:12Z,16,Donnée validée,10,Expertisée,20,Bonne,7.332793134,48.728811149,QmnJ
A3410200,A341020001,2012-07-02,967.0,2026-06-02T08:08:12Z,16,Donnée validée,10,Expertisée,20,Bonne,7.332793134,48.728811149,QmnJ
A3410200,A341020001,2012-07-03,946.0,2026-06-02T08:08:12Z,16,Donnée validée,10,Expertisée,20,Bonne,7.332793134,48.728811149,QmnJ
A3410200,A341020001,2012-07-04,883.0,2026-06-02T08:08:12Z,16,Donnée validée,10,Expertisée,20,Bonne,7.332793134,48.728811149,QmnJ
A3410200,A341020001,2012-07-05,967.0,2026-06-02T08:08:12Z,16,Donnée validée,10,Expertisée,20,Bonne,7.332793134,48.728811149,QmnJ
A3410200,A341020001,2012-07-06,1026.0,2026-06-02T08:08:12Z,16,Donnée validée,10,Expertisée,20,Bonne,7.332793134,48.728811149,QmnJ
A3410200,A341020001,2012-07-07,895.0,2026-06-02T08:08:12Z,16,Donnée validée,10,Expertisée,20,Bonne,7.332793134,48.728811149,QmnJ
A3410200,A341020001,2012-07-08,921.0,2026-06-02T08:08:12Z,16,Donnée validée,10,Expertisée,20,Bonne,7.332793134,48.728811149,QmnJ
A3410200,A341020001,2012-07-09,889.0,2026-06-02T08:08:12Z,16,Donnée validée,10,Expertisée,20,Bonne,7.332793134,48.728811149,QmnJ
A3410200,A341020001,2012-07-10,827.0,2026-06-02T08:08:12Z,16,Donnée validée,10,Expertisée,20,Bonne,7.332793134,48.728811149,QmnJ
A3410200,A341020001,2012-07-11,857.0,2026-06-02T08:08:12Z,16,Donnée validée,10,Expertisée,20,Bonne,7.332793134,48.728811149,QmnJ
A3410200,A341020001,2012-07-12,802.0,2026-06-02T08:08:12Z,16,Donnée validée,10,Expertisée,20,Bonne,7.332793134,48.728811149,QmnJ
A3410200,A341020001,2012-07-13,1023.0,2026-06-02T08:08:12Z,16,Donnée validée,10,Expertisée,20,Bonne,7.332793134,48.728811149,QmnJ
A3410200,A341020001,2012-07-14,896.0,2026-06-02T08:08:12Z,16,Donnée validée,10,Expertisée,20,Bonne,7.332793134,48.728811149,QmnJ
A3410200,A341020001,2012-07-15,951.0,2026-06-02T08:08:12Z,16,Donnée validée,10,Expertisée,20,Bonne,7.332793134,48.728811149,QmnJ
A3410200,A341020001,2012-07-16,944.0,2026-06-02T08:08:12Z,16,Donnée validée,10,Expertisée,20,Bonne,7.332793134,48.728811149,QmnJ
A3410200,A341020001,2012-07-17,768.0,2026-06-02T08:08:12Z,16,Donnée validée,10,Expertisée,20,Bonne,7.332793134,48.728811149,QmnJ
A3410200,A341020001,2012-07-18,765.0,2026-06-02T08:08:12Z,16,Donnée validée,10,Expertisée,20,Bonne,7.332793134,48.728811149,QmnJ
A3410200,A341020001,2012-07-19,764.0,2026-06-02T08:08:12Z,16,Donnée validée,10,Expertisée,20,Bonne,7.332793134,48.728811149,QmnJ
A3410200,A341020001,2012-07-20,746.0,2026-06-02T08:08:12Z,16,Donnée validée,10,Expertisée,20,Bonne,7.332793134,48.728811149,QmnJ
A3410200,A341020001,2012-07-21,808.0,2026-06-02T08:08:12Z,16,Donnée validée,10,Expertisée,20,Bonne,7.332793134,48.728811149,QmnJ
A3410200,A341020001,2012-07-22,792.0,2026-06-02T08:08:12Z,16,Donnée validée,10,Expertisée,20,Bonne,7.332793134,48.728811149,QmnJ
A3410200,A341020001,2012-07-23,762.0,2026-06-02T08:08:12Z,16,Donnée validée,10,Expertisée,20,Bonne,7.332793134,48.728811149,QmnJ
A3410200,A341020001,2012-07-24,772.0,2026-06-02T08:08:12Z,16,Donnée validée,10,Expertisée,20,Bonne,7.332793134,48.728811149,QmnJ
A3410200,A341020001,2012-07-25,775.0,2026-06-02T08:08:12Z,16,Donnée validée,10,Expertisée,20,Bonne,7.332793134,48.728811149,QmnJ
A3410200,A341020001,2012-07-26,797.0,2026-06-02T08:08:12Z,16,Donnée validée,10,Expertisée,20,Bonne,7.332793134,48.728811149,QmnJ
A3410200,A341020001,2012-07-27,767.0,2026-06-02T08:08:12Z,16,Donnée validée,10,Expertisée,20,Bonne,7.332793134,48.728811149,QmnJ
A3410200,A341020001,2012-07-28,843.0,2026-06-02T08:08:12Z,16,Donnée validée,10,Expertisée,20,Bonne,7.332793134,48.728811149,QmnJ
A3410200,A341020001,2012-07-29,1178.0,2026-06-02T08:08:12Z,16,Donnée validée,10,Expertisée,20,Bonne,7.332793134,48.728811149,QmnJ
A3410200,A341020001,2012-07-30,828.0,2026-06-02T08:08:12Z,16,Donnée validée,10,Expertisée,20,Bonne,7.332793134,48.728811149,QmnJ
A3410200,A341020001,2012-07-31,808.0,2026-06-02T08:08:12Z,16,Donnée validée,10,Expertisée,20,Bonne,7.332793134,48.728811149,QmnJ
A3410200,A341020001,2012-08-01,812.0,2026-06-02T08:08:12Z,16,Donnée validée,10,Expertisée,20,Bonne,7.332793134,48.728811149,QmnJ
A3410200,A341020001,2012-08-02,843.0,2026-06-02T08:08:12Z,16,Donnée validée,10,Expertisée,20,Bonne,7.332793134,48.728811149,QmnJ
A3410200,A341020001,2012-08-03,802.0,2026-06-02T08:08:12Z,16,Donnée validée,10,Expertisée,20,Bonne,7.332793134,48.728811149,QmnJ
A3410200,A341020001,2012-08-04,791.0,2026-06-02T08:08:12Z,16,Donnée validée,10,Expertisée,20,Bonne,7.332793134,48.728811149,QmnJ
A3410200,A341020001,2012-08-05,884.0,2026-06-02T08:08:12Z,16,Donnée validée,10,Expertisée,20,Bonne,7.332793134,48.728811149,QmnJ
A3410200,A341020001,2012-08-06,1277.0,2026-06-02T08:08:12Z,16,Donnée validée,10,Expertisée,20,Bonne,7.332793134,48.728811149,QmnJ
A3410200,A341020001,2012-08-07,900.0,2026-06-02T08:08:12Z,16,Donnée validée,10,Expertisée,20,Bonne,7.332793134,48.728811149,QmnJ
A3410200,A341020001,2012-08-08,831.0,2026-06-02T08:08:12Z,16,Donnée validée,10,Expertisée,20,Bonne,7.332793134,48.728811149,QmnJ
A3410200,A341020001,2012-08-09,824.0,2026-06-02T08:08:12Z,16,Donnée validée,10,Expertisée,20,Bonne,7.332793134,48.728811149,QmnJ
A3410200,A341020001,2012-08-10,802.0,2026-06-02T08:08:12Z,16,Donnée validée,10,Expertisée,20,Bonne,7.332793134,48.728811149,QmnJ
A3410200,A341020001,2012-08-11,810.0,2026-06-02T08:08:12Z,16,Donnée validée,10,Expertisée,20,Bonne,7.332793134,48.728811149,QmnJ
A3410200,A341020001,2012-08-12,852.0,2026-06-02T08:08:12Z,16,Donnée validée,10,Expertisée,20,Bonne,7.332793134,48.728811149,QmnJ
A3410200,A341020001,2012-08-13,779.0,2026-06-02T08:08:12Z,16,Donnée validée,10,Expertisée,20,Bonne,7.332793134,48.728811149,QmnJ
A3410200,A341020001,2012-08-14,737.0,2026-06-02T08:08:12Z,16,Donnée validée,10,Expertisée,20,Bonne,7.332793134,48.728811149,QmnJ
A3410200,A341020001,2012-08-15,750.0,2026-06-02T08:08:12Z,16,Donnée validée,10,Expertisée,20,Bonne,7.332793134,48.728811149,QmnJ
A3410200,A341020001,2012-08-16,806.0,2026-06-02T08:08:12Z,16,Donnée validée,10,Expertisée,20,Bonne,7.332793134,48.728811149,QmnJ
A3410200,A341020001,2012-08-17,717.0,2026-06-02T08:08:12Z,16,Donnée validée,10,Expertisée,20,Bonne,7.332793134,48.728811149,QmnJ
A3410200,A341020001,2012-08-18,765.0,2026-06-02T08:08:12Z,16,Donnée validée,10,Expertisée,20,Bonne,7.332793134,48.728811149,QmnJ
A3410200,A341020001,2012-08-19,817.0,2026-06-02T08:08:12Z,16,Donnée validée,10,Expertisée,20,Bonne,7.332793134,48.728811149,QmnJ
A3410200,A341020001,2012-08-20,848.0,2026-06-02T08:08:12Z,16,Donnée validée,10,Expertisée,20,Bonne,7.332793134,48.728811149,QmnJ
A3410200,A341020001,2012-08-21,844.0,2026-06-02T08:08:12Z,16,Donnée validée,10,Expertisée,20,Bonne,7.332793134,48.728811149,QmnJ
A3410200,A341020001,2012-08-22,859.0,2026-06-02T08:08:12Z,16,Donnée validée,10,Expertisée,20,Bonne,7.332793134,48.728811149,QmnJ
A3410200,A341020001,2012-08-23,822.0,2026-06-02T08:08:12Z,16,Donnée validée,10,Expertisée,20,Bonne,7.332793134,48.728811149,QmnJ
A3410200,A341020001,2012-08-24,845.0,2026-06-02T08:08:12Z,16,Donnée validée,10,Expertisée,20,Bonne,7.332793134,48.728811149,QmnJ
A3410200,A341020001,2012-08-25,856.0,2026-06-02T08:08:12Z,16,Donnée validée,10,Expertisée,20,Bonne,7.332793134,48.728811149,QmnJ
A3410200,A341020001,2012-08-26,818.0,2026-06-02T08:08:12Z,16,Donnée validée,10,Expertisée,20,Bonne,7.332793134,48.728811149,QmnJ
A3410200,A341020001,2012-08-27,797.0,2026-06-02T08:08:12Z,16,Donnée validée,10,Expertisée,20,Bonne,7.332793134,48.728811149,QmnJ
A3410200,A341020001,2012-08-28,799.0,2026-06-02T08:08:12Z,16,Donnée validée,10,Expertisée,20,Bonne,7.332793134,48.728811149,QmnJ
A3410200,A341020001,2012-08-29,779.0,2026-06-02T08:08:12Z,16,Donnée validée,10,Expertisée,20,Bonne,7.332793134,48.728811149,QmnJ
A3410200,A341020001,2012-08-30,776.0,2026-06-02T08:08:12Z,16,Donnée validée,10,Expertisée,20,Bonne,7.332793134,48.728811149,QmnJ
A3410200,A341020001,2012-08-31,742.0,2026-06-02T08:08:12Z,16,Donnée validée,10,Expertisée,20,Bonne,7.332793134,48.728811149,QmnJ
A3410200,A341020001,2012-09-01,855.0,2026-06-02T08:08:12Z,16,Donnée validée,10,Expertisée,20,Bonne,7.332793134,48.728811149,QmnJ
A3410200,A341020001,2012-09-02,840.0,2026-06-02T08:08:12Z,16,Donnée validée,10,Expertisée,20,Bonne,7.332793134,48.728811149,QmnJ
A3410200,A341020001,2012-09-03,824.0,2026-06-02T08:08:12Z,16,Donnée validée,10,Expertisée,20,Bonne,7.332793134,48.728811149,QmnJ
A3410200,A341020001,2012-09-04,780.0,2026-06-02T08:08:12Z,16,Donnée validée,10,Expertisée,20,Bonne,7.332793134,48.728811149,QmnJ
A3410200,A341020001,2012-09-05,809.0,2026-06-02T08:08:12Z,16,Donnée validée,10,Expertisée,20,Bonne,7.332793134,48.728811149,QmnJ
A3410200,A341020001,2012-09-06,792.0,2026-06-02T08:08:12Z,16,Donnée validée,10,Expertisée,20,Bonne,7.332793134,48.728811149,QmnJ
A3410200,A341020001,2012-09-07,769.0,2026-06-02T08:08:12Z,16,Donnée validée,10,Expertisée,20,Bonne,7.332793134,48.728811149,QmnJ
A3410200,A341020001,2012-09-08,774.0,2026-06-02T08:08:12Z,16,Donnée validée,10,Expertisée,20,Bonne,7.332793134,48.728811149,QmnJ
A3410200,A341020001,2012-09-09,781.0,2026-06-02T08:08:12Z,16,Donnée validée,10,Expertisée,20,Bonne,7.332793134,48.728811149,QmnJ
A3410200,A341020001,2012-09-10,788.0,2026-06-02T08:08:12Z,16,Donnée validée,10,Expertisée,20,Bonne,7.332793134,48.728811149,QmnJ
A3410200,A341020001,2012-09-11,981.0,2026-06-02T08:08:12Z,16,Donnée validée,10,Expertisée,20,Bonne,7.332793134,48.728811149,QmnJ
A3410200,A341020001,2012-09-12,1047.0,2026-06-02T08:08:12Z,16,Donnée validée,10,Expertisée,20,Bonne,7.332793134,48.728811149,QmnJ
A3410200,A341020001,2012-09-13,939.0,2026-06-02T08:08:12Z,16,Donnée validée,10,Expertisée,20,Bonne,7.332793134,48.728811149,QmnJ
A3410200,A341020001,2012-09-14,858.0,2026-06-02T08:08:12Z,16,Donnée validée,10,Expertisée,20,Bonne,7.332793134,48.728811149,QmnJ
A3410200,A341020001,2012-09-15,823.0,2026-06-02T08:08:12Z,16,Donnée validée,10,Expertisée,20,Bonne,7.332793134,48.728811149,QmnJ
A3410200,A341020001,2012-09-16,788.0,2026-06-02T08:08:12Z,16,Donnée validée,10,Expertisée,20,Bonne,7.332793134,48.728811149,QmnJ
A3410200,A341020001,2012-09-17,776.0,2026-06-02T08:08:12Z,16,Donnée validée,10,Expertisée,20,Bonne,7.332793134,48.728811149,QmnJ
A3410200,A341020001,2012-09-18,778.0,2026-06-02T08:08:12Z,16,Donnée validée,10,Expertisée,20,Bonne,7.332793134,48.728811149,QmnJ
A3410200,A341020001,2012-09-19,780.0,2026-06-02T08:08:12Z,16,Donnée validée,10,Expertisée,20,Bonne,7.332793134,48.728811149,QmnJ
A3410200,A341020001,2012-09-20,786.0,2026-06-02T08:08:12Z,16,Donnée validée,10,Expertisée,20,Bonne,7.332793134,48.728811149,QmnJ
A3410200,A341020001,2012-09-21,851.0,2026-06-02T08:08:12Z,16,Donnée validée,10,Expertisée,20,Bonne,7.332793134,48.728811149,QmnJ
A3410200,A341020001,2012-09-22,909.0,2026-06-02T08:08:12Z,16,Donnée validée,10,Expertisée,20,Bonne,7.332793134,48.728811149,QmnJ
A3410200,A341020001,2012-09-23,893.0,2026-06-02T08:08:12Z,16,Donnée validée,10,Expertisée,20,Bonne,7.332793134,48.728811149,QmnJ
A3410200,A341020001,2012-09-24,978.0,2026-06-02T08:08:12Z,16,Donnée validée,10,Expertisée,20,Bonne,7.332793134,48.728811149,QmnJ
A3410200,A341020001,2012-09-25,1113.0,2026-06-02T08:08:12Z,16,Donnée validée,10,Expertisée,20,Bonne,7.332793134,48.728811149,QmnJ
A3410200,A341020001,2012-09-26,1510.0,2026-06-02T08:08:12Z,16,Donnée validée,10,Expertisée,20,Bonne,7.332793134,48.728811149,QmnJ
A3410200,A341020001,2012-09-27,1173.0,2026-06-02T08:08:12Z,16,Donnée validée,10,Expertisée,20,Bonne,7.332793134,48.728811149,QmnJ
A3410200,A341020001,2012-09-28,906.0,2026-06-02T08:08:12Z,16,Donnée validée,10,Expertisée,20,Bonne,7.332793134,48.728811149,QmnJ
A3410200,A341020001,2012-09-29,913.0,2026-06-02T08:08:12Z,16,Donnée validée,10,Expertisée,20,Bonne,7.332793134,48.728811149,QmnJ
A3410200,A341020001,2012-09-30,880.0,2026-06-02T08:08:12Z,16,Donnée validée,10,Expertisée,20,Bonne,7.332793134,48.728811149,QmnJ
A3410200,A341020001,2012-10-01,846.0,2026-06-02T08:08:12Z,16,Donnée validée,10,Expertisée,20,Bonne,7.332793134,48.728811149,QmnJ
A3410200,A341020001,2012-10-02,830.0,2026-06-02T08:08:12Z,16,Donnée validée,10,Expertisée,20,Bonne,7.332793134,48.728811149,QmnJ
A3410200,A341020001,2012-10-03,823.0,2026-06-02T08:08:12Z,16,Donnée validée,10,Expertisée,20,Bonne,7.332793134,48.728811149,QmnJ
A3410200,A341020001,2012-10-04,972.0,2026-06-02T08:08:12Z,16,Donnée validée,10,Expertisée,20,Bonne,7.332793134,48.728811149,QmnJ
A3410200,A341020001,2012-10-05,993.0,2026-06-02T08:08:12Z,16,Donnée validée,10,Expertisée,20,Bonne,7.332793134,48.728811149,QmnJ
A3410200,A341020001,2012-10-06,908.0,2026-06-02T08:08:12Z,16,Donnée validée,10,Expertisée,20,Bonne,7.332793134,48.728811149,QmnJ
A3410200,A341020001,2012-10-07,959.0,2026-06-02T08:08:12Z,16,Donnée validée,10,Expertisée,20,Bonne,7.332793134,48.728811149,QmnJ
A3410200,A341020001,2012-10-08,990.0,2026-06-02T08:08:12Z,16,Donnée validée,10,Expertisée,20,Bonne,7.332793134,48.728811149,QmnJ
A3410200,A341020001,2012-10-09,1684.0,2026-06-02T08:08:12Z,16,Donnée validée,10,Expertisée,20,Bonne,7.332793134,48.728811149,QmnJ
A3410200,A341020001,2012-10-10,1127.0,2026-06-02T08:08:12Z,16,Donnée validée,10,Expertisée,20,Bonne,7.332793134,48.728811149,QmnJ
A3410200,A341020001,2012-10-11,986.0,2026-06-02T08:08:12Z,16,Donnée validée,10,Expertisée,20,Bonne,7.332793134,48.728811149,QmnJ
A3410200,A341020001,2012-10-12,1230.0,2026-06-02T08:08:12Z,16,Donnée validée,10,Expertisée,20,Bonne,7.332793134,48.728811149,QmnJ
A3410200,A341020001,2012-10-13,1266.0,2026-06-02T08:08:12Z,16,Donnée validée,10,Expertisée,20,Bonne,7.332793134,48.728811149,QmnJ
A3410200,A341020001,2012-10-14,1487.0,2026-06-02T08:08:12Z,16,Donnée validée,10,Expertisée,20,Bonne,7.332793134,48.728811149,QmnJ
A3410200,A341020001,2012-10-15,1404.0,2026-06-02T08:08:12Z,16,Donnée validée,10,Expertisée,20,Bonne,7.332793134,48.728811149,QmnJ
A3410200,A341020001,2012-10-16,1169.0,2026-06-02T08:08:12Z,16,Donnée validée,10,Expertisée,20,Bonne,7.332793134,48.728811149,QmnJ
A3410200,A341020001,2012-10-17,1048.0,2026-06-02T08:08:12Z,16,Donnée validée,10,Expertisée,20,Bonne,7.332793134,48.728811149,QmnJ
A3410200,A341020001,2012-10-18,955.0,2026-06-02T08:08:12Z,16,Donnée validée,10,Expertisée,20,Bonne,7.332793134,48.728811149,QmnJ
A3410200,A341020001,2012-10-19,940.0,2026-06-02T08:08:12Z,16,Donnée validée,10,Expertisée,20,Bonne,7.332793134,48.728811149,QmnJ
A3410200,A341020001,2012-10-20,948.0,2026-06-02T08:08:12Z,16,Donnée validée,10,Expertisée,20,Bonne,7.332793134,48.728811149,QmnJ
A3410200,A341020001,2012-10-21,956.0,2026-06-02T08:08:12Z,16,Donnée validée,10,Expertisée,20,Bonne,7.332793134,48.728811149,QmnJ
A3410200,A341020001,2012-10-22,964.0,2026-06-02T08:08:12Z,16,Donnée validée,10,Expertisée,20,Bonne,7.332793134,48.728811149,QmnJ
A3410200,A341020001,2012-10-23,961.0,2026-06-02T08:08:12Z,16,Donnée validée,10,Expertisée,20,Bonne,7.332793134,48.728811149,QmnJ
A3410200,A341020001,2012-10-24,941.0,2026-06-02T08:08:12Z,16,Donnée validée,10,Expertisée,20,Bonne,7.332793134,48.728811149,QmnJ
A3410200,A341020001,2012-10-25,969.0,2026-06-02T08:08:12Z,16,Donnée validée,10,Expertisée,20,Bonne,7.332793134,48.728811149,QmnJ
A3410200,A341020001,2012-10-26,1053.0,2026-06-02T08:08:12Z,16,Donnée validée,10,Expertisée,20,Bonne,7.332793134,48.728811149,QmnJ
A3410200,A341020001,2012-10-27,1212.0,2026-06-02T08:08:12Z,16,Donnée validée,10,Expertisée,20,Bonne,7.332793134,48.728811149,QmnJ
A3410200,A341020001,2012-10-28,1190.0,2026-06-02T08:08:12Z,16,Donnée validée,10,Expertisée,20,Bonne,7.332793134,48.728811149,QmnJ
A3410200,A341020001,2012-10-29,1118.0,2026-06-02T08:08:12Z,16,Donnée validée,10,Expertisée,20,Bonne,7.332793134,48.728811149,QmnJ
A3410200,A341020001,2012-10-30,1065.0,2026-06-02T08:08:12Z,16,Donnée validée,10,Expertisée,20,Bonne,7.332793134,48.728811149,QmnJ
A3410200,A341020001,2012-10-31,1054.0,2026-06-02T08:08:12Z,16,Donnée validée,10,Expertisée,20,Bonne,7.332793134,48.728811149,QmnJ
A3410200,A341020001,2012-11-01,1047.0,2026-06-02T08:08:12Z,16,Donnée validée,10,Expertisée,20,Bonne,7.332793134,48.728811149,QmnJ
A3410200,A341020001,2012-11-02,1201.0,2026-06-02T08:08:12Z,16,Donnée validée,10,Expertisée,20,Bonne,7.332793134,48.728811149,QmnJ
A3410200,A341020001,2012-11-03,2686.0,2026-06-02T08:08:12Z,16,Donnée validée,10,Expertisée,20,Bonne,7.332793134,48.728811149,QmnJ
A3410200,A341020001,2012-11-04,4594.0,2026-06-02T08:08:12Z,16,Donnée validée,10,Expertisée,20,Bonne,7.332793134,48.728811149,QmnJ
A3410200,A341020001,2012-11-05,3022.0,2026-06-02T08:08:12Z,16,Donnée validée,10,Expertisée,20,Bonne,7.332793134,48.728811149,QmnJ
A3410200,A341020001,2012-11-06,2434.0,2026-06-02T08:08:12Z,16,Donnée validée,10,Expertisée,20,Bonne,7.332793134,48.728811149,QmnJ
A3410200,A341020001,2012-11-07,1959.0,2026-06-02T08:08:12Z,16,Donnée validée,10,Expertisée,20,Bonne,7.332793134,48.728811149,QmnJ
A3410200,A341020001,2012-11-08,1745.0,2026-06-02T08:08:12Z,16,Donnée validée,10,Expertisée,20,Bonne,7.332793134,48.728811149,QmnJ
A3410200,A341020001,2012-11-09,1593.0,2026-06-02T08:08:12Z,16,Donnée validée,10,Expertisée,20,Bonne,7.332793134,48.728811149,QmnJ
A3410200,A341020001,2012-11-10,2326.0,2026-06-02T08:08:12Z,16,Donnée validée,10,Expertisée,20,Bonne,7.332793134,48.728811149,QmnJ
A3410200,A341020001,2012-11-11,2274.0,2026-06-02T08:08:12Z,16,Donnée validée,10,Expertisée,20,Bonne,7.332793134,48.728811149,QmnJ
A3410200,A341020001,2012-11-12,1809.0,2026-06-02T08:08:12Z,16,Donnée validée,10,Expertisée,20,Bonne,7.332793134,48.728811149,QmnJ
A3410200,A341020001,2012-11-13,1604.0,2026-06-02T08:08:12Z,16,Donnée validée,10,Expertisée,20,Bonne,7.332793134,48.728811149,QmnJ
A3410200,A341020001,2012-11-14,1447.0,2026-06-02T08:08:12Z,16,Donnée validée,10,Expertisée,20,Bonne,7.332793134,48.728811149,QmnJ
A3410200,A341020001,2012-11-15,1407.0,2026-06-02T08:08:12Z,16,Donnée validée,10,Expertisée,20,Bonne,7.332793134,48.728811149,QmnJ
A3410200,A341020001,2012-11-16,1383.0,2026-06-02T08:08:12Z,16,Donnée validée,10,Expertisée,20,Bonne,7.332793134,48.728811149,QmnJ
A3410200,A341020001,2012-11-17,1418.0,2026-06-02T08:08:12Z,16,Donnée validée,10,Expertisée,20,Bonne,7.332793134,48.728811149,QmnJ
A3410200,A341020001,2012-11-18,1365.0,2026-06-02T08:08:12Z,16,Donnée validée,10,Expertisée,20,Bonne,7.332793134,48.728811149,QmnJ
A3410200,A341020001,2012-11-19,1302.0,2026-06-02T08:08:12Z,16,Donnée validée,10,Expertisée,20,Bonne,7.332793134,48.728811149,QmnJ
A3410200,A341020001,2012-11-20,1189.0,2026-06-02T08:08:12Z,16,Donnée validée,10,Expertisée,20,Bonne,7.332793134,48.728811149,QmnJ
A3410200,A341020001,2012-11-21,1246.0,2026-06-02T08:08:12Z,16,Donnée validée,10,Expertisée,20,Bonne,7.332793134,48.728811149,QmnJ
A3410200,A341020001,2012-11-22,1215.0,2026-06-02T08:08:12Z,16,Donnée validée,10,Expertisée,20,Bonne,7.332793134,48.728811149,QmnJ
A3410200,A341020001,2012-11-23,1198.0,2026-06-02T08:08:12Z,16,Donnée validée,10,Expertisée,20,Bonne,7.332793134,48.728811149,QmnJ
A3410200,A341020001,2012-11-24,1193.0,2026-06-02T08:08:12Z,16,Donnée validée,10,Expertisée,20,Bonne,7.332793134,48.728811149,QmnJ
A3410200,A341020001,2012-11-25,1163.0,2026-06-02T08:08:12Z,16,Donnée validée,10,Expertisée,20,Bonne,7.332793134,48.728811149,QmnJ
A3410200,A341020001,2012-11-26,1359.0,2026-06-02T08:08:12Z,16,Donnée validée,10,Expertisée,20,Bonne,7.332793134,48.728811149,QmnJ
A3410200,A341020001,2012-11-27,1523.0,2026-06-02T08:08:12Z,16,Donnée validée,10,Expertisée,20,Bonne,7.332793134,48.728811149,QmnJ
A3410200,A341020001,2012-11-28,1413.0,2026-06-02T08:08:12Z,16,Donnée validée,10,Expertisée,20,Bonne,7.332793134,48.728811149,QmnJ
A3410200,A341020001,2012-11-29,1596.0,2026-06-02T08:08:12Z,16,Donnée validée,10,Expertisée,20,Bonne,7.332793134,48.728811149,QmnJ
A3410200,A341020001,2012-11-30,1454.0,2026-06-02T08:08:12Z,16,Donnée validée,10,Expertisée,20,Bonne,7.332793134,48.728811149,QmnJ
A3410200,A341020001,2012-12-01,1307.0,2026-06-02T08:08:12Z,16,Donnée validée,10,Expertisée,20,Bonne,7.332793134,48.728811149,QmnJ
A3410200,A341020001,2012-12-02,1264.0,2026-06-02T08:08:12Z,16,Donnée validée,10,Expertisée,20,Bonne,7.332793134,48.728811149,QmnJ
A3410200,A341020001,2012-12-03,1225.0,2026-06-02T08:08:12Z,16,Donnée validée,10,Expertisée,20,Bonne,7.332793134,48.728811149,QmnJ
A3410200,A341020001,2012-12-04,1883.0,2026-06-02T08:08:12Z,16,Donnée validée,10,Expertisée,20,Bonne,7.332793134,48.728811149,QmnJ
A3410200,A341020001,2012-12-05,1820.0,2026-06-02T08:08:12Z,16,Donnée validée,10,Expertisée,20,Bonne,7.332793134,48.728811149,QmnJ
A3410200,A341020001,2012-12-06,1519.0,2026-06-02T08:08:12Z,16,Donnée validée,10,Expertisée,20,Bonne,7.332793134,48.728811149,QmnJ
A3410200,A341020001,2012-12-07,1608.0,2026-06-02T08:08:12Z,16,Donnée validée,10,Expertisée,20,Bonne,7.332793134,48.728811149,QmnJ
A3410200,A341020001,2012-12-08,1456.0,2026-06-02T08:08:12Z,16,Donnée validée,10,Expertisée,20,Bonne,7.332793134,48.728811149,QmnJ
A3410200,A341020001,2012-12-09,1328.0,2026-06-02T08:08:12Z,16,Donnée validée,10,Expertisée,20,Bonne,7.332793134,48.728811149,QmnJ
A3410200,A341020001,2012-12-10,1623.0,2026-06-02T08:08:12Z,16,Donnée validée,10,Expertisée,20,Bonne,7.332793134,48.728811149,QmnJ
A3410200,A341020001,2012-12-11,1614.0,2026-06-02T08:08:12Z,16,Donnée validée,10,Expertisée,20,Bonne,7.332793134,48.728811149,QmnJ
A3410200,A341020001,2012-12-12,1393.0,2026-06-02T08:08:12Z,16,Donnée validée,10,Expertisée,20,Bonne,7.332793134,48.728811149,QmnJ
A3410200,A341020001,2012-12-13,1353.0,2026-06-02T08:08:12Z,16,Donnée validée,10,Expertisée,20,Bonne,7.332793134,48.728811149,QmnJ
A3410200,A341020001,2012-12-14,1817.0,2026-06-02T08:08:12Z,16,Donnée validée,10,Expertisée,20,Bonne,7.332793134,48.728811149,QmnJ
A3410200,A341020001,2012-12-15,3618.0,2026-06-02T08:08:12Z,16,Donnée validée,10,Expertisée,20,Bonne,7.332793134,48.728811149,QmnJ
A3410200,A341020001,2012-12-16,3399.0,2026-06-02T08:08:12Z,16,Donnée validée,10,Expertisée,20,Bonne,7.332793134,48.728811149,QmnJ
A3410200,A341020001,2012-12-17,5311.0,2026-06-02T08:08:12Z,16,Donnée validée,10,Expertisée,20,Bonne,7.332793134,48.728811149,QmnJ
A3410200,A341020001,2012-12-18,5328.0,2026-06-02T08:08:12Z,16,Donnée validée,10,Expertisée,20,Bonne,7.332793134,48.728811149,QmnJ
A3410200,A341020001,2012-12-19,4433.0,2026-06-02T08:08:12Z,16,Donnée validée,10,Expertisée,20,Bonne,7.332793134,48.728811149,QmnJ
A3410200,A341020001,2012-12-20,4223.0,2026-06-02T08:08:12Z,16,Donnée validée,10,Expertisée,20,Bonne,7.332793134,48.728811149,QmnJ
A3410200,A341020001,2012-12-21,5573.0,2026-06-02T08:08:12Z,16,Donnée validée,10,Expertisée,20,Bonne,7.332793134,48.728811149,QmnJ
A3410200,A341020001,2012-12-22,4812.0,2026-06-02T08:08:12Z,16,Donnée validée,10,Expertisée,20,Bonne,7.332793134,48.728811149,QmnJ
A3410200,A341020001,2012-12-23,6559.0,2026-06-02T08:08:12Z,16,Donnée validée,10,Expertisée,20,Bonne,7.332793134,48.728811149,QmnJ
A3410200,A341020001,2012-12-24,5423.0,2026-06-02T08:08:12Z,16,Donnée validée,10,Expertisée,20,Bonne,7.332793134,48.728811149,QmnJ
A3410200,A341020001,2012-12-25,5281.0,2026-06-02T08:08:12Z,16,Donnée validée,10,Expertisée,20,Bonne,7.332793134,48.728811149,QmnJ
A3410200,A341020001,2012-12-26,4717.0,2026-06-02T08:08:12Z,16,Donnée validée,10,Expertisée,20,Bonne,7.332793134,48.728811149,QmnJ
A3410200,A341020001,2012-12-27,5166.0,2026-06-02T08:08:12Z,16,Donnée validée,10,Expertisée,20,Bonne,7.332793134,48.728811149,QmnJ
A3410200,A341020001,2012-12-28,5495.0,2026-06-02T08:08:12Z,16,Donnée validée,10,Expertisée,20,Bonne,7.332793134,48.728811149,QmnJ
A3410200,A341020001,2012-12-29,4412.0,2026-06-02T08:08:12Z,16,Donnée validée,10,Expertisée,20,Bonne,7.332793134,48.728811149,QmnJ
A3410200,A341020001,2012-12-30,4252.0,2026-06-02T08:08:12Z,16,Donnée validée,10,Expertisée,20,Bonne,7.332793134,48.728811149,QmnJ
A3410200,A341020001,2012-12-31,3906.0,2026-06-02T08:08:12Z,16,Donnée validée,10,Expertisée,20,Bonne,7.332793134,48.728811149,QmnJ
A3410200,A341020001,2013-01-01,4233.0,2026-06-02T08:08:12Z,16,Donnée validée,10,Expertisée,20,Bonne,7.332793134,48.728811149,QmnJ
A3410200,A341020001,2013-01-02,3720.0,2026-06-02T08:08:12Z,16,Donnée validée,10,Expertisée,20,Bonne,7.332793134,48.728811149,QmnJ
A3410200,A341020001,2013-01-03,3020.0,2026-06-02T08:08:12Z,16,Donnée validée,10,Expertisée,20,Bonne,7.332793134,48.728811149,QmnJ
A3410200,A341020001,2013-01-04,2972.0,2026-06-02T08:08:12Z,16,Donnée validée,10,Expertisée,20,Bonne,7.332793134,48.728811149,QmnJ
A3410200,A341020001,2013-01-05,2912.0,2026-06-02T08:08:12Z,16,Donnée validée,10,Expertisée,20,Bonne,7.332793134,48.728811149,QmnJ
A3410200,A341020001,2013-01-06,2844.0,2026-06-02T08:08:12Z,16,Donnée validée,10,Expertisée,20,Bonne,7.332793134,48.728811149,QmnJ
A3410200,A341020001,2013-01-07,2698.0,2026-06-02T08:08:12Z,16,Donnée validée,10,Expertisée,20,Bonne,7.332793134,48.728811149,QmnJ
A3410200,A341020001,2013-01-08,2525.0,2026-06-02T08:08:12Z,16,Donnée validée,10,Expertisée,20,Bonne,7.332793134,48.728811149,QmnJ
A3410200,A341020001,2013-01-09,2630.0,2026-06-02T08:08:12Z,16,Donnée validée,10,Expertisée,20,Bonne,7.332793134,48.728811149,QmnJ
A3410200,A341020001,2013-01-10,2937.0,2026-06-02T08:08:12Z,16,Donnée validée,10,Expertisée,20,Bonne,7.332793134,48.728811149,QmnJ
A3410200,A341020001,2013-01-11,2570.0,2026-06-02T08:08:12Z,16,Donnée validée,10,Expertisée,20,Bonne,7.332793134,48.728811149,QmnJ
A3410200,A341020001,2013-01-12,2496.0,2026-06-02T08:08:12Z,16,Donnée validée,10,Expertisée,20,Bonne,7.332793134,48.728811149,QmnJ
A3410200,A341020001,2013-01-13,2336.0,2026-06-02T08:08:12Z,16,Donnée validée,10,Expertisée,20,Bonne,7.332793134,48.728811149,QmnJ
A3410200,A341020001,2013-01-14,2232.0,2026-06-02T08:08:12Z,16,Donnée validée,10,Expertisée,20,Bonne,7.332793134,48.728811149,QmnJ
A3410200,A341020001,2013-01-15,2172.0,2026-06-02T08:08:12Z,16,Donnée validée,10,Expertisée,20,Bonne,7.332793134,48.728811149,QmnJ
A3410200,A341020001,2013-01-16,2218.0,2026-06-02T08:08:12Z,16,Donnée validée,10,Expertisée,20,Bonne,7.332793134,48.728811149,QmnJ
A3410200,A341020001,2013-01-17,2072.0,2026-06-02T08:08:12Z,16,Donnée validée,10,Expertisée,20,Bonne,7.332793134,48.728811149,QmnJ
A3410200,A341020001,2013-01-18,1956.0,2026-06-02T08:08:12Z,16,Donnée validée,10,Expertisée,20,Bonne,7.332793134,48.728811149,QmnJ
A3410200,A341020001,2013-01-19,1982.0,2026-06-02T08:08:12Z,16,Donnée validée,10,Expertisée,20,Bonne,7.332793134,48.728811149,QmnJ
A3410200,A341020001,2013-01-20,1914.0,2026-06-02T08:08:12Z,16,Donnée validée,10,Expertisée,20,Bonne,7.332793134,48.728811149,QmnJ
A3410200,A341020001,2013-01-21,1857.0,2026-06-02T08:08:12Z,16,Donnée validée,10,Expertisée,20,Bonne,7.332793134,48.728811149,QmnJ
A3410200,A341020001,2013-01-22,1799.0,2026-06-02T08:08:12Z,16,Donnée validée,10,Expertisée,20,Bonne,7.332793134,48.728811149,QmnJ
A3410200,A341020001,2013-01-23,1688.0,2026-06-02T08:08:12Z,16,Donnée validée,10,Expertisée,20,Bonne,7.332793134,48.728811149,QmnJ
A3410200,A341020001,2013-01-24,1660.0,2026-06-02T08:08:12Z,16,Donnée validée,10,Expertisée,20,Bonne,7.332793134,48.728811149,QmnJ
A3410200,A341020001,2013-01-25,1604.0,2026-06-02T08:08:12Z,16,Donnée validée,10,Expertisée,20,Bonne,7.332793134,48.728811149,QmnJ
A3410200,A341020001,2013-01-26,1611.0,2026-06-02T08:08:12Z,16,Donnée validée,10,Expertisée,20,Bonne,7.332793134,48.728811149,QmnJ
A3410200,A341020001,2013-01-27,1792.0,2026-06-02T08:08:12Z,16,Donnée validée,10,Expertisée,20,Bonne,7.332793134,48.728811149,QmnJ
A3410200,A341020001,2013-01-28,2442.0,2026-06-02T08:08:12Z,16,Donnée validée,10,Expertisée,20,Bonne,7.332793134,48.728811149,QmnJ
A3410200,A341020001,2013-01-29,4410.0,2026-06-02T08:08:12Z,16,Donnée validée,10,Expertisée,20,Bonne,7.332793134,48.728811149,QmnJ
A3410200,A341020001,2013-01-30,3784.0,2026-06-02T08:08:12Z,16,Donnée validée,10,Expertisée,20,Bonne,7.332793134,48.728811149,QmnJ
A3410200,A341020001,2013-01-31,3530.0,2026-06-02T08:08:12Z,16,Donnée validée,10,Expertisée,20,Bonne,7.332793134,48.728811149,QmnJ
A3410200,A341020001,2013-02-01,6137.0,2026-06-02T08:08:12Z,16,Donnée validée,10,Expertisée,20,Bonne,7.332793134,48.728811149,QmnJ
A3410200,A341020001,2013-02-02,12327.0,2026-06-02T08:08:12Z,16,Donnée validée,10,Expertisée,20,Bonne,7.332793134,48.728811149,QmnJ
A3410200,A341020001,2013-02-03,7777.0,2026-06-02T08:08:12Z,16,Donnée validée,10,Expertisée,20,Bonne,7.332793134,48.728811149,QmnJ
A3410200,A341020001,2013-02-04,7330.0,2026-06-02T08:08:12Z,16,Donnée validée,10,Expertisée,20,Bonne,7.332793134,48.728811149,QmnJ
A3410200,A341020001,2013-02-05,6949.0,2026-06-02T08:08:12Z,16,Donnée validée,10,Expertisée,20,Bonne,7.332793134,48.728811149,QmnJ
A3410200,A341020001,2013-02-06,6961.0,2026-06-02T08:08:12Z,16,Donnée validée,10,Expertisée,20,Bonne,7.332793134,48.728811149,QmnJ
A3410200,A341020001,2013-02-07,6288.0,2026-06-02T08:08:12Z,16,Donnée validée,10,Expertisée,20,Bonne,7.332793134,48.728811149,QmnJ
A3410200,A341020001,2013-02-08,5753.0,2026-06-02T08:08:12Z,16,Donnée validée,10,Expertisée,20,Bonne,7.332793134,48.728811149,QmnJ
A3410200,A341020001,2013-02-09,5308.0,2026-06-02T08:08:12Z,16,Donnée validée,10,Expertisée,20,Bonne,7.332793134,48.728811149,QmnJ
A3410200,A341020001,2013-02-10,4788.0,2026-06-02T08:08:12Z,16,Donnée validée,10,Expertisée,20,Bonne,7.332793134,48.728811149,QmnJ
A3410200,A341020001,2013-02-11,4888.0,2026-06-02T08:08:12Z,16,Donnée validée,10,Expertisée,20,Bonne,7.332793134,48.728811149,QmnJ
A3410200,A341020001,2013-02-12,4324.0,2026-06-02T08:08:12Z,16,Donnée validée,10,Expertisée,20,Bonne,7.332793134,48.728811149,QmnJ
A3410200,A341020001,2013-02-13,3592.0,2026-06-02T08:08:12Z,16,Donnée validée,10,Expertisée,20,Bonne,7.332793134,48.728811149,QmnJ
A3410200,A341020001,2013-02-14,3171.0,2026-06-02T08:08:12Z,16,Donnée validée,10,Expertisée,20,Bonne,7.332793134,48.728811149,QmnJ
A3410200,A341020001,2013-02-15,3157.0,2026-06-02T08:08:12Z,16,Donnée validée,10,Expertisée,20,Bonne,7.332793134,48.728811149,QmnJ
A3410200,A341020001,2013-02-16,3145.0,2026-06-02T08:08:12Z,16,Donnée validée,10,Expertisée,20,Bonne,7.332793134,48.728811149,QmnJ
A3410200,A341020001,2013-02-17,3548.0,2026-06-02T08:08:12Z,16,Donnée validée,10,Expertisée,20,Bonne,7.332793134,48.728811149,QmnJ
A3410200,A341020001,2013-02-18,3423.0,2026-06-02T08:08:12Z,16,Donnée validée,10,Expertisée,20,Bonne,7.332793134,48.728811149,QmnJ
A3410200,A341020001,2013-02-19,3102.0,2026-06-02T08:08:12Z,16,Donnée validée,10,Expertisée,20,Bonne,7.332793134,48.728811149,QmnJ
A3410200,A341020001,2013-02-20,2908.0,2026-06-02T08:08:12Z,16,Donnée validée,10,Expertisée,20,Bonne,7.332793134,48.728811149,QmnJ
A3410200,A341020001,2013-02-21,2837.0,2026-06-02T08:08:12Z,16,Donnée validée,10,Expertisée,20,Bonne,7.332793134,48.728811149,QmnJ
A3410200,A341020001,2013-02-22,2734.0,2026-06-02T08:08:12Z,16,Donnée validée,10,Expertisée,20,Bonne,7.332793134,48.728811149,QmnJ
A3410200,A341020001,2013-02-23,2816.0,2026-06-02T08:08:12Z,16,Donnée validée,10,Expertisée,20,Bonne,7.332793134,48.728811149,QmnJ
A3410200,A341020001,2013-02-24,2604.0,2026-06-02T08:08:12Z,16,Donnée validée,10,Expertisée,20,Bonne,7.332793134,48.728811149,QmnJ
A3410200,A341020001,2013-02-25,2598.0,2026-06-02T08:08:12Z,16,Donnée validée,10,Expertisée,20,Bonne,7.332793134,48.728811149,QmnJ
A3410200,A341020001,2013-02-26,2614.0,2026-06-02T08:08:12Z,16,Donnée validée,10,Expertisée,20,Bonne,7.332793134,48.728811149,QmnJ
A3410200,A341020001,2013-02-27,2383.0,2026-06-02T08:08:12Z,16,Donnée validée,10,Expertisée,20,Bonne,7.332793134,48.728811149,QmnJ
A3410200,A341020001,2013-02-28,2539.0,2026-06-02T08:08:12Z,16,Donnée validée,10,Expertisée,20,Bonne,7.332793134,48.728811149,QmnJ
A3410200,A341020001,2013-03-01,2349.0,2026-06-02T08:08:12Z,16,Donnée validée,10,Expertisée,20,Bonne,7.332793134,48.728811149,QmnJ
A3410200,A341020001,2013-03-02,2246.0,2026-06-02T08:08:12Z,16,Donnée validée,10,Expertisée,20,Bonne,7.332793134,48.728811149,QmnJ
A3410200,A341020001,2013-03-03,2128.0,2026-06-02T08:08:12Z,16,Donnée validée,10,Expertisée,20,Bonne,7.332793134,48.728811149,QmnJ
A3410200,A341020001,2013-03-04,2030.0,2026-06-02T08:08:12Z,16,Donnée validée,10,Expertisée,20,Bonne,7.332793134,48.728811149,QmnJ
A3410200,A341020001,2013-03-05,2063.0,2026-06-02T08:08:12Z,16,Donnée validée,10,Expertisée,20,Bonne,7.332793134,48.728811149,QmnJ
A3410200,A341020001,2013-03-06,2023.0,2026-06-02T08:08:12Z,16,Donnée validée,10,Expertisée,20,Bonne,7.332793134,48.728811149,QmnJ
A3410200,A341020001,2013-03-07,2059.0,2026-06-02T08:08:12Z,16,Donnée validée,10,Expertisée,20,Bonne,7.332793134,48.728811149,QmnJ
A3410200,A341020001,2013-03-08,2128.0,2026-06-02T08:08:12Z,16,Donnée validée,10,Expertisée,20,Bonne,7.332793134,48.728811149,QmnJ
A3410200,A341020001,2013-03-09,2415.0,2026-06-02T08:08:12Z,16,Donnée validée,10,Expertisée,20,Bonne,7.332793134,48.728811149,QmnJ
A3410200,A341020001,2013-03-10,2596.0,2026-06-02T08:08:12Z,16,Donnée validée,10,Expertisée,20,Bonne,7.332793134,48.728811149,QmnJ
A3410200,A341020001,2013-03-11,2400.0,2026-06-02T08:08:12Z,16,Donnée validée,10,Expertisée,20,Bonne,7.332793134,48.728811149,QmnJ
A3410200,A341020001,2013-03-12,2735.0,2026-06-02T08:08:12Z,16,Donnée validée,10,Expertisée,20,Bonne,7.332793134,48.728811149,QmnJ
A3410200,A341020001,2013-03-13,2773.0,2026-06-02T08:08:12Z,16,Donnée validée,10,Expertisée,20,Bonne,7.332793134,48.728811149,QmnJ
A3410200,A341020001,2013-03-14,2516.0,2026-06-02T08:08:12Z,16,Donnée validée,10,Expertisée,20,Bonne,7.332793134,48.728811149,QmnJ
A3410200,A341020001,2013-03-15,2427.0,2026-06-02T08:08:12Z,16,Donnée validée,10,Expertisée,20,Bonne,7.332793134,48.728811149,QmnJ
A3410200,A341020001,2013-03-16,2358.0,2026-06-02T08:08:12Z,16,Donnée validée,10,Expertisée,20,Bonne,7.332793134,48.728811149,QmnJ
A3410200,A341020001,2013-03-17,3171.0,2026-06-02T08:08:12Z,16,Donnée validée,10,Expertisée,20,Bonne,7.332793134,48.728811149,QmnJ
A3410200,A341020001,2013-03-18,3602.0,2026-06-02T08:08:12Z,16,Donnée validée,10,Expertisée,20,Bonne,7.332793134,48.728811149,QmnJ
A3410200,A341020001,2013-03-19,3328.0,2026-06-02T08:08:12Z,16,Donnée validée,10,Expertisée,20,Bonne,7.332793134,48.728811149,QmnJ
A3410200,A341020001,2013-03-20,3254.0,2026-06-02T08:08:12Z,16,Donnée validée,10,Expertisée,20,Bonne,7.332793134,48.728811149,QmnJ
A3410200,A341020001,2013-03-21,2837.0,2026-06-02T08:08:12Z,16,Donnée validée,10,Expertisée,20,Bonne,7.332793134,48.728811149,QmnJ
A3410200,A341020001,2013-03-22,2552.0,2026-06-02T08:08:12Z,16,Donnée validée,10,Expertisée,20,Bonne,7.332793134,48.728811149,QmnJ
A3410200,A341020001,2013-03-23,2526.0,2026-06-02T08:08:12Z,16,Donnée validée,10,Expertisée,20,Bonne,7.332793134,48.728811149,QmnJ
A3410200,A341020001,2013-03-24,2465.0,2026-06-02T08:08:12Z,16,Donnée validée,10,Expertisée,20,Bonne,7.332793134,48.728811149,QmnJ
A3410200,A341020001,2013-03-25,2376.0,2026-06-02T08:08:12Z,16,Donnée validée,10,Expertisée,20,Bonne,7.332793134,48.728811149,QmnJ
A3410200,A341020001,2013-03-26,2317.0,2026-06-02T08:08:12Z,16,Donnée validée,10,Expertisée,20,Bonne,7.332793134,48.728811149,QmnJ
A3410200,A341020001,2013-03-27,2258.0,2026-06-02T08:08:12Z,16,Donnée validée,10,Expertisée,20,Bonne,7.332793134,48.728811149,QmnJ
A3410200,A341020001,2013-03-28,2246.0,2026-06-02T08:08:12Z,16,Donnée validée,10,Expertisée,20,Bonne,7.332793134,48.728811149,QmnJ
A3410200,A341020001,2013-03-29,2127.0,2026-06-02T08:08:12Z,16,Donnée validée,10,Expertisée,20,Bonne,7.332793134,48.728811149,QmnJ
A3410200,A341020001,2013-03-30,2062.0,2026-06-02T08:08:12Z,16,Donnée validée,10,Expertisée,20,Bonne,7.332793134,48.728811149,QmnJ
A3410200,A341020001,2013-03-31,2006.0,2026-06-02T08:08:12Z,16,Donnée validée,10,Expertisée,20,Bonne,7.332793134,48.728811149,QmnJ
A3410200,A341020001,2013-04-01,1949.0,2026-06-02T08:08:12Z,16,Donnée validée,10,Expertisée,20,Bonne,7.332793134,48.728811149,QmnJ
A3410200,A341020001,2013-04-02,1948.0,2026-06-02T08:08:12Z,16,Donnée validée,10,Expertisée,20,Bonne,7.332793134,48.728811149,QmnJ
A3410200,A341020001,2013-04-03,1869.0,2026-06-02T08:08:12Z,16,Donnée validée,10,Expertisée,20,Bonne,7.332793134,48.728811149,QmnJ
A3410200,A341020001,2013-04-04,1810.0,2026-06-02T08:08:12Z,16,Donnée validée,10,Expertisée,20,Bonne,7.332793134,48.728811149,QmnJ
A3410200,A341020001,2013-04-05,1786.0,2026-06-02T08:08:12Z,16,Donnée validée,10,Expertisée,20,Bonne,7.332793134,48.728811149,QmnJ
A3410200,A341020001,2013-04-06,1713.0,2026-06-02T08:08:12Z,16,Donnée validée,10,Expertisée,20,Bonne,7.332793134,48.728811149,QmnJ
A3410200,A341020001,2013-04-07,1632.0,2026-06-02T08:08:12Z,16,Donnée validée,10,Expertisée,20,Bonne,7.332793134,48.728811149,QmnJ
A3410200,A341020001,2013-04-08,1684.0,2026-06-02T08:08:12Z,16,Donnée validée,10,Expertisée,20,Bonne,7.332793134,48.728811149,QmnJ
A3410200,A341020001,2013-04-09,1878.0,2026-06-02T08:08:12Z,16,Donnée validée,10,Expertisée,20,Bonne,7.332793134,48.728811149,QmnJ
A3410200,A341020001,2013-04-10,2041.0,2026-06-02T08:08:12Z,16,Donnée validée,10,Expertisée,20,Bonne,7.332793134,48.728811149,QmnJ
A3410200,A341020001,2013-04-11,1803.0,2026-06-02T08:08:12Z,16,Donnée validée,10,Expertisée,20,Bonne,7.332793134,48.728811149,QmnJ
A3410200,A341020001,2013-04-12,3326.0,2026-06-02T08:08:12Z,16,Donnée validée,10,Expertisée,20,Bonne,7.332793134,48.728811149,QmnJ
A3410200,A341020001,2013-04-13,2239.0,2026-06-02T08:08:12Z,16,Donnée validée,10,Expertisée,20,Bonne,7.332793134,48.728811149,QmnJ
A3410200,A341020001,2013-04-14,1998.0,2026-06-02T08:08:12Z,16,Donnée validée,10,Expertisée,20,Bonne,7.332793134,48.728811149,QmnJ
A3410200,A341020001,2013-04-15,1966.0,2026-06-02T08:08:12Z,16,Donnée validée,10,Expertisée,20,Bonne,7.332793134,48.728811149,QmnJ
A3410200,A341020001,2013-04-16,1914.0,2026-06-02T08:08:12Z,16,Donnée validée,10,Expertisée,20,Bonne,7.332793134,48.728811149,QmnJ
A3410200,A341020001,2013-04-17,1890.0,2026-06-02T08:08:12Z,16,Donnée validée,10,Expertisée,20,Bonne,7.332793134,48.728811149,QmnJ
A3410200,A341020001,2013-04-18,1900.0,2026-06-02T08:08:12Z,16,Donnée validée,10,Expertisée,20,Bonne,7.332793134,48.728811149,QmnJ
A3410200,A341020001,2013-04-19,1836.0,2026-06-02T08:08:12Z,16,Donnée validée,10,Expertisée,20,Bonne,7.332793134,48.728811149,QmnJ
A3410200,A341020001,2013-04-20,1936.0,2026-06-02T08:08:12Z,16,Donnée validée,10,Expertisée,20,Bonne,7.332793134,48.728811149,QmnJ
A3410200,A341020001,2013-04-21,1901.0,2026-06-02T08:08:12Z,16,Donnée validée,10,Expertisée,20,Bonne,7.332793134,48.728811149,QmnJ
A3410200,A341020001,2013-04-22,1855.0,2026-06-02T08:08:12Z,16,Donnée validée,10,Expertisée,20,Bonne,7.332793134,48.728811149,QmnJ
A3410200,A341020001,2013-04-23,1811.0,2026-06-02T08:08:12Z,16,Donnée validée,10,Expertisée,20,Bonne,7.332793134,48.728811149,QmnJ
A3410200,A341020001,2013-04-24,1742.0,2026-06-02T08:08:12Z,16,Donnée validée,10,Expertisée,20,Bonne,7.332793134,48.728811149,QmnJ
A3410200,A341020001,2013-04-25,1631.0,2026-06-02T08:08:12Z,16,Donnée validée,10,Expertisée,20,Bonne,7.332793134,48.728811149,QmnJ
A3410200,A341020001,2013-04-26,1763.0,2026-06-02T08:08:12Z,16,Donnée validée,10,Expertisée,20,Bonne,7.332793134,48.728811149,QmnJ
A3410200,A341020001,2013-04-27,2880.0,2026-06-02T08:08:12Z,16,Donnée validée,10,Expertisée,20,Bonne,7.332793134,48.728811149,QmnJ
A3410200,A341020001,2013-04-28,3039.0,2026-06-02T08:08:12Z,16,Donnée validée,10,Expertisée,20,Bonne,7.332793134,48.728811149,QmnJ
A3410200,A341020001,2013-04-29,2318.0,2026-06-02T08:08:12Z,16,Donnée validée,10,Expertisée,20,Bonne,7.332793134,48.728811149,QmnJ
A3410200,A341020001,2013-04-30,2450.0,2026-06-02T08:08:12Z,16,Donnée validée,10,Expertisée,20,Bonne,7.332793134,48.728811149,QmnJ
A3410200,A341020001,2013-05-01,2819.0,2026-06-02T08:08:12Z,16,Donnée validée,10,Expertisée,20,Bonne,7.332793134,48.728811149,QmnJ
A3410200,A341020001,2013-05-02,2513.0,2026-06-02T08:08:12Z,16,Donnée validée,10,Expertisée,20,Bonne,7.332793134,48.728811149,QmnJ
A3410200,A341020001,2013-05-03,3730.0,2026-06-02T08:08:12Z,16,Donnée validée,10,Expertisée,20,Bonne,7.332793134,48.728811149,QmnJ
A3410200,A341020001,2013-05-04,7807.0,2026-06-02T08:08:12Z,16,Donnée validée,10,Expertisée,20,Bonne,7.332793134,48.728811149,QmnJ
A3410200,A341020001,2013-05-05,5783.0,2026-06-02T08:08:12Z,16,Donnée validée,10,Expertisée,20,Bonne,7.332793134,48.728811149,QmnJ
A3410200,A341020001,2013-05-06,4913.0,2026-06-02T08:08:12Z,16,Donnée validée,10,Expertisée,20,Bonne,7.332793134,48.728811149,QmnJ
A3410200,A341020001,2013-05-07,4321.0,2026-06-02T08:08:12Z,16,Donnée validée,10,Expertisée,20,Bonne,7.332793134,48.728811149,QmnJ
A3410200,A341020001,2013-05-08,3904.0,2026-06-02T08:08:12Z,16,Donnée validée,10,Expertisée,20,Bonne,7.332793134,48.728811149,QmnJ
A3410200,A341020001,2013-05-09,3591.0,2026-06-02T08:08:12Z,16,Donnée validée,10,Expertisée,20,Bonne,7.332793134,48.728811149,QmnJ
A3410200,A341020001,2013-05-10,3154.0,2026-06-02T08:08:12Z,16,Donnée validée,10,Expertisée,20,Bonne,7.332793134,48.728811149,QmnJ
A3410200,A341020001,2013-05-11,2917.0,2026-06-02T08:08:12Z,16,Donnée validée,10,Expertisée,20,Bonne,7.332793134,48.728811149,QmnJ
A3410200,A341020001,2013-05-12,3100.0,2026-06-02T08:08:12Z,16,Donnée validée,10,Expertisée,20,Bonne,7.332793134,48.728811149,QmnJ
A3410200,A341020001,2013-05-13,2888.0,2026-06-02T08:08:12Z,16,Donnée validée,10,Expertisée,20,Bonne,7.332793134,48.728811149,QmnJ
A3410200,A341020001,2013-05-14,2751.0,2026-06-02T08:08:12Z,16,Donnée validée,10,Expertisée,20,Bonne,7.332793134,48.728811149,QmnJ
A3410200,A341020001,2013-05-15,2778.0,2026-06-02T08:08:12Z,16,Donnée validée,10,Expertisée,20,Bonne,7.332793134,48.728811149,QmnJ
A3410200,A341020001,2013-05-16,2819.0,2026-06-02T08:08:12Z,16,Donnée validée,10,Expertisée,20,Bonne,7.332793134,48.728811149,QmnJ
A3410200,A341020001,2013-05-17,2861.0,2026-06-02T08:08:12Z,16,Donnée validée,10,Expertisée,20,Bonne,7.332793134,48.728811149,QmnJ
A3410200,A341020001,2013-05-18,2723.0,2026-06-02T08:08:12Z,16,Donnée validée,10,Expertisée,20,Bonne,7.332793134,48.728811149,QmnJ
A3410200,A341020001,2013-05-19,2579.0,2026-06-02T08:08:12Z,16,Donnée validée,10,Expertisée,20,Bonne,7.332793134,48.728811149,QmnJ
A3410200,A341020001,2013-05-20,2858.0,2026-06-02T08:08:12Z,16,Donnée validée,10,Expertisée,20,Bonne,7.332793134,48.728811149,QmnJ
A3410200,A341020001,2013-05-21,2884.0,2026-06-02T08:08:12Z,16,Donnée validée,10,Expertisée,20,Bonne,7.332793134,48.728811149,QmnJ
A3410200,A341020001,2013-05-22,3275.0,2026-06-02T08:08:12Z,16,Donnée validée,10,Expertisée,20,Bonne,7.332793134,48.728811149,QmnJ
A3410200,A341020001,2013-05-23,3478.0,2026-06-02T08:08:12Z,16,Donnée validée,10,Expertisée,20,Bonne,7.332793134,48.728811149,QmnJ
A3410200,A341020001,2013-05-24,3519.0,2026-06-02T08:08:12Z,16,Donnée validée,10,Expertisée,20,Bonne,7.332793134,48.728811149,QmnJ
A3410200,A341020001,2013-05-25,2961.0,2026-06-02T08:08:12Z,16,Donnée validée,10,Expertisée,20,Bonne,7.332793134,48.728811149,QmnJ
A3410200,A341020001,2013-05-26,3002.0,2026-06-02T08:08:12Z,16,Donnée validée,10,Expertisée,20,Bonne,7.332793134,48.728811149,QmnJ
A3410200,A341020001,2013-05-27,3253.0,2026-06-02T08:08:12Z,16,Donnée validée,10,Expertisée,20,Bonne,7.332793134,48.728811149,QmnJ
A3410200,A341020001,2013-05-28,3093.0,2026-06-02T08:08:12Z,16,Donnée validée,10,Expertisée,20,Bonne,7.332793134,48.728811149,QmnJ
A3410200,A341020001,2013-05-29,4799.0,2026-06-02T08:08:12Z,16,Donnée validée,10,Expertisée,20,Bonne,7.332793134,48.728811149,QmnJ
A3410200,A341020001,2013-05-30,4436.0,2026-06-02T08:08:12Z,16,Donnée validée,10,Expertisée,20,Bonne,7.332793134,48.728811149,QmnJ
A3410200,A341020001,2013-05-31,7453.0,2026-06-02T08:08:12Z,16,Donnée validée,10,Expertisée,20,Bonne,7.332793134,48.728811149,QmnJ
A3410200,A341020001,2013-06-01,7652.0,2026-06-02T08:08:12Z,16,Donnée validée,10,Expertisée,20,Bonne,7.332793134,48.728811149,QmnJ
A3410200,A341020001,2013-06-02,6578.0,2026-06-02T08:08:12Z,16,Donnée validée,10,Expertisée,20,Bonne,7.332793134,48.728811149,QmnJ
A3410200,A341020001,2013-06-03,5371.0,2026-06-02T08:08:12Z,16,Donnée validée,10,Expertisée,20,Bonne,7.332793134,48.728811149,QmnJ
A3410200,A341020001,2013-06-04,4787.0,2026-06-02T08:08:12Z,16,Donnée validée,10,Expertisée,20,Bonne,7.332793134,48.728811149,QmnJ
A3410200,A341020001,2013-06-05,4521.0,2026-06-02T08:08:12Z,16,Donnée validée,10,Expertisée,20,Bonne,7.332793134,48.728811149,QmnJ
A3410200,A341020001,2013-06-06,4059.0,2026-06-02T08:08:12Z,16,Donnée validée,10,Expertisée,20,Bonne,7.332793134,48.728811149,QmnJ
A3410200,A341020001,2013-06-07,4085.0,2026-06-02T08:08:12Z,16,Donnée validée,10,Expertisée,20,Bonne,7.332793134,48.728811149,QmnJ
A3410200,A341020001,2013-06-08,3852.0,2026-06-02T08:08:12Z,16,Donnée validée,10,Expertisée,20,Bonne,7.332793134,48.728811149,QmnJ
A3410200,A341020001,2013-06-09,4010.0,2026-06-02T08:08:12Z,16,Donnée validée,10,Expertisée,20,Bonne,7.332793134,48.728811149,QmnJ
A3410200,A341020001,2013-06-10,3462.0,2026-06-02T08:08:12Z,16,Donnée validée,10,Expertisée,20,Bonne,7.332793134,48.728811149,QmnJ
A3410200,A341020001,2013-06-11,3230.0,2026-06-02T08:08:12Z,16,Donnée validée,10,Expertisée,20,Bonne,7.332793134,48.728811149,QmnJ
A3410200,A341020001,2013-06-12,3041.0,2026-06-02T08:08:12Z,16,Donnée validée,10,Expertisée,20,Bonne,7.332793134,48.728811149,QmnJ
A3410200,A341020001,2013-06-13,2928.0,2026-06-02T08:08:12Z,16,Donnée validée,10,Expertisée,20,Bonne,7.332793134,48.728811149,QmnJ
A3410200,A341020001,2013-06-14,2922.0,2026-06-02T08:08:12Z,16,Donnée validée,10,Expertisée,20,Bonne,7.332793134,48.728811149,QmnJ
A3410200,A341020001,2013-06-15,2640.0,2026-06-02T08:08:12Z,16,Donnée validée,10,Expertisée,20,Bonne,7.332793134,48.728811149,QmnJ
A3410200,A341020001,2013-06-16,2494.0,2026-06-02T08:08:12Z,16,Donnée validée,10,Expertisée,20,Bonne,7.332793134,48.728811149,QmnJ
A3410200,A341020001,2013-06-17,2376.0,2026-06-02T08:08:12Z,16,Donnée validée,10,Expertisée,20,Bonne,7.332793134,48.728811149,QmnJ
A3410200,A341020001,2013-06-18,2289.0,2026-06-02T08:08:12Z,16,Donnée validée,10,Expertisée,20,Bonne,7.332793134,48.728811149,QmnJ
A3410200,A341020001,2013-06-19,2187.0,2026-06-02T08:08:12Z,16,Donnée validée,10,Expertisée,20,Bonne,7.332793134,48.728811149,QmnJ
A3410200,A341020001,2013-06-20,2389.0,2026-06-02T08:08:12Z,16,Donnée validée,10,Expertisée,20,Bonne,7.332793134,48.728811149,QmnJ
A3410200,A341020001,2013-06-21,2437.0,2026-06-02T08:08:12Z,16,Donnée validée,10,Expertisée,20,Bonne,7.332793134,48.728811149,QmnJ
A3410200,A341020001,2013-06-22,1951.0,2026-06-02T08:08:12Z,16,Donnée validée,10,Expertisée,20,Bonne,7.332793134,48.728811149,QmnJ
A3410200,A341020001,2013-06-23,1931.0,2026-06-02T08:08:12Z,16,Donnée validée,10,Expertisée,20,Bonne,7.332793134,48.728811149,QmnJ
A3410200,A341020001,2013-06-24,1895.0,2026-06-02T08:08:12Z,16,Donnée validée,10,Expertisée,20,Bonne,7.332793134,48.728811149,QmnJ
A3410200,A341020001,2013-06-25,1870.0,2026-06-02T08:08:12Z,16,Donnée validée,10,Expertisée,20,Bonne,7.332793134,48.728811149,QmnJ
A3410200,A341020001,2013-06-26,1753.0,2026-06-02T08:08:12Z,16,Donnée validée,10,Expertisée,20,Bonne,7.332793134,48.728811149,QmnJ
A3410200,A341020001,2013-06-27,1752.0,2026-06-02T08:08:12Z,16,Donnée validée,10,Expertisée,20,Bonne,7.332793134,48.728811149,QmnJ
A3410200,A341020001,2013-06-28,1737.0,2026-06-02T08:08:12Z,16,Donnée validée,10,Expertisée,20,Bonne,7.332793134,48.728811149,QmnJ
A3410200,A341020001,2013-06-29,2141.0,2026-06-02T08:08:12Z,16,Donnée validée,10,Expertisée,20,Bonne,7.332793134,48.728811149,QmnJ
A3410200,A341020001,2013-06-30,1821.0,2026-06-02T08:08:12Z,16,Donnée validée,10,Expertisée,20,Bonne,7.332793134,48.728811149,QmnJ
A3410200,A341020001,2013-07-01,1685.0,2026-06-02T08:08:12Z,16,Donnée validée,10,Expertisée,20,Bonne,7.332793134,48.728811149,QmnJ
A3410200,A341020001,2013-07-02,1616.0,2026-06-02T08:08:12Z,16,Donnée validée,10,Expertisée,20,Bonne,7.332793134,48.728811149,QmnJ
A3410200,A341020001,2013-07-03,2066.0,2026-06-02T08:08:12Z,16,Donnée validée,10,Expertisée,20,Bonne,7.332793134,48.728811149,QmnJ
A3410200,A341020001,2013-07-04,3375.0,2026-06-02T08:08:12Z,16,Donnée validée,10,Expertisée,20,Bonne,7.332793134,48.728811149,QmnJ
A3410200,A341020001,2013-07-05,1304.0,2026-06-02T08:08:12Z,16,Donnée validée,10,Expertisée,20,Bonne,7.332793134,48.728811149,QmnJ
A3410200,A341020001,2013-07-06,1305.0,2026-06-02T08:08:12Z,16,Donnée validée,10,Expertisée,20,Bonne,7.332793134,48.728811149,QmnJ
A3410200,A341020001,2013-07-07,1420.0,2026-06-02T08:08:12Z,16,Donnée validée,10,Expertisée,20,Bonne,7.332793134,48.728811149,QmnJ
A3410200,A341020001,2013-07-08,1358.0,2026-06-02T08:08:12Z,16,Donnée validée,10,Expertisée,20,Bonne,7.332793134,48.728811149,QmnJ
A3410200,A341020001,2013-07-09,1364.0,2026-06-02T08:08:12Z,16,Donnée validée,10,Expertisée,20,Bonne,7.332793134,48.728811149,QmnJ
A3410200,A341020001,2013-07-10,1303.0,2026-06-02T08:08:12Z,16,Donnée validée,10,Expertisée,20,Bonne,7.332793134,48.728811149,QmnJ
A3410200,A341020001,2013-07-11,1284.0,2026-06-02T08:08:12Z,16,Donnée validée,10,Expertisée,20,Bonne,7.332793134,48.728811149,QmnJ
A3410200,A341020001,2013-07-12,1282.0,2026-06-02T08:08:12Z,16,Donnée validée,10,Expertisée,20,Bonne,7.332793134,48.728811149,QmnJ
A3410200,A341020001,2013-07-13,1245.0,2026-06-02T08:08:12Z,16,Donnée validée,10,Expertisée,20,Bonne,7.332793134,48.728811149,QmnJ
A3410200,A341020001,2013-07-14,1212.0,2026-06-02T08:08:12Z,16,Donnée validée,10,Expertisée,20,Bonne,7.332793134,48.728811149,QmnJ
A3410200,A341020001,2013-07-15,1161.0,2026-06-02T08:08:12Z,16,Donnée validée,10,Expertisée,20,Bonne,7.332793134,48.728811149,QmnJ
A3410200,A341020001,2013-07-16,1143.0,2026-06-02T08:08:12Z,16,Donnée validée,10,Expertisée,20,Bonne,7.332793134,48.728811149,QmnJ
A3410200,A341020001,2013-07-17,1121.0,2026-06-02T08:08:12Z,16,Donnée validée,10,Expertisée,20,Bonne,7.332793134,48.728811149,QmnJ
A3410200,A341020001,2013-07-18,1125.0,2026-06-02T08:08:12Z,16,Donnée validée,10,Expertisée,20,Bonne,7.332793134,48.728811149,QmnJ
A3410200,A341020001,2013-07-19,1127.0,2026-06-02T08:08:12Z,16,Donnée validée,10,Expertisée,20,Bonne,7.332793134,48.728811149,QmnJ
A3410200,A341020001,2013-07-20,1168.0,2026-06-02T08:08:12Z,16,Donnée validée,10,Expertisée,20,Bonne,7.332793134,48.728811149,QmnJ
A3410200,A341020001,2013-07-21,1167.0,2026-06-02T08:08:12Z,16,Donnée validée,10,Expertisée,20,Bonne,7.332793134,48.728811149,QmnJ
A3410200,A341020001,2013-07-22,1131.0,2026-06-02T08:08:12Z,16,Donnée validée,10,Expertisée,20,Bonne,7.332793134,48.728811149,QmnJ
A3410200,A341020001,2013-07-23,1146.0,2026-06-02T08:08:12Z,16,Donnée validée,10,Expertisée,20,Bonne,7.332793134,48.728811149,QmnJ
A3410200,A341020001,2013-07-24,1272.0,2026-06-02T08:08:12Z,16,Donnée validée,10,Expertisée,20,Bonne,7.332793134,48.728811149,QmnJ
A3410200,A341020001,2013-07-25,1151.0,2026-06-02T08:08:12Z,16,Donnée validée,10,Expertisée,20,Bonne,7.332793134,48.728811149,QmnJ
A3410200,A341020001,2013-07-26,1107.0,2026-06-02T08:08:12Z,16,Donnée validée,10,Expertisée,20,Bonne,7.332793134,48.728811149,QmnJ
A3410200,A341020001,2013-07-27,1123.0,2026-06-02T08:08:12Z,16,Donnée validée,10,Expertisée,20,Bonne,7.332793134,48.728811149,QmnJ
A3410200,A341020001,2013-07-28,1183.0,2026-06-02T08:08:12Z,16,Donnée validée,10,Expertisée,20,Bonne,7.332793134,48.728811149,QmnJ
A3410200,A341020001,2013-07-29,1143.0,2026-06-02T08:08:12Z,16,Donnée validée,10,Expertisée,20,Bonne,7.332793134,48.728811149,QmnJ
A3410200,A341020001,2013-07-30,1018.0,2026-06-02T08:08:12Z,16,Donnée validée,10,Expertisée,20,Bonne,7.332793134,48.728811149,QmnJ
A3410200,A341020001,2013-07-31,976.0,2026-06-02T08:08:12Z,16,Donnée validée,10,Expertisée,20,Bonne,7.332793134,48.728811149,QmnJ
A3410200,A341020001,2013-08-01,961.0,2026-06-02T08:08:12Z,16,Donnée validée,10,Expertisée,20,Bonne,7.332793134,48.728811149,QmnJ
A3410200,A341020001,2013-08-02,921.0,2026-06-02T08:08:12Z,16,Donnée validée,10,Expertisée,20,Bonne,7.332793134,48.728811149,QmnJ
A3410200,A341020001,2013-08-03,932.0,2026-06-02T08:08:12Z,16,Donnée validée,10,Expertisée,20,Bonne,7.332793134,48.728811149,QmnJ
A3410200,A341020001,2013-08-04,943.0,2026-06-02T08:08:12Z,16,Donnée validée,10,Expertisée,20,Bonne,7.332793134,48.728811149,QmnJ
A3410200,A341020001,2013-08-05,964.0,2026-06-02T08:08:12Z,16,Donnée validée,10,Expertisée,20,Bonne,7.332793134,48.728811149,QmnJ
A3410200,A341020001,2013-08-06,1471.0,2026-06-02T08:08:12Z,16,Donnée validée,10,Expertisée,20,Bonne,7.332793134,48.728811149,QmnJ
A3410200,A341020001,2013-08-07,1204.0,2026-06-02T08:08:12Z,16,Donnée validée,10,Expertisée,20,Bonne,7.332793134,48.728811149,QmnJ
A3410200,A341020001,2013-08-08,1018.0,2026-06-02T08:08:12Z,16,Donnée validée,10,Expertisée,20,Bonne,7.332793134,48.728811149,QmnJ
A3410200,A341020001,2013-08-09,935.0,2026-06-02T08:08:12Z,16,Donnée validée,10,Expertisée,20,Bonne,7.332793134,48.728811149,QmnJ
A3410200,A341020001,2013-08-10,938.0,2026-06-02T08:08:12Z,16,Donnée validée,10,Expertisée,20,Bonne,7.332793134,48.728811149,QmnJ
A3410200,A341020001,2013-08-11,943.0,2026-06-02T08:08:12Z,16,Donnée validée,10,Expertisée,20,Bonne,7.332793134,48.728811149,QmnJ
A3410200,A341020001,2013-08-12,949.0,2026-06-02T08:08:12Z,16,Donnée validée,10,Expertisée,20,Bonne,7.332793134,48.728811149,QmnJ
A3410200,A341020001,2013-08-13,955.0,2026-06-02T08:08:12Z,16,Donnée validée,10,Expertisée,20,Bonne,7.332793134,48.728811149,QmnJ
A3410200,A341020001,2013-08-14,961.0,2026-06-02T08:08:12Z,16,Donnée validée,10,Expertisée,20,Bonne,7.332793134,48.728811149,QmnJ
A3410200,A341020001,2013-08-15,968.0,2026-06-02T08:08:12Z,16,Donnée validée,10,Expertisée,20,Bonne,7.332793134,48.728811149,QmnJ
A3410200,A341020001,2013-08-16,1014.0,2026-06-02T08:08:12Z,16,Donnée validée,10,Expertisée,20,Bonne,7.332793134,48.728811149,QmnJ
A3410200,A341020001,2013-08-17,1044.0,2026-06-02T08:08:12Z,16,Donnée validée,10,Expertisée,20,Bonne,7.332793134,48.728811149,QmnJ
A3410200,A341020001,2013-08-18,991.0,2026-06-02T08:08:12Z,16,Donnée validée,10,Expertisée,20,Bonne,7.332793134,48.728811149,QmnJ
A3410200,A341020001,2013-08-19,1928.0,2026-06-02T08:08:12Z,16,Donnée validée,10,Expertisée,20,Bonne,7.332793134,48.728811149,QmnJ
A3410200,A341020001,2013-08-20,1228.0,2026-06-02T08:08:12Z,16,Donnée validée,10,Expertisée,20,Bonne,7.332793134,48.728811149,QmnJ
A3410200,A341020001,2013-08-21,982.0,2026-06-02T08:08:12Z,16,Donnée validée,10,Expertisée,20,Bonne,7.332793134,48.728811149,QmnJ
A3410200,A341020001,2013-08-22,949.0,2026-06-02T08:08:12Z,16,Donnée validée,10,Expertisée,20,Bonne,7.332793134,48.728811149,QmnJ
A3410200,A341020001,2013-08-23,984.0,2026-06-02T08:08:12Z,16,Donnée validée,10,Expertisée,20,Bonne,7.332793134,48.728811149,QmnJ
A3410200,A341020001,2013-08-24,1223.0,2026-06-02T08:08:12Z,16,Donnée validée,10,Expertisée,20,Bonne,7.332793134,48.728811149,QmnJ
A3410200,A341020001,2013-08-25,1228.0,2026-06-02T08:08:12Z,16,Donnée validée,10,Expertisée,20,Bonne,7.332793134,48.728811149,QmnJ
A3410200,A341020001,2013-08-26,1828.0,2026-06-02T08:08:12Z,16,Donnée validée,10,Expertisée,20,Bonne,7.332793134,48.728811149,QmnJ
A3410200,A341020001,2013-08-27,1395.0,2026-06-02T08:08:12Z,16,Donnée validée,10,Expertisée,20,Bonne,7.332793134,48.728811149,QmnJ
A3410200,A341020001,2013-08-28,1225.0,2026-06-02T08:08:12Z,16,Donnée validée,10,Expertisée,20,Bonne,7.332793134,48.728811149,QmnJ
A3410200,A341020001,2013-08-29,1186.0,2026-06-02T08:08:12Z,16,Donnée validée,10,Expertisée,20,Bonne,7.332793134,48.728811149,QmnJ
A3410200,A341020001,2013-08-30,822.0,2026-06-02T08:08:12Z,16,Donnée validée,10,Expertisée,20,Bonne,7.332793134,48.728811149,QmnJ
A3410200,A341020001,2013-08-31,960.0,2026-06-02T08:08:12Z,16,Donnée validée,10,Expertisée,20,Bonne,7.332793134,48.728811149,QmnJ
A3410200,A341020001,2013-09-01,993.0,2026-06-02T08:08:12Z,16,Donnée validée,10,Expertisée,20,Bonne,7.332793134,48.728811149,QmnJ
A3410200,A341020001,2013-09-02,988.0,2026-06-02T08:08:12Z,16,Donnée validée,10,Expertisée,20,Bonne,7.332793134,48.728811149,QmnJ
A3410200,A341020001,2013-09-03,933.0,2026-06-02T08:08:12Z,16,Donnée validée,10,Expertisée,20,Bonne,7.332793134,48.728811149,QmnJ
A3410200,A341020001,2013-09-04,919.0,2026-06-02T08:08:12Z,16,Donnée validée,10,Expertisée,20,Bonne,7.332793134,48.728811149,QmnJ
A3410200,A341020001,2013-09-05,915.0,2026-06-02T08:08:12Z,16,Donnée validée,10,Expertisée,20,Bonne,7.332793134,48.728811149,QmnJ
A3410200,A341020001,2013-09-06,936.0,2026-06-02T08:08:12Z,16,Donnée validée,10,Expertisée,20,Bonne,7.332793134,48.728811149,QmnJ
A3410200,A341020001,2013-09-07,1135.0,2026-06-02T08:08:12Z,16,Donnée validée,10,Expertisée,20,Bonne,7.332793134,48.728811149,QmnJ
A3410200,A341020001,2013-09-08,2200.0,2026-06-02T08:08:12Z,16,Donnée validée,10,Expertisée,20,Bonne,7.332793134,48.728811149,QmnJ
A3410200,A341020001,2013-09-09,1211.0,2026-06-02T08:08:12Z,16,Donnée validée,10,Expertisée,20,Bonne,7.332793134,48.728811149,QmnJ
A3410200,A341020001,2013-09-10,1260.0,2026-06-02T08:08:12Z,16,Donnée validée,10,Expertisée,20,Bonne,7.332793134,48.728811149,QmnJ
A3410200,A341020001,2013-09-11,1282.0,2026-06-02T08:08:12Z,16,Donnée validée,10,Expertisée,20,Bonne,7.332793134,48.728811149,QmnJ
A3410200,A341020001,2013-09-12,1653.0,2026-06-02T08:08:12Z,16,Donnée validée,10,Expertisée,20,Bonne,7.332793134,48.728811149,QmnJ
A3410200,A341020001,2013-09-13,1166.0,2026-06-02T08:08:12Z,16,Donnée validée,10,Expertisée,20,Bonne,7.332793134,48.728811149,QmnJ
A3410200,A341020001,2013-09-14,1136.0,2026-06-02T08:08:12Z,16,Donnée validée,10,Expertisée,20,Bonne,7.332793134,48.728811149,QmnJ
A3410200,A341020001,2013-09-15,1257.0,2026-06-02T08:08:12Z,16,Donnée validée,10,Expertisée,20,Bonne,7.332793134,48.728811149,QmnJ
A3410200,A341020001,2013-09-16,1368.0,2026-06-02T08:08:12Z,16,Donnée validée,10,Expertisée,20,Bonne,7.332793134,48.728811149,QmnJ
A3410200,A341020001,2013-09-17,1494.0,2026-06-02T08:08:12Z,16,Donnée validée,10,Expertisée,20,Bonne,7.332793134,48.728811149,QmnJ
A3410200,A341020001,2013-09-18,1883.0,2026-06-02T08:08:12Z,16,Donnée validée,10,Expertisée,20,Bonne,7.332793134,48.728811149,QmnJ
A3410200,A341020001,2013-09-19,1633.0,2026-06-02T08:08:12Z,16,Donnée validée,10,Expertisée,20,Bonne,7.332793134,48.728811149,QmnJ
A3410200,A341020001,2013-09-20,1355.0,2026-06-02T08:08:12Z,16,Donnée validée,10,Expertisée,20,Bonne,7.332793134,48.728811149,QmnJ
A3410200,A341020001,2013-09-21,1253.0,2026-06-02T08:08:12Z,16,Donnée validée,10,Expertisée,20,Bonne,7.332793134,48.728811149,QmnJ
A3410200,A341020001,2013-09-22,1198.0,2026-06-02T08:08:12Z,16,Donnée validée,10,Expertisée,20,Bonne,7.332793134,48.728811149,QmnJ
A3410200,A341020001,2013-09-23,1156.0,2026-06-02T08:08:12Z,16,Donnée validée,10,Expertisée,20,Bonne,7.332793134,48.728811149,QmnJ
A3410200,A341020001,2013-09-24,1135.0,2026-06-02T08:08:12Z,16,Donnée validée,10,Expertisée,20,Bonne,7.332793134,48.728811149,QmnJ
A3410200,A341020001,2013-09-25,1123.0,2026-06-02T08:08:12Z,16,Donnée validée,10,Expertisée,20,Bonne,7.332793134,48.728811149,QmnJ
A3410200,A341020001,2013-09-26,1112.0,2026-06-02T08:08:12Z,16,Donnée validée,10,Expertisée,20,Bonne,7.332793134,48.728811149,QmnJ
A3410200,A341020001,2013-09-27,1089.0,2026-06-02T08:08:12Z,16,Donnée validée,10,Expertisée,20,Bonne,7.332793134,48.728811149,QmnJ
A3410200,A341020001,2013-09-28,1067.0,2026-06-02T08:08:12Z,16,Donnée validée,10,Expertisée,20,Bonne,7.332793134,48.728811149,QmnJ
A3410200,A341020001,2013-09-29,1048.0,2026-06-02T08:08:12Z,16,Donnée validée,10,Expertisée,20,Bonne,7.332793134,48.728811149,QmnJ
A3410200,A341020001,2013-09-30,1021.0,2026-06-02T08:08:12Z,16,Donnée validée,10,Expertisée,20,Bonne,7.332793134,48.728811149,QmnJ
A3410200,A341020001,2013-10-01,960.0,2026-06-02T08:08:12Z,16,Donnée validée,10,Expertisée,20,Bonne,7.332793134,48.728811149,QmnJ
A3410200,A341020001,2013-10-02,895.0,2026-06-02T08:08:12Z,16,Donnée validée,10,Expertisée,20,Bonne,7.332793134,48.728811149,QmnJ
A3410200,A341020001,2013-10-03,830.0,2026-06-02T08:08:12Z,16,Donnée validée,10,Expertisée,20,Bonne,7.332793134,48.728811149,QmnJ
A3410200,A341020001,2013-10-04,811.0,2026-06-02T08:08:12Z,16,Donnée validée,10,Expertisée,20,Bonne,7.332793134,48.728811149,QmnJ
A3410200,A341020001,2013-10-05,985.0,2026-06-02T08:08:12Z,16,Donnée validée,10,Expertisée,20,Bonne,7.332793134,48.728811149,QmnJ
A3410200,A341020001,2013-10-06,3217.0,2026-06-02T08:08:12Z,16,Donnée validée,10,Expertisée,20,Bonne,7.332793134,48.728811149,QmnJ
A3410200,A341020001,2013-10-07,1555.0,2026-06-02T08:08:12Z,16,Donnée validée,10,Expertisée,20,Bonne,7.332793134,48.728811149,QmnJ
A3410200,A341020001,2013-10-08,1278.0,2026-06-02T08:08:12Z,16,Donnée validée,10,Expertisée,20,Bonne,7.332793134,48.728811149,QmnJ
A3410200,A341020001,2013-10-09,1245.0,2026-06-02T08:08:12Z,16,Donnée validée,10,Expertisée,20,Bonne,7.332793134,48.728811149,QmnJ
A3410200,A341020001,2013-10-10,3461.0,2026-06-02T08:08:12Z,16,Donnée validée,10,Expertisée,20,Bonne,7.332793134,48.728811149,QmnJ
A3410200,A341020001,2013-10-11,2824.0,2026-06-02T08:08:12Z,16,Donnée validée,10,Expertisée,20,Bonne,7.332793134,48.728811149,QmnJ
A3410200,A341020001,2013-10-12,2309.0,2026-06-02T08:08:12Z,16,Donnée validée,10,Expertisée,20,Bonne,7.332793134,48.728811149,QmnJ
A3410200,A341020001,2013-10-13,2072.0,2026-06-02T08:08:12Z,16,Donnée validée,10,Expertisée,20,Bonne,7.332793134,48.728811149,QmnJ
A3410200,A341020001,2013-10-14,2654.0,2026-06-02T08:08:12Z,16,Donnée validée,10,Expertisée,20,Bonne,7.332793134,48.728811149,QmnJ
A3410200,A341020001,2013-10-15,5613.0,2026-06-02T08:08:12Z,16,Donnée validée,10,Expertisée,20,Bonne,7.332793134,48.728811149,QmnJ
A3410200,A341020001,2013-10-16,5619.0,2026-06-02T08:08:12Z,16,Donnée validée,10,Expertisée,20,Bonne,7.332793134,48.728811149,QmnJ
A3410200,A341020001,2013-10-17,4743.0,2026-06-02T08:08:12Z,16,Donnée validée,10,Expertisée,20,Bonne,7.332793134,48.728811149,QmnJ
A3410200,A341020001,2013-10-18,3816.0,2026-06-02T08:08:12Z,16,Donnée validée,10,Expertisée,20,Bonne,7.332793134,48.728811149,QmnJ
A3410200,A341020001,2013-10-19,3623.0,2026-06-02T08:08:12Z,16,Donnée validée,10,Expertisée,20,Bonne,7.332793134,48.728811149,QmnJ
A3410200,A341020001,2013-10-20,4044.0,2026-06-02T08:08:12Z,16,Donnée validée,10,Expertisée,20,Bonne,7.332793134,48.728811149,QmnJ
A3410200,A341020001,2013-10-21,3302.0,2026-06-02T08:08:12Z,16,Donnée validée,10,Expertisée,20,Bonne,7.332793134,48.728811149,QmnJ
A3410200,A341020001,2013-10-22,3108.0,2026-06-02T08:08:12Z,16,Donnée validée,10,Expertisée,20,Bonne,7.332793134,48.728811149,QmnJ
A3410200,A341020001,2013-10-23,3249.0,2026-06-02T08:08:12Z,16,Donnée validée,10,Expertisée,20,Bonne,7.332793134,48.728811149,QmnJ
A3410200,A341020001,2013-10-24,2943.0,2026-06-02T08:08:12Z,16,Donnée validée,10,Expertisée,20,Bonne,7.332793134,48.728811149,QmnJ
A3410200,A341020001,2013-10-25,2614.0,2026-06-02T08:08:12Z,16,Donnée validée,10,Expertisée,20,Bonne,7.332793134,48.728811149,QmnJ
A3410200,A341020001,2013-10-26,2321.0,2026-06-02T08:08:12Z,16,Donnée validée,10,Expertisée,20,Bonne,7.332793134,48.728811149,QmnJ
A3410200,A341020001,2013-10-27,3483.0,2026-06-02T08:08:12Z,16,Donnée validée,10,Expertisée,20,Bonne,7.332793134,48.728811149,QmnJ
A3410200,A341020001,2013-10-28,4275.0,2026-06-02T08:08:12Z,16,Donnée validée,10,Expertisée,20,Bonne,7.332793134,48.728811149,QmnJ
A3410200,A341020001,2013-10-29,3321.0,2026-06-02T08:08:12Z,16,Donnée validée,10,Expertisée,20,Bonne,7.332793134,48.728811149,QmnJ
A3410200,A341020001,2013-10-30,2898.0,2026-06-02T08:08:12Z,16,Donnée validée,10,Expertisée,20,Bonne,7.332793134,48.728811149,QmnJ
A3410200,A341020001,2013-10-31,2479.0,2026-06-02T08:08:12Z,16,Donnée validée,10,Expertisée,20,Bonne,7.332793134,48.728811149,QmnJ
A3410200,A341020001,2013-11-01,2550.0,2026-06-02T08:08:12Z,16,Donnée validée,10,Expertisée,20,Bonne,7.332793134,48.728811149,QmnJ
A3410200,A341020001,2013-11-02,3079.0,2026-06-02T08:08:12Z,16,Donnée validée,10,Expertisée,20,Bonne,7.332793134,48.728811149,QmnJ
A3410200,A341020001,2013-11-03,3441.0,2026-06-02T08:08:12Z,16,Donnée validée,10,Expertisée,20,Bonne,7.332793134,48.728811149,QmnJ
A3410200,A341020001,2013-11-04,3086.0,2026-06-02T08:08:12Z,16,Donnée validée,10,Expertisée,20,Bonne,7.332793134,48.728811149,QmnJ
A3410200,A341020001,2013-11-05,2810.0,2026-06-02T08:08:12Z,16,Donnée validée,10,Expertisée,20,Bonne,7.332793134,48.728811149,QmnJ
A3410200,A341020001,2013-11-06,3097.0,2026-06-02T08:08:12Z,16,Donnée validée,10,Expertisée,20,Bonne,7.332793134,48.728811149,QmnJ
A3410200,A341020001,2013-11-07,2973.0,2026-06-02T08:08:12Z,16,Donnée validée,10,Expertisée,20,Bonne,7.332793134,48.728811149,QmnJ
A3410200,A341020001,2013-11-08,3511.0,2026-06-02T08:08:12Z,16,Donnée validée,10,Expertisée,20,Bonne,7.332793134,48.728811149,QmnJ
A3410200,A341020001,2013-11-09,4222.0,2026-06-02T08:08:12Z,16,Donnée validée,10,Expertisée,20,Bonne,7.332793134,48.728811149,QmnJ
A3410200,A341020001,2013-11-10,5090.0,2026-06-02T08:08:12Z,16,Donnée validée,10,Expertisée,20,Bonne,7.332793134,48.728811149,QmnJ
A3410200,A341020001,2013-11-11,4484.0,2026-06-02T08:08:12Z,16,Donnée validée,10,Expertisée,20,Bonne,7.332793134,48.728811149,QmnJ
A3410200,A341020001,2013-11-12,4029.0,2026-06-02T08:08:12Z,16,Donnée validée,10,Expertisée,20,Bonne,7.332793134,48.728811149,QmnJ
A3410200,A341020001,2013-11-13,3778.0,2026-06-02T08:08:12Z,16,Donnée validée,10,Expertisée,20,Bonne,7.332793134,48.728811149,QmnJ
A3410200,A341020001,2013-11-14,3582.0,2026-06-02T08:08:12Z,16,Donnée validée,10,Expertisée,20,Bonne,7.332793134,48.728811149,QmnJ
A3410200,A341020001,2013-11-15,3444.0,2026-06-02T08:08:12Z,16,Donnée validée,10,Expertisée,20,Bonne,7.332793134,48.728811149,QmnJ
A3410200,A341020001,2013-11-16,3180.0,2026-06-02T08:08:12Z,16,Donnée validée,10,Expertisée,20,Bonne,7.332793134,48.728811149,QmnJ
A3410200,A341020001,2013-11-17,3073.0,2026-06-02T08:08:12Z,16,Donnée validée,10,Expertisée,20,Bonne,7.332793134,48.728811149,QmnJ
A3410200,A341020001,2013-11-18,3067.0,2026-06-02T08:08:12Z,16,Donnée validée,10,Expertisée,20,Bonne,7.332793134,48.728811149,QmnJ
A3410200,A341020001,2013-11-19,3339.0,2026-06-02T08:08:12Z,16,Donnée validée,10,Expertisée,20,Bonne,7.332793134,48.728811149,QmnJ
A3410200,A341020001,2013-11-20,4702.0,2026-06-02T08:08:12Z,16,Donnée validée,10,Expertisée,20,Bonne,7.332793134,48.728811149,QmnJ
A3410200,A341020001,2013-11-21,3833.0,2026-06-02T08:08:12Z,16,Donnée validée,10,Expertisée,20,Bonne,7.332793134,48.728811149,QmnJ
A3410200,A341020001,2013-11-22,4009.0,2026-06-02T08:08:12Z,16,Donnée validée,10,Expertisée,20,Bonne,7.332793134,48.728811149,QmnJ
A3410200,A341020001,2013-11-23,4589.0,2026-06-02T08:08:12Z,16,Donnée validée,10,Expertisée,20,Bonne,7.332793134,48.728811149,QmnJ
A3410200,A341020001,2013-11-24,4184.0,2026-06-02T08:08:12Z,16,Donnée validée,10,Expertisée,20,Bonne,7.332793134,48.728811149,QmnJ
A3410200,A341020001,2013-11-25,3843.0,2026-06-02T08:08:12Z,16,Donnée validée,10,Expertisée,20,Bonne,7.332793134,48.728811149,QmnJ
A3410200,A341020001,2013-11-26,3546.0,2026-06-02T08:08:12Z,16,Donnée validée,10,Expertisée,20,Bonne,7.332793134,48.728811149,QmnJ
A3410200,A341020001,2013-11-27,3503.0,2026-06-02T08:08:12Z,16,Donnée validée,10,Expertisée,20,Bonne,7.332793134,48.728811149,QmnJ
A3410200,A341020001,2013-11-28,3242.0,2026-06-02T08:08:12Z,16,Donnée validée,10,Expertisée,20,Bonne,7.332793134,48.728811149,QmnJ
A3410200,A341020001,2013-11-29,3154.0,2026-06-02T08:08:12Z,16,Donnée validée,10,Expertisée,20,Bonne,7.332793134,48.728811149,QmnJ
A3410200,A341020001,2013-11-30,3513.0,2026-06-02T08:08:12Z,16,Donnée validée,10,Expertisée,20,Bonne,7.332793134,48.728811149,QmnJ
A3410200,A341020001,2013-12-01,3287.0,2026-06-02T08:08:12Z,16,Donnée validée,10,Expertisée,20,Bonne,7.332793134,48.728811149,QmnJ
A3410200,A341020001,2013-12-02,3099.0,2026-06-02T08:08:12Z,16,Donnée validée,10,Expertisée,20,Bonne,7.332793134,48.728811149,QmnJ
A3410200,A341020001,2013-12-03,3108.0,2026-06-02T08:08:12Z,16,Donnée validée,10,Expertisée,20,Bonne,7.332793134,48.728811149,QmnJ
A3410200,A341020001,2013-12-04,3075.0,2026-06-02T08:08:12Z,16,Donnée validée,10,Expertisée,20,Bonne,7.332793134,48.728811149,QmnJ
A3410200,A341020001,2013-12-05,2963.0,2026-06-02T08:08:12Z,16,Donnée validée,10,Expertisée,20,Bonne,7.332793134,48.728811149,QmnJ
A3410200,A341020001,2013-12-06,3049.0,2026-06-02T08:08:12Z,16,Donnée validée,10,Expertisée,20,Bonne,7.332793134,48.728811149,QmnJ
A3410200,A341020001,2013-12-07,2837.0,2026-06-02T08:08:12Z,16,Donnée validée,10,Expertisée,20,Bonne,7.332793134,48.728811149,QmnJ
A3410200,A341020001,2013-12-08,2616.0,2026-06-02T08:08:12Z,16,Donnée validée,10,Expertisée,20,Bonne,7.332793134,48.728811149,QmnJ
A3410200,A341020001,2013-12-09,2452.0,2026-06-02T08:08:12Z,16,Donnée validée,10,Expertisée,20,Bonne,7.332793134,48.728811149,QmnJ
A3410200,A341020001,2013-12-10,2099.0,2026-06-02T08:08:12Z,16,Donnée validée,10,Expertisée,20,Bonne,7.332793134,48.728811149,QmnJ
A3410200,A341020001,2013-12-11,2030.0,2026-06-02T08:08:12Z,16,Donnée validée,10,Expertisée,20,Bonne,7.332793134,48.728811149,QmnJ
A3410200,A341020001,2013-12-12,1927.0,2026-06-02T08:08:12Z,16,Donnée validée,10,Expertisée,20,Bonne,7.332793134,48.728811149,QmnJ
A3410200,A341020001,2013-12-13,1655.0,2026-06-02T08:08:12Z,16,Donnée validée,10,Expertisée,20,Bonne,7.332793134,48.728811149,QmnJ
A3410200,A341020001,2013-12-14,1843.0,2026-06-02T08:08:12Z,16,Donnée validée,10,Expertisée,20,Bonne,7.332793134,48.728811149,QmnJ
A3410200,A341020001,2013-12-15,1737.0,2026-06-02T08:08:12Z,16,Donnée validée,10,Expertisée,20,Bonne,7.332793134,48.728811149,QmnJ
A3410200,A341020001,2013-12-16,1661.0,2026-06-02T08:08:12Z,16,Donnée validée,10,Expertisée,20,Bonne,7.332793134,48.728811149,QmnJ
A3410200,A341020001,2013-12-17,1780.0,2026-06-02T08:08:12Z,16,Donnée validée,10,Expertisée,20,Bonne,7.332793134,48.728811149,QmnJ
A3410200,A341020001,2013-12-18,1620.0,2026-06-02T08:08:12Z,16,Donnée validée,10,Expertisée,20,Bonne,7.332793134,48.728811149,QmnJ
A3410200,A341020001,2013-12-19,2046.0,2026-06-02T08:08:12Z,16,Donnée validée,10,Expertisée,20,Bonne,7.332793134,48.728811149,QmnJ
A3410200,A341020001,2013-12-20,1996.0,2026-06-02T08:08:12Z,16,Donnée validée,10,Expertisée,20,Bonne,7.332793134,48.728811149,QmnJ
A3410200,A341020001,2013-12-21,1863.0,2026-06-02T08:08:12Z,16,Donnée validée,10,Expertisée,20,Bonne,7.332793134,48.728811149,QmnJ
A3410200,A341020001,2013-12-22,1814.0,2026-06-02T08:08:12Z,16,Donnée validée,10,Expertisée,20,Bonne,7.332793134,48.728811149,QmnJ
A3410200,A341020001,2013-12-23,1948.0,2026-06-02T08:08:12Z,16,Donnée validée,10,Expertisée,20,Bonne,7.332793134,48.728811149,QmnJ
A3410200,A341020001,2013-12-24,2006.0,2026-06-02T08:08:12Z,16,Donnée validée,10,Expertisée,20,Bonne,7.332793134,48.728811149,QmnJ
A3410200,A341020001,2013-12-25,4225.0,2026-06-02T08:08:12Z,16,Donnée validée,10,Expertisée,20,Bonne,7.332793134,48.728811149,QmnJ
A3410200,A341020001,2013-12-26,3845.0,2026-06-02T08:08:12Z,16,Donnée validée,10,Expertisée,20,Bonne,7.332793134,48.728811149,QmnJ
A3410200,A341020001,2013-12-27,3296.0,2026-06-02T08:08:12Z,16,Donnée validée,10,Expertisée,20,Bonne,7.332793134,48.728811149,QmnJ
A3410200,A341020001,2013-12-28,3153.0,2026-06-02T08:08:12Z,16,Donnée validée,10,Expertisée,20,Bonne,7.332793134,48.728811149,QmnJ
A3410200,A341020001,2013-12-29,3232.0,2026-06-02T08:08:12Z,16,Donnée validée,10,Expertisée,20,Bonne,7.332793134,48.728811149,QmnJ
A3410200,A341020001,2013-12-30,2928.0,2026-06-02T08:08:12Z,16,Donnée validée,10,Expertisée,20,Bonne,7.332793134,48.728811149,QmnJ
A3410200,A341020001,2013-12-31,2849.0,2026-06-02T08:08:12Z,16,Donnée validée,10,Expertisée,20,Bonne,7.332793134,48.728811149,QmnJ
A3410200,A341020001,2014-01-01,2906.0,2026-06-02T08:08:12Z,16,Donnée validée,10,Expertisée,20,Bonne,7.332793134,48.728811149,QmnJ
A3410200,A341020001,2014-01-02,3279.0,2026-06-02T08:08:12Z,16,Donnée validée,10,Expertisée,20,Bonne,7.332793134,48.728811149,QmnJ
A3410200,A341020001,2014-01-03,3240.0,2026-06-02T08:08:12Z,16,Donnée validée,10,Expertisée,20,Bonne,7.332793134,48.728811149,QmnJ
A3410200,A341020001,2014-01-04,4047.0,2026-06-02T08:08:12Z,16,Donnée validée,10,Expertisée,20,Bonne,7.332793134,48.728811149,QmnJ
A3410200,A341020001,2014-01-05,4635.0,2026-06-02T08:08:12Z,16,Donnée validée,10,Expertisée,20,Bonne,7.332793134,48.728811149,QmnJ
A3410200,A341020001,2014-01-06,3858.0,2026-06-02T08:08:12Z,16,Donnée validée,10,Expertisée,20,Bonne,7.332793134,48.728811149,QmnJ
A3410200,A341020001,2014-01-07,3393.0,2026-06-02T08:08:12Z,16,Donnée validée,10,Expertisée,20,Bonne,7.332793134,48.728811149,QmnJ
A3410200,A341020001,2014-01-08,3217.0,2026-06-02T08:08:12Z,16,Donnée validée,10,Expertisée,20,Bonne,7.332793134,48.728811149,QmnJ
A3410200,A341020001,2014-01-09,3222.0,2026-06-02T08:08:12Z,16,Donnée validée,10,Expertisée,20,Bonne,7.332793134,48.728811149,QmnJ
A3410200,A341020001,2014-01-10,3432.0,2026-06-02T08:08:12Z,16,Donnée validée,10,Expertisée,20,Bonne,7.332793134,48.728811149,QmnJ
A3410200,A341020001,2014-01-11,3178.0,2026-06-02T08:08:12Z,16,Donnée validée,10,Expertisée,20,Bonne,7.332793134,48.728811149,QmnJ
A3410200,A341020001,2014-01-12,3050.0,2026-06-02T08:08:12Z,16,Donnée validée,10,Expertisée,20,Bonne,7.332793134,48.728811149,QmnJ
A3410200,A341020001,2014-01-13,3211.0,2026-06-02T08:08:12Z,16,Donnée validée,10,Expertisée,20,Bonne,7.332793134,48.728811149,QmnJ
A3410200,A341020001,2014-01-14,3258.0,2026-06-02T08:08:12Z,16,Donnée validée,10,Expertisée,20,Bonne,7.332793134,48.728811149,QmnJ
A3410200,A341020001,2014-01-15,3081.0,2026-06-02T08:08:12Z,16,Donnée validée,10,Expertisée,20,Bonne,7.332793134,48.728811149,QmnJ
A3410200,A341020001,2014-01-16,3036.0,2026-06-02T08:08:12Z,16,Donnée validée,10,Expertisée,20,Bonne,7.332793134,48.728811149,QmnJ
A3410200,A341020001,2014-01-17,3022.0,2026-06-02T08:08:12Z,16,Donnée validée,10,Expertisée,20,Bonne,7.332793134,48.728811149,QmnJ
A3410200,A341020001,2014-01-18,2940.0,2026-06-02T08:08:12Z,16,Donnée validée,10,Expertisée,20,Bonne,7.332793134,48.728811149,QmnJ
A3410200,A341020001,2014-01-19,2868.0,2026-06-02T08:08:12Z,16,Donnée validée,10,Expertisée,20,Bonne,7.332793134,48.728811149,QmnJ
A3410200,A341020001,2014-01-20,2739.0,2026-06-02T08:08:12Z,16,Donnée validée,10,Expertisée,20,Bonne,7.332793134,48.728811149,QmnJ
A3410200,A341020001,2014-01-21,2744.0,2026-06-02T08:08:12Z,16,Donnée validée,10,Expertisée,20,Bonne,7.332793134,48.728811149,QmnJ
A3410200,A341020001,2014-01-22,2466.0,2026-06-02T08:08:12Z,16,Donnée validée,10,Expertisée,20,Bonne,7.332793134,48.728811149,QmnJ
A3410200,A341020001,2014-01-23,2386.0,2026-06-02T08:08:12Z,16,Donnée validée,10,Expertisée,20,Bonne,7.332793134,48.728811149,QmnJ
A3410200,A341020001,2014-01-24,2558.0,2026-06-02T08:08:12Z,16,Donnée validée,10,Expertisée,20,Bonne,7.332793134,48.728811149,QmnJ
A3410200,A341020001,2014-01-25,2316.0,2026-06-02T08:08:12Z,16,Donnée validée,10,Expertisée,20,Bonne,7.332793134,48.728811149,QmnJ
A3410200,A341020001,2014-01-26,2372.0,2026-06-02T08:08:12Z,16,Donnée validée,10,Expertisée,20,Bonne,7.332793134,48.728811149,QmnJ
A3410200,A341020001,2014-01-27,3158.0,2026-06-02T08:08:12Z,16,Donnée validée,10,Expertisée,20,Bonne,7.332793134,48.728811149,QmnJ
A3410200,A341020001,2014-01-28,2950.0,2026-06-02T08:08:12Z,16,Donnée validée,10,Expertisée,20,Bonne,7.332793134,48.728811149,QmnJ
A3410200,A341020001,2014-01-29,2803.0,2026-06-02T08:08:12Z,16,Donnée validée,10,Expertisée,20,Bonne,7.332793134,48.728811149,QmnJ
A3410200,A341020001,2014-01-30,2532.0,2026-06-02T08:08:12Z,16,Donnée validée,10,Expertisée,20,Bonne,7.332793134,48.728811149,QmnJ
A3410200,A341020001,2014-01-31,2308.0,2026-06-02T08:08:12Z,16,Donnée validée,10,Expertisée,20,Bonne,7.332793134,48.728811149,QmnJ
A3410200,A341020001,2014-02-01,2327.0,2026-06-02T08:08:12Z,16,Donnée validée,10,Expertisée,20,Bonne,7.332793134,48.728811149,QmnJ
A3410200,A341020001,2014-02-02,2376.0,2026-06-02T08:08:12Z,16,Donnée validée,10,Expertisée,20,Bonne,7.332793134,48.728811149,QmnJ
A3410200,A341020001,2014-02-03,2125.0,2026-06-02T08:08:12Z,16,Donnée validée,10,Expertisée,20,Bonne,7.332793134,48.728811149,QmnJ
A3410200,A341020001,2014-02-04,2076.0,2026-06-02T08:08:12Z,16,Donnée validée,10,Expertisée,20,Bonne,7.332793134,48.728811149,QmnJ
A3410200,A341020001,2014-02-05,2268.0,2026-06-02T08:08:12Z,16,Donnée validée,10,Expertisée,20,Bonne,7.332793134,48.728811149,QmnJ
A3410200,A341020001,2014-02-06,2107.0,2026-06-02T08:08:12Z,16,Donnée validée,10,Expertisée,20,Bonne,7.332793134,48.728811149,QmnJ
A3410200,A341020001,2014-02-07,2038.0,2026-06-02T08:08:12Z,16,Donnée validée,10,Expertisée,20,Bonne,7.332793134,48.728811149,QmnJ
A3410200,A341020001,2014-02-08,2094.0,2026-06-02T08:08:12Z,16,Donnée validée,10,Expertisée,20,Bonne,7.332793134,48.728811149,QmnJ
A3410200,A341020001,2014-02-09,2429.0,2026-06-02T08:08:12Z,16,Donnée validée,10,Expertisée,20,Bonne,7.332793134,48.728811149,QmnJ
A3410200,A341020001,2014-02-10,2686.0,2026-06-02T08:08:12Z,16,Donnée validée,10,Expertisée,20,Bonne,7.332793134,48.728811149,QmnJ
A3410200,A341020001,2014-02-11,2830.0,2026-06-02T08:08:12Z,16,Donnée validée,10,Expertisée,20,Bonne,7.332793134,48.728811149,QmnJ
A3410200,A341020001,2014-02-12,2410.0,2026-06-02T08:08:12Z,16,Donnée validée,10,Expertisée,20,Bonne,7.332793134,48.728811149,QmnJ
A3410200,A341020001,2014-02-13,3172.0,2026-06-02T08:08:12Z,16,Donnée validée,10,Expertisée,20,Bonne,7.332793134,48.728811149,QmnJ
A3410200,A341020001,2014-02-14,3321.0,2026-06-02T08:08:12Z,16,Donnée validée,10,Expertisée,20,Bonne,7.332793134,48.728811149,QmnJ
A3410200,A341020001,2014-02-15,3595.0,2026-06-02T08:08:12Z,16,Donnée validée,10,Expertisée,20,Bonne,7.332793134,48.728811149,QmnJ
A3410200,A341020001,2014-02-16,3501.0,2026-06-02T08:08:12Z,16,Donnée validée,10,Expertisée,20,Bonne,7.332793134,48.728811149,QmnJ
A3410200,A341020001,2014-02-17,3231.0,2026-06-02T08:08:12Z,16,Donnée validée,10,Expertisée,20,Bonne,7.332793134,48.728811149,QmnJ
A3410200,A341020001,2014-02-18,3029.0,2026-06-02T08:08:12Z,16,Donnée validée,10,Expertisée,20,Bonne,7.332793134,48.728811149,QmnJ
A3410200,A341020001,2014-02-19,2953.0,2026-06-02T08:08:12Z,16,Donnée validée,10,Expertisée,20,Bonne,7.332793134,48.728811149,QmnJ
A3410200,A341020001,2014-02-20,2937.0,2026-06-02T08:08:12Z,16,Donnée validée,10,Expertisée,20,Bonne,7.332793134,48.728811149,QmnJ
A3410200,A341020001,2014-02-21,2905.0,2026-06-02T08:08:12Z,16,Donnée validée,10,Expertisée,20,Bonne,7.332793134,48.728811149,QmnJ
A3410200,A341020001,2014-02-22,2764.0,2026-06-02T08:08:12Z,16,Donnée validée,10,Expertisée,20,Bonne,7.332793134,48.728811149,QmnJ
A3410200,A341020001,2014-02-23,2570.0,2026-06-02T08:08:12Z,16,Donnée validée,10,Expertisée,20,Bonne,7.332793134,48.728811149,QmnJ
A3410200,A341020001,2014-02-24,2495.0,2026-06-02T08:08:12Z,16,Donnée validée,10,Expertisée,20,Bonne,7.332793134,48.728811149,QmnJ
A3410200,A341020001,2014-02-25,2427.0,2026-06-02T08:08:12Z,16,Donnée validée,10,Expertisée,20,Bonne,7.332793134,48.728811149,QmnJ
A3410200,A341020001,2014-02-26,2544.0,2026-06-02T08:08:12Z,16,Donnée validée,10,Expertisée,20,Bonne,7.332793134,48.728811149,QmnJ
A3410200,A341020001,2014-02-27,2571.0,2026-06-02T08:08:12Z,16,Donnée validée,10,Expertisée,20,Bonne,7.332793134,48.728811149,QmnJ
A3410200,A341020001,2014-02-28,2870.0,2026-06-02T08:08:12Z,16,Donnée validée,10,Expertisée,20,Bonne,7.332793134,48.728811149,QmnJ
A3410200,A341020001,2014-03-01,2979.0,2026-06-02T08:08:12Z,16,Donnée validée,10,Expertisée,20,Bonne,7.332793134,48.728811149,QmnJ
A3410200,A341020001,2014-03-02,2706.0,2026-06-02T08:08:12Z,16,Donnée validée,10,Expertisée,20,Bonne,7.332793134,48.728811149,QmnJ
A3410200,A341020001,2014-03-03,2742.0,2026-06-02T08:08:12Z,16,Donnée validée,10,Expertisée,20,Bonne,7.332793134,48.728811149,QmnJ
A3410200,A341020001,2014-03-04,2443.0,2026-06-02T08:08:12Z,16,Donnée validée,10,Expertisée,20,Bonne,7.332793134,48.728811149,QmnJ
A3410200,A341020001,2014-03-05,2170.0,2026-06-02T08:08:12Z,16,Donnée validée,10,Expertisée,20,Bonne,7.332793134,48.728811149,QmnJ
A3410200,A341020001,2014-03-06,1920.0,2026-06-02T08:08:12Z,16,Donnée validée,10,Expertisée,20,Bonne,7.332793134,48.728811149,QmnJ
A3410200,A341020001,2014-03-07,1839.0,2026-06-02T08:08:12Z,16,Donnée validée,10,Expertisée,20,Bonne,7.332793134,48.728811149,QmnJ
A3410200,A341020001,2014-03-08,1769.0,2026-06-02T08:08:12Z,16,Donnée validée,10,Expertisée,20,Bonne,7.332793134,48.728811149,QmnJ
A3410200,A341020001,2014-03-09,1761.0,2026-06-02T08:08:12Z,16,Donnée validée,10,Expertisée,20,Bonne,7.332793134,48.728811149,QmnJ
A3410200,A341020001,2014-03-10,1750.0,2026-06-02T08:08:12Z,16,Donnée validée,10,Expertisée,20,Bonne,7.332793134,48.728811149,QmnJ
A3410200,A341020001,2014-03-11,1746.0,2026-06-02T08:08:12Z,16,Donnée validée,10,Expertisée,20,Bonne,7.332793134,48.728811149,QmnJ
A3410200,A341020001,2014-03-12,1659.0,2026-06-02T08:08:12Z,16,Donnée validée,10,Expertisée,20,Bonne,7.332793134,48.728811149,QmnJ
A3410200,A341020001,2014-03-13,1652.0,2026-06-02T08:08:12Z,16,Donnée validée,10,Expertisée,20,Bonne,7.332793134,48.728811149,QmnJ
A3410200,A341020001,2014-03-14,1640.0,2026-06-02T08:08:12Z,16,Donnée validée,10,Expertisée,20,Bonne,7.332793134,48.728811149,QmnJ
A3410200,A341020001,2014-03-15,1595.0,2026-06-02T08:08:12Z,16,Donnée validée,10,Expertisée,20,Bonne,7.332793134,48.728811149,QmnJ
A3410200,A341020001,2014-03-16,1645.0,2026-06-02T08:08:12Z,16,Donnée validée,10,Expertisée,20,Bonne,7.332793134,48.728811149,QmnJ
A3410200,A341020001,2014-03-17,1634.0,2026-06-02T08:08:12Z,16,Donnée validée,10,Expertisée,20,Bonne,7.332793134,48.728811149,QmnJ
A3410200,A341020001,2014-03-18,1599.0,2026-06-02T08:08:12Z,16,Donnée validée,10,Expertisée,20,Bonne,7.332793134,48.728811149,QmnJ
A3410200,A341020001,2014-03-19,1513.0,2026-06-02T08:08:12Z,16,Donnée validée,10,Expertisée,20,Bonne,7.332793134,48.728811149,QmnJ
A3410200,A341020001,2014-03-20,1526.0,2026-06-02T08:08:12Z,16,Donnée validée,10,Expertisée,20,Bonne,7.332793134,48.728811149,QmnJ
A3410200,A341020001,2014-03-21,1650.0,2026-06-02T08:08:12Z,16,Donnée validée,10,Expertisée,20,Bonne,7.332793134,48.728811149,QmnJ
A3410200,A341020001,2014-03-22,2242.0,2026-06-02T08:08:12Z,16,Donnée validée,10,Expertisée,20,Bonne,7.332793134,48.728811149,QmnJ
A3410200,A341020001,2014-03-23,1924.0,2026-06-02T08:08:12Z,16,Donnée validée,10,Expertisée,20,Bonne,7.332793134,48.728811149,QmnJ
A3410200,A341020001,2014-03-24,1751.0,2026-06-02T08:08:12Z,16,Donnée validée,10,Expertisée,20,Bonne,7.332793134,48.728811149,QmnJ
A3410200,A341020001,2014-03-25,1714.0,2026-06-02T08:08:12Z,16,Donnée validée,10,Expertisée,20,Bonne,7.332793134,48.728811149,QmnJ
A3410200,A341020001,2014-03-26,1600.0,2026-06-02T08:08:12Z,16,Donnée validée,10,Expertisée,20,Bonne,7.332793134,48.728811149,QmnJ
A3410200,A341020001,2014-03-27,1505.0,2026-06-02T08:08:12Z,16,Donnée validée,10,Expertisée,20,Bonne,7.332793134,48.728811149,QmnJ
A3410200,A341020001,2014-03-28,1482.0,2026-06-02T08:08:12Z,16,Donnée validée,10,Expertisée,20,Bonne,7.332793134,48.728811149,QmnJ
A3410200,A341020001,2014-03-29,1450.0,2026-06-02T08:08:12Z,16,Donnée validée,10,Expertisée,20,Bonne,7.332793134,48.728811149,QmnJ
A3410200,A341020001,2014-03-30,1371.0,2026-06-02T08:08:12Z,16,Donnée validée,10,Expertisée,20,Bonne,7.332793134,48.728811149,QmnJ
A3410200,A341020001,2014-03-31,1341.0,2026-06-02T08:08:12Z,16,Donnée validée,10,Expertisée,20,Bonne,7.332793134,48.728811149,QmnJ
A3410200,A341020001,2014-04-01,1409.0,2026-06-02T08:08:12Z,16,Donnée validée,10,Expertisée,20,Bonne,7.332793134,48.728811149,QmnJ
A3410200,A341020001,2014-04-02,1565.0,2026-06-02T08:08:12Z,16,Donnée validée,10,Expertisée,20,Bonne,7.332793134,48.728811149,QmnJ
A3410200,A341020001,2014-04-03,1426.0,2026-06-02T08:08:12Z,16,Donnée validée,10,Expertisée,20,Bonne,7.332793134,48.728811149,QmnJ
A3410200,A341020001,2014-04-04,1227.0,2026-06-02T08:08:12Z,16,Donnée validée,10,Expertisée,20,Bonne,7.332793134,48.728811149,QmnJ
A3410200,A341020001,2014-04-05,1150.0,2026-06-02T08:08:12Z,16,Donnée validée,10,Expertisée,20,Bonne,7.332793134,48.728811149,QmnJ
A3410200,A341020001,2014-04-06,1210.0,2026-06-02T08:08:12Z,16,Donnée validée,10,Expertisée,20,Bonne,7.332793134,48.728811149,QmnJ
A3410200,A341020001,2014-04-07,1277.0,2026-06-02T08:08:12Z,16,Donnée validée,10,Expertisée,20,Bonne,7.332793134,48.728811149,QmnJ
A3410200,A341020001,2014-04-08,1166.0,2026-06-02T08:08:12Z,16,Donnée validée,10,Expertisée,20,Bonne,7.332793134,48.728811149,QmnJ
A3410200,A341020001,2014-04-09,1211.0,2026-06-02T08:08:12Z,16,Donnée validée,10,Expertisée,20,Bonne,7.332793134,48.728811149,QmnJ
A3410200,A341020001,2014-04-10,1157.0,2026-06-02T08:08:12Z,16,Donnée validée,10,Expertisée,20,Bonne,7.332793134,48.728811149,QmnJ
A3410200,A341020001,2014-04-11,1190.0,2026-06-02T08:08:12Z,16,Donnée validée,10,Expertisée,20,Bonne,7.332793134,48.728811149,QmnJ
A3410200,A341020001,2014-04-12,1209.0,2026-06-02T08:08:12Z,16,Donnée validée,10,Expertisée,20,Bonne,7.332793134,48.728811149,QmnJ
A3410200,A341020001,2014-04-13,1185.0,2026-06-02T08:08:12Z,16,Donnée validée,10,Expertisée,20,Bonne,7.332793134,48.728811149,QmnJ
A3410200,A341020001,2014-04-14,1157.0,2026-06-02T08:08:12Z,16,Donnée validée,10,Expertisée,20,Bonne,7.332793134,48.728811149,QmnJ
A3410200,A341020001,2014-04-15,1187.0,2026-06-02T08:08:12Z,16,Donnée validée,10,Expertisée,20,Bonne,7.332793134,48.728811149,QmnJ
A3410200,A341020001,2014-04-16,1161.0,2026-06-02T08:08:12Z,16,Donnée validée,10,Expertisée,20,Bonne,7.332793134,48.728811149,QmnJ
A3410200,A341020001,2014-04-17,1116.0,2026-06-02T08:08:12Z,16,Donnée validée,10,Expertisée,20,Bonne,7.332793134,48.728811149,QmnJ
A3410200,A341020001,2014-04-18,1136.0,2026-06-02T08:08:12Z,16,Donnée validée,10,Expertisée,20,Bonne,7.332793134,48.728811149,QmnJ
A3410200,A341020001,2014-04-19,1167.0,2026-06-02T08:08:12Z,16,Donnée validée,10,Expertisée,20,Bonne,7.332793134,48.728811149,QmnJ
A3410200,A341020001,2014-04-20,1217.0,2026-06-02T08:08:12Z,16,Donnée validée,10,Expertisée,20,Bonne,7.332793134,48.728811149,QmnJ
A3410200,A341020001,2014-04-21,1223.0,2026-06-02T08:08:12Z,16,Donnée validée,10,Expertisée,20,Bonne,7.332793134,48.728811149,QmnJ
A3410200,A341020001,2014-04-22,1189.0,2026-06-02T08:08:12Z,16,Donnée validée,10,Expertisée,20,Bonne,7.332793134,48.728811149,QmnJ
A3410200,A341020001,2014-04-23,1114.0,2026-06-02T08:08:12Z,16,Donnée validée,10,Expertisée,20,Bonne,7.332793134,48.728811149,QmnJ
A3410200,A341020001,2014-04-24,1072.0,2026-06-02T08:08:12Z,16,Donnée validée,10,Expertisée,20,Bonne,7.332793134,48.728811149,QmnJ
A3410200,A341020001,2014-04-25,1099.0,2026-06-02T08:08:12Z,16,Donnée validée,10,Expertisée,20,Bonne,7.332793134,48.728811149,QmnJ
A3410200,A341020001,2014-04-26,1155.0,2026-06-02T08:08:12Z,16,Donnée validée,10,Expertisée,20,Bonne,7.332793134,48.728811149,QmnJ
A3410200,A341020001,2014-04-27,1178.0,2026-06-02T08:08:12Z,16,Donnée validée,10,Expertisée,20,Bonne,7.332793134,48.728811149,QmnJ
A3410200,A341020001,2014-04-28,1172.0,2026-06-02T08:08:12Z,16,Donnée validée,10,Expertisée,20,Bonne,7.332793134,48.728811149,QmnJ
A3410200,A341020001,2014-04-29,1145.0,2026-06-02T08:08:12Z,16,Donnée validée,10,Expertisée,20,Bonne,7.332793134,48.728811149,QmnJ
A3410200,A341020001,2014-04-30,1158.0,2026-06-02T08:08:12Z,16,Donnée validée,10,Expertisée,20,Bonne,7.332793134,48.728811149,QmnJ
A3410200,A341020001,2014-05-01,1734.0,2026-06-02T08:08:12Z,16,Donnée validée,10,Expertisée,20,Bonne,7.332793134,48.728811149,QmnJ
A3410200,A341020001,2014-05-02,1442.0,2026-06-02T08:08:12Z,16,Donnée validée,10,Expertisée,20,Bonne,7.332793134,48.728811149,QmnJ
A3410200,A341020001,2014-05-03,1354.0,2026-06-02T08:08:12Z,16,Donnée validée,10,Expertisée,20,Bonne,7.332793134,48.728811149,QmnJ
A3410200,A341020001,2014-05-04,1160.0,2026-06-02T08:08:12Z,16,Donnée validée,10,Expertisée,20,Bonne,7.332793134,48.728811149,QmnJ
A3410200,A341020001,2014-05-05,1120.0,2026-06-02T08:08:12Z,16,Donnée validée,10,Expertisée,20,Bonne,7.332793134,48.728811149,QmnJ
A3410200,A341020001,2014-05-06,1104.0,2026-06-02T08:08:12Z,16,Donnée validée,10,Expertisée,20,Bonne,7.332793134,48.728811149,QmnJ
A3410200,A341020001,2014-05-07,1156.0,2026-06-02T08:08:12Z,16,Donnée validée,10,Expertisée,20,Bonne,7.332793134,48.728811149,QmnJ
A3410200,A341020001,2014-05-08,1225.0,2026-06-02T08:08:12Z,16,Donnée validée,10,Expertisée,20,Bonne,7.332793134,48.728811149,QmnJ
A3410200,A341020001,2014-05-09,1352.0,2026-06-02T08:08:12Z,16,Donnée validée,10,Expertisée,20,Bonne,7.332793134,48.728811149,QmnJ
A3410200,A341020001,2014-05-10,1092.0,2026-06-02T08:08:12Z,16,Donnée validée,10,Expertisée,20,Bonne,7.332793134,48.728811149,QmnJ
A3410200,A341020001,2014-05-11,1231.0,2026-06-02T08:08:12Z,16,Donnée validée,10,Expertisée,20,Bonne,7.332793134,48.728811149,QmnJ
A3410200,A341020001,2014-05-12,1181.0,2026-06-02T08:08:12Z,16,Donnée validée,10,Expertisée,20,Bonne,7.332793134,48.728811149,QmnJ
A3410200,A341020001,2014-05-13,1192.0,2026-06-02T08:08:12Z,16,Donnée validée,10,Expertisée,20,Bonne,7.332793134,48.728811149,QmnJ
A3410200,A341020001,2014-05-14,1111.0,2026-06-02T08:08:12Z,16,Donnée validée,10,Expertisée,20,Bonne,7.332793134,48.728811149,QmnJ
A3410200,A341020001,2014-05-15,1040.0,2026-06-02T08:08:12Z,16,Donnée validée,10,Expertisée,20,Bonne,7.332793134,48.728811149,QmnJ
A3410200,A341020001,2014-05-16,1011.0,2026-06-02T08:08:12Z,16,Donnée validée,10,Expertisée,20,Bonne,7.332793134,48.728811149,QmnJ
A3410200,A341020001,2014-05-17,986.0,2026-06-02T08:08:12Z,16,Donnée validée,10,Expertisée,20,Bonne,7.332793134,48.728811149,QmnJ
A3410200,A341020001,2014-05-18,1026.0,2026-06-02T08:08:12Z,16,Donnée validée,10,Expertisée,20,Bonne,7.332793134,48.728811149,QmnJ
A3410200,A341020001,2014-05-19,1036.0,2026-06-02T08:08:12Z,16,Donnée validée,10,Expertisée,20,Bonne,7.332793134,48.728811149,QmnJ
A3410200,A341020001,2014-05-20,1055.0,2026-06-02T08:08:12Z,16,Donnée validée,10,Expertisée,20,Bonne,7.332793134,48.728811149,QmnJ
A3410200,A341020001,2014-05-21,984.0,2026-06-02T08:08:12Z,16,Donnée validée,10,Expertisée,20,Bonne,7.332793134,48.728811149,QmnJ
A3410200,A341020001,2014-05-22,988.0,2026-06-02T08:08:12Z,16,Donnée validée,10,Expertisée,20,Bonne,7.332793134,48.728811149,QmnJ
A3410200,A341020001,2014-05-23,1175.0,2026-06-02T08:08:12Z,16,Donnée validée,10,Expertisée,20,Bonne,7.332793134,48.728811149,QmnJ
A3410200,A341020001,2014-05-24,1950.0,2026-06-02T08:08:12Z,16,Donnée validée,10,Expertisée,20,Bonne,7.332793134,48.728811149,QmnJ
A3410200,A341020001,2014-05-25,1079.0,2026-06-02T08:08:12Z,16,Donnée validée,10,Expertisée,20,Bonne,7.332793134,48.728811149,QmnJ
A3410200,A341020001,2014-05-26,1046.0,2026-06-02T08:08:12Z,16,Donnée validée,10,Expertisée,20,Bonne,7.332793134,48.728811149,QmnJ
A3410200,A341020001,2014-05-27,1021.0,2026-06-02T08:08:12Z,16,Donnée validée,10,Expertisée,20,Bonne,7.332793134,48.728811149,QmnJ
A3410200,A341020001,2014-05-28,1036.0,2026-06-02T08:08:12Z,16,Donnée validée,10,Expertisée,20,Bonne,7.332793134,48.728811149,QmnJ
A3410200,A341020001,2014-05-29,968.0,2026-06-02T08:08:12Z,16,Donnée validée,10,Expertisée,20,Bonne,7.332793134,48.728811149,QmnJ
A3410200,A341020001,2014-05-30,967.0,2026-06-02T08:08:12Z,16,Donnée validée,10,Expertisée,20,Bonne,7.332793134,48.728811149,QmnJ
A3410200,A341020001,2014-05-31,952.0,2026-06-02T08:08:12Z,16,Donnée validée,10,Expertisée,20,Bonne,7.332793134,48.728811149,QmnJ
A3410200,A341020001,2014-06-01,947.0,2026-06-02T08:08:12Z,16,Donnée validée,10,Expertisée,20,Bonne,7.332793134,48.728811149,QmnJ
A3410200,A341020001,2014-06-02,980.0,2026-06-02T08:08:12Z,16,Donnée validée,10,Expertisée,20,Bonne,7.332793134,48.728811149,QmnJ
A3410200,A341020001,2014-06-03,1002.0,2026-06-02T08:08:12Z,16,Donnée validée,10,Expertisée,20,Bonne,7.332793134,48.728811149,QmnJ
A3410200,A341020001,2014-06-04,1149.0,2026-06-02T08:08:12Z,16,Donnée validée,10,Expertisée,20,Bonne,7.332793134,48.728811149,QmnJ
A3410200,A341020001,2014-06-05,1163.0,2026-06-02T08:08:12Z,16,Donnée validée,10,Expertisée,20,Bonne,7.332793134,48.728811149,QmnJ
A3410200,A341020001,2014-06-06,947.0,2026-06-02T08:08:12Z,16,Donnée validée,10,Expertisée,20,Bonne,7.332793134,48.728811149,QmnJ
A3410200,A341020001,2014-06-07,965.0,2026-06-02T08:08:12Z,16,Donnée validée,10,Expertisée,20,Bonne,7.332793134,48.728811149,QmnJ
A3410200,A341020001,2014-06-08,942.0,2026-06-02T08:08:12Z,16,Donnée validée,10,Expertisée,20,Bonne,7.332793134,48.728811149,QmnJ
A3410200,A341020001,2014-06-09,946.0,2026-06-02T08:08:12Z,16,Donnée validée,10,Expertisée,20,Bonne,7.332793134,48.728811149,QmnJ
A3410200,A341020001,2014-06-10,944.0,2026-06-02T08:08:12Z,16,Donnée validée,10,Expertisée,20,Bonne,7.332793134,48.728811149,QmnJ
A3410200,A341020001,2014-06-11,967.0,2026-06-02T08:08:12Z,16,Donnée validée,10,Expertisée,20,Bonne,7.332793134,48.728811149,QmnJ
A3410200,A341020001,2014-06-12,928.0,2026-06-02T08:08:12Z,16,Donnée validée,10,Expertisée,20,Bonne,7.332793134,48.728811149,QmnJ
A3410200,A341020001,2014-06-13,957.0,2026-06-02T08:08:12Z,16,Donnée validée,10,Expertisée,20,Bonne,7.332793134,48.728811149,QmnJ
A3410200,A341020001,2014-06-14,971.0,2026-06-02T08:08:12Z,16,Donnée validée,10,Expertisée,20,Bonne,7.332793134,48.728811149,QmnJ
A3410200,A341020001,2014-06-15,1004.0,2026-06-02T08:08:12Z,16,Donnée validée,10,Expertisée,20,Bonne,7.332793134,48.728811149,QmnJ
A3410200,A341020001,2014-06-16,1031.0,2026-06-02T08:08:12Z,16,Donnée validée,10,Expertisée,20,Bonne,7.332793134,48.728811149,QmnJ
A3410200,A341020001,2014-06-17,879.0,2026-06-02T08:08:12Z,16,Donnée validée,10,Expertisée,20,Bonne,7.332793134,48.728811149,QmnJ
A3410200,A341020001,2014-06-18,920.0,2026-06-02T08:08:12Z,16,Donnée validée,10,Expertisée,20,Bonne,7.332793134,48.728811149,QmnJ
A3410200,A341020001,2014-06-19,826.0,2026-06-02T08:08:12Z,16,Donnée validée,10,Expertisée,20,Bonne,7.332793134,48.728811149,QmnJ
A3410200,A341020001,2014-06-20,826.0,2026-06-02T08:08:12Z,16,Donnée validée,10,Expertisée,20,Bonne,7.332793134,48.728811149,QmnJ
A3410200,A341020001,2014-06-21,772.0,2026-06-02T08:08:12Z,16,Donnée validée,10,Expertisée,20,Bonne,7.332793134,48.728811149,QmnJ
A3410200,A341020001,2014-06-22,800.0,2026-06-02T08:08:12Z,16,Donnée validée,10,Expertisée,20,Bonne,7.332793134,48.728811149,QmnJ
A3410200,A341020001,2014-06-23,696.0,2026-06-02T08:08:12Z,16,Donnée validée,10,Expertisée,20,Bonne,7.332793134,48.728811149,QmnJ
A3410200,A341020001,2014-06-24,731.0,2026-06-02T08:08:12Z,16,Donnée validée,10,Expertisée,20,Bonne,7.332793134,48.728811149,QmnJ
A3410200,A341020001,2014-06-25,565.0,2026-06-02T08:08:12Z,16,Donnée validée,10,Expertisée,20,Bonne,7.332793134,48.728811149,QmnJ
A3410200,A341020001,2014-06-26,555.0,2026-06-02T08:08:12Z,16,Donnée validée,10,Expertisée,20,Bonne,7.332793134,48.728811149,QmnJ
A3410200,A341020001,2014-06-27,561.0,2026-06-02T08:08:12Z,16,Donnée validée,10,Expertisée,20,Bonne,7.332793134,48.728811149,QmnJ
A3410200,A341020001,2014-06-28,697.0,2026-06-02T08:08:12Z,16,Donnée validée,10,Expertisée,20,Bonne,7.332793134,48.728811149,QmnJ
A3410200,A341020001,2014-06-29,1651.0,2026-06-02T08:08:12Z,16,Donnée validée,10,Expertisée,20,Bonne,7.332793134,48.728811149,QmnJ
A3410200,A341020001,2014-06-30,1085.0,2026-06-02T08:08:12Z,16,Donnée validée,10,Expertisée,20,Bonne,7.332793134,48.728811149,QmnJ
A3410200,A341020001,2014-07-01,718.0,2026-06-02T08:08:12Z,16,Donnée validée,10,Expertisée,20,Bonne,7.332793134,48.728811149,QmnJ
A3410200,A341020001,2014-07-02,697.0,2026-06-02T08:08:12Z,16,Donnée validée,10,Expertisée,20,Bonne,7.332793134,48.728811149,QmnJ
A3410200,A341020001,2014-07-03,607.0,2026-06-02T08:08:12Z,16,Donnée validée,10,Expertisée,20,Bonne,7.332793134,48.728811149,QmnJ
A3410200,A341020001,2014-07-04,648.0,2026-06-02T08:08:12Z,16,Donnée validée,10,Expertisée,20,Bonne,7.332793134,48.728811149,QmnJ
A3410200,A341020001,2014-07-05,734.0,2026-06-02T08:08:12Z,16,Donnée validée,10,Expertisée,20,Bonne,7.332793134,48.728811149,QmnJ
A3410200,A341020001,2014-07-06,867.0,2026-06-02T08:08:12Z,16,Donnée validée,10,Expertisée,20,Bonne,7.332793134,48.728811149,QmnJ
A3410200,A341020001,2014-07-07,782.0,2026-06-02T08:08:12Z,16,Donnée validée,10,Expertisée,20,Bonne,7.332793134,48.728811149,QmnJ
A3410200,A341020001,2014-07-08,1132.0,2026-06-02T08:08:12Z,16,Donnée validée,10,Expertisée,20,Bonne,7.332793134,48.728811149,QmnJ
A3410200,A341020001,2014-07-09,1078.0,2026-06-02T08:08:12Z,16,Donnée validée,10,Expertisée,20,Bonne,7.332793134,48.728811149,QmnJ
A3410200,A341020001,2014-07-10,1182.0,2026-06-02T08:08:12Z,16,Donnée validée,10,Expertisée,20,Bonne,7.332793134,48.728811149,QmnJ
A3410200,A341020001,2014-07-11,1001.0,2026-06-02T08:08:12Z,16,Donnée validée,10,Expertisée,20,Bonne,7.332793134,48.728811149,QmnJ
A3410200,A341020001,2014-07-12,883.0,2026-06-02T08:08:12Z,16,Donnée validée,10,Expertisée,20,Bonne,7.332793134,48.728811149,QmnJ
A3410200,A341020001,2014-07-13,827.0,2026-06-02T08:08:12Z,16,Donnée validée,10,Expertisée,20,Bonne,7.332793134,48.728811149,QmnJ
A3410200,A341020001,2014-07-14,1120.0,2026-06-02T08:08:12Z,16,Donnée validée,10,Expertisée,20,Bonne,7.332793134,48.728811149,QmnJ
A3410200,A341020001,2014-07-15,934.0,2026-06-02T08:08:12Z,16,Donnée validée,10,Expertisée,20,Bonne,7.332793134,48.728811149,QmnJ
A3410200,A341020001,2014-07-16,799.0,2026-06-02T08:08:12Z,16,Donnée validée,10,Expertisée,20,Bonne,7.332793134,48.728811149,QmnJ
A3410200,A341020001,2014-07-17,732.0,2026-06-02T08:08:12Z,16,Donnée validée,10,Expertisée,20,Bonne,7.332793134,48.728811149,QmnJ
A3410200,A341020001,2014-07-18,703.0,2026-06-02T08:08:12Z,16,Donnée validée,10,Expertisée,20,Bonne,7.332793134,48.728811149,QmnJ
A3410200,A341020001,2014-07-19,824.0,2026-06-02T08:08:12Z,16,Donnée validée,10,Expertisée,20,Bonne,7.332793134,48.728811149,QmnJ
A3410200,A341020001,2014-07-20,791.0,2026-06-02T08:08:12Z,16,Donnée validée,10,Expertisée,20,Bonne,7.332793134,48.728811149,QmnJ
A3410200,A341020001,2014-07-21,1283.0,2026-06-02T08:08:12Z,16,Donnée validée,10,Expertisée,20,Bonne,7.332793134,48.728811149,QmnJ
A3410200,A341020001,2014-07-22,1133.0,2026-06-02T08:08:12Z,16,Donnée validée,10,Expertisée,20,Bonne,7.332793134,48.728811149,QmnJ
A3410200,A341020001,2014-07-23,885.0,2026-06-02T08:08:12Z,16,Donnée validée,10,Expertisée,20,Bonne,7.332793134,48.728811149,QmnJ
A3410200,A341020001,2014-07-24,691.0,2026-06-02T08:08:12Z,16,Donnée validée,10,Expertisée,20,Bonne,7.332793134,48.728811149,QmnJ
A3410200,A341020001,2014-07-25,741.0,2026-06-02T08:08:12Z,16,Donnée validée,10,Expertisée,20,Bonne,7.332793134,48.728811149,QmnJ
A3410200,A341020001,2014-07-26,773.0,2026-06-02T08:08:12Z,16,Donnée validée,10,Expertisée,20,Bonne,7.332793134,48.728811149,QmnJ
A3410200,A341020001,2014-07-27,714.0,2026-06-02T08:08:12Z,16,Donnée validée,10,Expertisée,20,Bonne,7.332793134,48.728811149,QmnJ
A3410200,A341020001,2014-07-28,1758.0,2026-06-02T08:08:12Z,16,Donnée validée,10,Expertisée,20,Bonne,7.332793134,48.728811149,QmnJ
A3410200,A341020001,2014-07-29,1834.0,2026-06-02T08:08:12Z,16,Donnée validée,10,Expertisée,20,Bonne,7.332793134,48.728811149,QmnJ
A3410200,A341020001,2014-07-30,1967.0,2026-06-02T08:08:12Z,16,Donnée validée,10,Expertisée,20,Bonne,7.332793134,48.728811149,QmnJ
A3410200,A341020001,2014-07-31,1166.0,2026-06-02T08:08:12Z,16,Donnée validée,10,Expertisée,20,Bonne,7.332793134,48.728811149,QmnJ
A3410200,A341020001,2014-08-01,1013.0,2026-06-02T08:08:12Z,16,Donnée validée,10,Expertisée,20,Bonne,7.332793134,48.728811149,QmnJ
A3410200,A341020001,2014-08-02,1063.0,2026-06-02T08:08:12Z,16,Donnée validée,10,Expertisée,20,Bonne,7.332793134,48.728811149,QmnJ
A3410200,A341020001,2014-08-03,1147.0,2026-06-02T08:08:12Z,16,Donnée validée,10,Expertisée,20,Bonne,7.332793134,48.728811149,QmnJ
A3410200,A341020001,2014-08-04,993.0,2026-06-02T08:08:12Z,16,Donnée validée,10,Expertisée,20,Bonne,7.332793134,48.728811149,QmnJ
A3410200,A341020001,2014-08-05,876.0,2026-06-02T08:08:12Z,16,Donnée validée,10,Expertisée,20,Bonne,7.332793134,48.728811149,QmnJ
A3410200,A341020001,2014-08-06,853.0,2026-06-02T08:08:12Z,16,Donnée validée,10,Expertisée,20,Bonne,7.332793134,48.728811149,QmnJ
A3410200,A341020001,2014-08-07,868.0,2026-06-02T08:08:12Z,16,Donnée validée,10,Expertisée,20,Bonne,7.332793134,48.728811149,QmnJ
A3410200,A341020001,2014-08-08,823.0,2026-06-02T08:08:12Z,16,Donnée validée,10,Expertisée,20,Bonne,7.332793134,48.728811149,QmnJ
A3410200,A341020001,2014-08-09,799.0,2026-06-02T08:08:12Z,16,Donnée validée,10,Expertisée,20,Bonne,7.332793134,48.728811149,QmnJ
A3410200,A341020001,2014-08-10,976.0,2026-06-02T08:08:12Z,16,Donnée validée,10,Expertisée,20,Bonne,7.332793134,48.728811149,QmnJ
A3410200,A341020001,2014-08-11,1122.0,2026-06-02T08:08:12Z,16,Donnée validée,10,Expertisée,20,Bonne,7.332793134,48.728811149,QmnJ
A3410200,A341020001,2014-08-12,768.0,2026-06-02T08:08:12Z,16,Donnée validée,10,Expertisée,20,Bonne,7.332793134,48.728811149,QmnJ
A3410200,A341020001,2014-08-13,1033.0,2026-06-02T08:08:12Z,16,Donnée validée,10,Expertisée,20,Bonne,7.332793134,48.728811149,QmnJ
A3410200,A341020001,2014-08-14,1031.0,2026-06-02T08:08:12Z,16,Donnée validée,10,Expertisée,20,Bonne,7.332793134,48.728811149,QmnJ
A3410200,A341020001,2014-08-15,995.0,2026-06-02T08:08:12Z,16,Donnée validée,10,Expertisée,20,Bonne,7.332793134,48.728811149,QmnJ
A3410200,A341020001,2014-08-16,970.0,2026-06-02T08:08:12Z,16,Donnée validée,10,Expertisée,20,Bonne,7.332793134,48.728811149,QmnJ
A3410200,A341020001,2014-08-17,813.0,2026-06-02T08:08:12Z,16,Donnée validée,10,Expertisée,20,Bonne,7.332793134,48.728811149,QmnJ
A3410200,A341020001,2014-08-18,760.0,2026-06-02T08:08:12Z,16,Donnée validée,10,Expertisée,20,Bonne,7.332793134,48.728811149,QmnJ
A3410200,A341020001,2014-08-19,762.0,2026-06-02T08:08:12Z,16,Donnée validée,10,Expertisée,20,Bonne,7.332793134,48.728811149,QmnJ
A3410200,A341020001,2014-08-20,699.0,2026-06-02T08:08:12Z,16,Donnée validée,10,Expertisée,20,Bonne,7.332793134,48.728811149,QmnJ
A3410200,A341020001,2014-08-21,659.0,2026-06-02T08:08:12Z,16,Donnée validée,10,Expertisée,20,Bonne,7.332793134,48.728811149,QmnJ
A3410200,A341020001,2014-08-22,642.0,2026-06-02T08:08:12Z,16,Donnée validée,10,Expertisée,20,Bonne,7.332793134,48.728811149,QmnJ
A3410200,A341020001,2014-08-23,666.0,2026-06-02T08:08:12Z,16,Donnée validée,10,Expertisée,20,Bonne,7.332793134,48.728811149,QmnJ
A3410200,A341020001,2014-08-24,679.0,2026-06-02T08:08:12Z,16,Donnée validée,10,Expertisée,20,Bonne,7.332793134,48.728811149,QmnJ
A3410200,A341020001,2014-08-25,673.0,2026-06-02T08:08:12Z,16,Donnée validée,10,Expertisée,20,Bonne,7.332793134,48.728811149,QmnJ
A3410200,A341020001,2014-08-26,2035.0,2026-06-02T08:08:12Z,16,Donnée validée,10,Expertisée,20,Bonne,7.332793134,48.728811149,QmnJ
A3410200,A341020001,2014-08-27,2796.0,2026-06-02T08:08:12Z,16,Donnée validée,10,Expertisée,20,Bonne,7.332793134,48.728811149,QmnJ
A3410200,A341020001,2014-08-28,1840.0,2026-06-02T08:08:12Z,16,Donnée validée,10,Expertisée,20,Bonne,7.332793134,48.728811149,QmnJ
A3410200,A341020001,2014-08-29,1519.0,2026-06-02T08:08:12Z,16,Donnée validée,10,Expertisée,20,Bonne,7.332793134,48.728811149,QmnJ
A3410200,A341020001,2014-08-30,1463.0,2026-06-02T08:08:12Z,16,Donnée validée,10,Expertisée,20,Bonne,7.332793134,48.728811149,QmnJ
A3410200,A341020001,2014-08-31,1520.0,2026-06-02T08:08:12Z,16,Donnée validée,10,Expertisée,20,Bonne,7.332793134,48.728811149,QmnJ
A3410200,A341020001,2014-09-01,1530.0,2026-06-02T08:08:12Z,16,Donnée validée,10,Expertisée,20,Bonne,7.332793134,48.728811149,QmnJ
A3410200,A341020001,2014-09-02,1323.0,2026-06-02T08:08:12Z,16,Donnée validée,10,Expertisée,20,Bonne,7.332793134,48.728811149,QmnJ
A3410200,A341020001,2014-09-03,1277.0,2026-06-02T08:08:12Z,16,Donnée validée,10,Expertisée,20,Bonne,7.332793134,48.728811149,QmnJ
A3410200,A341020001,2014-09-04,1268.0,2026-06-02T08:08:12Z,16,Donnée validée,10,Expertisée,20,Bonne,7.332793134,48.728811149,QmnJ
A3410200,A341020001,2014-09-05,1247.0,2026-06-02T08:08:12Z,16,Donnée validée,10,Expertisée,20,Bonne,7.332793134,48.728811149,QmnJ
A3410200,A341020001,2014-09-06,1284.0,2026-06-02T08:08:12Z,16,Donnée validée,10,Expertisée,20,Bonne,7.332793134,48.728811149,QmnJ
A3410200,A341020001,2014-09-07,1360.0,2026-06-02T08:08:12Z,16,Donnée validée,10,Expertisée,20,Bonne,7.332793134,48.728811149,QmnJ
A3410200,A341020001,2014-09-08,1198.0,2026-06-02T08:08:12Z,16,Donnée validée,10,Expertisée,20,Bonne,7.332793134,48.728811149,QmnJ
A3410200,A341020001,2014-09-09,1171.0,2026-06-02T08:08:12Z,16,Donnée validée,10,Expertisée,20,Bonne,7.332793134,48.728811149,QmnJ
A3410200,A341020001,2014-09-10,1127.0,2026-06-02T08:08:12Z,16,Donnée validée,10,Expertisée,20,Bonne,7.332793134,48.728811149,QmnJ
A3410200,A341020001,2014-09-11,1112.0,2026-06-02T08:08:12Z,16,Donnée validée,10,Expertisée,20,Bonne,7.332793134,48.728811149,QmnJ
A3410200,A341020001,2014-09-12,1150.0,2026-06-02T08:08:12Z,16,Donnée validée,10,Expertisée,20,Bonne,7.332793134,48.728811149,QmnJ
A3410200,A341020001,2014-09-13,1250.0,2026-06-02T08:08:12Z,16,Donnée validée,10,Expertisée,20,Bonne,7.332793134,48.728811149,QmnJ
A3410200,A341020001,2014-09-14,1044.0,2026-06-02T08:08:12Z,16,Donnée validée,10,Expertisée,20,Bonne,7.332793134,48.728811149,QmnJ
A3410200,A341020001,2014-09-15,1028.0,2026-06-02T08:08:12Z,16,Donnée validée,10,Expertisée,20,Bonne,7.332793134,48.728811149,QmnJ
A3410200,A341020001,2014-09-16,1026.0,2026-06-02T08:08:12Z,16,Donnée validée,10,Expertisée,20,Bonne,7.332793134,48.728811149,QmnJ
A3410200,A341020001,2014-09-17,1021.0,2026-06-02T08:08:12Z,16,Donnée validée,10,Expertisée,20,Bonne,7.332793134,48.728811149,QmnJ
A3410200,A341020001,2014-09-18,1079.0,2026-06-02T08:08:12Z,16,Donnée validée,10,Expertisée,20,Bonne,7.332793134,48.728811149,QmnJ
A3410200,A341020001,2014-09-19,1184.0,2026-06-02T08:08:12Z,16,Donnée validée,10,Expertisée,20,Bonne,7.332793134,48.728811149,QmnJ
A3410200,A341020001,2014-09-20,1048.0,2026-06-02T08:08:12Z,16,Donnée validée,10,Expertisée,20,Bonne,7.332793134,48.728811149,QmnJ
A3410200,A341020001,2014-09-21,1169.0,2026-06-02T08:08:12Z,16,Donnée validée,10,Expertisée,20,Bonne,7.332793134,48.728811149,QmnJ
A3410200,A341020001,2014-09-22,1218.0,2026-06-02T08:08:12Z,16,Donnée validée,10,Expertisée,20,Bonne,7.332793134,48.728811149,QmnJ
A3410200,A341020001,2014-09-23,1010.0,2026-06-02T08:08:12Z,16,Donnée validée,10,Expertisée,20,Bonne,7.332793134,48.728811149,QmnJ
A3410200,A341020001,2014-09-24,960.0,2026-06-02T08:08:12Z,16,Donnée validée,10,Expertisée,20,Bonne,7.332793134,48.728811149,QmnJ
A3410200,A341020001,2014-09-25,951.0,2026-06-02T08:08:12Z,16,Donnée validée,10,Expertisée,20,Bonne,7.332793134,48.728811149,QmnJ
A3410200,A341020001,2014-09-26,889.0,2026-06-02T08:08:12Z,16,Donnée validée,10,Expertisée,20,Bonne,7.332793134,48.728811149,QmnJ
A3410200,A341020001,2014-09-27,864.0,2026-06-02T08:08:12Z,16,Donnée validée,10,Expertisée,20,Bonne,7.332793134,48.728811149,QmnJ
A3410200,A341020001,2014-09-28,847.0,2026-06-02T08:08:12Z,16,Donnée validée,10,Expertisée,20,Bonne,7.332793134,48.728811149,QmnJ
A3410200,A341020001,2014-09-29,843.0,2026-06-02T08:08:12Z,16,Donnée validée,10,Expertisée,20,Bonne,7.332793134,48.728811149,QmnJ
A3410200,A341020001,2014-09-30,856.0,2026-06-02T08:08:12Z,16,Donnée validée,10,Expertisée,20,Bonne,7.332793134,48.728811149,QmnJ
A3410200,A341020001,2014-10-01,836.0,2026-06-02T08:08:12Z,16,Donnée validée,10,Expertisée,20,Bonne,7.332793134,48.728811149,QmnJ
A3410200,A341020001,2014-10-02,826.0,2026-06-02T08:08:12Z,16,Donnée validée,10,Expertisée,20,Bonne,7.332793134,48.728811149,QmnJ
A3410200,A341020001,2014-10-03,828.0,2026-06-02T08:08:12Z,16,Donnée validée,10,Expertisée,20,Bonne,7.332793134,48.728811149,QmnJ
A3410200,A341020001,2014-10-04,842.0,2026-06-02T08:08:12Z,16,Donnée validée,10,Expertisée,20,Bonne,7.332793134,48.728811149,QmnJ
A3410200,A341020001,2014-10-05,871.0,2026-06-02T08:08:12Z,16,Donnée validée,10,Expertisée,20,Bonne,7.332793134,48.728811149,QmnJ
A3410200,A341020001,2014-10-06,983.0,2026-06-02T08:08:12Z,16,Donnée validée,10,Expertisée,20,Bonne,7.332793134,48.728811149,QmnJ
A3410200,A341020001,2014-10-07,1007.0,2026-06-02T08:08:12Z,16,Donnée validée,10,Expertisée,20,Bonne,7.332793134,48.728811149,QmnJ
A3410200,A341020001,2014-10-08,993.0,2026-06-02T08:08:12Z,16,Donnée validée,10,Expertisée,20,Bonne,7.332793134,48.728811149,QmnJ
A3410200,A341020001,2014-10-09,1127.0,2026-06-02T08:08:12Z,16,Donnée validée,10,Expertisée,20,Bonne,7.332793134,48.728811149,QmnJ
A3410200,A341020001,2014-10-10,1060.0,2026-06-02T08:08:12Z,16,Donnée validée,10,Expertisée,20,Bonne,7.332793134,48.728811149,QmnJ
A3410200,A341020001,2014-10-11,1177.0,2026-06-02T08:08:12Z,16,Donnée validée,10,Expertisée,20,Bonne,7.332793134,48.728811149,QmnJ
A3410200,A341020001,2014-10-12,988.0,2026-06-02T08:08:12Z,16,Donnée validée,10,Expertisée,20,Bonne,7.332793134,48.728811149,QmnJ
A3410200,A341020001,2014-10-13,1013.0,2026-06-02T08:08:12Z,16,Donnée validée,10,Expertisée,20,Bonne,7.332793134,48.728811149,QmnJ
A3410200,A341020001,2014-10-14,987.0,2026-06-02T08:08:12Z,16,Donnée validée,10,Expertisée,20,Bonne,7.332793134,48.728811149,QmnJ
A3410200,A341020001,2014-10-15,958.0,2026-06-02T08:08:12Z,16,Donnée validée,10,Expertisée,20,Bonne,7.332793134,48.728811149,QmnJ
A3410200,A341020001,2014-10-16,988.0,2026-06-02T08:08:12Z,16,Donnée validée,10,Expertisée,20,Bonne,7.332793134,48.728811149,QmnJ
A3410200,A341020001,2014-10-17,2229.0,2026-06-02T08:08:12Z,16,Donnée validée,10,Expertisée,20,Bonne,7.332793134,48.728811149,QmnJ
A3410200,A341020001,2014-10-18,1238.0,2026-06-02T08:08:12Z,16,Donnée validée,10,Expertisée,20,Bonne,7.332793134,48.728811149,QmnJ
A3410200,A341020001,2014-10-19,1042.0,2026-06-02T08:08:12Z,16,Donnée validée,10,Expertisée,20,Bonne,7.332793134,48.728811149,QmnJ
A3410200,A341020001,2014-10-20,928.0,2026-06-02T08:08:12Z,16,Donnée validée,10,Expertisée,20,Bonne,7.332793134,48.728811149,QmnJ
A3410200,A341020001,2014-10-21,1206.0,2026-06-02T08:08:12Z,16,Donnée validée,10,Expertisée,20,Bonne,7.332793134,48.728811149,QmnJ
A3410200,A341020001,2014-10-22,1240.0,2026-06-02T08:08:12Z,16,Donnée validée,10,Expertisée,20,Bonne,7.332793134,48.728811149,QmnJ
A3410200,A341020001,2014-10-23,941.0,2026-06-02T08:08:12Z,16,Donnée validée,10,Expertisée,20,Bonne,7.332793134,48.728811149,QmnJ
A3410200,A341020001,2014-10-24,829.0,2026-06-02T08:08:12Z,16,Donnée validée,10,Expertisée,20,Bonne,7.332793134,48.728811149,QmnJ
A3410200,A341020001,2014-10-25,866.0,2026-06-02T08:08:12Z,16,Donnée validée,10,Expertisée,20,Bonne,7.332793134,48.728811149,QmnJ
A3410200,A341020001,2014-10-26,861.0,2026-06-02T08:08:12Z,16,Donnée validée,10,Expertisée,20,Bonne,7.332793134,48.728811149,QmnJ
A3410200,A341020001,2014-10-27,847.0,2026-06-02T08:08:12Z,16,Donnée validée,10,Expertisée,20,Bonne,7.332793134,48.728811149,QmnJ
A3410200,A341020001,2014-10-28,835.0,2026-06-02T08:08:12Z,16,Donnée validée,10,Expertisée,20,Bonne,7.332793134,48.728811149,QmnJ
A3410200,A341020001,2014-10-29,833.0,2026-06-02T08:08:12Z,16,Donnée validée,10,Expertisée,20,Bonne,7.332793134,48.728811149,QmnJ
A3410200,A341020001,2014-10-30,824.0,2026-06-02T08:08:12Z,16,Donnée validée,10,Expertisée,20,Bonne,7.332793134,48.728811149,QmnJ
A3410200,A341020001,2014-10-31,814.0,2026-06-02T08:08:12Z,16,Donnée validée,10,Expertisée,20,Bonne,7.332793134,48.728811149,QmnJ
A3410200,A341020001,2014-11-01,844.0,2026-06-02T08:08:12Z,16,Donnée validée,10,Expertisée,20,Bonne,7.332793134,48.728811149,QmnJ
A3410200,A341020001,2014-11-02,906.0,2026-06-02T08:08:12Z,16,Donnée validée,10,Expertisée,20,Bonne,7.332793134,48.728811149,QmnJ
A3410200,A341020001,2014-11-03,990.0,2026-06-02T08:08:12Z,16,Donnée validée,10,Expertisée,20,Bonne,7.332793134,48.728811149,QmnJ
A3410200,A341020001,2014-11-04,1540.0,2026-06-02T08:08:12Z,16,Donnée validée,10,Expertisée,20,Bonne,7.332793134,48.728811149,QmnJ
A3410200,A341020001,2014-11-05,3111.0,2026-06-02T08:08:12Z,16,Donnée validée,10,Expertisée,20,Bonne,7.332793134,48.728811149,QmnJ
A3410200,A341020001,2014-11-06,1705.0,2026-06-02T08:08:12Z,16,Donnée validée,10,Expertisée,20,Bonne,7.332793134,48.728811149,QmnJ
A3410200,A341020001,2014-11-07,1425.0,2026-06-02T08:08:12Z,16,Donnée validée,10,Expertisée,20,Bonne,7.332793134,48.728811149,QmnJ
A3410200,A341020001,2014-11-08,1252.0,2026-06-02T08:08:12Z,16,Donnée validée,10,Expertisée,20,Bonne,7.332793134,48.728811149,QmnJ
A3410200,A341020001,2014-11-09,1059.0,2026-06-02T08:08:12Z,16,Donnée validée,10,Expertisée,20,Bonne,7.332793134,48.728811149,QmnJ
A3410200,A341020001,2014-11-10,932.0,2026-06-02T08:08:12Z,16,Donnée validée,10,Expertisée,20,Bonne,7.332793134,48.728811149,QmnJ
A3410200,A341020001,2014-11-11,906.0,2026-06-02T08:08:12Z,16,Donnée validée,10,Expertisée,20,Bonne,7.332793134,48.728811149,QmnJ
A3410200,A341020001,2014-11-12,851.0,2026-06-02T08:08:12Z,16,Donnée validée,10,Expertisée,20,Bonne,7.332793134,48.728811149,QmnJ
A3410200,A341020001,2014-11-13,1107.0,2026-06-02T08:08:12Z,16,Donnée validée,10,Expertisée,20,Bonne,7.332793134,48.728811149,QmnJ
A3410200,A341020001,2014-11-14,991.0,2026-06-02T08:08:12Z,16,Donnée validée,10,Expertisée,20,Bonne,7.332793134,48.728811149,QmnJ
A3410200,A341020001,2014-11-15,1063.0,2026-06-02T08:08:12Z,16,Donnée validée,10,Expertisée,20,Bonne,7.332793134,48.728811149,QmnJ
A3410200,A341020001,2014-11-16,1340.0,2026-06-02T08:08:12Z,16,Donnée validée,10,Expertisée,20,Bonne,7.332793134,48.728811149,QmnJ
A3410200,A341020001,2014-11-17,1192.0,2026-06-02T08:08:12Z,16,Donnée validée,10,Expertisée,20,Bonne,7.332793134,48.728811149,QmnJ
A3410200,A341020001,2014-11-18,1112.0,2026-06-02T08:08:12Z,16,Donnée validée,10,Expertisée,20,Bonne,7.332793134,48.728811149,QmnJ
A3410200,A341020001,2014-11-19,970.0,2026-06-02T08:08:12Z,16,Donnée validée,10,Expertisée,20,Bonne,7.332793134,48.728811149,QmnJ
A3410200,A341020001,2014-11-20,931.0,2026-06-02T08:08:12Z,16,Donnée validée,10,Expertisée,20,Bonne,7.332793134,48.728811149,QmnJ
A3410200,A341020001,2014-11-21,951.0,2026-06-02T08:08:12Z,16,Donnée validée,10,Expertisée,20,Bonne,7.332793134,48.728811149,QmnJ
A3410200,A341020001,2014-11-22,966.0,2026-06-02T08:08:12Z,16,Donnée validée,10,Expertisée,20,Bonne,7.332793134,48.728811149,QmnJ
A3410200,A341020001,2014-11-23,960.0,2026-06-02T08:08:12Z,16,Donnée validée,10,Expertisée,20,Bonne,7.332793134,48.728811149,QmnJ
A3410200,A341020001,2014-11-24,924.0,2026-06-02T08:08:12Z,16,Donnée validée,10,Expertisée,20,Bonne,7.332793134,48.728811149,QmnJ
A3410200,A341020001,2014-11-25,911.0,2026-06-02T08:08:12Z,16,Donnée validée,10,Expertisée,20,Bonne,7.332793134,48.728811149,QmnJ
A3410200,A341020001,2014-11-26,919.0,2026-06-02T08:08:12Z,16,Donnée validée,10,Expertisée,20,Bonne,7.332793134,48.728811149,QmnJ
A3410200,A341020001,2014-11-27,903.0,2026-06-02T08:08:12Z,16,Donnée validée,10,Expertisée,20,Bonne,7.332793134,48.728811149,QmnJ
A3410200,A341020001,2014-11-28,974.0,2026-06-02T08:08:12Z,16,Donnée validée,10,Expertisée,20,Bonne,7.332793134,48.728811149,QmnJ
A3410200,A341020001,2014-11-29,970.0,2026-06-02T08:08:12Z,16,Donnée validée,10,Expertisée,20,Bonne,7.332793134,48.728811149,QmnJ
A3410200,A341020001,2014-11-30,986.0,2026-06-02T08:08:12Z,16,Donnée validée,10,Expertisée,20,Bonne,7.332793134,48.728811149,QmnJ
A3410200,A341020001,2014-12-01,996.0,2026-06-02T08:08:12Z,16,Donnée validée,10,Expertisée,20,Bonne,7.332793134,48.728811149,QmnJ
A3410200,A341020001,2014-12-02,981.0,2026-06-02T08:08:12Z,16,Donnée validée,10,Expertisée,20,Bonne,7.332793134,48.728811149,QmnJ
A3410200,A341020001,2014-12-03,955.0,2026-06-02T08:08:12Z,16,Donnée validée,10,Expertisée,20,Bonne,7.332793134,48.728811149,QmnJ
A3410200,A341020001,2014-12-04,919.0,2026-06-02T08:08:12Z,16,Donnée validée,10,Expertisée,20,Bonne,7.332793134,48.728811149,QmnJ
A3410200,A341020001,2014-12-05,874.0,2026-06-02T08:08:12Z,16,Donnée validée,10,Expertisée,20,Bonne,7.332793134,48.728811149,QmnJ
A3410200,A341020001,2014-12-06,876.0,2026-06-02T08:08:12Z,16,Donnée validée,10,Expertisée,20,Bonne,7.332793134,48.728811149,QmnJ
A3410200,A341020001,2014-12-07,879.0,2026-06-02T08:08:12Z,16,Donnée validée,10,Expertisée,20,Bonne,7.332793134,48.728811149,QmnJ
A3410200,A341020001,2014-12-08,836.0,2026-06-02T08:08:12Z,16,Donnée validée,10,Expertisée,20,Bonne,7.332793134,48.728811149,QmnJ
A3410200,A341020001,2014-12-09,847.0,2026-06-02T08:08:12Z,16,Donnée validée,10,Expertisée,20,Bonne,7.332793134,48.728811149,QmnJ
A3410200,A341020001,2014-12-10,807.0,2026-06-02T08:08:12Z,16,Donnée validée,10,Expertisée,20,Bonne,7.332793134,48.728811149,QmnJ
A3410200,A341020001,2014-12-11,832.0,2026-06-02T08:08:12Z,16,Donnée validée,10,Expertisée,20,Bonne,7.332793134,48.728811149,QmnJ
A3410200,A341020001,2014-12-12,960.0,2026-06-02T08:08:12Z,16,Donnée validée,10,Expertisée,20,Bonne,7.332793134,48.728811149,QmnJ
A3410200,A341020001,2014-12-13,991.0,2026-06-02T08:08:12Z,16,Donnée validée,10,Expertisée,20,Bonne,7.332793134,48.728811149,QmnJ
A3410200,A341020001,2014-12-14,1632.0,2026-06-02T08:08:12Z,16,Donnée validée,10,Expertisée,20,Bonne,7.332793134,48.728811149,QmnJ
A3410200,A341020001,2014-12-15,1478.0,2026-06-02T08:08:12Z,16,Donnée validée,10,Expertisée,20,Bonne,7.332793134,48.728811149,QmnJ
A3410200,A341020001,2014-12-16,1371.0,2026-06-02T08:08:12Z,16,Donnée validée,10,Expertisée,20,Bonne,7.332793134,48.728811149,QmnJ
A3410200,A341020001,2014-12-17,1377.0,2026-06-02T08:08:12Z,16,Donnée validée,10,Expertisée,20,Bonne,7.332793134,48.728811149,QmnJ
A3410200,A341020001,2014-12-18,1479.0,2026-06-02T08:08:12Z,16,Donnée validée,10,Expertisée,20,Bonne,7.332793134,48.728811149,QmnJ
A3410200,A341020001,2014-12-19,2220.0,2026-06-02T08:08:12Z,16,Donnée validée,10,Expertisée,20,Bonne,7.332793134,48.728811149,QmnJ
A3410200,A341020001,2014-12-20,3204.0,2026-06-02T08:08:12Z,16,Donnée validée,10,Expertisée,20,Bonne,7.332793134,48.728811149,QmnJ
A3410200,A341020001,2014-12-21,2044.0,2026-06-02T08:08:12Z,16,Donnée validée,10,Expertisée,20,Bonne,7.332793134,48.728811149,QmnJ
A3410200,A341020001,2014-12-22,1816.0,2026-06-02T08:08:12Z,16,Donnée validée,10,Expertisée,20,Bonne,7.332793134,48.728811149,QmnJ
A3410200,A341020001,2014-12-23,1661.0,2026-06-02T08:08:12Z,16,Donnée validée,10,Expertisée,20,Bonne,7.332793134,48.728811149,QmnJ
A3410200,A341020001,2014-12-24,1513.0,2026-06-02T08:08:12Z,16,Donnée validée,10,Expertisée,20,Bonne,7.332793134,48.728811149,QmnJ
A3410200,A341020001,2014-12-25,1368.0,2026-06-02T08:08:12Z,16,Donnée validée,10,Expertisée,20,Bonne,7.332793134,48.728811149,QmnJ
A3410200,A341020001,2014-12-26,1258.0,2026-06-02T08:08:12Z,16,Donnée validée,10,Expertisée,20,Bonne,7.332793134,48.728811149,QmnJ
A3410200,A341020001,2014-12-27,1776.0,2026-06-02T08:08:12Z,16,Donnée validée,10,Expertisée,20,Bonne,7.332793134,48.728811149,QmnJ
A3410200,A341020001,2014-12-28,2043.0,2026-06-02T08:08:12Z,16,Donnée validée,10,Expertisée,20,Bonne,7.332793134,48.728811149,QmnJ
A3410200,A341020001,2014-12-29,1510.0,2026-06-02T08:08:12Z,16,Donnée validée,10,Expertisée,20,Bonne,7.332793134,48.728811149,QmnJ
A3410200,A341020001,2014-12-30,1257.0,2026-06-02T08:08:12Z,16,Donnée validée,10,Expertisée,20,Bonne,7.332793134,48.728811149,QmnJ
A3410200,A341020001,2014-12-31,1174.0,2026-06-02T08:08:12Z,16,Donnée validée,10,Expertisée,20,Bonne,7.332793134,48.728811149,QmnJ
A3410200,A341020001,2015-01-01,1174.0,2026-06-02T08:08:12Z,16,Donnée validée,10,Expertisée,20,Bonne,7.332793134,48.728811149,QmnJ
A3410200,A341020001,2015-01-02,1834.0,2026-06-02T08:08:12Z,16,Donnée validée,10,Expertisée,20,Bonne,7.332793134,48.728811149,QmnJ
A3410200,A341020001,2015-01-03,3440.0,2026-06-02T08:08:12Z,16,Donnée validée,10,Expertisée,20,Bonne,7.332793134,48.728811149,QmnJ
A3410200,A341020001,2015-01-04,5261.0,2026-06-02T08:08:12Z,16,Donnée validée,10,Expertisée,20,Bonne,7.332793134,48.728811149,QmnJ
A3410200,A341020001,2015-01-05,3250.0,2026-06-02T08:08:12Z,16,Donnée validée,10,Expertisée,20,Bonne,7.332793134,48.728811149,QmnJ
A3410200,A341020001,2015-01-06,2933.0,2026-06-02T08:08:12Z,16,Donnée validée,10,Expertisée,20,Bonne,7.332793134,48.728811149,QmnJ
A3410200,A341020001,2015-01-07,2658.0,2026-06-02T08:08:12Z,16,Donnée validée,10,Expertisée,20,Bonne,7.332793134,48.728811149,QmnJ
A3410200,A341020001,2015-01-08,2404.0,2026-06-02T08:08:12Z,16,Donnée validée,10,Expertisée,20,Bonne,7.332793134,48.728811149,QmnJ
A3410200,A341020001,2015-01-09,2321.0,2026-06-02T08:08:12Z,16,Donnée validée,10,Expertisée,20,Bonne,7.332793134,48.728811149,QmnJ
A3410200,A341020001,2015-01-10,2632.0,2026-06-02T08:08:12Z,16,Donnée validée,10,Expertisée,20,Bonne,7.332793134,48.728811149,QmnJ
A3410200,A341020001,2015-01-11,4265.0,2026-06-02T08:08:12Z,16,Donnée validée,10,Expertisée,20,Bonne,7.332793134,48.728811149,QmnJ
A3410200,A341020001,2015-01-12,3174.0,2026-06-02T08:08:12Z,16,Donnée validée,10,Expertisée,20,Bonne,7.332793134,48.728811149,QmnJ
A3410200,A341020001,2015-01-13,3066.0,2026-06-02T08:08:12Z,16,Donnée validée,10,Expertisée,20,Bonne,7.332793134,48.728811149,QmnJ
A3410200,A341020001,2015-01-14,3801.0,2026-06-02T08:08:12Z,16,Donnée validée,10,Expertisée,20,Bonne,7.332793134,48.728811149,QmnJ
A3410200,A341020001,2015-01-15,3372.0,2026-06-02T08:08:12Z,16,Donnée validée,10,Expertisée,20,Bonne,7.332793134,48.728811149,QmnJ
A3410200,A341020001,2015-01-16,5475.0,2026-06-02T08:08:12Z,16,Donnée validée,10,Expertisée,20,Bonne,7.332793134,48.728811149,QmnJ
A3410200,A341020001,2015-01-17,5920.0,2026-06-02T08:08:12Z,16,Donnée validée,10,Expertisée,20,Bonne,7.332793134,48.728811149,QmnJ
A3410200,A341020001,2015-01-18,4576.0,2026-06-02T08:08:12Z,16,Donnée validée,10,Expertisée,20,Bonne,7.332793134,48.728811149,QmnJ
A3410200,A341020001,2015-01-19,4193.0,2026-06-02T08:08:12Z,16,Donnée validée,10,Expertisée,20,Bonne,7.332793134,48.728811149,QmnJ
A3410200,A341020001,2015-01-20,3830.0,2026-06-02T08:08:12Z,16,Donnée validée,10,Expertisée,20,Bonne,7.332793134,48.728811149,QmnJ
A3410200,A341020001,2015-01-21,3489.0,2026-06-02T08:08:12Z,16,Donnée validée,10,Expertisée,20,Bonne,7.332793134,48.728811149,QmnJ
A3410200,A341020001,2015-01-22,3165.0,2026-06-02T08:08:12Z,16,Donnée validée,10,Expertisée,20,Bonne,7.332793134,48.728811149,QmnJ
A3410200,A341020001,2015-01-23,2748.0,2026-06-02T08:08:12Z,16,Donnée validée,10,Expertisée,20,Bonne,7.332793134,48.728811149,QmnJ
A3410200,A341020001,2015-01-24,2574.0,2026-06-02T08:08:12Z,16,Donnée validée,10,Expertisée,20,Bonne,7.332793134,48.728811149,QmnJ
A3410200,A341020001,2015-01-25,2395.0,2026-06-02T08:08:12Z,16,Donnée validée,10,Expertisée,20,Bonne,7.332793134,48.728811149,QmnJ
A3410200,A341020001,2015-01-26,2474.0,2026-06-02T08:08:12Z,16,Donnée validée,10,Expertisée,20,Bonne,7.332793134,48.728811149,QmnJ
A3410200,A341020001,2015-01-27,3029.0,2026-06-02T08:08:12Z,16,Donnée validée,10,Expertisée,20,Bonne,7.332793134,48.728811149,QmnJ
A3410200,A341020001,2015-01-28,2570.0,2026-06-02T08:08:12Z,16,Donnée validée,10,Expertisée,20,Bonne,7.332793134,48.728811149,QmnJ
A3410200,A341020001,2015-01-29,3113.0,2026-06-02T08:08:12Z,16,Donnée validée,10,Expertisée,20,Bonne,7.332793134,48.728811149,QmnJ
A3410200,A341020001,2015-01-30,4256.0,2026-06-02T08:08:12Z,16,Donnée validée,10,Expertisée,20,Bonne,7.332793134,48.728811149,QmnJ
A3410200,A341020001,2015-01-31,3564.0,2026-06-02T08:08:12Z,16,Donnée validée,10,Expertisée,20,Bonne,7.332793134,48.728811149,QmnJ
A3410200,A341020001,2015-02-01,3223.0,2026-06-02T08:08:12Z,16,Donnée validée,10,Expertisée,20,Bonne,7.332793134,48.728811149,QmnJ
A3410200,A341020001,2015-02-02,3091.0,2026-06-02T08:08:12Z,16,Donnée validée,10,Expertisée,20,Bonne,7.332793134,48.728811149,QmnJ
A3410200,A341020001,2015-02-03,2743.0,2026-06-02T08:08:12Z,16,Donnée validée,10,Expertisée,20,Bonne,7.332793134,48.728811149,QmnJ
A3410200,A341020001,2015-02-04,2411.0,2026-06-02T08:08:12Z,16,Donnée validée,10,Expertisée,20,Bonne,7.332793134,48.728811149,QmnJ
A3410200,A341020001,2015-02-05,2182.0,2026-06-02T08:08:12Z,16,Donnée validée,10,Expertisée,20,Bonne,7.332793134,48.728811149,QmnJ
A3410200,A341020001,2015-02-06,2034.0,2026-06-02T08:08:12Z,16,Donnée validée,10,Expertisée,20,Bonne,7.332793134,48.728811149,QmnJ
A3410200,A341020001,2015-02-07,1886.0,2026-06-02T08:08:12Z,16,Donnée validée,10,Expertisée,20,Bonne,7.332793134,48.728811149,QmnJ
A3410200,A341020001,2015-02-08,1797.0,2026-06-02T08:08:12Z,16,Donnée validée,10,Expertisée,20,Bonne,7.332793134,48.728811149,QmnJ
A3410200,A341020001,2015-02-09,1721.0,2026-06-02T08:08:12Z,16,Donnée validée,10,Expertisée,20,Bonne,7.332793134,48.728811149,QmnJ
A3410200,A341020001,2015-02-10,1738.0,2026-06-02T08:08:12Z,16,Donnée validée,10,Expertisée,20,Bonne,7.332793134,48.728811149,QmnJ
A3410200,A341020001,2015-02-11,1887.0,2026-06-02T08:08:12Z,16,Donnée validée,10,Expertisée,20,Bonne,7.332793134,48.728811149,QmnJ
A3410200,A341020001,2015-02-12,1965.0,2026-06-02T08:08:12Z,16,Donnée validée,10,Expertisée,20,Bonne,7.332793134,48.728811149,QmnJ
A3410200,A341020001,2015-02-13,1924.0,2026-06-02T08:08:12Z,16,Donnée validée,10,Expertisée,20,Bonne,7.332793134,48.728811149,QmnJ
A3410200,A341020001,2015-02-14,2025.0,2026-06-02T08:08:12Z,16,Donnée validée,10,Expertisée,20,Bonne,7.332793134,48.728811149,QmnJ
A3410200,A341020001,2015-02-15,2043.0,2026-06-02T08:08:12Z,16,Donnée validée,10,Expertisée,20,Bonne,7.332793134,48.728811149,QmnJ
A3410200,A341020001,2015-02-16,1844.0,2026-06-02T08:08:12Z,16,Donnée validée,10,Expertisée,20,Bonne,7.332793134,48.728811149,QmnJ
A3410200,A341020001,2015-02-17,1684.0,2026-06-02T08:08:12Z,16,Donnée validée,10,Expertisée,20,Bonne,7.332793134,48.728811149,QmnJ
A3410200,A341020001,2015-02-18,1532.0,2026-06-02T08:08:12Z,16,Donnée validée,10,Expertisée,20,Bonne,7.332793134,48.728811149,QmnJ
A3410200,A341020001,2015-02-19,1543.0,2026-06-02T08:08:12Z,16,Donnée validée,10,Expertisée,20,Bonne,7.332793134,48.728811149,QmnJ
A3410200,A341020001,2015-02-20,1593.0,2026-06-02T08:08:12Z,16,Donnée validée,10,Expertisée,20,Bonne,7.332793134,48.728811149,QmnJ
A3410200,A341020001,2015-02-21,1816.0,2026-06-02T08:08:12Z,16,Donnée validée,10,Expertisée,20,Bonne,7.332793134,48.728811149,QmnJ
A3410200,A341020001,2015-02-22,1794.0,2026-06-02T08:08:12Z,16,Donnée validée,10,Expertisée,20,Bonne,7.332793134,48.728811149,QmnJ
A3410200,A341020001,2015-02-23,2058.0,2026-06-02T08:08:12Z,16,Donnée validée,10,Expertisée,20,Bonne,7.332793134,48.728811149,QmnJ
A3410200,A341020001,2015-02-24,2166.0,2026-06-02T08:08:12Z,16,Donnée validée,10,Expertisée,20,Bonne,7.332793134,48.728811149,QmnJ
A3410200,A341020001,2015-02-25,1918.0,2026-06-02T08:08:12Z,16,Donnée validée,10,Expertisée,20,Bonne,7.332793134,48.728811149,QmnJ
A3410200,A341020001,2015-02-26,1809.0,2026-06-02T08:08:12Z,16,Donnée validée,10,Expertisée,20,Bonne,7.332793134,48.728811149,QmnJ
A3410200,A341020001,2015-02-27,2998.0,2026-06-02T08:08:12Z,16,Donnée validée,10,Expertisée,20,Bonne,7.332793134,48.728811149,QmnJ
A3410200,A341020001,2015-02-28,2488.0,2026-06-02T08:08:12Z,16,Donnée validée,10,Expertisée,20,Bonne,7.332793134,48.728811149,QmnJ
A3410200,A341020001,2015-03-01,2555.0,2026-06-02T08:08:12Z,16,Donnée validée,10,Expertisée,20,Bonne,7.332793134,48.728811149,QmnJ
A3410200,A341020001,2015-03-02,3784.0,2026-06-02T08:08:12Z,16,Donnée validée,10,Expertisée,20,Bonne,7.332793134,48.728811149,QmnJ
A3410200,A341020001,2015-03-03,3499.0,2026-06-02T08:08:12Z,16,Donnée validée,10,Expertisée,20,Bonne,7.332793134,48.728811149,QmnJ
A3410200,A341020001,2015-03-04,3204.0,2026-06-02T08:08:12Z,16,Donnée validée,10,Expertisée,20,Bonne,7.332793134,48.728811149,QmnJ
A3410200,A341020001,2015-03-05,2978.0,2026-06-02T08:08:12Z,16,Donnée validée,10,Expertisée,20,Bonne,7.332793134,48.728811149,QmnJ
A3410200,A341020001,2015-03-06,2798.0,2026-06-02T08:08:12Z,16,Donnée validée,10,Expertisée,20,Bonne,7.332793134,48.728811149,QmnJ
A3410200,A341020001,2015-03-07,2636.0,2026-06-02T08:08:12Z,16,Donnée validée,10,Expertisée,20,Bonne,7.332793134,48.728811149,QmnJ
A3410200,A341020001,2015-03-08,2618.0,2026-06-02T08:08:12Z,16,Donnée validée,10,Expertisée,20,Bonne,7.332793134,48.728811149,QmnJ
A3410200,A341020001,2015-03-09,2545.0,2026-06-02T08:08:12Z,16,Donnée validée,10,Expertisée,20,Bonne,7.332793134,48.728811149,QmnJ
A3410200,A341020001,2015-03-10,2473.0,2026-06-02T08:08:12Z,16,Donnée validée,10,Expertisée,20,Bonne,7.332793134,48.728811149,QmnJ
A3410200,A341020001,2015-03-11,2066.0,2026-06-02T08:08:12Z,16,Donnée validée,10,Expertisée,20,Bonne,7.332793134,48.728811149,QmnJ
A3410200,A341020001,2015-03-12,2129.0,2026-06-02T08:08:12Z,16,Donnée validée,10,Expertisée,20,Bonne,7.332793134,48.728811149,QmnJ
A3410200,A341020001,2015-03-13,2107.0,2026-06-02T08:08:12Z,16,Donnée validée,10,Expertisée,20,Bonne,7.332793134,48.728811149,QmnJ
A3410200,A341020001,2015-03-14,2067.0,2026-06-02T08:08:12Z,16,Donnée validée,10,Expertisée,20,Bonne,7.332793134,48.728811149,QmnJ
A3410200,A341020001,2015-03-15,2007.0,2026-06-02T08:08:12Z,16,Donnée validée,10,Expertisée,20,Bonne,7.332793134,48.728811149,QmnJ
A3410200,A341020001,2015-03-16,1931.0,2026-06-02T08:08:12Z,16,Donnée validée,10,Expertisée,20,Bonne,7.332793134,48.728811149,QmnJ
A3410200,A341020001,2015-03-17,1848.0,2026-06-02T08:08:12Z,16,Donnée validée,10,Expertisée,20,Bonne,7.332793134,48.728811149,QmnJ
A3410200,A341020001,2015-03-18,1778.0,2026-06-02T08:08:12Z,16,Donnée validée,10,Expertisée,20,Bonne,7.332793134,48.728811149,QmnJ
A3410200,A341020001,2015-03-19,1683.0,2026-06-02T08:08:12Z,16,Donnée validée,10,Expertisée,20,Bonne,7.332793134,48.728811149,QmnJ
A3410200,A341020001,2015-03-20,1672.0,2026-06-02T08:08:12Z,16,Donnée validée,10,Expertisée,20,Bonne,7.332793134,48.728811149,QmnJ
A3410200,A341020001,2015-03-21,1670.0,2026-06-02T08:08:12Z,16,Donnée validée,10,Expertisée,20,Bonne,7.332793134,48.728811149,QmnJ
A3410200,A341020001,2015-03-22,1640.0,2026-06-02T08:08:12Z,16,Donnée validée,10,Expertisée,20,Bonne,7.332793134,48.728811149,QmnJ
A3410200,A341020001,2015-03-23,1603.0,2026-06-02T08:08:12Z,16,Donnée validée,10,Expertisée,20,Bonne,7.332793134,48.728811149,QmnJ
A3410200,A341020001,2015-03-24,1615.0,2026-06-02T08:08:12Z,16,Donnée validée,10,Expertisée,20,Bonne,7.332793134,48.728811149,QmnJ
A3410200,A341020001,2015-03-25,1620.0,2026-06-02T08:08:12Z,16,Donnée validée,10,Expertisée,20,Bonne,7.332793134,48.728811149,QmnJ
A3410200,A341020001,2015-03-26,1561.0,2026-06-02T08:08:12Z,16,Donnée validée,10,Expertisée,20,Bonne,7.332793134,48.728811149,QmnJ
A3410200,A341020001,2015-03-27,1459.0,2026-06-02T08:08:12Z,16,Donnée validée,10,Expertisée,20,Bonne,7.332793134,48.728811149,QmnJ
A3410200,A341020001,2015-03-28,1356.0,2026-06-02T08:08:12Z,16,Donnée validée,10,Expertisée,20,Bonne,7.332793134,48.728811149,QmnJ
A3410200,A341020001,2015-03-29,1635.0,2026-06-02T08:08:12Z,16,Donnée validée,10,Expertisée,20,Bonne,7.332793134,48.728811149,QmnJ
A3410200,A341020001,2015-03-30,2489.0,2026-06-02T08:08:12Z,16,Donnée validée,10,Expertisée,20,Bonne,7.332793134,48.728811149,QmnJ
A3410200,A341020001,2015-03-31,2104.0,2026-06-02T08:08:12Z,16,Donnée validée,10,Expertisée,20,Bonne,7.332793134,48.728811149,QmnJ
A3410200,A341020001,2015-04-01,2269.0,2026-06-02T08:08:12Z,16,Donnée validée,10,Expertisée,20,Bonne,7.332793134,48.728811149,QmnJ
A3410200,A341020001,2015-04-02,3624.0,2026-06-02T08:08:12Z,16,Donnée validée,10,Expertisée,20,Bonne,7.332793134,48.728811149,QmnJ
A3410200,A341020001,2015-04-03,3028.0,2026-06-02T08:08:12Z,16,Donnée validée,10,Expertisée,20,Bonne,7.332793134,48.728811149,QmnJ
A3410200,A341020001,2015-04-04,4185.0,2026-06-02T08:08:12Z,16,Donnée validée,10,Expertisée,20,Bonne,7.332793134,48.728811149,QmnJ
A3410200,A341020001,2015-04-05,3836.0,2026-06-02T08:08:12Z,16,Donnée validée,10,Expertisée,20,Bonne,7.332793134,48.728811149,QmnJ
A3410200,A341020001,2015-04-06,3101.0,2026-06-02T08:08:12Z,16,Donnée validée,10,Expertisée,20,Bonne,7.332793134,48.728811149,QmnJ
A3410200,A341020001,2015-04-07,2626.0,2026-06-02T08:08:12Z,16,Donnée validée,10,Expertisée,20,Bonne,7.332793134,48.728811149,QmnJ
A3410200,A341020001,2015-04-08,2544.0,2026-06-02T08:08:12Z,16,Donnée validée,10,Expertisée,20,Bonne,7.332793134,48.728811149,QmnJ
A3410200,A341020001,2015-04-09,2469.0,2026-06-02T08:08:12Z,16,Donnée validée,10,Expertisée,20,Bonne,7.332793134,48.728811149,QmnJ
A3410200,A341020001,2015-04-10,2419.0,2026-06-02T08:08:12Z,16,Donnée validée,10,Expertisée,20,Bonne,7.332793134,48.728811149,QmnJ
A3410200,A341020001,2015-04-11,2349.0,2026-06-02T08:08:12Z,16,Donnée validée,10,Expertisée,20,Bonne,7.332793134,48.728811149,QmnJ
A3410200,A341020001,2015-04-12,2199.0,2026-06-02T08:08:12Z,16,Donnée validée,10,Expertisée,20,Bonne,7.332793134,48.728811149,QmnJ
A3410200,A341020001,2015-04-13,2088.0,2026-06-02T08:08:12Z,16,Donnée validée,10,Expertisée,20,Bonne,7.332793134,48.728811149,QmnJ
A3410200,A341020001,2015-04-14,2014.0,2026-06-02T08:08:12Z,16,Donnée validée,10,Expertisée,20,Bonne,7.332793134,48.728811149,QmnJ
A3410200,A341020001,2015-04-15,2037.0,2026-06-02T08:08:12Z,16,Donnée validée,10,Expertisée,20,Bonne,7.332793134,48.728811149,QmnJ
A3410200,A341020001,2015-04-16,2060.0,2026-06-02T08:08:12Z,16,Donnée validée,10,Expertisée,20,Bonne,7.332793134,48.728811149,QmnJ
A3410200,A341020001,2015-04-17,2158.0,2026-06-02T08:08:12Z,16,Donnée validée,10,Expertisée,20,Bonne,7.332793134,48.728811149,QmnJ
A3410200,A341020001,2015-04-18,2098.0,2026-06-02T08:08:12Z,16,Donnée validée,10,Expertisée,20,Bonne,7.332793134,48.728811149,QmnJ
A3410200,A341020001,2015-04-19,1954.0,2026-06-02T08:08:12Z,16,Donnée validée,10,Expertisée,20,Bonne,7.332793134,48.728811149,QmnJ
A3410200,A341020001,2015-04-20,1771.0,2026-06-02T08:08:12Z,16,Donnée validée,10,Expertisée,20,Bonne,7.332793134,48.728811149,QmnJ
A3410200,A341020001,2015-04-21,1696.0,2026-06-02T08:08:12Z,16,Donnée validée,10,Expertisée,20,Bonne,7.332793134,48.728811149,QmnJ
A3410200,A341020001,2015-04-22,1649.0,2026-06-02T08:08:12Z,16,Donnée validée,10,Expertisée,20,Bonne,7.332793134,48.728811149,QmnJ
A3410200,A341020001,2015-04-23,1659.0,2026-06-02T08:08:12Z,16,Donnée validée,10,Expertisée,20,Bonne,7.332793134,48.728811149,QmnJ
A3410200,A341020001,2015-04-24,1693.0,2026-06-02T08:08:12Z,16,Donnée validée,10,Expertisée,20,Bonne,7.332793134,48.728811149,QmnJ
A3410200,A341020001,2015-04-25,1780.0,2026-06-02T08:08:12Z,16,Donnée validée,10,Expertisée,20,Bonne,7.332793134,48.728811149,QmnJ
A3410200,A341020001,2015-04-26,1867.0,2026-06-02T08:08:12Z,16,Donnée validée,10,Expertisée,20,Bonne,7.332793134,48.728811149,QmnJ
A3410200,A341020001,2015-04-27,2067.0,2026-06-02T08:08:12Z,16,Donnée validée,10,Expertisée,20,Bonne,7.332793134,48.728811149,QmnJ
A3410200,A341020001,2015-04-28,1889.0,2026-06-02T08:08:12Z,16,Donnée validée,10,Expertisée,20,Bonne,7.332793134,48.728811149,QmnJ
A3410200,A341020001,2015-04-29,1623.0,2026-06-02T08:08:12Z,16,Donnée validée,10,Expertisée,20,Bonne,7.332793134,48.728811149,QmnJ
A3410200,A341020001,2015-04-30,1468.0,2026-06-02T08:08:12Z,16,Donnée validée,10,Expertisée,20,Bonne,7.332793134,48.728811149,QmnJ
A3410200,A341020001,2015-05-01,2616.0,2026-06-02T08:08:12Z,16,Donnée validée,10,Expertisée,20,Bonne,7.332793134,48.728811149,QmnJ
A3410200,A341020001,2015-05-02,2735.0,2026-06-02T08:08:12Z,16,Donnée validée,10,Expertisée,20,Bonne,7.332793134,48.728811149,QmnJ
A3410200,A341020001,2015-05-03,5146.0,2026-06-02T08:08:12Z,16,Donnée validée,10,Expertisée,20,Bonne,7.332793134,48.728811149,QmnJ
A3410200,A341020001,2015-05-04,4547.0,2026-06-02T08:08:12Z,16,Donnée validée,10,Expertisée,20,Bonne,7.332793134,48.728811149,QmnJ
A3410200,A341020001,2015-05-05,3890.0,2026-06-02T08:08:12Z,16,Donnée validée,10,Expertisée,20,Bonne,7.332793134,48.728811149,QmnJ
A3410200,A341020001,2015-05-06,3415.0,2026-06-02T08:08:12Z,16,Donnée validée,10,Expertisée,20,Bonne,7.332793134,48.728811149,QmnJ
A3410200,A341020001,2015-05-07,3130.0,2026-06-02T08:08:12Z,16,Donnée validée,10,Expertisée,20,Bonne,7.332793134,48.728811149,QmnJ
A3410200,A341020001,2015-05-08,2946.0,2026-06-02T08:08:12Z,16,Donnée validée,10,Expertisée,20,Bonne,7.332793134,48.728811149,QmnJ
A3410200,A341020001,2015-05-09,2768.0,2026-06-02T08:08:12Z,16,Donnée validée,10,Expertisée,20,Bonne,7.332793134,48.728811149,QmnJ
A3410200,A341020001,2015-05-10,2529.0,2026-06-02T08:08:12Z,16,Donnée validée,10,Expertisée,20,Bonne,7.332793134,48.728811149,QmnJ
A3410200,A341020001,2015-05-11,2327.0,2026-06-02T08:08:12Z,16,Donnée validée,10,Expertisée,20,Bonne,7.332793134,48.728811149,QmnJ
A3410200,A341020001,2015-05-12,2414.0,2026-06-02T08:08:12Z,16,Donnée validée,10,Expertisée,20,Bonne,7.332793134,48.728811149,QmnJ
A3410200,A341020001,2015-05-13,2322.0,2026-06-02T08:08:12Z,16,Donnée validée,10,Expertisée,20,Bonne,7.332793134,48.728811149,QmnJ
A3410200,A341020001,2015-05-14,2381.0,2026-06-02T08:08:12Z,16,Donnée validée,10,Expertisée,20,Bonne,7.332793134,48.728811149,QmnJ
A3410200,A341020001,2015-05-15,2434.0,2026-06-02T08:08:12Z,16,Donnée validée,10,Expertisée,20,Bonne,7.332793134,48.728811149,QmnJ
A3410200,A341020001,2015-05-16,2114.0,2026-06-02T08:08:12Z,16,Donnée validée,10,Expertisée,20,Bonne,7.332793134,48.728811149,QmnJ
A3410200,A341020001,2015-05-17,1970.0,2026-06-02T08:08:12Z,16,Donnée validée,10,Expertisée,20,Bonne,7.332793134,48.728811149,QmnJ
A3410200,A341020001,2015-05-18,1975.0,2026-06-02T08:08:12Z,16,Donnée validée,10,Expertisée,20,Bonne,7.332793134,48.728811149,QmnJ
A3410200,A341020001,2015-05-19,2003.0,2026-06-02T08:08:12Z,16,Donnée validée,10,Expertisée,20,Bonne,7.332793134,48.728811149,QmnJ
A3410200,A341020001,2015-05-20,1959.0,2026-06-02T08:08:12Z,16,Donnée validée,10,Expertisée,20,Bonne,7.332793134,48.728811149,QmnJ
A3410200,A341020001,2015-05-21,1783.0,2026-06-02T08:08:12Z,16,Donnée validée,10,Expertisée,20,Bonne,7.332793134,48.728811149,QmnJ
A3410200,A341020001,2015-05-22,1654.0,2026-06-02T08:08:12Z,16,Donnée validée,10,Expertisée,20,Bonne,7.332793134,48.728811149,QmnJ
A3410200,A341020001,2015-05-23,1609.0,2026-06-02T08:08:12Z,16,Donnée validée,10,Expertisée,20,Bonne,7.332793134,48.728811149,QmnJ
A3410200,A341020001,2015-05-24,1634.0,2026-06-02T08:08:12Z,16,Donnée validée,10,Expertisée,20,Bonne,7.332793134,48.728811149,QmnJ
A3410200,A341020001,2015-05-25,1573.0,2026-06-02T08:08:12Z,16,Donnée validée,10,Expertisée,20,Bonne,7.332793134,48.728811149,QmnJ
A3410200,A341020001,2015-05-26,1520.0,2026-06-02T08:08:12Z,16,Donnée validée,10,Expertisée,20,Bonne,7.332793134,48.728811149,QmnJ
A3410200,A341020001,2015-05-27,1437.0,2026-06-02T08:08:12Z,16,Donnée validée,10,Expertisée,20,Bonne,7.332793134,48.728811149,QmnJ
A3410200,A341020001,2015-05-28,1377.0,2026-06-02T08:08:12Z,16,Donnée validée,10,Expertisée,20,Bonne,7.332793134,48.728811149,QmnJ
A3410200,A341020001,2015-05-29,1438.0,2026-06-02T08:08:12Z,16,Donnée validée,10,Expertisée,20,Bonne,7.332793134,48.728811149,QmnJ
A3410200,A341020001,2015-05-30,1499.0,2026-06-02T08:08:12Z,16,Donnée validée,10,Expertisée,20,Bonne,7.332793134,48.728811149,QmnJ
A3410200,A341020001,2015-05-31,1385.0,2026-06-02T08:08:12Z,16,Donnée validée,10,Expertisée,20,Bonne,7.332793134,48.728811149,QmnJ
A3410200,A341020001,2015-06-01,1590.0,2026-06-02T08:08:12Z,16,Donnée validée,10,Expertisée,20,Bonne,7.332793134,48.728811149,QmnJ
A3410200,A341020001,2015-06-02,1521.0,2026-06-02T08:08:12Z,16,Donnée validée,10,Expertisée,20,Bonne,7.332793134,48.728811149,QmnJ
A3410200,A341020001,2015-06-03,1476.0,2026-06-02T08:08:12Z,16,Donnée validée,10,Expertisée,20,Bonne,7.332793134,48.728811149,QmnJ
A3410200,A341020001,2015-06-04,1352.0,2026-06-02T08:08:12Z,16,Donnée validée,10,Expertisée,20,Bonne,7.332793134,48.728811149,QmnJ
A3410200,A341020001,2015-06-05,1210.0,2026-06-02T08:08:12Z,16,Donnée validée,10,Expertisée,20,Bonne,7.332793134,48.728811149,QmnJ
A3410200,A341020001,2015-06-06,1284.0,2026-06-02T08:08:12Z,16,Donnée validée,10,Expertisée,20,Bonne,7.332793134,48.728811149,QmnJ
A3410200,A341020001,2015-06-07,1242.0,2026-06-02T08:08:12Z,16,Donnée validée,10,Expertisée,20,Bonne,7.332793134,48.728811149,QmnJ
A3410200,A341020001,2015-06-08,1440.0,2026-06-02T08:08:12Z,16,Donnée validée,10,Expertisée,20,Bonne,7.332793134,48.728811149,QmnJ
A3410200,A341020001,2015-06-09,1217.0,2026-06-02T08:08:12Z,16,Donnée validée,10,Expertisée,20,Bonne,7.332793134,48.728811149,QmnJ
A3410200,A341020001,2015-06-10,1240.0,2026-06-02T08:08:12Z,16,Donnée validée,10,Expertisée,20,Bonne,7.332793134,48.728811149,QmnJ
A3410200,A341020001,2015-06-11,1241.0,2026-06-02T08:08:12Z,16,Donnée validée,10,Expertisée,20,Bonne,7.332793134,48.728811149,QmnJ
A3410200,A341020001,2015-06-12,1230.0,2026-06-02T08:08:12Z,16,Donnée validée,10,Expertisée,20,Bonne,7.332793134,48.728811149,QmnJ
A3410200,A341020001,2015-06-13,1272.0,2026-06-02T08:08:12Z,16,Donnée validée,10,Expertisée,20,Bonne,7.332793134,48.728811149,QmnJ
A3410200,A341020001,2015-06-14,1228.0,2026-06-02T08:08:12Z,16,Donnée validée,10,Expertisée,20,Bonne,7.332793134,48.728811149,QmnJ
A3410200,A341020001,2015-06-15,1217.0,2026-06-02T08:08:12Z,16,Donnée validée,10,Expertisée,20,Bonne,7.332793134,48.728811149,QmnJ
A3410200,A341020001,2015-06-16,1239.0,2026-06-02T08:08:12Z,16,Donnée validée,10,Expertisée,20,Bonne,7.332793134,48.728811149,QmnJ
A3410200,A341020001,2015-06-17,1129.0,2026-06-02T08:08:12Z,16,Donnée validée,10,Expertisée,20,Bonne,7.332793134,48.728811149,QmnJ
A3410200,A341020001,2015-06-18,1215.0,2026-06-02T08:08:12Z,16,Donnée validée,10,Expertisée,20,Bonne,7.332793134,48.728811149,QmnJ
A3410200,A341020001,2015-06-19,1214.0,2026-06-02T08:08:12Z,16,Donnée validée,10,Expertisée,20,Bonne,7.332793134,48.728811149,QmnJ
A3410200,A341020001,2015-06-20,1193.0,2026-06-02T08:08:12Z,16,Donnée validée,10,Expertisée,20,Bonne,7.332793134,48.728811149,QmnJ
A3410200,A341020001,2015-06-21,1309.0,2026-06-02T08:08:12Z,16,Donnée validée,10,Expertisée,20,Bonne,7.332793134,48.728811149,QmnJ
A3410200,A341020001,2015-06-22,1498.0,2026-06-02T08:08:12Z,16,Donnée validée,10,Expertisée,20,Bonne,7.332793134,48.728811149,QmnJ
A3410200,A341020001,2015-06-23,1809.0,2026-06-02T08:08:12Z,16,Donnée validée,10,Expertisée,20,Bonne,7.332793134,48.728811149,QmnJ
A3410200,A341020001,2015-06-24,1180.0,2026-06-02T08:08:12Z,16,Donnée validée,10,Expertisée,20,Bonne,7.332793134,48.728811149,QmnJ
A3410200,A341020001,2015-06-25,1064.0,2026-06-02T08:08:12Z,16,Donnée validée,10,Expertisée,20,Bonne,7.332793134,48.728811149,QmnJ
A3410200,A341020001,2015-06-26,987.0,2026-06-02T08:08:12Z,16,Donnée validée,10,Expertisée,20,Bonne,7.332793134,48.728811149,QmnJ
A3410200,A341020001,2015-06-27,995.0,2026-06-02T08:08:12Z,16,Donnée validée,10,Expertisée,20,Bonne,7.332793134,48.728811149,QmnJ
A3410200,A341020001,2015-06-28,922.0,2026-06-02T08:08:12Z,16,Donnée validée,10,Expertisée,20,Bonne,7.332793134,48.728811149,QmnJ
A3410200,A341020001,2015-06-29,893.0,2026-06-02T08:08:12Z,16,Donnée validée,10,Expertisée,20,Bonne,7.332793134,48.728811149,QmnJ
A3410200,A341020001,2015-06-30,863.0,2026-06-02T08:08:12Z,16,Donnée validée,10,Expertisée,20,Bonne,7.332793134,48.728811149,QmnJ
A3410200,A341020001,2015-07-01,838.0,2026-06-02T08:08:12Z,16,Donnée validée,10,Expertisée,20,Bonne,7.332793134,48.728811149,QmnJ
A3410200,A341020001,2015-07-02,855.0,2026-06-02T08:08:12Z,16,Donnée validée,10,Expertisée,20,Bonne,7.332793134,48.728811149,QmnJ
A3410200,A341020001,2015-07-03,829.0,2026-06-02T08:08:12Z,16,Donnée validée,10,Expertisée,20,Bonne,7.332793134,48.728811149,QmnJ
A3410200,A341020001,2015-07-04,805.0,2026-06-02T08:08:12Z,16,Donnée validée,10,Expertisée,20,Bonne,7.332793134,48.728811149,QmnJ
A3410200,A341020001,2015-07-05,846.0,2026-06-02T08:08:12Z,16,Donnée validée,10,Expertisée,20,Bonne,7.332793134,48.728811149,QmnJ
A3410200,A341020001,2015-07-06,856.0,2026-06-02T08:08:12Z,16,Donnée validée,10,Expertisée,20,Bonne,7.332793134,48.728811149,QmnJ
A3410200,A341020001,2015-07-07,855.0,2026-06-02T08:08:12Z,16,Donnée validée,10,Expertisée,20,Bonne,7.332793134,48.728811149,QmnJ
A3410200,A341020001,2015-07-08,957.0,2026-06-02T08:08:12Z,16,Donnée validée,10,Expertisée,20,Bonne,7.332793134,48.728811149,QmnJ
A3410200,A341020001,2015-07-09,868.0,2026-06-02T08:08:12Z,16,Donnée validée,10,Expertisée,20,Bonne,7.332793134,48.728811149,QmnJ
A3410200,A341020001,2015-07-10,793.0,2026-06-02T08:08:12Z,16,Donnée validée,10,Expertisée,20,Bonne,7.332793134,48.728811149,QmnJ
A3410200,A341020001,2015-07-11,833.0,2026-06-02T08:08:12Z,16,Donnée validée,10,Expertisée,20,Bonne,7.332793134,48.728811149,QmnJ
A3410200,A341020001,2015-07-12,812.0,2026-06-02T08:08:12Z,16,Donnée validée,10,Expertisée,20,Bonne,7.332793134,48.728811149,QmnJ
A3410200,A341020001,2015-07-13,826.0,2026-06-02T08:08:12Z,16,Donnée validée,10,Expertisée,20,Bonne,7.332793134,48.728811149,QmnJ
A3410200,A341020001,2015-07-14,810.0,2026-06-02T08:08:12Z,16,Donnée validée,10,Expertisée,20,Bonne,7.332793134,48.728811149,QmnJ
A3410200,A341020001,2015-07-15,813.0,2026-06-02T08:08:12Z,16,Donnée validée,10,Expertisée,20,Bonne,7.332793134,48.728811149,QmnJ
A3410200,A341020001,2015-07-16,796.0,2026-06-02T08:08:12Z,16,Donnée validée,10,Expertisée,20,Bonne,7.332793134,48.728811149,QmnJ
A3410200,A341020001,2015-07-17,817.0,2026-06-02T08:08:12Z,16,Donnée validée,10,Expertisée,20,Bonne,7.332793134,48.728811149,QmnJ
A3410200,A341020001,2015-07-18,869.0,2026-06-02T08:08:12Z,16,Donnée validée,10,Expertisée,20,Bonne,7.332793134,48.728811149,QmnJ
A3410200,A341020001,2015-07-19,886.0,2026-06-02T08:08:12Z,16,Donnée validée,10,Expertisée,20,Bonne,7.332793134,48.728811149,QmnJ
A3410200,A341020001,2015-07-20,855.0,2026-06-02T08:08:12Z,16,Donnée validée,10,Expertisée,20,Bonne,7.332793134,48.728811149,QmnJ
A3410200,A341020001,2015-07-21,836.0,2026-06-02T08:08:12Z,16,Donnée validée,10,Expertisée,20,Bonne,7.332793134,48.728811149,QmnJ
A3410200,A341020001,2015-07-22,841.0,2026-06-02T08:08:12Z,16,Donnée validée,10,Expertisée,20,Bonne,7.332793134,48.728811149,QmnJ
A3410200,A341020001,2015-07-23,825.0,2026-06-02T08:08:12Z,16,Donnée validée,10,Expertisée,20,Bonne,7.332793134,48.728811149,QmnJ
A3410200,A341020001,2015-07-24,833.0,2026-06-02T08:08:12Z,16,Donnée validée,10,Expertisée,20,Bonne,7.332793134,48.728811149,QmnJ
A3410200,A341020001,2015-07-25,883.0,2026-06-02T08:08:12Z,16,Donnée validée,10,Expertisée,20,Bonne,7.332793134,48.728811149,QmnJ
A3410200,A341020001,2015-07-26,875.0,2026-06-02T08:08:12Z,16,Donnée validée,10,Expertisée,20,Bonne,7.332793134,48.728811149,QmnJ
A3410200,A341020001,2015-07-27,873.0,2026-06-02T08:08:12Z,16,Donnée validée,10,Expertisée,20,Bonne,7.332793134,48.728811149,QmnJ
A3410200,A341020001,2015-07-28,859.0,2026-06-02T08:08:12Z,16,Donnée validée,10,Expertisée,20,Bonne,7.332793134,48.728811149,QmnJ
A3410200,A341020001,2015-07-29,952.0,2026-06-02T08:08:12Z,16,Donnée validée,10,Expertisée,20,Bonne,7.332793134,48.728811149,QmnJ
A3410200,A341020001,2015-07-30,896.0,2026-06-02T08:08:12Z,16,Donnée validée,10,Expertisée,20,Bonne,7.332793134,48.728811149,QmnJ
A3410200,A341020001,2015-07-31,843.0,2026-06-02T08:08:12Z,16,Donnée validée,10,Expertisée,20,Bonne,7.332793134,48.728811149,QmnJ
A3410200,A341020001,2015-08-01,827.0,2026-06-02T08:08:12Z,16,Donnée validée,10,Expertisée,20,Bonne,7.332793134,48.728811149,QmnJ
A3410200,A341020001,2015-08-02,802.0,2026-06-02T08:08:12Z,16,Donnée validée,10,Expertisée,20,Bonne,7.332793134,48.728811149,QmnJ
A3410200,A341020001,2015-08-03,780.0,2026-06-02T08:08:12Z,16,Donnée validée,10,Expertisée,20,Bonne,7.332793134,48.728811149,QmnJ
A3410200,A341020001,2015-08-04,829.0,2026-06-02T08:08:12Z,16,Donnée validée,10,Expertisée,20,Bonne,7.332793134,48.728811149,QmnJ
A3410200,A341020001,2015-08-05,821.0,2026-06-02T08:08:12Z,16,Donnée validée,10,Expertisée,20,Bonne,7.332793134,48.728811149,QmnJ
A3410200,A341020001,2015-08-06,759.0,2026-06-02T08:08:12Z,16,Donnée validée,10,Expertisée,20,Bonne,7.332793134,48.728811149,QmnJ
A3410200,A341020001,2015-08-07,742.0,2026-06-02T08:08:12Z,16,Donnée validée,10,Expertisée,20,Bonne,7.332793134,48.728811149,QmnJ
A3410200,A341020001,2015-08-08,748.0,2026-06-02T08:08:12Z,16,Donnée validée,10,Expertisée,20,Bonne,7.332793134,48.728811149,QmnJ
A3410200,A341020001,2015-08-09,877.0,2026-06-02T08:08:12Z,16,Donnée validée,10,Expertisée,20,Bonne,7.332793134,48.728811149,QmnJ
A3410200,A341020001,2015-08-10,1314.0,2026-06-02T08:08:12Z,16,Donnée validée,10,Expertisée,20,Bonne,7.332793134,48.728811149,QmnJ
A3410200,A341020001,2015-08-11,808.0,2026-06-02T08:08:12Z,16,Donnée validée,10,Expertisée,20,Bonne,7.332793134,48.728811149,QmnJ
A3410200,A341020001,2015-08-12,790.0,2026-06-02T08:08:12Z,16,Donnée validée,10,Expertisée,20,Bonne,7.332793134,48.728811149,QmnJ
A3410200,A341020001,2015-08-13,838.0,2026-06-02T08:08:12Z,16,Donnée validée,10,Expertisée,20,Bonne,7.332793134,48.728811149,QmnJ
A3410200,A341020001,2015-08-14,1110.0,2026-06-02T08:08:12Z,16,Donnée validée,10,Expertisée,20,Bonne,7.332793134,48.728811149,QmnJ
A3410200,A341020001,2015-08-15,857.0,2026-06-02T08:08:12Z,16,Donnée validée,10,Expertisée,20,Bonne,7.332793134,48.728811149,QmnJ
A3410200,A341020001,2015-08-16,859.0,2026-06-02T08:08:12Z,16,Donnée validée,10,Expertisée,20,Bonne,7.332793134,48.728811149,QmnJ
A3410200,A341020001,2015-08-17,840.0,2026-06-02T08:08:12Z,16,Donnée validée,10,Expertisée,20,Bonne,7.332793134,48.728811149,QmnJ
A3410200,A341020001,2015-08-18,806.0,2026-06-02T08:08:12Z,16,Donnée validée,10,Expertisée,20,Bonne,7.332793134,48.728811149,QmnJ
A3410200,A341020001,2015-08-19,780.0,2026-06-02T08:08:12Z,16,Donnée validée,10,Expertisée,20,Bonne,7.332793134,48.728811149,QmnJ
A3410200,A341020001,2015-08-20,767.0,2026-06-02T08:08:12Z,16,Donnée validée,10,Expertisée,20,Bonne,7.332793134,48.728811149,QmnJ
A3410200,A341020001,2015-08-21,760.0,2026-06-02T08:08:12Z,16,Donnée validée,10,Expertisée,20,Bonne,7.332793134,48.728811149,QmnJ
A3410200,A341020001,2015-08-22,757.0,2026-06-02T08:08:12Z,16,Donnée validée,10,Expertisée,20,Bonne,7.332793134,48.728811149,QmnJ
A3410200,A341020001,2015-08-23,801.0,2026-06-02T08:08:12Z,16,Donnée validée,10,Expertisée,20,Bonne,7.332793134,48.728811149,QmnJ
A3410200,A341020001,2015-08-24,995.0,2026-06-02T08:08:12Z,16,Donnée validée,10,Expertisée,20,Bonne,7.332793134,48.728811149,QmnJ
A3410200,A341020001,2015-08-25,823.0,2026-06-02T08:08:12Z,16,Donnée validée,10,Expertisée,20,Bonne,7.332793134,48.728811149,QmnJ
A3410200,A341020001,2015-08-26,785.0,2026-06-02T08:08:12Z,16,Donnée validée,10,Expertisée,20,Bonne,7.332793134,48.728811149,QmnJ
A3410200,A341020001,2015-08-27,773.0,2026-06-02T08:08:12Z,16,Donnée validée,10,Expertisée,20,Bonne,7.332793134,48.728811149,QmnJ
A3410200,A341020001,2015-08-28,841.0,2026-06-02T08:08:12Z,16,Donnée validée,10,Expertisée,20,Bonne,7.332793134,48.728811149,QmnJ
A3410200,A341020001,2015-08-29,812.0,2026-06-02T08:08:12Z,16,Donnée validée,10,Expertisée,20,Bonne,7.332793134,48.728811149,QmnJ
A3410200,A341020001,2015-08-30,765.0,2026-06-02T08:08:12Z,16,Donnée validée,10,Expertisée,20,Bonne,7.332793134,48.728811149,QmnJ
A3410200,A341020001,2015-08-31,745.0,2026-06-02T08:08:12Z,16,Donnée validée,10,Expertisée,20,Bonne,7.332793134,48.728811149,QmnJ
A3410200,A341020001,2015-09-01,840.0,2026-06-02T08:08:12Z,16,Donnée validée,10,Expertisée,20,Bonne,7.332793134,48.728811149,QmnJ
A3410200,A341020001,2015-09-02,815.0,2026-06-02T08:08:12Z,16,Donnée validée,10,Expertisée,20,Bonne,7.332793134,48.728811149,QmnJ
A3410200,A341020001,2015-09-03,764.0,2026-06-02T08:08:12Z,16,Donnée validée,10,Expertisée,20,Bonne,7.332793134,48.728811149,QmnJ
A3410200,A341020001,2015-09-04,750.0,2026-06-02T08:08:12Z,16,Donnée validée,10,Expertisée,20,Bonne,7.332793134,48.728811149,QmnJ
A3410200,A341020001,2015-09-05,763.0,2026-06-02T08:08:12Z,16,Donnée validée,10,Expertisée,20,Bonne,7.332793134,48.728811149,QmnJ
A3410200,A341020001,2015-09-06,767.0,2026-06-02T08:08:12Z,16,Donnée validée,10,Expertisée,20,Bonne,7.332793134,48.728811149,QmnJ
A3410200,A341020001,2015-09-07,750.0,2026-06-02T08:08:12Z,16,Donnée validée,10,Expertisée,20,Bonne,7.332793134,48.728811149,QmnJ
A3410200,A341020001,2015-09-08,736.0,2026-06-02T08:08:12Z,16,Donnée validée,10,Expertisée,20,Bonne,7.332793134,48.728811149,QmnJ
A3410200,A341020001,2015-09-09,730.0,2026-06-02T08:08:12Z,16,Donnée validée,10,Expertisée,20,Bonne,7.332793134,48.728811149,QmnJ
A3410200,A341020001,2015-09-10,693.0,2026-06-02T08:08:12Z,16,Donnée validée,10,Expertisée,20,Bonne,7.332793134,48.728811149,QmnJ
A3410200,A341020001,2015-09-11,673.0,2026-06-02T08:08:12Z,16,Donnée validée,10,Expertisée,20,Bonne,7.332793134,48.728811149,QmnJ
A3410200,A341020001,2015-09-12,664.0,2026-06-02T08:08:12Z,16,Donnée validée,10,Expertisée,20,Bonne,7.332793134,48.728811149,QmnJ
A3410200,A341020001,2015-09-13,704.0,2026-06-02T08:08:12Z,16,Donnée validée,10,Expertisée,20,Bonne,7.332793134,48.728811149,QmnJ
A3410200,A341020001,2015-09-14,841.0,2026-06-02T08:08:12Z,16,Donnée validée,10,Expertisée,20,Bonne,7.332793134,48.728811149,QmnJ
A3410200,A341020001,2015-09-15,797.0,2026-06-02T08:08:12Z,16,Donnée validée,10,Expertisée,20,Bonne,7.332793134,48.728811149,QmnJ
A3410200,A341020001,2015-09-16,771.0,2026-06-02T08:08:12Z,16,Donnée validée,10,Expertisée,20,Bonne,7.332793134,48.728811149,QmnJ
A3410200,A341020001,2015-09-17,1670.0,2026-06-02T08:08:12Z,16,Donnée validée,10,Expertisée,20,Bonne,7.332793134,48.728811149,QmnJ
A3410200,A341020001,2015-09-18,860.0,2026-06-02T08:08:12Z,16,Donnée validée,10,Expertisée,20,Bonne,7.332793134,48.728811149,QmnJ
A3410200,A341020001,2015-09-19,815.0,2026-06-02T08:08:12Z,16,Donnée validée,10,Expertisée,20,Bonne,7.332793134,48.728811149,QmnJ
A3410200,A341020001,2015-09-20,773.0,2026-06-02T08:08:12Z,16,Donnée validée,10,Expertisée,20,Bonne,7.332793134,48.728811149,QmnJ
A3410200,A341020001,2015-09-21,730.0,2026-06-02T08:08:12Z,16,Donnée validée,10,Expertisée,20,Bonne,7.332793134,48.728811149,QmnJ
A3410200,A341020001,2015-09-22,810.0,2026-06-02T08:08:12Z,16,Donnée validée,10,Expertisée,20,Bonne,7.332793134,48.728811149,QmnJ
A3410200,A341020001,2015-09-23,832.0,2026-06-02T08:08:12Z,16,Donnée validée,10,Expertisée,12,Douteuse,7.332793134,48.728811149,QmnJ
A3410200,A341020001,2015-09-24,756.0,2026-06-02T08:08:12Z,16,Donnée validée,10,Expertisée,12,Douteuse,7.332793134,48.728811149,QmnJ
A3410200,A341020001,2015-09-25,723.0,2026-06-02T08:08:12Z,16,Donnée validée,10,Expertisée,20,Bonne,7.332793134,48.728811149,QmnJ
A3410200,A341020001,2015-09-26,672.0,2026-06-02T08:08:12Z,16,Donnée validée,10,Expertisée,20,Bonne,7.332793134,48.728811149,QmnJ
A3410200,A341020001,2015-09-27,673.0,2026-06-02T08:08:12Z,16,Donnée validée,10,Expertisée,20,Bonne,7.332793134,48.728811149,QmnJ
A3410200,A341020001,2015-09-28,676.0,2026-06-02T08:08:12Z,16,Donnée validée,10,Expertisée,20,Bonne,7.332793134,48.728811149,QmnJ
A3410200,A341020001,2015-09-29,690.0,2026-06-02T08:08:12Z,16,Donnée validée,10,Expertisée,20,Bonne,7.332793134,48.728811149,QmnJ
A3410200,A341020001,2015-09-30,684.0,2026-06-02T08:08:12Z,16,Donnée validée,10,Expertisée,20,Bonne,7.332793134,48.728811149,QmnJ
A3410200,A341020001,2015-10-01,684.0,2026-06-02T08:08:12Z,16,Donnée validée,10,Expertisée,20,Bonne,7.332793134,48.728811149,QmnJ
A3410200,A341020001,2015-10-02,701.0,2026-06-02T08:08:12Z,16,Donnée validée,10,Expertisée,20,Bonne,7.332793134,48.728811149,QmnJ
A3410200,A341020001,2015-10-03,697.0,2026-06-02T08:08:12Z,16,Donnée validée,10,Expertisée,20,Bonne,7.332793134,48.728811149,QmnJ
A3410200,A341020001,2015-10-04,781.0,2026-06-02T08:08:12Z,16,Donnée validée,10,Expertisée,20,Bonne,7.332793134,48.728811149,QmnJ
A3410200,A341020001,2015-10-05,803.0,2026-06-02T08:08:12Z,16,Donnée validée,10,Expertisée,20,Bonne,7.332793134,48.728811149,QmnJ
A3410200,A341020001,2015-10-06,1007.0,2026-06-02T08:08:12Z,16,Donnée validée,10,Expertisée,20,Bonne,7.332793134,48.728811149,QmnJ
A3410200,A341020001,2015-10-07,828.0,2026-06-02T08:08:12Z,16,Donnée validée,10,Expertisée,20,Bonne,7.332793134,48.728811149,QmnJ
A3410200,A341020001,2015-10-08,764.0,2026-06-02T08:08:12Z,16,Donnée validée,10,Expertisée,20,Bonne,7.332793134,48.728811149,QmnJ
A3410200,A341020001,2015-10-09,683.0,2026-06-02T08:08:12Z,16,Donnée validée,10,Expertisée,20,Bonne,7.332793134,48.728811149,QmnJ
A3410200,A341020001,2015-10-10,742.0,2026-06-02T08:08:12Z,16,Donnée validée,10,Expertisée,20,Bonne,7.332793134,48.728811149,QmnJ
A3410200,A341020001,2015-10-11,746.0,2026-06-02T08:08:12Z,16,Donnée validée,10,Expertisée,20,Bonne,7.332793134,48.728811149,QmnJ
A3410200,A341020001,2015-10-12,762.0,2026-06-02T08:08:12Z,16,Donnée validée,10,Expertisée,20,Bonne,7.332793134,48.728811149,QmnJ
A3410200,A341020001,2015-10-13,725.0,2026-06-02T08:08:12Z,16,Donnée validée,10,Expertisée,20,Bonne,7.332793134,48.728811149,QmnJ
A3410200,A341020001,2015-10-14,757.0,2026-06-02T08:08:12Z,16,Donnée validée,10,Expertisée,20,Bonne,7.332793134,48.728811149,QmnJ
A3410200,A341020001,2015-10-15,774.0,2026-06-02T08:08:12Z,16,Donnée validée,10,Expertisée,20,Bonne,7.332793134,48.728811149,QmnJ
A3410200,A341020001,2015-10-16,758.0,2026-06-02T08:08:12Z,16,Donnée validée,10,Expertisée,20,Bonne,7.332793134,48.728811149,QmnJ
A3410200,A341020001,2015-10-17,761.0,2026-06-02T08:08:12Z,16,Donnée validée,10,Expertisée,20,Bonne,7.332793134,48.728811149,QmnJ
A3410200,A341020001,2015-10-18,780.0,2026-06-02T08:08:12Z,16,Donnée validée,10,Expertisée,20,Bonne,7.332793134,48.728811149,QmnJ
A3410200,A341020001,2015-10-19,787.0,2026-06-02T08:08:12Z,16,Donnée validée,10,Expertisée,20,Bonne,7.332793134,48.728811149,QmnJ
A3410200,A341020001,2015-10-20,781.0,2026-06-02T08:08:12Z,16,Donnée validée,10,Expertisée,20,Bonne,7.332793134,48.728811149,QmnJ
A3410200,A341020001,2015-10-21,763.0,2026-06-02T08:08:12Z,16,Donnée validée,10,Expertisée,20,Bonne,7.332793134,48.728811149,QmnJ
A3410200,A341020001,2015-10-22,763.0,2026-06-02T08:08:12Z,16,Donnée validée,10,Expertisée,20,Bonne,7.332793134,48.728811149,QmnJ
A3410200,A341020001,2015-10-23,772.0,2026-06-02T08:08:12Z,16,Donnée validée,10,Expertisée,20,Bonne,7.332793134,48.728811149,QmnJ
A3410200,A341020001,2015-10-24,744.0,2026-06-02T08:08:12Z,16,Donnée validée,10,Expertisée,20,Bonne,7.332793134,48.728811149,QmnJ
A3410200,A341020001,2015-10-25,744.0,2026-06-02T08:08:12Z,16,Donnée validée,10,Expertisée,20,Bonne,7.332793134,48.728811149,QmnJ
A3410200,A341020001,2015-10-26,867.0,2026-06-02T08:08:12Z,16,Donnée validée,10,Expertisée,20,Bonne,7.332793134,48.728811149,QmnJ
A3410200,A341020001,2015-10-27,1034.0,2026-06-02T08:08:12Z,16,Donnée validée,10,Expertisée,20,Bonne,7.332793134,48.728811149,QmnJ
A3410200,A341020001,2015-10-28,760.0,2026-06-02T08:08:12Z,16,Donnée validée,10,Expertisée,20,Bonne,7.332793134,48.728811149,QmnJ
A3410200,A341020001,2015-10-29,776.0,2026-06-02T08:08:12Z,16,Donnée validée,10,Expertisée,20,Bonne,7.332793134,48.728811149,QmnJ
A3410200,A341020001,2015-10-30,718.0,2026-06-02T08:08:12Z,16,Donnée validée,10,Expertisée,20,Bonne,7.332793134,48.728811149,QmnJ
A3410200,A341020001,2015-10-31,716.0,2026-06-02T08:08:12Z,16,Donnée validée,10,Expertisée,20,Bonne,7.332793134,48.728811149,QmnJ
A3410200,A341020001,2015-11-01,700.0,2026-06-02T08:08:12Z,16,Donnée validée,10,Expertisée,20,Bonne,7.332793134,48.728811149,QmnJ
A3410200,A341020001,2015-11-02,682.0,2026-06-02T08:08:12Z,16,Donnée validée,10,Expertisée,20,Bonne,7.332793134,48.728811149,QmnJ
A3410200,A341020001,2015-11-03,675.0,2026-06-02T08:08:12Z,16,Donnée validée,10,Expertisée,20,Bonne,7.332793134,48.728811149,QmnJ
A3410200,A341020001,2015-11-04,669.0,2026-06-02T08:08:12Z,16,Donnée validée,10,Expertisée,20,Bonne,7.332793134,48.728811149,QmnJ
A3410200,A341020001,2015-11-05,675.0,2026-06-02T08:08:12Z,16,Donnée validée,10,Expertisée,20,Bonne,7.332793134,48.728811149,QmnJ
A3410200,A341020001,2015-11-06,677.0,2026-06-02T08:08:12Z,16,Donnée validée,10,Expertisée,20,Bonne,7.332793134,48.728811149,QmnJ
A3410200,A341020001,2015-11-07,644.0,2026-06-02T08:08:12Z,16,Donnée validée,10,Expertisée,20,Bonne,7.332793134,48.728811149,QmnJ
A3410200,A341020001,2015-11-08,664.0,2026-06-02T08:08:12Z,16,Donnée validée,10,Expertisée,20,Bonne,7.332793134,48.728811149,QmnJ
A3410200,A341020001,2015-11-09,671.0,2026-06-02T08:08:12Z,16,Donnée validée,10,Expertisée,20,Bonne,7.332793134,48.728811149,QmnJ
A3410200,A341020001,2015-11-10,657.0,2026-06-02T08:08:12Z,16,Donnée validée,10,Expertisée,20,Bonne,7.332793134,48.728811149,QmnJ
A3410200,A341020001,2015-11-11,641.0,2026-06-02T08:08:12Z,16,Donnée validée,10,Expertisée,20,Bonne,7.332793134,48.728811149,QmnJ
A3410200,A341020001,2015-11-12,622.0,2026-06-02T08:08:12Z,16,Donnée validée,10,Expertisée,20,Bonne,7.332793134,48.728811149,QmnJ
A3410200,A341020001,2015-11-13,597.0,2026-06-02T08:08:12Z,16,Donnée validée,10,Expertisée,20,Bonne,7.332793134,48.728811149,QmnJ
A3410200,A341020001,2015-11-14,637.0,2026-06-02T08:08:12Z,16,Donnée validée,10,Expertisée,20,Bonne,7.332793134,48.728811149,QmnJ
A3410200,A341020001,2015-11-15,672.0,2026-06-02T08:08:12Z,16,Donnée validée,10,Expertisée,20,Bonne,7.332793134,48.728811149,QmnJ
A3410200,A341020001,2015-11-16,699.0,2026-06-02T08:08:12Z,16,Donnée validée,10,Expertisée,20,Bonne,7.332793134,48.728811149,QmnJ
A3410200,A341020001,2015-11-17,721.0,2026-06-02T08:08:12Z,16,Donnée validée,10,Expertisée,20,Bonne,7.332793134,48.728811149,QmnJ
A3410200,A341020001,2015-11-18,714.0,2026-06-02T08:08:12Z,16,Donnée validée,10,Expertisée,20,Bonne,7.332793134,48.728811149,QmnJ
A3410200,A341020001,2015-11-19,713.0,2026-06-02T08:08:12Z,16,Donnée validée,10,Expertisée,20,Bonne,7.332793134,48.728811149,QmnJ
A3410200,A341020001,2015-11-20,3999.0,2026-06-02T08:08:12Z,16,Donnée validée,10,Expertisée,20,Bonne,7.332793134,48.728811149,QmnJ
A3410200,A341020001,2015-11-21,2342.0,2026-06-02T08:08:12Z,16,Donnée validée,10,Expertisée,20,Bonne,7.332793134,48.728811149,QmnJ
A3410200,A341020001,2015-11-22,1340.0,2026-06-02T08:08:12Z,16,Donnée validée,10,Expertisée,20,Bonne,7.332793134,48.728811149,QmnJ
A3410200,A341020001,2015-11-23,948.0,2026-06-02T08:08:12Z,16,Donnée validée,10,Expertisée,20,Bonne,7.332793134,48.728811149,QmnJ
A3410200,A341020001,2015-11-24,789.0,2026-06-02T08:08:12Z,16,Donnée validée,10,Expertisée,20,Bonne,7.332793134,48.728811149,QmnJ
A3410200,A341020001,2015-11-25,827.0,2026-06-02T08:08:12Z,16,Donnée validée,10,Expertisée,20,Bonne,7.332793134,48.728811149,QmnJ
A3410200,A341020001,2015-11-26,779.0,2026-06-02T08:08:12Z,16,Donnée validée,10,Expertisée,20,Bonne,7.332793134,48.728811149,QmnJ
A3410200,A341020001,2015-11-27,715.0,2026-06-02T08:08:12Z,16,Donnée validée,10,Expertisée,20,Bonne,7.332793134,48.728811149,QmnJ
A3410200,A341020001,2015-11-28,736.0,2026-06-02T08:08:12Z,16,Donnée validée,10,Expertisée,20,Bonne,7.332793134,48.728811149,QmnJ
A3410200,A341020001,2015-11-29,728.0,2026-06-02T08:08:12Z,16,Donnée validée,10,Expertisée,20,Bonne,7.332793134,48.728811149,QmnJ
A3410200,A341020001,2015-11-30,767.0,2026-06-02T08:08:12Z,16,Donnée validée,10,Expertisée,20,Bonne,7.332793134,48.728811149,QmnJ
A3410200,A341020001,2015-12-01,1937.0,2026-06-02T08:08:12Z,16,Donnée validée,10,Expertisée,20,Bonne,7.332793134,48.728811149,QmnJ
A3410200,A341020001,2015-12-02,1442.0,2026-06-02T08:08:12Z,16,Donnée validée,10,Expertisée,20,Bonne,7.332793134,48.728811149,QmnJ
A3410200,A341020001,2015-12-03,1062.0,2026-06-02T08:08:12Z,16,Donnée validée,10,Expertisée,20,Bonne,7.332793134,48.728811149,QmnJ
A3410200,A341020001,2015-12-04,932.0,2026-06-02T08:08:12Z,16,Donnée validée,10,Expertisée,20,Bonne,7.332793134,48.728811149,QmnJ
A3410200,A341020001,2015-12-05,839.0,2026-06-02T08:08:12Z,16,Donnée validée,10,Expertisée,20,Bonne,7.332793134,48.728811149,QmnJ
A3410200,A341020001,2015-12-06,782.0,2026-06-02T08:08:12Z,16,Donnée validée,10,Expertisée,20,Bonne,7.332793134,48.728811149,QmnJ
A3410200,A341020001,2015-12-07,662.0,2026-06-02T08:08:12Z,16,Donnée validée,10,Expertisée,20,Bonne,7.332793134,48.728811149,QmnJ
A3410200,A341020001,2015-12-08,715.0,2026-06-02T08:08:12Z,16,Donnée validée,10,Expertisée,20,Bonne,7.332793134,48.728811149,QmnJ
A3410200,A341020001,2015-12-09,842.0,2026-06-02T08:08:12Z,16,Donnée validée,10,Expertisée,20,Bonne,7.332793134,48.728811149,QmnJ
A3410200,A341020001,2015-12-10,777.0,2026-06-02T08:08:12Z,16,Donnée validée,10,Expertisée,20,Bonne,7.332793134,48.728811149,QmnJ
A3410200,A341020001,2015-12-11,721.0,2026-06-02T08:08:12Z,16,Donnée validée,10,Expertisée,20,Bonne,7.332793134,48.728811149,QmnJ
A3410200,A341020001,2015-12-12,708.0,2026-06-02T08:08:12Z,16,Donnée validée,10,Expertisée,20,Bonne,7.332793134,48.728811149,QmnJ
A3410200,A341020001,2015-12-13,704.0,2026-06-02T08:08:12Z,16,Donnée validée,10,Expertisée,20,Bonne,7.332793134,48.728811149,QmnJ
A3410200,A341020001,2015-12-14,700.0,2026-06-02T08:08:12Z,16,Donnée validée,10,Expertisée,20,Bonne,7.332793134,48.728811149,QmnJ
A3410200,A341020001,2015-12-15,691.0,2026-06-02T08:08:12Z,16,Donnée validée,10,Expertisée,20,Bonne,7.332793134,48.728811149,QmnJ
A3410200,A341020001,2015-12-16,710.0,2026-06-02T08:08:12Z,16,Donnée validée,10,Expertisée,20,Bonne,7.332793134,48.728811149,QmnJ
A3410200,A341020001,2015-12-17,690.0,2026-06-02T08:08:12Z,16,Donnée validée,10,Expertisée,20,Bonne,7.332793134,48.728811149,QmnJ
A3410200,A341020001,2015-12-18,639.0,2026-06-02T08:08:12Z,16,Donnée validée,10,Expertisée,20,Bonne,7.332793134,48.728811149,QmnJ
A3410200,A341020001,2015-12-19,601.0,2026-06-02T08:08:12Z,16,Donnée validée,10,Expertisée,20,Bonne,7.332793134,48.728811149,QmnJ
A3410200,A341020001,2015-12-20,607.0,2026-06-02T08:08:12Z,16,Donnée validée,10,Expertisée,20,Bonne,7.332793134,48.728811149,QmnJ
A3410200,A341020001,2015-12-21,855.0,2026-06-02T08:08:12Z,16,Donnée validée,10,Expertisée,20,Bonne,7.332793134,48.728811149,QmnJ
A3410200,A341020001,2015-12-22,635.0,2026-06-02T08:08:12Z,16,Donnée validée,10,Expertisée,20,Bonne,7.332793134,48.728811149,QmnJ
A3410200,A341020001,2015-12-23,641.0,2026-06-02T08:08:12Z,16,Donnée validée,10,Expertisée,20,Bonne,7.332793134,48.728811149,QmnJ
A3410200,A341020001,2015-12-24,646.0,2026-06-02T08:08:12Z,16,Donnée validée,10,Expertisée,20,Bonne,7.332793134,48.728811149,QmnJ
A3410200,A341020001,2015-12-25,631.0,2026-06-02T08:08:12Z,16,Donnée validée,10,Expertisée,20,Bonne,7.332793134,48.728811149,QmnJ
A3410200,A341020001,2015-12-26,624.0,2026-06-02T08:08:12Z,16,Donnée validée,10,Expertisée,20,Bonne,7.332793134,48.728811149,QmnJ
A3410200,A341020001,2015-12-27,617.0,2026-06-02T08:08:12Z,16,Donnée validée,10,Expertisée,20,Bonne,7.332793134,48.728811149,QmnJ
A3410200,A341020001,2015-12-28,615.0,2026-06-02T08:08:12Z,16,Donnée validée,10,Expertisée,20,Bonne,7.332793134,48.728811149,QmnJ
A3410200,A341020001,2015-12-29,603.0,2026-06-02T08:08:12Z,16,Donnée validée,10,Expertisée,20,Bonne,7.332793134,48.728811149,QmnJ
A3410200,A341020001,2015-12-30,591.0,2026-06-02T08:08:12Z,16,Donnée validée,10,Expertisée,20,Bonne,7.332793134,48.728811149,QmnJ
A3410200,A341020001,2015-12-31,601.0,2026-06-02T08:08:12Z,16,Donnée validée,10,Expertisée,20,Bonne,7.332793134,48.728811149,QmnJ
A3410200,A341020001,2016-01-01,577.0,2026-06-02T08:08:12Z,16,Donnée validée,10,Expertisée,20,Bonne,7.332793134,48.728811149,QmnJ
A3410200,A341020001,2016-01-02,592.0,2026-06-02T08:08:12Z,16,Donnée validée,10,Expertisée,20,Bonne,7.332793134,48.728811149,QmnJ
A3410200,A341020001,2016-01-03,611.0,2026-06-02T08:08:12Z,16,Donnée validée,10,Expertisée,20,Bonne,7.332793134,48.728811149,QmnJ
A3410200,A341020001,2016-01-04,1139.0,2026-06-02T08:08:12Z,16,Donnée validée,10,Expertisée,20,Bonne,7.332793134,48.728811149,QmnJ
A3410200,A341020001,2016-01-05,1588.0,2026-06-02T08:08:12Z,16,Donnée validée,10,Expertisée,20,Bonne,7.332793134,48.728811149,QmnJ
A3410200,A341020001,2016-01-06,1466.0,2026-06-02T08:08:12Z,16,Donnée validée,10,Expertisée,20,Bonne,7.332793134,48.728811149,QmnJ
A3410200,A341020001,2016-01-07,1206.0,2026-06-02T08:08:12Z,16,Donnée validée,10,Expertisée,20,Bonne,7.332793134,48.728811149,QmnJ
A3410200,A341020001,2016-01-08,1165.0,2026-06-02T08:08:12Z,16,Donnée validée,10,Expertisée,20,Bonne,7.332793134,48.728811149,QmnJ
A3410200,A341020001,2016-01-09,819.0,2026-06-02T08:08:12Z,16,Donnée validée,10,Expertisée,20,Bonne,7.332793134,48.728811149,QmnJ
A3410200,A341020001,2016-01-10,1083.0,2026-06-02T08:08:12Z,16,Donnée validée,10,Expertisée,20,Bonne,7.332793134,48.728811149,QmnJ
A3410200,A341020001,2016-01-11,1559.0,2026-06-02T08:08:12Z,16,Donnée validée,10,Expertisée,20,Bonne,7.332793134,48.728811149,QmnJ
A3410200,A341020001,2016-01-12,2494.0,2026-06-02T08:08:12Z,16,Donnée validée,10,Expertisée,20,Bonne,7.332793134,48.728811149,QmnJ
A3410200,A341020001,2016-01-13,2285.0,2026-06-02T08:08:12Z,16,Donnée validée,10,Expertisée,20,Bonne,7.332793134,48.728811149,QmnJ
A3410200,A341020001,2016-01-14,1831.0,2026-06-02T08:08:12Z,16,Donnée validée,10,Expertisée,20,Bonne,7.332793134,48.728811149,QmnJ
A3410200,A341020001,2016-01-15,1681.0,2026-06-02T08:08:12Z,16,Donnée validée,10,Expertisée,20,Bonne,7.332793134,48.728811149,QmnJ
A3410200,A341020001,2016-01-16,1590.0,2026-06-02T08:08:12Z,16,Donnée validée,10,Expertisée,20,Bonne,7.332793134,48.728811149,QmnJ
A3410200,A341020001,2016-01-17,1474.0,2026-06-02T08:08:12Z,16,Donnée validée,10,Expertisée,20,Bonne,7.332793134,48.728811149,QmnJ
A3410200,A341020001,2016-01-18,1276.0,2026-06-02T08:08:12Z,16,Donnée validée,10,Expertisée,20,Bonne,7.332793134,48.728811149,QmnJ
A3410200,A341020001,2016-01-19,1323.0,2026-06-02T08:08:12Z,16,Donnée validée,10,Expertisée,20,Bonne,7.332793134,48.728811149,QmnJ
A3410200,A341020001,2016-01-20,1248.0,2026-06-02T08:08:12Z,16,Donnée validée,10,Expertisée,20,Bonne,7.332793134,48.728811149,QmnJ
A3410200,A341020001,2016-01-21,1116.0,2026-06-02T08:08:12Z,16,Donnée validée,10,Expertisée,20,Bonne,7.332793134,48.728811149,QmnJ
A3410200,A341020001,2016-01-22,987.0,2026-06-02T08:08:12Z,16,Donnée validée,10,Expertisée,20,Bonne,7.332793134,48.728811149,QmnJ
A3410200,A341020001,2016-01-23,1802.0,2026-06-02T08:08:12Z,16,Donnée validée,10,Expertisée,20,Bonne,7.332793134,48.728811149,QmnJ
A3410200,A341020001,2016-01-24,1763.0,2026-06-02T08:08:12Z,16,Donnée validée,10,Expertisée,20,Bonne,7.332793134,48.728811149,QmnJ
A3410200,A341020001,2016-01-25,1519.0,2026-06-02T08:08:12Z,16,Donnée validée,10,Expertisée,20,Bonne,7.332793134,48.728811149,QmnJ
A3410200,A341020001,2016-01-26,1380.0,2026-06-02T08:08:12Z,16,Donnée validée,10,Expertisée,20,Bonne,7.332793134,48.728811149,QmnJ
A3410200,A341020001,2016-01-27,1235.0,2026-06-02T08:08:12Z,16,Donnée validée,10,Expertisée,20,Bonne,7.332793134,48.728811149,QmnJ
A3410200,A341020001,2016-01-28,1318.0,2026-06-02T08:08:12Z,16,Donnée validée,10,Expertisée,20,Bonne,7.332793134,48.728811149,QmnJ
A3410200,A341020001,2016-01-29,1378.0,2026-06-02T08:08:12Z,16,Donnée validée,10,Expertisée,20,Bonne,7.332793134,48.728811149,QmnJ
A3410200,A341020001,2016-01-30,1659.0,2026-06-02T08:08:12Z,16,Donnée validée,10,Expertisée,20,Bonne,7.332793134,48.728811149,QmnJ
A3410200,A341020001,2016-01-31,3028.0,2026-06-02T08:08:12Z,16,Donnée validée,10,Expertisée,20,Bonne,7.332793134,48.728811149,QmnJ
A3410200,A341020001,2016-02-01,3252.0,2026-06-02T08:08:12Z,16,Donnée validée,10,Expertisée,20,Bonne,7.332793134,48.728811149,QmnJ
A3410200,A341020001,2016-02-02,2921.0,2026-06-02T08:08:12Z,16,Donnée validée,10,Expertisée,20,Bonne,7.332793134,48.728811149,QmnJ
A3410200,A341020001,2016-02-03,3223.0,2026-06-02T08:08:12Z,16,Donnée validée,10,Expertisée,20,Bonne,7.332793134,48.728811149,QmnJ
A3410200,A341020001,2016-02-04,3192.0,2026-06-02T08:08:12Z,16,Donnée validée,10,Expertisée,20,Bonne,7.332793134,48.728811149,QmnJ
A3410200,A341020001,2016-02-05,3538.0,2026-06-02T08:08:12Z,16,Donnée validée,10,Expertisée,20,Bonne,7.332793134,48.728811149,QmnJ
A3410200,A341020001,2016-02-06,3241.0,2026-06-02T08:08:12Z,16,Donnée validée,10,Expertisée,20,Bonne,7.332793134,48.728811149,QmnJ
A3410200,A341020001,2016-02-07,3777.0,2026-06-02T08:08:12Z,16,Donnée validée,10,Expertisée,20,Bonne,7.332793134,48.728811149,QmnJ
A3410200,A341020001,2016-02-08,3797.0,2026-06-02T08:08:12Z,16,Donnée validée,10,Expertisée,20,Bonne,7.332793134,48.728811149,QmnJ
A3410200,A341020001,2016-02-09,5456.0,2026-06-02T08:08:12Z,16,Donnée validée,10,Expertisée,20,Bonne,7.332793134,48.728811149,QmnJ
A3410200,A341020001,2016-02-10,8044.0,2026-06-02T08:08:12Z,16,Donnée validée,10,Expertisée,20,Bonne,7.332793134,48.728811149,QmnJ
A3410200,A341020001,2016-02-11,6161.0,2026-06-02T08:08:12Z,16,Donnée validée,10,Expertisée,20,Bonne,7.332793134,48.728811149,QmnJ
A3410200,A341020001,2016-02-12,5086.0,2026-06-02T08:08:12Z,16,Donnée validée,10,Expertisée,20,Bonne,7.332793134,48.728811149,QmnJ
A3410200,A341020001,2016-02-13,5328.0,2026-06-02T08:08:12Z,16,Donnée validée,10,Expertisée,20,Bonne,7.332793134,48.728811149,QmnJ
A3410200,A341020001,2016-02-14,5777.0,2026-06-02T08:08:12Z,16,Donnée validée,10,Expertisée,20,Bonne,7.332793134,48.728811149,QmnJ
A3410200,A341020001,2016-02-15,4992.0,2026-06-02T08:08:12Z,16,Donnée validée,10,Expertisée,20,Bonne,7.332793134,48.728811149,QmnJ
A3410200,A341020001,2016-02-16,4101.0,2026-06-02T08:08:12Z,16,Donnée validée,10,Expertisée,20,Bonne,7.332793134,48.728811149,QmnJ
A3410200,A341020001,2016-02-17,3849.0,2026-06-02T08:08:12Z,16,Donnée validée,10,Expertisée,20,Bonne,7.332793134,48.728811149,QmnJ
A3410200,A341020001,2016-02-18,3746.0,2026-06-02T08:08:12Z,16,Donnée validée,10,Expertisée,20,Bonne,7.332793134,48.728811149,QmnJ
A3410200,A341020001,2016-02-19,3497.0,2026-06-02T08:08:12Z,16,Donnée validée,10,Expertisée,20,Bonne,7.332793134,48.728811149,QmnJ
A3410200,A341020001,2016-02-20,3487.0,2026-06-02T08:08:12Z,16,Donnée validée,10,Expertisée,20,Bonne,7.332793134,48.728811149,QmnJ
A3410200,A341020001,2016-02-21,3658.0,2026-06-02T08:08:12Z,16,Donnée validée,10,Expertisée,20,Bonne,7.332793134,48.728811149,QmnJ
A3410200,A341020001,2016-02-22,3407.0,2026-06-02T08:08:12Z,16,Donnée validée,10,Expertisée,20,Bonne,7.332793134,48.728811149,QmnJ
A3410200,A341020001,2016-02-23,5496.0,2026-06-02T08:08:12Z,16,Donnée validée,10,Expertisée,20,Bonne,7.332793134,48.728811149,QmnJ
A3410200,A341020001,2016-02-24,4485.0,2026-06-02T08:08:12Z,16,Donnée validée,10,Expertisée,20,Bonne,7.332793134,48.728811149,QmnJ
A3410200,A341020001,2016-02-25,4021.0,2026-06-02T08:08:12Z,16,Donnée validée,10,Expertisée,20,Bonne,7.332793134,48.728811149,QmnJ
A3410200,A341020001,2016-02-26,3694.0,2026-06-02T08:08:12Z,16,Donnée validée,10,Expertisée,20,Bonne,7.332793134,48.728811149,QmnJ
A3410200,A341020001,2016-02-27,3671.0,2026-06-02T08:08:12Z,16,Donnée validée,10,Expertisée,20,Bonne,7.332793134,48.728811149,QmnJ
A3410200,A341020001,2016-02-28,3353.0,2026-06-02T08:08:12Z,16,Donnée validée,10,Expertisée,20,Bonne,7.332793134,48.728811149,QmnJ
A3410200,A341020001,2016-02-29,3012.0,2026-06-02T08:08:12Z,16,Donnée validée,10,Expertisée,20,Bonne,7.332793134,48.728811149,QmnJ
A3410200,A341020001,2016-03-01,2543.0,2026-06-02T08:08:12Z,16,Donnée validée,10,Expertisée,20,Bonne,7.332793134,48.728811149,QmnJ
A3410200,A341020001,2016-03-02,3264.0,2026-06-02T08:08:12Z,16,Donnée validée,10,Expertisée,20,Bonne,7.332793134,48.728811149,QmnJ
A3410200,A341020001,2016-03-03,3676.0,2026-06-02T08:08:12Z,16,Donnée validée,10,Expertisée,20,Bonne,7.332793134,48.728811149,QmnJ
A3410200,A341020001,2016-03-04,3862.0,2026-06-02T08:08:12Z,16,Donnée validée,10,Expertisée,20,Bonne,7.332793134,48.728811149,QmnJ
A3410200,A341020001,2016-03-05,4391.0,2026-06-02T08:08:12Z,16,Donnée validée,10,Expertisée,20,Bonne,7.332793134,48.728811149,QmnJ
A3410200,A341020001,2016-03-06,5028.0,2026-06-02T08:08:12Z,16,Donnée validée,10,Expertisée,20,Bonne,7.332793134,48.728811149,QmnJ
A3410200,A341020001,2016-03-07,4807.0,2026-06-02T08:08:12Z,16,Donnée validée,10,Expertisée,20,Bonne,7.332793134,48.728811149,QmnJ
A3410200,A341020001,2016-03-08,4535.0,2026-06-02T08:08:12Z,16,Donnée validée,10,Expertisée,20,Bonne,7.332793134,48.728811149,QmnJ
A3410200,A341020001,2016-03-09,4037.0,2026-06-02T08:08:12Z,16,Donnée validée,10,Expertisée,20,Bonne,7.332793134,48.728811149,QmnJ
A3410200,A341020001,2016-03-10,3764.0,2026-06-02T08:08:12Z,16,Donnée validée,10,Expertisée,20,Bonne,7.332793134,48.728811149,QmnJ
A3410200,A341020001,2016-03-11,3367.0,2026-06-02T08:08:12Z,16,Donnée validée,10,Expertisée,20,Bonne,7.332793134,48.728811149,QmnJ
A3410200,A341020001,2016-03-12,3041.0,2026-06-02T08:08:12Z,16,Donnée validée,10,Expertisée,20,Bonne,7.332793134,48.728811149,QmnJ
A3410200,A341020001,2016-03-13,2853.0,2026-06-02T08:08:12Z,16,Donnée validée,10,Expertisée,20,Bonne,7.332793134,48.728811149,QmnJ
A3410200,A341020001,2016-03-14,2755.0,2026-06-02T08:08:12Z,16,Donnée validée,10,Expertisée,20,Bonne,7.332793134,48.728811149,QmnJ
A3410200,A341020001,2016-03-15,2700.0,2026-06-02T08:08:12Z,16,Donnée validée,10,Expertisée,20,Bonne,7.332793134,48.728811149,QmnJ
A3410200,A341020001,2016-03-16,2669.0,2026-06-02T08:08:12Z,16,Donnée validée,10,Expertisée,20,Bonne,7.332793134,48.728811149,QmnJ
A3410200,A341020001,2016-03-17,2544.0,2026-06-02T08:08:12Z,16,Donnée validée,10,Expertisée,20,Bonne,7.332793134,48.728811149,QmnJ
A3410200,A341020001,2016-03-18,2423.0,2026-06-02T08:08:12Z,16,Donnée validée,10,Expertisée,20,Bonne,7.332793134,48.728811149,QmnJ
A3410200,A341020001,2016-03-19,2333.0,2026-06-02T08:08:12Z,16,Donnée validée,10,Expertisée,20,Bonne,7.332793134,48.728811149,QmnJ
A3410200,A341020001,2016-03-20,2260.0,2026-06-02T08:08:12Z,16,Donnée validée,10,Expertisée,20,Bonne,7.332793134,48.728811149,QmnJ
A3410200,A341020001,2016-03-21,2175.0,2026-06-02T08:08:12Z,16,Donnée validée,10,Expertisée,20,Bonne,7.332793134,48.728811149,QmnJ
A3410200,A341020001,2016-03-22,2099.0,2026-06-02T08:08:12Z,16,Donnée validée,10,Expertisée,20,Bonne,7.332793134,48.728811149,QmnJ
A3410200,A341020001,2016-03-23,2059.0,2026-06-02T08:08:12Z,16,Donnée validée,10,Expertisée,20,Bonne,7.332793134,48.728811149,QmnJ
A3410200,A341020001,2016-03-24,1987.0,2026-06-02T08:08:12Z,16,Donnée validée,10,Expertisée,20,Bonne,7.332793134,48.728811149,QmnJ
A3410200,A341020001,2016-03-25,2055.0,2026-06-02T08:08:12Z,16,Donnée validée,10,Expertisée,20,Bonne,7.332793134,48.728811149,QmnJ
A3410200,A341020001,2016-03-26,1936.0,2026-06-02T08:08:12Z,16,Donnée validée,10,Expertisée,20,Bonne,7.332793134,48.728811149,QmnJ
A3410200,A341020001,2016-03-27,1764.0,2026-06-02T08:08:12Z,16,Donnée validée,10,Expertisée,20,Bonne,7.332793134,48.728811149,QmnJ
A3410200,A341020001,2016-03-28,1915.0,2026-06-02T08:08:12Z,16,Donnée validée,10,Expertisée,20,Bonne,7.332793134,48.728811149,QmnJ
A3410200,A341020001,2016-03-29,2172.0,2026-06-02T08:08:12Z,16,Donnée validée,10,Expertisée,20,Bonne,7.332793134,48.728811149,QmnJ
A3410200,A341020001,2016-03-30,2791.0,2026-06-02T08:08:12Z,16,Donnée validée,10,Expertisée,20,Bonne,7.332793134,48.728811149,QmnJ
A3410200,A341020001,2016-03-31,5940.0,2026-06-02T08:08:12Z,16,Donnée validée,10,Expertisée,20,Bonne,7.332793134,48.728811149,QmnJ
A3410200,A341020001,2016-04-01,3844.0,2026-06-02T08:08:12Z,16,Donnée validée,10,Expertisée,20,Bonne,7.332793134,48.728811149,QmnJ
A3410200,A341020001,2016-04-02,3347.0,2026-06-02T08:08:12Z,16,Donnée validée,10,Expertisée,20,Bonne,7.332793134,48.728811149,QmnJ
A3410200,A341020001,2016-04-03,3028.0,2026-06-02T08:08:12Z,16,Donnée validée,10,Expertisée,20,Bonne,7.332793134,48.728811149,QmnJ
A3410200,A341020001,2016-04-04,3147.0,2026-06-02T08:08:12Z,16,Donnée validée,10,Expertisée,20,Bonne,7.332793134,48.728811149,QmnJ
A3410200,A341020001,2016-04-05,4138.0,2026-06-02T08:08:12Z,16,Donnée validée,10,Expertisée,20,Bonne,7.332793134,48.728811149,QmnJ
A3410200,A341020001,2016-04-06,3666.0,2026-06-02T08:08:12Z,16,Donnée validée,10,Expertisée,20,Bonne,7.332793134,48.728811149,QmnJ
A3410200,A341020001,2016-04-07,3469.0,2026-06-02T08:08:12Z,16,Donnée validée,10,Expertisée,20,Bonne,7.332793134,48.728811149,QmnJ
A3410200,A341020001,2016-04-08,3156.0,2026-06-02T08:08:12Z,16,Donnée validée,10,Expertisée,20,Bonne,7.332793134,48.728811149,QmnJ
A3410200,A341020001,2016-04-09,2987.0,2026-06-02T08:08:12Z,16,Donnée validée,10,Expertisée,20,Bonne,7.332793134,48.728811149,QmnJ
A3410200,A341020001,2016-04-10,2841.0,2026-06-02T08:08:12Z,16,Donnée validée,10,Expertisée,20,Bonne,7.332793134,48.728811149,QmnJ
A3410200,A341020001,2016-04-11,2714.0,2026-06-02T08:08:12Z,16,Donnée validée,10,Expertisée,20,Bonne,7.332793134,48.728811149,QmnJ
A3410200,A341020001,2016-04-12,2682.0,2026-06-02T08:08:12Z,16,Donnée validée,10,Expertisée,20,Bonne,7.332793134,48.728811149,QmnJ
A3410200,A341020001,2016-04-13,2875.0,2026-06-02T08:08:12Z,16,Donnée validée,10,Expertisée,20,Bonne,7.332793134,48.728811149,QmnJ
A3410200,A341020001,2016-04-14,2686.0,2026-06-02T08:08:12Z,16,Donnée validée,10,Expertisée,20,Bonne,7.332793134,48.728811149,QmnJ
A3410200,A341020001,2016-04-15,3089.0,2026-06-02T08:08:12Z,16,Donnée validée,10,Expertisée,20,Bonne,7.332793134,48.728811149,QmnJ
A3410200,A341020001,2016-04-16,5947.0,2026-06-02T08:08:12Z,16,Donnée validée,10,Expertisée,20,Bonne,7.332793134,48.728811149,QmnJ
A3410200,A341020001,2016-04-17,7400.0,2026-06-02T08:08:12Z,16,Donnée validée,10,Expertisée,20,Bonne,7.332793134,48.728811149,QmnJ
A3410200,A341020001,2016-04-18,5595.0,2026-06-02T08:08:12Z,16,Donnée validée,10,Expertisée,20,Bonne,7.332793134,48.728811149,QmnJ
A3410200,A341020001,2016-04-19,4712.0,2026-06-02T08:08:12Z,16,Donnée validée,10,Expertisée,20,Bonne,7.332793134,48.728811149,QmnJ
A3410200,A341020001,2016-04-20,4197.0,2026-06-02T08:08:12Z,16,Donnée validée,10,Expertisée,20,Bonne,7.332793134,48.728811149,QmnJ
A3410200,A341020001,2016-04-21,4022.0,2026-06-02T08:08:12Z,16,Donnée validée,10,Expertisée,20,Bonne,7.332793134,48.728811149,QmnJ
A3410200,A341020001,2016-04-22,3887.0,2026-06-02T08:08:12Z,16,Donnée validée,10,Expertisée,20,Bonne,7.332793134,48.728811149,QmnJ
A3410200,A341020001,2016-04-23,4175.0,2026-06-02T08:08:12Z,16,Donnée validée,10,Expertisée,20,Bonne,7.332793134,48.728811149,QmnJ
A3410200,A341020001,2016-04-24,3943.0,2026-06-02T08:08:12Z,16,Donnée validée,10,Expertisée,20,Bonne,7.332793134,48.728811149,QmnJ
A3410200,A341020001,2016-04-25,3940.0,2026-06-02T08:08:12Z,16,Donnée validée,10,Expertisée,20,Bonne,7.332793134,48.728811149,QmnJ
A3410200,A341020001,2016-04-26,4567.0,2026-06-02T08:08:12Z,16,Donnée validée,10,Expertisée,20,Bonne,7.332793134,48.728811149,QmnJ
A3410200,A341020001,2016-04-27,4246.0,2026-06-02T08:08:12Z,16,Donnée validée,10,Expertisée,20,Bonne,7.332793134,48.728811149,QmnJ
A3410200,A341020001,2016-04-28,3755.0,2026-06-02T08:08:12Z,16,Donnée validée,10,Expertisée,20,Bonne,7.332793134,48.728811149,QmnJ
A3410200,A341020001,2016-04-29,3483.0,2026-06-02T08:08:12Z,16,Donnée validée,10,Expertisée,20,Bonne,7.332793134,48.728811149,QmnJ
A3410200,A341020001,2016-04-30,3430.0,2026-06-02T08:08:12Z,16,Donnée validée,10,Expertisée,20,Bonne,7.332793134,48.728811149,QmnJ
A3410200,A341020001,2016-05-01,8822.0,2026-06-02T08:08:12Z,16,Donnée validée,10,Expertisée,20,Bonne,7.332793134,48.728811149,QmnJ
A3410200,A341020001,2016-05-02,6619.0,2026-06-02T08:08:12Z,16,Donnée validée,10,Expertisée,20,Bonne,7.332793134,48.728811149,QmnJ
A3410200,A341020001,2016-05-03,6435.0,2026-06-02T08:08:12Z,16,Donnée validée,10,Expertisée,20,Bonne,7.332793134,48.728811149,QmnJ
A3410200,A341020001,2016-05-04,5961.0,2026-06-02T08:08:12Z,16,Donnée validée,10,Expertisée,20,Bonne,7.332793134,48.728811149,QmnJ
A3410200,A341020001,2016-05-05,5589.0,2026-06-02T08:08:12Z,16,Donnée validée,10,Expertisée,20,Bonne,7.332793134,48.728811149,QmnJ
A3410200,A341020001,2016-05-06,5358.0,2026-06-02T08:08:12Z,16,Donnée validée,10,Expertisée,20,Bonne,7.332793134,48.728811149,QmnJ
A3410200,A341020001,2016-05-07,5097.0,2026-06-02T08:08:12Z,16,Donnée validée,10,Expertisée,20,Bonne,7.332793134,48.728811149,QmnJ
A3410200,A341020001,2016-05-08,4680.0,2026-06-02T08:08:12Z,16,Donnée validée,10,Expertisée,20,Bonne,7.332793134,48.728811149,QmnJ
A3410200,A341020001,2016-05-09,4340.0,2026-06-02T08:08:12Z,16,Donnée validée,10,Expertisée,20,Bonne,7.332793134,48.728811149,QmnJ
A3410200,A341020001,2016-05-10,4535.0,2026-06-02T08:08:12Z,16,Donnée validée,10,Expertisée,20,Bonne,7.332793134,48.728811149,QmnJ
A3410200,A341020001,2016-05-11,4651.0,2026-06-02T08:08:12Z,16,Donnée validée,10,Expertisée,20,Bonne,7.332793134,48.728811149,QmnJ
A3410200,A341020001,2016-05-12,8321.0,2026-06-02T08:08:12Z,16,Donnée validée,10,Expertisée,20,Bonne,7.332793134,48.728811149,QmnJ
A3410200,A341020001,2016-05-13,7946.0,2026-06-02T08:08:12Z,16,Donnée validée,10,Expertisée,20,Bonne,7.332793134,48.728811149,QmnJ
A3410200,A341020001,2016-05-14,6277.0,2026-06-02T08:08:12Z,16,Donnée validée,10,Expertisée,20,Bonne,7.332793134,48.728811149,QmnJ
A3410200,A341020001,2016-05-15,5394.0,2026-06-02T08:08:12Z,16,Donnée validée,10,Expertisée,20,Bonne,7.332793134,48.728811149,QmnJ
A3410200,A341020001,2016-05-16,5089.0,2026-06-02T08:08:12Z,16,Donnée validée,10,Expertisée,20,Bonne,7.332793134,48.728811149,QmnJ
A3410200,A341020001,2016-05-17,4853.0,2026-06-02T08:08:12Z,16,Donnée validée,10,Expertisée,20,Bonne,7.332793134,48.728811149,QmnJ
A3410200,A341020001,2016-05-18,4623.0,2026-06-02T08:08:12Z,16,Donnée validée,10,Expertisée,20,Bonne,7.332793134,48.728811149,QmnJ
A3410200,A341020001,2016-05-19,4625.0,2026-06-02T08:08:12Z,16,Donnée validée,10,Expertisée,20,Bonne,7.332793134,48.728811149,QmnJ
A3410200,A341020001,2016-05-20,3925.0,2026-06-02T08:08:12Z,16,Donnée validée,10,Expertisée,20,Bonne,7.332793134,48.728811149,QmnJ
A3410200,A341020001,2016-05-21,3617.0,2026-06-02T08:08:12Z,16,Donnée validée,10,Expertisée,20,Bonne,7.332793134,48.728811149,QmnJ
A3410200,A341020001,2016-05-22,3498.0,2026-06-02T08:08:12Z,16,Donnée validée,10,Expertisée,20,Bonne,7.332793134,48.728811149,QmnJ
A3410200,A341020001,2016-05-23,3746.0,2026-06-02T08:08:12Z,16,Donnée validée,10,Expertisée,20,Bonne,7.332793134,48.728811149,QmnJ
A3410200,A341020001,2016-05-24,3300.0,2026-06-02T08:08:12Z,16,Donnée validée,10,Expertisée,20,Bonne,7.332793134,48.728811149,QmnJ
A3410200,A341020001,2016-05-25,3039.0,2026-06-02T08:08:12Z,16,Donnée validée,10,Expertisée,20,Bonne,7.332793134,48.728811149,QmnJ
A3410200,A341020001,2016-05-26,2755.0,2026-06-02T08:08:12Z,16,Donnée validée,10,Expertisée,20,Bonne,7.332793134,48.728811149,QmnJ
A3410200,A341020001,2016-05-27,2602.0,2026-06-02T08:08:12Z,16,Donnée validée,10,Expertisée,20,Bonne,7.332793134,48.728811149,QmnJ
A3410200,A341020001,2016-05-28,2716.0,2026-06-02T08:08:12Z,16,Donnée validée,10,Expertisée,20,Bonne,7.332793134,48.728811149,QmnJ
A3410200,A341020001,2016-05-29,4814.0,2026-06-02T08:08:12Z,16,Donnée validée,10,Expertisée,20,Bonne,7.332793134,48.728811149,QmnJ
A3410200,A341020001,2016-05-30,5831.0,2026-06-02T08:08:12Z,16,Donnée validée,10,Expertisée,20,Bonne,7.332793134,48.728811149,QmnJ
A3410200,A341020001,2016-05-31,4383.0,2026-06-02T08:08:12Z,16,Donnée validée,10,Expertisée,20,Bonne,7.332793134,48.728811149,QmnJ
A3410200,A341020001,2016-06-01,3566.0,2026-06-02T08:08:12Z,16,Donnée validée,10,Expertisée,20,Bonne,7.332793134,48.728811149,QmnJ
A3410200,A341020001,2016-06-02,4700.0,2026-06-02T08:08:12Z,16,Donnée validée,10,Expertisée,20,Bonne,7.332793134,48.728811149,QmnJ
A3410200,A341020001,2016-06-03,6438.0,2026-06-02T08:08:12Z,16,Donnée validée,10,Expertisée,20,Bonne,7.332793134,48.728811149,QmnJ
A3410200,A341020001,2016-06-04,9152.0,2026-06-02T08:08:12Z,16,Donnée validée,10,Expertisée,20,Bonne,7.332793134,48.728811149,QmnJ
A3410200,A341020001,2016-06-05,7006.0,2026-06-02T08:08:12Z,16,Donnée validée,10,Expertisée,20,Bonne,7.332793134,48.728811149,QmnJ
A3410200,A341020001,2016-06-06,6055.0,2026-06-02T08:08:12Z,16,Donnée validée,10,Expertisée,20,Bonne,7.332793134,48.728811149,QmnJ
A3410200,A341020001,2016-06-07,6275.0,2026-06-02T08:08:12Z,16,Donnée validée,10,Expertisée,20,Bonne,7.332793134,48.728811149,QmnJ
A3410200,A341020001,2016-06-08,6183.0,2026-06-02T08:08:12Z,16,Donnée validée,10,Expertisée,20,Bonne,7.332793134,48.728811149,QmnJ
A3410200,A341020001,2016-06-09,5450.0,2026-06-02T08:08:12Z,16,Donnée validée,10,Expertisée,20,Bonne,7.332793134,48.728811149,QmnJ
A3410200,A341020001,2016-06-10,4835.0,2026-06-02T08:08:12Z,16,Donnée validée,10,Expertisée,20,Bonne,7.332793134,48.728811149,QmnJ
A3410200,A341020001,2016-06-11,4898.0,2026-06-02T08:08:12Z,16,Donnée validée,10,Expertisée,20,Bonne,7.332793134,48.728811149,QmnJ
A3410200,A341020001,2016-06-12,5718.0,2026-06-02T08:08:12Z,16,Donnée validée,10,Expertisée,20,Bonne,7.332793134,48.728811149,QmnJ
A3410200,A341020001,2016-06-13,5890.0,2026-06-02T08:08:12Z,16,Donnée validée,10,Expertisée,20,Bonne,7.332793134,48.728811149,QmnJ
A3410200,A341020001,2016-06-14,5360.0,2026-06-02T08:08:12Z,16,Donnée validée,10,Expertisée,20,Bonne,7.332793134,48.728811149,QmnJ
A3410200,A341020001,2016-06-15,5565.0,2026-06-02T08:08:12Z,16,Donnée validée,10,Expertisée,20,Bonne,7.332793134,48.728811149,QmnJ
A3410200,A341020001,2016-06-16,5662.0,2026-06-02T08:08:12Z,16,Donnée validée,10,Expertisée,20,Bonne,7.332793134,48.728811149,QmnJ
A3410200,A341020001,2016-06-17,6358.0,2026-06-02T08:08:12Z,16,Donnée validée,10,Expertisée,20,Bonne,7.332793134,48.728811149,QmnJ
A3410200,A341020001,2016-06-18,5551.0,2026-06-02T08:08:12Z,16,Donnée validée,10,Expertisée,20,Bonne,7.332793134,48.728811149,QmnJ
A3410200,A341020001,2016-06-19,5375.0,2026-06-02T08:08:12Z,16,Donnée validée,10,Expertisée,20,Bonne,7.332793134,48.728811149,QmnJ
A3410200,A341020001,2016-06-20,4736.0,2026-06-02T08:08:12Z,16,Donnée validée,10,Expertisée,20,Bonne,7.332793134,48.728811149,QmnJ
A3410200,A341020001,2016-06-21,4716.0,2026-06-02T08:08:12Z,16,Donnée validée,10,Expertisée,20,Bonne,7.332793134,48.728811149,QmnJ
A3410200,A341020001,2016-06-22,4083.0,2026-06-02T08:08:12Z,16,Donnée validée,10,Expertisée,20,Bonne,7.332793134,48.728811149,QmnJ
A3410200,A341020001,2016-06-23,3810.0,2026-06-02T08:08:12Z,16,Donnée validée,10,Expertisée,20,Bonne,7.332793134,48.728811149,QmnJ
A3410200,A341020001,2016-06-24,3586.0,2026-06-02T08:08:12Z,16,Donnée validée,10,Expertisée,20,Bonne,7.332793134,48.728811149,QmnJ
A3410200,A341020001,2016-06-25,4788.0,2026-06-02T08:08:12Z,16,Donnée validée,10,Expertisée,20,Bonne,7.332793134,48.728811149,QmnJ
A3410200,A341020001,2016-06-26,3807.0,2026-06-02T08:08:12Z,16,Donnée validée,10,Expertisée,20,Bonne,7.332793134,48.728811149,QmnJ
A3410200,A341020001,2016-06-27,3366.0,2026-06-02T08:08:12Z,16,Donnée validée,10,Expertisée,20,Bonne,7.332793134,48.728811149,QmnJ
A3410200,A341020001,2016-06-28,3198.0,2026-06-02T08:08:12Z,16,Donnée validée,10,Expertisée,20,Bonne,7.332793134,48.728811149,QmnJ
A3410200,A341020001,2016-06-29,3201.0,2026-06-02T08:08:12Z,16,Donnée validée,10,Expertisée,20,Bonne,7.332793134,48.728811149,QmnJ
A3410200,A341020001,2016-06-30,2984.0,2026-06-02T08:08:12Z,16,Donnée validée,10,Expertisée,20,Bonne,7.332793134,48.728811149,QmnJ
A3410200,A341020001,2016-07-01,2730.0,2026-06-02T08:08:12Z,16,Donnée validée,10,Expertisée,20,Bonne,7.332793134,48.728811149,QmnJ
A3410200,A341020001,2016-07-02,2981.0,2026-06-02T08:08:12Z,16,Donnée validée,10,Expertisée,20,Bonne,7.332793134,48.728811149,QmnJ
A3410200,A341020001,2016-07-03,2634.0,2026-06-02T08:08:12Z,16,Donnée validée,10,Expertisée,20,Bonne,7.332793134,48.728811149,QmnJ
A3410200,A341020001,2016-07-04,2482.0,2026-06-02T08:08:12Z,16,Donnée validée,10,Expertisée,20,Bonne,7.332793134,48.728811149,QmnJ
A3410200,A341020001,2016-07-05,2336.0,2026-06-02T08:08:12Z,16,Donnée validée,10,Expertisée,20,Bonne,7.332793134,48.728811149,QmnJ
A3410200,A341020001,2016-07-06,2154.0,2026-06-02T08:08:12Z,16,Donnée validée,10,Expertisée,20,Bonne,7.332793134,48.728811149,QmnJ
A3410200,A341020001,2016-07-07,2062.0,2026-06-02T08:08:12Z,16,Donnée validée,10,Expertisée,20,Bonne,7.332793134,48.728811149,QmnJ
A3410200,A341020001,2016-07-08,1963.0,2026-06-02T08:08:12Z,16,Donnée validée,10,Expertisée,20,Bonne,7.332793134,48.728811149,QmnJ
A3410200,A341020001,2016-07-09,1861.0,2026-06-02T08:08:12Z,16,Donnée validée,10,Expertisée,20,Bonne,7.332793134,48.728811149,QmnJ
A3410200,A341020001,2016-07-10,1779.0,2026-06-02T08:08:12Z,16,Donnée validée,10,Expertisée,20,Bonne,7.332793134,48.728811149,QmnJ
A3410200,A341020001,2016-07-11,1860.0,2026-06-02T08:08:12Z,16,Donnée validée,10,Expertisée,20,Bonne,7.332793134,48.728811149,QmnJ
A3410200,A341020001,2016-07-12,1729.0,2026-06-02T08:08:12Z,16,Donnée validée,10,Expertisée,20,Bonne,7.332793134,48.728811149,QmnJ
A3410200,A341020001,2016-07-13,1816.0,2026-06-02T08:08:12Z,16,Donnée validée,10,Expertisée,20,Bonne,7.332793134,48.728811149,QmnJ
A3410200,A341020001,2016-07-14,1658.0,2026-06-02T08:08:12Z,16,Donnée validée,10,Expertisée,20,Bonne,7.332793134,48.728811149,QmnJ
A3410200,A341020001,2016-07-15,1490.0,2026-06-02T08:08:12Z,16,Donnée validée,10,Expertisée,20,Bonne,7.332793134,48.728811149,QmnJ
A3410200,A341020001,2016-07-16,1339.0,2026-06-02T08:08:12Z,16,Donnée validée,10,Expertisée,20,Bonne,7.332793134,48.728811149,QmnJ
A3410200,A341020001,2016-07-17,1274.0,2026-06-02T08:08:12Z,16,Donnée validée,10,Expertisée,20,Bonne,7.332793134,48.728811149,QmnJ
A3410200,A341020001,2016-07-18,1244.0,2026-06-02T08:08:12Z,16,Donnée validée,10,Expertisée,20,Bonne,7.332793134,48.728811149,QmnJ
A3410200,A341020001,2016-07-19,1215.0,2026-06-02T08:08:12Z,16,Donnée validée,10,Expertisée,20,Bonne,7.332793134,48.728811149,QmnJ
A3410200,A341020001,2016-07-20,1226.0,2026-06-02T08:08:12Z,16,Donnée validée,10,Expertisée,20,Bonne,7.332793134,48.728811149,QmnJ
A3410200,A341020001,2016-07-21,1347.0,2026-06-02T08:08:12Z,16,Donnée validée,10,Expertisée,20,Bonne,7.332793134,48.728811149,QmnJ
A3410200,A341020001,2016-07-22,1432.0,2026-06-02T08:08:12Z,16,Donnée validée,10,Expertisée,20,Bonne,7.332793134,48.728811149,QmnJ
A3410200,A341020001,2016-07-23,1338.0,2026-06-02T08:08:12Z,16,Donnée validée,10,Expertisée,20,Bonne,7.332793134,48.728811149,QmnJ
A3410200,A341020001,2016-07-24,1184.0,2026-06-02T08:08:12Z,16,Donnée validée,10,Expertisée,20,Bonne,7.332793134,48.728811149,QmnJ
A3410200,A341020001,2016-07-25,1099.0,2026-06-02T08:08:12Z,16,Donnée validée,10,Expertisée,20,Bonne,7.332793134,48.728811149,QmnJ
A3410200,A341020001,2016-07-26,1058.0,2026-06-02T08:08:12Z,16,Donnée validée,10,Expertisée,20,Bonne,7.332793134,48.728811149,QmnJ
A3410200,A341020001,2016-07-27,980.0,2026-06-02T08:08:12Z,16,Donnée validée,10,Expertisée,20,Bonne,7.332793134,48.728811149,QmnJ
A3410200,A341020001,2016-07-28,891.0,2026-06-02T08:08:12Z,16,Donnée validée,10,Expertisée,20,Bonne,7.332793134,48.728811149,QmnJ
A3410200,A341020001,2016-07-29,947.0,2026-06-02T08:08:12Z,16,Donnée validée,10,Expertisée,20,Bonne,7.332793134,48.728811149,QmnJ
A3410200,A341020001,2016-07-30,902.0,2026-06-02T08:08:12Z,16,Donnée validée,10,Expertisée,20,Bonne,7.332793134,48.728811149,QmnJ
A3410200,A341020001,2016-07-31,928.0,2026-06-02T08:08:12Z,16,Donnée validée,10,Expertisée,20,Bonne,7.332793134,48.728811149,QmnJ
A3410200,A341020001,2016-08-01,924.0,2026-06-02T08:08:12Z,16,Donnée validée,10,Expertisée,20,Bonne,7.332793134,48.728811149,QmnJ
A3410200,A341020001,2016-08-02,817.0,2026-06-02T08:08:12Z,16,Donnée validée,10,Expertisée,20,Bonne,7.332793134,48.728811149,QmnJ
A3410200,A341020001,2016-08-03,851.0,2026-06-02T08:08:12Z,16,Donnée validée,10,Expertisée,20,Bonne,7.332793134,48.728811149,QmnJ
A3410200,A341020001,2016-08-04,1029.0,2026-06-02T08:08:12Z,16,Donnée validée,10,Expertisée,20,Bonne,7.332793134,48.728811149,QmnJ
A3410200,A341020001,2016-08-05,1278.0,2026-06-02T08:08:12Z,16,Donnée validée,10,Expertisée,20,Bonne,7.332793134,48.728811149,QmnJ
A3410200,A341020001,2016-08-06,865.0,2026-06-02T08:08:12Z,16,Donnée validée,10,Expertisée,20,Bonne,7.332793134,48.728811149,QmnJ
A3410200,A341020001,2016-08-07,778.0,2026-06-02T08:08:12Z,16,Donnée validée,10,Expertisée,20,Bonne,7.332793134,48.728811149,QmnJ
A3410200,A341020001,2016-08-08,741.0,2026-06-02T08:08:12Z,16,Donnée validée,10,Expertisée,20,Bonne,7.332793134,48.728811149,QmnJ
A3410200,A341020001,2016-08-09,740.0,2026-06-02T08:08:12Z,16,Donnée validée,10,Expertisée,20,Bonne,7.332793134,48.728811149,QmnJ
A3410200,A341020001,2016-08-10,864.0,2026-06-02T08:08:12Z,16,Donnée validée,10,Expertisée,20,Bonne,7.332793134,48.728811149,QmnJ
A3410200,A341020001,2016-08-11,834.0,2026-06-02T08:08:12Z,16,Donnée validée,10,Expertisée,20,Bonne,7.332793134,48.728811149,QmnJ
A3410200,A341020001,2016-08-12,715.0,2026-06-02T08:08:12Z,16,Donnée validée,10,Expertisée,20,Bonne,7.332793134,48.728811149,QmnJ
A3410200,A341020001,2016-08-13,690.0,2026-06-02T08:08:12Z,16,Donnée validée,10,Expertisée,20,Bonne,7.332793134,48.728811149,QmnJ
A3410200,A341020001,2016-08-14,698.0,2026-06-02T08:08:12Z,16,Donnée validée,10,Expertisée,20,Bonne,7.332793134,48.728811149,QmnJ
A3410200,A341020001,2016-08-15,690.0,2026-06-02T08:08:12Z,16,Donnée validée,10,Expertisée,20,Bonne,7.332793134,48.728811149,QmnJ
A3410200,A341020001,2016-08-16,716.0,2026-06-02T08:08:12Z,16,Donnée validée,10,Expertisée,20,Bonne,7.332793134,48.728811149,QmnJ
A3410200,A341020001,2016-08-17,712.0,2026-06-02T08:08:12Z,16,Donnée validée,10,Expertisée,20,Bonne,7.332793134,48.728811149,QmnJ
A3410200,A341020001,2016-08-18,690.0,2026-06-02T08:08:12Z,16,Donnée validée,10,Expertisée,20,Bonne,7.332793134,48.728811149,QmnJ
A3410200,A341020001,2016-08-19,780.0,2026-06-02T08:08:12Z,16,Donnée validée,10,Expertisée,20,Bonne,7.332793134,48.728811149,QmnJ
A3410200,A341020001,2016-08-20,778.0,2026-06-02T08:08:12Z,16,Donnée validée,10,Expertisée,20,Bonne,7.332793134,48.728811149,QmnJ
A3410200,A341020001,2016-08-21,770.0,2026-06-02T08:08:12Z,16,Donnée validée,10,Expertisée,20,Bonne,7.332793134,48.728811149,QmnJ
A3410200,A341020001,2016-08-22,688.0,2026-06-02T08:08:12Z,16,Donnée validée,10,Expertisée,20,Bonne,7.332793134,48.728811149,QmnJ
A3410200,A341020001,2016-08-23,668.0,2026-06-02T08:08:12Z,16,Donnée validée,10,Expertisée,20,Bonne,7.332793134,48.728811149,QmnJ
A3410200,A341020001,2016-08-24,652.0,2026-06-02T08:08:12Z,16,Donnée validée,10,Expertisée,20,Bonne,7.332793134,48.728811149,QmnJ
A3410200,A341020001,2016-08-25,651.0,2026-06-02T08:08:12Z,16,Donnée validée,10,Expertisée,20,Bonne,7.332793134,48.728811149,QmnJ
A3410200,A341020001,2016-08-26,654.0,2026-06-02T08:08:12Z,16,Donnée validée,10,Expertisée,20,Bonne,7.332793134,48.728811149,QmnJ
A3410200,A341020001,2016-08-27,647.0,2026-06-02T08:08:12Z,16,Donnée validée,10,Expertisée,20,Bonne,7.332793134,48.728811149,QmnJ
A3410200,A341020001,2016-08-28,648.0,2026-06-02T08:08:12Z,16,Donnée validée,10,Expertisée,20,Bonne,7.332793134,48.728811149,QmnJ
A3410200,A341020001,2016-08-29,648.0,2026-06-02T08:08:12Z,16,Donnée validée,10,Expertisée,20,Bonne,7.332793134,48.728811149,QmnJ
A3410200,A341020001,2016-08-30,639.0,2026-06-02T08:08:12Z,16,Donnée validée,10,Expertisée,20,Bonne,7.332793134,48.728811149,QmnJ
A3410200,A341020001,2016-08-31,652.0,2026-06-02T08:08:12Z,16,Donnée validée,10,Expertisée,20,Bonne,7.332793134,48.728811149,QmnJ
A3410200,A341020001,2016-09-01,689.0,2026-06-02T08:08:12Z,16,Donnée validée,10,Expertisée,20,Bonne,7.332793134,48.728811149,QmnJ
A3410200,A341020001,2016-09-02,682.0,2026-06-02T08:08:12Z,16,Donnée validée,10,Expertisée,20,Bonne,7.332793134,48.728811149,QmnJ
A3410200,A341020001,2016-09-03,691.0,2026-06-02T08:08:12Z,16,Donnée validée,10,Expertisée,20,Bonne,7.332793134,48.728811149,QmnJ
A3410200,A341020001,2016-09-04,804.0,2026-06-02T08:08:12Z,16,Donnée validée,10,Expertisée,20,Bonne,7.332793134,48.728811149,QmnJ
A3410200,A341020001,2016-09-05,824.0,2026-06-02T08:08:12Z,16,Donnée validée,10,Expertisée,20,Bonne,7.332793134,48.728811149,QmnJ
A3410200,A341020001,2016-09-06,743.0,2026-06-02T08:08:12Z,16,Donnée validée,10,Expertisée,20,Bonne,7.332793134,48.728811149,QmnJ
A3410200,A341020001,2016-09-07,703.0,2026-06-02T08:08:12Z,16,Donnée validée,10,Expertisée,20,Bonne,7.332793134,48.728811149,QmnJ
A3410200,A341020001,2016-09-08,699.0,2026-06-02T08:08:12Z,16,Donnée validée,10,Expertisée,20,Bonne,7.332793134,48.728811149,QmnJ
A3410200,A341020001,2016-09-09,721.0,2026-06-02T08:08:12Z,16,Donnée validée,10,Expertisée,20,Bonne,7.332793134,48.728811149,QmnJ
A3410200,A341020001,2016-09-10,738.0,2026-06-02T08:08:12Z,16,Donnée validée,10,Expertisée,20,Bonne,7.332793134,48.728811149,QmnJ
A3410200,A341020001,2016-09-11,744.0,2026-06-02T08:08:12Z,16,Donnée validée,10,Expertisée,20,Bonne,7.332793134,48.728811149,QmnJ
A3410200,A341020001,2016-09-12,732.0,2026-06-02T08:08:12Z,16,Donnée validée,10,Expertisée,20,Bonne,7.332793134,48.728811149,QmnJ
A3410200,A341020001,2016-09-13,742.0,2026-06-02T08:08:12Z,16,Donnée validée,10,Expertisée,20,Bonne,7.332793134,48.728811149,QmnJ
A3410200,A341020001,2016-09-14,732.0,2026-06-02T08:08:12Z,16,Donnée validée,10,Expertisée,20,Bonne,7.332793134,48.728811149,QmnJ
A3410200,A341020001,2016-09-15,717.0,2026-06-02T08:08:12Z,16,Donnée validée,10,Expertisée,20,Bonne,7.332793134,48.728811149,QmnJ
A3410200,A341020001,2016-09-16,750.0,2026-06-02T08:08:12Z,16,Donnée validée,10,Expertisée,20,Bonne,7.332793134,48.728811149,QmnJ
A3410200,A341020001,2016-09-17,749.0,2026-06-02T08:08:12Z,16,Donnée validée,10,Expertisée,20,Bonne,7.332793134,48.728811149,QmnJ
A3410200,A341020001,2016-09-18,1437.0,2026-06-02T08:08:12Z,16,Donnée validée,10,Expertisée,20,Bonne,7.332793134,48.728811149,QmnJ
A3410200,A341020001,2016-09-19,891.0,2026-06-02T08:08:12Z,16,Donnée validée,10,Expertisée,20,Bonne,7.332793134,48.728811149,QmnJ
A3410200,A341020001,2016-09-20,757.0,2026-06-02T08:08:12Z,16,Donnée validée,10,Expertisée,20,Bonne,7.332793134,48.728811149,QmnJ
A3410200,A341020001,2016-09-21,728.0,2026-06-02T08:08:12Z,16,Donnée validée,10,Expertisée,20,Bonne,7.332793134,48.728811149,QmnJ
A3410200,A341020001,2016-09-22,708.0,2026-06-02T08:08:12Z,16,Donnée validée,10,Expertisée,20,Bonne,7.332793134,48.728811149,QmnJ
A3410200,A341020001,2016-09-23,708.0,2026-06-02T08:08:12Z,16,Donnée validée,10,Expertisée,20,Bonne,7.332793134,48.728811149,QmnJ
A3410200,A341020001,2016-09-24,686.0,2026-06-02T08:08:12Z,16,Donnée validée,10,Expertisée,20,Bonne,7.332793134,48.728811149,QmnJ
A3410200,A341020001,2016-09-25,685.0,2026-06-02T08:08:12Z,16,Donnée validée,10,Expertisée,20,Bonne,7.332793134,48.728811149,QmnJ
A3410200,A341020001,2016-09-26,677.0,2026-06-02T08:08:12Z,16,Donnée validée,10,Expertisée,20,Bonne,7.332793134,48.728811149,QmnJ
A3410200,A341020001,2016-09-27,668.0,2026-06-02T08:08:12Z,16,Donnée validée,10,Expertisée,20,Bonne,7.332793134,48.728811149,QmnJ
A3410200,A341020001,2016-09-28,661.0,2026-06-02T08:08:12Z,16,Donnée validée,10,Expertisée,20,Bonne,7.332793134,48.728811149,QmnJ
A3410200,A341020001,2016-09-29,643.0,2026-06-02T08:08:12Z,16,Donnée validée,10,Expertisée,20,Bonne,7.332793134,48.728811149,QmnJ
A3410200,A341020001,2016-09-30,717.0,2026-06-02T08:08:12Z,16,Donnée validée,10,Expertisée,20,Bonne,7.332793134,48.728811149,QmnJ
A3410200,A341020001,2016-10-01,1243.0,2026-06-02T08:08:12Z,16,Donnée validée,10,Expertisée,20,Bonne,7.332793134,48.728811149,QmnJ
A3410200,A341020001,2016-10-02,825.0,2026-06-02T08:08:12Z,16,Donnée validée,10,Expertisée,20,Bonne,7.332793134,48.728811149,QmnJ
A3410200,A341020001,2016-10-03,711.0,2026-06-02T08:08:12Z,16,Donnée validée,10,Expertisée,20,Bonne,7.332793134,48.728811149,QmnJ
A3410200,A341020001,2016-10-04,726.0,2026-06-02T08:08:12Z,16,Donnée validée,10,Expertisée,20,Bonne,7.332793134,48.728811149,QmnJ
A3410200,A341020001,2016-10-05,749.0,2026-06-02T08:08:12Z,16,Donnée validée,10,Expertisée,20,Bonne,7.332793134,48.728811149,QmnJ
A3410200,A341020001,2016-10-06,658.0,2026-06-02T08:08:12Z,16,Donnée validée,10,Expertisée,20,Bonne,7.332793134,48.728811149,QmnJ
A3410200,A341020001,2016-10-07,682.0,2026-06-02T08:08:12Z,16,Donnée validée,10,Expertisée,20,Bonne,7.332793134,48.728811149,QmnJ
A3410200,A341020001,2016-10-08,698.0,2026-06-02T08:08:12Z,16,Donnée validée,10,Expertisée,20,Bonne,7.332793134,48.728811149,QmnJ
A3410200,A341020001,2016-10-09,701.0,2026-06-02T08:08:12Z,16,Donnée validée,10,Expertisée,20,Bonne,7.332793134,48.728811149,QmnJ
A3410200,A341020001,2016-10-10,682.0,2026-06-02T08:08:12Z,16,Donnée validée,10,Expertisée,20,Bonne,7.332793134,48.728811149,QmnJ
A3410200,A341020001,2016-10-11,682.0,2026-06-02T08:08:12Z,16,Donnée validée,10,Expertisée,20,Bonne,7.332793134,48.728811149,QmnJ
A3410200,A341020001,2016-10-12,714.0,2026-06-02T08:08:12Z,16,Donnée validée,10,Expertisée,20,Bonne,7.332793134,48.728811149,QmnJ
A3410200,A341020001,2016-10-13,717.0,2026-06-02T08:08:12Z,16,Donnée validée,10,Expertisée,20,Bonne,7.332793134,48.728811149,QmnJ
A3410200,A341020001,2016-10-14,699.0,2026-06-02T08:08:12Z,16,Donnée validée,10,Expertisée,20,Bonne,7.332793134,48.728811149,QmnJ
A3410200,A341020001,2016-10-15,685.0,2026-06-02T08:08:12Z,16,Donnée validée,10,Expertisée,20,Bonne,7.332793134,48.728811149,QmnJ
A3410200,A341020001,2016-10-16,682.0,2026-06-02T08:08:12Z,16,Donnée validée,10,Expertisée,20,Bonne,7.332793134,48.728811149,QmnJ
A3410200,A341020001,2016-10-17,678.0,2026-06-02T08:08:12Z,16,Donnée validée,10,Expertisée,20,Bonne,7.332793134,48.728811149,QmnJ
A3410200,A341020001,2016-10-18,705.0,2026-06-02T08:08:12Z,16,Donnée validée,10,Expertisée,20,Bonne,7.332793134,48.728811149,QmnJ
A3410200,A341020001,2016-10-19,850.0,2026-06-02T08:08:12Z,16,Donnée validée,10,Expertisée,20,Bonne,7.332793134,48.728811149,QmnJ
A3410200,A341020001,2016-10-20,780.0,2026-06-02T08:08:12Z,16,Donnée validée,10,Expertisée,20,Bonne,7.332793134,48.728811149,QmnJ
A3410200,A341020001,2016-10-21,897.0,2026-06-02T08:08:12Z,16,Donnée validée,10,Expertisée,20,Bonne,7.332793134,48.728811149,QmnJ
A3410200,A341020001,2016-10-22,734.0,2026-06-02T08:08:12Z,16,Donnée validée,10,Expertisée,20,Bonne,7.332793134,48.728811149,QmnJ
A3410200,A341020001,2016-10-23,730.0,2026-06-02T08:08:12Z,16,Donnée validée,10,Expertisée,20,Bonne,7.332793134,48.728811149,QmnJ
A3410200,A341020001,2016-10-24,1150.0,2026-06-02T08:08:12Z,16,Donnée validée,10,Expertisée,20,Bonne,7.332793134,48.728811149,QmnJ
A3410200,A341020001,2016-10-25,1552.0,2026-06-02T08:08:12Z,16,Donnée validée,10,Expertisée,20,Bonne,7.332793134,48.728811149,QmnJ
A3410200,A341020001,2016-10-26,778.0,2026-06-02T08:08:12Z,16,Donnée validée,10,Expertisée,20,Bonne,7.332793134,48.728811149,QmnJ
A3410200,A341020001,2016-10-27,693.0,2026-06-02T08:08:12Z,16,Donnée validée,10,Expertisée,20,Bonne,7.332793134,48.728811149,QmnJ
A3410200,A341020001,2016-10-28,675.0,2026-06-02T08:08:12Z,16,Donnée validée,10,Expertisée,20,Bonne,7.332793134,48.728811149,QmnJ
A3410200,A341020001,2016-10-29,668.0,2026-06-02T08:08:12Z,16,Donnée validée,10,Expertisée,20,Bonne,7.332793134,48.728811149,QmnJ
A3410200,A341020001,2016-10-30,650.0,2026-06-02T08:08:12Z,16,Donnée validée,10,Expertisée,20,Bonne,7.332793134,48.728811149,QmnJ
A3410200,A341020001,2016-10-31,639.0,2026-06-02T08:08:12Z,16,Donnée validée,10,Expertisée,20,Bonne,7.332793134,48.728811149,QmnJ
A3410200,A341020001,2016-11-01,629.0,2026-06-02T08:08:12Z,16,Donnée validée,10,Expertisée,20,Bonne,7.332793134,48.728811149,QmnJ
A3410200,A341020001,2016-11-02,641.0,2026-06-02T08:08:12Z,16,Donnée validée,10,Expertisée,20,Bonne,7.332793134,48.728811149,QmnJ
A3410200,A341020001,2016-11-03,637.0,2026-06-02T08:08:12Z,16,Donnée validée,10,Expertisée,20,Bonne,7.332793134,48.728811149,QmnJ
A3410200,A341020001,2016-11-04,639.0,2026-06-02T08:08:12Z,16,Donnée validée,10,Expertisée,20,Bonne,7.332793134,48.728811149,QmnJ
A3410200,A341020001,2016-11-05,1392.0,2026-06-02T08:08:12Z,16,Donnée validée,10,Expertisée,20,Bonne,7.332793134,48.728811149,QmnJ
A3410200,A341020001,2016-11-06,926.0,2026-06-02T08:08:12Z,16,Donnée validée,10,Expertisée,20,Bonne,7.332793134,48.728811149,QmnJ
A3410200,A341020001,2016-11-07,742.0,2026-06-02T08:08:12Z,16,Donnée validée,10,Expertisée,20,Bonne,7.332793134,48.728811149,QmnJ
A3410200,A341020001,2016-11-08,711.0,2026-06-02T08:08:12Z,16,Donnée validée,10,Expertisée,20,Bonne,7.332793134,48.728811149,QmnJ
A3410200,A341020001,2016-11-09,742.0,2026-06-02T08:08:12Z,16,Donnée validée,10,Expertisée,20,Bonne,7.332793134,48.728811149,QmnJ
A3410200,A341020001,2016-11-10,1040.0,2026-06-02T08:08:12Z,16,Donnée validée,10,Expertisée,20,Bonne,7.332793134,48.728811149,QmnJ
A3410200,A341020001,2016-11-11,1545.0,2026-06-02T08:08:12Z,16,Donnée validée,10,Expertisée,20,Bonne,7.332793134,48.728811149,QmnJ
A3410200,A341020001,2016-11-12,1063.0,2026-06-02T08:08:12Z,16,Donnée validée,10,Expertisée,20,Bonne,7.332793134,48.728811149,QmnJ
A3410200,A341020001,2016-11-13,839.0,2026-06-02T08:08:12Z,16,Donnée validée,10,Expertisée,20,Bonne,7.332793134,48.728811149,QmnJ
A3410200,A341020001,2016-11-14,719.0,2026-06-02T08:08:12Z,16,Donnée validée,10,Expertisée,20,Bonne,7.332793134,48.728811149,QmnJ
A3410200,A341020001,2016-11-15,706.0,2026-06-02T08:08:12Z,16,Donnée validée,10,Expertisée,20,Bonne,7.332793134,48.728811149,QmnJ
A3410200,A341020001,2016-11-16,903.0,2026-06-02T08:08:12Z,16,Donnée validée,10,Expertisée,20,Bonne,7.332793134,48.728811149,QmnJ
A3410200,A341020001,2016-11-17,1014.0,2026-06-02T08:08:12Z,16,Donnée validée,10,Expertisée,20,Bonne,7.332793134,48.728811149,QmnJ
A3410200,A341020001,2016-11-18,1349.0,2026-06-02T08:08:12Z,16,Donnée validée,10,Expertisée,20,Bonne,7.332793134,48.728811149,QmnJ
A3410200,A341020001,2016-11-19,1571.0,2026-06-02T08:08:12Z,16,Donnée validée,10,Expertisée,20,Bonne,7.332793134,48.728811149,QmnJ
A3410200,A341020001,2016-11-20,1284.0,2026-06-02T08:08:12Z,16,Donnée validée,10,Expertisée,20,Bonne,7.332793134,48.728811149,QmnJ
A3410200,A341020001,2016-11-21,985.0,2026-06-02T08:08:12Z,16,Donnée validée,10,Expertisée,20,Bonne,7.332793134,48.728811149,QmnJ
A3410200,A341020001,2016-11-22,871.0,2026-06-02T08:08:12Z,16,Donnée validée,10,Expertisée,20,Bonne,7.332793134,48.728811149,QmnJ
A3410200,A341020001,2016-11-23,692.0,2026-06-02T08:08:12Z,16,Donnée validée,10,Expertisée,20,Bonne,7.332793134,48.728811149,QmnJ
A3410200,A341020001,2016-11-24,651.0,2026-06-02T08:08:12Z,16,Donnée validée,10,Expertisée,20,Bonne,7.332793134,48.728811149,QmnJ
A3410200,A341020001,2016-11-25,656.0,2026-06-02T08:08:12Z,16,Donnée validée,10,Expertisée,20,Bonne,7.332793134,48.728811149,QmnJ
A3410200,A341020001,2016-11-26,677.0,2026-06-02T08:08:12Z,16,Donnée validée,10,Expertisée,20,Bonne,7.332793134,48.728811149,QmnJ
A3410200,A341020001,2016-11-27,663.0,2026-06-02T08:08:12Z,16,Donnée validée,10,Expertisée,20,Bonne,7.332793134,48.728811149,QmnJ
A3410200,A341020001,2016-11-28,691.0,2026-06-02T08:08:12Z,16,Donnée validée,10,Expertisée,20,Bonne,7.332793134,48.728811149,QmnJ
A3410200,A341020001,2016-11-29,697.0,2026-06-02T08:08:12Z,16,Donnée validée,10,Expertisée,20,Bonne,7.332793134,48.728811149,QmnJ
A3410200,A341020001,2016-11-30,665.0,2026-06-02T08:08:12Z,16,Donnée validée,10,Expertisée,20,Bonne,7.332793134,48.728811149,QmnJ
A3410200,A341020001,2016-12-01,647.0,2026-06-02T08:08:12Z,16,Donnée validée,10,Expertisée,20,Bonne,7.332793134,48.728811149,QmnJ
A3410200,A341020001,2016-12-02,671.0,2026-06-02T08:08:12Z,16,Donnée validée,10,Expertisée,20,Bonne,7.332793134,48.728811149,QmnJ
A3410200,A341020001,2016-12-03,681.0,2026-06-02T08:08:12Z,16,Donnée validée,10,Expertisée,20,Bonne,7.332793134,48.728811149,QmnJ
A3410200,A341020001,2016-12-04,673.0,2026-06-02T08:08:12Z,16,Donnée validée,10,Expertisée,20,Bonne,7.332793134,48.728811149,QmnJ
A3410200,A341020001,2016-12-05,657.0,2026-06-02T08:08:12Z,16,Donnée validée,10,Expertisée,20,Bonne,7.332793134,48.728811149,QmnJ
A3410200,A341020001,2016-12-06,650.0,2026-06-02T08:08:12Z,16,Donnée validée,10,Expertisée,20,Bonne,7.332793134,48.728811149,QmnJ
A3410200,A341020001,2016-12-07,643.0,2026-06-02T08:08:12Z,16,Donnée validée,10,Expertisée,20,Bonne,7.332793134,48.728811149,QmnJ
A3410200,A341020001,2016-12-08,632.0,2026-06-02T08:08:12Z,16,Donnée validée,10,Expertisée,20,Bonne,7.332793134,48.728811149,QmnJ
A3410200,A341020001,2016-12-09,651.0,2026-06-02T08:08:12Z,16,Donnée validée,10,Expertisée,20,Bonne,7.332793134,48.728811149,QmnJ
A3410200,A341020001,2016-12-10,669.0,2026-06-02T08:08:12Z,16,Donnée validée,10,Expertisée,20,Bonne,7.332793134,48.728811149,QmnJ
A3410200,A341020001,2016-12-11,679.0,2026-06-02T08:08:12Z,16,Donnée validée,10,Expertisée,20,Bonne,7.332793134,48.728811149,QmnJ
A3410200,A341020001,2016-12-12,679.0,2026-06-02T08:08:12Z,16,Donnée validée,10,Expertisée,20,Bonne,7.332793134,48.728811149,QmnJ
A3410200,A341020001,2016-12-13,679.0,2026-06-02T08:08:12Z,16,Donnée validée,10,Expertisée,20,Bonne,7.332793134,48.728811149,QmnJ
A3410200,A341020001,2016-12-14,681.0,2026-06-02T08:08:12Z,16,Donnée validée,10,Expertisée,20,Bonne,7.332793134,48.728811149,QmnJ
A3410200,A341020001,2016-12-15,701.0,2026-06-02T08:08:12Z,16,Donnée validée,10,Expertisée,20,Bonne,7.332793134,48.728811149,QmnJ
A3410200,A341020001,2016-12-16,703.0,2026-06-02T08:08:12Z,16,Donnée validée,10,Expertisée,20,Bonne,7.332793134,48.728811149,QmnJ
A3410200,A341020001,2016-12-17,682.0,2026-06-02T08:08:12Z,16,Donnée validée,10,Expertisée,20,Bonne,7.332793134,48.728811149,QmnJ
A3410200,A341020001,2016-12-18,665.0,2026-06-02T08:08:12Z,16,Donnée validée,10,Expertisée,20,Bonne,7.332793134,48.728811149,QmnJ
A3410200,A341020001,2016-12-19,670.0,2026-06-02T08:08:12Z,16,Donnée validée,10,Expertisée,20,Bonne,7.332793134,48.728811149,QmnJ
A3410200,A341020001,2016-12-20,673.0,2026-06-02T08:08:12Z,16,Donnée validée,10,Expertisée,20,Bonne,7.332793134,48.728811149,QmnJ
A3410200,A341020001,2016-12-21,666.0,2026-06-02T08:08:12Z,16,Donnée validée,10,Expertisée,20,Bonne,7.332793134,48.728811149,QmnJ
A3410200,A341020001,2016-12-22,676.0,2026-06-02T08:08:12Z,16,Donnée validée,10,Expertisée,20,Bonne,7.332793134,48.728811149,QmnJ
A3410200,A341020001,2016-12-23,693.0,2026-06-02T08:08:12Z,16,Donnée validée,10,Expertisée,20,Bonne,7.332793134,48.728811149,QmnJ
A3410200,A341020001,2016-12-24,690.0,2026-06-02T08:08:12Z,16,Donnée validée,10,Expertisée,20,Bonne,7.332793134,48.728811149,QmnJ
A3410200,A341020001,2016-12-25,672.0,2026-06-02T08:08:12Z,16,Donnée validée,10,Expertisée,20,Bonne,7.332793134,48.728811149,QmnJ
A3410200,A341020001,2016-12-26,670.0,2026-06-02T08:08:12Z,16,Donnée validée,10,Expertisée,20,Bonne,7.332793134,48.728811149,QmnJ
A3410200,A341020001,2016-12-27,689.0,2026-06-02T08:08:12Z,16,Donnée validée,10,Expertisée,20,Bonne,7.332793134,48.728811149,QmnJ
A3410200,A341020001,2016-12-28,693.0,2026-06-02T08:08:12Z,16,Donnée validée,10,Expertisée,20,Bonne,7.332793134,48.728811149,QmnJ
A3410200,A341020001,2016-12-29,667.0,2026-06-02T08:08:12Z,16,Donnée validée,10,Expertisée,20,Bonne,7.332793134,48.728811149,QmnJ
A3410200,A341020001,2016-12-30,657.0,2026-06-02T08:08:12Z,16,Donnée validée,10,Expertisée,20,Bonne,7.332793134,48.728811149,QmnJ
A3410200,A341020001,2016-12-31,661.0,2026-06-02T08:08:12Z,16,Donnée validée,10,Expertisée,20,Bonne,7.332793134,48.728811149,QmnJ
A3410200,A341020001,2017-01-01,672.0,2026-06-02T08:08:12Z,16,Donnée validée,10,Expertisée,20,Bonne,7.332793134,48.728811149,QmnJ
A3410200,A341020001,2017-01-02,691.0,2026-06-02T08:08:12Z,16,Donnée validée,10,Expertisée,20,Bonne,7.332793134,48.728811149,QmnJ
A3410200,A341020001,2017-01-03,689.0,2026-06-02T08:08:12Z,16,Donnée validée,10,Expertisée,20,Bonne,7.332793134,48.728811149,QmnJ
A3410200,A341020001,2017-01-04,697.0,2026-06-02T08:08:12Z,16,Donnée validée,10,Expertisée,20,Bonne,7.332793134,48.728811149,QmnJ
A3410200,A341020001,2017-01-05,703.0,2026-06-02T08:08:12Z,16,Donnée validée,10,Expertisée,20,Bonne,7.332793134,48.728811149,QmnJ
A3410200,A341020001,2017-01-06,708.0,2026-06-02T08:08:12Z,16,Donnée validée,10,Expertisée,20,Bonne,7.332793134,48.728811149,QmnJ
A3410200,A341020001,2017-01-07,679.0,2026-06-02T08:08:12Z,16,Donnée validée,10,Expertisée,20,Bonne,7.332793134,48.728811149,QmnJ
A3410200,A341020001,2017-01-08,689.0,2026-06-02T08:08:12Z,16,Donnée validée,10,Expertisée,20,Bonne,7.332793134,48.728811149,QmnJ
A3410200,A341020001,2017-01-09,694.0,2026-06-02T08:08:12Z,16,Donnée validée,10,Expertisée,20,Bonne,7.332793134,48.728811149,QmnJ
A3410200,A341020001,2017-01-10,750.0,2026-06-02T08:08:12Z,16,Donnée validée,10,Expertisée,20,Bonne,7.332793134,48.728811149,QmnJ
A3410200,A341020001,2017-01-11,881.0,2026-06-02T08:08:12Z,16,Donnée validée,10,Expertisée,20,Bonne,7.332793134,48.728811149,QmnJ
A3410200,A341020001,2017-01-12,1716.0,2026-06-02T08:08:12Z,16,Donnée validée,10,Expertisée,20,Bonne,7.332793134,48.728811149,QmnJ
A3410200,A341020001,2017-01-13,1859.0,2026-06-02T08:08:12Z,16,Donnée validée,10,Expertisée,20,Bonne,7.332793134,48.728811149,QmnJ
A3410200,A341020001,2017-01-14,1440.0,2026-06-02T08:08:12Z,16,Donnée validée,10,Expertisée,20,Bonne,7.332793134,48.728811149,QmnJ
A3410200,A341020001,2017-01-15,1176.0,2026-06-02T08:08:12Z,16,Donnée validée,10,Expertisée,20,Bonne,7.332793134,48.728811149,QmnJ
A3410200,A341020001,2017-01-16,1072.0,2026-06-02T08:08:12Z,16,Donnée validée,10,Expertisée,20,Bonne,7.332793134,48.728811149,QmnJ
A3410200,A341020001,2017-01-17,929.0,2026-06-02T08:08:12Z,16,Donnée validée,10,Expertisée,20,Bonne,7.332793134,48.728811149,QmnJ
A3410200,A341020001,2017-01-18,799.0,2026-06-02T08:08:12Z,16,Donnée validée,10,Expertisée,20,Bonne,7.332793134,48.728811149,QmnJ
A3410200,A341020001,2017-01-19,732.0,2026-06-02T08:08:12Z,16,Donnée validée,10,Expertisée,20,Bonne,7.332793134,48.728811149,QmnJ
A3410200,A341020001,2017-01-20,707.0,2026-06-02T08:08:12Z,16,Donnée validée,10,Expertisée,20,Bonne,7.332793134,48.728811149,QmnJ
A3410200,A341020001,2017-01-21,717.0,2026-06-02T08:08:12Z,16,Donnée validée,10,Expertisée,20,Bonne,7.332793134,48.728811149,QmnJ
A3410200,A341020001,2017-01-22,697.0,2026-06-02T08:08:12Z,16,Donnée validée,10,Expertisée,20,Bonne,7.332793134,48.728811149,QmnJ
A3410200,A341020001,2017-01-23,696.0,2026-06-02T08:08:12Z,16,Donnée validée,10,Expertisée,20,Bonne,7.332793134,48.728811149,QmnJ
A3410200,A341020001,2017-01-24,677.0,2026-06-02T08:08:12Z,16,Donnée validée,10,Expertisée,20,Bonne,7.332793134,48.728811149,QmnJ
A3410200,A341020001,2017-01-25,678.0,2026-06-02T08:08:12Z,16,Donnée validée,10,Expertisée,20,Bonne,7.332793134,48.728811149,QmnJ
A3410200,A341020001,2017-01-26,673.0,2026-06-02T08:08:12Z,16,Donnée validée,10,Expertisée,20,Bonne,7.332793134,48.728811149,QmnJ
A3410200,A341020001,2017-01-27,673.0,2026-06-02T08:08:12Z,16,Donnée validée,10,Expertisée,20,Bonne,7.332793134,48.728811149,QmnJ
A3410200,A341020001,2017-01-28,671.0,2026-06-02T08:08:12Z,16,Donnée validée,10,Expertisée,20,Bonne,7.332793134,48.728811149,QmnJ
A3410200,A341020001,2017-01-29,674.0,2026-06-02T08:08:12Z,16,Donnée validée,10,Expertisée,20,Bonne,7.332793134,48.728811149,QmnJ
A3410200,A341020001,2017-01-30,731.0,2026-06-02T08:08:12Z,16,Donnée validée,10,Expertisée,20,Bonne,7.332793134,48.728811149,QmnJ
A3410200,A341020001,2017-01-31,1583.0,2026-06-02T08:08:12Z,16,Donnée validée,10,Expertisée,20,Bonne,7.332793134,48.728811149,QmnJ
A3410200,A341020001,2017-02-01,1478.0,2026-06-02T08:08:12Z,16,Donnée validée,10,Expertisée,20,Bonne,7.332793134,48.728811149,QmnJ
A3410200,A341020001,2017-02-02,1248.0,2026-06-02T08:08:12Z,16,Donnée validée,10,Expertisée,20,Bonne,7.332793134,48.728811149,QmnJ
A3410200,A341020001,2017-02-03,1260.0,2026-06-02T08:08:12Z,16,Donnée validée,10,Expertisée,20,Bonne,7.332793134,48.728811149,QmnJ
A3410200,A341020001,2017-02-04,1345.0,2026-06-02T08:08:12Z,16,Donnée validée,10,Expertisée,20,Bonne,7.332793134,48.728811149,QmnJ
A3410200,A341020001,2017-02-05,2298.0,2026-06-02T08:08:12Z,16,Donnée validée,10,Expertisée,20,Bonne,7.332793134,48.728811149,QmnJ
A3410200,A341020001,2017-02-06,3457.0,2026-06-02T08:08:12Z,16,Donnée validée,10,Expertisée,20,Bonne,7.332793134,48.728811149,QmnJ
A3410200,A341020001,2017-02-07,2224.0,2026-06-02T08:08:12Z,16,Donnée validée,10,Expertisée,20,Bonne,7.332793134,48.728811149,QmnJ
A3410200,A341020001,2017-02-08,1919.0,2026-06-02T08:08:12Z,16,Donnée validée,10,Expertisée,20,Bonne,7.332793134,48.728811149,QmnJ
A3410200,A341020001,2017-02-09,1578.0,2026-06-02T08:08:12Z,16,Donnée validée,10,Expertisée,20,Bonne,7.332793134,48.728811149,QmnJ
A3410200,A341020001,2017-02-10,1384.0,2026-06-02T08:08:12Z,16,Donnée validée,10,Expertisée,20,Bonne,7.332793134,48.728811149,QmnJ
A3410200,A341020001,2017-02-11,1527.0,2026-06-02T08:08:12Z,16,Donnée validée,10,Expertisée,20,Bonne,7.332793134,48.728811149,QmnJ
A3410200,A341020001,2017-02-12,2728.0,2026-06-02T08:08:12Z,16,Donnée validée,10,Expertisée,20,Bonne,7.332793134,48.728811149,QmnJ
A3410200,A341020001,2017-02-13,1844.0,2026-06-02T08:08:12Z,16,Donnée validée,10,Expertisée,20,Bonne,7.332793134,48.728811149,QmnJ
A3410200,A341020001,2017-02-14,1556.0,2026-06-02T08:08:12Z,16,Donnée validée,10,Expertisée,20,Bonne,7.332793134,48.728811149,QmnJ
A3410200,A341020001,2017-02-15,1299.0,2026-06-02T08:08:12Z,16,Donnée validée,10,Expertisée,20,Bonne,7.332793134,48.728811149,QmnJ
A3410200,A341020001,2017-02-16,1168.0,2026-06-02T08:08:12Z,16,Donnée validée,10,Expertisée,20,Bonne,7.332793134,48.728811149,QmnJ
A3410200,A341020001,2017-02-17,1450.0,2026-06-02T08:08:12Z,16,Donnée validée,10,Expertisée,20,Bonne,7.332793134,48.728811149,QmnJ
A3410200,A341020001,2017-02-18,1302.0,2026-06-02T08:08:12Z,16,Donnée validée,10,Expertisée,20,Bonne,7.332793134,48.728811149,QmnJ
A3410200,A341020001,2017-02-19,1195.0,2026-06-02T08:08:12Z,16,Donnée validée,10,Expertisée,20,Bonne,7.332793134,48.728811149,QmnJ
A3410200,A341020001,2017-02-20,1161.0,2026-06-02T08:08:12Z,16,Donnée validée,10,Expertisée,20,Bonne,7.332793134,48.728811149,QmnJ
A3410200,A341020001,2017-02-21,1271.0,2026-06-02T08:08:12Z,16,Donnée validée,10,Expertisée,20,Bonne,7.332793134,48.728811149,QmnJ
A3410200,A341020001,2017-02-22,1445.0,2026-06-02T08:08:12Z,16,Donnée validée,10,Expertisée,20,Bonne,7.332793134,48.728811149,QmnJ
A3410200,A341020001,2017-02-23,1484.0,2026-06-02T08:08:12Z,16,Donnée validée,10,Expertisée,20,Bonne,7.332793134,48.728811149,QmnJ
A3410200,A341020001,2017-02-24,1607.0,2026-06-02T08:08:12Z,16,Donnée validée,10,Expertisée,20,Bonne,7.332793134,48.728811149,QmnJ
A3410200,A341020001,2017-02-25,1532.0,2026-06-02T08:08:12Z,16,Donnée validée,10,Expertisée,20,Bonne,7.332793134,48.728811149,QmnJ
A3410200,A341020001,2017-02-26,1459.0,2026-06-02T08:08:12Z,16,Donnée validée,10,Expertisée,20,Bonne,7.332793134,48.728811149,QmnJ
A3410200,A341020001,2017-02-27,1462.0,2026-06-02T08:08:12Z,16,Donnée validée,10,Expertisée,20,Bonne,7.332793134,48.728811149,QmnJ
A3410200,A341020001,2017-02-28,2682.0,2026-06-02T08:08:12Z,16,Donnée validée,10,Expertisée,20,Bonne,7.332793134,48.728811149,QmnJ
A3410200,A341020001,2017-03-01,2634.0,2026-06-02T08:08:12Z,16,Donnée validée,10,Expertisée,20,Bonne,7.332793134,48.728811149,QmnJ
A3410200,A341020001,2017-03-02,4838.0,2026-06-02T08:08:12Z,16,Donnée validée,10,Expertisée,20,Bonne,7.332793134,48.728811149,QmnJ
A3410200,A341020001,2017-03-03,3112.0,2026-06-02T08:08:12Z,16,Donnée validée,10,Expertisée,20,Bonne,7.332793134,48.728811149,QmnJ
A3410200,A341020001,2017-03-04,3136.0,2026-06-02T08:08:12Z,16,Donnée validée,10,Expertisée,20,Bonne,7.332793134,48.728811149,QmnJ
A3410200,A341020001,2017-03-05,2936.0,2026-06-02T08:08:12Z,16,Donnée validée,10,Expertisée,20,Bonne,7.332793134,48.728811149,QmnJ
A3410200,A341020001,2017-03-06,3057.0,2026-06-02T08:08:12Z,16,Donnée validée,10,Expertisée,20,Bonne,7.332793134,48.728811149,QmnJ
A3410200,A341020001,2017-03-07,2903.0,2026-06-02T08:08:12Z,16,Donnée validée,10,Expertisée,20,Bonne,7.332793134,48.728811149,QmnJ
A3410200,A341020001,2017-03-08,2635.0,2026-06-02T08:08:12Z,16,Donnée validée,10,Expertisée,20,Bonne,7.332793134,48.728811149,QmnJ
A3410200,A341020001,2017-03-09,6078.0,2026-06-02T08:08:12Z,16,Donnée validée,10,Expertisée,20,Bonne,7.332793134,48.728811149,QmnJ
A3410200,A341020001,2017-03-10,5764.0,2026-06-02T08:08:12Z,16,Donnée validée,10,Expertisée,20,Bonne,7.332793134,48.728811149,QmnJ
A3410200,A341020001,2017-03-11,5120.0,2026-06-02T08:08:12Z,16,Donnée validée,10,Expertisée,20,Bonne,7.332793134,48.728811149,QmnJ
A3410200,A341020001,2017-03-12,4583.0,2026-06-02T08:08:12Z,16,Donnée validée,10,Expertisée,20,Bonne,7.332793134,48.728811149,QmnJ
A3410200,A341020001,2017-03-13,3855.0,2026-06-02T08:08:12Z,16,Donnée validée,10,Expertisée,20,Bonne,7.332793134,48.728811149,QmnJ
A3410200,A341020001,2017-03-14,2961.0,2026-06-02T08:08:12Z,16,Donnée validée,10,Expertisée,20,Bonne,7.332793134,48.728811149,QmnJ
A3410200,A341020001,2017-03-15,2675.0,2026-06-02T08:08:12Z,16,Donnée validée,10,Expertisée,20,Bonne,7.332793134,48.728811149,QmnJ
A3410200,A341020001,2017-03-16,2543.0,2026-06-02T08:08:12Z,16,Donnée validée,10,Expertisée,20,Bonne,7.332793134,48.728811149,QmnJ
A3410200,A341020001,2017-03-17,2485.0,2026-06-02T08:08:12Z,16,Donnée validée,10,Expertisée,20,Bonne,7.332793134,48.728811149,QmnJ
A3410200,A341020001,2017-03-18,2630.0,2026-06-02T08:08:12Z,16,Donnée validée,10,Expertisée,20,Bonne,7.332793134,48.728811149,QmnJ
A3410200,A341020001,2017-03-19,2587.0,2026-06-02T08:08:12Z,16,Donnée validée,10,Expertisée,20,Bonne,7.332793134,48.728811149,QmnJ
A3410200,A341020001,2017-03-20,2326.0,2026-06-02T08:08:12Z,16,Donnée validée,10,Expertisée,20,Bonne,7.332793134,48.728811149,QmnJ
A3410200,A341020001,2017-03-21,2425.0,2026-06-02T08:08:12Z,16,Donnée validée,10,Expertisée,20,Bonne,7.332793134,48.728811149,QmnJ
A3410200,A341020001,2017-03-22,3065.0,2026-06-02T08:08:12Z,16,Donnée validée,10,Expertisée,20,Bonne,7.332793134,48.728811149,QmnJ
A3410200,A341020001,2017-03-23,2614.0,2026-06-02T08:08:12Z,16,Donnée validée,10,Expertisée,20,Bonne,7.332793134,48.728811149,QmnJ
A3410200,A341020001,2017-03-24,2370.0,2026-06-02T08:08:12Z,16,Donnée validée,10,Expertisée,20,Bonne,7.332793134,48.728811149,QmnJ
A3410200,A341020001,2017-03-25,2236.0,2026-06-02T08:08:12Z,16,Donnée validée,10,Expertisée,20,Bonne,7.332793134,48.728811149,QmnJ
A3410200,A341020001,2017-03-26,2023.0,2026-06-02T08:08:12Z,16,Donnée validée,10,Expertisée,20,Bonne,7.332793134,48.728811149,QmnJ
A3410200,A341020001,2017-03-27,2014.0,2026-06-02T08:08:12Z,16,Donnée validée,10,Expertisée,20,Bonne,7.332793134,48.728811149,QmnJ
A3410200,A341020001,2017-03-28,1946.0,2026-06-02T08:08:12Z,16,Donnée validée,10,Expertisée,20,Bonne,7.332793134,48.728811149,QmnJ
A3410200,A341020001,2017-03-29,1845.0,2026-06-02T08:08:12Z,16,Donnée validée,10,Expertisée,20,Bonne,7.332793134,48.728811149,QmnJ
A3410200,A341020001,2017-03-30,1772.0,2026-06-02T08:08:12Z,16,Donnée validée,10,Expertisée,20,Bonne,7.332793134,48.728811149,QmnJ
A3410200,A341020001,2017-03-31,1763.0,2026-06-02T08:08:12Z,16,Donnée validée,10,Expertisée,20,Bonne,7.332793134,48.728811149,QmnJ
A3410200,A341020001,2017-04-01,1788.0,2026-06-02T08:08:12Z,16,Donnée validée,10,Expertisée,20,Bonne,7.332793134,48.728811149,QmnJ
A3410200,A341020001,2017-04-02,1742.0,2026-06-02T08:08:12Z,16,Donnée validée,10,Expertisée,20,Bonne,7.332793134,48.728811149,QmnJ
A3410200,A341020001,2017-04-03,1566.0,2026-06-02T08:08:12Z,16,Donnée validée,10,Expertisée,20,Bonne,7.332793134,48.728811149,QmnJ
A3410200,A341020001,2017-04-04,1488.0,2026-06-02T08:08:12Z,16,Donnée validée,10,Expertisée,20,Bonne,7.332793134,48.728811149,QmnJ
A3410200,A341020001,2017-04-05,1440.0,2026-06-02T08:08:12Z,16,Donnée validée,10,Expertisée,20,Bonne,7.332793134,48.728811149,QmnJ
A3410200,A341020001,2017-04-06,1390.0,2026-06-02T08:08:12Z,16,Donnée validée,10,Expertisée,20,Bonne,7.332793134,48.728811149,QmnJ
A3410200,A341020001,2017-04-07,1372.0,2026-06-02T08:08:12Z,16,Donnée validée,10,Expertisée,20,Bonne,7.332793134,48.728811149,QmnJ
A3410200,A341020001,2017-04-08,1336.0,2026-06-02T08:08:12Z,16,Donnée validée,10,Expertisée,20,Bonne,7.332793134,48.728811149,QmnJ
A3410200,A341020001,2017-04-09,1288.0,2026-06-02T08:08:12Z,16,Donnée validée,10,Expertisée,20,Bonne,7.332793134,48.728811149,QmnJ
A3410200,A341020001,2017-04-10,1235.0,2026-06-02T08:08:12Z,16,Donnée validée,10,Expertisée,20,Bonne,7.332793134,48.728811149,QmnJ
A3410200,A341020001,2017-04-11,1187.0,2026-06-02T08:08:12Z,16,Donnée validée,10,Expertisée,20,Bonne,7.332793134,48.728811149,QmnJ
A3410200,A341020001,2017-04-12,1151.0,2026-06-02T08:08:12Z,16,Donnée validée,10,Expertisée,20,Bonne,7.332793134,48.728811149,QmnJ
A3410200,A341020001,2017-04-13,1169.0,2026-06-02T08:08:12Z,16,Donnée validée,10,Expertisée,20,Bonne,7.332793134,48.728811149,QmnJ
A3410200,A341020001,2017-04-14,1138.0,2026-06-02T08:08:12Z,16,Donnée validée,10,Expertisée,20,Bonne,7.332793134,48.728811149,QmnJ
A3410200,A341020001,2017-04-15,1113.0,2026-06-02T08:08:12Z,16,Donnée validée,10,Expertisée,20,Bonne,7.332793134,48.728811149,QmnJ
A3410200,A341020001,2017-04-16,1114.0,2026-06-02T08:08:12Z,16,Donnée validée,10,Expertisée,20,Bonne,7.332793134,48.728811149,QmnJ
A3410200,A341020001,2017-04-17,1222.0,2026-06-02T08:08:12Z,16,Donnée validée,10,Expertisée,20,Bonne,7.332793134,48.728811149,QmnJ
A3410200,A341020001,2017-04-18,1188.0,2026-06-02T08:08:12Z,16,Donnée validée,10,Expertisée,20,Bonne,7.332793134,48.728811149,QmnJ
A3410200,A341020001,2017-04-19,1026.0,2026-06-02T08:08:12Z,16,Donnée validée,10,Expertisée,20,Bonne,7.332793134,48.728811149,QmnJ
A3410200,A341020001,2017-04-20,911.0,2026-06-02T08:08:12Z,16,Donnée validée,10,Expertisée,20,Bonne,7.332793134,48.728811149,QmnJ
A3410200,A341020001,2017-04-21,852.0,2026-06-02T08:08:12Z,16,Donnée validée,10,Expertisée,20,Bonne,7.332793134,48.728811149,QmnJ
A3410200,A341020001,2017-04-22,871.0,2026-06-02T08:08:12Z,16,Donnée validée,10,Expertisée,20,Bonne,7.332793134,48.728811149,QmnJ
A3410200,A341020001,2017-04-23,879.0,2026-06-02T08:08:12Z,16,Donnée validée,10,Expertisée,20,Bonne,7.332793134,48.728811149,QmnJ
A3410200,A341020001,2017-04-24,986.0,2026-06-02T08:08:12Z,16,Donnée validée,10,Expertisée,20,Bonne,7.332793134,48.728811149,QmnJ
A3410200,A341020001,2017-04-25,972.0,2026-06-02T08:08:12Z,16,Donnée validée,10,Expertisée,20,Bonne,7.332793134,48.728811149,QmnJ
A3410200,A341020001,2017-04-26,1001.0,2026-06-02T08:08:12Z,16,Donnée validée,10,Expertisée,20,Bonne,7.332793134,48.728811149,QmnJ
A3410200,A341020001,2017-04-27,1267.0,2026-06-02T08:08:12Z,16,Donnée validée,10,Expertisée,20,Bonne,7.332793134,48.728811149,QmnJ
A3410200,A341020001,2017-04-28,1007.0,2026-06-02T08:08:12Z,16,Donnée validée,10,Expertisée,20,Bonne,7.332793134,48.728811149,QmnJ
A3410200,A341020001,2017-04-29,897.0,2026-06-02T08:08:12Z,16,Donnée validée,10,Expertisée,20,Bonne,7.332793134,48.728811149,QmnJ
A3410200,A341020001,2017-04-30,835.0,2026-06-02T08:08:12Z,16,Donnée validée,10,Expertisée,20,Bonne,7.332793134,48.728811149,QmnJ
A3410200,A341020001,2017-05-01,915.0,2026-06-02T08:08:12Z,16,Donnée validée,10,Expertisée,20,Bonne,7.332793134,48.728811149,QmnJ
A3410200,A341020001,2017-05-02,891.0,2026-06-02T08:08:12Z,16,Donnée validée,10,Expertisée,20,Bonne,7.332793134,48.728811149,QmnJ
A3410200,A341020001,2017-05-03,1217.0,2026-06-02T08:08:12Z,16,Donnée validée,10,Expertisée,20,Bonne,7.332793134,48.728811149,QmnJ
A3410200,A341020001,2017-05-04,1307.0,2026-06-02T08:08:12Z,16,Donnée validée,10,Expertisée,20,Bonne,7.332793134,48.728811149,QmnJ
A3410200,A341020001,2017-05-05,1027.0,2026-06-02T08:08:12Z,16,Donnée validée,10,Expertisée,20,Bonne,7.332793134,48.728811149,QmnJ
A3410200,A341020001,2017-05-06,992.0,2026-06-02T08:08:12Z,16,Donnée validée,10,Expertisée,20,Bonne,7.332793134,48.728811149,QmnJ
A3410200,A341020001,2017-05-07,1261.0,2026-06-02T08:08:12Z,16,Donnée validée,10,Expertisée,20,Bonne,7.332793134,48.728811149,QmnJ
A3410200,A341020001,2017-05-08,1183.0,2026-06-02T08:08:12Z,16,Donnée validée,10,Expertisée,20,Bonne,7.332793134,48.728811149,QmnJ
A3410200,A341020001,2017-05-09,1027.0,2026-06-02T08:08:12Z,16,Donnée validée,10,Expertisée,20,Bonne,7.332793134,48.728811149,QmnJ
A3410200,A341020001,2017-05-10,960.0,2026-06-02T08:08:12Z,16,Donnée validée,10,Expertisée,20,Bonne,7.332793134,48.728811149,QmnJ
A3410200,A341020001,2017-05-11,1110.0,2026-06-02T08:08:12Z,16,Donnée validée,10,Expertisée,20,Bonne,7.332793134,48.728811149,QmnJ
A3410200,A341020001,2017-05-12,1147.0,2026-06-02T08:08:12Z,16,Donnée validée,10,Expertisée,20,Bonne,7.332793134,48.728811149,QmnJ
A3410200,A341020001,2017-05-13,1041.0,2026-06-02T08:08:12Z,16,Donnée validée,10,Expertisée,20,Bonne,7.332793134,48.728811149,QmnJ
A3410200,A341020001,2017-05-14,918.0,2026-06-02T08:08:12Z,16,Donnée validée,10,Expertisée,20,Bonne,7.332793134,48.728811149,QmnJ
A3410200,A341020001,2017-05-15,893.0,2026-06-02T08:08:12Z,16,Donnée validée,10,Expertisée,20,Bonne,7.332793134,48.728811149,QmnJ
A3410200,A341020001,2017-05-16,840.0,2026-06-02T08:08:12Z,16,Donnée validée,10,Expertisée,20,Bonne,7.332793134,48.728811149,QmnJ
A3410200,A341020001,2017-05-17,807.0,2026-06-02T08:08:12Z,16,Donnée validée,10,Expertisée,20,Bonne,7.332793134,48.728811149,QmnJ
A3410200,A341020001,2017-05-18,868.0,2026-06-02T08:08:12Z,16,Donnée validée,10,Expertisée,20,Bonne,7.332793134,48.728811149,QmnJ
A3410200,A341020001,2017-05-19,1845.0,2026-06-02T08:08:12Z,16,Donnée validée,10,Expertisée,20,Bonne,7.332793134,48.728811149,QmnJ
A3410200,A341020001,2017-05-20,1327.0,2026-06-02T08:08:12Z,16,Donnée validée,10,Expertisée,20,Bonne,7.332793134,48.728811149,QmnJ
A3410200,A341020001,2017-05-21,994.0,2026-06-02T08:08:12Z,16,Donnée validée,10,Expertisée,20,Bonne,7.332793134,48.728811149,QmnJ
A3410200,A341020001,2017-05-22,922.0,2026-06-02T08:08:12Z,16,Donnée validée,10,Expertisée,20,Bonne,7.332793134,48.728811149,QmnJ
A3410200,A341020001,2017-05-23,890.0,2026-06-02T08:08:12Z,16,Donnée validée,10,Expertisée,20,Bonne,7.332793134,48.728811149,QmnJ
A3410200,A341020001,2017-05-24,831.0,2026-06-02T08:08:12Z,16,Donnée validée,10,Expertisée,20,Bonne,7.332793134,48.728811149,QmnJ
A3410200,A341020001,2017-05-25,785.0,2026-06-02T08:08:12Z,16,Donnée validée,10,Expertisée,20,Bonne,7.332793134,48.728811149,QmnJ
A3410200,A341020001,2017-05-26,735.0,2026-06-02T08:08:12Z,16,Donnée validée,10,Expertisée,20,Bonne,7.332793134,48.728811149,QmnJ
A3410200,A341020001,2017-05-27,720.0,2026-06-02T08:08:12Z,16,Donnée validée,10,Expertisée,20,Bonne,7.332793134,48.728811149,QmnJ
A3410200,A341020001,2017-05-28,732.0,2026-06-02T08:08:12Z,16,Donnée validée,10,Expertisée,20,Bonne,7.332793134,48.728811149,QmnJ
A3410200,A341020001,2017-05-29,801.0,2026-06-02T08:08:12Z,16,Donnée validée,10,Expertisée,20,Bonne,7.332793134,48.728811149,QmnJ
A3410200,A341020001,2017-05-30,678.0,2026-06-02T08:08:12Z,16,Donnée validée,10,Expertisée,20,Bonne,7.332793134,48.728811149,QmnJ
A3410200,A341020001,2017-05-31,669.0,2026-06-02T08:08:12Z,16,Donnée validée,10,Expertisée,20,Bonne,7.332793134,48.728811149,QmnJ
A3410200,A341020001,2017-06-01,634.0,2026-06-02T08:08:12Z,16,Donnée validée,10,Expertisée,20,Bonne,7.332793134,48.728811149,QmnJ
A3410200,A341020001,2017-06-02,660.0,2026-06-02T08:08:12Z,16,Donnée validée,10,Expertisée,20,Bonne,7.332793134,48.728811149,QmnJ
A3410200,A341020001,2017-06-03,1359.0,2026-06-02T08:08:12Z,16,Donnée validée,10,Expertisée,20,Bonne,7.332793134,48.728811149,QmnJ
A3410200,A341020001,2017-06-04,2638.0,2026-06-02T08:08:12Z,16,Donnée validée,10,Expertisée,20,Bonne,7.332793134,48.728811149,QmnJ
A3410200,A341020001,2017-06-05,1228.0,2026-06-02T08:08:12Z,16,Donnée validée,10,Expertisée,20,Bonne,7.332793134,48.728811149,QmnJ
A3410200,A341020001,2017-06-06,1191.0,2026-06-02T08:08:12Z,16,Donnée validée,10,Expertisée,20,Bonne,7.332793134,48.728811149,QmnJ
A3410200,A341020001,2017-06-07,1131.0,2026-06-02T08:08:12Z,16,Donnée validée,10,Expertisée,20,Bonne,7.332793134,48.728811149,QmnJ
A3410200,A341020001,2017-06-08,951.0,2026-06-02T08:08:12Z,16,Donnée validée,10,Expertisée,20,Bonne,7.332793134,48.728811149,QmnJ
A3410200,A341020001,2017-06-09,972.0,2026-06-02T08:08:12Z,16,Donnée validée,10,Expertisée,20,Bonne,7.332793134,48.728811149,QmnJ
A3410200,A341020001,2017-06-10,1147.0,2026-06-02T08:08:12Z,16,Donnée validée,10,Expertisée,20,Bonne,7.332793134,48.728811149,QmnJ
A3410200,A341020001,2017-06-11,829.0,2026-06-02T08:08:12Z,16,Donnée validée,10,Expertisée,20,Bonne,7.332793134,48.728811149,QmnJ
A3410200,A341020001,2017-06-12,760.0,2026-06-02T08:08:12Z,16,Donnée validée,10,Expertisée,20,Bonne,7.332793134,48.728811149,QmnJ
A3410200,A341020001,2017-06-13,704.0,2026-06-02T08:08:12Z,16,Donnée validée,10,Expertisée,20,Bonne,7.332793134,48.728811149,QmnJ
A3410200,A341020001,2017-06-14,696.0,2026-06-02T08:08:12Z,16,Donnée validée,10,Expertisée,20,Bonne,7.332793134,48.728811149,QmnJ
A3410200,A341020001,2017-06-15,702.0,2026-06-02T08:08:12Z,16,Donnée validée,10,Expertisée,20,Bonne,7.332793134,48.728811149,QmnJ
A3410200,A341020001,2017-06-16,739.0,2026-06-02T08:08:12Z,16,Donnée validée,10,Expertisée,20,Bonne,7.332793134,48.728811149,QmnJ
A3410200,A341020001,2017-06-17,668.0,2026-06-02T08:08:12Z,16,Donnée validée,10,Expertisée,20,Bonne,7.332793134,48.728811149,QmnJ
A3410200,A341020001,2017-06-18,663.0,2026-06-02T08:08:12Z,16,Donnée validée,10,Expertisée,20,Bonne,7.332793134,48.728811149,QmnJ
A3410200,A341020001,2017-06-19,659.0,2026-06-02T08:08:12Z,16,Donnée validée,10,Expertisée,20,Bonne,7.332793134,48.728811149,QmnJ
A3410200,A341020001,2017-06-20,698.0,2026-06-02T08:08:12Z,16,Donnée validée,10,Expertisée,20,Bonne,7.332793134,48.728811149,QmnJ
A3410200,A341020001,2017-06-21,634.0,2026-06-02T08:08:12Z,16,Donnée validée,10,Expertisée,20,Bonne,7.332793134,48.728811149,QmnJ
A3410200,A341020001,2017-06-22,873.0,2026-06-02T08:08:12Z,16,Donnée validée,10,Expertisée,20,Bonne,7.332793134,48.728811149,QmnJ
A3410200,A341020001,2017-06-23,725.0,2026-06-02T08:08:12Z,16,Donnée validée,10,Expertisée,20,Bonne,7.332793134,48.728811149,QmnJ
A3410200,A341020001,2017-06-24,703.0,2026-06-02T08:08:12Z,16,Donnée validée,10,Expertisée,20,Bonne,7.332793134,48.728811149,QmnJ
A3410200,A341020001,2017-06-25,622.0,2026-06-02T08:08:12Z,16,Donnée validée,10,Expertisée,20,Bonne,7.332793134,48.728811149,QmnJ
A3410200,A341020001,2017-06-26,652.0,2026-06-02T08:08:12Z,16,Donnée validée,10,Expertisée,20,Bonne,7.332793134,48.728811149,QmnJ
A3410200,A341020001,2017-06-27,767.0,2026-06-02T08:08:12Z,16,Donnée validée,10,Expertisée,20,Bonne,7.332793134,48.728811149,QmnJ
A3410200,A341020001,2017-06-28,874.0,2026-06-02T08:08:12Z,16,Donnée validée,10,Expertisée,20,Bonne,7.332793134,48.728811149,QmnJ
A3410200,A341020001,2017-06-29,726.0,2026-06-02T08:08:12Z,16,Donnée validée,10,Expertisée,20,Bonne,7.332793134,48.728811149,QmnJ
A3410200,A341020001,2017-06-30,675.0,2026-06-02T08:08:12Z,16,Donnée validée,10,Expertisée,20,Bonne,7.332793134,48.728811149,QmnJ
A3410200,A341020001,2017-07-01,673.0,2026-06-02T08:08:12Z,16,Donnée validée,10,Expertisée,20,Bonne,7.332793134,48.728811149,QmnJ
A3410200,A341020001,2017-07-02,759.0,2026-06-02T08:08:12Z,16,Donnée validée,10,Expertisée,20,Bonne,7.332793134,48.728811149,QmnJ
A3410200,A341020001,2017-07-03,639.0,2026-06-02T08:08:12Z,16,Donnée validée,10,Expertisée,20,Bonne,7.332793134,48.728811149,QmnJ
A3410200,A341020001,2017-07-04,609.0,2026-06-02T08:08:12Z,16,Donnée validée,10,Expertisée,20,Bonne,7.332793134,48.728811149,QmnJ
A3410200,A341020001,2017-07-05,583.0,2026-06-02T08:08:12Z,16,Donnée validée,10,Expertisée,20,Bonne,7.332793134,48.728811149,QmnJ
A3410200,A341020001,2017-07-06,611.0,2026-06-02T08:08:12Z,16,Donnée validée,10,Expertisée,20,Bonne,7.332793134,48.728811149,QmnJ
A3410200,A341020001,2017-07-07,562.0,2026-06-02T08:08:12Z,16,Donnée validée,10,Expertisée,12,Douteuse,7.332793134,48.728811149,QmnJ
A3410200,A341020001,2017-07-08,598.0,2026-06-02T08:08:12Z,16,Donnée validée,10,Expertisée,20,Bonne,7.332793134,48.728811149,QmnJ
A3410200,A341020001,2017-07-09,602.0,2026-06-02T08:08:12Z,16,Donnée validée,10,Expertisée,20,Bonne,7.332793134,48.728811149,QmnJ
A3410200,A341020001,2017-07-10,645.0,2026-06-02T08:08:12Z,16,Donnée validée,10,Expertisée,20,Bonne,7.332793134,48.728811149,QmnJ
A3410200,A341020001,2017-07-11,653.0,2026-06-02T08:08:12Z,16,Donnée validée,10,Expertisée,20,Bonne,7.332793134,48.728811149,QmnJ
A3410200,A341020001,2017-07-12,645.0,2026-06-02T08:08:12Z,16,Donnée validée,10,Expertisée,20,Bonne,7.332793134,48.728811149,QmnJ
A3410200,A341020001,2017-07-13,700.0,2026-06-02T08:08:12Z,16,Donnée validée,10,Expertisée,20,Bonne,7.332793134,48.728811149,QmnJ
A3410200,A341020001,2017-07-14,634.0,2026-06-02T08:08:12Z,16,Donnée validée,10,Expertisée,20,Bonne,7.332793134,48.728811149,QmnJ
A3410200,A341020001,2017-07-15,692.0,2026-06-02T08:08:12Z,16,Donnée validée,10,Expertisée,20,Bonne,7.332793134,48.728811149,QmnJ
A3410200,A341020001,2017-07-16,669.0,2026-06-02T08:08:12Z,16,Donnée validée,10,Expertisée,20,Bonne,7.332793134,48.728811149,QmnJ
A3410200,A341020001,2017-07-17,634.0,2026-06-02T08:08:12Z,16,Donnée validée,10,Expertisée,20,Bonne,7.332793134,48.728811149,QmnJ
A3410200,A341020001,2017-07-18,614.0,2026-06-02T08:08:12Z,16,Donnée validée,10,Expertisée,20,Bonne,7.332793134,48.728811149,QmnJ
A3410200,A341020001,2017-07-19,607.0,2026-06-02T08:08:12Z,16,Donnée validée,10,Expertisée,20,Bonne,7.332793134,48.728811149,QmnJ
A3410200,A341020001,2017-07-20,615.0,2026-06-02T08:08:12Z,16,Donnée validée,10,Expertisée,20,Bonne,7.332793134,48.728811149,QmnJ
A3410200,A341020001,2017-07-21,643.0,2026-06-02T08:08:12Z,16,Donnée validée,10,Expertisée,20,Bonne,7.332793134,48.728811149,QmnJ
A3410200,A341020001,2017-07-22,607.0,2026-06-02T08:08:12Z,16,Donnée validée,10,Expertisée,20,Bonne,7.332793134,48.728811149,QmnJ
A3410200,A341020001,2017-07-23,634.0,2026-06-02T08:08:12Z,16,Donnée validée,10,Expertisée,20,Bonne,7.332793134,48.728811149,QmnJ
A3410200,A341020001,2017-07-24,810.0,2026-06-02T08:08:12Z,16,Donnée validée,10,Expertisée,20,Bonne,7.332793134,48.728811149,QmnJ
A3410200,A341020001,2017-07-25,844.0,2026-06-02T08:08:12Z,16,Donnée validée,10,Expertisée,20,Bonne,7.332793134,48.728811149,QmnJ
A3410200,A341020001,2017-07-26,921.0,2026-06-02T08:08:12Z,16,Donnée validée,10,Expertisée,20,Bonne,7.332793134,48.728811149,QmnJ
A3410200,A341020001,2017-07-27,680.0,2026-06-02T08:08:12Z,16,Donnée validée,10,Expertisée,20,Bonne,7.332793134,48.728811149,QmnJ
A3410200,A341020001,2017-07-28,682.0,2026-06-02T08:08:12Z,16,Donnée validée,10,Expertisée,20,Bonne,7.332793134,48.728811149,QmnJ
A3410200,A341020001,2017-07-29,636.0,2026-06-02T08:08:12Z,16,Donnée validée,10,Expertisée,20,Bonne,7.332793134,48.728811149,QmnJ
A3410200,A341020001,2017-07-30,632.0,2026-06-02T08:08:12Z,16,Donnée validée,10,Expertisée,20,Bonne,7.332793134,48.728811149,QmnJ
A3410200,A341020001,2017-07-31,668.0,2026-06-02T08:08:12Z,16,Donnée validée,10,Expertisée,20,Bonne,7.332793134,48.728811149,QmnJ
A3410200,A341020001,2017-08-01,640.0,2026-06-02T08:08:12Z,16,Donnée validée,10,Expertisée,20,Bonne,7.332793134,48.728811149,QmnJ
A3410200,A341020001,2017-08-02,634.0,2026-06-02T08:08:12Z,16,Donnée validée,10,Expertisée,20,Bonne,7.332793134,48.728811149,QmnJ
A3410200,A341020001,2017-08-03,635.0,2026-06-02T08:08:12Z,16,Donnée validée,10,Expertisée,20,Bonne,7.332793134,48.728811149,QmnJ
A3410200,A341020001,2017-08-04,615.0,2026-06-02T08:08:12Z,16,Donnée validée,10,Expertisée,20,Bonne,7.332793134,48.728811149,QmnJ
A3410200,A341020001,2017-08-05,642.0,2026-06-02T08:08:12Z,16,Donnée validée,10,Expertisée,20,Bonne,7.332793134,48.728811149,QmnJ
A3410200,A341020001,2017-08-06,627.0,2026-06-02T08:08:12Z,16,Donnée validée,10,Expertisée,20,Bonne,7.332793134,48.728811149,QmnJ
A3410200,A341020001,2017-08-07,614.0,2026-06-02T08:08:12Z,16,Donnée validée,10,Expertisée,20,Bonne,7.332793134,48.728811149,QmnJ
A3410200,A341020001,2017-08-08,652.0,2026-06-02T08:08:12Z,16,Donnée validée,10,Expertisée,20,Bonne,7.332793134,48.728811149,QmnJ
A3410200,A341020001,2017-08-09,706.0,2026-06-02T08:08:12Z,16,Donnée validée,10,Expertisée,20,Bonne,7.332793134,48.728811149,QmnJ
A3410200,A341020001,2017-08-10,776.0,2026-06-02T08:08:12Z,16,Donnée validée,10,Expertisée,20,Bonne,7.332793134,48.728811149,QmnJ
A3410200,A341020001,2017-08-11,657.0,2026-06-02T08:08:12Z,16,Donnée validée,10,Expertisée,20,Bonne,7.332793134,48.728811149,QmnJ
A3410200,A341020001,2017-08-12,749.0,2026-06-02T08:08:12Z,16,Donnée validée,10,Expertisée,20,Bonne,7.332793134,48.728811149,QmnJ
A3410200,A341020001,2017-08-13,673.0,2026-06-02T08:08:12Z,16,Donnée validée,10,Expertisée,20,Bonne,7.332793134,48.728811149,QmnJ
A3410200,A341020001,2017-08-14,651.0,2026-06-02T08:08:12Z,16,Donnée validée,10,Expertisée,20,Bonne,7.332793134,48.728811149,QmnJ
A3410200,A341020001,2017-08-15,644.0,2026-06-02T08:08:12Z,16,Donnée validée,10,Expertisée,20,Bonne,7.332793134,48.728811149,QmnJ
A3410200,A341020001,2017-08-16,622.0,2026-06-02T08:08:12Z,16,Donnée validée,10,Expertisée,20,Bonne,7.332793134,48.728811149,QmnJ
A3410200,A341020001,2017-08-17,605.0,2026-06-02T08:08:12Z,16,Donnée validée,10,Expertisée,20,Bonne,7.332793134,48.728811149,QmnJ
A3410200,A341020001,2017-08-18,622.0,2026-06-02T08:08:12Z,16,Donnée validée,10,Expertisée,20,Bonne,7.332793134,48.728811149,QmnJ
A3410200,A341020001,2017-08-19,701.0,2026-06-02T08:08:12Z,16,Donnée validée,10,Expertisée,20,Bonne,7.332793134,48.728811149,QmnJ
A3410200,A341020001,2017-08-20,609.0,2026-06-02T08:08:12Z,16,Donnée validée,10,Expertisée,20,Bonne,7.332793134,48.728811149,QmnJ
A3410200,A341020001,2017-08-21,600.0,2026-06-02T08:08:12Z,16,Donnée validée,10,Expertisée,20,Bonne,7.332793134,48.728811149,QmnJ
A3410200,A341020001,2017-08-22,602.0,2026-06-02T08:08:12Z,16,Donnée validée,10,Expertisée,20,Bonne,7.332793134,48.728811149,QmnJ
A3410200,A341020001,2017-08-23,608.0,2026-06-02T08:08:12Z,16,Donnée validée,10,Expertisée,20,Bonne,7.332793134,48.728811149,QmnJ
A3410200,A341020001,2017-08-24,616.0,2026-06-02T08:08:12Z,16,Donnée validée,10,Expertisée,20,Bonne,7.332793134,48.728811149,QmnJ
A3410200,A341020001,2017-08-25,580.0,2026-06-02T08:08:12Z,16,Donnée validée,10,Expertisée,20,Bonne,7.332793134,48.728811149,QmnJ
A3410200,A341020001,2017-08-26,588.0,2026-06-02T08:08:12Z,16,Donnée validée,10,Expertisée,20,Bonne,7.332793134,48.728811149,QmnJ
A3410200,A341020001,2017-08-27,590.0,2026-06-02T08:08:12Z,16,Donnée validée,10,Expertisée,20,Bonne,7.332793134,48.728811149,QmnJ
A3410200,A341020001,2017-08-28,577.0,2026-06-02T08:08:12Z,16,Donnée validée,10,Expertisée,20,Bonne,7.332793134,48.728811149,QmnJ
A3410200,A341020001,2017-08-29,572.0,2026-06-02T08:08:12Z,16,Donnée validée,10,Expertisée,20,Bonne,7.332793134,48.728811149,QmnJ
A3410200,A341020001,2017-08-30,580.0,2026-06-02T08:08:12Z,16,Donnée validée,10,Expertisée,20,Bonne,7.332793134,48.728811149,QmnJ
A3410200,A341020001,2017-08-31,628.0,2026-06-02T08:08:12Z,16,Donnée validée,10,Expertisée,20,Bonne,7.332793134,48.728811149,QmnJ
A3410200,A341020001,2017-09-01,587.0,2026-06-02T08:08:12Z,16,Donnée validée,10,Expertisée,20,Bonne,7.332793134,48.728811149,QmnJ
A3410200,A341020001,2017-09-02,594.0,2026-06-02T08:08:12Z,16,Donnée validée,10,Expertisée,20,Bonne,7.332793134,48.728811149,QmnJ
A3410200,A341020001,2017-09-03,589.0,2026-06-02T08:08:12Z,16,Donnée validée,10,Expertisée,20,Bonne,7.332793134,48.728811149,QmnJ
A3410200,A341020001,2017-09-04,575.0,2026-06-02T08:08:12Z,16,Donnée validée,10,Expertisée,20,Bonne,7.332793134,48.728811149,QmnJ
A3410200,A341020001,2017-09-05,554.0,2026-06-02T08:08:12Z,16,Donnée validée,10,Expertisée,20,Bonne,7.332793134,48.728811149,QmnJ
A3410200,A341020001,2017-09-06,538.0,2026-06-02T08:08:12Z,16,Donnée validée,10,Expertisée,20,Bonne,7.332793134,48.728811149,QmnJ
A3410200,A341020001,2017-09-07,532.0,2026-06-02T08:08:12Z,16,Donnée validée,10,Expertisée,20,Bonne,7.332793134,48.728811149,QmnJ
A3410200,A341020001,2017-09-08,520.0,2026-06-02T08:08:12Z,16,Donnée validée,10,Expertisée,20,Bonne,7.332793134,48.728811149,QmnJ
A3410200,A341020001,2017-09-09,583.0,2026-06-02T08:08:12Z,16,Donnée validée,10,Expertisée,20,Bonne,7.332793134,48.728811149,QmnJ
A3410200,A341020001,2017-09-10,526.0,2026-06-02T08:08:12Z,16,Donnée validée,10,Expertisée,20,Bonne,7.332793134,48.728811149,QmnJ
A3410200,A341020001,2017-09-11,539.0,2026-06-02T08:08:12Z,16,Donnée validée,10,Expertisée,20,Bonne,7.332793134,48.728811149,QmnJ
A3410200,A341020001,2017-09-12,509.0,2026-06-02T08:08:12Z,16,Donnée validée,10,Expertisée,12,Douteuse,7.332793134,48.728811149,QmnJ
A3410200,A341020001,2017-09-13,625.0,2026-06-02T08:08:12Z,16,Donnée validée,10,Expertisée,12,Douteuse,7.332793134,48.728811149,QmnJ
A3410200,A341020001,2017-09-14,2871.0,2026-06-02T08:08:12Z,16,Donnée validée,10,Expertisée,20,Bonne,7.332793134,48.728811149,QmnJ
A3410200,A341020001,2017-09-15,842.0,2026-06-02T08:08:12Z,16,Donnée validée,10,Expertisée,20,Bonne,7.332793134,48.728811149,QmnJ
A3410200,A341020001,2017-09-16,667.0,2026-06-02T08:08:12Z,16,Donnée validée,10,Expertisée,20,Bonne,7.332793134,48.728811149,QmnJ
A3410200,A341020001,2017-09-17,640.0,2026-06-02T08:08:12Z,16,Donnée validée,10,Expertisée,20,Bonne,7.332793134,48.728811149,QmnJ
A3410200,A341020001,2017-09-18,601.0,2026-06-02T08:08:12Z,16,Donnée validée,10,Expertisée,20,Bonne,7.332793134,48.728811149,QmnJ
A3410200,A341020001,2017-09-19,633.0,2026-06-02T08:08:12Z,16,Donnée validée,10,Expertisée,20,Bonne,7.332793134,48.728811149,QmnJ
A3410200,A341020001,2017-09-20,581.0,2026-06-02T08:08:12Z,16,Donnée validée,10,Expertisée,20,Bonne,7.332793134,48.728811149,QmnJ
A3410200,A341020001,2017-09-21,539.0,2026-06-02T08:08:12Z,16,Donnée validée,10,Expertisée,20,Bonne,7.332793134,48.728811149,QmnJ
A3410200,A341020001,2017-09-22,519.0,2026-06-02T08:08:12Z,16,Donnée validée,10,Expertisée,12,Douteuse,7.332793134,48.728811149,QmnJ
A3410200,A341020001,2017-09-23,508.0,2026-06-02T08:08:12Z,16,Donnée validée,10,Expertisée,20,Bonne,7.332793134,48.728811149,QmnJ
A3410200,A341020001,2017-09-24,508.0,2026-06-02T08:08:12Z,16,Donnée validée,10,Expertisée,12,Douteuse,7.332793134,48.728811149,QmnJ
A3410200,A341020001,2017-09-25,489.0,2026-06-02T08:08:12Z,16,Donnée validée,10,Expertisée,12,Douteuse,7.332793134,48.728811149,QmnJ
A3410200,A341020001,2017-09-26,497.0,2026-06-02T08:08:12Z,16,Donnée validée,10,Expertisée,12,Douteuse,7.332793134,48.728811149,QmnJ
A3410200,A341020001,2017-09-27,499.0,2026-06-02T08:08:12Z,16,Donnée validée,10,Expertisée,12,Douteuse,7.332793134,48.728811149,QmnJ
A3410200,A341020001,2017-09-28,500.0,2026-06-02T08:08:12Z,16,Donnée validée,10,Expertisée,20,Bonne,7.332793134,48.728811149,QmnJ
A3410200,A341020001,2017-09-29,528.0,2026-06-02T08:08:12Z,16,Donnée validée,10,Expertisée,20,Bonne,7.332793134,48.728811149,QmnJ
A3410200,A341020001,2017-09-30,542.0,2026-06-02T08:08:12Z,16,Donnée validée,10,Expertisée,20,Bonne,7.332793134,48.728811149,QmnJ
A3410200,A341020001,2017-10-01,545.0,2026-06-02T08:08:12Z,16,Donnée validée,10,Expertisée,20,Bonne,7.332793134,48.728811149,QmnJ
A3410200,A341020001,2017-10-02,522.0,2026-06-02T08:08:12Z,16,Donnée validée,10,Expertisée,20,Bonne,7.332793134,48.728811149,QmnJ
A3410200,A341020001,2017-10-03,1413.0,2026-06-02T08:08:12Z,16,Donnée validée,10,Expertisée,20,Bonne,7.332793134,48.728811149,QmnJ
A3410200,A341020001,2017-10-04,534.0,2026-06-02T08:08:12Z,16,Donnée validée,10,Expertisée,12,Douteuse,7.332793134,48.728811149,QmnJ
A3410200,A341020001,2017-10-05,521.0,2026-06-02T08:08:12Z,16,Donnée validée,10,Expertisée,20,Bonne,7.332793134,48.728811149,QmnJ
A3410200,A341020001,2017-10-06,556.0,2026-06-02T08:08:12Z,16,Donnée validée,10,Expertisée,20,Bonne,7.332793134,48.728811149,QmnJ
A3410200,A341020001,2017-10-07,523.0,2026-06-02T08:08:12Z,16,Donnée validée,10,Expertisée,20,Bonne,7.332793134,48.728811149,QmnJ
A3410200,A341020001,2017-10-08,591.0,2026-06-02T08:08:12Z,16,Donnée validée,10,Expertisée,20,Bonne,7.332793134,48.728811149,QmnJ
A3410200,A341020001,2017-10-09,513.0,2026-06-02T08:08:12Z,16,Donnée validée,10,Expertisée,12,Douteuse,7.332793134,48.728811149,QmnJ
A3410200,A341020001,2017-10-10,501.0,2026-06-02T08:08:12Z,16,Donnée validée,10,Expertisée,12,Douteuse,7.332793134,48.728811149,QmnJ
A3410200,A341020001,2017-10-11,486.0,2026-06-02T08:08:12Z,16,Donnée validée,10,Expertisée,12,Douteuse,7.332793134,48.728811149,QmnJ
A3410200,A341020001,2017-10-12,489.0,2026-06-02T08:08:12Z,16,Donnée validée,10,Expertisée,12,Douteuse,7.332793134,48.728811149,QmnJ
A3410200,A341020001,2017-10-13,498.0,2026-06-02T08:08:12Z,16,Donnée validée,10,Expertisée,12,Douteuse,7.332793134,48.728811149,QmnJ
A3410200,A341020001,2017-10-14,505.0,2026-06-02T08:08:12Z,16,Donnée validée,10,Expertisée,12,Douteuse,7.332793134,48.728811149,QmnJ
A3410200,A341020001,2017-10-15,538.0,2026-06-02T08:08:12Z,16,Donnée validée,10,Expertisée,20,Bonne,7.332793134,48.728811149,QmnJ
A3410200,A341020001,2017-10-16,520.0,2026-06-02T08:08:12Z,16,Donnée validée,10,Expertisée,20,Bonne,7.332793134,48.728811149,QmnJ
A3410200,A341020001,2017-10-17,506.0,2026-06-02T08:08:12Z,16,Donnée validée,10,Expertisée,20,Bonne,7.332793134,48.728811149,QmnJ
A3410200,A341020001,2017-10-18,504.0,2026-06-02T08:08:12Z,16,Donnée validée,10,Expertisée,20,Bonne,7.332793134,48.728811149,QmnJ
A3410200,A341020001,2017-10-19,519.0,2026-06-02T08:08:12Z,16,Donnée validée,10,Expertisée,20,Bonne,7.332793134,48.728811149,QmnJ
A3410200,A341020001,2017-10-20,542.0,2026-06-02T08:08:12Z,16,Donnée validée,10,Expertisée,20,Bonne,7.332793134,48.728811149,QmnJ
A3410200,A341020001,2017-10-21,556.0,2026-06-02T08:08:12Z,16,Donnée validée,10,Expertisée,20,Bonne,7.332793134,48.728811149,QmnJ
A3410200,A341020001,2017-10-22,670.0,2026-06-02T08:08:12Z,16,Donnée validée,10,Expertisée,20,Bonne,7.332793134,48.728811149,QmnJ
A3410200,A341020001,2017-10-23,572.0,2026-06-02T08:08:12Z,16,Donnée validée,10,Expertisée,20,Bonne,7.332793134,48.728811149,QmnJ
A3410200,A341020001,2017-10-24,566.0,2026-06-02T08:08:12Z,16,Donnée validée,10,Expertisée,20,Bonne,7.332793134,48.728811149,QmnJ
A3410200,A341020001,2017-10-25,578.0,2026-06-02T08:08:12Z,16,Donnée validée,10,Expertisée,20,Bonne,7.332793134,48.728811149,QmnJ
A3410200,A341020001,2017-10-26,525.0,2026-06-02T08:08:12Z,16,Donnée validée,10,Expertisée,20,Bonne,7.332793134,48.728811149,QmnJ
A3410200,A341020001,2017-10-27,559.0,2026-06-02T08:08:12Z,16,Donnée validée,10,Expertisée,20,Bonne,7.332793134,48.728811149,QmnJ
A3410200,A341020001,2017-10-28,537.0,2026-06-02T08:08:12Z,16,Donnée validée,10,Expertisée,20,Bonne,7.332793134,48.728811149,QmnJ
A3410200,A341020001,2017-10-29,583.0,2026-06-02T08:08:12Z,16,Donnée validée,10,Expertisée,20,Bonne,7.332793134,48.728811149,QmnJ
A3410200,A341020001,2017-10-30,608.0,2026-06-02T08:08:12Z,16,Donnée validée,10,Expertisée,20,Bonne,7.332793134,48.728811149,QmnJ
A3410200,A341020001,2017-10-31,551.0,2026-06-02T08:08:12Z,16,Donnée validée,10,Expertisée,20,Bonne,7.332793134,48.728811149,QmnJ
A3410200,A341020001,2017-11-01,534.0,2026-06-02T08:08:12Z,16,Donnée validée,10,Expertisée,20,Bonne,7.332793134,48.728811149,QmnJ
A3410200,A341020001,2017-11-02,523.0,2026-06-02T08:08:12Z,16,Donnée validée,10,Expertisée,20,Bonne,7.332793134,48.728811149,QmnJ
A3410200,A341020001,2017-11-03,505.0,2026-06-02T08:08:12Z,16,Donnée validée,10,Expertisée,20,Bonne,7.332793134,48.728811149,QmnJ
A3410200,A341020001,2017-11-04,518.0,2026-06-02T08:08:12Z,16,Donnée validée,10,Expertisée,20,Bonne,7.332793134,48.728811149,QmnJ
A3410200,A341020001,2017-11-05,827.0,2026-06-02T08:08:12Z,16,Donnée validée,10,Expertisée,20,Bonne,7.332793134,48.728811149,QmnJ
A3410200,A341020001,2017-11-06,807.0,2026-06-02T08:08:12Z,16,Donnée validée,10,Expertisée,20,Bonne,7.332793134,48.728811149,QmnJ
A3410200,A341020001,2017-11-07,579.0,2026-06-02T08:08:12Z,16,Donnée validée,10,Expertisée,20,Bonne,7.332793134,48.728811149,QmnJ
A3410200,A341020001,2017-11-08,578.0,2026-06-02T08:08:12Z,16,Donnée validée,10,Expertisée,20,Bonne,7.332793134,48.728811149,QmnJ
A3410200,A341020001,2017-11-09,560.0,2026-06-02T08:08:12Z,16,Donnée validée,10,Expertisée,20,Bonne,7.332793134,48.728811149,QmnJ
A3410200,A341020001,2017-11-10,553.0,2026-06-02T08:08:12Z,16,Donnée validée,10,Expertisée,20,Bonne,7.332793134,48.728811149,QmnJ
A3410200,A341020001,2017-11-11,658.0,2026-06-02T08:08:12Z,16,Donnée validée,10,Expertisée,20,Bonne,7.332793134,48.728811149,QmnJ
A3410200,A341020001,2017-11-12,3812.0,2026-06-02T08:08:12Z,16,Donnée validée,10,Expertisée,20,Bonne,7.332793134,48.728811149,QmnJ
A3410200,A341020001,2017-11-13,3166.0,2026-06-02T08:08:12Z,16,Donnée validée,10,Expertisée,20,Bonne,7.332793134,48.728811149,QmnJ
A3410200,A341020001,2017-11-14,2097.0,2026-06-02T08:08:12Z,16,Donnée validée,10,Expertisée,20,Bonne,7.332793134,48.728811149,QmnJ
A3410200,A341020001,2017-11-15,1535.0,2026-06-02T08:08:12Z,16,Donnée validée,10,Expertisée,20,Bonne,7.332793134,48.728811149,QmnJ
A3410200,A341020001,2017-11-16,1316.0,2026-06-02T08:08:12Z,16,Donnée validée,10,Expertisée,20,Bonne,7.332793134,48.728811149,QmnJ
A3410200,A341020001,2017-11-17,1020.0,2026-06-02T08:08:12Z,16,Donnée validée,10,Expertisée,20,Bonne,7.332793134,48.728811149,QmnJ
A3410200,A341020001,2017-11-18,829.0,2026-06-02T08:08:12Z,16,Donnée validée,10,Expertisée,20,Bonne,7.332793134,48.728811149,QmnJ
A3410200,A341020001,2017-11-19,1022.0,2026-06-02T08:08:12Z,16,Donnée validée,10,Expertisée,20,Bonne,7.332793134,48.728811149,QmnJ
A3410200,A341020001,2017-11-20,782.0,2026-06-02T08:08:12Z,16,Donnée validée,10,Expertisée,20,Bonne,7.332793134,48.728811149,QmnJ
A3410200,A341020001,2017-11-21,732.0,2026-06-02T08:08:12Z,16,Donnée validée,10,Expertisée,20,Bonne,7.332793134,48.728811149,QmnJ
A3410200,A341020001,2017-11-22,704.0,2026-06-02T08:08:12Z,16,Donnée validée,10,Expertisée,20,Bonne,7.332793134,48.728811149,QmnJ
A3410200,A341020001,2017-11-23,804.0,2026-06-02T08:08:12Z,16,Donnée validée,10,Expertisée,20,Bonne,7.332793134,48.728811149,QmnJ
A3410200,A341020001,2017-11-24,827.0,2026-06-02T08:08:12Z,16,Donnée validée,10,Expertisée,20,Bonne,7.332793134,48.728811149,QmnJ
A3410200,A341020001,2017-11-25,3836.0,2026-06-02T08:08:12Z,16,Donnée validée,10,Expertisée,20,Bonne,7.332793134,48.728811149,QmnJ
A3410200,A341020001,2017-11-26,2863.0,2026-06-02T08:08:12Z,16,Donnée validée,10,Expertisée,20,Bonne,7.332793134,48.728811149,QmnJ
A3410200,A341020001,2017-11-27,2204.0,2026-06-02T08:08:12Z,16,Donnée validée,10,Expertisée,20,Bonne,7.332793134,48.728811149,QmnJ
A3410200,A341020001,2017-11-28,2973.0,2026-06-02T08:08:12Z,16,Donnée validée,10,Expertisée,20,Bonne,7.332793134,48.728811149,QmnJ
A3410200,A341020001,2017-11-29,2554.0,2026-06-02T08:08:12Z,16,Donnée validée,10,Expertisée,20,Bonne,7.332793134,48.728811149,QmnJ
A3410200,A341020001,2017-11-30,2757.0,2026-06-02T08:08:12Z,16,Donnée validée,10,Expertisée,20,Bonne,7.332793134,48.728811149,QmnJ
A3410200,A341020001,2017-12-01,2544.0,2026-06-02T08:08:12Z,16,Donnée validée,10,Expertisée,20,Bonne,7.332793134,48.728811149,QmnJ
A3410200,A341020001,2017-12-02,2077.0,2026-06-02T08:08:12Z,16,Donnée validée,10,Expertisée,20,Bonne,7.332793134,48.728811149,QmnJ
A3410200,A341020001,2017-12-03,1771.0,2026-06-02T08:08:12Z,16,Donnée validée,10,Expertisée,20,Bonne,7.332793134,48.728811149,QmnJ
A3410200,A341020001,2017-12-04,1515.0,2026-06-02T08:08:12Z,16,Donnée validée,10,Expertisée,20,Bonne,7.332793134,48.728811149,QmnJ
A3410200,A341020001,2017-12-05,1412.0,2026-06-02T08:08:12Z,16,Donnée validée,10,Expertisée,20,Bonne,7.332793134,48.728811149,QmnJ
A3410200,A341020001,2017-12-06,1213.0,2026-06-02T08:08:12Z,16,Donnée validée,10,Expertisée,20,Bonne,7.332793134,48.728811149,QmnJ
A3410200,A341020001,2017-12-07,1132.0,2026-06-02T08:08:12Z,16,Donnée validée,10,Expertisée,20,Bonne,7.332793134,48.728811149,QmnJ
A3410200,A341020001,2017-12-08,1835.0,2026-06-02T08:08:12Z,16,Donnée validée,10,Expertisée,20,Bonne,7.332793134,48.728811149,QmnJ
A3410200,A341020001,2017-12-09,1778.0,2026-06-02T08:08:12Z,16,Donnée validée,10,Expertisée,20,Bonne,7.332793134,48.728811149,QmnJ
A3410200,A341020001,2017-12-10,2955.0,2026-06-02T08:08:12Z,16,Donnée validée,10,Expertisée,20,Bonne,7.332793134,48.728811149,QmnJ
A3410200,A341020001,2017-12-11,5572.0,2026-06-02T08:08:12Z,16,Donnée validée,10,Expertisée,20,Bonne,7.332793134,48.728811149,QmnJ
A3410200,A341020001,2017-12-12,4229.0,2026-06-02T08:08:12Z,16,Donnée validée,10,Expertisée,20,Bonne,7.332793134,48.728811149,QmnJ
A3410200,A341020001,2017-12-13,3597.0,2026-06-02T08:08:12Z,16,Donnée validée,10,Expertisée,20,Bonne,7.332793134,48.728811149,QmnJ
A3410200,A341020001,2017-12-14,4702.0,2026-06-02T08:08:12Z,16,Donnée validée,10,Expertisée,20,Bonne,7.332793134,48.728811149,QmnJ
A3410200,A341020001,2017-12-15,5222.0,2026-06-02T08:08:12Z,16,Donnée validée,10,Expertisée,20,Bonne,7.332793134,48.728811149,QmnJ
A3410200,A341020001,2017-12-16,4338.0,2026-06-02T08:08:12Z,16,Donnée validée,10,Expertisée,20,Bonne,7.332793134,48.728811149,QmnJ
A3410200,A341020001,2017-12-17,3712.0,2026-06-02T08:08:12Z,16,Donnée validée,10,Expertisée,20,Bonne,7.332793134,48.728811149,QmnJ
A3410200,A341020001,2017-12-18,3413.0,2026-06-02T08:08:12Z,16,Donnée validée,10,Expertisée,20,Bonne,7.332793134,48.728811149,QmnJ
A3410200,A341020001,2017-12-19,3131.0,2026-06-02T08:08:12Z,16,Donnée validée,10,Expertisée,20,Bonne,7.332793134,48.728811149,QmnJ
A3410200,A341020001,2017-12-20,3413.0,2026-06-02T08:08:12Z,16,Donnée validée,10,Expertisée,20,Bonne,7.332793134,48.728811149,QmnJ
A3410200,A341020001,2017-12-21,3197.0,2026-06-02T08:08:12Z,16,Donnée validée,10,Expertisée,20,Bonne,7.332793134,48.728811149,QmnJ
A3410200,A341020001,2017-12-22,3645.0,2026-06-02T08:08:12Z,16,Donnée validée,10,Expertisée,20,Bonne,7.332793134,48.728811149,QmnJ
A3410200,A341020001,2017-12-23,3523.0,2026-06-02T08:08:12Z,16,Donnée validée,10,Expertisée,20,Bonne,7.332793134,48.728811149,QmnJ
A3410200,A341020001,2017-12-24,3454.0,2026-06-02T08:08:12Z,16,Donnée validée,10,Expertisée,20,Bonne,7.332793134,48.728811149,QmnJ
A3410200,A341020001,2017-12-25,3475.0,2026-06-02T08:08:12Z,16,Donnée validée,10,Expertisée,20,Bonne,7.332793134,48.728811149,QmnJ
A3410200,A341020001,2017-12-26,3484.0,2026-06-02T08:08:12Z,16,Donnée validée,10,Expertisée,20,Bonne,7.332793134,48.728811149,QmnJ
A3410200,A341020001,2017-12-27,3555.0,2026-06-02T08:08:12Z,16,Donnée validée,10,Expertisée,20,Bonne,7.332793134,48.728811149,QmnJ
A3410200,A341020001,2017-12-28,3652.0,2026-06-02T08:08:12Z,16,Donnée validée,10,Expertisée,20,Bonne,7.332793134,48.728811149,QmnJ
A3410200,A341020001,2017-12-29,3108.0,2026-06-02T08:08:12Z,16,Donnée validée,10,Expertisée,20,Bonne,7.332793134,48.728811149,QmnJ
A3410200,A341020001,2017-12-30,4243.0,2026-06-02T08:08:12Z,16,Donnée validée,10,Expertisée,20,Bonne,7.332793134,48.728811149,QmnJ
A3410200,A341020001,2017-12-31,5279.0,2026-06-02T08:08:12Z,16,Donnée validée,10,Expertisée,20,Bonne,7.332793134,48.728811149,QmnJ
A3410200,A341020001,2018-01-01,5465.0,2026-06-02T08:08:12Z,16,Donnée validée,10,Expertisée,20,Bonne,7.332793134,48.728811149,QmnJ
A3410200,A341020001,2018-01-02,6348.0,2026-06-02T08:08:12Z,16,Donnée validée,10,Expertisée,20,Bonne,7.332793134,48.728811149,QmnJ
A3410200,A341020001,2018-01-03,8105.0,2026-06-02T08:08:12Z,16,Donnée validée,10,Expertisée,20,Bonne,7.332793134,48.728811149,QmnJ
A3410200,A341020001,2018-01-04,11442.0,2026-06-02T08:08:12Z,16,Donnée validée,8,Calculée,12,Douteuse,7.332793134,48.728811149,QmnJ
A3410200,A341020001,2018-01-05,16474.0,2026-06-02T08:08:12Z,16,Donnée validée,8,Calculée,12,Douteuse,7.332793134,48.728811149,QmnJ
A3410200,A341020001,2018-01-06,13520.0,2026-06-02T08:08:12Z,16,Donnée validée,8,Calculée,12,Douteuse,7.332793134,48.728811149,QmnJ
A3410200,A341020001,2018-01-07,10248.0,2026-06-02T08:08:12Z,16,Donnée validée,8,Calculée,12,Douteuse,7.332793134,48.728811149,QmnJ
A3410200,A341020001,2018-01-08,8095.0,2026-06-02T08:08:12Z,16,Donnée validée,8,Calculée,12,Douteuse,7.332793134,48.728811149,QmnJ
A3410200,A341020001,2018-01-09,6936.0,2026-06-02T08:08:12Z,16,Donnée validée,8,Calculée,12,Douteuse,7.332793134,48.728811149,QmnJ
A3410200,A341020001,2018-01-10,6246.0,2026-06-02T08:08:12Z,16,Donnée validée,8,Calculée,12,Douteuse,7.332793134,48.728811149,QmnJ
A3410200,A341020001,2018-01-11,5455.0,2026-06-02T08:08:12Z,16,Donnée validée,8,Calculée,12,Douteuse,7.332793134,48.728811149,QmnJ
A3410200,A341020001,2018-01-12,4701.0,2026-06-02T08:08:12Z,16,Donnée validée,8,Calculée,12,Douteuse,7.332793134,48.728811149,QmnJ
A3410200,A341020001,2018-01-13,4162.0,2026-06-02T08:08:12Z,16,Donnée validée,8,Calculée,12,Douteuse,7.332793134,48.728811149,QmnJ
A3410200,A341020001,2018-01-14,3886.0,2026-06-02T08:08:12Z,16,Donnée validée,8,Calculée,12,Douteuse,7.332793134,48.728811149,QmnJ
A3410200,A341020001,2018-01-15,3577.0,2026-06-02T08:08:12Z,16,Donnée validée,8,Calculée,12,Douteuse,7.332793134,48.728811149,QmnJ
A3410200,A341020001,2018-01-16,5571.0,2026-06-02T08:08:12Z,16,Donnée validée,8,Calculée,12,Douteuse,7.332793134,48.728811149,QmnJ
A3410200,A341020001,2018-01-17,5743.0,2026-06-02T08:08:12Z,16,Donnée validée,8,Calculée,12,Douteuse,7.332793134,48.728811149,QmnJ
A3410200,A341020001,2018-01-18,7825.0,2026-06-02T08:08:12Z,16,Donnée validée,8,Calculée,12,Douteuse,7.332793134,48.728811149,QmnJ
A3410200,A341020001,2018-01-19,9571.0,2026-06-02T08:08:12Z,16,Donnée validée,8,Calculée,12,Douteuse,7.332793134,48.728811149,QmnJ
A3410200,A341020001,2018-01-20,10922.0,2026-06-02T08:08:12Z,16,Donnée validée,8,Calculée,12,Douteuse,7.332793134,48.728811149,QmnJ
A3410200,A341020001,2018-01-21,11597.0,2026-06-02T08:08:12Z,16,Donnée validée,8,Calculée,12,Douteuse,7.332793134,48.728811149,QmnJ
A3410200,A341020001,2018-01-22,16541.0,2026-06-02T08:08:12Z,16,Donnée validée,8,Calculée,12,Douteuse,7.332793134,48.728811149,QmnJ
A3410200,A341020001,2018-01-23,15751.0,2026-06-02T08:08:12Z,16,Donnée validée,8,Calculée,12,Douteuse,7.332793134,48.728811149,QmnJ
A3410200,A341020001,2018-01-24,13021.0,2026-06-02T08:08:12Z,16,Donnée validée,8,Calculée,12,Douteuse,7.332793134,48.728811149,QmnJ
A3410200,A341020001,2018-01-25,10436.0,2026-06-02T08:08:12Z,16,Donnée validée,8,Calculée,12,Douteuse,7.332793134,48.728811149,QmnJ
A3410200,A341020001,2018-01-26,9416.0,2026-06-02T08:08:12Z,16,Donnée validée,8,Calculée,12,Douteuse,7.332793134,48.728811149,QmnJ
A3410200,A341020001,2018-01-27,7573.0,2026-06-02T08:08:12Z,16,Donnée validée,8,Calculée,12,Douteuse,7.332793134,48.728811149,QmnJ
A3410200,A341020001,2018-01-28,6311.0,2026-06-02T08:08:12Z,16,Donnée validée,8,Calculée,12,Douteuse,7.332793134,48.728811149,QmnJ
A3410200,A341020001,2018-01-29,5678.0,2026-06-02T08:08:12Z,16,Donnée validée,8,Calculée,12,Douteuse,7.332793134,48.728811149,QmnJ
A3410200,A341020001,2018-01-30,5427.0,2026-06-02T08:08:12Z,16,Donnée validée,8,Calculée,12,Douteuse,7.332793134,48.728811149,QmnJ
A3410200,A341020001,2018-01-31,5451.0,2026-06-02T08:08:12Z,16,Donnée validée,8,Calculée,12,Douteuse,7.332793134,48.728811149,QmnJ
A3410200,A341020001,2018-02-01,8242.0,2026-06-02T08:08:12Z,16,Donnée validée,8,Calculée,12,Douteuse,7.332793134,48.728811149,QmnJ
A3410200,A341020001,2018-02-02,6408.0,2026-06-02T08:08:12Z,16,Donnée validée,8,Calculée,12,Douteuse,7.332793134,48.728811149,QmnJ
A3410200,A341020001,2018-02-03,5856.0,2026-06-02T08:08:12Z,16,Donnée validée,8,Calculée,12,Douteuse,7.332793134,48.728811149,QmnJ
A3410200,A341020001,2018-02-04,5318.0,2026-06-02T08:08:12Z,16,Donnée validée,8,Calculée,12,Douteuse,7.332793134,48.728811149,QmnJ
A3410200,A341020001,2018-02-05,4830.0,2026-06-02T08:08:12Z,16,Donnée validée,8,Calculée,12,Douteuse,7.332793134,48.728811149,QmnJ
A3410200,A341020001,2018-02-06,4649.0,2026-06-02T08:08:12Z,16,Donnée validée,8,Calculée,12,Douteuse,7.332793134,48.728811149,QmnJ
A3410200,A341020001,2018-02-07,4527.0,2026-06-02T08:08:12Z,16,Donnée validée,8,Calculée,12,Douteuse,7.332793134,48.728811149,QmnJ
A3410200,A341020001,2018-02-08,4129.0,2026-06-02T08:08:12Z,16,Donnée validée,8,Calculée,12,Douteuse,7.332793134,48.728811149,QmnJ
A3410200,A341020001,2018-02-09,3834.0,2026-06-02T08:08:12Z,16,Donnée validée,8,Calculée,12,Douteuse,7.332793134,48.728811149,QmnJ
A3410200,A341020001,2018-02-10,3725.0,2026-06-02T08:08:12Z,16,Donnée validée,8,Calculée,12,Douteuse,7.332793134,48.728811149,QmnJ
A3410200,A341020001,2018-02-11,3677.0,2026-06-02T08:08:12Z,16,Donnée validée,8,Calculée,12,Douteuse,7.332793134,48.728811149,QmnJ
A3410200,A341020001,2018-02-12,3609.0,2026-06-02T08:08:12Z,16,Donnée validée,8,Calculée,12,Douteuse,7.332793134,48.728811149,QmnJ
A3410200,A341020001,2018-02-13,3366.0,2026-06-02T08:08:12Z,16,Donnée validée,8,Calculée,12,Douteuse,7.332793134,48.728811149,QmnJ
A3410200,A341020001,2018-02-14,3075.0,2026-06-02T08:08:12Z,16,Donnée validée,8,Calculée,12,Douteuse,7.332793134,48.728811149,QmnJ
A3410200,A341020001,2018-02-15,2994.0,2026-06-02T08:08:12Z,16,Donnée validée,10,Expertisée,20,Bonne,7.332793134,48.728811149,QmnJ
A3410200,A341020001,2018-02-16,3347.0,2026-06-02T08:08:12Z,16,Donnée validée,10,Expertisée,20,Bonne,7.332793134,48.728811149,QmnJ
A3410200,A341020001,2018-02-17,3120.0,2026-06-02T08:08:12Z,16,Donnée validée,10,Expertisée,20,Bonne,7.332793134,48.728811149,QmnJ
A3410200,A341020001,2018-02-18,3066.0,2026-06-02T08:08:12Z,16,Donnée validée,10,Expertisée,20,Bonne,7.332793134,48.728811149,QmnJ
A3410200,A341020001,2018-02-19,2913.0,2026-06-02T08:08:12Z,16,Donnée validée,10,Expertisée,20,Bonne,7.332793134,48.728811149,QmnJ
A3410200,A341020001,2018-02-20,2919.0,2026-06-02T08:08:12Z,16,Donnée validée,10,Expertisée,20,Bonne,7.332793134,48.728811149,QmnJ
A3410200,A341020001,2018-02-21,2750.0,2026-06-02T08:08:12Z,16,Donnée validée,10,Expertisée,20,Bonne,7.332793134,48.728811149,QmnJ
A3410200,A341020001,2018-02-22,2595.0,2026-06-02T08:08:12Z,16,Donnée validée,10,Expertisée,20,Bonne,7.332793134,48.728811149,QmnJ
A3410200,A341020001,2018-02-23,2530.0,2026-06-02T08:08:12Z,16,Donnée validée,10,Expertisée,20,Bonne,7.332793134,48.728811149,QmnJ
A3410200,A341020001,2018-02-24,2415.0,2026-06-02T08:08:12Z,16,Donnée validée,10,Expertisée,20,Bonne,7.332793134,48.728811149,QmnJ
A3410200,A341020001,2018-02-25,2281.0,2026-06-02T08:08:12Z,16,Donnée validée,10,Expertisée,20,Bonne,7.332793134,48.728811149,QmnJ
A3410200,A341020001,2018-02-26,2127.0,2026-06-02T08:08:12Z,16,Donnée validée,10,Expertisée,20,Bonne,7.332793134,48.728811149,QmnJ
A3410200,A341020001,2018-02-27,2070.0,2026-06-02T08:08:12Z,16,Donnée validée,10,Expertisée,20,Bonne,7.332793134,48.728811149,QmnJ
A3410200,A341020001,2018-02-28,2026.0,2026-06-02T08:08:12Z,16,Donnée validée,10,Expertisée,20,Bonne,7.332793134,48.728811149,QmnJ
A3410200,A341020001,2018-03-01,2086.0,2026-06-02T08:08:12Z,16,Donnée validée,10,Expertisée,20,Bonne,7.332793134,48.728811149,QmnJ
A3410200,A341020001,2018-03-02,2203.0,2026-06-02T08:08:12Z,16,Donnée validée,10,Expertisée,20,Bonne,7.332793134,48.728811149,QmnJ
A3410200,A341020001,2018-03-03,2199.0,2026-06-02T08:08:12Z,16,Donnée validée,10,Expertisée,20,Bonne,7.332793134,48.728811149,QmnJ
A3410200,A341020001,2018-03-04,2210.0,2026-06-02T08:08:12Z,16,Donnée validée,10,Expertisée,20,Bonne,7.332793134,48.728811149,QmnJ
A3410200,A341020001,2018-03-05,2190.0,2026-06-02T08:08:12Z,16,Donnée validée,10,Expertisée,20,Bonne,7.332793134,48.728811149,QmnJ
A3410200,A341020001,2018-03-06,2121.0,2026-06-02T08:08:12Z,16,Donnée validée,10,Expertisée,20,Bonne,7.332793134,48.728811149,QmnJ
A3410200,A341020001,2018-03-07,2064.0,2026-06-02T08:08:12Z,16,Donnée validée,10,Expertisée,20,Bonne,7.332793134,48.728811149,QmnJ
A3410200,A341020001,2018-03-08,2022.0,2026-06-02T08:08:12Z,16,Donnée validée,10,Expertisée,20,Bonne,7.332793134,48.728811149,QmnJ
A3410200,A341020001,2018-03-09,1828.0,2026-06-02T08:08:12Z,16,Donnée validée,10,Expertisée,20,Bonne,7.332793134,48.728811149,QmnJ
A3410200,A341020001,2018-03-10,1841.0,2026-06-02T08:08:12Z,16,Donnée validée,10,Expertisée,20,Bonne,7.332793134,48.728811149,QmnJ
A3410200,A341020001,2018-03-11,2155.0,2026-06-02T08:08:12Z,16,Donnée validée,10,Expertisée,20,Bonne,7.332793134,48.728811149,QmnJ
A3410200,A341020001,2018-03-12,2373.0,2026-06-02T08:08:12Z,16,Donnée validée,10,Expertisée,20,Bonne,7.332793134,48.728811149,QmnJ
A3410200,A341020001,2018-03-13,2515.0,2026-06-02T08:08:12Z,16,Donnée validée,10,Expertisée,20,Bonne,7.332793134,48.728811149,QmnJ
A3410200,A341020001,2018-03-14,2399.0,2026-06-02T08:08:12Z,16,Donnée validée,10,Expertisée,20,Bonne,7.332793134,48.728811149,QmnJ
A3410200,A341020001,2018-03-15,2340.0,2026-06-02T08:08:12Z,16,Donnée validée,10,Expertisée,20,Bonne,7.332793134,48.728811149,QmnJ
A3410200,A341020001,2018-03-16,2460.0,2026-06-02T08:08:12Z,16,Donnée validée,10,Expertisée,20,Bonne,7.332793134,48.728811149,QmnJ
A3410200,A341020001,2018-03-17,2304.0,2026-06-02T08:08:12Z,16,Donnée validée,10,Expertisée,20,Bonne,7.332793134,48.728811149,QmnJ
A3410200,A341020001,2018-03-18,2264.0,2026-06-02T08:08:12Z,16,Donnée validée,10,Expertisée,20,Bonne,7.332793134,48.728811149,QmnJ
A3410200,A341020001,2018-03-19,2093.0,2026-06-02T08:08:12Z,16,Donnée validée,10,Expertisée,20,Bonne,7.332793134,48.728811149,QmnJ
A3410200,A341020001,2018-03-20,1963.0,2026-06-02T08:08:12Z,16,Donnée validée,10,Expertisée,20,Bonne,7.332793134,48.728811149,QmnJ
A3410200,A341020001,2018-03-21,1769.0,2026-06-02T08:08:12Z,16,Donnée validée,10,Expertisée,20,Bonne,7.332793134,48.728811149,QmnJ
A3410200,A341020001,2018-03-22,1660.0,2026-06-02T08:08:12Z,16,Donnée validée,10,Expertisée,20,Bonne,7.332793134,48.728811149,QmnJ
A3410200,A341020001,2018-03-23,1900.0,2026-06-02T08:08:12Z,16,Donnée validée,10,Expertisée,20,Bonne,7.332793134,48.728811149,QmnJ
A3410200,A341020001,2018-03-24,1973.0,2026-06-02T08:08:12Z,16,Donnée validée,10,Expertisée,20,Bonne,7.332793134,48.728811149,QmnJ
A3410200,A341020001,2018-03-25,1901.0,2026-06-02T08:08:12Z,16,Donnée validée,10,Expertisée,20,Bonne,7.332793134,48.728811149,QmnJ
A3410200,A341020001,2018-03-26,1719.0,2026-06-02T08:08:12Z,16,Donnée validée,10,Expertisée,20,Bonne,7.332793134,48.728811149,QmnJ
A3410200,A341020001,2018-03-27,1601.0,2026-06-02T08:08:12Z,16,Donnée validée,10,Expertisée,20,Bonne,7.332793134,48.728811149,QmnJ
A3410200,A341020001,2018-03-28,2090.0,2026-06-02T08:08:12Z,16,Donnée validée,10,Expertisée,20,Bonne,7.332793134,48.728811149,QmnJ
A3410200,A341020001,2018-03-29,2376.0,2026-06-02T08:08:12Z,16,Donnée validée,10,Expertisée,20,Bonne,7.332793134,48.728811149,QmnJ
A3410200,A341020001,2018-03-30,2019.0,2026-06-02T08:08:12Z,16,Donnée validée,10,Expertisée,20,Bonne,7.332793134,48.728811149,QmnJ
A3410200,A341020001,2018-03-31,2047.0,2026-06-02T08:08:12Z,16,Donnée validée,10,Expertisée,20,Bonne,7.332793134,48.728811149,QmnJ
A3410200,A341020001,2018-04-01,1921.0,2026-06-02T08:08:12Z,16,Donnée validée,10,Expertisée,20,Bonne,7.332793134,48.728811149,QmnJ
A3410200,A341020001,2018-04-02,1719.0,2026-06-02T08:08:12Z,16,Donnée validée,10,Expertisée,20,Bonne,7.332793134,48.728811149,QmnJ
A3410200,A341020001,2018-04-03,1674.0,2026-06-02T08:08:12Z,16,Donnée validée,10,Expertisée,20,Bonne,7.332793134,48.728811149,QmnJ
A3410200,A341020001,2018-04-04,2049.0,2026-06-02T08:08:12Z,16,Donnée validée,10,Expertisée,20,Bonne,7.332793134,48.728811149,QmnJ
A3410200,A341020001,2018-04-05,2121.0,2026-06-02T08:08:12Z,16,Donnée validée,10,Expertisée,20,Bonne,7.332793134,48.728811149,QmnJ
A3410200,A341020001,2018-04-06,1735.0,2026-06-02T08:08:12Z,16,Donnée validée,10,Expertisée,20,Bonne,7.332793134,48.728811149,QmnJ
A3410200,A341020001,2018-04-07,1705.0,2026-06-02T08:08:12Z,16,Donnée validée,10,Expertisée,20,Bonne,7.332793134,48.728811149,QmnJ
A3410200,A341020001,2018-04-08,1646.0,2026-06-02T08:08:12Z,16,Donnée validée,10,Expertisée,20,Bonne,7.332793134,48.728811149,QmnJ
A3410200,A341020001,2018-04-09,1675.0,2026-06-02T08:08:12Z,16,Donnée validée,10,Expertisée,20,Bonne,7.332793134,48.728811149,QmnJ
A3410200,A341020001,2018-04-10,1816.0,2026-06-02T08:08:12Z,16,Donnée validée,10,Expertisée,20,Bonne,7.332793134,48.728811149,QmnJ
A3410200,A341020001,2018-04-11,1723.0,2026-06-02T08:08:12Z,16,Donnée validée,10,Expertisée,20,Bonne,7.332793134,48.728811149,QmnJ
A3410200,A341020001,2018-04-12,1644.0,2026-06-02T08:08:12Z,16,Donnée validée,10,Expertisée,20,Bonne,7.332793134,48.728811149,QmnJ
A3410200,A341020001,2018-04-13,1567.0,2026-06-02T08:08:12Z,16,Donnée validée,10,Expertisée,20,Bonne,7.332793134,48.728811149,QmnJ
A3410200,A341020001,2018-04-14,1396.0,2026-06-02T08:08:12Z,16,Donnée validée,10,Expertisée,20,Bonne,7.332793134,48.728811149,QmnJ
A3410200,A341020001,2018-04-15,1317.0,2026-06-02T08:08:12Z,16,Donnée validée,10,Expertisée,20,Bonne,7.332793134,48.728811149,QmnJ
A3410200,A341020001,2018-04-16,1304.0,2026-06-02T08:08:12Z,16,Donnée validée,10,Expertisée,20,Bonne,7.332793134,48.728811149,QmnJ
A3410200,A341020001,2018-04-17,1188.0,2026-06-02T08:08:12Z,16,Donnée validée,10,Expertisée,20,Bonne,7.332793134,48.728811149,QmnJ
A3410200,A341020001,2018-04-18,1078.0,2026-06-02T08:08:12Z,16,Donnée validée,10,Expertisée,20,Bonne,7.332793134,48.728811149,QmnJ
A3410200,A341020001,2018-04-19,1009.0,2026-06-02T08:08:12Z,16,Donnée validée,10,Expertisée,20,Bonne,7.332793134,48.728811149,QmnJ
A3410200,A341020001,2018-04-20,1059.0,2026-06-02T08:08:12Z,16,Donnée validée,10,Expertisée,20,Bonne,7.332793134,48.728811149,QmnJ
A3410200,A341020001,2018-04-21,1064.0,2026-06-02T08:08:12Z,16,Donnée validée,10,Expertisée,20,Bonne,7.332793134,48.728811149,QmnJ
A3410200,A341020001,2018-04-22,945.0,2026-06-02T08:08:12Z,16,Donnée validée,10,Expertisée,20,Bonne,7.332793134,48.728811149,QmnJ
A3410200,A341020001,2018-04-23,1053.0,2026-06-02T08:08:12Z,16,Donnée validée,10,Expertisée,20,Bonne,7.332793134,48.728811149,QmnJ
A3410200,A341020001,2018-04-24,1021.0,2026-06-02T08:08:12Z,16,Donnée validée,10,Expertisée,20,Bonne,7.332793134,48.728811149,QmnJ
A3410200,A341020001,2018-04-25,1014.0,2026-06-02T08:08:12Z,16,Donnée validée,10,Expertisée,20,Bonne,7.332793134,48.728811149,QmnJ
A3410200,A341020001,2018-04-26,1025.0,2026-06-02T08:08:12Z,16,Donnée validée,10,Expertisée,20,Bonne,7.332793134,48.728811149,QmnJ
A3410200,A341020001,2018-04-27,969.0,2026-06-02T08:08:12Z,16,Donnée validée,10,Expertisée,20,Bonne,7.332793134,48.728811149,QmnJ
A3410200,A341020001,2018-04-28,936.0,2026-06-02T08:08:12Z,16,Donnée validée,10,Expertisée,20,Bonne,7.332793134,48.728811149,QmnJ
A3410200,A341020001,2018-04-29,942.0,2026-06-02T08:08:12Z,16,Donnée validée,10,Expertisée,20,Bonne,7.332793134,48.728811149,QmnJ
A3410200,A341020001,2018-04-30,979.0,2026-06-02T08:08:12Z,16,Donnée validée,10,Expertisée,20,Bonne,7.332793134,48.728811149,QmnJ
A3410200,A341020001,2018-05-01,928.0,2026-06-02T08:08:12Z,16,Donnée validée,10,Expertisée,20,Bonne,7.332793134,48.728811149,QmnJ
A3410200,A341020001,2018-05-02,924.0,2026-06-02T08:08:12Z,16,Donnée validée,10,Expertisée,20,Bonne,7.332793134,48.728811149,QmnJ
A3410200,A341020001,2018-05-03,828.0,2026-06-02T08:08:12Z,16,Donnée validée,10,Expertisée,20,Bonne,7.332793134,48.728811149,QmnJ
A3410200,A341020001,2018-05-04,813.0,2026-06-02T08:08:12Z,16,Donnée validée,10,Expertisée,20,Bonne,7.332793134,48.728811149,QmnJ
A3410200,A341020001,2018-05-05,809.0,2026-06-02T08:08:12Z,16,Donnée validée,10,Expertisée,20,Bonne,7.332793134,48.728811149,QmnJ
A3410200,A341020001,2018-05-06,739.0,2026-06-02T08:08:12Z,16,Donnée validée,10,Expertisée,20,Bonne,7.332793134,48.728811149,QmnJ
A3410200,A341020001,2018-05-07,728.0,2026-06-02T08:08:12Z,16,Donnée validée,10,Expertisée,20,Bonne,7.332793134,48.728811149,QmnJ
A3410200,A341020001,2018-05-08,699.0,2026-06-02T08:08:12Z,16,Donnée validée,10,Expertisée,20,Bonne,7.332793134,48.728811149,QmnJ
A3410200,A341020001,2018-05-09,766.0,2026-06-02T08:08:12Z,16,Donnée validée,10,Expertisée,20,Bonne,7.332793134,48.728811149,QmnJ
A3410200,A341020001,2018-05-10,771.0,2026-06-02T08:08:12Z,16,Donnée validée,10,Expertisée,20,Bonne,7.332793134,48.728811149,QmnJ
A3410200,A341020001,2018-05-11,682.0,2026-06-02T08:08:12Z,16,Donnée validée,10,Expertisée,20,Bonne,7.332793134,48.728811149,QmnJ
A3410200,A341020001,2018-05-12,631.0,2026-06-02T08:08:12Z,16,Donnée validée,10,Expertisée,20,Bonne,7.332793134,48.728811149,QmnJ
A3410200,A341020001,2018-05-13,639.0,2026-06-02T08:08:12Z,16,Donnée validée,10,Expertisée,20,Bonne,7.332793134,48.728811149,QmnJ
A3410200,A341020001,2018-05-14,898.0,2026-06-02T08:08:12Z,16,Donnée validée,10,Expertisée,20,Bonne,7.332793134,48.728811149,QmnJ
A3410200,A341020001,2018-05-15,900.0,2026-06-02T08:08:12Z,16,Donnée validée,10,Expertisée,20,Bonne,7.332793134,48.728811149,QmnJ
A3410200,A341020001,2018-05-16,836.0,2026-06-02T08:08:12Z,16,Donnée validée,10,Expertisée,20,Bonne,7.332793134,48.728811149,QmnJ
A3410200,A341020001,2018-05-17,812.0,2026-06-02T08:08:12Z,16,Donnée validée,10,Expertisée,20,Bonne,7.332793134,48.728811149,QmnJ
A3410200,A341020001,2018-05-18,646.0,2026-06-02T08:08:12Z,16,Donnée validée,10,Expertisée,20,Bonne,7.332793134,48.728811149,QmnJ
A3410200,A341020001,2018-05-19,611.0,2026-06-02T08:08:12Z,16,Donnée validée,10,Expertisée,20,Bonne,7.332793134,48.728811149,QmnJ
A3410200,A341020001,2018-05-20,558.0,2026-06-02T08:08:12Z,16,Donnée validée,10,Expertisée,20,Bonne,7.332793134,48.728811149,QmnJ
A3410200,A341020001,2018-05-21,638.0,2026-06-02T08:08:12Z,16,Donnée validée,10,Expertisée,20,Bonne,7.332793134,48.728811149,QmnJ
A3410200,A341020001,2018-05-22,632.0,2026-06-02T08:08:12Z,16,Donnée validée,10,Expertisée,20,Bonne,7.332793134,48.728811149,QmnJ
A3410200,A341020001,2018-05-23,678.0,2026-06-02T08:08:12Z,16,Donnée validée,10,Expertisée,20,Bonne,7.332793134,48.728811149,QmnJ
A3410200,A341020001,2018-05-24,822.0,2026-06-02T08:08:12Z,16,Donnée validée,10,Expertisée,20,Bonne,7.332793134,48.728811149,QmnJ
A3410200,A341020001,2018-05-25,721.0,2026-06-02T08:08:12Z,16,Donnée validée,10,Expertisée,20,Bonne,7.332793134,48.728811149,QmnJ
A3410200,A341020001,2018-05-26,624.0,2026-06-02T08:08:12Z,16,Donnée validée,10,Expertisée,20,Bonne,7.332793134,48.728811149,QmnJ
A3410200,A341020001,2018-05-27,624.0,2026-06-02T08:08:12Z,16,Donnée validée,10,Expertisée,20,Bonne,7.332793134,48.728811149,QmnJ
A3410200,A341020001,2018-05-28,579.0,2026-06-02T08:08:12Z,16,Donnée validée,10,Expertisée,20,Bonne,7.332793134,48.728811149,QmnJ
A3410200,A341020001,2018-05-29,589.0,2026-06-02T08:08:12Z,16,Donnée validée,10,Expertisée,20,Bonne,7.332793134,48.728811149,QmnJ
A3410200,A341020001,2018-05-30,1326.0,2026-06-02T08:08:12Z,16,Donnée validée,10,Expertisée,20,Bonne,7.332793134,48.728811149,QmnJ
A3410200,A341020001,2018-05-31,2709.0,2026-06-02T08:08:12Z,16,Donnée validée,10,Expertisée,20,Bonne,7.332793134,48.728811149,QmnJ
A3410200,A341020001,2018-06-01,2393.0,2026-06-02T08:08:12Z,16,Donnée validée,10,Expertisée,20,Bonne,7.332793134,48.728811149,QmnJ
A3410200,A341020001,2018-06-02,1245.0,2026-06-02T08:08:12Z,16,Donnée validée,10,Expertisée,20,Bonne,7.332793134,48.728811149,QmnJ
A3410200,A341020001,2018-06-03,1063.0,2026-06-02T08:08:12Z,16,Donnée validée,10,Expertisée,20,Bonne,7.332793134,48.728811149,QmnJ
A3410200,A341020001,2018-06-04,958.0,2026-06-02T08:08:12Z,16,Donnée validée,10,Expertisée,20,Bonne,7.332793134,48.728811149,QmnJ
A3410200,A341020001,2018-06-05,868.0,2026-06-02T08:08:12Z,16,Donnée validée,10,Expertisée,20,Bonne,7.332793134,48.728811149,QmnJ
A3410200,A341020001,2018-06-06,912.0,2026-06-02T08:08:12Z,16,Donnée validée,10,Expertisée,20,Bonne,7.332793134,48.728811149,QmnJ
A3410200,A341020001,2018-06-07,2404.0,2026-06-02T08:08:12Z,16,Donnée validée,10,Expertisée,20,Bonne,7.332793134,48.728811149,QmnJ
A3410200,A341020001,2018-06-08,1362.0,2026-06-02T08:08:12Z,16,Donnée validée,10,Expertisée,20,Bonne,7.332793134,48.728811149,QmnJ
A3410200,A341020001,2018-06-09,1547.0,2026-06-02T08:08:12Z,16,Donnée validée,10,Expertisée,20,Bonne,7.332793134,48.728811149,QmnJ
A3410200,A341020001,2018-06-10,1535.0,2026-06-02T08:08:12Z,16,Donnée validée,10,Expertisée,20,Bonne,7.332793134,48.728811149,QmnJ
A3410200,A341020001,2018-06-11,2639.0,2026-06-02T08:08:12Z,16,Donnée validée,10,Expertisée,20,Bonne,7.332793134,48.728811149,QmnJ
A3410200,A341020001,2018-06-12,2490.0,2026-06-02T08:08:12Z,16,Donnée validée,10,Expertisée,20,Bonne,7.332793134,48.728811149,QmnJ
A3410200,A341020001,2018-06-13,2339.0,2026-06-02T08:08:12Z,16,Donnée validée,10,Expertisée,20,Bonne,7.332793134,48.728811149,QmnJ
A3410200,A341020001,2018-06-14,2067.0,2026-06-02T08:08:12Z,16,Donnée validée,10,Expertisée,20,Bonne,7.332793134,48.728811149,QmnJ
A3410200,A341020001,2018-06-15,1852.0,2026-06-02T08:08:12Z,16,Donnée validée,10,Expertisée,20,Bonne,7.332793134,48.728811149,QmnJ
A3410200,A341020001,2018-06-16,1676.0,2026-06-02T08:08:12Z,16,Donnée validée,10,Expertisée,20,Bonne,7.332793134,48.728811149,QmnJ
A3410200,A341020001,2018-06-17,1523.0,2026-06-02T08:08:12Z,16,Donnée validée,10,Expertisée,20,Bonne,7.332793134,48.728811149,QmnJ
A3410200,A341020001,2018-06-18,1377.0,2026-06-02T08:08:12Z,16,Donnée validée,10,Expertisée,20,Bonne,7.332793134,48.728811149,QmnJ
A3410200,A341020001,2018-06-19,1236.0,2026-06-02T08:08:12Z,16,Donnée validée,10,Expertisée,20,Bonne,7.332793134,48.728811149,QmnJ
A3410200,A341020001,2018-06-20,1150.0,2026-06-02T08:08:12Z,16,Donnée validée,10,Expertisée,20,Bonne,7.332793134,48.728811149,QmnJ
A3410200,A341020001,2018-06-21,1109.0,2026-06-02T08:08:12Z,16,Donnée validée,10,Expertisée,20,Bonne,7.332793134,48.728811149,QmnJ
A3410200,A341020001,2018-06-22,1027.0,2026-06-02T08:08:12Z,16,Donnée validée,10,Expertisée,20,Bonne,7.332793134,48.728811149,QmnJ
A3410200,A341020001,2018-06-23,944.0,2026-06-02T08:08:12Z,16,Donnée validée,10,Expertisée,20,Bonne,7.332793134,48.728811149,QmnJ
A3410200,A341020001,2018-06-24,898.0,2026-06-02T08:08:12Z,16,Donnée validée,10,Expertisée,20,Bonne,7.332793134,48.728811149,QmnJ
A3410200,A341020001,2018-06-25,866.0,2026-06-02T08:08:12Z,16,Donnée validée,10,Expertisée,20,Bonne,7.332793134,48.728811149,QmnJ
A3410200,A341020001,2018-06-26,819.0,2026-06-02T08:08:12Z,16,Donnée validée,10,Expertisée,20,Bonne,7.332793134,48.728811149,QmnJ
A3410200,A341020001,2018-06-27,776.0,2026-06-02T08:08:12Z,16,Donnée validée,10,Expertisée,20,Bonne,7.332793134,48.728811149,QmnJ
A3410200,A341020001,2018-06-28,742.0,2026-06-02T08:08:12Z,16,Donnée validée,10,Expertisée,20,Bonne,7.332793134,48.728811149,QmnJ
A3410200,A341020001,2018-06-29,711.0,2026-06-02T08:08:12Z,16,Donnée validée,10,Expertisée,20,Bonne,7.332793134,48.728811149,QmnJ
A3410200,A341020001,2018-06-30,695.0,2026-06-02T08:08:12Z,16,Donnée validée,10,Expertisée,20,Bonne,7.332793134,48.728811149,QmnJ
A3410200,A341020001,2018-07-01,681.0,2026-06-02T08:08:12Z,16,Donnée validée,10,Expertisée,20,Bonne,7.332793134,48.728811149,QmnJ
A3410200,A341020001,2018-07-02,672.0,2026-06-02T08:08:12Z,16,Donnée validée,10,Expertisée,20,Bonne,7.332793134,48.728811149,QmnJ
A3410200,A341020001,2018-07-03,675.0,2026-06-02T08:08:12Z,16,Donnée validée,10,Expertisée,20,Bonne,7.332793134,48.728811149,QmnJ
A3410200,A341020001,2018-07-04,673.0,2026-06-02T08:08:12Z,16,Donnée validée,10,Expertisée,20,Bonne,7.332793134,48.728811149,QmnJ
A3410200,A341020001,2018-07-05,694.0,2026-06-02T08:08:12Z,16,Donnée validée,10,Expertisée,20,Bonne,7.332793134,48.728811149,QmnJ
A3410200,A341020001,2018-07-06,755.0,2026-06-02T08:08:12Z,16,Donnée validée,10,Expertisée,20,Bonne,7.332793134,48.728811149,QmnJ
A3410200,A341020001,2018-07-07,678.0,2026-06-02T08:08:12Z,16,Donnée validée,10,Expertisée,20,Bonne,7.332793134,48.728811149,QmnJ
A3410200,A341020001,2018-07-08,610.0,2026-06-02T08:08:12Z,16,Donnée validée,10,Expertisée,20,Bonne,7.332793134,48.728811149,QmnJ
A3410200,A341020001,2018-07-09,582.0,2026-06-02T08:08:12Z,16,Donnée validée,10,Expertisée,20,Bonne,7.332793134,48.728811149,QmnJ
A3410200,A341020001,2018-07-10,575.0,2026-06-02T08:08:12Z,16,Donnée validée,10,Expertisée,20,Bonne,7.332793134,48.728811149,QmnJ
A3410200,A341020001,2018-07-11,620.0,2026-06-02T08:08:12Z,16,Donnée validée,10,Expertisée,20,Bonne,7.332793134,48.728811149,QmnJ
A3410200,A341020001,2018-07-12,694.0,2026-06-02T08:08:12Z,16,Donnée validée,10,Expertisée,20,Bonne,7.332793134,48.728811149,QmnJ
A3410200,A341020001,2018-07-13,679.0,2026-06-02T08:08:12Z,16,Donnée validée,10,Expertisée,20,Bonne,7.332793134,48.728811149,QmnJ
A3410200,A341020001,2018-07-14,661.0,2026-06-02T08:08:12Z,16,Donnée validée,10,Expertisée,20,Bonne,7.332793134,48.728811149,QmnJ
A3410200,A341020001,2018-07-15,675.0,2026-06-02T08:08:12Z,16,Donnée validée,10,Expertisée,20,Bonne,7.332793134,48.728811149,QmnJ
A3410200,A341020001,2018-07-16,661.0,2026-06-02T08:08:12Z,16,Donnée validée,10,Expertisée,20,Bonne,7.332793134,48.728811149,QmnJ
A3410200,A341020001,2018-07-17,639.0,2026-06-02T08:08:12Z,16,Donnée validée,10,Expertisée,20,Bonne,7.332793134,48.728811149,QmnJ
A3410200,A341020001,2018-07-18,670.0,2026-06-02T08:08:12Z,16,Donnée validée,10,Expertisée,20,Bonne,7.332793134,48.728811149,QmnJ
A3410200,A341020001,2018-07-19,661.0,2026-06-02T08:08:12Z,16,Donnée validée,10,Expertisée,20,Bonne,7.332793134,48.728811149,QmnJ
A3410200,A341020001,2018-07-20,642.0,2026-06-02T08:08:12Z,16,Donnée validée,10,Expertisée,20,Bonne,7.332793134,48.728811149,QmnJ
A3410200,A341020001,2018-07-21,838.0,2026-06-02T08:08:12Z,16,Donnée validée,10,Expertisée,20,Bonne,7.332793134,48.728811149,QmnJ
A3410200,A341020001,2018-07-22,714.0,2026-06-02T08:08:12Z,16,Donnée validée,10,Expertisée,20,Bonne,7.332793134,48.728811149,QmnJ
A3410200,A341020001,2018-07-23,680.0,2026-06-02T08:08:12Z,16,Donnée validée,10,Expertisée,20,Bonne,7.332793134,48.728811149,QmnJ
A3410200,A341020001,2018-07-24,646.0,2026-06-02T08:08:12Z,16,Donnée validée,10,Expertisée,20,Bonne,7.332793134,48.728811149,QmnJ
A3410200,A341020001,2018-07-25,615.0,2026-06-02T08:08:12Z,16,Donnée validée,10,Expertisée,20,Bonne,7.332793134,48.728811149,QmnJ
A3410200,A341020001,2018-07-26,576.0,2026-06-02T08:08:12Z,16,Donnée validée,10,Expertisée,20,Bonne,7.332793134,48.728811149,QmnJ
A3410200,A341020001,2018-07-27,562.0,2026-06-02T08:08:12Z,16,Donnée validée,10,Expertisée,20,Bonne,7.332793134,48.728811149,QmnJ
A3410200,A341020001,2018-07-28,614.0,2026-06-02T08:08:12Z,16,Donnée validée,10,Expertisée,20,Bonne,7.332793134,48.728811149,QmnJ
A3410200,A341020001,2018-07-29,619.0,2026-06-02T08:08:12Z,16,Donnée validée,10,Expertisée,20,Bonne,7.332793134,48.728811149,QmnJ
A3410200,A341020001,2018-07-30,592.0,2026-06-02T08:08:12Z,16,Donnée validée,10,Expertisée,20,Bonne,7.332793134,48.728811149,QmnJ
A3410200,A341020001,2018-07-31,600.0,2026-06-02T08:08:12Z,16,Donnée validée,10,Expertisée,20,Bonne,7.332793134,48.728811149,QmnJ
A3410200,A341020001,2018-08-01,728.0,2026-06-02T08:08:12Z,16,Donnée validée,10,Expertisée,20,Bonne,7.332793134,48.728811149,QmnJ
A3410200,A341020001,2018-08-02,699.0,2026-06-02T08:08:12Z,16,Donnée validée,10,Expertisée,20,Bonne,7.332793134,48.728811149,QmnJ
A3410200,A341020001,2018-08-03,603.0,2026-06-02T08:08:12Z,16,Donnée validée,10,Expertisée,20,Bonne,7.332793134,48.728811149,QmnJ
A3410200,A341020001,2018-08-04,634.0,2026-06-02T08:08:12Z,16,Donnée validée,10,Expertisée,20,Bonne,7.332793134,48.728811149,QmnJ
A3410200,A341020001,2018-08-05,644.0,2026-06-02T08:08:12Z,16,Donnée validée,10,Expertisée,20,Bonne,7.332793134,48.728811149,QmnJ
A3410200,A341020001,2018-08-06,619.0,2026-06-02T08:08:12Z,16,Donnée validée,10,Expertisée,20,Bonne,7.332793134,48.728811149,QmnJ
A3410200,A341020001,2018-08-07,655.0,2026-06-02T08:08:12Z,16,Donnée validée,10,Expertisée,20,Bonne,7.332793134,48.728811149,QmnJ
A3410200,A341020001,2018-08-08,622.0,2026-06-02T08:08:12Z,16,Donnée validée,10,Expertisée,12,Douteuse,7.332793134,48.728811149,QmnJ
A3410200,A341020001,2018-08-09,729.0,2026-06-02T08:08:12Z,16,Donnée validée,10,Expertisée,20,Bonne,7.332793134,48.728811149,QmnJ
A3410200,A341020001,2018-08-10,699.0,2026-06-02T08:08:12Z,16,Donnée validée,10,Expertisée,20,Bonne,7.332793134,48.728811149,QmnJ
A3410200,A341020001,2018-08-11,586.0,2026-06-02T08:08:12Z,16,Donnée validée,10,Expertisée,20,Bonne,7.332793134,48.728811149,QmnJ
A3410200,A341020001,2018-08-12,573.0,2026-06-02T08:08:12Z,16,Donnée validée,10,Expertisée,20,Bonne,7.332793134,48.728811149,QmnJ
A3410200,A341020001,2018-08-13,645.0,2026-06-02T08:08:12Z,16,Donnée validée,10,Expertisée,20,Bonne,7.332793134,48.728811149,QmnJ
A3410200,A341020001,2018-08-14,656.0,2026-06-02T08:08:12Z,16,Donnée validée,10,Expertisée,20,Bonne,7.332793134,48.728811149,QmnJ
A3410200,A341020001,2018-08-15,637.0,2026-06-02T08:08:12Z,16,Donnée validée,10,Expertisée,20,Bonne,7.332793134,48.728811149,QmnJ
A3410200,A341020001,2018-08-16,587.0,2026-06-02T08:08:12Z,16,Donnée validée,10,Expertisée,20,Bonne,7.332793134,48.728811149,QmnJ
A3410200,A341020001,2018-08-17,619.0,2026-06-02T08:08:12Z,16,Donnée validée,10,Expertisée,20,Bonne,7.332793134,48.728811149,QmnJ
A3410200,A341020001,2018-08-18,748.0,2026-06-02T08:08:12Z,16,Donnée validée,10,Expertisée,20,Bonne,7.332793134,48.728811149,QmnJ
A3410200,A341020001,2018-08-19,595.0,2026-06-02T08:08:12Z,16,Donnée validée,10,Expertisée,20,Bonne,7.332793134,48.728811149,QmnJ
A3410200,A341020001,2018-08-20,538.0,2026-06-02T08:08:12Z,16,Donnée validée,10,Expertisée,20,Bonne,7.332793134,48.728811149,QmnJ
A3410200,A341020001,2018-08-21,559.0,2026-06-02T08:08:12Z,16,Donnée validée,10,Expertisée,20,Bonne,7.332793134,48.728811149,QmnJ
A3410200,A341020001,2018-08-22,573.0,2026-06-02T08:08:12Z,16,Donnée validée,10,Expertisée,20,Bonne,7.332793134,48.728811149,QmnJ
A3410200,A341020001,2018-08-23,580.0,2026-06-02T08:08:12Z,16,Donnée validée,10,Expertisée,20,Bonne,7.332793134,48.728811149,QmnJ
A3410200,A341020001,2018-08-24,561.0,2026-06-02T08:08:12Z,16,Donnée validée,10,Expertisée,20,Bonne,7.332793134,48.728811149,QmnJ
A3410200,A341020001,2018-08-25,610.0,2026-06-02T08:08:12Z,16,Donnée validée,10,Expertisée,20,Bonne,7.332793134,48.728811149,QmnJ
A3410200,A341020001,2018-08-26,587.0,2026-06-02T08:08:12Z,16,Donnée validée,10,Expertisée,20,Bonne,7.332793134,48.728811149,QmnJ
A3410200,A341020001,2018-08-27,576.0,2026-06-02T08:08:12Z,16,Donnée validée,10,Expertisée,20,Bonne,7.332793134,48.728811149,QmnJ
A3410200,A341020001,2018-08-28,560.0,2026-06-02T08:08:12Z,16,Donnée validée,10,Expertisée,20,Bonne,7.332793134,48.728811149,QmnJ
A3410200,A341020001,2018-08-29,617.0,2026-06-02T08:08:12Z,16,Donnée validée,10,Expertisée,12,Douteuse,7.332793134,48.728811149,QmnJ
A3410200,A341020001,2018-08-30,756.0,2026-06-02T08:08:12Z,16,Donnée validée,10,Expertisée,20,Bonne,7.332793134,48.728811149,QmnJ
A3410200,A341020001,2018-08-31,670.0,2026-06-02T08:08:12Z,16,Donnée validée,10,Expertisée,20,Bonne,7.332793134,48.728811149,QmnJ
A3410200,A341020001,2018-09-01,635.0,2026-06-02T08:08:12Z,16,Donnée validée,10,Expertisée,20,Bonne,7.332793134,48.728811149,QmnJ
A3410200,A341020001,2018-09-02,613.0,2026-06-02T08:08:12Z,16,Donnée validée,10,Expertisée,20,Bonne,7.332793134,48.728811149,QmnJ
A3410200,A341020001,2018-09-03,623.0,2026-06-02T08:08:12Z,16,Donnée validée,10,Expertisée,12,Douteuse,7.332793134,48.728811149,QmnJ
A3410200,A341020001,2018-09-04,625.0,2026-06-02T08:08:12Z,16,Donnée validée,10,Expertisée,20,Bonne,7.332793134,48.728811149,QmnJ
A3410200,A341020001,2018-09-05,623.0,2026-06-02T08:08:12Z,16,Donnée validée,10,Expertisée,12,Douteuse,7.332793134,48.728811149,QmnJ
A3410200,A341020001,2018-09-06,985.0,2026-06-02T08:08:12Z,16,Donnée validée,10,Expertisée,20,Bonne,7.332793134,48.728811149,QmnJ
A3410200,A341020001,2018-09-07,1076.0,2026-06-02T08:08:12Z,16,Donnée validée,10,Expertisée,20,Bonne,7.332793134,48.728811149,QmnJ
A3410200,A341020001,2018-09-08,736.0,2026-06-02T08:08:12Z,16,Donnée validée,10,Expertisée,20,Bonne,7.332793134,48.728811149,QmnJ
A3410200,A341020001,2018-09-09,679.0,2026-06-02T08:08:12Z,16,Donnée validée,10,Expertisée,20,Bonne,7.332793134,48.728811149,QmnJ
A3410200,A341020001,2018-09-10,618.0,2026-06-02T08:08:12Z,16,Donnée validée,10,Expertisée,20,Bonne,7.332793134,48.728811149,QmnJ
A3410200,A341020001,2018-09-11,561.0,2026-06-02T08:08:12Z,16,Donnée validée,10,Expertisée,20,Bonne,7.332793134,48.728811149,QmnJ
A3410200,A341020001,2018-09-12,524.0,2026-06-02T08:08:12Z,16,Donnée validée,10,Expertisée,20,Bonne,7.332793134,48.728811149,QmnJ
A3410200,A341020001,2018-09-13,561.0,2026-06-02T08:08:12Z,16,Donnée validée,10,Expertisée,20,Bonne,7.332793134,48.728811149,QmnJ
A3410200,A341020001,2018-09-14,650.0,2026-06-02T08:08:12Z,16,Donnée validée,10,Expertisée,20,Bonne,7.332793134,48.728811149,QmnJ
A3410200,A341020001,2018-09-15,587.0,2026-06-02T08:08:12Z,16,Donnée validée,10,Expertisée,20,Bonne,7.332793134,48.728811149,QmnJ
A3410200,A341020001,2018-09-16,526.0,2026-06-02T08:08:12Z,16,Donnée validée,10,Expertisée,20,Bonne,7.332793134,48.728811149,QmnJ
A3410200,A341020001,2018-09-17,504.0,2026-06-02T08:08:12Z,16,Donnée validée,10,Expertisée,20,Bonne,7.332793134,48.728811149,QmnJ
A3410200,A341020001,2018-09-18,490.0,2026-06-02T08:08:12Z,16,Donnée validée,10,Expertisée,20,Bonne,7.332793134,48.728811149,QmnJ
A3410200,A341020001,2018-09-19,474.0,2026-06-02T08:08:12Z,16,Donnée validée,10,Expertisée,20,Bonne,7.332793134,48.728811149,QmnJ
A3410200,A341020001,2018-09-20,461.0,2026-06-02T08:08:12Z,16,Donnée validée,10,Expertisée,20,Bonne,7.332793134,48.728811149,QmnJ
A3410200,A341020001,2018-09-21,507.0,2026-06-02T08:08:12Z,16,Donnée validée,10,Expertisée,20,Bonne,7.332793134,48.728811149,QmnJ
A3410200,A341020001,2018-09-22,595.0,2026-06-02T08:08:12Z,16,Donnée validée,10,Expertisée,20,Bonne,7.332793134,48.728811149,QmnJ
A3410200,A341020001,2018-09-23,980.0,2026-06-02T08:08:12Z,16,Donnée validée,10,Expertisée,20,Bonne,7.332793134,48.728811149,QmnJ
A3410200,A341020001,2018-09-24,1026.0,2026-06-02T08:08:12Z,16,Donnée validée,10,Expertisée,20,Bonne,7.332793134,48.728811149,QmnJ
A3410200,A341020001,2018-09-25,627.0,2026-06-02T08:08:12Z,16,Donnée validée,10,Expertisée,20,Bonne,7.332793134,48.728811149,QmnJ
A3410200,A341020001,2018-09-26,539.0,2026-06-02T08:08:12Z,16,Donnée validée,10,Expertisée,20,Bonne,7.332793134,48.728811149,QmnJ
A3410200,A341020001,2018-09-27,504.0,2026-06-02T08:08:12Z,16,Donnée validée,10,Expertisée,20,Bonne,7.332793134,48.728811149,QmnJ
A3410200,A341020001,2018-09-28,488.0,2026-06-02T08:08:12Z,16,Donnée validée,10,Expertisée,20,Bonne,7.332793134,48.728811149,QmnJ
A3410200,A341020001,2018-09-29,493.0,2026-06-02T08:08:12Z,16,Donnée validée,10,Expertisée,20,Bonne,7.332793134,48.728811149,QmnJ
A3410200,A341020001,2018-09-30,565.0,2026-06-02T08:08:12Z,16,Donnée validée,10,Expertisée,20,Bonne,7.332793134,48.728811149,QmnJ
A3410200,A341020001,2018-10-01,590.0,2026-06-02T08:08:12Z,16,Donnée validée,10,Expertisée,20,Bonne,7.332793134,48.728811149,QmnJ
A3410200,A341020001,2018-10-02,556.0,2026-06-02T08:08:12Z,16,Donnée validée,10,Expertisée,20,Bonne,7.332793134,48.728811149,QmnJ
A3410200,A341020001,2018-10-03,616.0,2026-06-02T08:08:12Z,16,Donnée validée,10,Expertisée,20,Bonne,7.332793134,48.728811149,QmnJ
A3410200,A341020001,2018-10-04,654.0,2026-06-02T08:08:12Z,16,Donnée validée,10,Expertisée,20,Bonne,7.332793134,48.728811149,QmnJ
A3410200,A341020001,2018-10-05,611.0,2026-06-02T08:08:12Z,16,Donnée validée,10,Expertisée,20,Bonne,7.332793134,48.728811149,QmnJ
A3410200,A341020001,2018-10-06,620.0,2026-06-02T08:08:12Z,16,Donnée validée,10,Expertisée,20,Bonne,7.332793134,48.728811149,QmnJ
A3410200,A341020001,2018-10-07,586.0,2026-06-02T08:08:12Z,16,Donnée validée,10,Expertisée,20,Bonne,7.332793134,48.728811149,QmnJ
A3410200,A341020001,2018-10-08,590.0,2026-06-02T08:08:12Z,16,Donnée validée,10,Expertisée,20,Bonne,7.332793134,48.728811149,QmnJ
A3410200,A341020001,2018-10-09,569.0,2026-06-02T08:08:12Z,16,Donnée validée,10,Expertisée,20,Bonne,7.332793134,48.728811149,QmnJ
A3410200,A341020001,2018-10-10,556.0,2026-06-02T08:08:12Z,16,Donnée validée,10,Expertisée,20,Bonne,7.332793134,48.728811149,QmnJ
A3410200,A341020001,2018-10-11,561.0,2026-06-02T08:08:12Z,16,Donnée validée,10,Expertisée,20,Bonne,7.332793134,48.728811149,QmnJ
A3410200,A341020001,2018-10-12,559.0,2026-06-02T08:08:12Z,16,Donnée validée,10,Expertisée,20,Bonne,7.332793134,48.728811149,QmnJ
A3410200,A341020001,2018-10-13,547.0,2026-06-02T08:08:12Z,16,Donnée validée,10,Expertisée,20,Bonne,7.332793134,48.728811149,QmnJ
A3410200,A341020001,2018-10-14,560.0,2026-06-02T08:08:12Z,16,Donnée validée,10,Expertisée,20,Bonne,7.332793134,48.728811149,QmnJ
A3410200,A341020001,2018-10-15,567.0,2026-06-02T08:08:12Z,16,Donnée validée,10,Expertisée,20,Bonne,7.332793134,48.728811149,QmnJ
A3410200,A341020001,2018-10-16,577.0,2026-06-02T08:08:12Z,16,Donnée validée,10,Expertisée,20,Bonne,7.332793134,48.728811149,QmnJ
A3410200,A341020001,2018-10-17,560.0,2026-06-02T08:08:12Z,16,Donnée validée,10,Expertisée,20,Bonne,7.332793134,48.728811149,QmnJ
A3410200,A341020001,2018-10-18,546.0,2026-06-02T08:08:12Z,16,Donnée validée,10,Expertisée,20,Bonne,7.332793134,48.728811149,QmnJ
A3410200,A341020001,2018-10-19,530.0,2026-06-02T08:08:12Z,16,Donnée validée,10,Expertisée,20,Bonne,7.332793134,48.728811149,QmnJ
A3410200,A341020001,2018-10-20,522.0,2026-06-02T08:08:12Z,16,Donnée validée,10,Expertisée,20,Bonne,7.332793134,48.728811149,QmnJ
A3410200,A341020001,2018-10-21,492.0,2026-06-02T08:08:12Z,16,Donnée validée,10,Expertisée,20,Bonne,7.332793134,48.728811149,QmnJ
A3410200,A341020001,2018-10-22,500.0,2026-06-02T08:08:12Z,16,Donnée validée,10,Expertisée,20,Bonne,7.332793134,48.728811149,QmnJ
A3410200,A341020001,2018-10-23,575.0,2026-06-02T08:08:12Z,16,Donnée validée,10,Expertisée,20,Bonne,7.332793134,48.728811149,QmnJ
A3410200,A341020001,2018-10-24,552.0,2026-06-02T08:08:12Z,16,Donnée validée,10,Expertisée,20,Bonne,7.332793134,48.728811149,QmnJ
A3410200,A341020001,2018-10-25,606.0,2026-06-02T08:08:12Z,16,Donnée validée,10,Expertisée,20,Bonne,7.332793134,48.728811149,QmnJ
A3410200,A341020001,2018-10-26,587.0,2026-06-02T08:08:12Z,16,Donnée validée,10,Expertisée,20,Bonne,7.332793134,48.728811149,QmnJ
A3410200,A341020001,2018-10-27,617.0,2026-06-02T08:08:12Z,16,Donnée validée,10,Expertisée,20,Bonne,7.332793134,48.728811149,QmnJ
A3410200,A341020001,2018-10-28,766.0,2026-06-02T08:08:12Z,16,Donnée validée,10,Expertisée,20,Bonne,7.332793134,48.728811149,QmnJ
A3410200,A341020001,2018-10-29,848.0,2026-06-02T08:08:12Z,16,Donnée validée,10,Expertisée,20,Bonne,7.332793134,48.728811149,QmnJ
A3410200,A341020001,2018-10-30,904.0,2026-06-02T08:08:12Z,16,Donnée validée,10,Expertisée,20,Bonne,7.332793134,48.728811149,QmnJ
A3410200,A341020001,2018-10-31,727.0,2026-06-02T08:08:12Z,16,Donnée validée,10,Expertisée,20,Bonne,7.332793134,48.728811149,QmnJ
A3410200,A341020001,2018-11-01,677.0,2026-06-02T08:08:12Z,16,Donnée validée,10,Expertisée,20,Bonne,7.332793134,48.728811149,QmnJ
A3410200,A341020001,2018-11-02,668.0,2026-06-02T08:08:12Z,16,Donnée validée,10,Expertisée,20,Bonne,7.332793134,48.728811149,QmnJ
A3410200,A341020001,2018-11-03,634.0,2026-06-02T08:08:12Z,16,Donnée validée,10,Expertisée,20,Bonne,7.332793134,48.728811149,QmnJ
A3410200,A341020001,2018-11-04,619.0,2026-06-02T08:08:12Z,16,Donnée validée,10,Expertisée,20,Bonne,7.332793134,48.728811149,QmnJ
A3410200,A341020001,2018-11-05,630.0,2026-06-02T08:08:12Z,16,Donnée validée,10,Expertisée,20,Bonne,7.332793134,48.728811149,QmnJ
A3410200,A341020001,2018-11-06,590.0,2026-06-02T08:08:12Z,16,Donnée validée,10,Expertisée,20,Bonne,7.332793134,48.728811149,QmnJ
A3410200,A341020001,2018-11-07,572.0,2026-06-02T08:08:12Z,16,Donnée validée,10,Expertisée,20,Bonne,7.332793134,48.728811149,QmnJ
A3410200,A341020001,2018-11-08,604.0,2026-06-02T08:08:12Z,16,Donnée validée,10,Expertisée,20,Bonne,7.332793134,48.728811149,QmnJ
A3410200,A341020001,2018-11-09,576.0,2026-06-02T08:08:12Z,16,Donnée validée,10,Expertisée,20,Bonne,7.332793134,48.728811149,QmnJ
A3410200,A341020001,2018-11-10,587.0,2026-06-02T08:08:12Z,16,Donnée validée,10,Expertisée,20,Bonne,7.332793134,48.728811149,QmnJ
A3410200,A341020001,2018-11-11,626.0,2026-06-02T08:08:12Z,16,Donnée validée,10,Expertisée,20,Bonne,7.332793134,48.728811149,QmnJ
A3410200,A341020001,2018-11-12,540.0,2026-06-02T08:08:12Z,16,Donnée validée,10,Expertisée,20,Bonne,7.332793134,48.728811149,QmnJ
A3410200,A341020001,2018-11-13,862.0,2026-06-02T08:08:12Z,16,Donnée validée,10,Expertisée,20,Bonne,7.332793134,48.728811149,QmnJ
A3410200,A341020001,2018-11-14,652.0,2026-06-02T08:08:12Z,16,Donnée validée,10,Expertisée,20,Bonne,7.332793134,48.728811149,QmnJ
A3410200,A341020001,2018-11-15,597.0,2026-06-02T08:08:12Z,16,Donnée validée,10,Expertisée,20,Bonne,7.332793134,48.728811149,QmnJ
A3410200,A341020001,2018-11-16,575.0,2026-06-02T08:08:12Z,16,Donnée validée,10,Expertisée,20,Bonne,7.332793134,48.728811149,QmnJ
A3410200,A341020001,2018-11-17,563.0,2026-06-02T08:08:12Z,16,Donnée validée,10,Expertisée,20,Bonne,7.332793134,48.728811149,QmnJ
A3410200,A341020001,2018-11-18,548.0,2026-06-02T08:08:12Z,16,Donnée validée,10,Expertisée,20,Bonne,7.332793134,48.728811149,QmnJ
A3410200,A341020001,2018-11-19,552.0,2026-06-02T08:08:12Z,16,Donnée validée,10,Expertisée,20,Bonne,7.332793134,48.728811149,QmnJ
A3410200,A341020001,2018-11-20,553.0,2026-06-02T08:08:12Z,16,Donnée validée,10,Expertisée,20,Bonne,7.332793134,48.728811149,QmnJ
A3410200,A341020001,2018-11-21,441.0,2026-06-02T08:08:12Z,16,Donnée validée,10,Expertisée,12,Douteuse,7.332793134,48.728811149,QmnJ
A3410200,A341020001,2018-11-22,414.0,2026-06-02T08:08:12Z,16,Donnée validée,10,Expertisée,20,Bonne,7.332793134,48.728811149,QmnJ
A3410200,A341020001,2018-11-23,428.0,2026-06-02T08:08:12Z,16,Donnée validée,10,Expertisée,20,Bonne,7.332793134,48.728811149,QmnJ
A3410200,A341020001,2018-11-24,484.0,2026-06-02T08:08:12Z,16,Donnée validée,10,Expertisée,20,Bonne,7.332793134,48.728811149,QmnJ
A3410200,A341020001,2018-11-25,378.0,2026-06-02T08:08:12Z,16,Donnée validée,10,Expertisée,12,Douteuse,7.332793134,48.728811149,QmnJ
A3410200,A341020001,2018-11-26,376.0,2026-06-02T08:08:12Z,16,Donnée validée,10,Expertisée,20,Bonne,7.332793134,48.728811149,QmnJ
A3410200,A341020001,2018-11-27,498.0,2026-06-02T08:08:12Z,16,Donnée validée,10,Expertisée,20,Bonne,7.332793134,48.728811149,QmnJ
A3410200,A341020001,2018-11-28,458.0,2026-06-02T08:08:12Z,16,Donnée validée,10,Expertisée,20,Bonne,7.332793134,48.728811149,QmnJ
A3410200,A341020001,2018-11-29,425.0,2026-06-02T08:08:12Z,16,Donnée validée,10,Expertisée,20,Bonne,7.332793134,48.728811149,QmnJ
A3410200,A341020001,2018-11-30,404.0,2026-06-02T08:08:12Z,16,Donnée validée,10,Expertisée,20,Bonne,7.332793134,48.728811149,QmnJ
A3410200,A341020001,2018-12-01,393.0,2026-06-02T08:08:12Z,16,Donnée validée,10,Expertisée,20,Bonne,7.332793134,48.728811149,QmnJ
A3410200,A341020001,2018-12-02,607.0,2026-06-02T08:08:12Z,16,Donnée validée,10,Expertisée,20,Bonne,7.332793134,48.728811149,QmnJ
A3410200,A341020001,2018-12-03,583.0,2026-06-02T08:08:12Z,16,Donnée validée,10,Expertisée,12,Douteuse,7.332793134,48.728811149,QmnJ
A3410200,A341020001,2018-12-04,733.0,2026-06-02T08:08:12Z,16,Donnée validée,10,Expertisée,20,Bonne,7.332793134,48.728811149,QmnJ
A3410200,A341020001,2018-12-05,409.0,2026-06-02T08:08:12Z,16,Donnée validée,10,Expertisée,12,Douteuse,7.332793134,48.728811149,QmnJ
A3410200,A341020001,2018-12-06,425.0,2026-06-02T08:08:12Z,16,Donnée validée,10,Expertisée,12,Douteuse,7.332793134,48.728811149,QmnJ
A3410200,A341020001,2018-12-07,430.0,2026-06-02T08:08:12Z,16,Donnée validée,10,Expertisée,20,Bonne,7.332793134,48.728811149,QmnJ
A3410200,A341020001,2018-12-08,443.0,2026-06-02T08:08:12Z,16,Donnée validée,10,Expertisée,20,Bonne,7.332793134,48.728811149,QmnJ
A3410200,A341020001,2018-12-09,741.0,2026-06-02T08:08:12Z,16,Donnée validée,10,Expertisée,20,Bonne,7.332793134,48.728811149,QmnJ
A3410200,A341020001,2018-12-10,727.0,2026-06-02T08:08:12Z,16,Donnée validée,10,Expertisée,20,Bonne,7.332793134,48.728811149,QmnJ
A3410200,A341020001,2018-12-11,441.0,2026-06-02T08:08:12Z,16,Donnée validée,10,Expertisée,20,Bonne,7.332793134,48.728811149,QmnJ
A3410200,A341020001,2018-12-12,380.0,2026-06-02T08:08:12Z,16,Donnée validée,10,Expertisée,20,Bonne,7.332793134,48.728811149,QmnJ
A3410200,A341020001,2018-12-13,383.0,2026-06-02T08:08:12Z,16,Donnée validée,10,Expertisée,20,Bonne,7.332793134,48.728811149,QmnJ
A3410200,A341020001,2018-12-14,398.0,2026-06-02T08:08:12Z,16,Donnée validée,10,Expertisée,12,Douteuse,7.332793134,48.728811149,QmnJ
A3410200,A341020001,2018-12-15,328.0,2026-06-02T08:08:12Z,16,Donnée validée,10,Expertisée,12,Douteuse,7.332793134,48.728811149,QmnJ
A3410200,A341020001,2018-12-16,352.0,2026-06-02T08:08:12Z,16,Donnée validée,10,Expertisée,12,Douteuse,7.332793134,48.728811149,QmnJ
A3410200,A341020001,2018-12-17,397.0,2026-06-02T08:08:12Z,16,Donnée validée,10,Expertisée,20,Bonne,7.332793134,48.728811149,QmnJ
A3410200,A341020001,2018-12-18,353.0,2026-06-02T08:08:12Z,16,Donnée validée,10,Expertisée,12,Douteuse,7.332793134,48.728811149,QmnJ
A3410200,A341020001,2018-12-19,322.0,2026-06-02T08:08:12Z,16,Donnée validée,10,Expertisée,12,Douteuse,7.332793134,48.728811149,QmnJ
A3410200,A341020001,2018-12-20,339.0,2026-06-02T08:08:12Z,16,Donnée validée,10,Expertisée,12,Douteuse,7.332793134,48.728811149,QmnJ
A3410200,A341020001,2018-12-21,462.0,2026-06-02T08:08:12Z,16,Donnée validée,10,Expertisée,12,Douteuse,7.332793134,48.728811149,QmnJ
A3410200,A341020001,2018-12-22,1322.0,2026-06-02T08:08:12Z,16,Donnée validée,10,Expertisée,20,Bonne,7.332793134,48.728811149,QmnJ
A3410200,A341020001,2018-12-23,994.0,2026-06-02T08:08:12Z,16,Donnée validée,10,Expertisée,20,Bonne,7.332793134,48.728811149,QmnJ
A3410200,A341020001,2018-12-24,2777.0,2026-06-02T08:08:12Z,16,Donnée validée,10,Expertisée,20,Bonne,7.332793134,48.728811149,QmnJ
A3410200,A341020001,2018-12-25,1404.0,2026-06-02T08:08:12Z,16,Donnée validée,10,Expertisée,20,Bonne,7.332793134,48.728811149,QmnJ
A3410200,A341020001,2018-12-26,1114.0,2026-06-02T08:08:12Z,16,Donnée validée,10,Expertisée,20,Bonne,7.332793134,48.728811149,QmnJ
A3410200,A341020001,2018-12-27,929.0,2026-06-02T08:08:12Z,16,Donnée validée,10,Expertisée,20,Bonne,7.332793134,48.728811149,QmnJ
A3410200,A341020001,2018-12-28,774.0,2026-06-02T08:08:12Z,16,Donnée validée,10,Expertisée,20,Bonne,7.332793134,48.728811149,QmnJ
A3410200,A341020001,2018-12-29,643.0,2026-06-02T08:08:12Z,16,Donnée validée,10,Expertisée,20,Bonne,7.332793134,48.728811149,QmnJ
A3410200,A341020001,2018-12-30,600.0,2026-06-02T08:08:12Z,16,Donnée validée,10,Expertisée,20,Bonne,7.332793134,48.728811149,QmnJ
A3410200,A341020001,2018-12-31,625.0,2026-06-02T08:08:12Z,16,Donnée validée,10,Expertisée,20,Bonne,7.332793134,48.728811149,QmnJ
A3410200,A341020001,2019-01-01,519.0,2026-06-02T08:08:12Z,16,Donnée validée,10,Expertisée,20,Bonne,7.332793134,48.728811149,QmnJ
A3410200,A341020001,2019-01-02,497.0,2026-06-02T08:08:12Z,16,Donnée validée,10,Expertisée,20,Bonne,7.332793134,48.728811149,QmnJ
A3410200,A341020001,2019-01-03,439.0,2026-06-02T08:08:12Z,16,Donnée validée,10,Expertisée,20,Bonne,7.332793134,48.728811149,QmnJ
A3410200,A341020001,2019-01-04,469.0,2026-06-02T08:08:12Z,16,Donnée validée,10,Expertisée,20,Bonne,7.332793134,48.728811149,QmnJ
A3410200,A341020001,2019-01-05,554.0,2026-06-02T08:08:12Z,16,Donnée validée,10,Expertisée,20,Bonne,7.332793134,48.728811149,QmnJ
A3410200,A341020001,2019-01-06,660.0,2026-06-02T08:08:12Z,16,Donnée validée,10,Expertisée,20,Bonne,7.332793134,48.728811149,QmnJ
A3410200,A341020001,2019-01-07,626.0,2026-06-02T08:08:12Z,16,Donnée validée,10,Expertisée,20,Bonne,7.332793134,48.728811149,QmnJ
A3410200,A341020001,2019-01-08,781.0,2026-06-02T08:08:12Z,16,Donnée validée,10,Expertisée,20,Bonne,7.332793134,48.728811149,QmnJ
A3410200,A341020001,2019-01-09,713.0,2026-06-02T08:08:12Z,16,Donnée validée,10,Expertisée,20,Bonne,7.332793134,48.728811149,QmnJ
A3410200,A341020001,2019-01-10,642.0,2026-06-02T08:08:12Z,16,Donnée validée,10,Expertisée,20,Bonne,7.332793134,48.728811149,QmnJ
A3410200,A341020001,2019-01-11,550.0,2026-06-02T08:08:12Z,16,Donnée validée,10,Expertisée,20,Bonne,7.332793134,48.728811149,QmnJ
A3410200,A341020001,2019-01-12,564.0,2026-06-02T08:08:12Z,16,Donnée validée,10,Expertisée,20,Bonne,7.332793134,48.728811149,QmnJ
A3410200,A341020001,2019-01-13,2559.0,2026-06-02T08:08:12Z,16,Donnée validée,10,Expertisée,20,Bonne,7.332793134,48.728811149,QmnJ
A3410200,A341020001,2019-01-14,5041.0,2026-06-02T08:08:12Z,16,Donnée validée,10,Expertisée,20,Bonne,7.332793134,48.728811149,QmnJ
A3410200,A341020001,2019-01-15,3752.0,2026-06-02T08:08:12Z,16,Donnée validée,10,Expertisée,20,Bonne,7.332793134,48.728811149,QmnJ
A3410200,A341020001,2019-01-16,2952.0,2026-06-02T08:08:12Z,16,Donnée validée,10,Expertisée,20,Bonne,7.332793134,48.728811149,QmnJ
A3410200,A341020001,2019-01-17,2675.0,2026-06-02T08:08:12Z,16,Donnée validée,10,Expertisée,20,Bonne,7.332793134,48.728811149,QmnJ
A3410200,A341020001,2019-01-18,2204.0,2026-06-02T08:08:12Z,16,Donnée validée,10,Expertisée,20,Bonne,7.332793134,48.728811149,QmnJ
A3410200,A341020001,2019-01-19,1796.0,2026-06-02T08:08:12Z,16,Donnée validée,10,Expertisée,20,Bonne,7.332793134,48.728811149,QmnJ
A3410200,A341020001,2019-01-20,1628.0,2026-06-02T08:08:12Z,16,Donnée validée,10,Expertisée,20,Bonne,7.332793134,48.728811149,QmnJ
A3410200,A341020001,2019-01-21,1395.0,2026-06-02T08:08:12Z,16,Donnée validée,10,Expertisée,20,Bonne,7.332793134,48.728811149,QmnJ
A3410200,A341020001,2019-01-22,1230.0,2026-06-02T08:08:12Z,16,Donnée validée,10,Expertisée,20,Bonne,7.332793134,48.728811149,QmnJ
A3410200,A341020001,2019-01-23,1207.0,2026-06-02T08:08:12Z,16,Donnée validée,10,Expertisée,20,Bonne,7.332793134,48.728811149,QmnJ
A3410200,A341020001,2019-01-24,1130.0,2026-06-02T08:08:12Z,16,Donnée validée,10,Expertisée,20,Bonne,7.332793134,48.728811149,QmnJ
A3410200,A341020001,2019-01-25,983.0,2026-06-02T08:08:12Z,16,Donnée validée,10,Expertisée,20,Bonne,7.332793134,48.728811149,QmnJ
A3410200,A341020001,2019-01-26,870.0,2026-06-02T08:08:12Z,16,Donnée validée,10,Expertisée,20,Bonne,7.332793134,48.728811149,QmnJ
A3410200,A341020001,2019-01-27,1017.0,2026-06-02T08:08:12Z,16,Donnée validée,10,Expertisée,20,Bonne,7.332793134,48.728811149,QmnJ
A3410200,A341020001,2019-01-28,1523.0,2026-06-02T08:08:12Z,16,Donnée validée,10,Expertisée,20,Bonne,7.332793134,48.728811149,QmnJ
A3410200,A341020001,2019-01-29,1409.0,2026-06-02T08:08:12Z,16,Donnée validée,10,Expertisée,20,Bonne,7.332793134,48.728811149,QmnJ
A3410200,A341020001,2019-01-30,1270.0,2026-06-02T08:08:12Z,16,Donnée validée,10,Expertisée,20,Bonne,7.332793134,48.728811149,QmnJ
A3410200,A341020001,2019-01-31,1138.0,2026-06-02T08:08:12Z,16,Donnée validée,10,Expertisée,20,Bonne,7.332793134,48.728811149,QmnJ
A3410200,A341020001,2019-02-01,1604.0,2026-06-02T08:08:12Z,16,Donnée validée,10,Expertisée,20,Bonne,7.332793134,48.728811149,QmnJ
A3410200,A341020001,2019-02-02,2105.0,2026-06-02T08:08:12Z,16,Donnée validée,10,Expertisée,20,Bonne,7.332793134,48.728811149,QmnJ
A3410200,A341020001,2019-02-03,1796.0,2026-06-02T08:08:12Z,16,Donnée validée,10,Expertisée,20,Bonne,7.332793134,48.728811149,QmnJ
A3410200,A341020001,2019-02-04,1415.0,2026-06-02T08:08:12Z,16,Donnée validée,10,Expertisée,20,Bonne,7.332793134,48.728811149,QmnJ
A3410200,A341020001,2019-02-05,1237.0,2026-06-02T08:08:12Z,16,Donnée validée,10,Expertisée,20,Bonne,7.332793134,48.728811149,QmnJ
A3410200,A341020001,2019-02-06,1080.0,2026-06-02T08:08:12Z,16,Donnée validée,10,Expertisée,20,Bonne,7.332793134,48.728811149,QmnJ
A3410200,A341020001,2019-02-07,1205.0,2026-06-02T08:08:12Z,16,Donnée validée,10,Expertisée,20,Bonne,7.332793134,48.728811149,QmnJ
A3410200,A341020001,2019-02-08,1302.0,2026-06-02T08:08:12Z,16,Donnée validée,10,Expertisée,20,Bonne,7.332793134,48.728811149,QmnJ
A3410200,A341020001,2019-02-09,1609.0,2026-06-02T08:08:12Z,16,Donnée validée,10,Expertisée,20,Bonne,7.332793134,48.728811149,QmnJ
A3410200,A341020001,2019-02-10,2071.0,2026-06-02T08:08:12Z,16,Donnée validée,10,Expertisée,20,Bonne,7.332793134,48.728811149,QmnJ
A3410200,A341020001,2019-02-11,3568.0,2026-06-02T08:08:12Z,16,Donnée validée,10,Expertisée,20,Bonne,7.332793134,48.728811149,QmnJ
A3410200,A341020001,2019-02-12,2400.0,2026-06-02T08:08:12Z,16,Donnée validée,10,Expertisée,20,Bonne,7.332793134,48.728811149,QmnJ
A3410200,A341020001,2019-02-13,2203.0,2026-06-02T08:08:12Z,16,Donnée validée,10,Expertisée,20,Bonne,7.332793134,48.728811149,QmnJ
A3410200,A341020001,2019-02-14,2085.0,2026-06-02T08:08:12Z,16,Donnée validée,10,Expertisée,20,Bonne,7.332793134,48.728811149,QmnJ
A3410200,A341020001,2019-02-15,1950.0,2026-06-02T08:08:12Z,16,Donnée validée,10,Expertisée,20,Bonne,7.332793134,48.728811149,QmnJ
A3410200,A341020001,2019-02-16,1843.0,2026-06-02T08:08:12Z,16,Donnée validée,10,Expertisée,20,Bonne,7.332793134,48.728811149,QmnJ
A3410200,A341020001,2019-02-17,1757.0,2026-06-02T08:08:12Z,16,Donnée validée,10,Expertisée,20,Bonne,7.332793134,48.728811149,QmnJ
A3410200,A341020001,2019-02-18,1665.0,2026-06-02T08:08:12Z,16,Donnée validée,10,Expertisée,20,Bonne,7.332793134,48.728811149,QmnJ
A3410200,A341020001,2019-02-19,1606.0,2026-06-02T08:08:12Z,16,Donnée validée,10,Expertisée,20,Bonne,7.332793134,48.728811149,QmnJ
A3410200,A341020001,2019-02-20,1512.0,2026-06-02T08:08:12Z,16,Donnée validée,10,Expertisée,20,Bonne,7.332793134,48.728811149,QmnJ
A3410200,A341020001,2019-02-21,1377.0,2026-06-02T08:08:12Z,16,Donnée validée,10,Expertisée,20,Bonne,7.332793134,48.728811149,QmnJ
A3410200,A341020001,2019-02-22,1315.0,2026-06-02T08:08:12Z,16,Donnée validée,10,Expertisée,20,Bonne,7.332793134,48.728811149,QmnJ
A3410200,A341020001,2019-02-23,1267.0,2026-06-02T08:08:12Z,16,Donnée validée,10,Expertisée,20,Bonne,7.332793134,48.728811149,QmnJ
A3410200,A341020001,2019-02-24,1190.0,2026-06-02T08:08:12Z,16,Donnée validée,10,Expertisée,20,Bonne,7.332793134,48.728811149,QmnJ
A3410200,A341020001,2019-02-25,1169.0,2026-06-02T08:08:12Z,16,Donnée validée,10,Expertisée,20,Bonne,7.332793134,48.728811149,QmnJ
A3410200,A341020001,2019-02-26,1122.0,2026-06-02T08:08:12Z,16,Donnée validée,10,Expertisée,20,Bonne,7.332793134,48.728811149,QmnJ
A3410200,A341020001,2019-02-27,1109.0,2026-06-02T08:08:12Z,16,Donnée validée,10,Expertisée,20,Bonne,7.332793134,48.728811149,QmnJ
A3410200,A341020001,2019-02-28,1116.0,2026-06-02T08:08:12Z,16,Donnée validée,10,Expertisée,20,Bonne,7.332793134,48.728811149,QmnJ
A3410200,A341020001,2019-03-01,1617.0,2026-06-02T08:08:12Z,16,Donnée validée,10,Expertisée,20,Bonne,7.332793134,48.728811149,QmnJ
A3410200,A341020001,2019-03-02,1301.0,2026-06-02T08:08:12Z,16,Donnée validée,10,Expertisée,20,Bonne,7.332793134,48.728811149,QmnJ
A3410200,A341020001,2019-03-03,1185.0,2026-06-02T08:08:12Z,16,Donnée validée,10,Expertisée,20,Bonne,7.332793134,48.728811149,QmnJ
A3410200,A341020001,2019-03-04,1389.0,2026-06-02T08:08:12Z,16,Donnée validée,10,Expertisée,20,Bonne,7.332793134,48.728811149,QmnJ
A3410200,A341020001,2019-03-05,2903.0,2026-06-02T08:08:12Z,16,Donnée validée,10,Expertisée,20,Bonne,7.332793134,48.728811149,QmnJ
A3410200,A341020001,2019-03-06,3200.0,2026-06-02T08:08:12Z,16,Donnée validée,10,Expertisée,20,Bonne,7.332793134,48.728811149,QmnJ
A3410200,A341020001,2019-03-07,2221.0,2026-06-02T08:08:12Z,16,Donnée validée,10,Expertisée,20,Bonne,7.332793134,48.728811149,QmnJ
A3410200,A341020001,2019-03-08,1821.0,2026-06-02T08:08:12Z,16,Donnée validée,10,Expertisée,20,Bonne,7.332793134,48.728811149,QmnJ
A3410200,A341020001,2019-03-09,1639.0,2026-06-02T08:08:12Z,16,Donnée validée,10,Expertisée,20,Bonne,7.332793134,48.728811149,QmnJ
A3410200,A341020001,2019-03-10,2497.0,2026-06-02T08:08:12Z,16,Donnée validée,10,Expertisée,20,Bonne,7.332793134,48.728811149,QmnJ
A3410200,A341020001,2019-03-11,2148.0,2026-06-02T08:08:12Z,16,Donnée validée,10,Expertisée,20,Bonne,7.332793134,48.728811149,QmnJ
A3410200,A341020001,2019-03-12,1771.0,2026-06-02T08:08:12Z,16,Donnée validée,10,Expertisée,20,Bonne,7.332793134,48.728811149,QmnJ
A3410200,A341020001,2019-03-13,1823.0,2026-06-02T08:08:12Z,16,Donnée validée,10,Expertisée,20,Bonne,7.332793134,48.728811149,QmnJ
A3410200,A341020001,2019-03-14,2980.0,2026-06-02T08:08:12Z,16,Donnée validée,10,Expertisée,20,Bonne,7.332793134,48.728811149,QmnJ
A3410200,A341020001,2019-03-15,5569.0,2026-06-02T08:08:12Z,16,Donnée validée,10,Expertisée,20,Bonne,7.332793134,48.728811149,QmnJ
A3410200,A341020001,2019-03-16,5006.0,2026-06-02T08:08:12Z,16,Donnée validée,10,Expertisée,20,Bonne,7.332793134,48.728811149,QmnJ
A3410200,A341020001,2019-03-17,4557.0,2026-06-02T08:08:12Z,16,Donnée validée,10,Expertisée,20,Bonne,7.332793134,48.728811149,QmnJ
A3410200,A341020001,2019-03-18,4125.0,2026-06-02T08:08:12Z,16,Donnée validée,10,Expertisée,20,Bonne,7.332793134,48.728811149,QmnJ
A3410200,A341020001,2019-03-19,3372.0,2026-06-02T08:08:12Z,16,Donnée validée,10,Expertisée,20,Bonne,7.332793134,48.728811149,QmnJ
A3410200,A341020001,2019-03-20,2888.0,2026-06-02T08:08:12Z,16,Donnée validée,10,Expertisée,20,Bonne,7.332793134,48.728811149,QmnJ
A3410200,A341020001,2019-03-21,2697.0,2026-06-02T08:08:12Z,16,Donnée validée,10,Expertisée,20,Bonne,7.332793134,48.728811149,QmnJ
A3410200,A341020001,2019-03-22,2515.0,2026-06-02T08:08:12Z,16,Donnée validée,10,Expertisée,20,Bonne,7.332793134,48.728811149,QmnJ
A3410200,A341020001,2019-03-23,2354.0,2026-06-02T08:08:12Z,16,Donnée validée,10,Expertisée,20,Bonne,7.332793134,48.728811149,QmnJ
A3410200,A341020001,2019-03-24,2165.0,2026-06-02T08:08:12Z,16,Donnée validée,10,Expertisée,20,Bonne,7.332793134,48.728811149,QmnJ
A3410200,A341020001,2019-03-25,2053.0,2026-06-02T08:08:12Z,16,Donnée validée,10,Expertisée,20,Bonne,7.332793134,48.728811149,QmnJ
A3410200,A341020001,2019-03-26,1942.0,2026-06-02T08:08:12Z,16,Donnée validée,10,Expertisée,20,Bonne,7.332793134,48.728811149,QmnJ
A3410200,A341020001,2019-03-27,1729.0,2026-06-02T08:08:12Z,16,Donnée validée,10,Expertisée,20,Bonne,7.332793134,48.728811149,QmnJ
A3410200,A341020001,2019-03-28,1632.0,2026-06-02T08:08:12Z,16,Donnée validée,10,Expertisée,20,Bonne,7.332793134,48.728811149,QmnJ
A3410200,A341020001,2019-03-29,1533.0,2026-06-02T08:08:12Z,16,Donnée validée,10,Expertisée,20,Bonne,7.332793134,48.728811149,QmnJ
A3410200,A341020001,2019-03-30,1566.0,2026-06-02T08:08:12Z,16,Donnée validée,10,Expertisée,20,Bonne,7.332793134,48.728811149,QmnJ
A3410200,A341020001,2019-03-31,1448.0,2026-06-02T08:08:12Z,16,Donnée validée,10,Expertisée,20,Bonne,7.332793134,48.728811149,QmnJ
A3410200,A341020001,2019-04-01,1384.0,2026-06-02T08:08:12Z,16,Donnée validée,10,Expertisée,20,Bonne,7.332793134,48.728811149,QmnJ
A3410200,A341020001,2019-04-02,1368.0,2026-06-02T08:08:12Z,16,Donnée validée,10,Expertisée,20,Bonne,7.332793134,48.728811149,QmnJ
A3410200,A341020001,2019-04-03,1505.0,2026-06-02T08:08:12Z,16,Donnée validée,10,Expertisée,20,Bonne,7.332793134,48.728811149,QmnJ
A3410200,A341020001,2019-04-04,1817.0,2026-06-02T08:08:12Z,16,Donnée validée,10,Expertisée,20,Bonne,7.332793134,48.728811149,QmnJ
A3410200,A341020001,2019-04-05,1552.0,2026-06-02T08:08:12Z,16,Donnée validée,10,Expertisée,20,Bonne,7.332793134,48.728811149,QmnJ
A3410200,A341020001,2019-04-06,1367.0,2026-06-02T08:08:12Z,16,Donnée validée,10,Expertisée,20,Bonne,7.332793134,48.728811149,QmnJ
A3410200,A341020001,2019-04-07,1286.0,2026-06-02T08:08:12Z,16,Donnée validée,10,Expertisée,20,Bonne,7.332793134,48.728811149,QmnJ
A3410200,A341020001,2019-04-08,1505.0,2026-06-02T08:08:12Z,16,Donnée validée,10,Expertisée,20,Bonne,7.332793134,48.728811149,QmnJ
A3410200,A341020001,2019-04-09,1320.0,2026-06-02T08:08:12Z,16,Donnée validée,10,Expertisée,20,Bonne,7.332793134,48.728811149,QmnJ
A3410200,A341020001,2019-04-10,1411.0,2026-06-02T08:08:12Z,16,Donnée validée,10,Expertisée,20,Bonne,7.332793134,48.728811149,QmnJ
A3410200,A341020001,2019-04-11,1205.0,2026-06-02T08:08:12Z,16,Donnée validée,10,Expertisée,20,Bonne,7.332793134,48.728811149,QmnJ
A3410200,A341020001,2019-04-12,1043.0,2026-06-02T08:08:12Z,16,Donnée validée,10,Expertisée,20,Bonne,7.332793134,48.728811149,QmnJ
A3410200,A341020001,2019-04-13,1018.0,2026-06-02T08:08:12Z,16,Donnée validée,10,Expertisée,20,Bonne,7.332793134,48.728811149,QmnJ
A3410200,A341020001,2019-04-14,997.0,2026-06-02T08:08:12Z,16,Donnée validée,10,Expertisée,20,Bonne,7.332793134,48.728811149,QmnJ
A3410200,A341020001,2019-04-15,925.0,2026-06-02T08:08:12Z,16,Donnée validée,10,Expertisée,20,Bonne,7.332793134,48.728811149,QmnJ
A3410200,A341020001,2019-04-16,976.0,2026-06-02T08:08:12Z,16,Donnée validée,10,Expertisée,20,Bonne,7.332793134,48.728811149,QmnJ
A3410200,A341020001,2019-04-17,1092.0,2026-06-02T08:08:12Z,16,Donnée validée,10,Expertisée,20,Bonne,7.332793134,48.728811149,QmnJ
A3410200,A341020001,2019-04-18,961.0,2026-06-02T08:08:12Z,16,Donnée validée,10,Expertisée,20,Bonne,7.332793134,48.728811149,QmnJ
A3410200,A341020001,2019-04-19,1011.0,2026-06-02T08:08:12Z,16,Donnée validée,10,Expertisée,20,Bonne,7.332793134,48.728811149,QmnJ
A3410200,A341020001,2019-04-20,875.0,2026-06-02T08:08:12Z,16,Donnée validée,10,Expertisée,20,Bonne,7.332793134,48.728811149,QmnJ
A3410200,A341020001,2019-04-21,908.0,2026-06-02T08:08:12Z,16,Donnée validée,10,Expertisée,20,Bonne,7.332793134,48.728811149,QmnJ
A3410200,A341020001,2019-04-22,917.0,2026-06-02T08:08:12Z,16,Donnée validée,10,Expertisée,20,Bonne,7.332793134,48.728811149,QmnJ
A3410200,A341020001,2019-04-23,949.0,2026-06-02T08:08:12Z,16,Donnée validée,10,Expertisée,20,Bonne,7.332793134,48.728811149,QmnJ
A3410200,A341020001,2019-04-24,1173.0,2026-06-02T08:08:12Z,16,Donnée validée,10,Expertisée,20,Bonne,7.332793134,48.728811149,QmnJ
A3410200,A341020001,2019-04-25,1183.0,2026-06-02T08:08:12Z,16,Donnée validée,10,Expertisée,20,Bonne,7.332793134,48.728811149,QmnJ
A3410200,A341020001,2019-04-26,1014.0,2026-06-02T08:08:12Z,16,Donnée validée,10,Expertisée,20,Bonne,7.332793134,48.728811149,QmnJ
A3410200,A341020001,2019-04-27,983.0,2026-06-02T08:08:12Z,16,Donnée validée,10,Expertisée,20,Bonne,7.332793134,48.728811149,QmnJ
A3410200,A341020001,2019-04-28,975.0,2026-06-02T08:08:12Z,16,Donnée validée,10,Expertisée,20,Bonne,7.332793134,48.728811149,QmnJ
A3410200,A341020001,2019-04-29,847.0,2026-06-02T08:08:12Z,16,Donnée validée,10,Expertisée,20,Bonne,7.332793134,48.728811149,QmnJ
A3410200,A341020001,2019-04-30,781.0,2026-06-02T08:08:12Z,16,Donnée validée,10,Expertisée,20,Bonne,7.332793134,48.728811149,QmnJ
A3410200,A341020001,2019-05-01,778.0,2026-06-02T08:08:12Z,16,Donnée validée,10,Expertisée,20,Bonne,7.332793134,48.728811149,QmnJ
A3410200,A341020001,2019-05-02,784.0,2026-06-02T08:08:12Z,16,Donnée validée,10,Expertisée,20,Bonne,7.332793134,48.728811149,QmnJ
A3410200,A341020001,2019-05-03,833.0,2026-06-02T08:08:12Z,16,Donnée validée,10,Expertisée,20,Bonne,7.332793134,48.728811149,QmnJ
A3410200,A341020001,2019-05-04,1024.0,2026-06-02T08:08:12Z,16,Donnée validée,10,Expertisée,20,Bonne,7.332793134,48.728811149,QmnJ
A3410200,A341020001,2019-05-05,935.0,2026-06-02T08:08:12Z,16,Donnée validée,10,Expertisée,20,Bonne,7.332793134,48.728811149,QmnJ
A3410200,A341020001,2019-05-06,796.0,2026-06-02T08:08:12Z,16,Donnée validée,10,Expertisée,20,Bonne,7.332793134,48.728811149,QmnJ
A3410200,A341020001,2019-05-07,725.0,2026-06-02T08:08:12Z,16,Donnée validée,10,Expertisée,20,Bonne,7.332793134,48.728811149,QmnJ
A3410200,A341020001,2019-05-08,823.0,2026-06-02T08:08:12Z,16,Donnée validée,10,Expertisée,20,Bonne,7.332793134,48.728811149,QmnJ
A3410200,A341020001,2019-05-09,1240.0,2026-06-02T08:08:12Z,16,Donnée validée,10,Expertisée,20,Bonne,7.332793134,48.728811149,QmnJ
A3410200,A341020001,2019-05-10,1178.0,2026-06-02T08:08:12Z,16,Donnée validée,10,Expertisée,20,Bonne,7.332793134,48.728811149,QmnJ
A3410200,A341020001,2019-05-11,1013.0,2026-06-02T08:08:12Z,16,Donnée validée,10,Expertisée,20,Bonne,7.332793134,48.728811149,QmnJ
A3410200,A341020001,2019-05-12,931.0,2026-06-02T08:08:12Z,16,Donnée validée,10,Expertisée,20,Bonne,7.332793134,48.728811149,QmnJ
A3410200,A341020001,2019-05-13,761.0,2026-06-02T08:08:12Z,16,Donnée validée,10,Expertisée,20,Bonne,7.332793134,48.728811149,QmnJ
A3410200,A341020001,2019-05-14,677.0,2026-06-02T08:08:12Z,16,Donnée validée,10,Expertisée,20,Bonne,7.332793134,48.728811149,QmnJ
A3410200,A341020001,2019-05-15,647.0,2026-06-02T08:08:12Z,16,Donnée validée,10,Expertisée,20,Bonne,7.332793134,48.728811149,QmnJ
A3410200,A341020001,2019-05-16,662.0,2026-06-02T08:08:12Z,16,Donnée validée,10,Expertisée,20,Bonne,7.332793134,48.728811149,QmnJ
A3410200,A341020001,2019-05-17,699.0,2026-06-02T08:08:12Z,16,Donnée validée,10,Expertisée,20,Bonne,7.332793134,48.728811149,QmnJ
A3410200,A341020001,2019-05-18,744.0,2026-06-02T08:08:12Z,16,Donnée validée,10,Expertisée,20,Bonne,7.332793134,48.728811149,QmnJ
A3410200,A341020001,2019-05-19,872.0,2026-06-02T08:08:12Z,16,Donnée validée,10,Expertisée,20,Bonne,7.332793134,48.728811149,QmnJ
A3410200,A341020001,2019-05-20,860.0,2026-06-02T08:08:12Z,16,Donnée validée,10,Expertisée,20,Bonne,7.332793134,48.728811149,QmnJ
A3410200,A341020001,2019-05-21,963.0,2026-06-02T08:08:12Z,16,Donnée validée,10,Expertisée,20,Bonne,7.332793134,48.728811149,QmnJ
A3410200,A341020001,2019-05-22,907.0,2026-06-02T08:08:12Z,16,Donnée validée,10,Expertisée,20,Bonne,7.332793134,48.728811149,QmnJ
A3410200,A341020001,2019-05-23,729.0,2026-06-02T08:08:12Z,16,Donnée validée,10,Expertisée,20,Bonne,7.332793134,48.728811149,QmnJ
A3410200,A341020001,2019-05-24,672.0,2026-06-02T08:08:12Z,16,Donnée validée,10,Expertisée,20,Bonne,7.332793134,48.728811149,QmnJ
A3410200,A341020001,2019-05-25,665.0,2026-06-02T08:08:12Z,16,Donnée validée,10,Expertisée,20,Bonne,7.332793134,48.728811149,QmnJ
A3410200,A341020001,2019-05-26,724.0,2026-06-02T08:08:12Z,16,Donnée validée,10,Expertisée,20,Bonne,7.332793134,48.728811149,QmnJ
A3410200,A341020001,2019-05-27,890.0,2026-06-02T08:08:12Z,16,Donnée validée,10,Expertisée,20,Bonne,7.332793134,48.728811149,QmnJ
A3410200,A341020001,2019-05-28,998.0,2026-06-02T08:08:12Z,16,Donnée validée,10,Expertisée,20,Bonne,7.332793134,48.728811149,QmnJ
A3410200,A341020001,2019-05-29,799.0,2026-06-02T08:08:12Z,16,Donnée validée,10,Expertisée,20,Bonne,7.332793134,48.728811149,QmnJ
A3410200,A341020001,2019-05-30,745.0,2026-06-02T08:08:12Z,16,Donnée validée,10,Expertisée,20,Bonne,7.332793134,48.728811149,QmnJ
A3410200,A341020001,2019-05-31,650.0,2026-06-02T08:08:12Z,16,Donnée validée,10,Expertisée,20,Bonne,7.332793134,48.728811149,QmnJ
A3410200,A341020001,2019-06-01,620.0,2026-06-02T08:08:12Z,16,Donnée validée,10,Expertisée,20,Bonne,7.332793134,48.728811149,QmnJ
A3410200,A341020001,2019-06-02,664.0,2026-06-02T08:08:12Z,16,Donnée validée,10,Expertisée,20,Bonne,7.332793134,48.728811149,QmnJ
A3410200,A341020001,2019-06-03,667.0,2026-06-02T08:08:12Z,16,Donnée validée,10,Expertisée,20,Bonne,7.332793134,48.728811149,QmnJ
A3410200,A341020001,2019-06-04,676.0,2026-06-02T08:08:12Z,16,Donnée validée,10,Expertisée,20,Bonne,7.332793134,48.728811149,QmnJ
A3410200,A341020001,2019-06-05,747.0,2026-06-02T08:08:12Z,16,Donnée validée,10,Expertisée,20,Bonne,7.332793134,48.728811149,QmnJ
A3410200,A341020001,2019-06-06,1183.0,2026-06-02T08:08:12Z,16,Donnée validée,10,Expertisée,20,Bonne,7.332793134,48.728811149,QmnJ
A3410200,A341020001,2019-06-07,745.0,2026-06-02T08:08:12Z,16,Donnée validée,10,Expertisée,20,Bonne,7.332793134,48.728811149,QmnJ
A3410200,A341020001,2019-06-08,666.0,2026-06-02T08:08:12Z,16,Donnée validée,10,Expertisée,20,Bonne,7.332793134,48.728811149,QmnJ
A3410200,A341020001,2019-06-09,609.0,2026-06-02T08:08:12Z,16,Donnée validée,10,Expertisée,20,Bonne,7.332793134,48.728811149,QmnJ
A3410200,A341020001,2019-06-10,718.0,2026-06-02T08:08:12Z,16,Donnée validée,10,Expertisée,20,Bonne,7.332793134,48.728811149,QmnJ
A3410200,A341020001,2019-06-11,861.0,2026-06-02T08:08:12Z,16,Donnée validée,10,Expertisée,20,Bonne,7.332793134,48.728811149,QmnJ
A3410200,A341020001,2019-06-12,743.0,2026-06-02T08:08:12Z,16,Donnée validée,10,Expertisée,20,Bonne,7.332793134,48.728811149,QmnJ
A3410200,A341020001,2019-06-13,520.0,2026-06-02T08:08:12Z,16,Donnée validée,10,Expertisée,20,Bonne,7.332793134,48.728811149,QmnJ
A3410200,A341020001,2019-06-14,445.0,2026-06-02T08:08:12Z,16,Donnée validée,10,Expertisée,20,Bonne,7.332793134,48.728811149,QmnJ
A3410200,A341020001,2019-06-15,467.0,2026-06-02T08:08:12Z,16,Donnée validée,10,Expertisée,20,Bonne,7.332793134,48.728811149,QmnJ
A3410200,A341020001,2019-06-16,827.0,2026-06-02T08:08:12Z,16,Donnée validée,10,Expertisée,20,Bonne,7.332793134,48.728811149,QmnJ
A3410200,A341020001,2019-06-17,487.0,2026-06-02T08:08:12Z,16,Donnée validée,10,Expertisée,20,Bonne,7.332793134,48.728811149,QmnJ
A3410200,A341020001,2019-06-18,453.0,2026-06-02T08:08:12Z,16,Donnée validée,10,Expertisée,20,Bonne,7.332793134,48.728811149,QmnJ
A3410200,A341020001,2019-06-19,466.0,2026-06-02T08:08:12Z,16,Donnée validée,10,Expertisée,20,Bonne,7.332793134,48.728811149,QmnJ
A3410200,A341020001,2019-06-20,505.0,2026-06-02T08:08:12Z,16,Donnée validée,10,Expertisée,20,Bonne,7.332793134,48.728811149,QmnJ
A3410200,A341020001,2019-06-21,475.0,2026-06-02T08:08:12Z,16,Donnée validée,10,Expertisée,20,Bonne,7.332793134,48.728811149,QmnJ
A3410200,A341020001,2019-06-22,510.0,2026-06-02T08:08:12Z,16,Donnée validée,10,Expertisée,20,Bonne,7.332793134,48.728811149,QmnJ
A3410200,A341020001,2019-06-23,485.0,2026-06-02T08:08:12Z,16,Donnée validée,10,Expertisée,20,Bonne,7.332793134,48.728811149,QmnJ
A3410200,A341020001,2019-06-24,449.0,2026-06-02T08:08:12Z,16,Donnée validée,10,Expertisée,20,Bonne,7.332793134,48.728811149,QmnJ
A3410200,A341020001,2019-06-25,419.0,2026-06-02T08:08:12Z,16,Donnée validée,10,Expertisée,20,Bonne,7.332793134,48.728811149,QmnJ
A3410200,A341020001,2019-06-26,418.0,2026-06-02T08:08:12Z,16,Donnée validée,10,Expertisée,20,Bonne,7.332793134,48.728811149,QmnJ
A3410200,A341020001,2019-06-27,421.0,2026-06-02T08:08:12Z,16,Donnée validée,10,Expertisée,20,Bonne,7.332793134,48.728811149,QmnJ
A3410200,A341020001,2019-06-28,432.0,2026-06-02T08:08:12Z,16,Donnée validée,10,Expertisée,20,Bonne,7.332793134,48.728811149,QmnJ
A3410200,A341020001,2019-06-29,456.0,2026-06-02T08:08:12Z,16,Donnée validée,10,Expertisée,20,Bonne,7.332793134,48.728811149,QmnJ
A3410200,A341020001,2019-06-30,480.0,2026-06-02T08:08:12Z,16,Donnée validée,10,Expertisée,20,Bonne,7.332793134,48.728811149,QmnJ
A3410200,A341020001,2019-07-01,457.0,2026-06-02T08:08:12Z,16,Donnée validée,10,Expertisée,20,Bonne,7.332793134,48.728811149,QmnJ
A3410200,A341020001,2019-07-02,455.0,2026-06-02T08:08:12Z,16,Donnée validée,10,Expertisée,20,Bonne,7.332793134,48.728811149,QmnJ
A3410200,A341020001,2019-07-03,398.0,2026-06-02T08:08:12Z,16,Donnée validée,10,Expertisée,12,Douteuse,7.332793134,48.728811149,QmnJ
A3410200,A341020001,2019-07-04,363.0,2026-06-02T08:08:12Z,16,Donnée validée,10,Expertisée,12,Douteuse,7.332793134,48.728811149,QmnJ
A3410200,A341020001,2019-07-05,335.0,2026-06-02T08:08:12Z,16,Donnée validée,10,Expertisée,12,Douteuse,7.332793134,48.728811149,QmnJ
A3410200,A341020001,2019-07-06,350.0,2026-06-02T08:08:12Z,16,Donnée validée,10,Expertisée,12,Douteuse,7.332793134,48.728811149,QmnJ
A3410200,A341020001,2019-07-07,370.0,2026-06-02T08:08:12Z,16,Donnée validée,10,Expertisée,20,Bonne,7.332793134,48.728811149,QmnJ
A3410200,A341020001,2019-07-08,360.0,2026-06-02T08:08:12Z,16,Donnée validée,10,Expertisée,12,Douteuse,7.332793134,48.728811149,QmnJ
A3410200,A341020001,2019-07-09,342.0,2026-06-02T08:08:12Z,16,Donnée validée,10,Expertisée,12,Douteuse,7.332793134,48.728811149,QmnJ
A3410200,A341020001,2019-07-10,311.0,2026-06-02T08:08:12Z,16,Donnée validée,10,Expertisée,12,Douteuse,7.332793134,48.728811149,QmnJ
A3410200,A341020001,2019-07-11,327.0,2026-06-02T08:08:12Z,16,Donnée validée,10,Expertisée,12,Douteuse,7.332793134,48.728811149,QmnJ
A3410200,A341020001,2019-07-12,442.0,2026-06-02T08:08:12Z,16,Donnée validée,10,Expertisée,12,Douteuse,7.332793134,48.728811149,QmnJ
A3410200,A341020001,2019-07-13,529.0,2026-06-02T08:08:12Z,16,Donnée validée,10,Expertisée,20,Bonne,7.332793134,48.728811149,QmnJ
A3410200,A341020001,2019-07-14,581.0,2026-06-02T08:08:12Z,16,Donnée validée,10,Expertisée,20,Bonne,7.332793134,48.728811149,QmnJ
A3410200,A341020001,2019-07-15,508.0,2026-06-02T08:08:12Z,16,Donnée validée,10,Expertisée,20,Bonne,7.332793134,48.728811149,QmnJ
A3410200,A341020001,2019-07-16,427.0,2026-06-02T08:08:12Z,16,Donnée validée,10,Expertisée,20,Bonne,7.332793134,48.728811149,QmnJ
A3410200,A341020001,2019-07-17,414.0,2026-06-02T08:08:12Z,16,Donnée validée,10,Expertisée,20,Bonne,7.332793134,48.728811149,QmnJ
A3410200,A341020001,2019-07-18,412.0,2026-06-02T08:08:12Z,16,Donnée validée,10,Expertisée,20,Bonne,7.332793134,48.728811149,QmnJ
A3410200,A341020001,2019-07-19,424.0,2026-06-02T08:08:12Z,16,Donnée validée,10,Expertisée,20,Bonne,7.332793134,48.728811149,QmnJ
A3410200,A341020001,2019-07-20,403.0,2026-06-02T08:08:12Z,16,Donnée validée,10,Expertisée,20,Bonne,7.332793134,48.728811149,QmnJ
A3410200,A341020001,2019-07-21,434.0,2026-06-02T08:08:12Z,16,Donnée validée,10,Expertisée,20,Bonne,7.332793134,48.728811149,QmnJ
A3410200,A341020001,2019-07-22,411.0,2026-06-02T08:08:12Z,16,Donnée validée,10,Expertisée,20,Bonne,7.332793134,48.728811149,QmnJ
A3410200,A341020001,2019-07-23,389.0,2026-06-02T08:08:12Z,16,Donnée validée,10,Expertisée,20,Bonne,7.332793134,48.728811149,QmnJ
A3410200,A341020001,2019-07-24,369.0,2026-06-02T08:08:12Z,16,Donnée validée,10,Expertisée,20,Bonne,7.332793134,48.728811149,QmnJ
A3410200,A341020001,2019-07-25,437.0,2026-06-02T08:08:12Z,16,Donnée validée,10,Expertisée,20,Bonne,7.332793134,48.728811149,QmnJ
A3410200,A341020001,2019-07-26,394.0,2026-06-02T08:08:12Z,16,Donnée validée,10,Expertisée,20,Bonne,7.332793134,48.728811149,QmnJ
A3410200,A341020001,2019-07-27,628.0,2026-06-02T08:08:12Z,16,Donnée validée,10,Expertisée,20,Bonne,7.332793134,48.728811149,QmnJ
A3410200,A341020001,2019-07-28,715.0,2026-06-02T08:08:12Z,16,Donnée validée,10,Expertisée,20,Bonne,7.332793134,48.728811149,QmnJ
A3410200,A341020001,2019-07-29,601.0,2026-06-02T08:08:12Z,16,Donnée validée,10,Expertisée,20,Bonne,7.332793134,48.728811149,QmnJ
A3410200,A341020001,2019-07-30,467.0,2026-06-02T08:08:12Z,16,Donnée validée,10,Expertisée,20,Bonne,7.332793134,48.728811149,QmnJ
A3410200,A341020001,2019-07-31,467.0,2026-06-02T08:08:12Z,16,Donnée validée,10,Expertisée,20,Bonne,7.332793134,48.728811149,QmnJ
A3410200,A341020001,2019-08-01,443.0,2026-06-02T08:08:12Z,16,Donnée validée,10,Expertisée,20,Bonne,7.332793134,48.728811149,QmnJ
A3410200,A341020001,2019-08-02,426.0,2026-06-02T08:08:12Z,16,Donnée validée,10,Expertisée,20,Bonne,7.332793134,48.728811149,QmnJ
A3410200,A341020001,2019-08-03,405.0,2026-06-02T08:08:12Z,16,Donnée validée,10,Expertisée,12,Douteuse,7.332793134,48.728811149,QmnJ
A3410200,A341020001,2019-08-04,360.0,2026-06-02T08:08:12Z,16,Donnée validée,10,Expertisée,12,Douteuse,7.332793134,48.728811149,QmnJ
A3410200,A341020001,2019-08-05,409.0,2026-06-02T08:08:12Z,16,Donnée validée,10,Expertisée,20,Bonne,7.332793134,48.728811149,QmnJ
A3410200,A341020001,2019-08-06,391.0,2026-06-02T08:08:12Z,16,Donnée validée,10,Expertisée,20,Bonne,7.332793134,48.728811149,QmnJ
A3410200,A341020001,2019-08-07,967.0,2026-06-02T08:08:12Z,16,Donnée validée,10,Expertisée,20,Bonne,7.332793134,48.728811149,QmnJ
A3410200,A341020001,2019-08-08,627.0,2026-06-02T08:08:12Z,16,Donnée validée,10,Expertisée,20,Bonne,7.332793134,48.728811149,QmnJ
A3410200,A341020001,2019-08-09,392.0,2026-06-02T08:08:12Z,16,Donnée validée,10,Expertisée,20,Bonne,7.332793134,48.728811149,QmnJ
A3410200,A341020001,2019-08-10,577.0,2026-06-02T08:08:12Z,16,Donnée validée,10,Expertisée,20,Bonne,7.332793134,48.728811149,QmnJ
A3410200,A341020001,2019-08-11,469.0,2026-06-02T08:08:12Z,16,Donnée validée,10,Expertisée,20,Bonne,7.332793134,48.728811149,QmnJ
A3410200,A341020001,2019-08-12,576.0,2026-06-02T08:08:12Z,16,Donnée validée,10,Expertisée,20,Bonne,7.332793134,48.728811149,QmnJ
A3410200,A341020001,2019-08-13,441.0,2026-06-02T08:08:12Z,16,Donnée validée,10,Expertisée,12,Douteuse,7.332793134,48.728811149,QmnJ
A3410200,A341020001,2019-08-14,323.0,2026-06-02T08:08:12Z,16,Donnée validée,10,Expertisée,12,Douteuse,7.332793134,48.728811149,QmnJ
A3410200,A341020001,2019-08-15,282.0,2026-06-02T08:08:12Z,16,Donnée validée,10,Expertisée,12,Douteuse,7.332793134,48.728811149,QmnJ
A3410200,A341020001,2019-08-16,329.0,2026-06-02T08:08:12Z,16,Donnée validée,10,Expertisée,12,Douteuse,7.332793134,48.728811149,QmnJ
A3410200,A341020001,2019-08-17,343.0,2026-06-02T08:08:12Z,16,Donnée validée,10,Expertisée,12,Douteuse,7.332793134,48.728811149,QmnJ
A3410200,A341020001,2019-08-18,480.0,2026-06-02T08:08:12Z,16,Donnée validée,10,Expertisée,20,Bonne,7.332793134,48.728811149,QmnJ
A3410200,A341020001,2019-08-19,335.0,2026-06-02T08:08:12Z,16,Donnée validée,10,Expertisée,12,Douteuse,7.332793134,48.728811149,QmnJ
A3410200,A341020001,2019-08-20,366.0,2026-06-02T08:08:12Z,16,Donnée validée,10,Expertisée,12,Douteuse,7.332793134,48.728811149,QmnJ
A3410200,A341020001,2019-08-21,345.0,2026-06-02T08:08:12Z,16,Donnée validée,10,Expertisée,12,Douteuse,7.332793134,48.728811149,QmnJ
A3410200,A341020001,2019-08-22,316.0,2026-06-02T08:08:12Z,16,Donnée validée,10,Expertisée,12,Douteuse,7.332793134,48.728811149,QmnJ
A3410200,A341020001,2019-08-23,302.0,2026-06-02T08:08:12Z,16,Donnée validée,10,Expertisée,12,Douteuse,7.332793134,48.728811149,QmnJ
A3410200,A341020001,2019-08-24,296.0,2026-06-02T08:08:12Z,16,Donnée validée,10,Expertisée,12,Douteuse,7.332793134,48.728811149,QmnJ
A3410200,A341020001,2019-08-25,286.0,2026-06-02T08:08:12Z,16,Donnée validée,10,Expertisée,12,Douteuse,7.332793134,48.728811149,QmnJ
A3410200,A341020001,2019-08-26,272.0,2026-06-02T08:08:12Z,16,Donnée validée,10,Expertisée,12,Douteuse,7.332793134,48.728811149,QmnJ
A3410200,A341020001,2019-08-27,279.0,2026-06-02T08:08:12Z,16,Donnée validée,10,Expertisée,12,Douteuse,7.332793134,48.728811149,QmnJ
A3410200,A341020001,2019-08-28,321.0,2026-06-02T08:08:12Z,16,Donnée validée,10,Expertisée,12,Douteuse,7.332793134,48.728811149,QmnJ
A3410200,A341020001,2019-08-29,329.0,2026-06-02T08:08:12Z,16,Donnée validée,10,Expertisée,12,Douteuse,7.332793134,48.728811149,QmnJ
A3410200,A341020001,2019-08-30,373.0,2026-06-02T08:08:12Z,16,Donnée validée,10,Expertisée,12,Douteuse,7.332793134,48.728811149,QmnJ
A3410200,A341020001,2019-08-31,353.0,2026-06-02T08:08:12Z,16,Donnée validée,10,Expertisée,12,Douteuse,7.332793134,48.728811149,QmnJ
A3410200,A341020001,2019-09-01,335.0,2026-06-02T08:08:12Z,16,Donnée validée,10,Expertisée,12,Douteuse,7.332793134,48.728811149,QmnJ
A3410200,A341020001,2019-09-02,375.0,2026-06-02T08:08:12Z,16,Donnée validée,10,Expertisée,12,Douteuse,7.332793134,48.728811149,QmnJ
A3410200,A341020001,2019-09-03,333.0,2026-06-02T08:08:12Z,16,Donnée validée,10,Expertisée,12,Douteuse,7.332793134,48.728811149,QmnJ
A3410200,A341020001,2019-09-04,321.0,2026-06-02T08:08:12Z,16,Donnée validée,10,Expertisée,12,Douteuse,7.332793134,48.728811149,QmnJ
A3410200,A341020001,2019-09-05,405.0,2026-06-02T08:08:12Z,16,Donnée validée,10,Expertisée,12,Douteuse,7.332793134,48.728811149,QmnJ
A3410200,A341020001,2019-09-06,306.0,2026-06-02T08:08:12Z,16,Donnée validée,10,Expertisée,12,Douteuse,7.332793134,48.728811149,QmnJ
A3410200,A341020001,2019-09-07,319.0,2026-06-02T08:08:12Z,16,Donnée validée,10,Expertisée,12,Douteuse,7.332793134,48.728811149,QmnJ
A3410200,A341020001,2019-09-08,503.0,2026-06-02T08:08:12Z,16,Donnée validée,10,Expertisée,20,Bonne,7.332793134,48.728811149,QmnJ
A3410200,A341020001,2019-09-09,389.0,2026-06-02T08:08:12Z,16,Donnée validée,10,Expertisée,12,Douteuse,7.332793134,48.728811149,QmnJ
A3410200,A341020001,2019-09-10,356.0,2026-06-02T08:08:12Z,16,Donnée validée,10,Expertisée,12,Douteuse,7.332793134,48.728811149,QmnJ
A3410200,A341020001,2019-09-11,392.0,2026-06-02T08:08:12Z,16,Donnée validée,10,Expertisée,12,Douteuse,7.332793134,48.728811149,QmnJ
A3410200,A341020001,2019-09-12,361.0,2026-06-02T08:08:12Z,16,Donnée validée,10,Expertisée,12,Douteuse,7.332793134,48.728811149,QmnJ
A3410200,A341020001,2019-09-13,356.0,2026-06-02T08:08:12Z,16,Donnée validée,10,Expertisée,12,Douteuse,7.332793134,48.728811149,QmnJ
A3410200,A341020001,2019-09-14,377.0,2026-06-02T08:08:12Z,16,Donnée validée,10,Expertisée,20,Bonne,7.332793134,48.728811149,QmnJ
A3410200,A341020001,2019-09-15,375.0,2026-06-02T08:08:12Z,16,Donnée validée,10,Expertisée,20,Bonne,7.332793134,48.728811149,QmnJ
A3410200,A341020001,2019-09-16,415.0,2026-06-02T08:08:12Z,16,Donnée validée,10,Expertisée,20,Bonne,7.332793134,48.728811149,QmnJ
A3410200,A341020001,2019-09-17,414.0,2026-06-02T08:08:12Z,16,Donnée validée,10,Expertisée,20,Bonne,7.332793134,48.728811149,QmnJ
A3410200,A341020001,2019-09-18,523.0,2026-06-02T08:08:12Z,16,Donnée validée,10,Expertisée,20,Bonne,7.332793134,48.728811149,QmnJ
A3410200,A341020001,2019-09-19,403.0,2026-06-02T08:08:12Z,16,Donnée validée,10,Expertisée,12,Douteuse,7.332793134,48.728811149,QmnJ
A3410200,A341020001,2019-09-20,423.0,2026-06-02T08:08:12Z,16,Donnée validée,10,Expertisée,20,Bonne,7.332793134,48.728811149,QmnJ
A3410200,A341020001,2019-09-21,410.0,2026-06-02T08:08:12Z,16,Donnée validée,10,Expertisée,20,Bonne,7.332793134,48.728811149,QmnJ
A3410200,A341020001,2019-09-22,422.0,2026-06-02T08:08:12Z,16,Donnée validée,10,Expertisée,20,Bonne,7.332793134,48.728811149,QmnJ
A3410200,A341020001,2019-09-23,577.0,2026-06-02T08:08:12Z,16,Donnée validée,10,Expertisée,20,Bonne,7.332793134,48.728811149,QmnJ
A3410200,A341020001,2019-09-24,447.0,2026-06-02T08:08:12Z,16,Donnée validée,10,Expertisée,20,Bonne,7.332793134,48.728811149,QmnJ
A3410200,A341020001,2019-09-25,541.0,2026-06-02T08:08:12Z,16,Donnée validée,10,Expertisée,20,Bonne,7.332793134,48.728811149,QmnJ
A3410200,A341020001,2019-09-26,598.0,2026-06-02T08:08:12Z,16,Donnée validée,10,Expertisée,20,Bonne,7.332793134,48.728811149,QmnJ
A3410200,A341020001,2019-09-27,800.0,2026-06-02T08:08:12Z,16,Donnée validée,10,Expertisée,20,Bonne,7.332793134,48.728811149,QmnJ
A3410200,A341020001,2019-09-28,700.0,2026-06-02T08:08:12Z,16,Donnée validée,10,Expertisée,20,Bonne,7.332793134,48.728811149,QmnJ
A3410200,A341020001,2019-09-29,526.0,2026-06-02T08:08:12Z,16,Donnée validée,10,Expertisée,20,Bonne,7.332793134,48.728811149,QmnJ
A3410200,A341020001,2019-09-30,567.0,2026-06-02T08:08:12Z,16,Donnée validée,10,Expertisée,20,Bonne,7.332793134,48.728811149,QmnJ
A3410200,A341020001,2019-10-01,677.0,2026-06-02T08:08:12Z,16,Donnée validée,10,Expertisée,20,Bonne,7.332793134,48.728811149,QmnJ
A3410200,A341020001,2019-10-02,1033.0,2026-06-02T08:08:12Z,16,Donnée validée,10,Expertisée,20,Bonne,7.332793134,48.728811149,QmnJ
A3410200,A341020001,2019-10-03,609.0,2026-06-02T08:08:12Z,16,Donnée validée,10,Expertisée,12,Douteuse,7.332793134,48.728811149,QmnJ
A3410200,A341020001,2019-10-04,560.0,2026-06-02T08:08:12Z,16,Donnée validée,10,Expertisée,20,Bonne,7.332793134,48.728811149,QmnJ
A3410200,A341020001,2019-10-05,648.0,2026-06-02T08:08:12Z,16,Donnée validée,10,Expertisée,20,Bonne,7.332793134,48.728811149,QmnJ
A3410200,A341020001,2019-10-06,708.0,2026-06-02T08:08:12Z,16,Donnée validée,10,Expertisée,20,Bonne,7.332793134,48.728811149,QmnJ
A3410200,A341020001,2019-10-07,838.0,2026-06-02T08:08:12Z,16,Donnée validée,10,Expertisée,20,Bonne,7.332793134,48.728811149,QmnJ
A3410200,A341020001,2019-10-08,618.0,2026-06-02T08:08:12Z,16,Donnée validée,10,Expertisée,20,Bonne,7.332793134,48.728811149,QmnJ
A3410200,A341020001,2019-10-09,920.0,2026-06-02T08:08:12Z,16,Donnée validée,10,Expertisée,20,Bonne,7.332793134,48.728811149,QmnJ
A3410200,A341020001,2019-10-10,1194.0,2026-06-02T08:08:12Z,16,Donnée validée,10,Expertisée,20,Bonne,7.332793134,48.728811149,QmnJ
A3410200,A341020001,2019-10-11,676.0,2026-06-02T08:08:12Z,16,Donnée validée,10,Expertisée,12,Douteuse,7.332793134,48.728811149,QmnJ
A3410200,A341020001,2019-10-12,630.0,2026-06-02T08:08:12Z,16,Donnée validée,10,Expertisée,20,Bonne,7.332793134,48.728811149,QmnJ
A3410200,A341020001,2019-10-13,588.0,2026-06-02T08:08:12Z,16,Donnée validée,10,Expertisée,20,Bonne,7.332793134,48.728811149,QmnJ
A3410200,A341020001,2019-10-14,560.0,2026-06-02T08:08:12Z,16,Donnée validée,10,Expertisée,20,Bonne,7.332793134,48.728811149,QmnJ
A3410200,A341020001,2019-10-15,619.0,2026-06-02T08:08:12Z,16,Donnée validée,10,Expertisée,20,Bonne,7.332793134,48.728811149,QmnJ
A3410200,A341020001,2019-10-16,827.0,2026-06-02T08:08:12Z,16,Donnée validée,10,Expertisée,20,Bonne,7.332793134,48.728811149,QmnJ
A3410200,A341020001,2019-10-17,747.0,2026-06-02T08:08:12Z,16,Donnée validée,10,Expertisée,20,Bonne,7.332793134,48.728811149,QmnJ
A3410200,A341020001,2019-10-18,969.0,2026-06-02T08:08:12Z,16,Donnée validée,10,Expertisée,20,Bonne,7.332793134,48.728811149,QmnJ
A3410200,A341020001,2019-10-19,787.0,2026-06-02T08:08:12Z,16,Donnée validée,10,Expertisée,12,Douteuse,7.332793134,48.728811149,QmnJ
A3410200,A341020001,2019-10-20,1526.0,2026-06-02T08:08:12Z,16,Donnée validée,10,Expertisée,20,Bonne,7.332793134,48.728811149,QmnJ
A3410200,A341020001,2019-10-21,1169.0,2026-06-02T08:08:12Z,16,Donnée validée,10,Expertisée,20,Bonne,7.332793134,48.728811149,QmnJ
A3410200,A341020001,2019-10-22,815.0,2026-06-02T08:08:12Z,16,Donnée validée,10,Expertisée,20,Bonne,7.332793134,48.728811149,QmnJ
A3410200,A341020001,2019-10-23,712.0,2026-06-02T08:08:12Z,16,Donnée validée,10,Expertisée,20,Bonne,7.332793134,48.728811149,QmnJ
A3410200,A341020001,2019-10-24,651.0,2026-06-02T08:08:12Z,16,Donnée validée,10,Expertisée,20,Bonne,7.332793134,48.728811149,QmnJ
A3410200,A341020001,2019-10-25,599.0,2026-06-02T08:08:12Z,16,Donnée validée,10,Expertisée,20,Bonne,7.332793134,48.728811149,QmnJ
A3410200,A341020001,2019-10-26,555.0,2026-06-02T08:08:12Z,16,Donnée validée,10,Expertisée,20,Bonne,7.332793134,48.728811149,QmnJ
A3410200,A341020001,2019-10-27,545.0,2026-06-02T08:08:12Z,16,Donnée validée,10,Expertisée,20,Bonne,7.332793134,48.728811149,QmnJ
A3410200,A341020001,2019-10-28,729.0,2026-06-02T08:08:12Z,16,Donnée validée,10,Expertisée,20,Bonne,7.332793134,48.728811149,QmnJ
A3410200,A341020001,2019-10-29,630.0,2026-06-02T08:08:12Z,16,Donnée validée,10,Expertisée,20,Bonne,7.332793134,48.728811149,QmnJ
A3410200,A341020001,2019-10-30,598.0,2026-06-02T08:08:12Z,16,Donnée validée,10,Expertisée,20,Bonne,7.332793134,48.728811149,QmnJ
A3410200,A341020001,2019-10-31,558.0,2026-06-02T08:08:12Z,16,Donnée validée,10,Expertisée,20,Bonne,7.332793134,48.728811149,QmnJ
A3410200,A341020001,2019-11-01,557.0,2026-06-02T08:08:12Z,16,Donnée validée,10,Expertisée,20,Bonne,7.332793134,48.728811149,QmnJ
A3410200,A341020001,2019-11-02,656.0,2026-06-02T08:08:12Z,16,Donnée validée,10,Expertisée,20,Bonne,7.332793134,48.728811149,QmnJ
A3410200,A341020001,2019-11-03,833.0,2026-06-02T08:08:12Z,16,Donnée validée,10,Expertisée,20,Bonne,7.332793134,48.728811149,QmnJ
A3410200,A341020001,2019-11-04,906.0,2026-06-02T08:08:12Z,16,Donnée validée,10,Expertisée,20,Bonne,7.332793134,48.728811149,QmnJ
A3410200,A341020001,2019-11-05,780.0,2026-06-02T08:08:12Z,16,Donnée validée,10,Expertisée,20,Bonne,7.332793134,48.728811149,QmnJ
A3410200,A341020001,2019-11-06,779.0,2026-06-02T08:08:12Z,16,Donnée validée,10,Expertisée,20,Bonne,7.332793134,48.728811149,QmnJ
A3410200,A341020001,2019-11-07,773.0,2026-06-02T08:08:12Z,16,Donnée validée,10,Expertisée,20,Bonne,7.332793134,48.728811149,QmnJ
A3410200,A341020001,2019-11-08,713.0,2026-06-02T08:08:12Z,16,Donnée validée,10,Expertisée,20,Bonne,7.332793134,48.728811149,QmnJ
A3410200,A341020001,2019-11-09,672.0,2026-06-02T08:08:12Z,16,Donnée validée,10,Expertisée,20,Bonne,7.332793134,48.728811149,QmnJ
A3410200,A341020001,2019-11-10,681.0,2026-06-02T08:08:12Z,16,Donnée validée,10,Expertisée,20,Bonne,7.332793134,48.728811149,QmnJ
A3410200,A341020001,2019-11-11,656.0,2026-06-02T08:08:12Z,16,Donnée validée,10,Expertisée,20,Bonne,7.332793134,48.728811149,QmnJ
A3410200,A341020001,2019-11-12,785.0,2026-06-02T08:08:12Z,16,Donnée validée,10,Expertisée,20,Bonne,7.332793134,48.728811149,QmnJ
A3410200,A341020001,2019-11-13,894.0,2026-06-02T08:08:12Z,16,Donnée validée,10,Expertisée,20,Bonne,7.332793134,48.728811149,QmnJ
A3410200,A341020001,2019-11-14,762.0,2026-06-02T08:08:12Z,16,Donnée validée,10,Expertisée,20,Bonne,7.332793134,48.728811149,QmnJ
A3410200,A341020001,2019-11-15,691.0,2026-06-02T08:08:12Z,16,Donnée validée,10,Expertisée,20,Bonne,7.332793134,48.728811149,QmnJ
A3410200,A341020001,2019-11-16,713.0,2026-06-02T08:08:12Z,16,Donnée validée,10,Expertisée,20,Bonne,7.332793134,48.728811149,QmnJ
A3410200,A341020001,2019-11-17,844.0,2026-06-02T08:08:12Z,16,Donnée validée,10,Expertisée,20,Bonne,7.332793134,48.728811149,QmnJ
A3410200,A341020001,2019-11-18,1152.0,2026-06-02T08:08:12Z,16,Donnée validée,10,Expertisée,20,Bonne,7.332793134,48.728811149,QmnJ
A3410200,A341020001,2019-11-19,986.0,2026-06-02T08:08:12Z,16,Donnée validée,10,Expertisée,20,Bonne,7.332793134,48.728811149,QmnJ
A3410200,A341020001,2019-11-20,778.0,2026-06-02T08:08:12Z,16,Donnée validée,10,Expertisée,20,Bonne,7.332793134,48.728811149,QmnJ
A3410200,A341020001,2019-11-21,612.0,2026-06-02T08:08:12Z,16,Donnée validée,10,Expertisée,20,Bonne,7.332793134,48.728811149,QmnJ
A3410200,A341020001,2019-11-22,602.0,2026-06-02T08:08:12Z,16,Donnée validée,10,Expertisée,20,Bonne,7.332793134,48.728811149,QmnJ
A3410200,A341020001,2019-11-23,595.0,2026-06-02T08:08:12Z,16,Donnée validée,10,Expertisée,12,Douteuse,7.332793134,48.728811149,QmnJ
A3410200,A341020001,2019-11-24,802.0,2026-06-02T08:08:12Z,16,Donnée validée,10,Expertisée,20,Bonne,7.332793134,48.728811149,QmnJ
A3410200,A341020001,2019-11-25,753.0,2026-06-02T08:08:12Z,16,Donnée validée,10,Expertisée,20,Bonne,7.332793134,48.728811149,QmnJ
A3410200,A341020001,2019-11-26,635.0,2026-06-02T08:08:12Z,16,Donnée validée,10,Expertisée,20,Bonne,7.332793134,48.728811149,QmnJ
A3410200,A341020001,2019-11-27,577.0,2026-06-02T08:08:12Z,16,Donnée validée,10,Expertisée,20,Bonne,7.332793134,48.728811149,QmnJ
A3410200,A341020001,2019-11-28,687.0,2026-06-02T08:08:12Z,16,Donnée validée,10,Expertisée,20,Bonne,7.332793134,48.728811149,QmnJ
A3410200,A341020001,2019-11-29,872.0,2026-06-02T08:08:12Z,16,Donnée validée,10,Expertisée,20,Bonne,7.332793134,48.728811149,QmnJ
A3410200,A341020001,2019-11-30,723.0,2026-06-02T08:08:12Z,16,Donnée validée,10,Expertisée,20,Bonne,7.332793134,48.728811149,QmnJ
A3410200,A341020001,2019-12-01,754.0,2026-06-02T08:08:12Z,16,Donnée validée,10,Expertisée,20,Bonne,7.332793134,48.728811149,QmnJ
A3410200,A341020001,2019-12-02,747.0,2026-06-02T08:08:12Z,16,Donnée validée,10,Expertisée,20,Bonne,7.332793134,48.728811149,QmnJ
A3410200,A341020001,2019-12-03,639.0,2026-06-02T08:08:12Z,16,Donnée validée,10,Expertisée,20,Bonne,7.332793134,48.728811149,QmnJ
A3410200,A341020001,2019-12-04,672.0,2026-06-02T08:08:12Z,16,Donnée validée,10,Expertisée,20,Bonne,7.332793134,48.728811149,QmnJ
A3410200,A341020001,2019-12-05,617.0,2026-06-02T08:08:12Z,16,Donnée validée,10,Expertisée,20,Bonne,7.332793134,48.728811149,QmnJ
A3410200,A341020001,2019-12-06,495.0,2026-06-02T08:08:12Z,16,Donnée validée,10,Expertisée,20,Bonne,7.332793134,48.728811149,QmnJ
A3410200,A341020001,2019-12-07,596.0,2026-06-02T08:08:12Z,16,Donnée validée,10,Expertisée,20,Bonne,7.332793134,48.728811149,QmnJ
A3410200,A341020001,2019-12-08,581.0,2026-06-02T08:08:12Z,16,Donnée validée,10,Expertisée,20,Bonne,7.332793134,48.728811149,QmnJ
A3410200,A341020001,2019-12-09,742.0,2026-06-02T08:08:12Z,16,Donnée validée,10,Expertisée,20,Bonne,7.332793134,48.728811149,QmnJ
A3410200,A341020001,2019-12-10,841.0,2026-06-02T08:08:12Z,16,Donnée validée,10,Expertisée,20,Bonne,7.332793134,48.728811149,QmnJ
A3410200,A341020001,2019-12-11,714.0,2026-06-02T08:08:12Z,16,Donnée validée,10,Expertisée,20,Bonne,7.332793134,48.728811149,QmnJ
A3410200,A341020001,2019-12-12,971.0,2026-06-02T08:08:12Z,16,Donnée validée,10,Expertisée,20,Bonne,7.332793134,48.728811149,QmnJ
A3410200,A341020001,2019-12-13,1842.0,2026-06-02T08:08:12Z,16,Donnée validée,10,Expertisée,20,Bonne,7.332793134,48.728811149,QmnJ
A3410200,A341020001,2019-12-14,2211.0,2026-06-02T08:08:12Z,16,Donnée validée,10,Expertisée,20,Bonne,7.332793134,48.728811149,QmnJ
A3410200,A341020001,2019-12-15,4348.0,2026-06-02T08:08:12Z,16,Donnée validée,10,Expertisée,20,Bonne,7.332793134,48.728811149,QmnJ
A3410200,A341020001,2019-12-16,3123.0,2026-06-02T08:08:12Z,16,Donnée validée,10,Expertisée,20,Bonne,7.332793134,48.728811149,QmnJ
A3410200,A341020001,2019-12-17,2185.0,2026-06-02T08:08:12Z,16,Donnée validée,10,Expertisée,20,Bonne,7.332793134,48.728811149,QmnJ
A3410200,A341020001,2019-12-18,1648.0,2026-06-02T08:08:12Z,16,Donnée validée,10,Expertisée,20,Bonne,7.332793134,48.728811149,QmnJ
A3410200,A341020001,2019-12-19,1264.0,2026-06-02T08:08:12Z,16,Donnée validée,10,Expertisée,20,Bonne,7.332793134,48.728811149,QmnJ
A3410200,A341020001,2019-12-20,1335.0,2026-06-02T08:08:12Z,16,Donnée validée,10,Expertisée,20,Bonne,7.332793134,48.728811149,QmnJ
A3410200,A341020001,2019-12-21,1472.0,2026-06-02T08:08:12Z,16,Donnée validée,10,Expertisée,20,Bonne,7.332793134,48.728811149,QmnJ
A3410200,A341020001,2019-12-22,1783.0,2026-06-02T08:08:12Z,16,Donnée validée,10,Expertisée,20,Bonne,7.332793134,48.728811149,QmnJ
A3410200,A341020001,2019-12-23,2301.0,2026-06-02T08:08:12Z,16,Donnée validée,10,Expertisée,20,Bonne,7.332793134,48.728811149,QmnJ
A3410200,A341020001,2019-12-24,1941.0,2026-06-02T08:08:12Z,16,Donnée validée,10,Expertisée,20,Bonne,7.332793134,48.728811149,QmnJ
A3410200,A341020001,2019-12-25,2528.0,2026-06-02T08:08:12Z,16,Donnée validée,10,Expertisée,20,Bonne,7.332793134,48.728811149,QmnJ
A3410200,A341020001,2019-12-26,2114.0,2026-06-02T08:08:12Z,16,Donnée validée,10,Expertisée,20,Bonne,7.332793134,48.728811149,QmnJ
A3410200,A341020001,2019-12-27,2794.0,2026-06-02T08:08:12Z,16,Donnée validée,10,Expertisée,20,Bonne,7.332793134,48.728811149,QmnJ
A3410200,A341020001,2019-12-28,2246.0,2026-06-02T08:08:12Z,16,Donnée validée,10,Expertisée,20,Bonne,7.332793134,48.728811149,QmnJ
A3410200,A341020001,2019-12-29,1858.0,2026-06-02T08:08:12Z,16,Donnée validée,10,Expertisée,20,Bonne,7.332793134,48.728811149,QmnJ
A3410200,A341020001,2019-12-30,1598.0,2026-06-02T08:08:12Z,16,Donnée validée,10,Expertisée,20,Bonne,7.332793134,48.728811149,QmnJ
A3410200,A341020001,2019-12-31,1422.0,2026-06-02T08:08:12Z,16,Donnée validée,10,Expertisée,20,Bonne,7.332793134,48.728811149,QmnJ
A3410200,A341020001,2020-01-01,1288.0,2026-06-02T08:08:12Z,16,Donnée validée,10,Expertisée,20,Bonne,7.332793134,48.728811149,QmnJ
A3410200,A341020001,2020-01-02,1193.0,2026-06-02T08:08:12Z,16,Donnée validée,10,Expertisée,20,Bonne,7.332793134,48.728811149,QmnJ
A3410200,A341020001,2020-01-03,1157.0,2026-06-02T08:08:12Z,16,Donnée validée,10,Expertisée,20,Bonne,7.332793134,48.728811149,QmnJ
A3410200,A341020001,2020-01-04,1141.0,2026-06-02T08:08:12Z,16,Donnée validée,10,Expertisée,20,Bonne,7.332793134,48.728811149,QmnJ
A3410200,A341020001,2020-01-05,995.0,2026-06-02T08:08:12Z,16,Donnée validée,10,Expertisée,20,Bonne,7.332793134,48.728811149,QmnJ
A3410200,A341020001,2020-01-06,914.0,2026-06-02T08:08:12Z,16,Donnée validée,10,Expertisée,20,Bonne,7.332793134,48.728811149,QmnJ
A3410200,A341020001,2020-01-07,880.0,2026-06-02T08:08:12Z,16,Donnée validée,10,Expertisée,20,Bonne,7.332793134,48.728811149,QmnJ
A3410200,A341020001,2020-01-08,785.0,2026-06-02T08:08:12Z,16,Donnée validée,10,Expertisée,20,Bonne,7.332793134,48.728811149,QmnJ
A3410200,A341020001,2020-01-09,809.0,2026-06-02T08:08:12Z,16,Donnée validée,10,Expertisée,20,Bonne,7.332793134,48.728811149,QmnJ
A3410200,A341020001,2020-01-10,811.0,2026-06-02T08:08:12Z,16,Donnée validée,10,Expertisée,20,Bonne,7.332793134,48.728811149,QmnJ
A3410200,A341020001,2020-01-11,732.0,2026-06-02T08:08:12Z,16,Donnée validée,10,Expertisée,20,Bonne,7.332793134,48.728811149,QmnJ
A3410200,A341020001,2020-01-12,714.0,2026-06-02T08:08:12Z,16,Donnée validée,10,Expertisée,20,Bonne,7.332793134,48.728811149,QmnJ
A3410200,A341020001,2020-01-13,694.0,2026-06-02T08:08:12Z,16,Donnée validée,10,Expertisée,20,Bonne,7.332793134,48.728811149,QmnJ
A3410200,A341020001,2020-01-14,677.0,2026-06-02T08:08:12Z,16,Donnée validée,10,Expertisée,20,Bonne,7.332793134,48.728811149,QmnJ
A3410200,A341020001,2020-01-15,667.0,2026-06-02T08:08:12Z,16,Donnée validée,10,Expertisée,20,Bonne,7.332793134,48.728811149,QmnJ
A3410200,A341020001,2020-01-16,575.0,2026-06-02T08:08:12Z,16,Donnée validée,10,Expertisée,20,Bonne,7.332793134,48.728811149,QmnJ
A3410200,A341020001,2020-01-17,533.0,2026-06-02T08:08:12Z,16,Donnée validée,10,Expertisée,20,Bonne,7.332793134,48.728811149,QmnJ
A3410200,A341020001,2020-01-18,531.0,2026-06-02T08:08:12Z,16,Donnée validée,10,Expertisée,20,Bonne,7.332793134,48.728811149,QmnJ
A3410200,A341020001,2020-01-19,488.0,2026-06-02T08:08:12Z,16,Donnée validée,10,Expertisée,20,Bonne,7.332793134,48.728811149,QmnJ
A3410200,A341020001,2020-01-20,465.0,2026-06-02T08:08:12Z,16,Donnée validée,10,Expertisée,20,Bonne,7.332793134,48.728811149,QmnJ
A3410200,A341020001,2020-01-21,434.0,2026-06-02T08:08:12Z,16,Donnée validée,10,Expertisée,20,Bonne,7.332793134,48.728811149,QmnJ
A3410200,A341020001,2020-01-22,405.0,2026-06-02T08:08:12Z,16,Donnée validée,10,Expertisée,20,Bonne,7.332793134,48.728811149,QmnJ
A3410200,A341020001,2020-01-23,393.0,2026-06-02T08:08:12Z,16,Donnée validée,10,Expertisée,20,Bonne,7.332793134,48.728811149,QmnJ
A3410200,A341020001,2020-01-24,414.0,2026-06-02T08:08:12Z,16,Donnée validée,10,Expertisée,20,Bonne,7.332793134,48.728811149,QmnJ
A3410200,A341020001,2020-01-25,415.0,2026-06-02T08:08:12Z,16,Donnée validée,10,Expertisée,20,Bonne,7.332793134,48.728811149,QmnJ
A3410200,A341020001,2020-01-26,436.0,2026-06-02T08:08:12Z,16,Donnée validée,10,Expertisée,20,Bonne,7.332793134,48.728811149,QmnJ
A3410200,A341020001,2020-01-27,474.0,2026-06-02T08:08:12Z,16,Donnée validée,10,Expertisée,20,Bonne,7.332793134,48.728811149,QmnJ
A3410200,A341020001,2020-01-28,845.0,2026-06-02T08:08:12Z,16,Donnée validée,10,Expertisée,20,Bonne,7.332793134,48.728811149,QmnJ
A3410200,A341020001,2020-01-29,990.0,2026-06-02T08:08:12Z,16,Donnée validée,10,Expertisée,20,Bonne,7.332793134,48.728811149,QmnJ
A3410200,A341020001,2020-01-30,797.0,2026-06-02T08:08:12Z,16,Donnée validée,10,Expertisée,20,Bonne,7.332793134,48.728811149,QmnJ
A3410200,A341020001,2020-01-31,811.0,2026-06-02T08:08:12Z,16,Donnée validée,10,Expertisée,20,Bonne,7.332793134,48.728811149,QmnJ
A3410200,A341020001,2020-02-01,1235.0,2026-06-02T08:08:12Z,16,Donnée validée,10,Expertisée,20,Bonne,7.332793134,48.728811149,QmnJ
A3410200,A341020001,2020-02-02,3875.0,2026-06-02T08:08:12Z,16,Donnée validée,10,Expertisée,20,Bonne,7.332793134,48.728811149,QmnJ
A3410200,A341020001,2020-02-03,19253.0,2026-06-02T08:08:12Z,16,Donnée validée,10,Expertisée,20,Bonne,7.332793134,48.728811149,QmnJ
A3410200,A341020001,2020-02-04,10952.0,2026-06-02T08:08:12Z,16,Donnée validée,10,Expertisée,20,Bonne,7.332793134,48.728811149,QmnJ
A3410200,A341020001,2020-02-05,7305.0,2026-06-02T08:08:12Z,16,Donnée validée,10,Expertisée,20,Bonne,7.332793134,48.728811149,QmnJ
A3410200,A341020001,2020-02-06,5856.0,2026-06-02T08:08:12Z,16,Donnée validée,10,Expertisée,20,Bonne,7.332793134,48.728811149,QmnJ
A3410200,A341020001,2020-02-07,4926.0,2026-06-02T08:08:12Z,16,Donnée validée,10,Expertisée,20,Bonne,7.332793134,48.728811149,QmnJ
A3410200,A341020001,2020-02-08,4162.0,2026-06-02T08:08:12Z,16,Donnée validée,10,Expertisée,20,Bonne,7.332793134,48.728811149,QmnJ
A3410200,A341020001,2020-02-09,3638.0,2026-06-02T08:08:12Z,16,Donnée validée,10,Expertisée,20,Bonne,7.332793134,48.728811149,QmnJ
A3410200,A341020001,2020-02-10,3737.0,2026-06-02T08:08:12Z,16,Donnée validée,10,Expertisée,20,Bonne,7.332793134,48.728811149,QmnJ
A3410200,A341020001,2020-02-11,4207.0,2026-06-02T08:08:12Z,16,Donnée validée,10,Expertisée,20,Bonne,7.332793134,48.728811149,QmnJ
A3410200,A341020001,2020-02-12,3358.0,2026-06-02T08:08:12Z,16,Donnée validée,10,Expertisée,20,Bonne,7.332793134,48.728811149,QmnJ
A3410200,A341020001,2020-02-13,3377.0,2026-06-02T08:08:12Z,16,Donnée validée,10,Expertisée,20,Bonne,7.332793134,48.728811149,QmnJ
A3410200,A341020001,2020-02-14,3462.0,2026-06-02T08:08:12Z,16,Donnée validée,10,Expertisée,20,Bonne,7.332793134,48.728811149,QmnJ
A3410200,A341020001,2020-02-15,2780.0,2026-06-02T08:08:12Z,16,Donnée validée,10,Expertisée,20,Bonne,7.332793134,48.728811149,QmnJ
A3410200,A341020001,2020-02-16,2586.0,2026-06-02T08:08:12Z,16,Donnée validée,10,Expertisée,20,Bonne,7.332793134,48.728811149,QmnJ
A3410200,A341020001,2020-02-17,4980.0,2026-06-02T08:08:12Z,16,Donnée validée,10,Expertisée,20,Bonne,7.332793134,48.728811149,QmnJ
A3410200,A341020001,2020-02-18,4374.0,2026-06-02T08:08:12Z,16,Donnée validée,10,Expertisée,20,Bonne,7.332793134,48.728811149,QmnJ
A3410200,A341020001,2020-02-19,3690.0,2026-06-02T08:08:12Z,16,Donnée validée,10,Expertisée,20,Bonne,7.332793134,48.728811149,QmnJ
A3410200,A341020001,2020-02-20,3127.0,2026-06-02T08:08:12Z,16,Donnée validée,10,Expertisée,20,Bonne,7.332793134,48.728811149,QmnJ
A3410200,A341020001,2020-02-21,2704.0,2026-06-02T08:08:12Z,16,Donnée validée,10,Expertisée,20,Bonne,7.332793134,48.728811149,QmnJ
A3410200,A341020001,2020-02-22,2413.0,2026-06-02T08:08:12Z,16,Donnée validée,10,Expertisée,20,Bonne,7.332793134,48.728811149,QmnJ
A3410200,A341020001,2020-02-23,2455.0,2026-06-02T08:08:12Z,16,Donnée validée,10,Expertisée,20,Bonne,7.332793134,48.728811149,QmnJ
A3410200,A341020001,2020-02-24,3241.0,2026-06-02T08:08:12Z,16,Donnée validée,10,Expertisée,20,Bonne,7.332793134,48.728811149,QmnJ
A3410200,A341020001,2020-02-25,4139.0,2026-06-02T08:08:12Z,16,Donnée validée,10,Expertisée,20,Bonne,7.332793134,48.728811149,QmnJ
A3410200,A341020001,2020-02-26,5654.0,2026-06-02T08:08:12Z,16,Donnée validée,10,Expertisée,20,Bonne,7.332793134,48.728811149,QmnJ
A3410200,A341020001,2020-02-27,5756.0,2026-06-02T08:08:12Z,16,Donnée validée,10,Expertisée,20,Bonne,7.332793134,48.728811149,QmnJ
A3410200,A341020001,2020-02-28,5248.0,2026-06-02T08:08:12Z,16,Donnée validée,10,Expertisée,20,Bonne,7.332793134,48.728811149,QmnJ
A3410200,A341020001,2020-02-29,5100.0,2026-06-02T08:08:12Z,16,Donnée validée,10,Expertisée,20,Bonne,7.332793134,48.728811149,QmnJ
A3410200,A341020001,2020-03-01,5041.0,2026-06-02T08:08:12Z,16,Donnée validée,10,Expertisée,20,Bonne,7.332793134,48.728811149,QmnJ
A3410200,A341020001,2020-03-02,6216.0,2026-06-02T08:08:12Z,16,Donnée validée,10,Expertisée,20,Bonne,7.332793134,48.728811149,QmnJ
A3410200,A341020001,2020-03-03,6956.0,2026-06-02T08:08:12Z,16,Donnée validée,10,Expertisée,20,Bonne,7.332793134,48.728811149,QmnJ
A3410200,A341020001,2020-03-04,5848.0,2026-06-02T08:08:12Z,16,Donnée validée,10,Expertisée,20,Bonne,7.332793134,48.728811149,QmnJ
A3410200,A341020001,2020-03-05,8678.0,2026-06-02T08:08:12Z,16,Donnée validée,10,Expertisée,20,Bonne,7.332793134,48.728811149,QmnJ
A3410200,A341020001,2020-03-06,10766.0,2026-06-02T08:08:12Z,16,Donnée validée,10,Expertisée,20,Bonne,7.332793134,48.728811149,QmnJ
A3410200,A341020001,2020-03-07,9115.0,2026-06-02T08:08:12Z,16,Donnée validée,10,Expertisée,20,Bonne,7.332793134,48.728811149,QmnJ
A3410200,A341020001,2020-03-08,7958.0,2026-06-02T08:08:12Z,16,Donnée validée,10,Expertisée,20,Bonne,7.332793134,48.728811149,QmnJ
A3410200,A341020001,2020-03-09,7665.0,2026-06-02T08:08:12Z,16,Donnée validée,10,Expertisée,20,Bonne,7.332793134,48.728811149,QmnJ
A3410200,A341020001,2020-03-10,7096.0,2026-06-02T08:08:12Z,16,Donnée validée,10,Expertisée,20,Bonne,7.332793134,48.728811149,QmnJ
A3410200,A341020001,2020-03-11,6329.0,2026-06-02T08:08:12Z,16,Donnée validée,10,Expertisée,20,Bonne,7.332793134,48.728811149,QmnJ
A3410200,A341020001,2020-03-12,5844.0,2026-06-02T08:08:12Z,16,Donnée validée,10,Expertisée,20,Bonne,7.332793134,48.728811149,QmnJ
A3410200,A341020001,2020-03-13,5442.0,2026-06-02T08:08:12Z,16,Donnée validée,10,Expertisée,20,Bonne,7.332793134,48.728811149,QmnJ
A3410200,A341020001,2020-03-14,4824.0,2026-06-02T08:08:12Z,16,Donnée validée,10,Expertisée,20,Bonne,7.332793134,48.728811149,QmnJ
A3410200,A341020001,2020-03-15,4511.0,2026-06-02T08:08:12Z,16,Donnée validée,10,Expertisée,20,Bonne,7.332793134,48.728811149,QmnJ
A3410200,A341020001,2020-03-16,4126.0,2026-06-02T08:08:12Z,16,Donnée validée,10,Expertisée,20,Bonne,7.332793134,48.728811149,QmnJ
A3410200,A341020001,2020-03-17,3539.0,2026-06-02T08:08:12Z,16,Donnée validée,10,Expertisée,20,Bonne,7.332793134,48.728811149,QmnJ
A3410200,A341020001,2020-03-18,3198.0,2026-06-02T08:08:12Z,16,Donnée validée,10,Expertisée,20,Bonne,7.332793134,48.728811149,QmnJ
A3410200,A341020001,2020-03-19,3111.0,2026-06-02T08:08:12Z,16,Donnée validée,10,Expertisée,20,Bonne,7.332793134,48.728811149,QmnJ
A3410200,A341020001,2020-03-20,2994.0,2026-06-02T08:08:12Z,16,Donnée validée,10,Expertisée,20,Bonne,7.332793134,48.728811149,QmnJ
A3410200,A341020001,2020-03-21,2998.0,2026-06-02T08:08:12Z,16,Donnée validée,10,Expertisée,20,Bonne,7.332793134,48.728811149,QmnJ
A3410200,A341020001,2020-03-22,2765.0,2026-06-02T08:08:12Z,16,Donnée validée,10,Expertisée,20,Bonne,7.332793134,48.728811149,QmnJ
A3410200,A341020001,2020-03-23,2399.0,2026-06-02T08:08:12Z,16,Donnée validée,10,Expertisée,20,Bonne,7.332793134,48.728811149,QmnJ
A3410200,A341020001,2020-03-24,2241.0,2026-06-02T08:08:12Z,16,Donnée validée,10,Expertisée,20,Bonne,7.332793134,48.728811149,QmnJ
A3410200,A341020001,2020-03-25,2107.0,2026-06-02T08:08:12Z,16,Donnée validée,10,Expertisée,20,Bonne,7.332793134,48.728811149,QmnJ
A3410200,A341020001,2020-03-26,2132.0,2026-06-02T08:08:12Z,16,Donnée validée,10,Expertisée,20,Bonne,7.332793134,48.728811149,QmnJ
A3410200,A341020001,2020-03-27,2087.0,2026-06-02T08:08:12Z,16,Donnée validée,10,Expertisée,20,Bonne,7.332793134,48.728811149,QmnJ
A3410200,A341020001,2020-03-28,1869.0,2026-06-02T08:08:12Z,16,Donnée validée,10,Expertisée,20,Bonne,7.332793134,48.728811149,QmnJ
A3410200,A341020001,2020-03-29,1655.0,2026-06-02T08:08:12Z,16,Donnée validée,10,Expertisée,20,Bonne,7.332793134,48.728811149,QmnJ
A3410200,A341020001,2020-03-30,1577.0,2026-06-02T08:08:12Z,16,Donnée validée,10,Expertisée,20,Bonne,7.332793134,48.728811149,QmnJ
A3410200,A341020001,2020-03-31,1453.0,2026-06-02T08:08:12Z,16,Donnée validée,10,Expertisée,20,Bonne,7.332793134,48.728811149,QmnJ
A3410200,A341020001,2020-04-01,1426.0,2026-06-02T08:08:12Z,16,Donnée validée,10,Expertisée,20,Bonne,7.332793134,48.728811149,QmnJ
A3410200,A341020001,2020-04-02,1457.0,2026-06-02T08:08:12Z,16,Donnée validée,10,Expertisée,20,Bonne,7.332793134,48.728811149,QmnJ
A3410200,A341020001,2020-04-03,1396.0,2026-06-02T08:08:12Z,16,Donnée validée,10,Expertisée,20,Bonne,7.332793134,48.728811149,QmnJ
A3410200,A341020001,2020-04-04,1278.0,2026-06-02T08:08:12Z,16,Donnée validée,10,Expertisée,20,Bonne,7.332793134,48.728811149,QmnJ
A3410200,A341020001,2020-04-05,1218.0,2026-06-02T08:08:12Z,16,Donnée validée,10,Expertisée,20,Bonne,7.332793134,48.728811149,QmnJ
A3410200,A341020001,2020-04-06,1135.0,2026-06-02T08:08:12Z,16,Donnée validée,10,Expertisée,20,Bonne,7.332793134,48.728811149,QmnJ
A3410200,A341020001,2020-04-07,1041.0,2026-06-02T08:08:12Z,16,Donnée validée,10,Expertisée,20,Bonne,7.332793134,48.728811149,QmnJ
A3410200,A341020001,2020-04-08,1011.0,2026-06-02T08:08:12Z,16,Donnée validée,10,Expertisée,20,Bonne,7.332793134,48.728811149,QmnJ
A3410200,A341020001,2020-04-09,949.0,2026-06-02T08:08:12Z,16,Donnée validée,10,Expertisée,20,Bonne,7.332793134,48.728811149,QmnJ
A3410200,A341020001,2020-04-10,969.0,2026-06-02T08:08:12Z,16,Donnée validée,10,Expertisée,20,Bonne,7.332793134,48.728811149,QmnJ
A3410200,A341020001,2020-04-11,942.0,2026-06-02T08:08:12Z,16,Donnée validée,10,Expertisée,20,Bonne,7.332793134,48.728811149,QmnJ
A3410200,A341020001,2020-04-12,943.0,2026-06-02T08:08:12Z,16,Donnée validée,10,Expertisée,20,Bonne,7.332793134,48.728811149,QmnJ
A3410200,A341020001,2020-04-13,942.0,2026-06-02T08:08:12Z,16,Donnée validée,10,Expertisée,20,Bonne,7.332793134,48.728811149,QmnJ
A3410200,A341020001,2020-04-14,876.0,2026-06-02T08:08:12Z,16,Donnée validée,10,Expertisée,20,Bonne,7.332793134,48.728811149,QmnJ
A3410200,A341020001,2020-04-15,818.0,2026-06-02T08:08:12Z,16,Donnée validée,10,Expertisée,20,Bonne,7.332793134,48.728811149,QmnJ
A3410200,A341020001,2020-04-16,805.0,2026-06-02T08:08:12Z,16,Donnée validée,10,Expertisée,20,Bonne,7.332793134,48.728811149,QmnJ
A3410200,A341020001,2020-04-17,792.0,2026-06-02T08:08:12Z,16,Donnée validée,10,Expertisée,20,Bonne,7.332793134,48.728811149,QmnJ
A3410200,A341020001,2020-04-18,771.0,2026-06-02T08:08:12Z,16,Donnée validée,10,Expertisée,20,Bonne,7.332793134,48.728811149,QmnJ
A3410200,A341020001,2020-04-19,748.0,2026-06-02T08:08:12Z,16,Donnée validée,10,Expertisée,20,Bonne,7.332793134,48.728811149,QmnJ
A3410200,A341020001,2020-04-20,730.0,2026-06-02T08:08:12Z,16,Donnée validée,10,Expertisée,20,Bonne,7.332793134,48.728811149,QmnJ
A3410200,A341020001,2020-04-21,759.0,2026-06-02T08:08:12Z,16,Donnée validée,10,Expertisée,20,Bonne,7.332793134,48.728811149,QmnJ
A3410200,A341020001,2020-04-22,622.0,2026-06-02T08:08:12Z,16,Donnée validée,10,Expertisée,12,Douteuse,7.332793134,48.728811149,QmnJ
A3410200,A341020001,2020-04-23,629.0,2026-06-02T08:08:12Z,16,Donnée validée,10,Expertisée,20,Bonne,7.332793134,48.728811149,QmnJ
A3410200,A341020001,2020-04-24,609.0,2026-06-02T08:08:12Z,16,Donnée validée,10,Expertisée,20,Bonne,7.332793134,48.728811149,QmnJ
A3410200,A341020001,2020-04-25,621.0,2026-06-02T08:08:12Z,16,Donnée validée,10,Expertisée,20,Bonne,7.332793134,48.728811149,QmnJ
A3410200,A341020001,2020-04-26,598.0,2026-06-02T08:08:12Z,16,Donnée validée,10,Expertisée,20,Bonne,7.332793134,48.728811149,QmnJ
A3410200,A341020001,2020-04-27,522.0,2026-06-02T08:08:12Z,16,Donnée validée,10,Expertisée,20,Bonne,7.332793134,48.728811149,QmnJ
A3410200,A341020001,2020-04-28,553.0,2026-06-02T08:08:12Z,16,Donnée validée,10,Expertisée,20,Bonne,7.332793134,48.728811149,QmnJ
A3410200,A341020001,2020-04-29,531.0,2026-06-02T08:08:12Z,16,Donnée validée,10,Expertisée,20,Bonne,7.332793134,48.728811149,QmnJ
A3410200,A341020001,2020-04-30,649.0,2026-06-02T08:08:12Z,16,Donnée validée,10,Expertisée,20,Bonne,7.332793134,48.728811149,QmnJ
A3410200,A341020001,2020-05-01,820.0,2026-06-02T08:08:12Z,16,Donnée validée,10,Expertisée,20,Bonne,7.332793134,48.728811149,QmnJ
A3410200,A341020001,2020-05-02,854.0,2026-06-02T08:08:12Z,16,Donnée validée,10,Expertisée,20,Bonne,7.332793134,48.728811149,QmnJ
A3410200,A341020001,2020-05-03,505.0,2026-06-02T08:08:12Z,16,Donnée validée,10,Expertisée,12,Douteuse,7.332793134,48.728811149,QmnJ
A3410200,A341020001,2020-05-04,489.0,2026-06-02T08:08:12Z,16,Donnée validée,10,Expertisée,20,Bonne,7.332793134,48.728811149,QmnJ
A3410200,A341020001,2020-05-05,457.0,2026-06-02T08:08:12Z,16,Donnée validée,10,Expertisée,20,Bonne,7.332793134,48.728811149,QmnJ
A3410200,A341020001,2020-05-06,378.0,2026-06-02T08:08:12Z,16,Donnée validée,10,Expertisée,12,Douteuse,7.332793134,48.728811149,QmnJ
A3410200,A341020001,2020-05-07,350.0,2026-06-02T08:08:12Z,16,Donnée validée,10,Expertisée,12,Douteuse,7.332793134,48.728811149,QmnJ
A3410200,A341020001,2020-05-08,352.0,2026-06-02T08:08:12Z,16,Donnée validée,10,Expertisée,12,Douteuse,7.332793134,48.728811149,QmnJ
A3410200,A341020001,2020-05-09,377.0,2026-06-02T08:08:12Z,16,Donnée validée,10,Expertisée,20,Bonne,7.332793134,48.728811149,QmnJ
A3410200,A341020001,2020-05-10,385.0,2026-06-02T08:08:12Z,16,Donnée validée,10,Expertisée,20,Bonne,7.332793134,48.728811149,QmnJ
A3410200,A341020001,2020-05-11,1195.0,2026-06-02T08:08:12Z,16,Donnée validée,10,Expertisée,20,Bonne,7.332793134,48.728811149,QmnJ
A3410200,A341020001,2020-05-12,751.0,2026-06-02T08:08:12Z,16,Donnée validée,10,Expertisée,20,Bonne,7.332793134,48.728811149,QmnJ
A3410200,A341020001,2020-05-13,520.0,2026-06-02T08:08:12Z,16,Donnée validée,10,Expertisée,20,Bonne,7.332793134,48.728811149,QmnJ
A3410200,A341020001,2020-05-14,455.0,2026-06-02T08:08:12Z,16,Donnée validée,10,Expertisée,20,Bonne,7.332793134,48.728811149,QmnJ
A3410200,A341020001,2020-05-15,393.0,2026-06-02T08:08:12Z,16,Donnée validée,10,Expertisée,20,Bonne,7.332793134,48.728811149,QmnJ
A3410200,A341020001,2020-05-16,351.0,2026-06-02T08:08:12Z,16,Donnée validée,10,Expertisée,12,Douteuse,7.332793134,48.728811149,QmnJ
A3410200,A341020001,2020-05-17,323.0,2026-06-02T08:08:12Z,16,Donnée validée,10,Expertisée,12,Douteuse,7.332793134,48.728811149,QmnJ
A3410200,A341020001,2020-05-18,304.0,2026-06-02T08:08:12Z,16,Donnée validée,10,Expertisée,12,Douteuse,7.332793134,48.728811149,QmnJ
A3410200,A341020001,2020-05-19,312.0,2026-06-02T08:08:12Z,16,Donnée validée,10,Expertisée,12,Douteuse,7.332793134,48.728811149,QmnJ
A3410200,A341020001,2020-05-20,305.0,2026-06-02T08:08:12Z,16,Donnée validée,10,Expertisée,12,Douteuse,7.332793134,48.728811149,QmnJ
A3410200,A341020001,2020-05-21,307.0,2026-06-02T08:08:12Z,16,Donnée validée,10,Expertisée,12,Douteuse,7.332793134,48.728811149,QmnJ
A3410200,A341020001,2020-05-22,300.0,2026-06-02T08:08:12Z,16,Donnée validée,10,Expertisée,12,Douteuse,7.332793134,48.728811149,QmnJ
A3410200,A341020001,2020-05-23,417.0,2026-06-02T08:08:12Z,16,Donnée validée,10,Expertisée,12,Douteuse,7.332793134,48.728811149,QmnJ
A3410200,A341020001,2020-05-24,406.0,2026-06-02T08:08:12Z,16,Donnée validée,10,Expertisée,12,Douteuse,7.332793134,48.728811149,QmnJ
A3410200,A341020001,2020-05-25,326.0,2026-06-02T08:08:12Z,16,Donnée validée,10,Expertisée,12,Douteuse,7.332793134,48.728811149,QmnJ
A3410200,A341020001,2020-05-26,396.0,2026-06-02T08:08:12Z,16,Donnée validée,10,Expertisée,12,Douteuse,7.332793134,48.728811149,QmnJ
A3410200,A341020001,2020-05-27,455.0,2026-06-02T08:08:12Z,16,Donnée validée,10,Expertisée,20,Bonne,7.332793134,48.728811149,QmnJ
A3410200,A341020001,2020-05-28,401.0,2026-06-02T08:08:12Z,16,Donnée validée,10,Expertisée,12,Douteuse,7.332793134,48.728811149,QmnJ
A3410200,A341020001,2020-05-29,279.0,2026-06-02T08:08:12Z,16,Donnée validée,10,Expertisée,12,Douteuse,7.332793134,48.728811149,QmnJ
A3410200,A341020001,2020-05-30,436.0,2026-06-02T08:08:12Z,16,Donnée validée,10,Expertisée,12,Douteuse,7.332793134,48.728811149,QmnJ
A3410200,A341020001,2020-05-31,487.0,2026-06-02T08:08:12Z,16,Donnée validée,10,Expertisée,20,Bonne,7.332793134,48.728811149,QmnJ
A3410200,A341020001,2020-06-01,480.0,2026-06-02T08:08:12Z,16,Donnée validée,10,Expertisée,20,Bonne,7.332793134,48.728811149,QmnJ
A3410200,A341020001,2020-06-02,475.0,2026-06-02T08:08:12Z,16,Donnée validée,10,Expertisée,20,Bonne,7.332793134,48.728811149,QmnJ
A3410200,A341020001,2020-06-03,492.0,2026-06-02T08:08:12Z,16,Donnée validée,10,Expertisée,20,Bonne,7.332793134,48.728811149,QmnJ
A3410200,A341020001,2020-06-04,819.0,2026-06-02T08:08:12Z,16,Donnée validée,10,Expertisée,20,Bonne,7.332793134,48.728811149,QmnJ
A3410200,A341020001,2020-06-05,833.0,2026-06-02T08:08:12Z,16,Donnée validée,10,Expertisée,12,Douteuse,7.332793134,48.728811149,QmnJ
A3410200,A341020001,2020-06-06,1263.0,2026-06-02T08:08:12Z,16,Donnée validée,10,Expertisée,20,Bonne,7.332793134,48.728811149,QmnJ
A3410200,A341020001,2020-06-07,703.0,2026-06-02T08:08:12Z,16,Donnée validée,10,Expertisée,20,Bonne,7.332793134,48.728811149,QmnJ
A3410200,A341020001,2020-06-08,548.0,2026-06-02T08:08:12Z,16,Donnée validée,10,Expertisée,20,Bonne,7.332793134,48.728811149,QmnJ
A3410200,A341020001,2020-06-09,515.0,2026-06-02T08:08:12Z,16,Donnée validée,10,Expertisée,20,Bonne,7.332793134,48.728811149,QmnJ
A3410200,A341020001,2020-06-10,496.0,2026-06-02T08:08:12Z,16,Donnée validée,10,Expertisée,20,Bonne,7.332793134,48.728811149,QmnJ
A3410200,A341020001,2020-06-11,482.0,2026-06-02T08:08:12Z,16,Donnée validée,10,Expertisée,20,Bonne,7.332793134,48.728811149,QmnJ
A3410200,A341020001,2020-06-12,466.0,2026-06-02T08:08:12Z,16,Donnée validée,10,Expertisée,20,Bonne,7.332793134,48.728811149,QmnJ
A3410200,A341020001,2020-06-13,490.0,2026-06-02T08:08:12Z,16,Donnée validée,10,Expertisée,20,Bonne,7.332793134,48.728811149,QmnJ
A3410200,A341020001,2020-06-14,506.0,2026-06-02T08:08:12Z,16,Donnée validée,10,Expertisée,20,Bonne,7.332793134,48.728811149,QmnJ
A3410200,A341020001,2020-06-15,549.0,2026-06-02T08:08:12Z,16,Donnée validée,10,Expertisée,20,Bonne,7.332793134,48.728811149,QmnJ
A3410200,A341020001,2020-06-16,518.0,2026-06-02T08:08:12Z,16,Donnée validée,10,Expertisée,20,Bonne,7.332793134,48.728811149,QmnJ
A3410200,A341020001,2020-06-17,1156.0,2026-06-02T08:08:12Z,16,Donnée validée,10,Expertisée,20,Bonne,7.332793134,48.728811149,QmnJ
A3410200,A341020001,2020-06-18,1003.0,2026-06-02T08:08:12Z,16,Donnée validée,10,Expertisée,20,Bonne,7.332793134,48.728811149,QmnJ
A3410200,A341020001,2020-06-19,691.0,2026-06-02T08:08:12Z,16,Donnée validée,10,Expertisée,20,Bonne,7.332793134,48.728811149,QmnJ
A3410200,A341020001,2020-06-20,657.0,2026-06-02T08:08:12Z,16,Donnée validée,10,Expertisée,20,Bonne,7.332793134,48.728811149,QmnJ
A3410200,A341020001,2020-06-21,634.0,2026-06-02T08:08:12Z,16,Donnée validée,10,Expertisée,20,Bonne,7.332793134,48.728811149,QmnJ
A3410200,A341020001,2020-06-22,597.0,2026-06-02T08:08:12Z,16,Donnée validée,10,Expertisée,20,Bonne,7.332793134,48.728811149,QmnJ
A3410200,A341020001,2020-06-23,573.0,2026-06-02T08:08:12Z,16,Donnée validée,10,Expertisée,20,Bonne,7.332793134,48.728811149,QmnJ
A3410200,A341020001,2020-06-24,619.0,2026-06-02T08:08:12Z,16,Donnée validée,10,Expertisée,20,Bonne,7.332793134,48.728811149,QmnJ
A3410200,A341020001,2020-06-25,592.0,2026-06-02T08:08:12Z,16,Donnée validée,10,Expertisée,20,Bonne,7.332793134,48.728811149,QmnJ
A3410200,A341020001,2020-06-26,684.0,2026-06-02T08:08:12Z,16,Donnée validée,10,Expertisée,20,Bonne,7.332793134,48.728811149,QmnJ
A3410200,A341020001,2020-06-27,734.0,2026-06-02T08:08:12Z,16,Donnée validée,10,Expertisée,20,Bonne,7.332793134,48.728811149,QmnJ
A3410200,A341020001,2020-06-28,680.0,2026-06-02T08:08:12Z,16,Donnée validée,10,Expertisée,20,Bonne,7.332793134,48.728811149,QmnJ
A3410200,A341020001,2020-06-29,700.0,2026-06-02T08:08:12Z,16,Donnée validée,10,Expertisée,20,Bonne,7.332793134,48.728811149,QmnJ
A3410200,A341020001,2020-06-30,624.0,2026-06-02T08:08:12Z,16,Donnée validée,10,Expertisée,20,Bonne,7.332793134,48.728811149,QmnJ
A3410200,A341020001,2020-07-01,590.0,2026-06-02T08:08:12Z,16,Donnée validée,10,Expertisée,20,Bonne,7.332793134,48.728811149,QmnJ
A3410200,A341020001,2020-07-02,603.0,2026-06-02T08:08:12Z,16,Donnée validée,10,Expertisée,20,Bonne,7.332793134,48.728811149,QmnJ
A3410200,A341020001,2020-07-03,586.0,2026-06-02T08:08:12Z,16,Donnée validée,10,Expertisée,20,Bonne,7.332793134,48.728811149,QmnJ
A3410200,A341020001,2020-07-04,542.0,2026-06-02T08:08:12Z,16,Donnée validée,10,Expertisée,20,Bonne,7.332793134,48.728811149,QmnJ
A3410200,A341020001,2020-07-05,517.0,2026-06-02T08:08:12Z,16,Donnée validée,10,Expertisée,20,Bonne,7.332793134,48.728811149,QmnJ
A3410200,A341020001,2020-07-06,579.0,2026-06-02T08:08:12Z,16,Donnée validée,10,Expertisée,20,Bonne,7.332793134,48.728811149,QmnJ
A3410200,A341020001,2020-07-07,494.0,2026-06-02T08:08:12Z,16,Donnée validée,10,Expertisée,20,Bonne,7.332793134,48.728811149,QmnJ
A3410200,A341020001,2020-07-08,477.0,2026-06-02T08:08:12Z,16,Donnée validée,10,Expertisée,20,Bonne,7.332793134,48.728811149,QmnJ
A3410200,A341020001,2020-07-09,468.0,2026-06-02T08:08:12Z,16,Donnée validée,10,Expertisée,20,Bonne,7.332793134,48.728811149,QmnJ
A3410200,A341020001,2020-07-10,440.0,2026-06-02T08:08:12Z,16,Donnée validée,10,Expertisée,20,Bonne,7.332793134,48.728811149,QmnJ
A3410200,A341020001,2020-07-11,456.0,2026-06-02T08:08:12Z,16,Donnée validée,10,Expertisée,20,Bonne,7.332793134,48.728811149,QmnJ
A3410200,A341020001,2020-07-12,423.0,2026-06-02T08:08:12Z,16,Donnée validée,10,Expertisée,20,Bonne,7.332793134,48.728811149,QmnJ
A3410200,A341020001,2020-07-13,411.0,2026-06-02T08:08:12Z,16,Donnée validée,10,Expertisée,20,Bonne,7.332793134,48.728811149,QmnJ
A3410200,A341020001,2020-07-14,398.0,2026-06-02T08:08:12Z,16,Donnée validée,10,Expertisée,20,Bonne,7.332793134,48.728811149,QmnJ
A3410200,A341020001,2020-07-15,627.0,2026-06-02T08:08:12Z,16,Donnée validée,10,Expertisée,20,Bonne,7.332793134,48.728811149,QmnJ
A3410200,A341020001,2020-07-16,547.0,2026-06-02T08:08:12Z,16,Donnée validée,10,Expertisée,20,Bonne,7.332793134,48.728811149,QmnJ
A3410200,A341020001,2020-07-17,565.0,2026-06-02T08:08:12Z,16,Donnée validée,10,Expertisée,20,Bonne,7.332793134,48.728811149,QmnJ
A3410200,A341020001,2020-07-18,523.0,2026-06-02T08:08:12Z,16,Donnée validée,10,Expertisée,20,Bonne,7.332793134,48.728811149,QmnJ
A3410200,A341020001,2020-07-19,482.0,2026-06-02T08:08:12Z,16,Donnée validée,10,Expertisée,20,Bonne,7.332793134,48.728811149,QmnJ
A3410200,A341020001,2020-07-20,495.0,2026-06-02T08:08:12Z,16,Donnée validée,10,Expertisée,20,Bonne,7.332793134,48.728811149,QmnJ
A3410200,A341020001,2020-07-21,482.0,2026-06-02T08:08:12Z,16,Donnée validée,10,Expertisée,20,Bonne,7.332793134,48.728811149,QmnJ
A3410200,A341020001,2020-07-22,445.0,2026-06-02T08:08:12Z,16,Donnée validée,10,Expertisée,20,Bonne,7.332793134,48.728811149,QmnJ
A3410200,A341020001,2020-07-23,448.0,2026-06-02T08:08:12Z,16,Donnée validée,10,Expertisée,20,Bonne,7.332793134,48.728811149,QmnJ
A3410200,A341020001,2020-07-24,469.0,2026-06-02T08:08:12Z,16,Donnée validée,10,Expertisée,20,Bonne,7.332793134,48.728811149,QmnJ
A3410200,A341020001,2020-07-25,484.0,2026-06-02T08:08:12Z,16,Donnée validée,10,Expertisée,20,Bonne,7.332793134,48.728811149,QmnJ
A3410200,A341020001,2020-07-26,493.0,2026-06-02T08:08:12Z,16,Donnée validée,10,Expertisée,20,Bonne,7.332793134,48.728811149,QmnJ
A3410200,A341020001,2020-07-27,500.0,2026-06-02T08:08:12Z,16,Donnée validée,10,Expertisée,20,Bonne,7.332793134,48.728811149,QmnJ
A3410200,A341020001,2020-07-28,502.0,2026-06-02T08:08:12Z,16,Donnée validée,10,Expertisée,20,Bonne,7.332793134,48.728811149,QmnJ
A3410200,A341020001,2020-07-29,463.0,2026-06-02T08:08:12Z,16,Donnée validée,10,Expertisée,20,Bonne,7.332793134,48.728811149,QmnJ
A3410200,A341020001,2020-07-30,425.0,2026-06-02T08:08:12Z,16,Donnée validée,10,Expertisée,20,Bonne,7.332793134,48.728811149,QmnJ
A3410200,A341020001,2020-07-31,427.0,2026-06-02T08:08:12Z,16,Donnée validée,10,Expertisée,20,Bonne,7.332793134,48.728811149,QmnJ
A3410200,A341020001,2020-08-01,441.0,2026-06-02T08:08:12Z,16,Donnée validée,10,Expertisée,20,Bonne,7.332793134,48.728811149,QmnJ
A3410200,A341020001,2020-08-02,459.0,2026-06-02T08:08:12Z,16,Donnée validée,10,Expertisée,20,Bonne,7.332793134,48.728811149,QmnJ
A3410200,A341020001,2020-08-03,481.0,2026-06-02T08:08:12Z,16,Donnée validée,10,Expertisée,20,Bonne,7.332793134,48.728811149,QmnJ
A3410200,A341020001,2020-08-04,483.0,2026-06-02T08:08:12Z,16,Donnée validée,10,Expertisée,20,Bonne,7.332793134,48.728811149,QmnJ
A3410200,A341020001,2020-08-05,498.0,2026-06-02T08:08:12Z,16,Donnée validée,10,Expertisée,20,Bonne,7.332793134,48.728811149,QmnJ
A3410200,A341020001,2020-08-06,388.0,2026-06-02T08:08:12Z,16,Donnée validée,10,Expertisée,12,Douteuse,7.332793134,48.728811149,QmnJ
A3410200,A341020001,2020-08-07,395.0,2026-06-02T08:08:12Z,16,Donnée validée,10,Expertisée,20,Bonne,7.332793134,48.728811149,QmnJ
A3410200,A341020001,2020-08-08,389.0,2026-06-02T08:08:12Z,16,Donnée validée,10,Expertisée,20,Bonne,7.332793134,48.728811149,QmnJ
A3410200,A341020001,2020-08-09,390.0,2026-06-02T08:08:12Z,16,Donnée validée,10,Expertisée,20,Bonne,7.332793134,48.728811149,QmnJ
A3410200,A341020001,2020-08-10,363.0,2026-06-02T08:08:12Z,16,Donnée validée,10,Expertisée,12,Douteuse,7.332793134,48.728811149,QmnJ
A3410200,A341020001,2020-08-11,374.0,2026-06-02T08:08:12Z,16,Donnée validée,10,Expertisée,20,Bonne,7.332793134,48.728811149,QmnJ
A3410200,A341020001,2020-08-12,398.0,2026-06-02T08:08:12Z,16,Donnée validée,10,Expertisée,20,Bonne,7.332793134,48.728811149,QmnJ
A3410200,A341020001,2020-08-13,414.0,2026-06-02T08:08:12Z,16,Donnée validée,10,Expertisée,20,Bonne,7.332793134,48.728811149,QmnJ
A3410200,A341020001,2020-08-14,465.0,2026-06-02T08:08:12Z,16,Donnée validée,10,Expertisée,20,Bonne,7.332793134,48.728811149,QmnJ
A3410200,A341020001,2020-08-15,446.0,2026-06-02T08:08:12Z,16,Donnée validée,10,Expertisée,20,Bonne,7.332793134,48.728811149,QmnJ
A3410200,A341020001,2020-08-16,406.0,2026-06-02T08:08:12Z,16,Donnée validée,10,Expertisée,20,Bonne,7.332793134,48.728811149,QmnJ
A3410200,A341020001,2020-08-17,573.0,2026-06-02T08:08:12Z,16,Donnée validée,10,Expertisée,20,Bonne,7.332793134,48.728811149,QmnJ
A3410200,A341020001,2020-08-18,433.0,2026-06-02T08:08:12Z,16,Donnée validée,10,Expertisée,20,Bonne,7.332793134,48.728811149,QmnJ
A3410200,A341020001,2020-08-19,410.0,2026-06-02T08:08:12Z,16,Donnée validée,10,Expertisée,20,Bonne,7.332793134,48.728811149,QmnJ
A3410200,A341020001,2020-08-20,418.0,2026-06-02T08:08:12Z,16,Donnée validée,10,Expertisée,20,Bonne,7.332793134,48.728811149,QmnJ
A3410200,A341020001,2020-08-21,421.0,2026-06-02T08:08:12Z,16,Donnée validée,10,Expertisée,20,Bonne,7.332793134,48.728811149,QmnJ
A3410200,A341020001,2020-08-22,817.0,2026-06-02T08:08:12Z,16,Donnée validée,10,Expertisée,20,Bonne,7.332793134,48.728811149,QmnJ
A3410200,A341020001,2020-08-23,485.0,2026-06-02T08:08:12Z,16,Donnée validée,10,Expertisée,20,Bonne,7.332793134,48.728811149,QmnJ
A3410200,A341020001,2020-08-24,447.0,2026-06-02T08:08:12Z,16,Donnée validée,10,Expertisée,20,Bonne,7.332793134,48.728811149,QmnJ
A3410200,A341020001,2020-08-25,463.0,2026-06-02T08:08:12Z,16,Donnée validée,10,Expertisée,20,Bonne,7.332793134,48.728811149,QmnJ
A3410200,A341020001,2020-08-26,465.0,2026-06-02T08:08:12Z,16,Donnée validée,10,Expertisée,20,Bonne,7.332793134,48.728811149,QmnJ
A3410200,A341020001,2020-08-27,454.0,2026-06-02T08:08:12Z,16,Donnée validée,10,Expertisée,20,Bonne,7.332793134,48.728811149,QmnJ
A3410200,A341020001,2020-08-28,482.0,2026-06-02T08:08:12Z,16,Donnée validée,10,Expertisée,20,Bonne,7.332793134,48.728811149,QmnJ
A3410200,A341020001,2020-08-29,519.0,2026-06-02T08:08:12Z,16,Donnée validée,10,Expertisée,20,Bonne,7.332793134,48.728811149,QmnJ
A3410200,A341020001,2020-08-30,559.0,2026-06-02T08:08:12Z,16,Donnée validée,10,Expertisée,20,Bonne,7.332793134,48.728811149,QmnJ
A3410200,A341020001,2020-08-31,640.0,2026-06-02T08:08:12Z,16,Donnée validée,10,Expertisée,20,Bonne,7.332793134,48.728811149,QmnJ
A3410200,A341020001,2020-09-01,526.0,2026-06-02T08:08:12Z,16,Donnée validée,10,Expertisée,20,Bonne,7.332793134,48.728811149,QmnJ
A3410200,A341020001,2020-09-02,496.0,2026-06-02T08:08:12Z,16,Donnée validée,10,Expertisée,20,Bonne,7.332793134,48.728811149,QmnJ
A3410200,A341020001,2020-09-03,459.0,2026-06-02T08:08:12Z,16,Donnée validée,10,Expertisée,20,Bonne,7.332793134,48.728811149,QmnJ
A3410200,A341020001,2020-09-04,429.0,2026-06-02T08:08:12Z,16,Donnée validée,10,Expertisée,20,Bonne,7.332793134,48.728811149,QmnJ
A3410200,A341020001,2020-09-05,435.0,2026-06-02T08:08:12Z,16,Donnée validée,10,Expertisée,20,Bonne,7.332793134,48.728811149,QmnJ
A3410200,A341020001,2020-09-06,458.0,2026-06-02T08:08:12Z,16,Donnée validée,10,Expertisée,20,Bonne,7.332793134,48.728811149,QmnJ
A3410200,A341020001,2020-09-07,445.0,2026-06-02T08:08:12Z,16,Donnée validée,10,Expertisée,20,Bonne,7.332793134,48.728811149,QmnJ
A3410200,A341020001,2020-09-08,418.0,2026-06-02T08:08:12Z,16,Donnée validée,10,Expertisée,20,Bonne,7.332793134,48.728811149,QmnJ
A3410200,A341020001,2020-09-09,403.0,2026-06-02T08:08:12Z,16,Donnée validée,10,Expertisée,20,Bonne,7.332793134,48.728811149,QmnJ
A3410200,A341020001,2020-09-10,391.0,2026-06-02T08:08:12Z,16,Donnée validée,10,Expertisée,20,Bonne,7.332793134,48.728811149,QmnJ
A3410200,A341020001,2020-09-11,368.0,2026-06-02T08:08:12Z,16,Donnée validée,10,Expertisée,12,Douteuse,7.332793134,48.728811149,QmnJ
A3410200,A341020001,2020-09-12,369.0,2026-06-02T08:08:12Z,16,Donnée validée,10,Expertisée,12,Douteuse,7.332793134,48.728811149,QmnJ
A3410200,A341020001,2020-09-13,356.0,2026-06-02T08:08:12Z,16,Donnée validée,10,Expertisée,12,Douteuse,7.332793134,48.728811149,QmnJ
A3410200,A341020001,2020-09-14,350.0,2026-06-02T08:08:12Z,16,Donnée validée,10,Expertisée,12,Douteuse,7.332793134,48.728811149,QmnJ
A3410200,A341020001,2020-09-15,348.0,2026-06-02T08:08:12Z,16,Donnée validée,10,Expertisée,12,Douteuse,7.332793134,48.728811149,QmnJ
A3410200,A341020001,2020-09-16,347.0,2026-06-02T08:08:12Z,16,Donnée validée,10,Expertisée,12,Douteuse,7.332793134,48.728811149,QmnJ
A3410200,A341020001,2020-09-17,337.0,2026-06-02T08:08:12Z,16,Donnée validée,10,Expertisée,12,Douteuse,7.332793134,48.728811149,QmnJ
A3410200,A341020001,2020-09-18,326.0,2026-06-02T08:08:12Z,16,Donnée validée,10,Expertisée,12,Douteuse,7.332793134,48.728811149,QmnJ
A3410200,A341020001,2020-09-19,330.0,2026-06-02T08:08:12Z,16,Donnée validée,10,Expertisée,12,Douteuse,7.332793134,48.728811149,QmnJ
A3410200,A341020001,2020-09-20,345.0,2026-06-02T08:08:12Z,16,Donnée validée,10,Expertisée,12,Douteuse,7.332793134,48.728811149,QmnJ
A3410200,A341020001,2020-09-21,332.0,2026-06-02T08:08:12Z,16,Donnée validée,10,Expertisée,12,Douteuse,7.332793134,48.728811149,QmnJ
A3410200,A341020001,2020-09-22,361.0,2026-06-02T08:08:12Z,16,Donnée validée,10,Expertisée,12,Douteuse,7.332793134,48.728811149,QmnJ
A3410200,A341020001,2020-09-23,403.0,2026-06-02T08:08:12Z,16,Donnée validée,10,Expertisée,20,Bonne,7.332793134,48.728811149,QmnJ
A3410200,A341020001,2020-09-24,477.0,2026-06-02T08:08:12Z,16,Donnée validée,10,Expertisée,12,Douteuse,7.332793134,48.728811149,QmnJ
A3410200,A341020001,2020-09-25,571.0,2026-06-02T08:08:12Z,16,Donnée validée,10,Expertisée,12,Douteuse,7.332793134,48.728811149,QmnJ
A3410200,A341020001,2020-09-26,597.0,2026-06-02T08:08:12Z,16,Donnée validée,10,Expertisée,20,Bonne,7.332793134,48.728811149,QmnJ
A3410200,A341020001,2020-09-27,1028.0,2026-06-02T08:08:12Z,16,Donnée validée,10,Expertisée,20,Bonne,7.332793134,48.728811149,QmnJ
A3410200,A341020001,2020-09-28,434.0,2026-06-02T08:08:12Z,16,Donnée validée,10,Expertisée,20,Bonne,7.332793134,48.728811149,QmnJ
A3410200,A341020001,2020-09-29,539.0,2026-06-02T08:08:12Z,16,Donnée validée,10,Expertisée,20,Bonne,7.332793134,48.728811149,QmnJ
A3410200,A341020001,2020-09-30,394.0,2026-06-02T08:08:12Z,16,Donnée validée,10,Expertisée,20,Bonne,7.332793134,48.728811149,QmnJ
A3410200,A341020001,2020-10-01,358.0,2026-06-02T08:08:12Z,16,Donnée validée,10,Expertisée,20,Bonne,7.332793134,48.728811149,QmnJ
A3410200,A341020001,2020-10-02,366.0,2026-06-02T08:08:12Z,16,Donnée validée,10,Expertisée,20,Bonne,7.332793134,48.728811149,QmnJ
A3410200,A341020001,2020-10-03,454.0,2026-06-02T08:08:12Z,16,Donnée validée,10,Expertisée,20,Bonne,7.332793134,48.728811149,QmnJ
A3410200,A341020001,2020-10-04,414.0,2026-06-02T08:08:12Z,16,Donnée validée,10,Expertisée,20,Bonne,7.332793134,48.728811149,QmnJ
A3410200,A341020001,2020-10-05,373.0,2026-06-02T08:08:12Z,16,Donnée validée,10,Expertisée,20,Bonne,7.332793134,48.728811149,QmnJ
A3410200,A341020001,2020-10-06,480.0,2026-06-02T08:08:12Z,16,Donnée validée,10,Expertisée,20,Bonne,7.332793134,48.728811149,QmnJ
A3410200,A341020001,2020-10-07,564.0,2026-06-02T08:08:12Z,16,Donnée validée,10,Expertisée,20,Bonne,7.332793134,48.728811149,QmnJ
A3410200,A341020001,2020-10-08,444.0,2026-06-02T08:08:12Z,16,Donnée validée,10,Expertisée,12,Douteuse,7.332793134,48.728811149,QmnJ
A3410200,A341020001,2020-10-09,405.0,2026-06-02T08:08:12Z,16,Donnée validée,10,Expertisée,20,Bonne,7.332793134,48.728811149,QmnJ
A3410200,A341020001,2020-10-10,457.0,2026-06-02T08:08:12Z,16,Donnée validée,10,Expertisée,20,Bonne,7.332793134,48.728811149,QmnJ
A3410200,A341020001,2020-10-11,417.0,2026-06-02T08:08:12Z,16,Donnée validée,10,Expertisée,20,Bonne,7.332793134,48.728811149,QmnJ
A3410200,A341020001,2020-10-12,364.0,2026-06-02T08:08:12Z,16,Donnée validée,10,Expertisée,12,Douteuse,7.332793134,48.728811149,QmnJ
A3410200,A341020001,2020-10-13,313.0,2026-06-02T08:08:12Z,16,Donnée validée,10,Expertisée,12,Douteuse,7.332793134,48.728811149,QmnJ
A3410200,A341020001,2020-10-14,306.0,2026-06-02T08:08:12Z,16,Donnée validée,10,Expertisée,12,Douteuse,7.332793134,48.728811149,QmnJ
A3410200,A341020001,2020-10-15,313.0,2026-06-02T08:08:12Z,16,Donnée validée,10,Expertisée,12,Douteuse,7.332793134,48.728811149,QmnJ
A3410200,A341020001,2020-10-16,366.0,2026-06-02T08:08:12Z,16,Donnée validée,10,Expertisée,12,Douteuse,7.332793134,48.728811149,QmnJ
A3410200,A341020001,2020-10-17,333.0,2026-06-02T08:08:12Z,16,Donnée validée,10,Expertisée,12,Douteuse,7.332793134,48.728811149,QmnJ
A3410200,A341020001,2020-10-18,312.0,2026-06-02T08:08:12Z,16,Donnée validée,10,Expertisée,12,Douteuse,7.332793134,48.728811149,QmnJ
A3410200,A341020001,2020-10-19,278.0,2026-06-02T08:08:12Z,16,Donnée validée,10,Expertisée,12,Douteuse,7.332793134,48.728811149,QmnJ
A3410200,A341020001,2020-10-20,271.0,2026-06-02T08:08:12Z,16,Donnée validée,10,Expertisée,12,Douteuse,7.332793134,48.728811149,QmnJ
A3410200,A341020001,2020-10-21,307.0,2026-06-02T08:08:12Z,16,Donnée validée,10,Expertisée,12,Douteuse,7.332793134,48.728811149,QmnJ
A3410200,A341020001,2020-10-22,344.0,2026-06-02T08:08:12Z,16,Donnée validée,10,Expertisée,12,Douteuse,7.332793134,48.728811149,QmnJ
A3410200,A341020001,2020-10-23,382.0,2026-06-02T08:08:12Z,16,Donnée validée,10,Expertisée,12,Douteuse,7.332793134,48.728811149,QmnJ
A3410200,A341020001,2020-10-24,419.0,2026-06-02T08:08:12Z,16,Donnée validée,10,Expertisée,20,Bonne,7.332793134,48.728811149,QmnJ
A3410200,A341020001,2020-10-25,372.0,2026-06-02T08:08:12Z,16,Donnée validée,10,Expertisée,20,Bonne,7.332793134,48.728811149,QmnJ
A3410200,A341020001,2020-10-26,749.0,2026-06-02T08:08:12Z,16,Donnée validée,10,Expertisée,20,Bonne,7.332793134,48.728811149,QmnJ
A3410200,A341020001,2020-10-27,502.0,2026-06-02T08:08:12Z,16,Donnée validée,10,Expertisée,20,Bonne,7.332793134,48.728811149,QmnJ
A3410200,A341020001,2020-10-28,436.0,2026-06-02T08:08:12Z,16,Donnée validée,10,Expertisée,12,Douteuse,7.332793134,48.728811149,QmnJ
A3410200,A341020001,2020-10-29,447.0,2026-06-02T08:08:12Z,16,Donnée validée,10,Expertisée,20,Bonne,7.332793134,48.728811149,QmnJ
A3410200,A341020001,2020-10-30,393.0,2026-06-02T08:08:12Z,16,Donnée validée,10,Expertisée,12,Douteuse,7.332793134,48.728811149,QmnJ
A3410200,A341020001,2020-10-31,323.0,2026-06-02T08:08:12Z,16,Donnée validée,10,Expertisée,12,Douteuse,7.332793134,48.728811149,QmnJ
A3410200,A341020001,2020-11-01,512.0,2026-06-02T08:08:12Z,16,Donnée validée,10,Expertisée,12,Douteuse,7.332793134,48.728811149,QmnJ
A3410200,A341020001,2020-11-02,434.0,2026-06-02T08:08:12Z,16,Donnée validée,10,Expertisée,20,Bonne,7.332793134,48.728811149,QmnJ
A3410200,A341020001,2020-11-03,442.0,2026-06-02T08:08:12Z,16,Donnée validée,10,Expertisée,20,Bonne,7.332793134,48.728811149,QmnJ
A3410200,A341020001,2020-11-04,419.0,2026-06-02T08:08:12Z,16,Donnée validée,10,Expertisée,20,Bonne,7.332793134,48.728811149,QmnJ
A3410200,A341020001,2020-11-05,341.0,2026-06-02T08:08:12Z,16,Donnée validée,10,Expertisée,12,Douteuse,7.332793134,48.728811149,QmnJ
A3410200,A341020001,2020-11-06,303.0,2026-06-02T08:08:12Z,16,Donnée validée,10,Expertisée,12,Douteuse,7.332793134,48.728811149,QmnJ
A3410200,A341020001,2020-11-07,304.0,2026-06-02T08:08:12Z,16,Donnée validée,10,Expertisée,12,Douteuse,7.332793134,48.728811149,QmnJ
A3410200,A341020001,2020-11-08,318.0,2026-06-02T08:08:12Z,16,Donnée validée,10,Expertisée,12,Douteuse,7.332793134,48.728811149,QmnJ
A3410200,A341020001,2020-11-09,302.0,2026-06-02T08:08:12Z,16,Donnée validée,10,Expertisée,12,Douteuse,7.332793134,48.728811149,QmnJ
A3410200,A341020001,2020-11-10,293.0,2026-06-02T08:08:12Z,16,Donnée validée,10,Expertisée,12,Douteuse,7.332793134,48.728811149,QmnJ
A3410200,A341020001,2020-11-11,276.0,2026-06-02T08:08:12Z,16,Donnée validée,10,Expertisée,12,Douteuse,7.332793134,48.728811149,QmnJ
A3410200,A341020001,2020-11-12,265.0,2026-06-02T08:08:12Z,16,Donnée validée,10,Expertisée,12,Douteuse,7.332793134,48.728811149,QmnJ
A3410200,A341020001,2020-11-13,281.0,2026-06-02T08:08:12Z,16,Donnée validée,10,Expertisée,12,Douteuse,7.332793134,48.728811149,QmnJ
A3410200,A341020001,2020-11-14,281.0,2026-06-02T08:08:12Z,16,Donnée validée,10,Expertisée,12,Douteuse,7.332793134,48.728811149,QmnJ
A3410200,A341020001,2020-11-15,275.0,2026-06-02T08:08:12Z,16,Donnée validée,10,Expertisée,12,Douteuse,7.332793134,48.728811149,QmnJ
A3410200,A341020001,2020-11-16,519.0,2026-06-02T08:08:12Z,16,Donnée validée,10,Expertisée,12,Douteuse,7.332793134,48.728811149,QmnJ
A3410200,A341020001,2020-11-17,317.0,2026-06-02T08:08:12Z,16,Donnée validée,10,Expertisée,12,Douteuse,7.332793134,48.728811149,QmnJ
A3410200,A341020001,2020-11-18,301.0,2026-06-02T08:08:12Z,16,Donnée validée,10,Expertisée,12,Douteuse,7.332793134,48.728811149,QmnJ
A3410200,A341020001,2020-11-19,350.0,2026-06-02T08:08:12Z,16,Donnée validée,10,Expertisée,12,Douteuse,7.332793134,48.728811149,QmnJ
A3410200,A341020001,2020-11-20,362.0,2026-06-02T08:08:12Z,16,Donnée validée,10,Expertisée,12,Douteuse,7.332793134,48.728811149,QmnJ
A3410200,A341020001,2020-11-21,314.0,2026-06-02T08:08:12Z,16,Donnée validée,10,Expertisée,12,Douteuse,7.332793134,48.728811149,QmnJ
A3410200,A341020001,2020-11-22,297.0,2026-06-02T08:08:12Z,16,Donnée validée,10,Expertisée,12,Douteuse,7.332793134,48.728811149,QmnJ
A3410200,A341020001,2020-11-23,275.0,2026-06-02T08:08:12Z,16,Donnée validée,10,Expertisée,12,Douteuse,7.332793134,48.728811149,QmnJ
A3410200,A341020001,2020-11-24,279.0,2026-06-02T08:08:12Z,16,Donnée validée,10,Expertisée,12,Douteuse,7.332793134,48.728811149,QmnJ
A3410200,A341020001,2020-11-25,293.0,2026-06-02T08:08:12Z,16,Donnée validée,10,Expertisée,12,Douteuse,7.332793134,48.728811149,QmnJ
A3410200,A341020001,2020-11-26,282.0,2026-06-02T08:08:12Z,16,Donnée validée,10,Expertisée,12,Douteuse,7.332793134,48.728811149,QmnJ
A3410200,A341020001,2020-11-27,285.0,2026-06-02T08:08:12Z,16,Donnée validée,10,Expertisée,12,Douteuse,7.332793134,48.728811149,QmnJ
A3410200,A341020001,2020-11-28,304.0,2026-06-02T08:08:12Z,16,Donnée validée,10,Expertisée,12,Douteuse,7.332793134,48.728811149,QmnJ
A3410200,A341020001,2020-11-29,328.0,2026-06-02T08:08:12Z,16,Donnée validée,10,Expertisée,12,Douteuse,7.332793134,48.728811149,QmnJ
A3410200,A341020001,2020-11-30,319.0,2026-06-02T08:08:12Z,16,Donnée validée,10,Expertisée,12,Douteuse,7.332793134,48.728811149,QmnJ
A3410200,A341020001,2020-12-01,395.0,2026-06-02T08:08:12Z,16,Donnée validée,10,Expertisée,12,Douteuse,7.332793134,48.728811149,QmnJ
A3410200,A341020001,2020-12-02,416.0,2026-06-02T08:08:12Z,16,Donnée validée,10,Expertisée,12,Douteuse,7.332793134,48.728811149,QmnJ
A3410200,A341020001,2020-12-03,331.0,2026-06-02T08:08:12Z,16,Donnée validée,10,Expertisée,12,Douteuse,7.332793134,48.728811149,QmnJ
A3410200,A341020001,2020-12-04,349.0,2026-06-02T08:08:12Z,16,Donnée validée,10,Expertisée,12,Douteuse,7.332793134,48.728811149,QmnJ
A3410200,A341020001,2020-12-05,369.0,2026-06-02T08:08:12Z,16,Donnée validée,10,Expertisée,20,Bonne,7.332793134,48.728811149,QmnJ
A3410200,A341020001,2020-12-06,339.0,2026-06-02T08:08:12Z,16,Donnée validée,10,Expertisée,12,Douteuse,7.332793134,48.728811149,QmnJ
A3410200,A341020001,2020-12-07,321.0,2026-06-02T08:08:12Z,16,Donnée validée,10,Expertisée,12,Douteuse,7.332793134,48.728811149,QmnJ
A3410200,A341020001,2020-12-08,324.0,2026-06-02T08:08:12Z,16,Donnée validée,10,Expertisée,12,Douteuse,7.332793134,48.728811149,QmnJ
A3410200,A341020001,2020-12-09,347.0,2026-06-02T08:08:12Z,16,Donnée validée,10,Expertisée,12,Douteuse,7.332793134,48.728811149,QmnJ
A3410200,A341020001,2020-12-10,315.0,2026-06-02T08:08:12Z,16,Donnée validée,10,Expertisée,12,Douteuse,7.332793134,48.728811149,QmnJ
A3410200,A341020001,2020-12-11,284.0,2026-06-02T08:08:12Z,16,Donnée validée,10,Expertisée,12,Douteuse,7.332793134,48.728811149,QmnJ
A3410200,A341020001,2020-12-12,479.0,2026-06-02T08:08:12Z,16,Donnée validée,10,Expertisée,12,Douteuse,7.332793134,48.728811149,QmnJ
A3410200,A341020001,2020-12-13,610.0,2026-06-02T08:08:12Z,16,Donnée validée,10,Expertisée,20,Bonne,7.332793134,48.728811149,QmnJ
A3410200,A341020001,2020-12-14,420.0,2026-06-02T08:08:12Z,16,Donnée validée,10,Expertisée,20,Bonne,7.332793134,48.728811149,QmnJ
A3410200,A341020001,2020-12-15,439.0,2026-06-02T08:08:12Z,16,Donnée validée,10,Expertisée,20,Bonne,7.332793134,48.728811149,QmnJ
A3410200,A341020001,2020-12-16,415.0,2026-06-02T08:08:12Z,16,Donnée validée,10,Expertisée,20,Bonne,7.332793134,48.728811149,QmnJ
A3410200,A341020001,2020-12-17,386.0,2026-06-02T08:08:12Z,16,Donnée validée,10,Expertisée,20,Bonne,7.332793134,48.728811149,QmnJ
A3410200,A341020001,2020-12-18,371.0,2026-06-02T08:08:12Z,16,Donnée validée,10,Expertisée,20,Bonne,7.332793134,48.728811149,QmnJ
A3410200,A341020001,2020-12-19,352.0,2026-06-02T08:08:12Z,16,Donnée validée,10,Expertisée,12,Douteuse,7.332793134,48.728811149,QmnJ
A3410200,A341020001,2020-12-20,426.0,2026-06-02T08:08:12Z,16,Donnée validée,10,Expertisée,12,Douteuse,7.332793134,48.728811149,QmnJ
A3410200,A341020001,2020-12-21,421.0,2026-06-02T08:08:12Z,16,Donnée validée,10,Expertisée,20,Bonne,7.332793134,48.728811149,QmnJ
A3410200,A341020001,2020-12-22,510.0,2026-06-02T08:08:12Z,16,Donnée validée,10,Expertisée,20,Bonne,7.332793134,48.728811149,QmnJ
A3410200,A341020001,2020-12-23,513.0,2026-06-02T08:08:12Z,16,Donnée validée,10,Expertisée,20,Bonne,7.332793134,48.728811149,QmnJ
A3410200,A341020001,2020-12-24,908.0,2026-06-02T08:08:12Z,16,Donnée validée,10,Expertisée,20,Bonne,7.332793134,48.728811149,QmnJ
A3410200,A341020001,2020-12-25,1117.0,2026-06-02T08:08:12Z,16,Donnée validée,10,Expertisée,20,Bonne,7.332793134,48.728811149,QmnJ
A3410200,A341020001,2020-12-26,672.0,2026-06-02T08:08:12Z,16,Donnée validée,10,Expertisée,20,Bonne,7.332793134,48.728811149,QmnJ
A3410200,A341020001,2020-12-27,601.0,2026-06-02T08:08:12Z,16,Donnée validée,10,Expertisée,20,Bonne,7.332793134,48.728811149,QmnJ
A3410200,A341020001,2020-12-28,811.0,2026-06-02T08:08:12Z,16,Donnée validée,10,Expertisée,20,Bonne,7.332793134,48.728811149,QmnJ
A3410200,A341020001,2020-12-29,1084.0,2026-06-02T08:08:12Z,16,Donnée validée,10,Expertisée,20,Bonne,7.332793134,48.728811149,QmnJ
A3410200,A341020001,2020-12-30,956.0,2026-06-02T08:08:12Z,16,Donnée validée,10,Expertisée,20,Bonne,7.332793134,48.728811149,QmnJ
A3410200,A341020001,2020-12-31,783.0,2026-06-02T08:08:12Z,16,Donnée validée,10,Expertisée,20,Bonne,7.332793134,48.728811149,QmnJ
A3410200,A341020001,2021-01-01,739.0,2026-06-02T08:08:12Z,16,Donnée validée,10,Expertisée,20,Bonne,7.332793134,48.728811149,QmnJ
A3410200,A341020001,2021-01-02,644.0,2026-06-02T08:08:12Z,16,Donnée validée,10,Expertisée,20,Bonne,7.332793134,48.728811149,QmnJ
A3410200,A341020001,2021-01-03,604.0,2026-06-02T08:08:12Z,16,Donnée validée,10,Expertisée,20,Bonne,7.332793134,48.728811149,QmnJ
A3410200,A341020001,2021-01-04,558.0,2026-06-02T08:08:12Z,16,Donnée validée,10,Expertisée,20,Bonne,7.332793134,48.728811149,QmnJ
A3410200,A341020001,2021-01-05,474.0,2026-06-02T08:08:12Z,16,Donnée validée,10,Expertisée,12,Douteuse,7.332793134,48.728811149,QmnJ
A3410200,A341020001,2021-01-06,486.0,2026-06-02T08:08:12Z,16,Donnée validée,10,Expertisée,20,Bonne,7.332793134,48.728811149,QmnJ
A3410200,A341020001,2021-01-07,478.0,2026-06-02T08:08:12Z,16,Donnée validée,10,Expertisée,20,Bonne,7.332793134,48.728811149,QmnJ
A3410200,A341020001,2021-01-08,441.0,2026-06-02T08:08:12Z,16,Donnée validée,10,Expertisée,20,Bonne,7.332793134,48.728811149,QmnJ
A3410200,A341020001,2021-01-09,411.0,2026-06-02T08:08:12Z,16,Donnée validée,10,Expertisée,20,Bonne,7.332793134,48.728811149,QmnJ
A3410200,A341020001,2021-01-10,406.0,2026-06-02T08:08:12Z,16,Donnée validée,10,Expertisée,12,Douteuse,7.332793134,48.728811149,QmnJ
A3410200,A341020001,2021-01-11,385.0,2026-06-02T08:08:12Z,16,Donnée validée,10,Expertisée,20,Bonne,7.332793134,48.728811149,QmnJ
A3410200,A341020001,2021-01-12,618.0,2026-06-02T08:08:12Z,16,Donnée validée,10,Expertisée,20,Bonne,7.332793134,48.728811149,QmnJ
A3410200,A341020001,2021-01-13,863.0,2026-06-02T08:08:12Z,16,Donnée validée,10,Expertisée,20,Bonne,7.332793134,48.728811149,QmnJ
A3410200,A341020001,2021-01-14,2717.0,2026-06-02T08:08:12Z,16,Donnée validée,10,Expertisée,20,Bonne,7.332793134,48.728811149,QmnJ
A3410200,A341020001,2021-01-15,1671.0,2026-06-02T08:08:12Z,16,Donnée validée,10,Expertisée,20,Bonne,7.332793134,48.728811149,QmnJ
A3410200,A341020001,2021-01-16,1205.0,2026-06-02T08:08:12Z,16,Donnée validée,10,Expertisée,20,Bonne,7.332793134,48.728811149,QmnJ
A3410200,A341020001,2021-01-17,1079.0,2026-06-02T08:08:12Z,16,Donnée validée,10,Expertisée,20,Bonne,7.332793134,48.728811149,QmnJ
A3410200,A341020001,2021-01-18,1111.0,2026-06-02T08:08:12Z,16,Donnée validée,10,Expertisée,20,Bonne,7.332793134,48.728811149,QmnJ
A3410200,A341020001,2021-01-19,1370.0,2026-06-02T08:08:12Z,16,Donnée validée,10,Expertisée,20,Bonne,7.332793134,48.728811149,QmnJ
A3410200,A341020001,2021-01-20,2601.0,2026-06-02T08:08:12Z,16,Donnée validée,10,Expertisée,20,Bonne,7.332793134,48.728811149,QmnJ
A3410200,A341020001,2021-01-21,3266.0,2026-06-02T08:08:12Z,16,Donnée validée,10,Expertisée,20,Bonne,7.332793134,48.728811149,QmnJ
A3410200,A341020001,2021-01-22,3930.0,2026-06-02T08:08:12Z,16,Donnée validée,10,Expertisée,20,Bonne,7.332793134,48.728811149,QmnJ
A3410200,A341020001,2021-01-23,5280.0,2026-06-02T08:08:12Z,16,Donnée validée,10,Expertisée,20,Bonne,7.332793134,48.728811149,QmnJ
A3410200,A341020001,2021-01-24,4222.0,2026-06-02T08:08:12Z,16,Donnée validée,10,Expertisée,20,Bonne,7.332793134,48.728811149,QmnJ
A3410200,A341020001,2021-01-25,3670.0,2026-06-02T08:08:12Z,16,Donnée validée,10,Expertisée,20,Bonne,7.332793134,48.728811149,QmnJ
A3410200,A341020001,2021-01-26,2883.0,2026-06-02T08:08:12Z,16,Donnée validée,10,Expertisée,20,Bonne,7.332793134,48.728811149,QmnJ
A3410200,A341020001,2021-01-27,2292.0,2026-06-02T08:08:12Z,16,Donnée validée,10,Expertisée,20,Bonne,7.332793134,48.728811149,QmnJ
A3410200,A341020001,2021-01-28,5774.0,2026-06-02T08:08:12Z,16,Donnée validée,10,Expertisée,20,Bonne,7.332793134,48.728811149,QmnJ
A3410200,A341020001,2021-01-29,8492.0,2026-06-02T08:08:12Z,16,Donnée validée,10,Expertisée,20,Bonne,7.332793134,48.728811149,QmnJ
A3410200,A341020001,2021-01-30,12369.0,2026-06-02T08:08:12Z,16,Donnée validée,10,Expertisée,20,Bonne,7.332793134,48.728811149,QmnJ
A3410200,A341020001,2021-01-31,14187.0,2026-06-02T08:08:12Z,16,Donnée validée,10,Expertisée,20,Bonne,7.332793134,48.728811149,QmnJ
A3410200,A341020001,2021-02-01,12917.0,2026-06-02T08:08:12Z,16,Donnée validée,10,Expertisée,20,Bonne,7.332793134,48.728811149,QmnJ
A3410200,A341020001,2021-02-02,10053.0,2026-06-02T08:08:12Z,16,Donnée validée,10,Expertisée,20,Bonne,7.332793134,48.728811149,QmnJ
A3410200,A341020001,2021-02-03,11857.0,2026-06-02T08:08:12Z,16,Donnée validée,10,Expertisée,20,Bonne,7.332793134,48.728811149,QmnJ
A3410200,A341020001,2021-02-04,10537.0,2026-06-02T08:08:12Z,16,Donnée validée,10,Expertisée,20,Bonne,7.332793134,48.728811149,QmnJ
A3410200,A341020001,2021-02-05,9679.0,2026-06-02T08:08:12Z,16,Donnée validée,10,Expertisée,20,Bonne,7.332793134,48.728811149,QmnJ
A3410200,A341020001,2021-02-06,9537.0,2026-06-02T08:08:12Z,16,Donnée validée,10,Expertisée,20,Bonne,7.332793134,48.728811149,QmnJ
A3410200,A341020001,2021-02-07,9149.0,2026-06-02T08:08:12Z,16,Donnée validée,10,Expertisée,20,Bonne,7.332793134,48.728811149,QmnJ
A3410200,A341020001,2021-02-08,7758.0,2026-06-02T08:08:12Z,16,Donnée validée,10,Expertisée,20,Bonne,7.332793134,48.728811149,QmnJ
A3410200,A341020001,2021-02-09,6764.0,2026-06-02T08:08:12Z,16,Donnée validée,10,Expertisée,20,Bonne,7.332793134,48.728811149,QmnJ
A3410200,A341020001,2021-02-10,5889.0,2026-06-02T08:08:12Z,16,Donnée validée,10,Expertisée,20,Bonne,7.332793134,48.728811149,QmnJ
A3410200,A341020001,2021-02-11,4671.0,2026-06-02T08:08:12Z,16,Donnée validée,10,Expertisée,20,Bonne,7.332793134,48.728811149,QmnJ
A3410200,A341020001,2021-02-12,3905.0,2026-06-02T08:08:12Z,16,Donnée validée,10,Expertisée,20,Bonne,7.332793134,48.728811149,QmnJ
A3410200,A341020001,2021-02-13,3502.0,2026-06-02T08:08:12Z,16,Donnée validée,10,Expertisée,20,Bonne,7.332793134,48.728811149,QmnJ
A3410200,A341020001,2021-02-14,3086.0,2026-06-02T08:08:12Z,16,Donnée validée,10,Expertisée,20,Bonne,7.332793134,48.728811149,QmnJ
A3410200,A341020001,2021-02-15,2900.0,2026-06-02T08:08:12Z,16,Donnée validée,10,Expertisée,20,Bonne,7.332793134,48.728811149,QmnJ
A3410200,A341020001,2021-02-16,3070.0,2026-06-02T08:08:12Z,16,Donnée validée,10,Expertisée,20,Bonne,7.332793134,48.728811149,QmnJ
A3410200,A341020001,2021-02-17,3211.0,2026-06-02T08:08:12Z,16,Donnée validée,10,Expertisée,20,Bonne,7.332793134,48.728811149,QmnJ
A3410200,A341020001,2021-02-18,2795.0,2026-06-02T08:08:12Z,16,Donnée validée,10,Expertisée,20,Bonne,7.332793134,48.728811149,QmnJ
A3410200,A341020001,2021-02-19,3072.0,2026-06-02T08:08:12Z,16,Donnée validée,10,Expertisée,20,Bonne,7.332793134,48.728811149,QmnJ
A3410200,A341020001,2021-02-20,2600.0,2026-06-02T08:08:12Z,16,Donnée validée,10,Expertisée,20,Bonne,7.332793134,48.728811149,QmnJ
A3410200,A341020001,2021-02-21,2355.0,2026-06-02T08:08:12Z,16,Donnée validée,10,Expertisée,20,Bonne,7.332793134,48.728811149,QmnJ
A3410200,A341020001,2021-02-22,2149.0,2026-06-02T08:08:12Z,16,Donnée validée,10,Expertisée,20,Bonne,7.332793134,48.728811149,QmnJ
A3410200,A341020001,2021-02-23,1895.0,2026-06-02T08:08:12Z,16,Donnée validée,10,Expertisée,20,Bonne,7.332793134,48.728811149,QmnJ
A3410200,A341020001,2021-02-24,1747.0,2026-06-02T08:08:12Z,16,Donnée validée,10,Expertisée,20,Bonne,7.332793134,48.728811149,QmnJ
A3410200,A341020001,2021-02-25,1604.0,2026-06-02T08:08:12Z,16,Donnée validée,10,Expertisée,20,Bonne,7.332793134,48.728811149,QmnJ
A3410200,A341020001,2021-02-26,1609.0,2026-06-02T08:08:12Z,16,Donnée validée,10,Expertisée,20,Bonne,7.332793134,48.728811149,QmnJ
A3410200,A341020001,2021-02-27,1561.0,2026-06-02T08:08:12Z,16,Donnée validée,10,Expertisée,20,Bonne,7.332793134,48.728811149,QmnJ
A3410200,A341020001,2021-02-28,1523.0,2026-06-02T08:08:12Z,16,Donnée validée,10,Expertisée,20,Bonne,7.332793134,48.728811149,QmnJ
A3410200,A341020001,2021-03-01,1481.0,2026-06-02T08:08:12Z,16,Donnée validée,10,Expertisée,20,Bonne,7.332793134,48.728811149,QmnJ
A3410200,A341020001,2021-03-02,1453.0,2026-06-02T08:08:12Z,16,Donnée validée,10,Expertisée,20,Bonne,7.332793134,48.728811149,QmnJ
A3410200,A341020001,2021-03-03,1398.0,2026-06-02T08:08:12Z,16,Donnée validée,10,Expertisée,20,Bonne,7.332793134,48.728811149,QmnJ
A3410200,A341020001,2021-03-04,1431.0,2026-06-02T08:08:12Z,16,Donnée validée,10,Expertisée,20,Bonne,7.332793134,48.728811149,QmnJ
A3410200,A341020001,2021-03-05,1458.0,2026-06-02T08:08:12Z,16,Donnée validée,10,Expertisée,20,Bonne,7.332793134,48.728811149,QmnJ
A3410200,A341020001,2021-03-06,1305.0,2026-06-02T08:08:12Z,16,Donnée validée,10,Expertisée,20,Bonne,7.332793134,48.728811149,QmnJ
A3410200,A341020001,2021-03-07,1252.0,2026-06-02T08:08:12Z,16,Donnée validée,10,Expertisée,20,Bonne,7.332793134,48.728811149,QmnJ
A3410200,A341020001,2021-03-08,1281.0,2026-06-02T08:08:12Z,16,Donnée validée,10,Expertisée,20,Bonne,7.332793134,48.728811149,QmnJ
A3410200,A341020001,2021-03-09,1314.0,2026-06-02T08:08:12Z,16,Donnée validée,10,Expertisée,20,Bonne,7.332793134,48.728811149,QmnJ
A3410200,A341020001,2021-03-10,1289.0,2026-06-02T08:08:12Z,16,Donnée validée,10,Expertisée,20,Bonne,7.332793134,48.728811149,QmnJ
A3410200,A341020001,2021-03-11,1381.0,2026-06-02T08:08:12Z,16,Donnée validée,10,Expertisée,20,Bonne,7.332793134,48.728811149,QmnJ
A3410200,A341020001,2021-03-12,1460.0,2026-06-02T08:08:12Z,16,Donnée validée,10,Expertisée,20,Bonne,7.332793134,48.728811149,QmnJ
A3410200,A341020001,2021-03-13,2041.0,2026-06-02T08:08:12Z,16,Donnée validée,10,Expertisée,20,Bonne,7.332793134,48.728811149,QmnJ
A3410200,A341020001,2021-03-14,3338.0,2026-06-02T08:08:12Z,16,Donnée validée,10,Expertisée,20,Bonne,7.332793134,48.728811149,QmnJ
A3410200,A341020001,2021-03-15,3402.0,2026-06-02T08:08:12Z,16,Donnée validée,10,Expertisée,20,Bonne,7.332793134,48.728811149,QmnJ
A3410200,A341020001,2021-03-16,2652.0,2026-06-02T08:08:12Z,16,Donnée validée,10,Expertisée,20,Bonne,7.332793134,48.728811149,QmnJ
A3410200,A341020001,2021-03-17,2714.0,2026-06-02T08:08:12Z,16,Donnée validée,10,Expertisée,20,Bonne,7.332793134,48.728811149,QmnJ
A3410200,A341020001,2021-03-18,2273.0,2026-06-02T08:08:12Z,16,Donnée validée,10,Expertisée,20,Bonne,7.332793134,48.728811149,QmnJ
A3410200,A341020001,2021-03-19,2432.0,2026-06-02T08:08:12Z,16,Donnée validée,10,Expertisée,20,Bonne,7.332793134,48.728811149,QmnJ
A3410200,A341020001,2021-03-20,2238.0,2026-06-02T08:08:12Z,16,Donnée validée,10,Expertisée,20,Bonne,7.332793134,48.728811149,QmnJ
A3410200,A341020001,2021-03-21,2113.0,2026-06-02T08:08:12Z,16,Donnée validée,10,Expertisée,20,Bonne,7.332793134,48.728811149,QmnJ
A3410200,A341020001,2021-03-22,2049.0,2026-06-02T08:08:12Z,16,Donnée validée,10,Expertisée,20,Bonne,7.332793134,48.728811149,QmnJ
A3410200,A341020001,2021-03-23,1895.0,2026-06-02T08:08:12Z,16,Donnée validée,10,Expertisée,20,Bonne,7.332793134,48.728811149,QmnJ
A3410200,A341020001,2021-03-24,1691.0,2026-06-02T08:08:12Z,16,Donnée validée,10,Expertisée,20,Bonne,7.332793134,48.728811149,QmnJ
A3410200,A341020001,2021-03-25,1577.0,2026-06-02T08:08:12Z,16,Donnée validée,10,Expertisée,20,Bonne,7.332793134,48.728811149,QmnJ
A3410200,A341020001,2021-03-26,1563.0,2026-06-02T08:08:12Z,16,Donnée validée,10,Expertisée,20,Bonne,7.332793134,48.728811149,QmnJ
A3410200,A341020001,2021-03-27,1565.0,2026-06-02T08:08:12Z,16,Donnée validée,10,Expertisée,20,Bonne,7.332793134,48.728811149,QmnJ
A3410200,A341020001,2021-03-28,1416.0,2026-06-02T08:08:12Z,16,Donnée validée,10,Expertisée,20,Bonne,7.332793134,48.728811149,QmnJ
A3410200,A341020001,2021-03-29,1308.0,2026-06-02T08:08:12Z,16,Donnée validée,10,Expertisée,20,Bonne,7.332793134,48.728811149,QmnJ
A3410200,A341020001,2021-03-30,1240.0,2026-06-02T08:08:12Z,16,Donnée validée,10,Expertisée,20,Bonne,7.332793134,48.728811149,QmnJ
A3410200,A341020001,2021-03-31,1288.0,2026-06-02T08:08:12Z,16,Donnée validée,10,Expertisée,20,Bonne,7.332793134,48.728811149,QmnJ
A3410200,A341020001,2021-04-01,1374.0,2026-06-02T08:08:12Z,16,Donnée validée,10,Expertisée,20,Bonne,7.332793134,48.728811149,QmnJ
A3410200,A341020001,2021-04-02,1307.0,2026-06-02T08:08:12Z,16,Donnée validée,10,Expertisée,20,Bonne,7.332793134,48.728811149,QmnJ
A3410200,A341020001,2021-04-03,1253.0,2026-06-02T08:08:12Z,16,Donnée validée,10,Expertisée,20,Bonne,7.332793134,48.728811149,QmnJ
A3410200,A341020001,2021-04-04,1204.0,2026-06-02T08:08:12Z,16,Donnée validée,10,Expertisée,20,Bonne,7.332793134,48.728811149,QmnJ
A3410200,A341020001,2021-04-05,1277.0,2026-06-02T08:08:12Z,16,Donnée validée,10,Expertisée,20,Bonne,7.332793134,48.728811149,QmnJ
A3410200,A341020001,2021-04-06,1279.0,2026-06-02T08:08:12Z,16,Donnée validée,10,Expertisée,20,Bonne,7.332793134,48.728811149,QmnJ
A3410200,A341020001,2021-04-07,1249.0,2026-06-02T08:08:12Z,16,Donnée validée,10,Expertisée,20,Bonne,7.332793134,48.728811149,QmnJ
A3410200,A341020001,2021-04-08,1096.0,2026-06-02T08:08:12Z,16,Donnée validée,10,Expertisée,20,Bonne,7.332793134,48.728811149,QmnJ
A3410200,A341020001,2021-04-09,977.0,2026-06-02T08:08:12Z,16,Donnée validée,10,Expertisée,20,Bonne,7.332793134,48.728811149,QmnJ
A3410200,A341020001,2021-04-10,977.0,2026-06-02T08:08:12Z,16,Donnée validée,10,Expertisée,20,Bonne,7.332793134,48.728811149,QmnJ
A3410200,A341020001,2021-04-11,1017.0,2026-06-02T08:08:12Z,16,Donnée validée,10,Expertisée,20,Bonne,7.332793134,48.728811149,QmnJ
A3410200,A341020001,2021-04-12,1131.0,2026-06-02T08:08:12Z,16,Donnée validée,10,Expertisée,20,Bonne,7.332793134,48.728811149,QmnJ
A3410200,A341020001,2021-04-13,926.0,2026-06-02T08:08:12Z,16,Donnée validée,10,Expertisée,20,Bonne,7.332793134,48.728811149,QmnJ
A3410200,A341020001,2021-04-14,773.0,2026-06-02T08:08:12Z,16,Donnée validée,10,Expertisée,20,Bonne,7.332793134,48.728811149,QmnJ
A3410200,A341020001,2021-04-15,1015.0,2026-06-02T08:08:12Z,16,Donnée validée,10,Expertisée,20,Bonne,7.332793134,48.728811149,QmnJ
A3410200,A341020001,2021-04-16,989.0,2026-06-02T08:08:12Z,16,Donnée validée,10,Expertisée,20,Bonne,7.332793134,48.728811149,QmnJ
A3410200,A341020001,2021-04-17,889.0,2026-06-02T08:08:12Z,16,Donnée validée,10,Expertisée,20,Bonne,7.332793134,48.728811149,QmnJ
A3410200,A341020001,2021-04-18,897.0,2026-06-02T08:08:12Z,16,Donnée validée,10,Expertisée,20,Bonne,7.332793134,48.728811149,QmnJ
A3410200,A341020001,2021-04-19,890.0,2026-06-02T08:08:12Z,16,Donnée validée,10,Expertisée,20,Bonne,7.332793134,48.728811149,QmnJ
A3410200,A341020001,2021-04-20,870.0,2026-06-02T08:08:12Z,16,Donnée validée,10,Expertisée,20,Bonne,7.332793134,48.728811149,QmnJ
A3410200,A341020001,2021-04-21,845.0,2026-06-02T08:08:12Z,16,Donnée validée,10,Expertisée,20,Bonne,7.332793134,48.728811149,QmnJ
A3410200,A341020001,2021-04-22,784.0,2026-06-02T08:08:12Z,16,Donnée validée,10,Expertisée,20,Bonne,7.332793134,48.728811149,QmnJ
A3410200,A341020001,2021-04-23,695.0,2026-06-02T08:08:12Z,16,Donnée validée,10,Expertisée,20,Bonne,7.332793134,48.728811149,QmnJ
A3410200,A341020001,2021-04-24,688.0,2026-06-02T08:08:12Z,16,Donnée validée,10,Expertisée,20,Bonne,7.332793134,48.728811149,QmnJ
A3410200,A341020001,2021-04-25,683.0,2026-06-02T08:08:12Z,16,Donnée validée,10,Expertisée,20,Bonne,7.332793134,48.728811149,QmnJ
A3410200,A341020001,2021-04-26,672.0,2026-06-02T08:08:12Z,16,Donnée validée,10,Expertisée,20,Bonne,7.332793134,48.728811149,QmnJ
A3410200,A341020001,2021-04-27,697.0,2026-06-02T08:08:12Z,16,Donnée validée,10,Expertisée,20,Bonne,7.332793134,48.728811149,QmnJ
A3410200,A341020001,2021-04-28,738.0,2026-06-02T08:08:12Z,16,Donnée validée,10,Expertisée,20,Bonne,7.332793134,48.728811149,QmnJ
A3410200,A341020001,2021-04-29,935.0,2026-06-02T08:08:12Z,16,Donnée validée,10,Expertisée,20,Bonne,7.332793134,48.728811149,QmnJ
A3410200,A341020001,2021-04-30,805.0,2026-06-02T08:08:12Z,16,Donnée validée,10,Expertisée,20,Bonne,7.332793134,48.728811149,QmnJ
A3410200,A341020001,2021-05-01,743.0,2026-06-02T08:08:12Z,16,Donnée validée,10,Expertisée,20,Bonne,7.332793134,48.728811149,QmnJ
A3410200,A341020001,2021-05-02,719.0,2026-06-02T08:08:12Z,16,Donnée validée,10,Expertisée,20,Bonne,7.332793134,48.728811149,QmnJ
A3410200,A341020001,2021-05-03,654.0,2026-06-02T08:08:12Z,16,Donnée validée,10,Expertisée,20,Bonne,7.332793134,48.728811149,QmnJ
A3410200,A341020001,2021-05-04,856.0,2026-06-02T08:08:12Z,16,Donnée validée,10,Expertisée,20,Bonne,7.332793134,48.728811149,QmnJ
A3410200,A341020001,2021-05-05,1456.0,2026-06-02T08:08:12Z,16,Donnée validée,10,Expertisée,20,Bonne,7.332793134,48.728811149,QmnJ
A3410200,A341020001,2021-05-06,1237.0,2026-06-02T08:08:12Z,16,Donnée validée,10,Expertisée,20,Bonne,7.332793134,48.728811149,QmnJ
A3410200,A341020001,2021-05-07,1413.0,2026-06-02T08:08:12Z,16,Donnée validée,10,Expertisée,20,Bonne,7.332793134,48.728811149,QmnJ
A3410200,A341020001,2021-05-08,935.0,2026-06-02T08:08:12Z,16,Donnée validée,10,Expertisée,20,Bonne,7.332793134,48.728811149,QmnJ
A3410200,A341020001,2021-05-09,846.0,2026-06-02T08:08:12Z,16,Donnée validée,10,Expertisée,20,Bonne,7.332793134,48.728811149,QmnJ
A3410200,A341020001,2021-05-10,1007.0,2026-06-02T08:08:12Z,16,Donnée validée,10,Expertisée,20,Bonne,7.332793134,48.728811149,QmnJ
A3410200,A341020001,2021-05-11,1491.0,2026-06-02T08:08:12Z,16,Donnée validée,10,Expertisée,20,Bonne,7.332793134,48.728811149,QmnJ
A3410200,A341020001,2021-05-12,1221.0,2026-06-02T08:08:12Z,16,Donnée validée,10,Expertisée,20,Bonne,7.332793134,48.728811149,QmnJ
A3410200,A341020001,2021-05-13,1102.0,2026-06-02T08:08:12Z,16,Donnée validée,10,Expertisée,20,Bonne,7.332793134,48.728811149,QmnJ
A3410200,A341020001,2021-05-14,1077.0,2026-06-02T08:08:12Z,16,Donnée validée,10,Expertisée,20,Bonne,7.332793134,48.728811149,QmnJ
A3410200,A341020001,2021-05-15,1102.0,2026-06-02T08:08:12Z,16,Donnée validée,10,Expertisée,20,Bonne,7.332793134,48.728811149,QmnJ
A3410200,A341020001,2021-05-16,1383.0,2026-06-02T08:08:12Z,16,Donnée validée,10,Expertisée,20,Bonne,7.332793134,48.728811149,QmnJ
A3410200,A341020001,2021-05-17,1713.0,2026-06-02T08:08:12Z,16,Donnée validée,10,Expertisée,20,Bonne,7.332793134,48.728811149,QmnJ
A3410200,A341020001,2021-05-18,3024.0,2026-06-02T08:08:12Z,16,Donnée validée,10,Expertisée,20,Bonne,7.332793134,48.728811149,QmnJ
A3410200,A341020001,2021-05-19,2246.0,2026-06-02T08:08:12Z,16,Donnée validée,10,Expertisée,20,Bonne,7.332793134,48.728811149,QmnJ
A3410200,A341020001,2021-05-20,2183.0,2026-06-02T08:08:12Z,16,Donnée validée,10,Expertisée,20,Bonne,7.332793134,48.728811149,QmnJ
A3410200,A341020001,2021-05-21,1979.0,2026-06-02T08:08:12Z,16,Donnée validée,10,Expertisée,20,Bonne,7.332793134,48.728811149,QmnJ
A3410200,A341020001,2021-05-22,2062.0,2026-06-02T08:08:12Z,16,Donnée validée,10,Expertisée,20,Bonne,7.332793134,48.728811149,QmnJ
A3410200,A341020001,2021-05-23,1752.0,2026-06-02T08:08:12Z,16,Donnée validée,10,Expertisée,20,Bonne,7.332793134,48.728811149,QmnJ
A3410200,A341020001,2021-05-24,1604.0,2026-06-02T08:08:12Z,16,Donnée validée,10,Expertisée,20,Bonne,7.332793134,48.728811149,QmnJ
A3410200,A341020001,2021-05-25,1665.0,2026-06-02T08:08:12Z,16,Donnée validée,10,Expertisée,20,Bonne,7.332793134,48.728811149,QmnJ
A3410200,A341020001,2021-05-26,1744.0,2026-06-02T08:08:12Z,16,Donnée validée,10,Expertisée,20,Bonne,7.332793134,48.728811149,QmnJ
A3410200,A341020001,2021-05-27,1555.0,2026-06-02T08:08:12Z,16,Donnée validée,10,Expertisée,20,Bonne,7.332793134,48.728811149,QmnJ
A3410200,A341020001,2021-05-28,1355.0,2026-06-02T08:08:12Z,16,Donnée validée,10,Expertisée,20,Bonne,7.332793134,48.728811149,QmnJ
A3410200,A341020001,2021-05-29,1221.0,2026-06-02T08:08:12Z,16,Donnée validée,10,Expertisée,20,Bonne,7.332793134,48.728811149,QmnJ
A3410200,A341020001,2021-05-30,1122.0,2026-06-02T08:08:12Z,16,Donnée validée,10,Expertisée,20,Bonne,7.332793134,48.728811149,QmnJ
A3410200,A341020001,2021-05-31,1090.0,2026-06-02T08:08:12Z,16,Donnée validée,10,Expertisée,20,Bonne,7.332793134,48.728811149,QmnJ
A3410200,A341020001,2021-06-01,1094.0,2026-06-02T08:08:12Z,16,Donnée validée,10,Expertisée,20,Bonne,7.332793134,48.728811149,QmnJ
A3410200,A341020001,2021-06-02,1084.0,2026-06-02T08:08:12Z,16,Donnée validée,10,Expertisée,20,Bonne,7.332793134,48.728811149,QmnJ
A3410200,A341020001,2021-06-03,1054.0,2026-06-02T08:08:12Z,16,Donnée validée,10,Expertisée,20,Bonne,7.332793134,48.728811149,QmnJ
A3410200,A341020001,2021-06-04,1176.0,2026-06-02T08:08:12Z,16,Donnée validée,10,Expertisée,20,Bonne,7.332793134,48.728811149,QmnJ
A3410200,A341020001,2021-06-05,1400.0,2026-06-02T08:08:12Z,16,Donnée validée,10,Expertisée,20,Bonne,7.332793134,48.728811149,QmnJ
A3410200,A341020001,2021-06-06,1389.0,2026-06-02T08:08:12Z,16,Donnée validée,10,Expertisée,20,Bonne,7.332793134,48.728811149,QmnJ
A3410200,A341020001,2021-06-07,1163.0,2026-06-02T08:08:12Z,16,Donnée validée,10,Expertisée,20,Bonne,7.332793134,48.728811149,QmnJ
A3410200,A341020001,2021-06-08,1143.0,2026-06-02T08:08:12Z,16,Donnée validée,10,Expertisée,20,Bonne,7.332793134,48.728811149,QmnJ
A3410200,A341020001,2021-06-09,1038.0,2026-06-02T08:08:12Z,16,Donnée validée,10,Expertisée,20,Bonne,7.332793134,48.728811149,QmnJ
A3410200,A341020001,2021-06-10,975.0,2026-06-02T08:08:12Z,16,Donnée validée,10,Expertisée,20,Bonne,7.332793134,48.728811149,QmnJ
A3410200,A341020001,2021-06-11,905.0,2026-06-02T08:08:12Z,16,Donnée validée,10,Expertisée,20,Bonne,7.332793134,48.728811149,QmnJ
A3410200,A341020001,2021-06-12,872.0,2026-06-02T08:08:12Z,16,Donnée validée,10,Expertisée,20,Bonne,7.332793134,48.728811149,QmnJ
A3410200,A341020001,2021-06-13,829.0,2026-06-02T08:08:12Z,16,Donnée validée,10,Expertisée,20,Bonne,7.332793134,48.728811149,QmnJ
A3410200,A341020001,2021-06-14,780.0,2026-06-02T08:08:12Z,16,Donnée validée,10,Expertisée,20,Bonne,7.332793134,48.728811149,QmnJ
A3410200,A341020001,2021-06-15,785.0,2026-06-02T08:08:12Z,16,Donnée validée,10,Expertisée,20,Bonne,7.332793134,48.728811149,QmnJ
A3410200,A341020001,2021-06-16,778.0,2026-06-02T08:08:12Z,16,Donnée validée,10,Expertisée,20,Bonne,7.332793134,48.728811149,QmnJ
A3410200,A341020001,2021-06-17,777.0,2026-06-02T08:08:12Z,16,Donnée validée,10,Expertisée,20,Bonne,7.332793134,48.728811149,QmnJ
A3410200,A341020001,2021-06-18,770.0,2026-06-02T08:08:12Z,16,Donnée validée,10,Expertisée,20,Bonne,7.332793134,48.728811149,QmnJ
A3410200,A341020001,2021-06-19,736.0,2026-06-02T08:08:12Z,16,Donnée validée,10,Expertisée,20,Bonne,7.332793134,48.728811149,QmnJ
A3410200,A341020001,2021-06-20,806.0,2026-06-02T08:08:12Z,16,Donnée validée,10,Expertisée,20,Bonne,7.332793134,48.728811149,QmnJ
A3410200,A341020001,2021-06-21,1136.0,2026-06-02T08:08:12Z,16,Donnée validée,10,Expertisée,20,Bonne,7.332793134,48.728811149,QmnJ
A3410200,A341020001,2021-06-22,1735.0,2026-06-02T08:08:12Z,16,Donnée validée,10,Expertisée,20,Bonne,7.332793134,48.728811149,QmnJ
A3410200,A341020001,2021-06-23,1065.0,2026-06-02T08:08:12Z,16,Donnée validée,10,Expertisée,20,Bonne,7.332793134,48.728811149,QmnJ
A3410200,A341020001,2021-06-24,2403.0,2026-06-02T08:08:12Z,16,Donnée validée,10,Expertisée,20,Bonne,7.332793134,48.728811149,QmnJ
A3410200,A341020001,2021-06-25,2794.0,2026-06-02T08:08:12Z,16,Donnée validée,10,Expertisée,20,Bonne,7.332793134,48.728811149,QmnJ
A3410200,A341020001,2021-06-26,1912.0,2026-06-02T08:08:12Z,16,Donnée validée,10,Expertisée,20,Bonne,7.332793134,48.728811149,QmnJ
A3410200,A341020001,2021-06-27,1725.0,2026-06-02T08:08:12Z,16,Donnée validée,10,Expertisée,20,Bonne,7.332793134,48.728811149,QmnJ
A3410200,A341020001,2021-06-28,1705.0,2026-06-02T08:08:12Z,16,Donnée validée,10,Expertisée,20,Bonne,7.332793134,48.728811149,QmnJ
A3410200,A341020001,2021-06-29,4903.0,2026-06-02T08:08:12Z,16,Donnée validée,10,Expertisée,20,Bonne,7.332793134,48.728811149,QmnJ
A3410200,A341020001,2021-06-30,3679.0,2026-06-02T08:08:12Z,16,Donnée validée,10,Expertisée,20,Bonne,7.332793134,48.728811149,QmnJ
A3410200,A341020001,2021-07-01,3440.0,2026-06-02T08:08:12Z,16,Donnée validée,10,Expertisée,20,Bonne,7.332793134,48.728811149,QmnJ
A3410200,A341020001,2021-07-02,2782.0,2026-06-02T08:08:12Z,16,Donnée validée,10,Expertisée,20,Bonne,7.332793134,48.728811149,QmnJ
A3410200,A341020001,2021-07-03,2597.0,2026-06-02T08:08:12Z,16,Donnée validée,10,Expertisée,20,Bonne,7.332793134,48.728811149,QmnJ
A3410200,A341020001,2021-07-04,3072.0,2026-06-02T08:08:12Z,16,Donnée validée,10,Expertisée,20,Bonne,7.332793134,48.728811149,QmnJ
A3410200,A341020001,2021-07-05,3198.0,2026-06-02T08:08:12Z,16,Donnée validée,10,Expertisée,20,Bonne,7.332793134,48.728811149,QmnJ
A3410200,A341020001,2021-07-06,3206.0,2026-06-02T08:08:12Z,16,Donnée validée,10,Expertisée,20,Bonne,7.332793134,48.728811149,QmnJ
A3410200,A341020001,2021-07-07,2721.0,2026-06-02T08:08:12Z,16,Donnée validée,10,Expertisée,20,Bonne,7.332793134,48.728811149,QmnJ
A3410200,A341020001,2021-07-08,3833.0,2026-06-02T08:08:12Z,16,Donnée validée,10,Expertisée,20,Bonne,7.332793134,48.728811149,QmnJ
A3410200,A341020001,2021-07-09,2889.0,2026-06-02T08:08:12Z,16,Donnée validée,10,Expertisée,20,Bonne,7.332793134,48.728811149,QmnJ
A3410200,A341020001,2021-07-10,2614.0,2026-06-02T08:08:12Z,16,Donnée validée,10,Expertisée,20,Bonne,7.332793134,48.728811149,QmnJ
A3410200,A341020001,2021-07-11,2612.0,2026-06-02T08:08:12Z,16,Donnée validée,10,Expertisée,20,Bonne,7.332793134,48.728811149,QmnJ
A3410200,A341020001,2021-07-12,2408.0,2026-06-02T08:08:12Z,16,Donnée validée,10,Expertisée,20,Bonne,7.332793134,48.728811149,QmnJ
A3410200,A341020001,2021-07-13,7736.0,2026-06-02T08:08:12Z,16,Donnée validée,10,Expertisée,20,Bonne,7.332793134,48.728811149,QmnJ
A3410200,A341020001,2021-07-14,6583.0,2026-06-02T08:08:12Z,16,Donnée validée,10,Expertisée,20,Bonne,7.332793134,48.728811149,QmnJ
A3410200,A341020001,2021-07-15,8761.0,2026-06-02T08:08:12Z,16,Donnée validée,10,Expertisée,20,Bonne,7.332793134,48.728811149,QmnJ
A3410200,A341020001,2021-07-16,8315.0,2026-06-02T08:08:12Z,16,Donnée validée,10,Expertisée,20,Bonne,7.332793134,48.728811149,QmnJ
A3410200,A341020001,2021-07-17,7620.0,2026-06-02T08:08:12Z,16,Donnée validée,10,Expertisée,20,Bonne,7.332793134,48.728811149,QmnJ
A3410200,A341020001,2021-07-18,6747.0,2026-06-02T08:08:12Z,16,Donnée validée,10,Expertisée,20,Bonne,7.332793134,48.728811149,QmnJ
A3410200,A341020001,2021-07-19,5934.0,2026-06-02T08:08:12Z,16,Donnée validée,10,Expertisée,20,Bonne,7.332793134,48.728811149,QmnJ
A3410200,A341020001,2021-07-20,5179.0,2026-06-02T08:08:12Z,16,Donnée validée,10,Expertisée,20,Bonne,7.332793134,48.728811149,QmnJ
A3410200,A341020001,2021-07-21,4309.0,2026-06-02T08:08:12Z,16,Donnée validée,10,Expertisée,20,Bonne,7.332793134,48.728811149,QmnJ
A3410200,A341020001,2021-07-22,3769.0,2026-06-02T08:08:12Z,16,Donnée validée,10,Expertisée,20,Bonne,7.332793134,48.728811149,QmnJ
A3410200,A341020001,2021-07-23,3389.0,2026-06-02T08:08:12Z,16,Donnée validée,10,Expertisée,20,Bonne,7.332793134,48.728811149,QmnJ
A3410200,A341020001,2021-07-24,3264.0,2026-06-02T08:08:12Z,16,Donnée validée,10,Expertisée,20,Bonne,7.332793134,48.728811149,QmnJ
A3410200,A341020001,2021-07-25,3544.0,2026-06-02T08:08:12Z,16,Donnée validée,10,Expertisée,20,Bonne,7.332793134,48.728811149,QmnJ
A3410200,A341020001,2021-07-26,3056.0,2026-06-02T08:08:12Z,16,Donnée validée,10,Expertisée,20,Bonne,7.332793134,48.728811149,QmnJ
A3410200,A341020001,2021-07-27,2744.0,2026-06-02T08:08:12Z,16,Donnée validée,10,Expertisée,20,Bonne,7.332793134,48.728811149,QmnJ
A3410200,A341020001,2021-07-28,2998.0,2026-06-02T08:08:12Z,16,Donnée validée,10,Expertisée,20,Bonne,7.332793134,48.728811149,QmnJ
A3410200,A341020001,2021-07-29,2475.0,2026-06-02T08:08:12Z,16,Donnée validée,10,Expertisée,20,Bonne,7.332793134,48.728811149,QmnJ
A3410200,A341020001,2021-07-30,2230.0,2026-06-02T08:08:12Z,16,Donnée validée,10,Expertisée,20,Bonne,7.332793134,48.728811149,QmnJ
A3410200,A341020001,2021-07-31,2099.0,2026-06-02T08:08:12Z,16,Donnée validée,10,Expertisée,20,Bonne,7.332793134,48.728811149,QmnJ
A3410200,A341020001,2021-08-01,2037.0,2026-06-02T08:08:12Z,16,Donnée validée,10,Expertisée,20,Bonne,7.332793134,48.728811149,QmnJ
A3410200,A341020001,2021-08-02,1822.0,2026-06-02T08:08:12Z,16,Donnée validée,10,Expertisée,20,Bonne,7.332793134,48.728811149,QmnJ
A3410200,A341020001,2021-08-03,3249.0,2026-06-02T08:08:12Z,16,Donnée validée,10,Expertisée,20,Bonne,7.332793134,48.728811149,QmnJ
A3410200,A341020001,2021-08-04,3345.0,2026-06-02T08:08:12Z,16,Donnée validée,10,Expertisée,20,Bonne,7.332793134,48.728811149,QmnJ
A3410200,A341020001,2021-08-05,2408.0,2026-06-02T08:08:12Z,16,Donnée validée,10,Expertisée,20,Bonne,7.332793134,48.728811149,QmnJ
A3410200,A341020001,2021-08-06,2207.0,2026-06-02T08:08:12Z,16,Donnée validée,10,Expertisée,20,Bonne,7.332793134,48.728811149,QmnJ
A3410200,A341020001,2021-08-07,2009.0,2026-06-02T08:08:12Z,16,Donnée validée,10,Expertisée,20,Bonne,7.332793134,48.728811149,QmnJ
A3410200,A341020001,2021-08-08,2195.0,2026-06-02T08:08:12Z,16,Donnée validée,10,Expertisée,20,Bonne,7.332793134,48.728811149,QmnJ
A3410200,A341020001,2021-08-09,1774.0,2026-06-02T08:08:12Z,16,Donnée validée,10,Expertisée,20,Bonne,7.332793134,48.728811149,QmnJ
A3410200,A341020001,2021-08-10,1578.0,2026-06-02T08:08:12Z,16,Donnée validée,10,Expertisée,20,Bonne,7.332793134,48.728811149,QmnJ
A3410200,A341020001,2021-08-11,1470.0,2026-06-02T08:08:12Z,16,Donnée validée,10,Expertisée,20,Bonne,7.332793134,48.728811149,QmnJ
A3410200,A341020001,2021-08-12,1388.0,2026-06-02T08:08:12Z,16,Donnée validée,10,Expertisée,20,Bonne,7.332793134,48.728811149,QmnJ
A3410200,A341020001,2021-08-13,1240.0,2026-06-02T08:08:12Z,16,Donnée validée,10,Expertisée,20,Bonne,7.332793134,48.728811149,QmnJ
A3410200,A341020001,2021-08-14,1197.0,2026-06-02T08:08:12Z,16,Donnée validée,10,Expertisée,20,Bonne,7.332793134,48.728811149,QmnJ
A3410200,A341020001,2021-08-15,1241.0,2026-06-02T08:08:12Z,16,Donnée validée,10,Expertisée,20,Bonne,7.332793134,48.728811149,QmnJ
A3410200,A341020001,2021-08-16,1309.0,2026-06-02T08:08:12Z,16,Donnée validée,10,Expertisée,20,Bonne,7.332793134,48.728811149,QmnJ
A3410200,A341020001,2021-08-17,1189.0,2026-06-02T08:08:12Z,16,Donnée validée,10,Expertisée,20,Bonne,7.332793134,48.728811149,QmnJ
A3410200,A341020001,2021-08-18,1178.0,2026-06-02T08:08:12Z,16,Donnée validée,10,Expertisée,20,Bonne,7.332793134,48.728811149,QmnJ
A3410200,A341020001,2021-08-19,1128.0,2026-06-02T08:08:12Z,16,Donnée validée,10,Expertisée,20,Bonne,7.332793134,48.728811149,QmnJ
A3410200,A341020001,2021-08-20,1030.0,2026-06-02T08:08:12Z,16,Donnée validée,10,Expertisée,20,Bonne,7.332793134,48.728811149,QmnJ
A3410200,A341020001,2021-08-21,1049.0,2026-06-02T08:08:12Z,16,Donnée validée,10,Expertisée,20,Bonne,7.332793134,48.728811149,QmnJ
A3410200,A341020001,2021-08-22,1536.0,2026-06-02T08:08:12Z,16,Donnée validée,10,Expertisée,20,Bonne,7.332793134,48.728811149,QmnJ
A3410200,A341020001,2021-08-23,1335.0,2026-06-02T08:08:12Z,16,Donnée validée,10,Expertisée,20,Bonne,7.332793134,48.728811149,QmnJ
A3410200,A341020001,2021-08-24,1042.0,2026-06-02T08:08:12Z,16,Donnée validée,10,Expertisée,20,Bonne,7.332793134,48.728811149,QmnJ
A3410200,A341020001,2021-08-25,959.0,2026-06-02T08:08:12Z,16,Donnée validée,10,Expertisée,20,Bonne,7.332793134,48.728811149,QmnJ
A3410200,A341020001,2021-08-26,999.0,2026-06-02T08:08:12Z,16,Donnée validée,10,Expertisée,20,Bonne,7.332793134,48.728811149,QmnJ
A3410200,A341020001,2021-08-27,968.0,2026-06-02T08:08:12Z,16,Donnée validée,10,Expertisée,20,Bonne,7.332793134,48.728811149,QmnJ
A3410200,A341020001,2021-08-28,1094.0,2026-06-02T08:08:12Z,16,Donnée validée,10,Expertisée,20,Bonne,7.332793134,48.728811149,QmnJ
A3410200,A341020001,2021-08-29,1110.0,2026-06-02T08:08:12Z,16,Donnée validée,10,Expertisée,20,Bonne,7.332793134,48.728811149,QmnJ
A3410200,A341020001,2021-08-30,989.0,2026-06-02T08:08:12Z,16,Donnée validée,10,Expertisée,20,Bonne,7.332793134,48.728811149,QmnJ
A3410200,A341020001,2021-08-31,919.0,2026-06-02T08:08:12Z,16,Donnée validée,10,Expertisée,20,Bonne,7.332793134,48.728811149,QmnJ
A3410200,A341020001,2021-09-01,837.0,2026-06-02T08:08:12Z,16,Donnée validée,10,Expertisée,20,Bonne,7.332793134,48.728811149,QmnJ
A3410200,A341020001,2021-09-02,770.0,2026-06-02T08:08:12Z,16,Donnée validée,10,Expertisée,20,Bonne,7.332793134,48.728811149,QmnJ
A3410200,A341020001,2021-09-03,725.0,2026-06-02T08:08:12Z,16,Donnée validée,10,Expertisée,20,Bonne,7.332793134,48.728811149,QmnJ
A3410200,A341020001,2021-09-04,772.0,2026-06-02T08:08:12Z,16,Donnée validée,10,Expertisée,20,Bonne,7.332793134,48.728811149,QmnJ
A3410200,A341020001,2021-09-05,732.0,2026-06-02T08:08:12Z,16,Donnée validée,10,Expertisée,20,Bonne,7.332793134,48.728811149,QmnJ
A3410200,A341020001,2021-09-06,708.0,2026-06-02T08:08:12Z,16,Donnée validée,10,Expertisée,20,Bonne,7.332793134,48.728811149,QmnJ
A3410200,A341020001,2021-09-07,677.0,2026-06-02T08:08:12Z,16,Donnée validée,10,Expertisée,20,Bonne,7.332793134,48.728811149,QmnJ
A3410200,A341020001,2021-09-08,632.0,2026-06-02T08:08:12Z,16,Donnée validée,10,Expertisée,12,Douteuse,7.332793134,48.728811149,QmnJ
A3410200,A341020001,2021-09-09,670.0,2026-06-02T08:08:12Z,16,Donnée validée,10,Expertisée,20,Bonne,7.332793134,48.728811149,QmnJ
A3410200,A341020001,2021-09-10,674.0,2026-06-02T08:08:12Z,16,Donnée validée,10,Expertisée,20,Bonne,7.332793134,48.728811149,QmnJ
A3410200,A341020001,2021-09-11,671.0,2026-06-02T08:08:12Z,16,Donnée validée,10,Expertisée,20,Bonne,7.332793134,48.728811149,QmnJ
A3410200,A341020001,2021-09-12,632.0,2026-06-02T08:08:12Z,16,Donnée validée,10,Expertisée,20,Bonne,7.332793134,48.728811149,QmnJ
A3410200,A341020001,2021-09-13,607.0,2026-06-02T08:08:12Z,16,Donnée validée,10,Expertisée,20,Bonne,7.332793134,48.728811149,QmnJ
A3410200,A341020001,2021-09-14,601.0,2026-06-02T08:08:12Z,16,Donnée validée,10,Expertisée,20,Bonne,7.332793134,48.728811149,QmnJ
A3410200,A341020001,2021-09-15,673.0,2026-06-02T08:08:12Z,16,Donnée validée,10,Expertisée,20,Bonne,7.332793134,48.728811149,QmnJ
A3410200,A341020001,2021-09-16,673.0,2026-06-02T08:08:12Z,16,Donnée validée,10,Expertisée,20,Bonne,7.332793134,48.728811149,QmnJ
A3410200,A341020001,2021-09-17,603.0,2026-06-02T08:08:12Z,16,Donnée validée,10,Expertisée,20,Bonne,7.332793134,48.728811149,QmnJ
A3410200,A341020001,2021-09-18,580.0,2026-06-02T08:08:12Z,16,Donnée validée,10,Expertisée,20,Bonne,7.332793134,48.728811149,QmnJ
A3410200,A341020001,2021-09-19,574.0,2026-06-02T08:08:12Z,16,Donnée validée,10,Expertisée,20,Bonne,7.332793134,48.728811149,QmnJ
A3410200,A341020001,2021-09-20,704.0,2026-06-02T08:08:12Z,16,Donnée validée,10,Expertisée,20,Bonne,7.332793134,48.728811149,QmnJ
A3410200,A341020001,2021-09-21,578.0,2026-06-02T08:08:12Z,16,Donnée validée,10,Expertisée,20,Bonne,7.332793134,48.728811149,QmnJ
A3410200,A341020001,2021-09-22,531.0,2026-06-02T08:08:12Z,16,Donnée validée,10,Expertisée,20,Bonne,7.332793134,48.728811149,QmnJ
A3410200,A341020001,2021-09-23,557.0,2026-06-02T08:08:12Z,16,Donnée validée,10,Expertisée,20,Bonne,7.332793134,48.728811149,QmnJ
A3410200,A341020001,2021-09-24,550.0,2026-06-02T08:08:12Z,16,Donnée validée,10,Expertisée,20,Bonne,7.332793134,48.728811149,QmnJ
A3410200,A341020001,2021-09-25,604.0,2026-06-02T08:08:12Z,16,Donnée validée,10,Expertisée,20,Bonne,7.332793134,48.728811149,QmnJ
A3410200,A341020001,2021-09-26,553.0,2026-06-02T08:08:12Z,16,Donnée validée,10,Expertisée,20,Bonne,7.332793134,48.728811149,QmnJ
A3410200,A341020001,2021-09-27,558.0,2026-06-02T08:08:12Z,16,Donnée validée,10,Expertisée,20,Bonne,7.332793134,48.728811149,QmnJ
A3410200,A341020001,2021-09-28,588.0,2026-06-02T08:08:12Z,16,Donnée validée,10,Expertisée,20,Bonne,7.332793134,48.728811149,QmnJ
A3410200,A341020001,2021-09-29,571.0,2026-06-02T08:08:12Z,16,Donnée validée,10,Expertisée,20,Bonne,7.332793134,48.728811149,QmnJ
A3410200,A341020001,2021-09-30,589.0,2026-06-02T08:08:12Z,16,Donnée validée,10,Expertisée,20,Bonne,7.332793134,48.728811149,QmnJ
A3410200,A341020001,2021-10-01,521.0,2026-06-02T08:08:12Z,16,Donnée validée,10,Expertisée,20,Bonne,7.332793134,48.728811149,QmnJ
A3410200,A341020001,2021-10-02,505.0,2026-06-02T08:08:12Z,16,Donnée validée,10,Expertisée,20,Bonne,7.332793134,48.728811149,QmnJ
A3410200,A341020001,2021-10-03,509.0,2026-06-02T08:08:12Z,16,Donnée validée,10,Expertisée,20,Bonne,7.332793134,48.728811149,QmnJ
A3410200,A341020001,2021-10-04,692.0,2026-06-02T08:08:12Z,16,Donnée validée,10,Expertisée,20,Bonne,7.332793134,48.728811149,QmnJ
A3410200,A341020001,2021-10-05,654.0,2026-06-02T08:08:12Z,16,Donnée validée,10,Expertisée,20,Bonne,7.332793134,48.728811149,QmnJ
A3410200,A341020001,2021-10-06,651.0,2026-06-02T08:08:12Z,16,Donnée validée,10,Expertisée,20,Bonne,7.332793134,48.728811149,QmnJ
A3410200,A341020001,2021-10-07,610.0,2026-06-02T08:08:12Z,16,Donnée validée,10,Expertisée,20,Bonne,7.332793134,48.728811149,QmnJ
A3410200,A341020001,2021-10-08,510.0,2026-06-02T08:08:12Z,16,Donnée validée,10,Expertisée,20,Bonne,7.332793134,48.728811149,QmnJ
A3410200,A341020001,2021-10-09,461.0,2026-06-02T08:08:12Z,16,Donnée validée,10,Expertisée,12,Douteuse,7.332793134,48.728811149,QmnJ
A3410200,A341020001,2021-10-10,529.0,2026-06-02T08:08:12Z,16,Donnée validée,10,Expertisée,20,Bonne,7.332793134,48.728811149,QmnJ
A3410200,A341020001,2021-10-11,472.0,2026-06-02T08:08:12Z,16,Donnée validée,10,Expertisée,20,Bonne,7.332793134,48.728811149,QmnJ
A3410200,A341020001,2021-10-12,438.0,2026-06-02T08:08:12Z,16,Donnée validée,10,Expertisée,20,Bonne,7.332793134,48.728811149,QmnJ
A3410200,A341020001,2021-10-13,641.0,2026-06-02T08:08:12Z,16,Donnée validée,10,Expertisée,20,Bonne,7.332793134,48.728811149,QmnJ
A3410200,A341020001,2021-10-14,717.0,2026-06-02T08:08:12Z,16,Donnée validée,10,Expertisée,20,Bonne,7.332793134,48.728811149,QmnJ
A3410200,A341020001,2021-10-15,717.0,2026-06-02T08:08:12Z,16,Donnée validée,10,Expertisée,20,Bonne,7.332793134,48.728811149,QmnJ
A3410200,A341020001,2021-10-16,683.0,2026-06-02T08:08:12Z,16,Donnée validée,10,Expertisée,20,Bonne,7.332793134,48.728811149,QmnJ
A3410200,A341020001,2021-10-17,684.0,2026-06-02T08:08:12Z,16,Donnée validée,10,Expertisée,20,Bonne,7.332793134,48.728811149,QmnJ
A3410200,A341020001,2021-10-18,716.0,2026-06-02T08:08:12Z,16,Donnée validée,10,Expertisée,20,Bonne,7.332793134,48.728811149,QmnJ
A3410200,A341020001,2021-10-19,643.0,2026-06-02T08:08:12Z,16,Donnée validée,10,Expertisée,20,Bonne,7.332793134,48.728811149,QmnJ
A3410200,A341020001,2021-10-20,672.0,2026-06-02T08:08:12Z,16,Donnée validée,10,Expertisée,20,Bonne,7.332793134,48.728811149,QmnJ
A3410200,A341020001,2021-10-21,1406.0,2026-06-02T08:08:12Z,16,Donnée validée,10,Expertisée,20,Bonne,7.332793134,48.728811149,QmnJ
A3410200,A341020001,2021-10-22,1069.0,2026-06-02T08:08:12Z,16,Donnée validée,10,Expertisée,20,Bonne,7.332793134,48.728811149,QmnJ
A3410200,A341020001,2021-10-23,818.0,2026-06-02T08:08:12Z,16,Donnée validée,10,Expertisée,20,Bonne,7.332793134,48.728811149,QmnJ
A3410200,A341020001,2021-10-24,789.0,2026-06-02T08:08:12Z,16,Donnée validée,10,Expertisée,20,Bonne,7.332793134,48.728811149,QmnJ
A3410200,A341020001,2021-10-25,735.0,2026-06-02T08:08:12Z,16,Donnée validée,10,Expertisée,20,Bonne,7.332793134,48.728811149,QmnJ
A3410200,A341020001,2021-10-26,744.0,2026-06-02T08:08:12Z,16,Donnée validée,10,Expertisée,20,Bonne,7.332793134,48.728811149,QmnJ
A3410200,A341020001,2021-10-27,739.0,2026-06-02T08:08:12Z,16,Donnée validée,10,Expertisée,20,Bonne,7.332793134,48.728811149,QmnJ
A3410200,A341020001,2021-10-28,725.0,2026-06-02T08:08:12Z,16,Donnée validée,10,Expertisée,20,Bonne,7.332793134,48.728811149,QmnJ
A3410200,A341020001,2021-10-29,769.0,2026-06-02T08:08:12Z,16,Donnée validée,10,Expertisée,20,Bonne,7.332793134,48.728811149,QmnJ
A3410200,A341020001,2021-10-30,865.0,2026-06-02T08:08:12Z,16,Donnée validée,10,Expertisée,20,Bonne,7.332793134,48.728811149,QmnJ
A3410200,A341020001,2021-10-31,878.0,2026-06-02T08:08:12Z,16,Donnée validée,10,Expertisée,20,Bonne,7.332793134,48.728811149,QmnJ
A3410200,A341020001,2021-11-01,959.0,2026-06-02T08:08:12Z,16,Donnée validée,10,Expertisée,20,Bonne,7.332793134,48.728811149,QmnJ
A3410200,A341020001,2021-11-02,978.0,2026-06-02T08:08:12Z,16,Donnée validée,10,Expertisée,20,Bonne,7.332793134,48.728811149,QmnJ
A3410200,A341020001,2021-11-03,1306.0,2026-06-02T08:08:12Z,16,Donnée validée,10,Expertisée,20,Bonne,7.332793134,48.728811149,QmnJ
A3410200,A341020001,2021-11-04,1166.0,2026-06-02T08:08:12Z,16,Donnée validée,10,Expertisée,20,Bonne,7.332793134,48.728811149,QmnJ
A3410200,A341020001,2021-11-05,913.0,2026-06-02T08:08:12Z,16,Donnée validée,10,Expertisée,20,Bonne,7.332793134,48.728811149,QmnJ
A3410200,A341020001,2021-11-06,768.0,2026-06-02T08:08:12Z,16,Donnée validée,10,Expertisée,20,Bonne,7.332793134,48.728811149,QmnJ
A3410200,A341020001,2021-11-07,719.0,2026-06-02T08:08:12Z,16,Donnée validée,10,Expertisée,20,Bonne,7.332793134,48.728811149,QmnJ
A3410200,A341020001,2021-11-08,701.0,2026-06-02T08:08:12Z,16,Donnée validée,10,Expertisée,20,Bonne,7.332793134,48.728811149,QmnJ
A3410200,A341020001,2021-11-09,642.0,2026-06-02T08:08:12Z,16,Donnée validée,10,Expertisée,20,Bonne,7.332793134,48.728811149,QmnJ
A3410200,A341020001,2021-11-10,621.0,2026-06-02T08:08:12Z,16,Donnée validée,10,Expertisée,20,Bonne,7.332793134,48.728811149,QmnJ
A3410200,A341020001,2021-11-11,629.0,2026-06-02T08:08:12Z,16,Donnée validée,10,Expertisée,20,Bonne,7.332793134,48.728811149,QmnJ
A3410200,A341020001,2021-11-12,616.0,2026-06-02T08:08:12Z,16,Donnée validée,10,Expertisée,20,Bonne,7.332793134,48.728811149,QmnJ
A3410200,A341020001,2021-11-13,655.0,2026-06-02T08:08:12Z,16,Donnée validée,10,Expertisée,20,Bonne,7.332793134,48.728811149,QmnJ
A3410200,A341020001,2021-11-14,727.0,2026-06-02T08:08:12Z,16,Donnée validée,10,Expertisée,20,Bonne,7.332793134,48.728811149,QmnJ
A3410200,A341020001,2021-11-15,641.0,2026-06-02T08:08:12Z,16,Donnée validée,10,Expertisée,20,Bonne,7.332793134,48.728811149,QmnJ
A3410200,A341020001,2021-11-16,616.0,2026-06-02T08:08:12Z,16,Donnée validée,10,Expertisée,20,Bonne,7.332793134,48.728811149,QmnJ
A3410200,A341020001,2021-11-17,654.0,2026-06-02T08:08:12Z,16,Donnée validée,10,Expertisée,20,Bonne,7.332793134,48.728811149,QmnJ
A3410200,A341020001,2021-11-18,762.0,2026-06-02T08:08:12Z,16,Donnée validée,10,Expertisée,20,Bonne,7.332793134,48.728811149,QmnJ
A3410200,A341020001,2021-11-19,849.0,2026-06-02T08:08:12Z,16,Donnée validée,10,Expertisée,20,Bonne,7.332793134,48.728811149,QmnJ
A3410200,A341020001,2021-11-20,854.0,2026-06-02T08:08:12Z,16,Donnée validée,10,Expertisée,20,Bonne,7.332793134,48.728811149,QmnJ
A3410200,A341020001,2021-11-21,841.0,2026-06-02T08:08:12Z,16,Donnée validée,10,Expertisée,20,Bonne,7.332793134,48.728811149,QmnJ
A3410200,A341020001,2021-11-22,785.0,2026-06-02T08:08:12Z,16,Donnée validée,10,Expertisée,20,Bonne,7.332793134,48.728811149,QmnJ
A3410200,A341020001,2021-11-23,742.0,2026-06-02T08:08:12Z,16,Donnée validée,10,Expertisée,20,Bonne,7.332793134,48.728811149,QmnJ
A3410200,A341020001,2021-11-24,691.0,2026-06-02T08:08:12Z,16,Donnée validée,10,Expertisée,20,Bonne,7.332793134,48.728811149,QmnJ
A3410200,A341020001,2021-11-25,675.0,2026-06-02T08:08:12Z,16,Donnée validée,10,Expertisée,20,Bonne,7.332793134,48.728811149,QmnJ
A3410200,A341020001,2021-11-26,728.0,2026-06-02T08:08:12Z,16,Donnée validée,10,Expertisée,20,Bonne,7.332793134,48.728811149,QmnJ
A3410200,A341020001,2021-11-27,721.0,2026-06-02T08:08:12Z,16,Donnée validée,10,Expertisée,20,Bonne,7.332793134,48.728811149,QmnJ
A3410200,A341020001,2021-11-28,759.0,2026-06-02T08:08:12Z,16,Donnée validée,10,Expertisée,20,Bonne,7.332793134,48.728811149,QmnJ
A3410200,A341020001,2021-11-29,899.0,2026-06-02T08:08:12Z,16,Donnée validée,10,Expertisée,20,Bonne,7.332793134,48.728811149,QmnJ
A3410200,A341020001,2021-11-30,1010.0,2026-06-02T08:08:12Z,16,Donnée validée,10,Expertisée,20,Bonne,7.332793134,48.728811149,QmnJ
A3410200,A341020001,2021-12-01,1498.0,2026-06-02T08:08:12Z,16,Donnée validée,10,Expertisée,20,Bonne,7.332793134,48.728811149,QmnJ
A3410200,A341020001,2021-12-02,1595.0,2026-06-02T08:08:12Z,16,Donnée validée,10,Expertisée,20,Bonne,7.332793134,48.728811149,QmnJ
A3410200,A341020001,2021-12-03,1250.0,2026-06-02T08:08:12Z,16,Donnée validée,10,Expertisée,20,Bonne,7.332793134,48.728811149,QmnJ
A3410200,A341020001,2021-12-04,1598.0,2026-06-02T08:08:12Z,16,Donnée validée,10,Expertisée,20,Bonne,7.332793134,48.728811149,QmnJ
A3410200,A341020001,2021-12-05,1584.0,2026-06-02T08:08:12Z,16,Donnée validée,10,Expertisée,20,Bonne,7.332793134,48.728811149,QmnJ
A3410200,A341020001,2021-12-06,1524.0,2026-06-02T08:08:12Z,16,Donnée validée,10,Expertisée,20,Bonne,7.332793134,48.728811149,QmnJ
A3410200,A341020001,2021-12-07,1492.0,2026-06-02T08:08:12Z,16,Donnée validée,10,Expertisée,20,Bonne,7.332793134,48.728811149,QmnJ
A3410200,A341020001,2021-12-08,1511.0,2026-06-02T08:08:12Z,16,Donnée validée,10,Expertisée,20,Bonne,7.332793134,48.728811149,QmnJ
A3410200,A341020001,2021-12-09,1356.0,2026-06-02T08:08:12Z,16,Donnée validée,10,Expertisée,20,Bonne,7.332793134,48.728811149,QmnJ
A3410200,A341020001,2021-12-10,1236.0,2026-06-02T08:08:12Z,16,Donnée validée,10,Expertisée,20,Bonne,7.332793134,48.728811149,QmnJ
A3410200,A341020001,2021-12-11,1403.0,2026-06-02T08:08:12Z,16,Donnée validée,10,Expertisée,20,Bonne,7.332793134,48.728811149,QmnJ
A3410200,A341020001,2021-12-12,1141.0,2026-06-02T08:08:12Z,16,Donnée validée,10,Expertisée,20,Bonne,7.332793134,48.728811149,QmnJ
A3410200,A341020001,2021-12-13,920.0,2026-06-02T08:08:12Z,16,Donnée validée,10,Expertisée,20,Bonne,7.332793134,48.728811149,QmnJ
A3410200,A341020001,2021-12-14,781.0,2026-06-02T08:08:12Z,16,Donnée validée,10,Expertisée,20,Bonne,7.332793134,48.728811149,QmnJ
A3410200,A341020001,2021-12-15,774.0,2026-06-02T08:08:12Z,16,Donnée validée,10,Expertisée,20,Bonne,7.332793134,48.728811149,QmnJ
A3410200,A341020001,2021-12-16,715.0,2026-06-02T08:08:12Z,16,Donnée validée,10,Expertisée,20,Bonne,7.332793134,48.728811149,QmnJ
A3410200,A341020001,2021-12-17,694.0,2026-06-02T08:08:12Z,16,Donnée validée,10,Expertisée,20,Bonne,7.332793134,48.728811149,QmnJ
A3410200,A341020001,2021-12-18,697.0,2026-06-02T08:08:12Z,16,Donnée validée,10,Expertisée,20,Bonne,7.332793134,48.728811149,QmnJ
A3410200,A341020001,2021-12-19,687.0,2026-06-02T08:08:12Z,16,Donnée validée,10,Expertisée,20,Bonne,7.332793134,48.728811149,QmnJ
A3410200,A341020001,2021-12-20,669.0,2026-06-02T08:08:12Z,16,Donnée validée,10,Expertisée,20,Bonne,7.332793134,48.728811149,QmnJ
A3410200,A341020001,2021-12-21,697.0,2026-06-02T08:08:12Z,16,Donnée validée,10,Expertisée,20,Bonne,7.332793134,48.728811149,QmnJ
A3410200,A341020001,2021-12-22,624.0,2026-06-02T08:08:12Z,16,Donnée validée,10,Expertisée,20,Bonne,7.332793134,48.728811149,QmnJ
A3410200,A341020001,2021-12-23,691.0,2026-06-02T08:08:12Z,16,Donnée validée,10,Expertisée,20,Bonne,7.332793134,48.728811149,QmnJ
A3410200,A341020001,2021-12-24,822.0,2026-06-02T08:08:12Z,16,Donnée validée,10,Expertisée,20,Bonne,7.332793134,48.728811149,QmnJ
A3410200,A341020001,2021-12-25,1293.0,2026-06-02T08:08:12Z,16,Donnée validée,10,Expertisée,20,Bonne,7.332793134,48.728811149,QmnJ
A3410200,A341020001,2021-12-26,1346.0,2026-06-02T08:08:12Z,16,Donnée validée,10,Expertisée,20,Bonne,7.332793134,48.728811149,QmnJ
A3410200,A341020001,2021-12-27,1484.0,2026-06-02T08:08:12Z,16,Donnée validée,10,Expertisée,20,Bonne,7.332793134,48.728811149,QmnJ
A3410200,A341020001,2021-12-28,2496.0,2026-06-02T08:08:12Z,16,Donnée validée,10,Expertisée,20,Bonne,7.332793134,48.728811149,QmnJ
A3410200,A341020001,2021-12-29,3382.0,2026-06-02T08:08:12Z,16,Donnée validée,10,Expertisée,20,Bonne,7.332793134,48.728811149,QmnJ
A3410200,A341020001,2021-12-30,3701.0,2026-06-02T08:08:12Z,16,Donnée validée,10,Expertisée,20,Bonne,7.332793134,48.728811149,QmnJ
A3410200,A341020001,2021-12-31,2952.0,2026-06-02T08:08:12Z,16,Donnée validée,10,Expertisée,20,Bonne,7.332793134,48.728811149,QmnJ
A3410200,A341020001,2022-01-01,2570.0,2026-06-02T08:08:12Z,16,Donnée validée,10,Expertisée,20,Bonne,7.332793134,48.728811149,QmnJ
A3410200,A341020001,2022-01-02,2325.0,2026-06-02T08:08:12Z,16,Donnée validée,10,Expertisée,20,Bonne,7.332793134,48.728811149,QmnJ
A3410200,A341020001,2022-01-03,2146.0,2026-06-02T08:08:12Z,16,Donnée validée,10,Expertisée,20,Bonne,7.332793134,48.728811149,QmnJ
A3410200,A341020001,2022-01-04,5108.0,2026-06-02T08:08:12Z,16,Donnée validée,10,Expertisée,20,Bonne,7.332793134,48.728811149,QmnJ
A3410200,A341020001,2022-01-05,5123.0,2026-06-02T08:08:12Z,16,Donnée validée,10,Expertisée,20,Bonne,7.332793134,48.728811149,QmnJ
A3410200,A341020001,2022-01-06,3710.0,2026-06-02T08:08:12Z,16,Donnée validée,10,Expertisée,20,Bonne,7.332793134,48.728811149,QmnJ
A3410200,A341020001,2022-01-07,3271.0,2026-06-02T08:08:12Z,16,Donnée validée,10,Expertisée,20,Bonne,7.332793134,48.728811149,QmnJ
A3410200,A341020001,2022-01-08,3153.0,2026-06-02T08:08:12Z,16,Donnée validée,10,Expertisée,20,Bonne,7.332793134,48.728811149,QmnJ
A3410200,A341020001,2022-01-09,4861.0,2026-06-02T08:08:12Z,16,Donnée validée,10,Expertisée,20,Bonne,7.332793134,48.728811149,QmnJ
A3410200,A341020001,2022-01-10,3560.0,2026-06-02T08:08:12Z,16,Donnée validée,10,Expertisée,20,Bonne,7.332793134,48.728811149,QmnJ
A3410200,A341020001,2022-01-11,2885.0,2026-06-02T08:08:12Z,16,Donnée validée,10,Expertisée,20,Bonne,7.332793134,48.728811149,QmnJ
A3410200,A341020001,2022-01-12,2512.0,2026-06-02T08:08:12Z,16,Donnée validée,10,Expertisée,20,Bonne,7.332793134,48.728811149,QmnJ
A3410200,A341020001,2022-01-13,2311.0,2026-06-02T08:08:12Z,16,Donnée validée,10,Expertisée,20,Bonne,7.332793134,48.728811149,QmnJ
A3410200,A341020001,2022-01-14,2192.0,2026-06-02T08:08:12Z,16,Donnée validée,10,Expertisée,20,Bonne,7.332793134,48.728811149,QmnJ
A3410200,A341020001,2022-01-15,2195.0,2026-06-02T08:08:12Z,16,Donnée validée,10,Expertisée,20,Bonne,7.332793134,48.728811149,QmnJ
A3410200,A341020001,2022-01-16,2080.0,2026-06-02T08:08:12Z,16,Donnée validée,10,Expertisée,20,Bonne,7.332793134,48.728811149,QmnJ
A3410200,A341020001,2022-01-17,1877.0,2026-06-02T08:08:12Z,16,Donnée validée,10,Expertisée,20,Bonne,7.332793134,48.728811149,QmnJ
A3410200,A341020001,2022-01-18,1723.0,2026-06-02T08:08:12Z,16,Donnée validée,10,Expertisée,20,Bonne,7.332793134,48.728811149,QmnJ
A3410200,A341020001,2022-01-19,1664.0,2026-06-02T08:08:12Z,16,Donnée validée,10,Expertisée,20,Bonne,7.332793134,48.728811149,QmnJ
A3410200,A341020001,2022-01-20,1706.0,2026-06-02T08:08:12Z,16,Donnée validée,10,Expertisée,20,Bonne,7.332793134,48.728811149,QmnJ
A3410200,A341020001,2022-01-21,1547.0,2026-06-02T08:08:12Z,16,Donnée validée,10,Expertisée,20,Bonne,7.332793134,48.728811149,QmnJ
A3410200,A341020001,2022-01-22,1421.0,2026-06-02T08:08:12Z,16,Donnée validée,10,Expertisée,20,Bonne,7.332793134,48.728811149,QmnJ
A3410200,A341020001,2022-01-23,1393.0,2026-06-02T08:08:12Z,16,Donnée validée,10,Expertisée,20,Bonne,7.332793134,48.728811149,QmnJ
A3410200,A341020001,2022-01-24,1357.0,2026-06-02T08:08:12Z,16,Donnée validée,10,Expertisée,20,Bonne,7.332793134,48.728811149,QmnJ
A3410200,A341020001,2022-01-25,1318.0,2026-06-02T08:08:12Z,16,Donnée validée,10,Expertisée,20,Bonne,7.332793134,48.728811149,QmnJ
A3410200,A341020001,2022-01-26,1271.0,2026-06-02T08:08:12Z,16,Donnée validée,10,Expertisée,20,Bonne,7.332793134,48.728811149,QmnJ
A3410200,A341020001,2022-01-27,1236.0,2026-06-02T08:08:12Z,16,Donnée validée,10,Expertisée,20,Bonne,7.332793134,48.728811149,QmnJ
A3410200,A341020001,2022-01-28,1243.0,2026-06-02T08:08:12Z,16,Donnée validée,10,Expertisée,20,Bonne,7.332793134,48.728811149,QmnJ
A3410200,A341020001,2022-01-29,1174.0,2026-06-02T08:08:12Z,16,Donnée validée,10,Expertisée,20,Bonne,7.332793134,48.728811149,QmnJ
A3410200,A341020001,2022-01-30,1220.0,2026-06-02T08:08:12Z,16,Donnée validée,10,Expertisée,20,Bonne,7.332793134,48.728811149,QmnJ
A3410200,A341020001,2022-01-31,1316.0,2026-06-02T08:08:12Z,16,Donnée validée,10,Expertisée,20,Bonne,7.332793134,48.728811149,QmnJ
A3410200,A341020001,2022-02-01,1287.0,2026-06-02T08:08:12Z,16,Donnée validée,10,Expertisée,20,Bonne,7.332793134,48.728811149,QmnJ
A3410200,A341020001,2022-02-02,1388.0,2026-06-02T08:08:12Z,16,Donnée validée,10,Expertisée,20,Bonne,7.332793134,48.728811149,QmnJ
A3410200,A341020001,2022-02-03,1389.0,2026-06-02T08:08:12Z,16,Donnée validée,10,Expertisée,20,Bonne,7.332793134,48.728811149,QmnJ
A3410200,A341020001,2022-02-04,1389.0,2026-06-02T08:08:12Z,16,Donnée validée,10,Expertisée,20,Bonne,7.332793134,48.728811149,QmnJ
A3410200,A341020001,2022-02-05,1463.0,2026-06-02T08:08:12Z,16,Donnée validée,10,Expertisée,20,Bonne,7.332793134,48.728811149,QmnJ
A3410200,A341020001,2022-02-06,1627.0,2026-06-02T08:08:12Z,16,Donnée validée,10,Expertisée,20,Bonne,7.332793134,48.728811149,QmnJ
A3410200,A341020001,2022-02-07,3104.0,2026-06-02T08:08:12Z,16,Donnée validée,10,Expertisée,20,Bonne,7.332793134,48.728811149,QmnJ
A3410200,A341020001,2022-02-08,1985.0,2026-06-02T08:08:12Z,16,Donnée validée,10,Expertisée,20,Bonne,7.332793134,48.728811149,QmnJ
A3410200,A341020001,2022-02-09,1860.0,2026-06-02T08:08:12Z,16,Donnée validée,10,Expertisée,20,Bonne,7.332793134,48.728811149,QmnJ
A3410200,A341020001,2022-02-10,1835.0,2026-06-02T08:08:12Z,16,Donnée validée,10,Expertisée,20,Bonne,7.332793134,48.728811149,QmnJ
A3410200,A341020001,2022-02-11,1788.0,2026-06-02T08:08:12Z,16,Donnée validée,10,Expertisée,20,Bonne,7.332793134,48.728811149,QmnJ
A3410200,A341020001,2022-02-12,1656.0,2026-06-02T08:08:12Z,16,Donnée validée,10,Expertisée,20,Bonne,7.332793134,48.728811149,QmnJ
A3410200,A341020001,2022-02-13,1670.0,2026-06-02T08:08:12Z,16,Donnée validée,10,Expertisée,20,Bonne,7.332793134,48.728811149,QmnJ
A3410200,A341020001,2022-02-14,1739.0,2026-06-02T08:08:12Z,16,Donnée validée,10,Expertisée,20,Bonne,7.332793134,48.728811149,QmnJ
A3410200,A341020001,2022-02-15,1673.0,2026-06-02T08:08:12Z,16,Donnée validée,10,Expertisée,20,Bonne,7.332793134,48.728811149,QmnJ
A3410200,A341020001,2022-02-16,1627.0,2026-06-02T08:08:12Z,16,Donnée validée,10,Expertisée,20,Bonne,7.332793134,48.728811149,QmnJ
A3410200,A341020001,2022-02-17,2206.0,2026-06-02T08:08:12Z,16,Donnée validée,10,Expertisée,20,Bonne,7.332793134,48.728811149,QmnJ
A3410200,A341020001,2022-02-18,1734.0,2026-06-02T08:08:12Z,16,Donnée validée,10,Expertisée,20,Bonne,7.332793134,48.728811149,QmnJ
A3410200,A341020001,2022-02-19,1712.0,2026-06-02T08:08:12Z,16,Donnée validée,10,Expertisée,20,Bonne,7.332793134,48.728811149,QmnJ
A3410200,A341020001,2022-02-20,1600.0,2026-06-02T08:08:12Z,16,Donnée validée,10,Expertisée,20,Bonne,7.332793134,48.728811149,QmnJ
A3410200,A341020001,2022-02-21,2411.0,2026-06-02T08:08:12Z,16,Donnée validée,10,Expertisée,20,Bonne,7.332793134,48.728811149,QmnJ
A3410200,A341020001,2022-02-22,2059.0,2026-06-02T08:08:12Z,16,Donnée validée,10,Expertisée,20,Bonne,7.332793134,48.728811149,QmnJ
A3410200,A341020001,2022-02-23,2059.0,2026-06-02T08:08:12Z,16,Donnée validée,10,Expertisée,20,Bonne,7.332793134,48.728811149,QmnJ
A3410200,A341020001,2022-02-24,1888.0,2026-06-02T08:08:12Z,16,Donnée validée,10,Expertisée,20,Bonne,7.332793134,48.728811149,QmnJ
A3410200,A341020001,2022-02-25,2155.0,2026-06-02T08:08:12Z,16,Donnée validée,10,Expertisée,20,Bonne,7.332793134,48.728811149,QmnJ
A3410200,A341020001,2022-02-26,1951.0,2026-06-02T08:08:12Z,16,Donnée validée,10,Expertisée,20,Bonne,7.332793134,48.728811149,QmnJ
A3410200,A341020001,2022-02-27,1806.0,2026-06-02T08:08:12Z,16,Donnée validée,10,Expertisée,20,Bonne,7.332793134,48.728811149,QmnJ
A3410200,A341020001,2022-02-28,1772.0,2026-06-02T08:08:12Z,16,Donnée validée,10,Expertisée,20,Bonne,7.332793134,48.728811149,QmnJ
A3410200,A341020001,2022-03-01,1701.0,2026-06-02T08:08:12Z,16,Donnée validée,10,Expertisée,20,Bonne,7.332793134,48.728811149,QmnJ
A3410200,A341020001,2022-03-02,1725.0,2026-06-02T08:08:12Z,16,Donnée validée,10,Expertisée,20,Bonne,7.332793134,48.728811149,QmnJ
A3410200,A341020001,2022-03-03,1757.0,2026-06-02T08:08:12Z,16,Donnée validée,10,Expertisée,20,Bonne,7.332793134,48.728811149,QmnJ
A3410200,A341020001,2022-03-04,1591.0,2026-06-02T08:08:12Z,16,Donnée validée,10,Expertisée,20,Bonne,7.332793134,48.728811149,QmnJ
A3410200,A341020001,2022-03-05,1592.0,2026-06-02T08:08:12Z,16,Donnée validée,10,Expertisée,20,Bonne,7.332793134,48.728811149,QmnJ
A3410200,A341020001,2022-03-06,1531.0,2026-06-02T08:08:12Z,16,Donnée validée,10,Expertisée,20,Bonne,7.332793134,48.728811149,QmnJ
A3410200,A341020001,2022-03-07,1580.0,2026-06-02T08:08:12Z,16,Donnée validée,10,Expertisée,20,Bonne,7.332793134,48.728811149,QmnJ
A3410200,A341020001,2022-03-08,1484.0,2026-06-02T08:08:12Z,16,Donnée validée,10,Expertisée,20,Bonne,7.332793134,48.728811149,QmnJ
A3410200,A341020001,2022-03-09,1338.0,2026-06-02T08:08:12Z,16,Donnée validée,10,Expertisée,20,Bonne,7.332793134,48.728811149,QmnJ
A3410200,A341020001,2022-03-10,1225.0,2026-06-02T08:08:12Z,16,Donnée validée,10,Expertisée,20,Bonne,7.332793134,48.728811149,QmnJ
A3410200,A341020001,2022-03-11,1278.0,2026-06-02T08:08:12Z,16,Donnée validée,10,Expertisée,20,Bonne,7.332793134,48.728811149,QmnJ
A3410200,A341020001,2022-03-12,1265.0,2026-06-02T08:08:12Z,16,Donnée validée,10,Expertisée,20,Bonne,7.332793134,48.728811149,QmnJ
A3410200,A341020001,2022-03-13,1248.0,2026-06-02T08:08:12Z,16,Donnée validée,10,Expertisée,20,Bonne,7.332793134,48.728811149,QmnJ
A3410200,A341020001,2022-03-14,1218.0,2026-06-02T08:08:12Z,16,Donnée validée,10,Expertisée,20,Bonne,7.332793134,48.728811149,QmnJ
A3410200,A341020001,2022-03-15,1175.0,2026-06-02T08:08:12Z,16,Donnée validée,10,Expertisée,20,Bonne,7.332793134,48.728811149,QmnJ
A3410200,A341020001,2022-03-16,1166.0,2026-06-02T08:08:12Z,16,Donnée validée,10,Expertisée,20,Bonne,7.332793134,48.728811149,QmnJ
A3410200,A341020001,2022-03-17,1125.0,2026-06-02T08:08:12Z,16,Donnée validée,10,Expertisée,20,Bonne,7.332793134,48.728811149,QmnJ
A3410200,A341020001,2022-03-18,1050.0,2026-06-02T08:08:12Z,16,Donnée validée,10,Expertisée,20,Bonne,7.332793134,48.728811149,QmnJ
A3410200,A341020001,2022-03-19,931.0,2026-06-02T08:08:12Z,16,Donnée validée,10,Expertisée,20,Bonne,7.332793134,48.728811149,QmnJ
A3410200,A341020001,2022-03-20,924.0,2026-06-02T08:08:12Z,16,Donnée validée,10,Expertisée,20,Bonne,7.332793134,48.728811149,QmnJ
A3410200,A341020001,2022-03-21,830.0,2026-06-02T08:08:12Z,16,Donnée validée,10,Expertisée,20,Bonne,7.332793134,48.728811149,QmnJ
A3410200,A341020001,2022-03-22,756.0,2026-06-02T08:08:12Z,16,Donnée validée,10,Expertisée,20,Bonne,7.332793134,48.728811149,QmnJ
A3410200,A341020001,2022-03-23,703.0,2026-06-02T08:08:12Z,16,Donnée validée,10,Expertisée,20,Bonne,7.332793134,48.728811149,QmnJ
A3410200,A341020001,2022-03-24,655.0,2026-06-02T08:08:12Z,16,Donnée validée,10,Expertisée,20,Bonne,7.332793134,48.728811149,QmnJ
A3410200,A341020001,2022-03-25,660.0,2026-06-02T08:08:12Z,16,Donnée validée,10,Expertisée,20,Bonne,7.332793134,48.728811149,QmnJ
A3410200,A341020001,2022-03-26,636.0,2026-06-02T08:08:12Z,16,Donnée validée,10,Expertisée,20,Bonne,7.332793134,48.728811149,QmnJ
A3410200,A341020001,2022-03-27,622.0,2026-06-02T08:08:12Z,16,Donnée validée,10,Expertisée,20,Bonne,7.332793134,48.728811149,QmnJ
A3410200,A341020001,2022-03-28,613.0,2026-06-02T08:08:12Z,16,Donnée validée,10,Expertisée,20,Bonne,7.332793134,48.728811149,QmnJ
A3410200,A341020001,2022-03-29,643.0,2026-06-02T08:08:12Z,16,Donnée validée,10,Expertisée,20,Bonne,7.332793134,48.728811149,QmnJ
A3410200,A341020001,2022-03-30,709.0,2026-06-02T08:08:12Z,16,Donnée validée,8,Calculée,16,Non qualifiée,7.332793134,48.728811149,QmnJ
A3410200,A341020001,2022-03-31,810.0,2026-06-02T08:08:12Z,16,Donnée validée,10,Expertisée,20,Bonne,7.332793134,48.728811149,QmnJ
A3410200,A341020001,2022-04-01,831.0,2026-06-02T08:08:12Z,16,Donnée validée,10,Expertisée,20,Bonne,7.332793134,48.728811149,QmnJ
A3410200,A341020001,2022-04-02,738.0,2026-06-02T08:08:12Z,16,Donnée validée,10,Expertisée,20,Bonne,7.332793134,48.728811149,QmnJ
A3410200,A341020001,2022-04-03,634.0,2026-06-02T08:08:12Z,16,Donnée validée,10,Expertisée,20,Bonne,7.332793134,48.728811149,QmnJ
A3410200,A341020001,2022-04-04,576.0,2026-06-02T08:08:12Z,16,Donnée validée,10,Expertisée,20,Bonne,7.332793134,48.728811149,QmnJ
A3410200,A341020001,2022-04-05,584.0,2026-06-02T08:08:12Z,16,Donnée validée,10,Expertisée,20,Bonne,7.332793134,48.728811149,QmnJ
A3410200,A341020001,2022-04-06,561.0,2026-06-02T08:08:12Z,16,Donnée validée,10,Expertisée,20,Bonne,7.332793134,48.728811149,QmnJ
A3410200,A341020001,2022-04-07,832.0,2026-06-02T08:08:12Z,16,Donnée validée,10,Expertisée,20,Bonne,7.332793134,48.728811149,QmnJ
A3410200,A341020001,2022-04-08,2419.0,2026-06-02T08:08:12Z,16,Donnée validée,10,Expertisée,20,Bonne,7.332793134,48.728811149,QmnJ
A3410200,A341020001,2022-04-09,5522.0,2026-06-02T08:08:12Z,16,Donnée validée,10,Expertisée,20,Bonne,7.332793134,48.728811149,QmnJ
A3410200,A341020001,2022-04-10,2697.0,2026-06-02T08:08:12Z,16,Donnée validée,10,Expertisée,20,Bonne,7.332793134,48.728811149,QmnJ
A3410200,A341020001,2022-04-11,2028.0,2026-06-02T08:08:12Z,16,Donnée validée,10,Expertisée,20,Bonne,7.332793134,48.728811149,QmnJ
A3410200,A341020001,2022-04-12,1799.0,2026-06-02T08:08:12Z,16,Donnée validée,10,Expertisée,20,Bonne,7.332793134,48.728811149,QmnJ
A3410200,A341020001,2022-04-13,1547.0,2026-06-02T08:08:12Z,16,Donnée validée,10,Expertisée,20,Bonne,7.332793134,48.728811149,QmnJ
A3410200,A341020001,2022-04-14,1421.0,2026-06-02T08:08:12Z,16,Donnée validée,10,Expertisée,20,Bonne,7.332793134,48.728811149,QmnJ
A3410200,A341020001,2022-04-15,1279.0,2026-06-02T08:08:12Z,16,Donnée validée,10,Expertisée,20,Bonne,7.332793134,48.728811149,QmnJ
A3410200,A341020001,2022-04-16,1184.0,2026-06-02T08:08:12Z,16,Donnée validée,10,Expertisée,20,Bonne,7.332793134,48.728811149,QmnJ
A3410200,A341020001,2022-04-17,1130.0,2026-06-02T08:08:12Z,16,Donnée validée,10,Expertisée,20,Bonne,7.332793134,48.728811149,QmnJ
A3410200,A341020001,2022-04-18,1156.0,2026-06-02T08:08:12Z,16,Donnée validée,10,Expertisée,20,Bonne,7.332793134,48.728811149,QmnJ
A3410200,A341020001,2022-04-19,1130.0,2026-06-02T08:08:12Z,16,Donnée validée,10,Expertisée,20,Bonne,7.332793134,48.728811149,QmnJ
A3410200,A341020001,2022-04-20,1113.0,2026-06-02T08:08:12Z,16,Donnée validée,10,Expertisée,20,Bonne,7.332793134,48.728811149,QmnJ
A3410200,A341020001,2022-04-21,1058.0,2026-06-02T08:08:12Z,16,Donnée validée,10,Expertisée,20,Bonne,7.332793134,48.728811149,QmnJ
A3410200,A341020001,2022-04-22,1038.0,2026-06-02T08:08:12Z,16,Donnée validée,10,Expertisée,20,Bonne,7.332793134,48.728811149,QmnJ
A3410200,A341020001,2022-04-23,1058.0,2026-06-02T08:08:12Z,16,Donnée validée,10,Expertisée,20,Bonne,7.332793134,48.728811149,QmnJ
A3410200,A341020001,2022-04-24,1110.0,2026-06-02T08:08:12Z,16,Donnée validée,10,Expertisée,20,Bonne,7.332793134,48.728811149,QmnJ
A3410200,A341020001,2022-04-25,1171.0,2026-06-02T08:08:12Z,16,Donnée validée,10,Expertisée,20,Bonne,7.332793134,48.728811149,QmnJ
A3410200,A341020001,2022-04-26,1115.0,2026-06-02T08:08:12Z,16,Donnée validée,10,Expertisée,20,Bonne,7.332793134,48.728811149,QmnJ
A3410200,A341020001,2022-04-27,903.0,2026-06-02T08:08:12Z,16,Donnée validée,10,Expertisée,20,Bonne,7.332793134,48.728811149,QmnJ
A3410200,A341020001,2022-04-28,825.0,2026-06-02T08:08:12Z,16,Donnée validée,10,Expertisée,20,Bonne,7.332793134,48.728811149,QmnJ
A3410200,A341020001,2022-04-29,769.0,2026-06-02T08:08:12Z,16,Donnée validée,8,Calculée,20,Bonne,7.332793134,48.728811149,QmnJ
A3410200,A341020001,2022-04-30,779.0,2026-06-02T08:08:12Z,16,Donnée validée,8,Calculée,20,Bonne,7.332793134,48.728811149,QmnJ
A3410200,A341020001,2022-05-01,757.0,2026-06-02T08:08:12Z,16,Donnée validée,10,Expertisée,20,Bonne,7.332793134,48.728811149,QmnJ
A3410200,A341020001,2022-05-02,760.0,2026-06-02T08:08:12Z,16,Donnée validée,10,Expertisée,20,Bonne,7.332793134,48.728811149,QmnJ
A3410200,A341020001,2022-05-03,738.0,2026-06-02T08:08:12Z,16,Donnée validée,10,Expertisée,20,Bonne,7.332793134,48.728811149,QmnJ
A3410200,A341020001,2022-05-04,794.0,2026-06-02T08:08:12Z,16,Donnée validée,10,Expertisée,20,Bonne,7.332793134,48.728811149,QmnJ
A3410200,A341020001,2022-05-05,782.0,2026-06-02T08:08:12Z,16,Donnée validée,10,Expertisée,20,Bonne,7.332793134,48.728811149,QmnJ
A3410200,A341020001,2022-05-06,696.0,2026-06-02T08:08:12Z,16,Donnée validée,10,Expertisée,20,Bonne,7.332793134,48.728811149,QmnJ
A3410200,A341020001,2022-05-07,681.0,2026-06-02T08:08:12Z,16,Donnée validée,10,Expertisée,20,Bonne,7.332793134,48.728811149,QmnJ
A3410200,A341020001,2022-05-08,654.0,2026-06-02T08:08:12Z,16,Donnée validée,10,Expertisée,20,Bonne,7.332793134,48.728811149,QmnJ
A3410200,A341020001,2022-05-09,664.0,2026-06-02T08:08:12Z,16,Donnée validée,10,Expertisée,20,Bonne,7.332793134,48.728811149,QmnJ
A3410200,A341020001,2022-05-10,645.0,2026-06-02T08:08:12Z,16,Donnée validée,10,Expertisée,20,Bonne,7.332793134,48.728811149,QmnJ
A3410200,A341020001,2022-05-11,625.0,2026-06-02T08:08:12Z,16,Donnée validée,10,Expertisée,20,Bonne,7.332793134,48.728811149,QmnJ
A3410200,A341020001,2022-05-12,591.0,2026-06-02T08:08:12Z,16,Donnée validée,10,Expertisée,20,Bonne,7.332793134,48.728811149,QmnJ
A3410200,A341020001,2022-05-13,572.0,2026-06-02T08:08:12Z,16,Donnée validée,10,Expertisée,20,Bonne,7.332793134,48.728811149,QmnJ
A3410200,A341020001,2022-05-14,552.0,2026-06-02T08:08:12Z,16,Donnée validée,10,Expertisée,20,Bonne,7.332793134,48.728811149,QmnJ
A3410200,A341020001,2022-05-15,565.0,2026-06-02T08:08:12Z,16,Donnée validée,10,Expertisée,20,Bonne,7.332793134,48.728811149,QmnJ
A3410200,A341020001,2022-05-16,537.0,2026-06-02T08:08:12Z,16,Donnée validée,10,Expertisée,20,Bonne,7.332793134,48.728811149,QmnJ
A3410200,A341020001,2022-05-17,525.0,2026-06-02T08:08:12Z,16,Donnée validée,10,Expertisée,20,Bonne,7.332793134,48.728811149,QmnJ
A3410200,A341020001,2022-05-18,502.0,2026-06-02T08:08:12Z,16,Donnée validée,10,Expertisée,20,Bonne,7.332793134,48.728811149,QmnJ
A3410200,A341020001,2022-05-19,480.0,2026-06-02T08:08:12Z,16,Donnée validée,10,Expertisée,12,Douteuse,7.332793134,48.728811149,QmnJ
A3410200,A341020001,2022-05-20,485.0,2026-06-02T08:08:12Z,16,Donnée validée,10,Expertisée,20,Bonne,7.332793134,48.728811149,QmnJ
A3410200,A341020001,2022-05-21,505.0,2026-06-02T08:08:12Z,16,Donnée validée,10,Expertisée,20,Bonne,7.332793134,48.728811149,QmnJ
A3410200,A341020001,2022-05-22,494.0,2026-06-02T08:08:12Z,16,Donnée validée,10,Expertisée,20,Bonne,7.332793134,48.728811149,QmnJ
A3410200,A341020001,2022-05-23,592.0,2026-06-02T08:08:12Z,16,Donnée validée,10,Expertisée,20,Bonne,7.332793134,48.728811149,QmnJ
A3410200,A341020001,2022-05-24,737.0,2026-06-02T08:08:12Z,16,Donnée validée,8,Calculée,20,Bonne,7.332793134,48.728811149,QmnJ
A3410200,A341020001,2022-05-25,540.0,2026-06-02T08:08:12Z,16,Donnée validée,8,Calculée,20,Bonne,7.332793134,48.728811149,QmnJ
A3410200,A341020001,2022-05-26,476.0,2026-06-02T08:08:12Z,16,Donnée validée,10,Expertisée,20,Bonne,7.332793134,48.728811149,QmnJ
A3410200,A341020001,2022-05-27,464.0,2026-06-02T08:08:12Z,16,Donnée validée,10,Expertisée,20,Bonne,7.332793134,48.728811149,QmnJ
A3410200,A341020001,2022-05-28,467.0,2026-06-02T08:08:12Z,16,Donnée validée,10,Expertisée,20,Bonne,7.332793134,48.728811149,QmnJ
A3410200,A341020001,2022-05-29,475.0,2026-06-02T08:08:12Z,16,Donnée validée,10,Expertisée,20,Bonne,7.332793134,48.728811149,QmnJ
A3410200,A341020001,2022-05-30,492.0,2026-06-02T08:08:12Z,16,Donnée validée,10,Expertisée,20,Bonne,7.332793134,48.728811149,QmnJ
A3410200,A341020001,2022-05-31,484.0,2026-06-02T08:08:12Z,16,Donnée validée,10,Expertisée,20,Bonne,7.332793134,48.728811149,QmnJ
A3410200,A341020001,2022-06-01,444.0,2026-06-02T08:08:12Z,16,Donnée validée,10,Expertisée,12,Douteuse,7.332793134,48.728811149,QmnJ
A3410200,A341020001,2022-06-02,457.0,2026-06-02T08:08:12Z,16,Donnée validée,10,Expertisée,20,Bonne,7.332793134,48.728811149,QmnJ
A3410200,A341020001,2022-06-03,509.0,2026-06-02T08:08:12Z,16,Donnée validée,10,Expertisée,20,Bonne,7.332793134,48.728811149,QmnJ
A3410200,A341020001,2022-06-04,477.0,2026-06-02T08:08:12Z,16,Donnée validée,10,Expertisée,20,Bonne,7.332793134,48.728811149,QmnJ
A3410200,A341020001,2022-06-05,1079.0,2026-06-02T08:08:12Z,16,Donnée validée,10,Expertisée,20,Bonne,7.332793134,48.728811149,QmnJ
A3410200,A341020001,2022-06-06,613.0,2026-06-02T08:08:12Z,16,Donnée validée,10,Expertisée,20,Bonne,7.332793134,48.728811149,QmnJ
A3410200,A341020001,2022-06-07,522.0,2026-06-02T08:08:12Z,16,Donnée validée,10,Expertisée,20,Bonne,7.332793134,48.728811149,QmnJ
A3410200,A341020001,2022-06-08,562.0,2026-06-02T08:08:12Z,16,Donnée validée,10,Expertisée,12,Douteuse,7.332793134,48.728811149,QmnJ
A3410200,A341020001,2022-06-09,694.0,2026-06-02T08:08:12Z,16,Donnée validée,10,Expertisée,20,Bonne,7.332793134,48.728811149,QmnJ
A3410200,A341020001,2022-06-10,526.0,2026-06-02T08:08:12Z,16,Donnée validée,10,Expertisée,20,Bonne,7.332793134,48.728811149,QmnJ
A3410200,A341020001,2022-06-11,463.0,2026-06-02T08:08:12Z,16,Donnée validée,10,Expertisée,20,Bonne,7.332793134,48.728811149,QmnJ
A3410200,A341020001,2022-06-12,437.0,2026-06-02T08:08:12Z,16,Donnée validée,10,Expertisée,12,Douteuse,7.332793134,48.728811149,QmnJ
A3410200,A341020001,2022-06-13,440.0,2026-06-02T08:08:12Z,16,Donnée validée,10,Expertisée,12,Douteuse,7.332793134,48.728811149,QmnJ
A3410200,A341020001,2022-06-14,442.0,2026-06-02T08:08:12Z,16,Donnée validée,10,Expertisée,20,Bonne,7.332793134,48.728811149,QmnJ
A3410200,A341020001,2022-06-15,441.0,2026-06-02T08:08:12Z,16,Donnée validée,10,Expertisée,20,Bonne,7.332793134,48.728811149,QmnJ
A3410200,A341020001,2022-06-16,469.0,2026-06-02T08:08:12Z,16,Donnée validée,10,Expertisée,20,Bonne,7.332793134,48.728811149,QmnJ
A3410200,A341020001,2022-06-17,458.0,2026-06-02T08:08:12Z,16,Donnée validée,10,Expertisée,20,Bonne,7.332793134,48.728811149,QmnJ
A3410200,A341020001,2022-06-18,468.0,2026-06-02T08:08:12Z,16,Donnée validée,10,Expertisée,20,Bonne,7.332793134,48.728811149,QmnJ
A3410200,A341020001,2022-06-19,462.0,2026-06-02T08:08:12Z,16,Donnée validée,10,Expertisée,20,Bonne,7.332793134,48.728811149,QmnJ
A3410200,A341020001,2022-06-20,474.0,2026-06-02T08:08:12Z,16,Donnée validée,10,Expertisée,20,Bonne,7.332793134,48.728811149,QmnJ
A3410200,A341020001,2022-06-21,466.0,2026-06-02T08:08:12Z,16,Donnée validée,10,Expertisée,20,Bonne,7.332793134,48.728811149,QmnJ
A3410200,A341020001,2022-06-22,483.0,2026-06-02T08:08:12Z,16,Donnée validée,10,Expertisée,20,Bonne,7.332793134,48.728811149,QmnJ
A3410200,A341020001,2022-06-23,505.0,2026-06-02T08:08:12Z,16,Donnée validée,10,Expertisée,20,Bonne,7.332793134,48.728811149,QmnJ
A3410200,A341020001,2022-06-24,704.0,2026-06-02T08:08:12Z,16,Donnée validée,10,Expertisée,20,Bonne,7.332793134,48.728811149,QmnJ
A3410200,A341020001,2022-06-25,588.0,2026-06-02T08:08:12Z,16,Donnée validée,10,Expertisée,20,Bonne,7.332793134,48.728811149,QmnJ
A3410200,A341020001,2022-06-26,782.0,2026-06-02T08:08:12Z,16,Donnée validée,10,Expertisée,20,Bonne,7.332793134,48.728811149,QmnJ
A3410200,A341020001,2022-06-27,1998.0,2026-06-02T08:08:12Z,16,Donnée validée,10,Expertisée,20,Bonne,7.332793134,48.728811149,QmnJ
A3410200,A341020001,2022-06-28,578.0,2026-06-02T08:08:12Z,16,Donnée validée,10,Expertisée,20,Bonne,7.332793134,48.728811149,QmnJ
A3410200,A341020001,2022-06-29,486.0,2026-06-02T08:08:12Z,16,Donnée validée,10,Expertisée,20,Bonne,7.332793134,48.728811149,QmnJ
A3410200,A341020001,2022-06-30,928.0,2026-06-02T08:08:12Z,16,Donnée validée,10,Expertisée,20,Bonne,7.332793134,48.728811149,QmnJ
A3410200,A341020001,2022-07-01,751.0,2026-06-02T08:08:12Z,16,Donnée validée,10,Expertisée,20,Bonne,7.332793134,48.728811149,QmnJ
A3410200,A341020001,2022-07-02,490.0,2026-06-02T08:08:12Z,16,Donnée validée,10,Expertisée,20,Bonne,7.332793134,48.728811149,QmnJ
A3410200,A341020001,2022-07-03,465.0,2026-06-02T08:08:12Z,16,Donnée validée,10,Expertisée,12,Douteuse,7.332793134,48.728811149,QmnJ
A3410200,A341020001,2022-07-04,602.0,2026-06-02T08:08:12Z,16,Donnée validée,10,Expertisée,20,Bonne,7.332793134,48.728811149,QmnJ
A3410200,A341020001,2022-07-05,561.0,2026-06-02T08:08:12Z,16,Donnée validée,10,Expertisée,20,Bonne,7.332793134,48.728811149,QmnJ
A3410200,A341020001,2022-07-06,498.0,2026-06-02T08:08:12Z,16,Donnée validée,10,Expertisée,20,Bonne,7.332793134,48.728811149,QmnJ
A3410200,A341020001,2022-07-07,505.0,2026-06-02T08:08:12Z,16,Donnée validée,10,Expertisée,20,Bonne,7.332793134,48.728811149,QmnJ
A3410200,A341020001,2022-07-08,497.0,2026-06-02T08:08:12Z,16,Donnée validée,10,Expertisée,20,Bonne,7.332793134,48.728811149,QmnJ
A3410200,A341020001,2022-07-09,487.0,2026-06-02T08:08:12Z,16,Donnée validée,10,Expertisée,20,Bonne,7.332793134,48.728811149,QmnJ
A3410200,A341020001,2022-07-10,479.0,2026-06-02T08:08:12Z,16,Donnée validée,10,Expertisée,20,Bonne,7.332793134,48.728811149,QmnJ
A3410200,A341020001,2022-07-11,477.0,2026-06-02T08:08:12Z,16,Donnée validée,10,Expertisée,20,Bonne,7.332793134,48.728811149,QmnJ
A3410200,A341020001,2022-07-12,475.0,2026-06-02T08:08:12Z,16,Donnée validée,10,Expertisée,20,Bonne,7.332793134,48.728811149,QmnJ
A3410200,A341020001,2022-07-13,423.0,2026-06-02T08:08:12Z,16,Donnée validée,10,Expertisée,12,Douteuse,7.332793134,48.728811149,QmnJ
A3410200,A341020001,2022-07-14,424.0,2026-06-02T08:08:12Z,16,Donnée validée,10,Expertisée,12,Douteuse,7.332793134,48.728811149,QmnJ
A3410200,A341020001,2022-07-15,462.0,2026-06-02T08:08:12Z,16,Donnée validée,10,Expertisée,12,Douteuse,7.332793134,48.728811149,QmnJ
A3410200,A341020001,2022-07-16,425.0,2026-06-02T08:08:12Z,16,Donnée validée,10,Expertisée,12,Douteuse,7.332793134,48.728811149,QmnJ
A3410200,A341020001,2022-07-17,446.0,2026-06-02T08:08:12Z,16,Donnée validée,10,Expertisée,12,Douteuse,7.332793134,48.728811149,QmnJ
A3410200,A341020001,2022-07-18,416.0,2026-06-02T08:08:12Z,16,Donnée validée,10,Expertisée,12,Douteuse,7.332793134,48.728811149,QmnJ
A3410200,A341020001,2022-07-19,420.0,2026-06-02T08:08:12Z,16,Donnée validée,10,Expertisée,12,Douteuse,7.332793134,48.728811149,QmnJ
A3410200,A341020001,2022-07-20,443.0,2026-06-02T08:08:12Z,16,Donnée validée,10,Expertisée,12,Douteuse,7.332793134,48.728811149,QmnJ
A3410200,A341020001,2022-07-21,530.0,2026-06-02T08:08:12Z,16,Donnée validée,10,Expertisée,20,Bonne,7.332793134,48.728811149,QmnJ
A3410200,A341020001,2022-07-22,465.0,2026-06-02T08:08:12Z,16,Donnée validée,10,Expertisée,20,Bonne,7.332793134,48.728811149,QmnJ
A3410200,A341020001,2022-07-23,445.0,2026-06-02T08:08:12Z,16,Donnée validée,10,Expertisée,20,Bonne,7.332793134,48.728811149,QmnJ
A3410200,A341020001,2022-07-24,442.0,2026-06-02T08:08:12Z,16,Donnée validée,10,Expertisée,12,Douteuse,7.332793134,48.728811149,QmnJ
A3410200,A341020001,2022-07-25,426.0,2026-06-02T08:08:12Z,16,Donnée validée,10,Expertisée,12,Douteuse,7.332793134,48.728811149,QmnJ
A3410200,A341020001,2022-07-26,432.0,2026-06-02T08:08:12Z,16,Donnée validée,8,Calculée,12,Douteuse,7.332793134,48.728811149,QmnJ
A3410200,A341020001,2022-07-27,438.0,2026-06-02T08:08:12Z,16,Donnée validée,8,Calculée,12,Douteuse,7.332793134,48.728811149,QmnJ
A3410200,A341020001,2022-07-28,442.0,2026-06-02T08:08:12Z,16,Donnée validée,10,Expertisée,12,Douteuse,7.332793134,48.728811149,QmnJ
A3410200,A341020001,2022-07-29,431.0,2026-06-02T08:08:12Z,16,Donnée validée,10,Expertisée,12,Douteuse,7.332793134,48.728811149,QmnJ
A3410200,A341020001,2022-07-30,440.0,2026-06-02T08:08:12Z,16,Donnée validée,10,Expertisée,12,Douteuse,7.332793134,48.728811149,QmnJ
A3410200,A341020001,2022-07-31,460.0,2026-06-02T08:08:12Z,16,Donnée validée,10,Expertisée,12,Douteuse,7.332793134,48.728811149,QmnJ
A3410200,A341020001,2022-08-01,442.0,2026-06-02T08:08:12Z,16,Donnée validée,10,Expertisée,12,Douteuse,7.332793134,48.728811149,QmnJ
A3410200,A341020001,2022-08-02,444.0,2026-06-02T08:08:12Z,16,Donnée validée,10,Expertisée,20,Bonne,7.332793134,48.728811149,QmnJ
A3410200,A341020001,2022-08-03,439.0,2026-06-02T08:08:12Z,16,Donnée validée,10,Expertisée,12,Douteuse,7.332793134,48.728811149,QmnJ
A3410200,A341020001,2022-08-04,440.0,2026-06-02T08:08:12Z,16,Donnée validée,10,Expertisée,12,Douteuse,7.332793134,48.728811149,QmnJ
A3410200,A341020001,2022-08-05,451.0,2026-06-02T08:08:12Z,16,Donnée validée,10,Expertisée,12,Douteuse,7.332793134,48.728811149,QmnJ
A3410200,A341020001,2022-08-06,422.0,2026-06-02T08:08:12Z,16,Donnée validée,10,Expertisée,12,Douteuse,7.332793134,48.728811149,QmnJ
A3410200,A341020001,2022-08-07,431.0,2026-06-02T08:08:12Z,16,Donnée validée,10,Expertisée,12,Douteuse,7.332793134,48.728811149,QmnJ
A3410200,A341020001,2022-08-08,430.0,2026-06-02T08:08:12Z,16,Donnée validée,10,Expertisée,12,Douteuse,7.332793134,48.728811149,QmnJ
A3410200,A341020001,2022-08-09,427.0,2026-06-02T08:08:12Z,16,Donnée validée,10,Expertisée,12,Douteuse,7.332793134,48.728811149,QmnJ
A3410200,A341020001,2022-08-10,417.0,2026-06-02T08:08:12Z,16,Donnée validée,10,Expertisée,12,Douteuse,7.332793134,48.728811149,QmnJ
A3410200,A341020001,2022-08-11,419.0,2026-06-02T08:08:12Z,16,Donnée validée,10,Expertisée,12,Douteuse,7.332793134,48.728811149,QmnJ
A3410200,A341020001,2022-08-12,418.0,2026-06-02T08:08:12Z,16,Donnée validée,10,Expertisée,12,Douteuse,7.332793134,48.728811149,QmnJ
A3410200,A341020001,2022-08-13,426.0,2026-06-02T08:08:12Z,16,Donnée validée,10,Expertisée,12,Douteuse,7.332793134,48.728811149,QmnJ
A3410200,A341020001,2022-08-14,418.0,2026-06-02T08:08:12Z,16,Donnée validée,10,Expertisée,12,Douteuse,7.332793134,48.728811149,QmnJ
A3410200,A341020001,2022-08-15,502.0,2026-06-02T08:08:12Z,16,Donnée validée,10,Expertisée,12,Douteuse,7.332793134,48.728811149,QmnJ
A3410200,A341020001,2022-08-16,465.0,2026-06-02T08:08:12Z,16,Donnée validée,10,Expertisée,12,Douteuse,7.332793134,48.728811149,QmnJ
A3410200,A341020001,2022-08-17,427.0,2026-06-02T08:08:12Z,16,Donnée validée,10,Expertisée,12,Douteuse,7.332793134,48.728811149,QmnJ
A3410200,A341020001,2022-08-18,471.0,2026-06-02T08:08:12Z,16,Donnée validée,10,Expertisée,12,Douteuse,7.332793134,48.728811149,QmnJ
A3410200,A341020001,2022-08-19,457.0,2026-06-02T08:08:12Z,16,Donnée validée,10,Expertisée,12,Douteuse,7.332793134,48.728811149,QmnJ
A3410200,A341020001,2022-08-20,423.0,2026-06-02T08:08:12Z,16,Donnée validée,10,Expertisée,12,Douteuse,7.332793134,48.728811149,QmnJ
A3410200,A341020001,2022-08-21,444.0,2026-06-02T08:08:12Z,16,Donnée validée,10,Expertisée,12,Douteuse,7.332793134,48.728811149,QmnJ
A3410200,A341020001,2022-08-22,424.0,2026-06-02T08:08:12Z,16,Donnée validée,10,Expertisée,12,Douteuse,7.332793134,48.728811149,QmnJ
A3410200,A341020001,2022-08-23,422.0,2026-06-02T08:08:12Z,16,Donnée validée,10,Expertisée,12,Douteuse,7.332793134,48.728811149,QmnJ
A3410200,A341020001,2022-08-24,401.0,2026-06-02T08:08:12Z,16,Donnée validée,10,Expertisée,12,Douteuse,7.332793134,48.728811149,QmnJ
A3410200,A341020001,2022-08-25,390.0,2026-06-02T08:08:12Z,16,Donnée validée,10,Expertisée,12,Douteuse,7.332793134,48.728811149,QmnJ
A3410200,A341020001,2022-08-26,388.0,2026-06-02T08:08:12Z,16,Donnée validée,10,Expertisée,12,Douteuse,7.332793134,48.728811149,QmnJ
A3410200,A341020001,2022-08-27,409.0,2026-06-02T08:08:12Z,16,Donnée validée,10,Expertisée,12,Douteuse,7.332793134,48.728811149,QmnJ
A3410200,A341020001,2022-08-28,416.0,2026-06-02T08:08:12Z,16,Donnée validée,10,Expertisée,12,Douteuse,7.332793134,48.728811149,QmnJ
A3410200,A341020001,2022-08-29,391.0,2026-06-02T08:08:12Z,16,Donnée validée,10,Expertisée,12,Douteuse,7.332793134,48.728811149,QmnJ
A3410200,A341020001,2022-08-30,388.0,2026-06-02T08:08:12Z,16,Donnée validée,10,Expertisée,12,Douteuse,7.332793134,48.728811149,QmnJ
A3410200,A341020001,2022-08-31,478.0,2026-06-02T08:08:12Z,16,Donnée validée,10,Expertisée,12,Douteuse,7.332793134,48.728811149,QmnJ
A3410200,A341020001,2022-09-01,410.0,2026-06-02T08:08:12Z,16,Donnée validée,10,Expertisée,12,Douteuse,7.332793134,48.728811149,QmnJ
A3410200,A341020001,2022-09-02,410.0,2026-06-02T08:08:12Z,16,Donnée validée,10,Expertisée,12,Douteuse,7.332793134,48.728811149,QmnJ
A3410200,A341020001,2022-09-03,488.0,2026-06-02T08:08:12Z,16,Donnée validée,10,Expertisée,12,Douteuse,7.332793134,48.728811149,QmnJ
A3410200,A341020001,2022-09-04,474.0,2026-06-02T08:08:12Z,16,Donnée validée,10,Expertisée,12,Douteuse,7.332793134,48.728811149,QmnJ
A3410200,A341020001,2022-09-05,440.0,2026-06-02T08:08:12Z,16,Donnée validée,10,Expertisée,12,Douteuse,7.332793134,48.728811149,QmnJ
A3410200,A341020001,2022-09-06,438.0,2026-06-02T08:08:12Z,16,Donnée validée,10,Expertisée,12,Douteuse,7.332793134,48.728811149,QmnJ
A3410200,A341020001,2022-09-07,434.0,2026-06-02T08:08:12Z,16,Donnée validée,10,Expertisée,12,Douteuse,7.332793134,48.728811149,QmnJ
A3410200,A341020001,2022-09-08,775.0,2026-06-02T08:08:12Z,16,Donnée validée,10,Expertisée,20,Bonne,7.332793134,48.728811149,QmnJ
A3410200,A341020001,2022-09-09,474.0,2026-06-02T08:08:12Z,16,Donnée validée,10,Expertisée,20,Bonne,7.332793134,48.728811149,QmnJ
A3410200,A341020001,2022-09-10,685.0,2026-06-02T08:08:12Z,16,Donnée validée,10,Expertisée,20,Bonne,7.332793134,48.728811149,QmnJ
A3410200,A341020001,2022-09-11,476.0,2026-06-02T08:08:12Z,16,Donnée validée,10,Expertisée,20,Bonne,7.332793134,48.728811149,QmnJ
A3410200,A341020001,2022-09-12,439.0,2026-06-02T08:08:12Z,16,Donnée validée,10,Expertisée,12,Douteuse,7.332793134,48.728811149,QmnJ
A3410200,A341020001,2022-09-13,427.0,2026-06-02T08:08:12Z,16,Donnée validée,10,Expertisée,12,Douteuse,7.332793134,48.728811149,QmnJ
A3410200,A341020001,2022-09-14,1197.0,2026-06-02T08:08:12Z,16,Donnée validée,10,Expertisée,20,Bonne,7.332793134,48.728811149,QmnJ
A3410200,A341020001,2022-09-15,1061.0,2026-06-02T08:08:12Z,16,Donnée validée,10,Expertisée,20,Bonne,7.332793134,48.728811149,QmnJ
A3410200,A341020001,2022-09-16,467.0,2026-06-02T08:08:12Z,16,Donnée validée,10,Expertisée,12,Douteuse,7.332793134,48.728811149,QmnJ
A3410200,A341020001,2022-09-17,415.0,2026-06-02T08:08:12Z,16,Donnée validée,10,Expertisée,12,Douteuse,7.332793134,48.728811149,QmnJ
A3410200,A341020001,2022-09-18,455.0,2026-06-02T08:08:12Z,16,Donnée validée,10,Expertisée,12,Douteuse,7.332793134,48.728811149,QmnJ
A3410200,A341020001,2022-09-19,424.0,2026-06-02T08:08:12Z,16,Donnée validée,10,Expertisée,12,Douteuse,7.332793134,48.728811149,QmnJ
A3410200,A341020001,2022-09-20,413.0,2026-06-02T08:08:12Z,16,Donnée validée,8,Calculée,12,Douteuse,7.332793134,48.728811149,QmnJ
A3410200,A341020001,2022-09-21,440.0,2026-06-02T08:08:12Z,16,Donnée validée,8,Calculée,12,Douteuse,7.332793134,48.728811149,QmnJ
A3410200,A341020001,2022-09-22,456.0,2026-06-02T08:08:12Z,16,Donnée validée,10,Expertisée,20,Bonne,7.332793134,48.728811149,QmnJ
A3410200,A341020001,2022-09-23,450.0,2026-06-02T08:08:12Z,16,Donnée validée,10,Expertisée,20,Bonne,7.332793134,48.728811149,QmnJ
A3410200,A341020001,2022-09-24,463.0,2026-06-02T08:08:12Z,16,Donnée validée,10,Expertisée,20,Bonne,7.332793134,48.728811149,QmnJ
A3410200,A341020001,2022-09-25,495.0,2026-06-02T08:08:12Z,16,Donnée validée,10,Expertisée,20,Bonne,7.332793134,48.728811149,QmnJ
A3410200,A341020001,2022-09-26,543.0,2026-06-02T08:08:12Z,16,Donnée validée,10,Expertisée,20,Bonne,7.332793134,48.728811149,QmnJ
A3410200,A341020001,2022-09-27,743.0,2026-06-02T08:08:12Z,16,Donnée validée,10,Expertisée,20,Bonne,7.332793134,48.728811149,QmnJ
A3410200,A341020001,2022-09-28,805.0,2026-06-02T08:08:12Z,16,Donnée validée,10,Expertisée,20,Bonne,7.332793134,48.728811149,QmnJ
A3410200,A341020001,2022-09-29,627.0,2026-06-02T08:08:12Z,16,Donnée validée,10,Expertisée,20,Bonne,7.332793134,48.728811149,QmnJ
A3410200,A341020001,2022-09-30,601.0,2026-06-02T08:08:12Z,16,Donnée validée,10,Expertisée,12,Douteuse,7.332793134,48.728811149,QmnJ
A3410200,A341020001,2022-10-01,665.0,2026-06-02T08:08:12Z,16,Donnée validée,10,Expertisée,20,Bonne,7.332793134,48.728811149,QmnJ
A3410200,A341020001,2022-10-02,947.0,2026-06-02T08:08:12Z,16,Donnée validée,10,Expertisée,20,Bonne,7.332793134,48.728811149,QmnJ
A3410200,A341020001,2022-10-03,961.0,2026-06-02T08:08:12Z,16,Donnée validée,10,Expertisée,20,Bonne,7.332793134,48.728811149,QmnJ
A3410200,A341020001,2022-10-04,522.0,2026-06-02T08:08:12Z,16,Donnée validée,10,Expertisée,20,Bonne,7.332793134,48.728811149,QmnJ
A3410200,A341020001,2022-10-05,461.0,2026-06-02T08:08:12Z,16,Donnée validée,10,Expertisée,20,Bonne,7.332793134,48.728811149,QmnJ
A3410200,A341020001,2022-10-06,443.0,2026-06-02T08:08:12Z,16,Donnée validée,10,Expertisée,12,Douteuse,7.332793134,48.728811149,QmnJ
A3410200,A341020001,2022-10-07,485.0,2026-06-02T08:08:12Z,16,Donnée validée,10,Expertisée,20,Bonne,7.332793134,48.728811149,QmnJ
A3410200,A341020001,2022-10-08,472.0,2026-06-02T08:08:12Z,16,Donnée validée,10,Expertisée,20,Bonne,7.332793134,48.728811149,QmnJ
A3410200,A341020001,2022-10-09,482.0,2026-06-02T08:08:12Z,16,Donnée validée,10,Expertisée,20,Bonne,7.332793134,48.728811149,QmnJ
A3410200,A341020001,2022-10-10,465.0,2026-06-02T08:08:12Z,16,Donnée validée,10,Expertisée,12,Douteuse,7.332793134,48.728811149,QmnJ
A3410200,A341020001,2022-10-11,479.0,2026-06-02T08:08:12Z,16,Donnée validée,10,Expertisée,20,Bonne,7.332793134,48.728811149,QmnJ
A3410200,A341020001,2022-10-12,471.0,2026-06-02T08:08:12Z,16,Donnée validée,10,Expertisée,20,Bonne,7.332793134,48.728811149,QmnJ
A3410200,A341020001,2022-10-13,472.0,2026-06-02T08:08:12Z,16,Donnée validée,10,Expertisée,20,Bonne,7.332793134,48.728811149,QmnJ
A3410200,A341020001,2022-10-14,500.0,2026-06-02T08:08:12Z,16,Donnée validée,10,Expertisée,20,Bonne,7.332793134,48.728811149,QmnJ
A3410200,A341020001,2022-10-15,1097.0,2026-06-02T08:08:12Z,16,Donnée validée,10,Expertisée,20,Bonne,7.332793134,48.728811149,QmnJ
A3410200,A341020001,2022-10-16,689.0,2026-06-02T08:08:12Z,16,Donnée validée,10,Expertisée,20,Bonne,7.332793134,48.728811149,QmnJ
A3410200,A341020001,2022-10-17,561.0,2026-06-02T08:08:12Z,16,Donnée validée,10,Expertisée,20,Bonne,7.332793134,48.728811149,QmnJ
A3410200,A341020001,2022-10-18,528.0,2026-06-02T08:08:12Z,16,Donnée validée,10,Expertisée,20,Bonne,7.332793134,48.728811149,QmnJ
A3410200,A341020001,2022-10-19,520.0,2026-06-02T08:08:12Z,16,Donnée validée,10,Expertisée,20,Bonne,7.332793134,48.728811149,QmnJ
A3410200,A341020001,2022-10-20,542.0,2026-06-02T08:08:12Z,16,Donnée validée,10,Expertisée,20,Bonne,7.332793134,48.728811149,QmnJ
A3410200,A341020001,2022-10-21,860.0,2026-06-02T08:08:12Z,16,Donnée validée,10,Expertisée,20,Bonne,7.332793134,48.728811149,QmnJ
A3410200,A341020001,2022-10-22,843.0,2026-06-02T08:08:12Z,16,Donnée validée,10,Expertisée,20,Bonne,7.332793134,48.728811149,QmnJ
A3410200,A341020001,2022-10-23,661.0,2026-06-02T08:08:12Z,16,Donnée validée,10,Expertisée,20,Bonne,7.332793134,48.728811149,QmnJ
A3410200,A341020001,2022-10-24,685.0,2026-06-02T08:08:12Z,16,Donnée validée,10,Expertisée,20,Bonne,7.332793134,48.728811149,QmnJ
A3410200,A341020001,2022-10-25,697.0,2026-06-02T08:08:12Z,16,Donnée validée,10,Expertisée,20,Bonne,7.332793134,48.728811149,QmnJ
A3410200,A341020001,2022-10-26,571.0,2026-06-02T08:08:12Z,16,Donnée validée,10,Expertisée,20,Bonne,7.332793134,48.728811149,QmnJ
A3410200,A341020001,2022-10-27,505.0,2026-06-02T08:08:12Z,16,Donnée validée,10,Expertisée,20,Bonne,7.332793134,48.728811149,QmnJ
A3410200,A341020001,2022-10-28,500.0,2026-06-02T08:08:12Z,16,Donnée validée,10,Expertisée,20,Bonne,7.332793134,48.728811149,QmnJ
A3410200,A341020001,2022-10-29,504.0,2026-06-02T08:08:12Z,16,Donnée validée,10,Expertisée,20,Bonne,7.332793134,48.728811149,QmnJ
A3410200,A341020001,2022-10-30,483.0,2026-06-02T08:08:12Z,16,Donnée validée,10,Expertisée,20,Bonne,7.332793134,48.728811149,QmnJ
A3410200,A341020001,2022-10-31,489.0,2026-06-02T08:08:12Z,16,Donnée validée,10,Expertisée,20,Bonne,7.332793134,48.728811149,QmnJ
A3410200,A341020001,2022-11-01,541.0,2026-06-02T08:08:12Z,16,Donnée validée,10,Expertisée,20,Bonne,7.332793134,48.728811149,QmnJ
A3410200,A341020001,2022-11-02,508.0,2026-06-02T08:08:12Z,16,Donnée validée,10,Expertisée,20,Bonne,7.332793134,48.728811149,QmnJ
A3410200,A341020001,2022-11-03,524.0,2026-06-02T08:08:12Z,16,Donnée validée,10,Expertisée,20,Bonne,7.332793134,48.728811149,QmnJ
A3410200,A341020001,2022-11-04,734.0,2026-06-02T08:08:12Z,16,Donnée validée,10,Expertisée,20,Bonne,7.332793134,48.728811149,QmnJ
A3410200,A341020001,2022-11-05,637.0,2026-06-02T08:08:12Z,16,Donnée validée,10,Expertisée,20,Bonne,7.332793134,48.728811149,QmnJ
A3410200,A341020001,2022-11-06,527.0,2026-06-02T08:08:12Z,16,Donnée validée,10,Expertisée,20,Bonne,7.332793134,48.728811149,QmnJ
A3410200,A341020001,2022-11-07,506.0,2026-06-02T08:08:12Z,16,Donnée validée,10,Expertisée,20,Bonne,7.332793134,48.728811149,QmnJ
A3410200,A341020001,2022-11-08,473.0,2026-06-02T08:08:12Z,16,Donnée validée,10,Expertisée,20,Bonne,7.332793134,48.728811149,QmnJ
A3410200,A341020001,2022-11-09,1357.0,2026-06-02T08:08:12Z,16,Donnée validée,10,Expertisée,20,Bonne,7.332793134,48.728811149,QmnJ
A3410200,A341020001,2022-11-10,830.0,2026-06-02T08:08:12Z,16,Donnée validée,10,Expertisée,20,Bonne,7.332793134,48.728811149,QmnJ
A3410200,A341020001,2022-11-11,639.0,2026-06-02T08:08:12Z,16,Donnée validée,10,Expertisée,20,Bonne,7.332793134,48.728811149,QmnJ
A3410200,A341020001,2022-11-12,620.0,2026-06-02T08:08:12Z,16,Donnée validée,10,Expertisée,20,Bonne,7.332793134,48.728811149,QmnJ
A3410200,A341020001,2022-11-13,619.0,2026-06-02T08:08:12Z,16,Donnée validée,10,Expertisée,20,Bonne,7.332793134,48.728811149,QmnJ
A3410200,A341020001,2022-11-14,632.0,2026-06-02T08:08:12Z,16,Donnée validée,10,Expertisée,20,Bonne,7.332793134,48.728811149,QmnJ
A3410200,A341020001,2022-11-15,711.0,2026-06-02T08:08:12Z,16,Donnée validée,10,Expertisée,20,Bonne,7.332793134,48.728811149,QmnJ
A3410200,A341020001,2022-11-16,680.0,2026-06-02T08:08:12Z,16,Donnée validée,10,Expertisée,20,Bonne,7.332793134,48.728811149,QmnJ
A3410200,A341020001,2022-11-17,628.0,2026-06-02T08:08:12Z,16,Donnée validée,10,Expertisée,20,Bonne,7.332793134,48.728811149,QmnJ
A3410200,A341020001,2022-11-18,1999.0,2026-06-02T08:08:12Z,16,Donnée validée,10,Expertisée,20,Bonne,7.332793134,48.728811149,QmnJ
A3410200,A341020001,2022-11-19,1350.0,2026-06-02T08:08:12Z,16,Donnée validée,8,Calculée,20,Bonne,7.332793134,48.728811149,QmnJ
A3410200,A341020001,2022-11-20,1004.0,2026-06-02T08:08:12Z,16,Donnée validée,10,Expertisée,20,Bonne,7.332793134,48.728811149,QmnJ
A3410200,A341020001,2022-11-21,1279.0,2026-06-02T08:08:12Z,16,Donnée validée,10,Expertisée,20,Bonne,7.332793134,48.728811149,QmnJ
A3410200,A341020001,2022-11-22,1204.0,2026-06-02T08:08:12Z,16,Donnée validée,10,Expertisée,20,Bonne,7.332793134,48.728811149,QmnJ
A3410200,A341020001,2022-11-23,1043.0,2026-06-02T08:08:12Z,16,Donnée validée,10,Expertisée,20,Bonne,7.332793134,48.728811149,QmnJ
A3410200,A341020001,2022-11-24,1557.0,2026-06-02T08:08:12Z,16,Donnée validée,10,Expertisée,20,Bonne,7.332793134,48.728811149,QmnJ
A3410200,A341020001,2022-11-25,1286.0,2026-06-02T08:08:12Z,16,Donnée validée,10,Expertisée,20,Bonne,7.332793134,48.728811149,QmnJ
A3410200,A341020001,2022-11-26,986.0,2026-06-02T08:08:12Z,16,Donnée validée,10,Expertisée,20,Bonne,7.332793134,48.728811149,QmnJ
A3410200,A341020001,2022-11-27,909.0,2026-06-02T08:08:12Z,16,Donnée validée,10,Expertisée,20,Bonne,7.332793134,48.728811149,QmnJ
A3410200,A341020001,2022-11-28,948.0,2026-06-02T08:08:12Z,16,Donnée validée,10,Expertisée,20,Bonne,7.332793134,48.728811149,QmnJ
A3410200,A341020001,2022-11-29,972.0,2026-06-02T08:08:12Z,16,Donnée validée,10,Expertisée,20,Bonne,7.332793134,48.728811149,QmnJ
A3410200,A341020001,2022-11-30,870.0,2026-06-02T08:08:12Z,16,Donnée validée,10,Expertisée,20,Bonne,7.332793134,48.728811149,QmnJ
A3410200,A341020001,2022-12-01,789.0,2026-06-02T08:08:12Z,16,Donnée validée,10,Expertisée,20,Bonne,7.332793134,48.728811149,QmnJ
A3410200,A341020001,2022-12-02,754.0,2026-06-02T08:08:12Z,16,Donnée validée,10,Expertisée,20,Bonne,7.332793134,48.728811149,QmnJ
A3410200,A341020001,2022-12-03,754.0,2026-06-02T08:08:12Z,16,Donnée validée,10,Expertisée,20,Bonne,7.332793134,48.728811149,QmnJ
A3410200,A341020001,2022-12-04,756.0,2026-06-02T08:08:12Z,16,Donnée validée,10,Expertisée,20,Bonne,7.332793134,48.728811149,QmnJ
A3410200,A341020001,2022-12-05,814.0,2026-06-02T08:08:12Z,16,Donnée validée,10,Expertisée,20,Bonne,7.332793134,48.728811149,QmnJ
A3410200,A341020001,2022-12-06,745.0,2026-06-02T08:08:12Z,16,Donnée validée,10,Expertisée,20,Bonne,7.332793134,48.728811149,QmnJ
A3410200,A341020001,2022-12-07,723.0,2026-06-02T08:08:12Z,16,Donnée validée,10,Expertisée,20,Bonne,7.332793134,48.728811149,QmnJ
A3410200,A341020001,2022-12-08,684.0,2026-06-02T08:08:12Z,16,Donnée validée,10,Expertisée,20,Bonne,7.332793134,48.728811149,QmnJ
A3410200,A341020001,2022-12-09,699.0,2026-06-02T08:08:12Z,16,Donnée validée,10,Expertisée,20,Bonne,7.332793134,48.728811149,QmnJ
A3410200,A341020001,2022-12-10,697.0,2026-06-02T08:08:12Z,16,Donnée validée,10,Expertisée,20,Bonne,7.332793134,48.728811149,QmnJ
A3410200,A341020001,2022-12-11,678.0,2026-06-02T08:08:12Z,16,Donnée validée,10,Expertisée,20,Bonne,7.332793134,48.728811149,QmnJ
A3410200,A341020001,2022-12-12,663.0,2026-06-02T08:08:12Z,16,Donnée validée,10,Expertisée,20,Bonne,7.332793134,48.728811149,QmnJ
A3410200,A341020001,2022-12-13,663.0,2026-06-02T08:08:12Z,16,Donnée validée,10,Expertisée,20,Bonne,7.332793134,48.728811149,QmnJ
A3410200,A341020001,2022-12-14,773.0,2026-06-02T08:08:12Z,16,Donnée validée,10,Expertisée,20,Bonne,7.332793134,48.728811149,QmnJ
A3410200,A341020001,2022-12-15,731.0,2026-06-02T08:08:12Z,16,Donnée validée,10,Expertisée,20,Bonne,7.332793134,48.728811149,QmnJ
A3410200,A341020001,2022-12-16,617.0,2026-06-02T08:08:12Z,16,Donnée validée,10,Expertisée,20,Bonne,7.332793134,48.728811149,QmnJ
A3410200,A341020001,2022-12-17,579.0,2026-06-02T08:08:12Z,16,Donnée validée,10,Expertisée,20,Bonne,7.332793134,48.728811149,QmnJ
A3410200,A341020001,2022-12-18,570.0,2026-06-02T08:08:12Z,16,Donnée validée,10,Expertisée,20,Bonne,7.332793134,48.728811149,QmnJ
A3410200,A341020001,2022-12-19,611.0,2026-06-02T08:08:12Z,16,Donnée validée,10,Expertisée,20,Bonne,7.332793134,48.728811149,QmnJ
A3410200,A341020001,2022-12-20,718.0,2026-06-02T08:08:12Z,16,Donnée validée,10,Expertisée,20,Bonne,7.332793134,48.728811149,QmnJ
A3410200,A341020001,2022-12-21,1057.0,2026-06-02T08:08:12Z,16,Donnée validée,10,Expertisée,20,Bonne,7.332793134,48.728811149,QmnJ
A3410200,A341020001,2022-12-22,1712.0,2026-06-02T08:08:12Z,16,Donnée validée,10,Expertisée,20,Bonne,7.332793134,48.728811149,QmnJ
A3410200,A341020001,2022-12-23,3613.0,2026-06-02T08:08:12Z,16,Donnée validée,10,Expertisée,20,Bonne,7.332793134,48.728811149,QmnJ
A3410200,A341020001,2022-12-24,2900.0,2026-06-02T08:08:12Z,16,Donnée validée,10,Expertisée,20,Bonne,7.332793134,48.728811149,QmnJ
A3410200,A341020001,2022-12-25,1879.0,2026-06-02T08:08:12Z,16,Donnée validée,10,Expertisée,20,Bonne,7.332793134,48.728811149,QmnJ
A3410200,A341020001,2022-12-26,3303.0,2026-06-02T08:08:12Z,16,Donnée validée,10,Expertisée,20,Bonne,7.332793134,48.728811149,QmnJ
A3410200,A341020001,2022-12-27,3439.0,2026-06-02T08:08:12Z,16,Donnée validée,10,Expertisée,20,Bonne,7.332793134,48.728811149,QmnJ
A3410200,A341020001,2022-12-28,2406.0,2026-06-02T08:08:12Z,16,Donnée validée,10,Expertisée,20,Bonne,7.332793134,48.728811149,QmnJ
A3410200,A341020001,2022-12-29,2230.0,2026-06-02T08:08:12Z,16,Donnée validée,10,Expertisée,20,Bonne,7.332793134,48.728811149,QmnJ
A3410200,A341020001,2022-12-30,2070.0,2026-06-02T08:08:12Z,16,Donnée validée,10,Expertisée,20,Bonne,7.332793134,48.728811149,QmnJ
A3410200,A341020001,2022-12-31,1797.0,2026-06-02T08:08:12Z,16,Donnée validée,10,Expertisée,20,Bonne,7.332793134,48.728811149,QmnJ
A3410200,A341020001,2023-01-01,1527.0,2026-06-02T08:08:12Z,16,Donnée validée,10,Expertisée,20,Bonne,7.332793134,48.728811149,QmnJ
A3410200,A341020001,2023-01-02,1463.0,2026-06-02T08:08:12Z,16,Donnée validée,10,Expertisée,20,Bonne,7.332793134,48.728811149,QmnJ
A3410200,A341020001,2023-01-03,1338.0,2026-06-02T08:08:12Z,16,Donnée validée,10,Expertisée,20,Bonne,7.332793134,48.728811149,QmnJ
A3410200,A341020001,2023-01-04,1166.0,2026-06-02T08:08:12Z,16,Donnée validée,10,Expertisée,20,Bonne,7.332793134,48.728811149,QmnJ
A3410200,A341020001,2023-01-05,1190.0,2026-06-02T08:08:12Z,16,Donnée validée,10,Expertisée,20,Bonne,7.332793134,48.728811149,QmnJ
A3410200,A341020001,2023-01-06,1144.0,2026-06-02T08:08:12Z,16,Donnée validée,10,Expertisée,20,Bonne,7.332793134,48.728811149,QmnJ
A3410200,A341020001,2023-01-07,1090.0,2026-06-02T08:08:12Z,16,Donnée validée,10,Expertisée,20,Bonne,7.332793134,48.728811149,QmnJ
A3410200,A341020001,2023-01-08,1414.0,2026-06-02T08:08:12Z,16,Donnée validée,10,Expertisée,20,Bonne,7.332793134,48.728811149,QmnJ
A3410200,A341020001,2023-01-09,1826.0,2026-06-02T08:08:12Z,16,Donnée validée,10,Expertisée,20,Bonne,7.332793134,48.728811149,QmnJ
A3410200,A341020001,2023-01-10,2068.0,2026-06-02T08:08:12Z,16,Donnée validée,10,Expertisée,20,Bonne,7.332793134,48.728811149,QmnJ
A3410200,A341020001,2023-01-11,2109.0,2026-06-02T08:08:12Z,16,Donnée validée,10,Expertisée,20,Bonne,7.332793134,48.728811149,QmnJ
A3410200,A341020001,2023-01-12,1990.0,2026-06-02T08:08:12Z,16,Donnée validée,10,Expertisée,20,Bonne,7.332793134,48.728811149,QmnJ
A3410200,A341020001,2023-01-13,2084.0,2026-06-02T08:08:12Z,16,Donnée validée,10,Expertisée,20,Bonne,7.332793134,48.728811149,QmnJ
A3410200,A341020001,2023-01-14,2003.0,2026-06-02T08:08:12Z,12,Donnée pré-validée,8,Calculée,20,Bonne,7.332793134,48.728811149,QmnJ
A3410200,A341020001,2023-01-15,4066.0,2026-06-02T08:08:12Z,16,Donnée validée,10,Expertisée,20,Bonne,7.332793134,48.728811149,QmnJ
A3410200,A341020001,2023-01-16,3606.0,2026-06-02T08:08:12Z,16,Donnée validée,10,Expertisée,20,Bonne,7.332793134,48.728811149,QmnJ
A3410200,A341020001,2023-01-17,3610.0,2026-06-02T08:08:12Z,16,Donnée validée,10,Expertisée,20,Bonne,7.332793134,48.728811149,QmnJ
A3410200,A341020001,2023-01-18,3080.0,2026-06-02T08:08:12Z,16,Donnée validée,10,Expertisée,20,Bonne,7.332793134,48.728811149,QmnJ
A3410200,A341020001,2023-01-19,2459.0,2026-06-02T08:08:12Z,16,Donnée validée,10,Expertisée,20,Bonne,7.332793134,48.728811149,QmnJ
A3410200,A341020001,2023-01-20,2082.0,2026-06-02T08:08:12Z,16,Donnée validée,10,Expertisée,20,Bonne,7.332793134,48.728811149,QmnJ
A3410200,A341020001,2023-01-21,1849.0,2026-06-02T08:08:12Z,16,Donnée validée,10,Expertisée,20,Bonne,7.332793134,48.728811149,QmnJ
A3410200,A341020001,2023-01-22,1685.0,2026-06-02T08:08:12Z,16,Donnée validée,10,Expertisée,20,Bonne,7.332793134,48.728811149,QmnJ
A3410200,A341020001,2023-01-23,1597.0,2026-06-02T08:08:12Z,16,Donnée validée,10,Expertisée,20,Bonne,7.332793134,48.728811149,QmnJ
A3410200,A341020001,2023-01-24,1409.0,2026-06-02T08:08:12Z,16,Donnée validée,10,Expertisée,20,Bonne,7.332793134,48.728811149,QmnJ
A3410200,A341020001,2023-01-25,1410.0,2026-06-02T08:08:12Z,16,Donnée validée,10,Expertisée,20,Bonne,7.332793134,48.728811149,QmnJ
A3410200,A341020001,2023-01-26,1299.0,2026-06-02T08:08:12Z,16,Donnée validée,10,Expertisée,20,Bonne,7.332793134,48.728811149,QmnJ
A3410200,A341020001,2023-01-27,1274.0,2026-06-02T08:08:12Z,16,Donnée validée,10,Expertisée,20,Bonne,7.332793134,48.728811149,QmnJ
A3410200,A341020001,2023-01-28,1212.0,2026-06-02T08:08:12Z,16,Donnée validée,10,Expertisée,20,Bonne,7.332793134,48.728811149,QmnJ
A3410200,A341020001,2023-01-29,1128.0,2026-06-02T08:08:12Z,16,Donnée validée,10,Expertisée,20,Bonne,7.332793134,48.728811149,QmnJ
A3410200,A341020001,2023-01-30,1120.0,2026-06-02T08:08:12Z,16,Donnée validée,10,Expertisée,20,Bonne,7.332793134,48.728811149,QmnJ
A3410200,A341020001,2023-01-31,1215.0,2026-06-02T08:08:12Z,16,Donnée validée,10,Expertisée,20,Bonne,7.332793134,48.728811149,QmnJ
A3410200,A341020001,2023-02-01,1226.0,2026-06-02T08:08:12Z,16,Donnée validée,10,Expertisée,20,Bonne,7.332793134,48.728811149,QmnJ
A3410200,A341020001,2023-02-02,1109.0,2026-06-02T08:08:12Z,16,Donnée validée,10,Expertisée,20,Bonne,7.332793134,48.728811149,QmnJ
A3410200,A341020001,2023-02-03,1063.0,2026-06-02T08:08:12Z,16,Donnée validée,10,Expertisée,20,Bonne,7.332793134,48.728811149,QmnJ
A3410200,A341020001,2023-02-04,1145.0,2026-06-02T08:08:12Z,16,Donnée validée,10,Expertisée,20,Bonne,7.332793134,48.728811149,QmnJ
A3410200,A341020001,2023-02-05,1156.0,2026-06-02T08:08:12Z,16,Donnée validée,10,Expertisée,20,Bonne,7.332793134,48.728811149,QmnJ
A3410200,A341020001,2023-02-06,1285.0,2026-06-02T08:08:12Z,16,Donnée validée,10,Expertisée,20,Bonne,7.332793134,48.728811149,QmnJ
A3410200,A341020001,2023-02-07,1221.0,2026-06-02T08:08:12Z,16,Donnée validée,10,Expertisée,20,Bonne,7.332793134,48.728811149,QmnJ
A3410200,A341020001,2023-02-08,1255.0,2026-06-02T08:08:12Z,16,Donnée validée,10,Expertisée,20,Bonne,7.332793134,48.728811149,QmnJ
A3410200,A341020001,2023-02-09,1225.0,2026-06-02T08:08:12Z,16,Donnée validée,10,Expertisée,20,Bonne,7.332793134,48.728811149,QmnJ
A3410200,A341020001,2023-02-10,1194.0,2026-06-02T08:08:12Z,16,Donnée validée,8,Calculée,20,Bonne,7.332793134,48.728811149,QmnJ
A3410200,A341020001,2023-02-11,1187.0,2026-06-02T08:08:12Z,16,Donnée validée,8,Calculée,20,Bonne,7.332793134,48.728811149,QmnJ
A3410200,A341020001,2023-02-12,1168.0,2026-06-02T08:08:12Z,16,Donnée validée,10,Expertisée,20,Bonne,7.332793134,48.728811149,QmnJ
A3410200,A341020001,2023-02-13,1120.0,2026-06-02T08:08:12Z,16,Donnée validée,10,Expertisée,20,Bonne,7.332793134,48.728811149,QmnJ
A3410200,A341020001,2023-02-14,1063.0,2026-06-02T08:08:12Z,16,Donnée validée,10,Expertisée,20,Bonne,7.332793134,48.728811149,QmnJ
A3410200,A341020001,2023-02-15,955.0,2026-06-02T08:08:12Z,16,Donnée validée,10,Expertisée,20,Bonne,7.332793134,48.728811149,QmnJ
A3410200,A341020001,2023-02-16,986.0,2026-06-02T08:08:12Z,16,Donnée validée,10,Expertisée,20,Bonne,7.332793134,48.728811149,QmnJ
A3410200,A341020001,2023-02-17,966.0,2026-06-02T08:08:12Z,16,Donnée validée,10,Expertisée,20,Bonne,7.332793134,48.728811149,QmnJ
A3410200,A341020001,2023-02-18,1001.0,2026-06-02T08:08:12Z,16,Donnée validée,10,Expertisée,20,Bonne,7.332793134,48.728811149,QmnJ
A3410200,A341020001,2023-02-19,1059.0,2026-06-02T08:08:12Z,16,Donnée validée,10,Expertisée,20,Bonne,7.332793134,48.728811149,QmnJ
A3410200,A341020001,2023-02-20,965.0,2026-06-02T08:08:12Z,16,Donnée validée,10,Expertisée,20,Bonne,7.332793134,48.728811149,QmnJ
A3410200,A341020001,2023-02-21,966.0,2026-06-02T08:08:12Z,16,Donnée validée,10,Expertisée,20,Bonne,7.332793134,48.728811149,QmnJ
A3410200,A341020001,2023-02-22,1016.0,2026-06-02T08:08:12Z,16,Donnée validée,10,Expertisée,20,Bonne,7.332793134,48.728811149,QmnJ
A3410200,A341020001,2023-02-23,1043.0,2026-06-02T08:08:12Z,16,Donnée validée,10,Expertisée,20,Bonne,7.332793134,48.728811149,QmnJ
A3410200,A341020001,2023-02-24,1029.0,2026-06-02T08:08:12Z,16,Donnée validée,10,Expertisée,20,Bonne,7.332793134,48.728811149,QmnJ
A3410200,A341020001,2023-02-25,1078.0,2026-06-02T08:08:12Z,16,Donnée validée,10,Expertisée,20,Bonne,7.332793134,48.728811149,QmnJ
A3410200,A341020001,2023-02-26,934.0,2026-06-02T08:08:12Z,16,Donnée validée,10,Expertisée,20,Bonne,7.332793134,48.728811149,QmnJ
A3410200,A341020001,2023-02-27,823.0,2026-06-02T08:08:12Z,16,Donnée validée,10,Expertisée,20,Bonne,7.332793134,48.728811149,QmnJ
A3410200,A341020001,2023-02-28,846.0,2026-06-02T08:08:12Z,16,Donnée validée,10,Expertisée,20,Bonne,7.332793134,48.728811149,QmnJ
A3410200,A341020001,2023-03-01,876.0,2026-06-02T08:08:12Z,16,Donnée validée,10,Expertisée,20,Bonne,7.332793134,48.728811149,QmnJ
A3410200,A341020001,2023-03-02,816.0,2026-06-02T08:08:12Z,16,Donnée validée,10,Expertisée,20,Bonne,7.332793134,48.728811149,QmnJ
A3410200,A341020001,2023-03-03,759.0,2026-06-02T08:08:12Z,16,Donnée validée,10,Expertisée,20,Bonne,7.332793134,48.728811149,QmnJ
A3410200,A341020001,2023-03-04,731.0,2026-06-02T08:08:12Z,16,Donnée validée,10,Expertisée,20,Bonne,7.332793134,48.728811149,QmnJ
A3410200,A341020001,2023-03-05,737.0,2026-06-02T08:08:12Z,16,Donnée validée,10,Expertisée,20,Bonne,7.332793134,48.728811149,QmnJ
A3410200,A341020001,2023-03-06,779.0,2026-06-02T08:08:12Z,16,Donnée validée,10,Expertisée,20,Bonne,7.332793134,48.728811149,QmnJ
A3410200,A341020001,2023-03-07,788.0,2026-06-02T08:08:12Z,16,Donnée validée,10,Expertisée,20,Bonne,7.332793134,48.728811149,QmnJ
A3410200,A341020001,2023-03-08,806.0,2026-06-02T08:08:12Z,16,Donnée validée,10,Expertisée,20,Bonne,7.332793134,48.728811149,QmnJ
A3410200,A341020001,2023-03-09,1339.0,2026-06-02T08:08:12Z,16,Donnée validée,8,Calculée,20,Bonne,7.332793134,48.728811149,QmnJ
A3410200,A341020001,2023-03-10,1321.0,2026-06-02T08:08:12Z,16,Donnée validée,8,Calculée,20,Bonne,7.332793134,48.728811149,QmnJ
A3410200,A341020001,2023-03-11,1325.0,2026-06-02T08:08:12Z,16,Donnée validée,10,Expertisée,20,Bonne,7.332793134,48.728811149,QmnJ
A3410200,A341020001,2023-03-12,1013.0,2026-06-02T08:08:12Z,16,Donnée validée,10,Expertisée,20,Bonne,7.332793134,48.728811149,QmnJ
A3410200,A341020001,2023-03-13,1303.0,2026-06-02T08:08:12Z,16,Donnée validée,10,Expertisée,20,Bonne,7.332793134,48.728811149,QmnJ
A3410200,A341020001,2023-03-14,2408.0,2026-06-02T08:08:12Z,16,Donnée validée,10,Expertisée,20,Bonne,7.332793134,48.728811149,QmnJ
A3410200,A341020001,2023-03-15,1448.0,2026-06-02T08:08:12Z,16,Donnée validée,10,Expertisée,20,Bonne,7.332793134,48.728811149,QmnJ
A3410200,A341020001,2023-03-16,1185.0,2026-06-02T08:08:12Z,16,Donnée validée,10,Expertisée,20,Bonne,7.332793134,48.728811149,QmnJ
A3410200,A341020001,2023-03-17,1096.0,2026-06-02T08:08:12Z,16,Donnée validée,10,Expertisée,20,Bonne,7.332793134,48.728811149,QmnJ
A3410200,A341020001,2023-03-18,1022.0,2026-06-02T08:08:12Z,16,Donnée validée,10,Expertisée,20,Bonne,7.332793134,48.728811149,QmnJ
A3410200,A341020001,2023-03-19,952.0,2026-06-02T08:08:12Z,16,Donnée validée,10,Expertisée,20,Bonne,7.332793134,48.728811149,QmnJ
A3410200,A341020001,2023-03-20,933.0,2026-06-02T08:08:12Z,16,Donnée validée,10,Expertisée,20,Bonne,7.332793134,48.728811149,QmnJ
A3410200,A341020001,2023-03-21,831.0,2026-06-02T08:08:12Z,16,Donnée validée,10,Expertisée,20,Bonne,7.332793134,48.728811149,QmnJ
A3410200,A341020001,2023-03-22,814.0,2026-06-02T08:08:12Z,16,Donnée validée,10,Expertisée,20,Bonne,7.332793134,48.728811149,QmnJ
A3410200,A341020001,2023-03-23,837.0,2026-06-02T08:08:12Z,16,Donnée validée,10,Expertisée,20,Bonne,7.332793134,48.728811149,QmnJ
A3410200,A341020001,2023-03-24,1014.0,2026-06-02T08:08:12Z,16,Donnée validée,10,Expertisée,20,Bonne,7.332793134,48.728811149,QmnJ
A3410200,A341020001,2023-03-25,1436.0,2026-06-02T08:08:12Z,16,Donnée validée,10,Expertisée,20,Bonne,7.332793134,48.728811149,QmnJ
A3410200,A341020001,2023-03-26,1655.0,2026-06-02T08:08:12Z,16,Donnée validée,10,Expertisée,20,Bonne,7.332793134,48.728811149,QmnJ
A3410200,A341020001,2023-03-27,1835.0,2026-06-02T08:08:12Z,16,Donnée validée,10,Expertisée,20,Bonne,7.332793134,48.728811149,QmnJ
A3410200,A341020001,2023-03-28,1377.0,2026-06-02T08:08:12Z,16,Donnée validée,10,Expertisée,20,Bonne,7.332793134,48.728811149,QmnJ
A3410200,A341020001,2023-03-29,1256.0,2026-06-02T08:08:12Z,16,Donnée validée,10,Expertisée,20,Bonne,7.332793134,48.728811149,QmnJ
A3410200,A341020001,2023-03-30,1498.0,2026-06-02T08:08:12Z,16,Donnée validée,10,Expertisée,20,Bonne,7.332793134,48.728811149,QmnJ
A3410200,A341020001,2023-03-31,1824.0,2026-06-02T08:08:12Z,16,Donnée validée,10,Expertisée,20,Bonne,7.332793134,48.728811149,QmnJ
A3410200,A341020001,2023-04-01,2665.0,2026-06-02T08:08:12Z,16,Donnée validée,10,Expertisée,20,Bonne,7.332793134,48.728811149,QmnJ
A3410200,A341020001,2023-04-02,3113.0,2026-06-02T08:08:12Z,16,Donnée validée,10,Expertisée,20,Bonne,7.332793134,48.728811149,QmnJ
A3410200,A341020001,2023-04-03,2768.0,2026-06-02T08:08:12Z,16,Donnée validée,10,Expertisée,20,Bonne,7.332793134,48.728811149,QmnJ
A3410200,A341020001,2023-04-04,2489.0,2026-06-02T08:08:12Z,16,Donnée validée,10,Expertisée,20,Bonne,7.332793134,48.728811149,QmnJ
A3410200,A341020001,2023-04-05,2339.0,2026-06-02T08:08:12Z,16,Donnée validée,10,Expertisée,20,Bonne,7.332793134,48.728811149,QmnJ
A3410200,A341020001,2023-04-06,2150.0,2026-06-02T08:08:12Z,16,Donnée validée,10,Expertisée,20,Bonne,7.332793134,48.728811149,QmnJ
A3410200,A341020001,2023-04-07,2229.0,2026-06-02T08:08:12Z,16,Donnée validée,10,Expertisée,20,Bonne,7.332793134,48.728811149,QmnJ
A3410200,A341020001,2023-04-08,2000.0,2026-06-02T08:08:12Z,16,Donnée validée,10,Expertisée,20,Bonne,7.332793134,48.728811149,QmnJ
A3410200,A341020001,2023-04-09,1718.0,2026-06-02T08:08:12Z,16,Donnée validée,10,Expertisée,20,Bonne,7.332793134,48.728811149,QmnJ
A3410200,A341020001,2023-04-10,1664.0,2026-06-02T08:08:12Z,16,Donnée validée,10,Expertisée,20,Bonne,7.332793134,48.728811149,QmnJ
A3410200,A341020001,2023-04-11,1775.0,2026-06-02T08:08:12Z,16,Donnée validée,10,Expertisée,20,Bonne,7.332793134,48.728811149,QmnJ
A3410200,A341020001,2023-04-12,2057.0,2026-06-02T08:08:12Z,16,Donnée validée,10,Expertisée,20,Bonne,7.332793134,48.728811149,QmnJ
A3410200,A341020001,2023-04-13,2062.0,2026-06-02T08:08:12Z,16,Donnée validée,8,Calculée,20,Bonne,7.332793134,48.728811149,QmnJ
A3410200,A341020001,2023-04-14,1745.0,2026-06-02T08:08:12Z,16,Donnée validée,8,Calculée,20,Bonne,7.332793134,48.728811149,QmnJ
A3410200,A341020001,2023-04-15,1641.0,2026-06-02T08:08:12Z,16,Donnée validée,10,Expertisée,20,Bonne,7.332793134,48.728811149,QmnJ
A3410200,A341020001,2023-04-16,1473.0,2026-06-02T08:08:12Z,16,Donnée validée,10,Expertisée,20,Bonne,7.332793134,48.728811149,QmnJ
A3410200,A341020001,2023-04-17,1346.0,2026-06-02T08:08:12Z,16,Donnée validée,10,Expertisée,20,Bonne,7.332793134,48.728811149,QmnJ
A3410200,A341020001,2023-04-18,1304.0,2026-06-02T08:08:12Z,16,Donnée validée,10,Expertisée,20,Bonne,7.332793134,48.728811149,QmnJ
A3410200,A341020001,2023-04-19,1252.0,2026-06-02T08:08:12Z,16,Donnée validée,10,Expertisée,20,Bonne,7.332793134,48.728811149,QmnJ
A3410200,A341020001,2023-04-20,1248.0,2026-06-02T08:08:12Z,16,Donnée validée,10,Expertisée,20,Bonne,7.332793134,48.728811149,QmnJ
A3410200,A341020001,2023-04-21,1325.0,2026-06-02T08:08:12Z,16,Donnée validée,10,Expertisée,20,Bonne,7.332793134,48.728811149,QmnJ
A3410200,A341020001,2023-04-22,1232.0,2026-06-02T08:08:12Z,16,Donnée validée,10,Expertisée,20,Bonne,7.332793134,48.728811149,QmnJ
A3410200,A341020001,2023-04-23,1205.0,2026-06-02T08:08:12Z,16,Donnée validée,10,Expertisée,20,Bonne,7.332793134,48.728811149,QmnJ
A3410200,A341020001,2023-04-24,1249.0,2026-06-02T08:08:12Z,16,Donnée validée,10,Expertisée,20,Bonne,7.332793134,48.728811149,QmnJ
A3410200,A341020001,2023-04-25,1387.0,2026-06-02T08:08:12Z,16,Donnée validée,10,Expertisée,20,Bonne,7.332793134,48.728811149,QmnJ
A3410200,A341020001,2023-04-26,1239.0,2026-06-02T08:08:12Z,16,Donnée validée,10,Expertisée,20,Bonne,7.332793134,48.728811149,QmnJ
A3410200,A341020001,2023-04-27,1065.0,2026-06-02T08:08:12Z,16,Donnée validée,10,Expertisée,20,Bonne,7.332793134,48.728811149,QmnJ
A3410200,A341020001,2023-04-28,1375.0,2026-06-02T08:08:12Z,16,Donnée validée,10,Expertisée,20,Bonne,7.332793134,48.728811149,QmnJ
A3410200,A341020001,2023-04-29,1253.0,2026-06-02T08:08:12Z,16,Donnée validée,10,Expertisée,20,Bonne,7.332793134,48.728811149,QmnJ
A3410200,A341020001,2023-04-30,1044.0,2026-06-02T08:08:12Z,16,Donnée validée,10,Expertisée,20,Bonne,7.332793134,48.728811149,QmnJ
A3410200,A341020001,2023-05-01,1062.0,2026-06-02T08:08:12Z,16,Donnée validée,10,Expertisée,20,Bonne,7.332793134,48.728811149,QmnJ
A3410200,A341020001,2023-05-02,1002.0,2026-06-02T08:08:12Z,16,Donnée validée,10,Expertisée,20,Bonne,7.332793134,48.728811149,QmnJ
A3410200,A341020001,2023-05-03,944.0,2026-06-02T08:08:12Z,16,Donnée validée,10,Expertisée,20,Bonne,7.332793134,48.728811149,QmnJ
A3410200,A341020001,2023-05-04,932.0,2026-06-02T08:08:12Z,16,Donnée validée,10,Expertisée,20,Bonne,7.332793134,48.728811149,QmnJ
A3410200,A341020001,2023-05-05,926.0,2026-06-02T08:08:12Z,16,Donnée validée,10,Expertisée,20,Bonne,7.332793134,48.728811149,QmnJ
A3410200,A341020001,2023-05-06,981.0,2026-06-02T08:08:12Z,16,Donnée validée,10,Expertisée,20,Bonne,7.332793134,48.728811149,QmnJ
A3410200,A341020001,2023-05-07,856.0,2026-06-02T08:08:12Z,16,Donnée validée,10,Expertisée,20,Bonne,7.332793134,48.728811149,QmnJ
A3410200,A341020001,2023-05-08,909.0,2026-06-02T08:08:12Z,16,Donnée validée,10,Expertisée,20,Bonne,7.332793134,48.728811149,QmnJ
A3410200,A341020001,2023-05-09,1284.0,2026-06-02T08:08:12Z,16,Donnée validée,10,Expertisée,20,Bonne,7.332793134,48.728811149,QmnJ
A3410200,A341020001,2023-05-10,1891.0,2026-06-02T08:08:12Z,16,Donnée validée,10,Expertisée,20,Bonne,7.332793134,48.728811149,QmnJ
A3410200,A341020001,2023-05-11,1279.0,2026-06-02T08:08:12Z,16,Donnée validée,10,Expertisée,20,Bonne,7.332793134,48.728811149,QmnJ
A3410200,A341020001,2023-05-12,1149.0,2026-06-02T08:08:12Z,16,Donnée validée,10,Expertisée,20,Bonne,7.332793134,48.728811149,QmnJ
A3410200,A341020001,2023-05-13,1104.0,2026-06-02T08:08:12Z,16,Donnée validée,10,Expertisée,20,Bonne,7.332793134,48.728811149,QmnJ
A3410200,A341020001,2023-05-14,1064.0,2026-06-02T08:08:12Z,16,Donnée validée,10,Expertisée,20,Bonne,7.332793134,48.728811149,QmnJ
A3410200,A341020001,2023-05-15,1081.0,2026-06-02T08:08:12Z,16,Donnée validée,10,Expertisée,20,Bonne,7.332793134,48.728811149,QmnJ
A3410200,A341020001,2023-05-16,1047.0,2026-06-02T08:08:12Z,16,Donnée validée,10,Expertisée,20,Bonne,7.332793134,48.728811149,QmnJ
A3410200,A341020001,2023-05-17,952.0,2026-06-02T08:08:12Z,16,Donnée validée,10,Expertisée,20,Bonne,7.332793134,48.728811149,QmnJ
A3410200,A341020001,2023-05-18,905.0,2026-06-02T08:08:12Z,16,Donnée validée,10,Expertisée,20,Bonne,7.332793134,48.728811149,QmnJ
A3410200,A341020001,2023-05-19,879.0,2026-06-02T08:08:12Z,16,Donnée validée,10,Expertisée,20,Bonne,7.332793134,48.728811149,QmnJ
A3410200,A341020001,2023-05-20,879.0,2026-06-02T08:08:12Z,16,Donnée validée,10,Expertisée,20,Bonne,7.332793134,48.728811149,QmnJ
A3410200,A341020001,2023-05-21,897.0,2026-06-02T08:08:12Z,16,Donnée validée,10,Expertisée,20,Bonne,7.332793134,48.728811149,QmnJ
A3410200,A341020001,2023-05-22,921.0,2026-06-02T08:08:12Z,16,Donnée validée,10,Expertisée,20,Bonne,7.332793134,48.728811149,QmnJ
A3410200,A341020001,2023-05-23,864.0,2026-06-02T08:08:12Z,16,Donnée validée,10,Expertisée,20,Bonne,7.332793134,48.728811149,QmnJ
A3410200,A341020001,2023-05-24,811.0,2026-06-02T08:08:12Z,16,Donnée validée,10,Expertisée,20,Bonne,7.332793134,48.728811149,QmnJ
A3410200,A341020001,2023-05-25,759.0,2026-06-02T08:08:12Z,16,Donnée validée,8,Calculée,20,Bonne,7.332793134,48.728811149,QmnJ
A3410200,A341020001,2023-05-26,722.0,2026-06-02T08:08:12Z,16,Donnée validée,8,Calculée,20,Bonne,7.332793134,48.728811149,QmnJ
A3410200,A341020001,2023-05-27,742.0,2026-06-02T08:08:12Z,16,Donnée validée,10,Expertisée,20,Bonne,7.332793134,48.728811149,QmnJ
A3410200,A341020001,2023-05-28,779.0,2026-06-02T08:08:12Z,16,Donnée validée,10,Expertisée,20,Bonne,7.332793134,48.728811149,QmnJ
A3410200,A341020001,2023-05-29,783.0,2026-06-02T08:08:12Z,16,Donnée validée,10,Expertisée,20,Bonne,7.332793134,48.728811149,QmnJ
A3410200,A341020001,2023-05-30,757.0,2026-06-02T08:08:12Z,16,Donnée validée,10,Expertisée,20,Bonne,7.332793134,48.728811149,QmnJ
A3410200,A341020001,2023-05-31,733.0,2026-06-02T08:08:12Z,16,Donnée validée,10,Expertisée,20,Bonne,7.332793134,48.728811149,QmnJ
A3410200,A341020001,2023-06-01,716.0,2026-06-02T08:08:12Z,16,Donnée validée,10,Expertisée,20,Bonne,7.332793134,48.728811149,QmnJ
A3410200,A341020001,2023-06-02,695.0,2026-06-02T08:08:12Z,16,Donnée validée,10,Expertisée,20,Bonne,7.332793134,48.728811149,QmnJ
A3410200,A341020001,2023-06-03,681.0,2026-06-02T08:08:12Z,16,Donnée validée,10,Expertisée,20,Bonne,7.332793134,48.728811149,QmnJ
A3410200,A341020001,2023-06-04,667.0,2026-06-02T08:08:12Z,16,Donnée validée,10,Expertisée,20,Bonne,7.332793134,48.728811149,QmnJ
A3410200,A341020001,2023-06-05,653.0,2026-06-02T08:08:12Z,16,Donnée validée,10,Expertisée,20,Bonne,7.332793134,48.728811149,QmnJ
A3410200,A341020001,2023-06-06,613.0,2026-06-02T08:08:12Z,16,Donnée validée,10,Expertisée,20,Bonne,7.332793134,48.728811149,QmnJ
A3410200,A341020001,2023-06-07,600.0,2026-06-02T08:08:12Z,16,Donnée validée,10,Expertisée,20,Bonne,7.332793134,48.728811149,QmnJ
A3410200,A341020001,2023-06-08,591.0,2026-06-02T08:08:12Z,16,Donnée validée,10,Expertisée,20,Bonne,7.332793134,48.728811149,QmnJ
A3410200,A341020001,2023-06-09,590.0,2026-06-02T08:08:12Z,16,Donnée validée,10,Expertisée,20,Bonne,7.332793134,48.728811149,QmnJ
A3410200,A341020001,2023-06-10,570.0,2026-06-02T08:08:12Z,16,Donnée validée,10,Expertisée,20,Bonne,7.332793134,48.728811149,QmnJ
A3410200,A341020001,2023-06-11,553.0,2026-06-02T08:08:12Z,16,Donnée validée,10,Expertisée,20,Bonne,7.332793134,48.728811149,QmnJ
A3410200,A341020001,2023-06-12,537.0,2026-06-02T08:08:12Z,16,Donnée validée,10,Expertisée,20,Bonne,7.332793134,48.728811149,QmnJ
A3410200,A341020001,2023-06-13,514.0,2026-06-02T08:08:12Z,16,Donnée validée,10,Expertisée,20,Bonne,7.332793134,48.728811149,QmnJ
A3410200,A341020001,2023-06-14,512.0,2026-06-02T08:08:12Z,16,Donnée validée,10,Expertisée,20,Bonne,7.332793134,48.728811149,QmnJ
A3410200,A341020001,2023-06-15,499.0,2026-06-02T08:08:12Z,16,Donnée validée,10,Expertisée,20,Bonne,7.332793134,48.728811149,QmnJ
A3410200,A341020001,2023-06-16,484.0,2026-06-02T08:08:12Z,16,Donnée validée,10,Expertisée,20,Bonne,7.332793134,48.728811149,QmnJ
A3410200,A341020001,2023-06-17,478.0,2026-06-02T08:08:12Z,16,Donnée validée,10,Expertisée,20,Bonne,7.332793134,48.728811149,QmnJ
A3410200,A341020001,2023-06-18,482.0,2026-06-02T08:08:12Z,16,Donnée validée,10,Expertisée,20,Bonne,7.332793134,48.728811149,QmnJ
A3410200,A341020001,2023-06-19,567.0,2026-06-02T08:08:12Z,16,Donnée validée,10,Expertisée,20,Bonne,7.332793134,48.728811149,QmnJ
A3410200,A341020001,2023-06-20,500.0,2026-06-02T08:08:12Z,16,Donnée validée,10,Expertisée,20,Bonne,7.332793134,48.728811149,QmnJ
A3410200,A341020001,2023-06-21,522.0,2026-06-02T08:08:12Z,16,Donnée validée,10,Expertisée,20,Bonne,7.332793134,48.728811149,QmnJ
A3410200,A341020001,2023-06-22,554.0,2026-06-02T08:08:12Z,16,Donnée validée,10,Expertisée,20,Bonne,7.332793134,48.728811149,QmnJ
A3410200,A341020001,2023-06-23,521.0,2026-06-02T08:08:12Z,16,Donnée validée,10,Expertisée,20,Bonne,7.332793134,48.728811149,QmnJ
A3410200,A341020001,2023-06-24,468.0,2026-06-02T08:08:12Z,16,Donnée validée,10,Expertisée,12,Douteuse,7.332793134,48.728811149,QmnJ
A3410200,A341020001,2023-06-25,469.0,2026-06-02T08:08:12Z,16,Donnée validée,10,Expertisée,12,Douteuse,7.332793134,48.728811149,QmnJ
A3410200,A341020001,2023-06-26,460.0,2026-06-02T08:08:12Z,16,Donnée validée,10,Expertisée,20,Bonne,7.332793134,48.728811149,QmnJ
A3410200,A341020001,2023-06-27,451.0,2026-06-02T08:08:12Z,16,Donnée validée,10,Expertisée,20,Bonne,7.332793134,48.728811149,QmnJ
A3410200,A341020001,2023-06-28,481.0,2026-06-02T08:08:12Z,16,Donnée validée,10,Expertisée,20,Bonne,7.332793134,48.728811149,QmnJ
A3410200,A341020001,2023-06-29,528.0,2026-06-02T08:08:12Z,16,Donnée validée,10,Expertisée,20,Bonne,7.332793134,48.728811149,QmnJ
A3410200,A341020001,2023-06-30,540.0,2026-06-02T08:08:12Z,16,Donnée validée,10,Expertisée,20,Bonne,7.332793134,48.728811149,QmnJ
A3410200,A341020001,2023-07-01,532.0,2026-06-02T08:08:12Z,16,Donnée validée,10,Expertisée,20,Bonne,7.332793134,48.728811149,QmnJ
A3410200,A341020001,2023-07-02,536.0,2026-06-02T08:08:12Z,16,Donnée validée,10,Expertisée,20,Bonne,7.332793134,48.728811149,QmnJ
A3410200,A341020001,2023-07-03,511.0,2026-06-02T08:08:12Z,16,Donnée validée,10,Expertisée,20,Bonne,7.332793134,48.728811149,QmnJ
A3410200,A341020001,2023-07-04,511.0,2026-06-02T08:08:12Z,16,Donnée validée,8,Calculée,20,Bonne,7.332793134,48.728811149,QmnJ
A3410200,A341020001,2023-07-05,584.0,2026-06-02T08:08:12Z,16,Donnée validée,8,Calculée,20,Bonne,7.332793134,48.728811149,QmnJ
A3410200,A341020001,2023-07-06,496.0,2026-06-02T08:08:12Z,16,Donnée validée,10,Expertisée,20,Bonne,7.332793134,48.728811149,QmnJ
A3410200,A341020001,2023-07-07,463.0,2026-06-02T08:08:12Z,16,Donnée validée,10,Expertisée,20,Bonne,7.332793134,48.728811149,QmnJ
A3410200,A341020001,2023-07-08,448.0,2026-06-02T08:08:12Z,16,Donnée validée,10,Expertisée,20,Bonne,7.332793134,48.728811149,QmnJ
A3410200,A341020001,2023-07-09,482.0,2026-06-02T08:08:12Z,16,Donnée validée,10,Expertisée,20,Bonne,7.332793134,48.728811149,QmnJ
A3410200,A341020001,2023-07-10,532.0,2026-06-02T08:08:12Z,16,Donnée validée,10,Expertisée,20,Bonne,7.332793134,48.728811149,QmnJ
A3410200,A341020001,2023-07-11,526.0,2026-06-02T08:08:12Z,16,Donnée validée,10,Expertisée,20,Bonne,7.332793134,48.728811149,QmnJ
A3410200,A341020001,2023-07-12,648.0,2026-06-02T08:08:12Z,16,Donnée validée,10,Expertisée,12,Douteuse,7.332793134,48.728811149,QmnJ
A3410200,A341020001,2023-07-13,443.0,2026-06-02T08:08:12Z,16,Donnée validée,10,Expertisée,12,Douteuse,7.332793134,48.728811149,QmnJ
A3410200,A341020001,2023-07-14,488.0,2026-06-02T08:08:12Z,16,Donnée validée,10,Expertisée,20,Bonne,7.332793134,48.728811149,QmnJ
A3410200,A341020001,2023-07-15,558.0,2026-06-02T08:08:12Z,16,Donnée validée,10,Expertisée,20,Bonne,7.332793134,48.728811149,QmnJ
A3410200,A341020001,2023-07-16,776.0,2026-06-02T08:08:12Z,16,Donnée validée,10,Expertisée,20,Bonne,7.332793134,48.728811149,QmnJ
A3410200,A341020001,2023-07-17,473.0,2026-06-02T08:08:12Z,16,Donnée validée,10,Expertisée,20,Bonne,7.332793134,48.728811149,QmnJ
A3410200,A341020001,2023-07-18,471.0,2026-06-02T08:08:12Z,16,Donnée validée,10,Expertisée,20,Bonne,7.332793134,48.728811149,QmnJ
A3410200,A341020001,2023-07-19,474.0,2026-06-02T08:08:12Z,16,Donnée validée,10,Expertisée,20,Bonne,7.332793134,48.728811149,QmnJ
A3410200,A341020001,2023-07-20,455.0,2026-06-02T08:08:12Z,16,Donnée validée,10,Expertisée,20,Bonne,7.332793134,48.728811149,QmnJ
A3410200,A341020001,2023-07-21,492.0,2026-06-02T08:08:12Z,16,Donnée validée,10,Expertisée,20,Bonne,7.332793134,48.728811149,QmnJ
A3410200,A341020001,2023-07-22,529.0,2026-06-02T08:08:12Z,16,Donnée validée,10,Expertisée,20,Bonne,7.332793134,48.728811149,QmnJ
A3410200,A341020001,2023-07-23,498.0,2026-06-02T08:08:12Z,16,Donnée validée,10,Expertisée,12,Douteuse,7.332793134,48.728811149,QmnJ
A3410200,A341020001,2023-07-24,493.0,2026-06-02T08:08:12Z,16,Donnée validée,10,Expertisée,20,Bonne,7.332793134,48.728811149,QmnJ
A3410200,A341020001,2023-07-25,841.0,2026-06-02T08:08:12Z,16,Donnée validée,10,Expertisée,20,Bonne,7.332793134,48.728811149,QmnJ
A3410200,A341020001,2023-07-26,716.0,2026-06-02T08:08:12Z,16,Donnée validée,10,Expertisée,20,Bonne,7.332793134,48.728811149,QmnJ
A3410200,A341020001,2023-07-27,544.0,2026-06-02T08:08:12Z,16,Donnée validée,10,Expertisée,20,Bonne,7.332793134,48.728811149,QmnJ
A3410200,A341020001,2023-07-28,687.0,2026-06-02T08:08:12Z,16,Donnée validée,10,Expertisée,20,Bonne,7.332793134,48.728811149,QmnJ
A3410200,A341020001,2023-07-29,732.0,2026-06-02T08:08:12Z,16,Donnée validée,10,Expertisée,20,Bonne,7.332793134,48.728811149,QmnJ
A3410200,A341020001,2023-07-30,1288.0,2026-06-02T08:08:12Z,16,Donnée validée,10,Expertisée,20,Bonne,7.332793134,48.728811149,QmnJ
A3410200,A341020001,2023-07-31,499.0,2026-06-02T08:08:12Z,16,Donnée validée,10,Expertisée,20,Bonne,7.332793134,48.728811149,QmnJ
A3410200,A341020001,2023-08-01,613.0,2026-06-02T08:08:12Z,16,Donnée validée,10,Expertisée,20,Bonne,7.332793134,48.728811149,QmnJ
A3410200,A341020001,2023-08-02,1303.0,2026-06-02T08:08:12Z,16,Donnée validée,10,Expertisée,20,Bonne,7.332793134,48.728811149,QmnJ
A3410200,A341020001,2023-08-03,839.0,2026-06-02T08:08:12Z,16,Donnée validée,10,Expertisée,20,Bonne,7.332793134,48.728811149,QmnJ
A3410200,A341020001,2023-08-04,772.0,2026-06-02T08:08:12Z,16,Donnée validée,10,Expertisée,20,Bonne,7.332793134,48.728811149,QmnJ
A3410200,A341020001,2023-08-05,587.0,2026-06-02T08:08:12Z,16,Donnée validée,10,Expertisée,20,Bonne,7.332793134,48.728811149,QmnJ
A3410200,A341020001,2023-08-06,726.0,2026-06-02T08:08:12Z,16,Donnée validée,10,Expertisée,20,Bonne,7.332793134,48.728811149,QmnJ
A3410200,A341020001,2023-08-07,736.0,2026-06-02T08:08:12Z,16,Donnée validée,10,Expertisée,20,Bonne,7.332793134,48.728811149,QmnJ
A3410200,A341020001,2023-08-08,546.0,2026-06-02T08:08:12Z,16,Donnée validée,10,Expertisée,20,Bonne,7.332793134,48.728811149,QmnJ
A3410200,A341020001,2023-08-09,485.0,2026-06-02T08:08:12Z,16,Donnée validée,10,Expertisée,20,Bonne,7.332793134,48.728811149,QmnJ
A3410200,A341020001,2023-08-10,482.0,2026-06-02T08:08:12Z,16,Donnée validée,10,Expertisée,20,Bonne,7.332793134,48.728811149,QmnJ
A3410200,A341020001,2023-08-11,491.0,2026-06-02T08:08:12Z,16,Donnée validée,10,Expertisée,20,Bonne,7.332793134,48.728811149,QmnJ
A3410200,A341020001,2023-08-12,516.0,2026-06-02T08:08:12Z,16,Donnée validée,10,Expertisée,20,Bonne,7.332793134,48.728811149,QmnJ
A3410200,A341020001,2023-08-13,526.0,2026-06-02T08:08:12Z,16,Donnée validée,10,Expertisée,20,Bonne,7.332793134,48.728811149,QmnJ
A3410200,A341020001,2023-08-14,497.0,2026-06-02T08:08:12Z,16,Donnée validée,10,Expertisée,20,Bonne,7.332793134,48.728811149,QmnJ
A3410200,A341020001,2023-08-15,497.0,2026-06-02T08:08:12Z,16,Donnée validée,10,Expertisée,20,Bonne,7.332793134,48.728811149,QmnJ
A3410200,A341020001,2023-08-16,609.0,2026-06-02T08:08:12Z,16,Donnée validée,10,Expertisée,20,Bonne,7.332793134,48.728811149,QmnJ
A3410200,A341020001,2023-08-17,641.0,2026-06-02T08:08:12Z,16,Donnée validée,10,Expertisée,20,Bonne,7.332793134,48.728811149,QmnJ
A3410200,A341020001,2023-08-18,489.0,2026-06-02T08:08:12Z,16,Donnée validée,10,Expertisée,20,Bonne,7.332793134,48.728811149,QmnJ
A3410200,A341020001,2023-08-19,491.0,2026-06-02T08:08:12Z,16,Donnée validée,10,Expertisée,20,Bonne,7.332793134,48.728811149,QmnJ
A3410200,A341020001,2023-08-20,492.0,2026-06-02T08:08:12Z,16,Donnée validée,10,Expertisée,20,Bonne,7.332793134,48.728811149,QmnJ
A3410200,A341020001,2023-08-21,466.0,2026-06-02T08:08:12Z,16,Donnée validée,10,Expertisée,20,Bonne,7.332793134,48.728811149,QmnJ
A3410200,A341020001,2023-08-22,459.0,2026-06-02T08:08:12Z,16,Donnée validée,10,Expertisée,20,Bonne,7.332793134,48.728811149,QmnJ
A3410200,A341020001,2023-08-23,479.0,2026-06-02T08:08:12Z,16,Donnée validée,10,Expertisée,20,Bonne,7.332793134,48.728811149,QmnJ
A3410200,A341020001,2023-08-24,507.0,2026-06-02T08:08:12Z,16,Donnée validée,10,Expertisée,20,Bonne,7.332793134,48.728811149,QmnJ
A3410200,A341020001,2023-08-25,665.0,2026-06-02T08:08:12Z,16,Donnée validée,10,Expertisée,20,Bonne,7.332793134,48.728811149,QmnJ
A3410200,A341020001,2023-08-26,734.0,2026-06-02T08:08:12Z,16,Donnée validée,10,Expertisée,20,Bonne,7.332793134,48.728811149,QmnJ
A3410200,A341020001,2023-08-27,593.0,2026-06-02T08:08:12Z,16,Donnée validée,10,Expertisée,20,Bonne,7.332793134,48.728811149,QmnJ
A3410200,A341020001,2023-08-28,562.0,2026-06-02T08:08:12Z,16,Donnée validée,10,Expertisée,20,Bonne,7.332793134,48.728811149,QmnJ
A3410200,A341020001,2023-08-29,536.0,2026-06-02T08:08:12Z,16,Donnée validée,10,Expertisée,20,Bonne,7.332793134,48.728811149,QmnJ
A3410200,A341020001,2023-08-30,511.0,2026-06-02T08:08:12Z,16,Donnée validée,10,Expertisée,20,Bonne,7.332793134,48.728811149,QmnJ
A3410200,A341020001,2023-08-31,508.0,2026-06-02T08:08:12Z,16,Donnée validée,10,Expertisée,20,Bonne,7.332793134,48.728811149,QmnJ
A3410200,A341020001,2023-09-01,505.0,2026-06-02T08:08:12Z,16,Donnée validée,10,Expertisée,20,Bonne,7.332793134,48.728811149,QmnJ
A3410200,A341020001,2023-09-02,486.0,2026-06-02T08:08:12Z,16,Donnée validée,10,Expertisée,20,Bonne,7.332793134,48.728811149,QmnJ
A3410200,A341020001,2023-09-03,460.0,2026-06-02T08:08:12Z,16,Donnée validée,10,Expertisée,20,Bonne,7.332793134,48.728811149,QmnJ
A3410200,A341020001,2023-09-04,460.0,2026-06-02T08:08:12Z,16,Donnée validée,10,Expertisée,20,Bonne,7.332793134,48.728811149,QmnJ
A3410200,A341020001,2023-09-05,465.0,2026-06-02T08:08:12Z,16,Donnée validée,10,Expertisée,20,Bonne,7.332793134,48.728811149,QmnJ
A3410200,A341020001,2023-09-06,468.0,2026-06-02T08:08:12Z,16,Donnée validée,10,Expertisée,20,Bonne,7.332793134,48.728811149,QmnJ
A3410200,A341020001,2023-09-07,463.0,2026-06-02T08:08:12Z,16,Donnée validée,8,Calculée,20,Bonne,7.332793134,48.728811149,QmnJ
A3410200,A341020001,2023-09-08,477.0,2026-06-02T08:08:12Z,16,Donnée validée,8,Calculée,20,Bonne,7.332793134,48.728811149,QmnJ
A3410200,A341020001,2023-09-09,492.0,2026-06-02T08:08:12Z,16,Donnée validée,10,Expertisée,20,Bonne,7.332793134,48.728811149,QmnJ
A3410200,A341020001,2023-09-10,488.0,2026-06-02T08:08:12Z,16,Donnée validée,10,Expertisée,20,Bonne,7.332793134,48.728811149,QmnJ
A3410200,A341020001,2023-09-11,476.0,2026-06-02T08:08:12Z,16,Donnée validée,10,Expertisée,20,Bonne,7.332793134,48.728811149,QmnJ
A3410200,A341020001,2023-09-12,464.0,2026-06-02T08:08:12Z,16,Donnée validée,10,Expertisée,20,Bonne,7.332793134,48.728811149,QmnJ
A3410200,A341020001,2023-09-13,475.0,2026-06-02T08:08:12Z,16,Donnée validée,10,Expertisée,20,Bonne,7.332793134,48.728811149,QmnJ
A3410200,A341020001,2023-09-14,463.0,2026-06-02T08:08:12Z,16,Donnée validée,10,Expertisée,20,Bonne,7.332793134,48.728811149,QmnJ
A3410200,A341020001,2023-09-15,445.0,2026-06-02T08:08:12Z,16,Donnée validée,10,Expertisée,20,Bonne,7.332793134,48.728811149,QmnJ
A3410200,A341020001,2023-09-16,447.0,2026-06-02T08:08:12Z,16,Donnée validée,10,Expertisée,12,Douteuse,7.332793134,48.728811149,QmnJ
A3410200,A341020001,2023-09-17,438.0,2026-06-02T08:08:12Z,16,Donnée validée,10,Expertisée,12,Douteuse,7.332793134,48.728811149,QmnJ
A3410200,A341020001,2023-09-18,451.0,2026-06-02T08:08:12Z,16,Donnée validée,10,Expertisée,12,Douteuse,7.332793134,48.728811149,QmnJ
A3410200,A341020001,2023-09-19,529.0,2026-06-02T08:08:12Z,16,Donnée validée,10,Expertisée,12,Douteuse,7.332793134,48.728811149,QmnJ
A3410200,A341020001,2023-09-20,436.0,2026-06-02T08:08:12Z,16,Donnée validée,10,Expertisée,12,Douteuse,7.332793134,48.728811149,QmnJ
A3410200,A341020001,2023-09-21,494.0,2026-06-02T08:08:12Z,16,Donnée validée,10,Expertisée,12,Douteuse,7.332793134,48.728811149,QmnJ
A3410200,A341020001,2023-09-22,632.0,2026-06-02T08:08:12Z,16,Donnée validée,10,Expertisée,20,Bonne,7.332793134,48.728811149,QmnJ
A3410200,A341020001,2023-09-23,503.0,2026-06-02T08:08:12Z,16,Donnée validée,10,Expertisée,20,Bonne,7.332793134,48.728811149,QmnJ
A3410200,A341020001,2023-09-24,453.0,2026-06-02T08:08:12Z,16,Donnée validée,10,Expertisée,20,Bonne,7.332793134,48.728811149,QmnJ
A3410200,A341020001,2023-09-25,457.0,2026-06-02T08:08:12Z,16,Donnée validée,10,Expertisée,20,Bonne,7.332793134,48.728811149,QmnJ
A3410200,A341020001,2023-09-26,460.0,2026-06-02T08:08:12Z,16,Donnée validée,10,Expertisée,20,Bonne,7.332793134,48.728811149,QmnJ
A3410200,A341020001,2023-09-27,459.0,2026-06-02T08:08:12Z,16,Donnée validée,10,Expertisée,20,Bonne,7.332793134,48.728811149,QmnJ
A3410200,A341020001,2023-09-28,453.0,2026-06-02T08:08:12Z,16,Donnée validée,10,Expertisée,20,Bonne,7.332793134,48.728811149,QmnJ
A3410200,A341020001,2023-09-29,442.0,2026-06-02T08:08:12Z,16,Donnée validée,10,Expertisée,12,Douteuse,7.332793134,48.728811149,QmnJ
A3410200,A341020001,2023-09-30,450.0,2026-06-02T08:08:12Z,16,Donnée validée,10,Expertisée,12,Douteuse,7.332793134,48.728811149,QmnJ
A3410200,A341020001,2023-10-01,447.0,2026-06-02T08:08:12Z,16,Donnée validée,10,Expertisée,20,Bonne,7.332793134,48.728811149,QmnJ
A3410200,A341020001,2023-10-02,447.0,2026-06-02T08:08:12Z,16,Donnée validée,10,Expertisée,20,Bonne,7.332793134,48.728811149,QmnJ
A3410200,A341020001,2023-10-03,445.0,2026-06-02T08:08:12Z,16,Donnée validée,8,Calculée,20,Bonne,7.332793134,48.728811149,QmnJ
A3410200,A341020001,2023-10-04,474.0,2026-06-02T08:08:12Z,16,Donnée validée,8,Calculée,20,Bonne,7.332793134,48.728811149,QmnJ
A3410200,A341020001,2023-10-05,454.0,2026-06-02T08:08:12Z,16,Donnée validée,10,Expertisée,20,Bonne,7.332793134,48.728811149,QmnJ
A3410200,A341020001,2023-10-06,454.0,2026-06-02T08:08:12Z,16,Donnée validée,10,Expertisée,20,Bonne,7.332793134,48.728811149,QmnJ
A3410200,A341020001,2023-10-07,445.0,2026-06-02T08:08:12Z,16,Donnée validée,10,Expertisée,20,Bonne,7.332793134,48.728811149,QmnJ
A3410200,A341020001,2023-10-08,442.0,2026-06-02T08:08:12Z,16,Donnée validée,10,Expertisée,20,Bonne,7.332793134,48.728811149,QmnJ
A3410200,A341020001,2023-10-09,429.0,2026-06-02T08:08:12Z,16,Donnée validée,10,Expertisée,12,Douteuse,7.332793134,48.728811149,QmnJ
A3410200,A341020001,2023-10-10,437.0,2026-06-02T08:08:12Z,16,Donnée validée,10,Expertisée,12,Douteuse,7.332793134,48.728811149,QmnJ
A3410200,A341020001,2023-10-11,438.0,2026-06-02T08:08:12Z,16,Donnée validée,10,Expertisée,12,Douteuse,7.332793134,48.728811149,QmnJ
A3410200,A341020001,2023-10-12,439.0,2026-06-02T08:08:12Z,16,Donnée validée,10,Expertisée,12,Douteuse,7.332793134,48.728811149,QmnJ
A3410200,A341020001,2023-10-13,431.0,2026-06-02T08:08:12Z,16,Donnée validée,10,Expertisée,12,Douteuse,7.332793134,48.728811149,QmnJ
A3410200,A341020001,2023-10-14,550.0,2026-06-02T08:08:12Z,16,Donnée validée,10,Expertisée,12,Douteuse,7.332793134,48.728811149,QmnJ
A3410200,A341020001,2023-10-15,524.0,2026-06-02T08:08:12Z,16,Donnée validée,10,Expertisée,20,Bonne,7.332793134,48.728811149,QmnJ
A3410200,A341020001,2023-10-16,485.0,2026-06-02T08:08:12Z,16,Donnée validée,10,Expertisée,20,Bonne,7.332793134,48.728811149,QmnJ
A3410200,A341020001,2023-10-17,508.0,2026-06-02T08:08:12Z,16,Donnée validée,10,Expertisée,20,Bonne,7.332793134,48.728811149,QmnJ
A3410200,A341020001,2023-10-18,501.0,2026-06-02T08:08:12Z,16,Donnée validée,10,Expertisée,20,Bonne,7.332793134,48.728811149,QmnJ
A3410200,A341020001,2023-10-19,653.0,2026-06-02T08:08:12Z,16,Donnée validée,10,Expertisée,20,Bonne,7.332793134,48.728811149,QmnJ
A3410200,A341020001,2023-10-20,819.0,2026-06-02T08:08:12Z,16,Donnée validée,10,Expertisée,20,Bonne,7.332793134,48.728811149,QmnJ
A3410200,A341020001,2023-10-21,656.0,2026-06-02T08:08:12Z,16,Donnée validée,10,Expertisée,20,Bonne,7.332793134,48.728811149,QmnJ
A3410200,A341020001,2023-10-22,578.0,2026-06-02T08:08:12Z,16,Donnée validée,10,Expertisée,20,Bonne,7.332793134,48.728811149,QmnJ
A3410200,A341020001,2023-10-23,574.0,2026-06-02T08:08:12Z,16,Donnée validée,10,Expertisée,20,Bonne,7.332793134,48.728811149,QmnJ
A3410200,A341020001,2023-10-24,728.0,2026-06-02T08:08:12Z,16,Donnée validée,10,Expertisée,20,Bonne,7.332793134,48.728811149,QmnJ
A3410200,A341020001,2023-10-25,718.0,2026-06-02T08:08:12Z,16,Donnée validée,10,Expertisée,20,Bonne,7.332793134,48.728811149,QmnJ
A3410200,A341020001,2023-10-26,985.0,2026-06-02T08:08:12Z,16,Donnée validée,10,Expertisée,20,Bonne,7.332793134,48.728811149,QmnJ
A3410200,A341020001,2023-10-27,899.0,2026-06-02T08:08:12Z,16,Donnée validée,10,Expertisée,20,Bonne,7.332793134,48.728811149,QmnJ
A3410200,A341020001,2023-10-28,855.0,2026-06-02T08:08:12Z,16,Donnée validée,10,Expertisée,20,Bonne,7.332793134,48.728811149,QmnJ
A3410200,A341020001,2023-10-29,935.0,2026-06-02T08:08:12Z,16,Donnée validée,10,Expertisée,20,Bonne,7.332793134,48.728811149,QmnJ
A3410200,A341020001,2023-10-30,2234.0,2026-06-02T08:08:12Z,16,Donnée validée,10,Expertisée,20,Bonne,7.332793134,48.728811149,QmnJ
A3410200,A341020001,2023-10-31,1297.0,2026-06-02T08:08:12Z,16,Donnée validée,10,Expertisée,20,Bonne,7.332793134,48.728811149,QmnJ
A3410200,A341020001,2023-11-01,784.0,2026-06-02T08:08:12Z,16,Donnée validée,10,Expertisée,20,Bonne,7.332793134,48.728811149,QmnJ
A3410200,A341020001,2023-11-02,713.0,2026-06-02T08:08:12Z,16,Donnée validée,10,Expertisée,20,Bonne,7.332793134,48.728811149,QmnJ
A3410200,A341020001,2023-11-03,569.0,2026-06-02T08:08:12Z,16,Donnée validée,10,Expertisée,20,Bonne,7.332793134,48.728811149,QmnJ
A3410200,A341020001,2023-11-04,473.0,2026-06-02T08:08:12Z,16,Donnée validée,10,Expertisée,20,Bonne,7.332793134,48.728811149,QmnJ
A3410200,A341020001,2023-11-05,627.0,2026-06-02T08:08:12Z,16,Donnée validée,10,Expertisée,20,Bonne,7.332793134,48.728811149,QmnJ
A3410200,A341020001,2023-11-06,777.0,2026-06-02T08:08:12Z,16,Donnée validée,10,Expertisée,20,Bonne,7.332793134,48.728811149,QmnJ
A3410200,A341020001,2023-11-07,712.0,2026-06-02T08:08:12Z,16,Donnée validée,10,Expertisée,20,Bonne,7.332793134,48.728811149,QmnJ
A3410200,A341020001,2023-11-08,606.0,2026-06-02T08:08:12Z,16,Donnée validée,10,Expertisée,20,Bonne,7.332793134,48.728811149,QmnJ
A3410200,A341020001,2023-11-09,538.0,2026-06-02T08:08:12Z,16,Donnée validée,10,Expertisée,20,Bonne,7.332793134,48.728811149,QmnJ
A3410200,A341020001,2023-11-10,645.0,2026-06-02T08:08:12Z,16,Donnée validée,10,Expertisée,20,Bonne,7.332793134,48.728811149,QmnJ
A3410200,A341020001,2023-11-11,697.0,2026-06-02T08:08:12Z,16,Donnée validée,10,Expertisée,20,Bonne,7.332793134,48.728811149,QmnJ
A3410200,A341020001,2023-11-12,643.0,2026-06-02T08:08:12Z,16,Donnée validée,10,Expertisée,20,Bonne,7.332793134,48.728811149,QmnJ
A3410200,A341020001,2023-11-13,1043.0,2026-06-02T08:08:12Z,16,Donnée validée,10,Expertisée,20,Bonne,7.332793134,48.728811149,QmnJ
A3410200,A341020001,2023-11-14,1265.0,2026-06-02T08:08:12Z,16,Donnée validée,10,Expertisée,20,Bonne,7.332793134,48.728811149,QmnJ
A3410200,A341020001,2023-11-15,1201.0,2026-06-02T08:08:12Z,16,Donnée validée,10,Expertisée,20,Bonne,7.332793134,48.728811149,QmnJ
A3410200,A341020001,2023-11-16,3434.0,2026-06-02T08:08:12Z,16,Donnée validée,10,Expertisée,20,Bonne,7.332793134,48.728811149,QmnJ
A3410200,A341020001,2023-11-17,7948.0,2026-06-02T08:08:12Z,16,Donnée validée,10,Expertisée,20,Bonne,7.332793134,48.728811149,QmnJ
A3410200,A341020001,2023-11-18,4916.0,2026-06-02T08:08:12Z,16,Donnée validée,10,Expertisée,20,Bonne,7.332793134,48.728811149,QmnJ
A3410200,A341020001,2023-11-19,6542.0,2026-06-02T08:08:12Z,16,Donnée validée,10,Expertisée,20,Bonne,7.332793134,48.728811149,QmnJ
A3410200,A341020001,2023-11-20,4590.0,2026-06-02T08:08:12Z,16,Donnée validée,10,Expertisée,20,Bonne,7.332793134,48.728811149,QmnJ
A3410200,A341020001,2023-11-21,4590.0,2026-06-02T08:08:12Z,16,Donnée validée,10,Expertisée,20,Bonne,7.332793134,48.728811149,QmnJ
A3410200,A341020001,2023-11-22,3452.0,2026-06-02T08:08:12Z,16,Donnée validée,8,Calculée,20,Bonne,7.332793134,48.728811149,QmnJ
A3410200,A341020001,2023-11-23,2748.0,2026-06-02T08:08:12Z,16,Donnée validée,10,Expertisée,20,Bonne,7.332793134,48.728811149,QmnJ
A3410200,A341020001,2023-11-24,2796.0,2026-06-02T08:08:12Z,16,Donnée validée,10,Expertisée,20,Bonne,7.332793134,48.728811149,QmnJ
A3410200,A341020001,2023-11-25,2494.0,2026-06-02T08:08:12Z,16,Donnée validée,10,Expertisée,20,Bonne,7.332793134,48.728811149,QmnJ
A3410200,A341020001,2023-11-26,2081.0,2026-06-02T08:08:12Z,16,Donnée validée,10,Expertisée,20,Bonne,7.332793134,48.728811149,QmnJ
A3410200,A341020001,2023-11-27,2153.0,2026-06-02T08:08:12Z,16,Donnée validée,10,Expertisée,20,Bonne,7.332793134,48.728811149,QmnJ
A3410200,A341020001,2023-11-28,3416.0,2026-06-02T08:08:12Z,16,Donnée validée,10,Expertisée,20,Bonne,7.332793134,48.728811149,QmnJ
A3410200,A341020001,2023-11-29,2438.0,2026-06-02T08:08:12Z,16,Donnée validée,10,Expertisée,20,Bonne,7.332793134,48.728811149,QmnJ
A3410200,A341020001,2023-11-30,2372.0,2026-06-02T08:08:12Z,16,Donnée validée,10,Expertisée,20,Bonne,7.332793134,48.728811149,QmnJ
A3410200,A341020001,2023-12-01,2258.0,2026-06-02T08:08:12Z,16,Donnée validée,10,Expertisée,20,Bonne,7.332793134,48.728811149,QmnJ
A3410200,A341020001,2023-12-02,1877.0,2026-06-02T08:08:12Z,16,Donnée validée,10,Expertisée,20,Bonne,7.332793134,48.728811149,QmnJ
A3410200,A341020001,2023-12-03,1552.0,2026-06-02T08:08:12Z,16,Donnée validée,10,Expertisée,20,Bonne,7.332793134,48.728811149,QmnJ
A3410200,A341020001,2023-12-04,1507.0,2026-06-02T08:08:12Z,16,Donnée validée,10,Expertisée,20,Bonne,7.332793134,48.728811149,QmnJ
A3410200,A341020001,2023-12-05,1680.0,2026-06-02T08:08:12Z,16,Donnée validée,10,Expertisée,20,Bonne,7.332793134,48.728811149,QmnJ
A3410200,A341020001,2023-12-06,1919.0,2026-06-02T08:08:12Z,16,Donnée validée,10,Expertisée,20,Bonne,7.332793134,48.728811149,QmnJ
A3410200,A341020001,2023-12-07,1488.0,2026-06-02T08:08:12Z,16,Donnée validée,10,Expertisée,20,Bonne,7.332793134,48.728811149,QmnJ
A3410200,A341020001,2023-12-08,1688.0,2026-06-02T08:08:12Z,16,Donnée validée,10,Expertisée,20,Bonne,7.332793134,48.728811149,QmnJ
A3410200,A341020001,2023-12-09,2156.0,2026-06-02T08:08:12Z,16,Donnée validée,10,Expertisée,20,Bonne,7.332793134,48.728811149,QmnJ
A3410200,A341020001,2023-12-10,2887.0,2026-06-02T08:08:12Z,16,Donnée validée,10,Expertisée,20,Bonne,7.332793134,48.728811149,QmnJ
A3410200,A341020001,2023-12-11,3037.0,2026-06-02T08:08:12Z,16,Donnée validée,10,Expertisée,20,Bonne,7.332793134,48.728811149,QmnJ
A3410200,A341020001,2023-12-12,5244.0,2026-06-02T08:08:12Z,16,Donnée validée,10,Expertisée,20,Bonne,7.332793134,48.728811149,QmnJ
A3410200,A341020001,2023-12-13,6471.0,2026-06-02T08:08:12Z,16,Donnée validée,10,Expertisée,20,Bonne,7.332793134,48.728811149,QmnJ
A3410200,A341020001,2023-12-14,5037.0,2026-06-02T08:08:12Z,16,Donnée validée,10,Expertisée,20,Bonne,7.332793134,48.728811149,QmnJ
A3410200,A341020001,2023-12-15,4205.0,2026-06-02T08:08:12Z,16,Donnée validée,10,Expertisée,20,Bonne,7.332793134,48.728811149,QmnJ
A3410200,A341020001,2023-12-16,3669.0,2026-06-02T08:08:12Z,16,Donnée validée,10,Expertisée,20,Bonne,7.332793134,48.728811149,QmnJ
A3410200,A341020001,2023-12-17,3398.0,2026-06-02T08:08:12Z,16,Donnée validée,10,Expertisée,20,Bonne,7.332793134,48.728811149,QmnJ
A3410200,A341020001,2023-12-18,3073.0,2026-06-02T08:08:12Z,16,Donnée validée,10,Expertisée,20,Bonne,7.332793134,48.728811149,QmnJ
A3410200,A341020001,2023-12-19,2828.0,2026-06-02T08:08:12Z,16,Donnée validée,10,Expertisée,20,Bonne,7.332793134,48.728811149,QmnJ
A3410200,A341020001,2023-12-20,3723.0,2026-06-02T08:08:12Z,16,Donnée validée,10,Expertisée,20,Bonne,7.332793134,48.728811149,QmnJ
A3410200,A341020001,2023-12-21,3879.0,2026-06-02T08:08:12Z,16,Donnée validée,10,Expertisée,20,Bonne,7.332793134,48.728811149,QmnJ
A3410200,A341020001,2023-12-22,5683.0,2026-06-02T08:08:12Z,16,Donnée validée,10,Expertisée,20,Bonne,7.332793134,48.728811149,QmnJ
A3410200,A341020001,2023-12-23,5223.0,2026-06-02T08:08:12Z,16,Donnée validée,10,Expertisée,20,Bonne,7.332793134,48.728811149,QmnJ
A3410200,A341020001,2023-12-24,4948.0,2026-06-02T08:08:12Z,16,Donnée validée,10,Expertisée,20,Bonne,7.332793134,48.728811149,QmnJ
A3410200,A341020001,2023-12-25,4736.0,2026-06-02T08:08:12Z,16,Donnée validée,10,Expertisée,20,Bonne,7.332793134,48.728811149,QmnJ
A3410200,A341020001,2023-12-26,4414.0,2026-06-02T08:08:12Z,16,Donnée validée,10,Expertisée,20,Bonne,7.332793134,48.728811149,QmnJ
A3410200,A341020001,2023-12-27,3803.0,2026-06-02T08:08:12Z,16,Donnée validée,10,Expertisée,20,Bonne,7.332793134,48.728811149,QmnJ
A3410200,A341020001,2023-12-28,3742.0,2026-06-02T08:08:12Z,16,Donnée validée,10,Expertisée,20,Bonne,7.332793134,48.728811149,QmnJ
A3410200,A341020001,2023-12-29,3346.0,2026-06-02T08:08:12Z,16,Donnée validée,10,Expertisée,20,Bonne,7.332793134,48.728811149,QmnJ
A3410200,A341020001,2023-12-30,3003.0,2026-06-02T08:08:12Z,16,Donnée validée,10,Expertisée,20,Bonne,7.332793134,48.728811149,QmnJ
A3410200,A341020001,2023-12-31,3089.0,2026-06-02T08:08:12Z,16,Donnée validée,10,Expertisée,20,Bonne,7.332793134,48.728811149,QmnJ
A3410200,A341020001,2024-01-01,2848.0,2026-06-02T08:08:12Z,16,Donnée validée,10,Expertisée,20,Bonne,7.332793134,48.728811149,QmnJ
A3410200,A341020001,2024-01-02,3624.0,2026-06-02T08:08:12Z,16,Donnée validée,10,Expertisée,20,Bonne,7.332793134,48.728811149,QmnJ
A3410200,A341020001,2024-01-03,4964.0,2026-06-02T08:08:12Z,16,Donnée validée,10,Expertisée,20,Bonne,7.332793134,48.728811149,QmnJ
A3410200,A341020001,2024-01-04,6692.0,2026-06-02T08:08:12Z,16,Donnée validée,10,Expertisée,20,Bonne,7.332793134,48.728811149,QmnJ
A3410200,A341020001,2024-01-05,5324.0,2026-06-02T08:08:12Z,16,Donnée validée,10,Expertisée,20,Bonne,7.332793134,48.728811149,QmnJ
A3410200,A341020001,2024-01-06,4952.0,2026-06-02T08:08:12Z,16,Donnée validée,10,Expertisée,20,Bonne,7.332793134,48.728811149,QmnJ
A3410200,A341020001,2024-01-07,4483.0,2026-06-02T08:08:12Z,16,Donnée validée,10,Expertisée,20,Bonne,7.332793134,48.728811149,QmnJ
A3410200,A341020001,2024-01-08,3840.0,2026-06-02T08:08:12Z,16,Donnée validée,10,Expertisée,20,Bonne,7.332793134,48.728811149,QmnJ
A3410200,A341020001,2024-01-09,3386.0,2026-06-02T08:08:12Z,16,Donnée validée,10,Expertisée,20,Bonne,7.332793134,48.728811149,QmnJ
A3410200,A341020001,2024-01-10,3170.0,2026-06-02T08:08:12Z,16,Donnée validée,8,Calculée,20,Bonne,7.332793134,48.728811149,QmnJ
A3410200,A341020001,2024-01-11,2964.0,2026-06-02T08:08:12Z,16,Donnée validée,10,Expertisée,20,Bonne,7.332793134,48.728811149,QmnJ
A3410200,A341020001,2024-01-12,2693.0,2026-06-02T08:08:12Z,16,Donnée validée,10,Expertisée,20,Bonne,7.332793134,48.728811149,QmnJ
A3410200,A341020001,2024-01-13,2564.0,2026-06-02T08:08:12Z,16,Donnée validée,10,Expertisée,20,Bonne,7.332793134,48.728811149,QmnJ
A3410200,A341020001,2024-01-14,2551.0,2026-06-02T08:08:12Z,16,Donnée validée,10,Expertisée,20,Bonne,7.332793134,48.728811149,QmnJ
A3410200,A341020001,2024-01-15,2538.0,2026-06-02T08:08:12Z,16,Donnée validée,10,Expertisée,20,Bonne,7.332793134,48.728811149,QmnJ
A3410200,A341020001,2024-01-16,2207.0,2026-06-02T08:08:12Z,16,Donnée validée,10,Expertisée,20,Bonne,7.332793134,48.728811149,QmnJ
A3410200,A341020001,2024-01-17,3653.0,2026-06-02T08:08:12Z,16,Donnée validée,10,Expertisée,20,Bonne,7.332793134,48.728811149,QmnJ
A3410200,A341020001,2024-01-18,5542.0,2026-06-02T08:08:12Z,16,Donnée validée,10,Expertisée,20,Bonne,7.332793134,48.728811149,QmnJ
A3410200,A341020001,2024-01-19,3663.0,2026-06-02T08:08:12Z,16,Donnée validée,10,Expertisée,20,Bonne,7.332793134,48.728811149,QmnJ
A3410200,A341020001,2024-01-20,2712.0,2026-06-02T08:08:12Z,16,Donnée validée,10,Expertisée,20,Bonne,7.332793134,48.728811149,QmnJ
A3410200,A341020001,2024-01-21,2307.0,2026-06-02T08:08:12Z,16,Donnée validée,10,Expertisée,20,Bonne,7.332793134,48.728811149,QmnJ
A3410200,A341020001,2024-01-22,3162.0,2026-06-02T08:08:12Z,16,Donnée validée,10,Expertisée,20,Bonne,7.332793134,48.728811149,QmnJ
A3410200,A341020001,2024-01-23,3993.0,2026-06-02T08:08:12Z,16,Donnée validée,10,Expertisée,20,Bonne,7.332793134,48.728811149,QmnJ
A3410200,A341020001,2024-01-24,3508.0,2026-06-02T08:08:12Z,16,Donnée validée,10,Expertisée,20,Bonne,7.332793134,48.728811149,QmnJ
A3410200,A341020001,2024-01-25,3166.0,2026-06-02T08:08:12Z,16,Donnée validée,10,Expertisée,20,Bonne,7.332793134,48.728811149,QmnJ
A3410200,A341020001,2024-01-26,3633.0,2026-06-02T08:08:12Z,16,Donnée validée,10,Expertisée,20,Bonne,7.332793134,48.728811149,QmnJ
A3410200,A341020001,2024-01-27,3336.0,2026-06-02T08:08:12Z,16,Donnée validée,10,Expertisée,20,Bonne,7.332793134,48.728811149,QmnJ
A3410200,A341020001,2024-01-28,3161.0,2026-06-02T08:08:12Z,16,Donnée validée,10,Expertisée,20,Bonne,7.332793134,48.728811149,QmnJ
A3410200,A341020001,2024-01-29,3125.0,2026-06-02T08:08:12Z,16,Donnée validée,10,Expertisée,20,Bonne,7.332793134,48.728811149,QmnJ
A3410200,A341020001,2024-01-30,3068.0,2026-06-02T08:08:12Z,16,Donnée validée,10,Expertisée,20,Bonne,7.332793134,48.728811149,QmnJ
A3410200,A341020001,2024-01-31,2946.0,2026-06-02T08:08:12Z,16,Donnée validée,10,Expertisée,20,Bonne,7.332793134,48.728811149,QmnJ
A3410200,A341020001,2024-02-01,3124.0,2026-06-02T08:08:12Z,16,Donnée validée,10,Expertisée,20,Bonne,7.332793134,48.728811149,QmnJ
A3410200,A341020001,2024-02-02,2776.0,2026-06-02T08:08:12Z,16,Donnée validée,10,Expertisée,20,Bonne,7.332793134,48.728811149,QmnJ
A3410200,A341020001,2024-02-03,2576.0,2026-06-02T08:08:12Z,16,Donnée validée,10,Expertisée,20,Bonne,7.332793134,48.728811149,QmnJ
A3410200,A341020001,2024-02-04,2438.0,2026-06-02T08:08:12Z,16,Donnée validée,10,Expertisée,20,Bonne,7.332793134,48.728811149,QmnJ
A3410200,A341020001,2024-02-05,2343.0,2026-06-02T08:08:12Z,16,Donnée validée,10,Expertisée,20,Bonne,7.332793134,48.728811149,QmnJ
A3410200,A341020001,2024-02-06,2246.0,2026-06-02T08:08:12Z,16,Donnée validée,10,Expertisée,20,Bonne,7.332793134,48.728811149,QmnJ
A3410200,A341020001,2024-02-07,2481.0,2026-06-02T08:08:12Z,16,Donnée validée,10,Expertisée,20,Bonne,7.332793134,48.728811149,QmnJ
A3410200,A341020001,2024-02-08,3385.0,2026-06-02T08:08:12Z,16,Donnée validée,10,Expertisée,20,Bonne,7.332793134,48.728811149,QmnJ
A3410200,A341020001,2024-02-09,3357.0,2026-06-02T08:08:12Z,16,Donnée validée,10,Expertisée,20,Bonne,7.332793134,48.728811149,QmnJ
A3410200,A341020001,2024-02-10,3160.0,2026-06-02T08:08:12Z,16,Donnée validée,10,Expertisée,20,Bonne,7.332793134,48.728811149,QmnJ
A3410200,A341020001,2024-02-11,2829.0,2026-06-02T08:08:12Z,16,Donnée validée,10,Expertisée,20,Bonne,7.332793134,48.728811149,QmnJ
A3410200,A341020001,2024-02-12,2471.0,2026-06-02T08:08:12Z,16,Donnée validée,10,Expertisée,20,Bonne,7.332793134,48.728811149,QmnJ
A3410200,A341020001,2024-02-13,2204.0,2026-06-02T08:08:12Z,16,Donnée validée,10,Expertisée,20,Bonne,7.332793134,48.728811149,QmnJ
A3410200,A341020001,2024-02-14,2051.0,2026-06-02T08:08:12Z,16,Donnée validée,10,Expertisée,20,Bonne,7.332793134,48.728811149,QmnJ
A3410200,A341020001,2024-02-15,1796.0,2026-06-02T08:08:12Z,16,Donnée validée,10,Expertisée,20,Bonne,7.332793134,48.728811149,QmnJ
A3410200,A341020001,2024-02-16,1801.0,2026-06-02T08:08:12Z,16,Donnée validée,10,Expertisée,20,Bonne,7.332793134,48.728811149,QmnJ
A3410200,A341020001,2024-02-17,1848.0,2026-06-02T08:08:12Z,16,Donnée validée,10,Expertisée,20,Bonne,7.332793134,48.728811149,QmnJ
A3410200,A341020001,2024-02-18,1610.0,2026-06-02T08:08:12Z,16,Donnée validée,10,Expertisée,20,Bonne,7.332793134,48.728811149,QmnJ
A3410200,A341020001,2024-02-19,2134.0,2026-06-02T08:08:12Z,16,Donnée validée,10,Expertisée,20,Bonne,7.332793134,48.728811149,QmnJ
A3410200,A341020001,2024-02-20,2055.0,2026-06-02T08:08:12Z,16,Donnée validée,10,Expertisée,20,Bonne,7.332793134,48.728811149,QmnJ
A3410200,A341020001,2024-02-21,1887.0,2026-06-02T08:08:12Z,16,Donnée validée,10,Expertisée,20,Bonne,7.332793134,48.728811149,QmnJ
A3410200,A341020001,2024-02-22,4563.0,2026-06-02T08:08:12Z,16,Donnée validée,10,Expertisée,20,Bonne,7.332793134,48.728811149,QmnJ
A3410200,A341020001,2024-02-23,4185.0,2026-06-02T08:08:12Z,16,Donnée validée,10,Expertisée,20,Bonne,7.332793134,48.728811149,QmnJ
A3410200,A341020001,2024-02-24,3745.0,2026-06-02T08:08:12Z,16,Donnée validée,10,Expertisée,20,Bonne,7.332793134,48.728811149,QmnJ
A3410200,A341020001,2024-02-25,3232.0,2026-06-02T08:08:12Z,16,Donnée validée,10,Expertisée,20,Bonne,7.332793134,48.728811149,QmnJ
A3410200,A341020001,2024-02-26,3465.0,2026-06-02T08:08:12Z,16,Donnée validée,10,Expertisée,20,Bonne,7.332793134,48.728811149,QmnJ
A3410200,A341020001,2024-02-27,3066.0,2026-06-02T08:08:12Z,16,Donnée validée,10,Expertisée,20,Bonne,7.332793134,48.728811149,QmnJ
A3410200,A341020001,2024-02-28,2731.0,2026-06-02T08:08:12Z,16,Donnée validée,10,Expertisée,20,Bonne,7.332793134,48.728811149,QmnJ
A3410200,A341020001,2024-02-29,2563.0,2026-06-02T08:08:12Z,16,Donnée validée,10,Expertisée,20,Bonne,7.332793134,48.728811149,QmnJ
A3410200,A341020001,2024-03-01,2595.0,2026-06-02T08:08:12Z,16,Donnée validée,8,Calculée,20,Bonne,7.332793134,48.728811149,QmnJ
A3410200,A341020001,2024-03-02,2608.0,2026-06-02T08:08:12Z,16,Donnée validée,10,Expertisée,20,Bonne,7.332793134,48.728811149,QmnJ
A3410200,A341020001,2024-03-03,2559.0,2026-06-02T08:08:12Z,16,Donnée validée,10,Expertisée,20,Bonne,7.332793134,48.728811149,QmnJ
A3410200,A341020001,2024-03-04,2314.0,2026-06-02T08:08:12Z,16,Donnée validée,10,Expertisée,20,Bonne,7.332793134,48.728811149,QmnJ
A3410200,A341020001,2024-03-05,2088.0,2026-06-02T08:08:12Z,16,Donnée validée,10,Expertisée,20,Bonne,7.332793134,48.728811149,QmnJ
A3410200,A341020001,2024-03-06,1899.0,2026-06-02T08:08:12Z,16,Donnée validée,10,Expertisée,20,Bonne,7.332793134,48.728811149,QmnJ
A3410200,A341020001,2024-03-07,1741.0,2026-06-02T08:08:12Z,16,Donnée validée,10,Expertisée,20,Bonne,7.332793134,48.728811149,QmnJ
A3410200,A341020001,2024-03-08,1776.0,2026-06-02T08:08:12Z,16,Donnée validée,10,Expertisée,20,Bonne,7.332793134,48.728811149,QmnJ
A3410200,A341020001,2024-03-09,1830.0,2026-06-02T08:08:12Z,16,Donnée validée,10,Expertisée,20,Bonne,7.332793134,48.728811149,QmnJ
A3410200,A341020001,2024-03-10,1977.0,2026-06-02T08:08:12Z,16,Donnée validée,10,Expertisée,20,Bonne,7.332793134,48.728811149,QmnJ
A3410200,A341020001,2024-03-11,1963.0,2026-06-02T08:08:12Z,16,Donnée validée,10,Expertisée,20,Bonne,7.332793134,48.728811149,QmnJ
A3410200,A341020001,2024-03-12,1668.0,2026-06-02T08:08:12Z,16,Donnée validée,10,Expertisée,20,Bonne,7.332793134,48.728811149,QmnJ
A3410200,A341020001,2024-03-13,4294.0,2026-06-02T08:08:12Z,16,Donnée validée,10,Expertisée,20,Bonne,7.332793134,48.728811149,QmnJ
A3410200,A341020001,2024-03-14,2745.0,2026-06-02T08:08:12Z,16,Donnée validée,10,Expertisée,20,Bonne,7.332793134,48.728811149,QmnJ
A3410200,A341020001,2024-03-15,2493.0,2026-06-02T08:08:12Z,16,Donnée validée,10,Expertisée,20,Bonne,7.332793134,48.728811149,QmnJ
A3410200,A341020001,2024-03-16,3748.0,2026-06-02T08:08:12Z,16,Donnée validée,10,Expertisée,20,Bonne,7.332793134,48.728811149,QmnJ
A3410200,A341020001,2024-03-17,2880.0,2026-06-02T08:08:12Z,16,Donnée validée,10,Expertisée,20,Bonne,7.332793134,48.728811149,QmnJ
A3410200,A341020001,2024-03-18,2917.0,2026-06-02T08:08:12Z,16,Donnée validée,10,Expertisée,20,Bonne,7.332793134,48.728811149,QmnJ
A3410200,A341020001,2024-03-19,2705.0,2026-06-02T08:08:12Z,16,Donnée validée,10,Expertisée,20,Bonne,7.332793134,48.728811149,QmnJ
A3410200,A341020001,2024-03-20,2438.0,2026-06-02T08:08:12Z,16,Donnée validée,10,Expertisée,20,Bonne,7.332793134,48.728811149,QmnJ
A3410200,A341020001,2024-03-21,2243.0,2026-06-02T08:08:12Z,16,Donnée validée,10,Expertisée,20,Bonne,7.332793134,48.728811149,QmnJ
A3410200,A341020001,2024-03-22,2040.0,2026-06-02T08:08:12Z,16,Donnée validée,10,Expertisée,20,Bonne,7.332793134,48.728811149,QmnJ
A3410200,A341020001,2024-03-23,2122.0,2026-06-02T08:08:12Z,16,Donnée validée,10,Expertisée,20,Bonne,7.332793134,48.728811149,QmnJ
A3410200,A341020001,2024-03-24,2450.0,2026-06-02T08:08:12Z,16,Donnée validée,10,Expertisée,20,Bonne,7.332793134,48.728811149,QmnJ
A3410200,A341020001,2024-03-25,2470.0,2026-06-02T08:08:12Z,16,Donnée validée,8,Calculée,20,Bonne,7.332793134,48.728811149,QmnJ
A3410200,A341020001,2024-03-26,2293.0,2026-06-02T08:08:12Z,16,Donnée validée,8,Calculée,20,Bonne,7.332793134,48.728811149,QmnJ
A3410200,A341020001,2024-03-27,2313.0,2026-06-02T08:08:12Z,16,Donnée validée,10,Expertisée,20,Bonne,7.332793134,48.728811149,QmnJ
A3410200,A341020001,2024-03-28,2140.0,2026-06-02T08:08:12Z,16,Donnée validée,10,Expertisée,20,Bonne,7.332793134,48.728811149,QmnJ
A3410200,A341020001,2024-03-29,2500.0,2026-06-02T08:08:12Z,16,Donnée validée,10,Expertisée,20,Bonne,7.332793134,48.728811149,QmnJ
A3410200,A341020001,2024-03-30,2271.0,2026-06-02T08:08:12Z,16,Donnée validée,10,Expertisée,20,Bonne,7.332793134,48.728811149,QmnJ
A3410200,A341020001,2024-03-31,2143.0,2026-06-02T08:08:12Z,16,Donnée validée,10,Expertisée,20,Bonne,7.332793134,48.728811149,QmnJ
A3410200,A341020001,2024-04-01,4805.0,2026-06-02T08:08:12Z,16,Donnée validée,10,Expertisée,20,Bonne,7.332793134,48.728811149,QmnJ
A3410200,A341020001,2024-04-02,3519.0,2026-06-02T08:08:12Z,16,Donnée validée,10,Expertisée,20,Bonne,7.332793134,48.728811149,QmnJ
A3410200,A341020001,2024-04-03,2954.0,2026-06-02T08:08:12Z,16,Donnée validée,10,Expertisée,20,Bonne,7.332793134,48.728811149,QmnJ
A3410200,A341020001,2024-04-04,3270.0,2026-06-02T08:08:12Z,16,Donnée validée,10,Expertisée,20,Bonne,7.332793134,48.728811149,QmnJ
A3410200,A341020001,2024-04-05,3299.0,2026-06-02T08:08:12Z,16,Donnée validée,10,Expertisée,20,Bonne,7.332793134,48.728811149,QmnJ
A3410200,A341020001,2024-04-06,2875.0,2026-06-02T08:08:12Z,16,Donnée validée,10,Expertisée,20,Bonne,7.332793134,48.728811149,QmnJ
A3410200,A341020001,2024-04-07,2656.0,2026-06-02T08:08:12Z,16,Donnée validée,10,Expertisée,20,Bonne,7.332793134,48.728811149,QmnJ
A3410200,A341020001,2024-04-08,2544.0,2026-06-02T08:08:12Z,16,Donnée validée,10,Expertisée,20,Bonne,7.332793134,48.728811149,QmnJ
A3410200,A341020001,2024-04-09,2659.0,2026-06-02T08:08:12Z,16,Donnée validée,10,Expertisée,20,Bonne,7.332793134,48.728811149,QmnJ
A3410200,A341020001,2024-04-10,2252.0,2026-06-02T08:08:12Z,16,Donnée validée,10,Expertisée,20,Bonne,7.332793134,48.728811149,QmnJ
A3410200,A341020001,2024-04-11,1927.0,2026-06-02T08:08:12Z,16,Donnée validée,10,Expertisée,20,Bonne,7.332793134,48.728811149,QmnJ
A3410200,A341020001,2024-04-12,1888.0,2026-06-02T08:08:12Z,16,Donnée validée,10,Expertisée,20,Bonne,7.332793134,48.728811149,QmnJ
A3410200,A341020001,2024-04-13,1895.0,2026-06-02T08:08:12Z,16,Donnée validée,10,Expertisée,20,Bonne,7.332793134,48.728811149,QmnJ
A3410200,A341020001,2024-04-14,1913.0,2026-06-02T08:08:12Z,16,Donnée validée,10,Expertisée,20,Bonne,7.332793134,48.728811149,QmnJ
A3410200,A341020001,2024-04-15,1939.0,2026-06-02T08:08:12Z,16,Donnée validée,10,Expertisée,20,Bonne,7.332793134,48.728811149,QmnJ
A3410200,A341020001,2024-04-16,2109.0,2026-06-02T08:08:12Z,16,Donnée validée,10,Expertisée,20,Bonne,7.332793134,48.728811149,QmnJ
A3410200,A341020001,2024-04-17,1984.0,2026-06-02T08:08:12Z,16,Donnée validée,10,Expertisée,20,Bonne,7.332793134,48.728811149,QmnJ
A3410200,A341020001,2024-04-18,1969.0,2026-06-02T08:08:12Z,16,Donnée validée,10,Expertisée,20,Bonne,7.332793134,48.728811149,QmnJ
A3410200,A341020001,2024-04-19,2277.0,2026-06-02T08:08:12Z,16,Donnée validée,10,Expertisée,20,Bonne,7.332793134,48.728811149,QmnJ
A3410200,A341020001,2024-04-20,2315.0,2026-06-02T08:08:12Z,16,Donnée validée,10,Expertisée,20,Bonne,7.332793134,48.728811149,QmnJ
A3410200,A341020001,2024-04-21,2048.0,2026-06-02T08:08:12Z,16,Donnée validée,10,Expertisée,20,Bonne,7.332793134,48.728811149,QmnJ
A3410200,A341020001,2024-04-22,1981.0,2026-06-02T08:08:12Z,16,Donnée validée,10,Expertisée,20,Bonne,7.332793134,48.728811149,QmnJ
A3410200,A341020001,2024-04-23,1847.0,2026-06-02T08:08:12Z,16,Donnée validée,10,Expertisée,20,Bonne,7.332793134,48.728811149,QmnJ
A3410200,A341020001,2024-04-24,1958.0,2026-06-02T08:08:12Z,16,Donnée validée,10,Expertisée,20,Bonne,7.332793134,48.728811149,QmnJ
A3410200,A341020001,2024-04-25,2007.0,2026-06-02T08:08:12Z,16,Donnée validée,10,Expertisée,20,Bonne,7.332793134,48.728811149,QmnJ
A3410200,A341020001,2024-04-26,2015.0,2026-06-02T08:08:12Z,16,Donnée validée,10,Expertisée,20,Bonne,7.332793134,48.728811149,QmnJ
A3410200,A341020001,2024-04-27,1896.0,2026-06-02T08:08:12Z,16,Donnée validée,10,Expertisée,20,Bonne,7.332793134,48.728811149,QmnJ
A3410200,A341020001,2024-04-28,1792.0,2026-06-02T08:08:12Z,16,Donnée validée,10,Expertisée,20,Bonne,7.332793134,48.728811149,QmnJ
A3410200,A341020001,2024-04-29,1576.0,2026-06-02T08:08:12Z,16,Donnée validée,10,Expertisée,20,Bonne,7.332793134,48.728811149,QmnJ
A3410200,A341020001,2024-04-30,1487.0,2026-06-02T08:08:12Z,16,Donnée validée,10,Expertisée,20,Bonne,7.332793134,48.728811149,QmnJ
A3410200,A341020001,2024-05-01,1546.0,2026-06-02T08:08:12Z,16,Donnée validée,10,Expertisée,20,Bonne,7.332793134,48.728811149,QmnJ
A3410200,A341020001,2024-05-02,1748.0,2026-06-02T08:08:12Z,16,Donnée validée,10,Expertisée,20,Bonne,7.332793134,48.728811149,QmnJ
A3410200,A341020001,2024-05-03,1886.0,2026-06-02T08:08:12Z,16,Donnée validée,10,Expertisée,20,Bonne,7.332793134,48.728811149,QmnJ
A3410200,A341020001,2024-05-04,1432.0,2026-06-02T08:08:12Z,16,Donnée validée,10,Expertisée,20,Bonne,7.332793134,48.728811149,QmnJ
A3410200,A341020001,2024-05-05,1511.0,2026-06-02T08:08:12Z,16,Donnée validée,10,Expertisée,20,Bonne,7.332793134,48.728811149,QmnJ
A3410200,A341020001,2024-05-06,2070.0,2026-06-02T08:08:12Z,16,Donnée validée,10,Expertisée,20,Bonne,7.332793134,48.728811149,QmnJ
A3410200,A341020001,2024-05-07,1805.0,2026-06-02T08:08:12Z,16,Donnée validée,10,Expertisée,20,Bonne,7.332793134,48.728811149,QmnJ
A3410200,A341020001,2024-05-08,1635.0,2026-06-02T08:08:12Z,16,Donnée validée,10,Expertisée,20,Bonne,7.332793134,48.728811149,QmnJ
A3410200,A341020001,2024-05-09,1359.0,2026-06-02T08:08:12Z,16,Donnée validée,10,Expertisée,20,Bonne,7.332793134,48.728811149,QmnJ
A3410200,A341020001,2024-05-10,1321.0,2026-06-02T08:08:12Z,16,Donnée validée,10,Expertisée,20,Bonne,7.332793134,48.728811149,QmnJ
A3410200,A341020001,2024-05-11,1251.0,2026-06-02T08:08:12Z,16,Donnée validée,10,Expertisée,20,Bonne,7.332793134,48.728811149,QmnJ
A3410200,A341020001,2024-05-12,1234.0,2026-06-02T08:08:12Z,16,Donnée validée,10,Expertisée,20,Bonne,7.332793134,48.728811149,QmnJ
A3410200,A341020001,2024-05-13,1266.0,2026-06-02T08:08:12Z,16,Donnée validée,10,Expertisée,20,Bonne,7.332793134,48.728811149,QmnJ
A3410200,A341020001,2024-05-14,1340.0,2026-06-02T08:08:12Z,16,Donnée validée,8,Calculée,20,Bonne,7.332793134,48.728811149,QmnJ
A3410200,A341020001,2024-05-15,1530.0,2026-06-02T08:08:12Z,16,Donnée validée,10,Expertisée,20,Bonne,7.332793134,48.728811149,QmnJ
A3410200,A341020001,2024-05-16,1988.0,2026-06-02T08:08:12Z,16,Donnée validée,10,Expertisée,20,Bonne,7.332793134,48.728811149,QmnJ
A3410200,A341020001,2024-05-17,15989.0,2026-06-02T08:08:12Z,16,Donnée validée,10,Expertisée,20,Bonne,7.332793134,48.728811149,QmnJ
A3410200,A341020001,2024-05-18,10667.0,2026-06-02T08:08:12Z,16,Donnée validée,10,Expertisée,20,Bonne,7.332793134,48.728811149,QmnJ
A3410200,A341020001,2024-05-19,8166.0,2026-06-02T08:08:12Z,16,Donnée validée,10,Expertisée,20,Bonne,7.332793134,48.728811149,QmnJ
A3410200,A341020001,2024-05-20,6842.0,2026-06-02T08:08:12Z,16,Donnée validée,10,Expertisée,20,Bonne,7.332793134,48.728811149,QmnJ
A3410200,A341020001,2024-05-21,8056.0,2026-06-02T08:08:12Z,16,Donnée validée,10,Expertisée,20,Bonne,7.332793134,48.728811149,QmnJ
A3410200,A341020001,2024-05-22,6493.0,2026-06-02T08:08:12Z,16,Donnée validée,10,Expertisée,20,Bonne,7.332793134,48.728811149,QmnJ
A3410200,A341020001,2024-05-23,5685.0,2026-06-02T08:08:12Z,16,Donnée validée,10,Expertisée,20,Bonne,7.332793134,48.728811149,QmnJ
A3410200,A341020001,2024-05-24,5675.0,2026-06-02T08:08:12Z,16,Donnée validée,10,Expertisée,20,Bonne,7.332793134,48.728811149,QmnJ
A3410200,A341020001,2024-05-25,5267.0,2026-06-02T08:08:12Z,16,Donnée validée,10,Expertisée,20,Bonne,7.332793134,48.728811149,QmnJ
A3410200,A341020001,2024-05-26,4859.0,2026-06-02T08:08:12Z,16,Donnée validée,10,Expertisée,20,Bonne,7.332793134,48.728811149,QmnJ
A3410200,A341020001,2024-05-27,4523.0,2026-06-02T08:08:12Z,16,Donnée validée,10,Expertisée,20,Bonne,7.332793134,48.728811149,QmnJ
A3410200,A341020001,2024-05-28,4058.0,2026-06-02T08:08:12Z,16,Donnée validée,10,Expertisée,20,Bonne,7.332793134,48.728811149,QmnJ
A3410200,A341020001,2024-05-29,3786.0,2026-06-02T08:08:12Z,16,Donnée validée,10,Expertisée,20,Bonne,7.332793134,48.728811149,QmnJ
A3410200,A341020001,2024-05-30,4689.0,2026-06-02T08:08:12Z,16,Donnée validée,10,Expertisée,20,Bonne,7.332793134,48.728811149,QmnJ
A3410200,A341020001,2024-05-31,6034.0,2026-06-02T08:08:12Z,16,Donnée validée,10,Expertisée,20,Bonne,7.332793134,48.728811149,QmnJ
A3410200,A341020001,2024-06-01,4942.0,2026-06-02T08:08:12Z,16,Donnée validée,10,Expertisée,20,Bonne,7.332793134,48.728811149,QmnJ
A3410200,A341020001,2024-06-02,4895.0,2026-06-02T08:08:12Z,16,Donnée validée,10,Expertisée,20,Bonne,7.332793134,48.728811149,QmnJ
A3410200,A341020001,2024-06-03,4490.0,2026-06-02T08:08:12Z,16,Donnée validée,10,Expertisée,20,Bonne,7.332793134,48.728811149,QmnJ
A3410200,A341020001,2024-06-04,4463.0,2026-06-02T08:08:12Z,16,Donnée validée,10,Expertisée,20,Bonne,7.332793134,48.728811149,QmnJ
A3410200,A341020001,2024-06-05,4228.0,2026-06-02T08:08:12Z,16,Donnée validée,10,Expertisée,20,Bonne,7.332793134,48.728811149,QmnJ
A3410200,A341020001,2024-06-06,3907.0,2026-06-02T08:08:12Z,16,Donnée validée,10,Expertisée,20,Bonne,7.332793134,48.728811149,QmnJ
A3410200,A341020001,2024-06-07,3599.0,2026-06-02T08:08:12Z,16,Donnée validée,10,Expertisée,20,Bonne,7.332793134,48.728811149,QmnJ
A3410200,A341020001,2024-06-08,3429.0,2026-06-02T08:08:12Z,16,Donnée validée,10,Expertisée,20,Bonne,7.332793134,48.728811149,QmnJ
A3410200,A341020001,2024-06-09,3303.0,2026-06-02T08:08:12Z,16,Donnée validée,10,Expertisée,20,Bonne,7.332793134,48.728811149,QmnJ
A3410200,A341020001,2024-06-10,3044.0,2026-06-02T08:08:12Z,16,Donnée validée,10,Expertisée,20,Bonne,7.332793134,48.728811149,QmnJ
A3410200,A341020001,2024-06-11,2789.0,2026-06-02T08:08:12Z,16,Donnée validée,10,Expertisée,20,Bonne,7.332793134,48.728811149,QmnJ
A3410200,A341020001,2024-06-12,2501.0,2026-06-02T08:08:12Z,16,Donnée validée,10,Expertisée,20,Bonne,7.332793134,48.728811149,QmnJ
A3410200,A341020001,2024-06-13,2248.0,2026-06-02T08:08:12Z,16,Donnée validée,8,Calculée,20,Bonne,7.332793134,48.728811149,QmnJ
A3410200,A341020001,2024-06-14,2353.0,2026-06-02T08:08:12Z,16,Donnée validée,8,Calculée,20,Bonne,7.332793134,48.728811149,QmnJ
A3410200,A341020001,2024-06-15,2576.0,2026-06-02T08:08:12Z,16,Donnée validée,8,Calculée,20,Bonne,7.332793134,48.728811149,QmnJ
A3410200,A341020001,2024-06-16,2213.0,2026-06-02T08:08:12Z,16,Donnée validée,10,Expertisée,20,Bonne,7.332793134,48.728811149,QmnJ
A3410200,A341020001,2024-06-17,2546.0,2026-06-02T08:08:12Z,16,Donnée validée,10,Expertisée,20,Bonne,7.332793134,48.728811149,QmnJ
A3410200,A341020001,2024-06-18,2084.0,2026-06-02T08:08:12Z,16,Donnée validée,10,Expertisée,20,Bonne,7.332793134,48.728811149,QmnJ
A3410200,A341020001,2024-06-19,1999.0,2026-06-02T08:08:12Z,16,Donnée validée,10,Expertisée,20,Bonne,7.332793134,48.728811149,QmnJ
A3410200,A341020001,2024-06-20,1813.0,2026-06-02T08:08:12Z,16,Donnée validée,8,Calculée,20,Bonne,7.332793134,48.728811149,QmnJ
A3410200,A341020001,2024-06-21,1835.0,2026-06-02T08:08:12Z,16,Donnée validée,8,Calculée,20,Bonne,7.332793134,48.728811149,QmnJ
A3410200,A341020001,2024-06-22,1980.0,2026-06-02T08:08:12Z,16,Donnée validée,10,Expertisée,20,Bonne,7.332793134,48.728811149,QmnJ
A3410200,A341020001,2024-06-23,1749.0,2026-06-02T08:08:12Z,16,Donnée validée,10,Expertisée,20,Bonne,7.332793134,48.728811149,QmnJ
A3410200,A341020001,2024-06-24,1612.0,2026-06-02T08:08:12Z,16,Donnée validée,10,Expertisée,20,Bonne,7.332793134,48.728811149,QmnJ
A3410200,A341020001,2024-06-25,1514.0,2026-06-02T08:08:12Z,16,Donnée validée,10,Expertisée,20,Bonne,7.332793134,48.728811149,QmnJ
A3410200,A341020001,2024-06-26,1429.0,2026-06-02T08:08:12Z,16,Donnée validée,10,Expertisée,20,Bonne,7.332793134,48.728811149,QmnJ
A3410200,A341020001,2024-06-27,1346.0,2026-06-02T08:08:12Z,16,Donnée validée,10,Expertisée,20,Bonne,7.332793134,48.728811149,QmnJ
A3410200,A341020001,2024-06-28,1270.0,2026-06-02T08:08:12Z,16,Donnée validée,10,Expertisée,20,Bonne,7.332793134,48.728811149,QmnJ
A3410200,A341020001,2024-06-29,1320.0,2026-06-02T08:08:12Z,16,Donnée validée,8,Calculée,20,Bonne,7.332793134,48.728811149,QmnJ
A3410200,A341020001,2024-06-30,1995.0,2026-06-02T08:08:12Z,16,Donnée validée,8,Calculée,20,Bonne,7.332793134,48.728811149,QmnJ
A3410200,A341020001,2024-07-01,1692.0,2026-06-02T08:08:12Z,16,Donnée validée,8,Calculée,20,Bonne,7.332793134,48.728811149,QmnJ
A3410200,A341020001,2024-07-02,1439.0,2026-06-02T08:08:12Z,16,Donnée validée,10,Expertisée,20,Bonne,7.332793134,48.728811149,QmnJ
A3410200,A341020001,2024-07-03,1942.0,2026-06-02T08:08:12Z,16,Donnée validée,8,Calculée,20,Bonne,7.332793134,48.728811149,QmnJ
A3410200,A341020001,2024-07-04,2037.0,2026-06-02T08:08:12Z,16,Donnée validée,10,Expertisée,20,Bonne,7.332793134,48.728811149,QmnJ
A3410200,A341020001,2024-07-05,1619.0,2026-06-02T08:08:12Z,16,Donnée validée,10,Expertisée,20,Bonne,7.332793134,48.728811149,QmnJ
A3410200,A341020001,2024-07-06,1749.0,2026-06-02T08:08:12Z,16,Donnée validée,8,Calculée,20,Bonne,7.332793134,48.728811149,QmnJ
A3410200,A341020001,2024-07-07,1778.0,2026-06-02T08:08:12Z,16,Donnée validée,8,Calculée,20,Bonne,7.332793134,48.728811149,QmnJ
A3410200,A341020001,2024-07-08,1371.0,2026-06-02T08:08:12Z,16,Donnée validée,10,Expertisée,20,Bonne,7.332793134,48.728811149,QmnJ
A3410200,A341020001,2024-07-09,1283.0,2026-06-02T08:08:12Z,16,Donnée validée,10,Expertisée,20,Bonne,7.332793134,48.728811149,QmnJ
A3410200,A341020001,2024-07-10,1271.0,2026-06-02T08:08:12Z,16,Donnée validée,10,Expertisée,20,Bonne,7.332793134,48.728811149,QmnJ
A3410200,A341020001,2024-07-11,1422.0,2026-06-02T08:08:12Z,16,Donnée validée,8,Calculée,20,Bonne,7.332793134,48.728811149,QmnJ
A3410200,A341020001,2024-07-12,1291.0,2026-06-02T08:08:12Z,16,Donnée validée,8,Calculée,20,Bonne,7.332793134,48.728811149,QmnJ
A3410200,A341020001,2024-07-13,1224.0,2026-06-02T08:08:12Z,16,Donnée validée,10,Expertisée,20,Bonne,7.332793134,48.728811149,QmnJ
A3410200,A341020001,2024-07-14,1161.0,2026-06-02T08:08:12Z,16,Donnée validée,10,Expertisée,20,Bonne,7.332793134,48.728811149,QmnJ
A3410200,A341020001,2024-07-15,1309.0,2026-06-02T08:08:12Z,16,Donnée validée,10,Expertisée,20,Bonne,7.332793134,48.728811149,QmnJ
A3410200,A341020001,2024-07-16,1439.0,2026-06-02T08:08:12Z,16,Donnée validée,10,Expertisée,20,Bonne,7.332793134,48.728811149,QmnJ
A3410200,A341020001,2024-07-17,1074.0,2026-06-02T08:08:12Z,16,Donnée validée,10,Expertisée,20,Bonne,7.332793134,48.728811149,QmnJ
A3410200,A341020001,2024-07-18,1031.0,2026-06-02T08:08:12Z,16,Donnée validée,10,Expertisée,20,Bonne,7.332793134,48.728811149,QmnJ
A3410200,A341020001,2024-07-19,993.0,2026-06-02T08:08:12Z,16,Donnée validée,10,Expertisée,20,Bonne,7.332793134,48.728811149,QmnJ
A3410200,A341020001,2024-07-20,1037.0,2026-06-02T08:08:12Z,16,Donnée validée,10,Expertisée,20,Bonne,7.332793134,48.728811149,QmnJ
A3410200,A341020001,2024-07-21,1112.0,2026-06-02T08:08:12Z,16,Donnée validée,10,Expertisée,20,Bonne,7.332793134,48.728811149,QmnJ
A3410200,A341020001,2024-07-22,973.0,2026-06-02T08:08:12Z,16,Donnée validée,10,Expertisée,20,Bonne,7.332793134,48.728811149,QmnJ
A3410200,A341020001,2024-07-23,964.0,2026-06-02T08:08:12Z,16,Donnée validée,10,Expertisée,20,Bonne,7.332793134,48.728811149,QmnJ
A3410200,A341020001,2024-07-24,1000.0,2026-06-02T08:08:12Z,16,Donnée validée,10,Expertisée,20,Bonne,7.332793134,48.728811149,QmnJ
A3410200,A341020001,2024-07-25,925.0,2026-06-02T08:08:12Z,16,Donnée validée,10,Expertisée,20,Bonne,7.332793134,48.728811149,QmnJ
A3410200,A341020001,2024-07-26,910.0,2026-06-02T08:08:12Z,16,Donnée validée,10,Expertisée,20,Bonne,7.332793134,48.728811149,QmnJ
A3410200,A341020001,2024-07-27,934.0,2026-06-02T08:08:12Z,16,Donnée validée,10,Expertisée,20,Bonne,7.332793134,48.728811149,QmnJ
A3410200,A341020001,2024-07-28,1414.0,2026-06-02T08:08:12Z,16,Donnée validée,10,Expertisée,20,Bonne,7.332793134,48.728811149,QmnJ
A3410200,A341020001,2024-07-29,947.0,2026-06-02T08:08:12Z,16,Donnée validée,10,Expertisée,20,Bonne,7.332793134,48.728811149,QmnJ
A3410200,A341020001,2024-07-30,899.0,2026-06-02T08:08:12Z,16,Donnée validée,10,Expertisée,20,Bonne,7.332793134,48.728811149,QmnJ
A3410200,A341020001,2024-07-31,890.0,2026-06-02T08:08:12Z,16,Donnée validée,10,Expertisée,20,Bonne,7.332793134,48.728811149,QmnJ
A3410200,A341020001,2024-08-01,896.0,2026-06-02T08:08:12Z,16,Donnée validée,10,Expertisée,20,Bonne,7.332793134,48.728811149,QmnJ
A3410200,A341020001,2024-08-02,914.0,2026-06-02T08:08:12Z,16,Donnée validée,10,Expertisée,20,Bonne,7.332793134,48.728811149,QmnJ
A3410200,A341020001,2024-08-03,951.0,2026-06-02T08:08:12Z,16,Donnée validée,10,Expertisée,20,Bonne,7.332793134,48.728811149,QmnJ
A3410200,A341020001,2024-08-04,860.0,2026-06-02T08:08:12Z,16,Donnée validée,10,Expertisée,20,Bonne,7.332793134,48.728811149,QmnJ
A3410200,A341020001,2024-08-05,850.0,2026-06-02T08:08:12Z,16,Donnée validée,10,Expertisée,20,Bonne,7.332793134,48.728811149,QmnJ
A3410200,A341020001,2024-08-06,799.0,2026-06-02T08:08:12Z,16,Donnée validée,10,Expertisée,20,Bonne,7.332793134,48.728811149,QmnJ
A3410200,A341020001,2024-08-07,799.0,2026-06-02T08:08:12Z,16,Donnée validée,10,Expertisée,20,Bonne,7.332793134,48.728811149,QmnJ
A3410200,A341020001,2024-08-08,732.0,2026-06-02T08:08:12Z,16,Donnée validée,8,Calculée,20,Bonne,7.332793134,48.728811149,QmnJ
A3410200,A341020001,2024-08-09,730.0,2026-06-02T08:08:12Z,16,Donnée validée,10,Expertisée,20,Bonne,7.332793134,48.728811149,QmnJ
A3410200,A341020001,2024-08-10,751.0,2026-06-02T08:08:12Z,16,Donnée validée,10,Expertisée,20,Bonne,7.332793134,48.728811149,QmnJ
A3410200,A341020001,2024-08-11,747.0,2026-06-02T08:08:12Z,16,Donnée validée,10,Expertisée,20,Bonne,7.332793134,48.728811149,QmnJ
A3410200,A341020001,2024-08-12,750.0,2026-06-02T08:08:12Z,16,Donnée validée,10,Expertisée,20,Bonne,7.332793134,48.728811149,QmnJ
A3410200,A341020001,2024-08-13,745.0,2026-06-02T08:08:12Z,16,Donnée validée,10,Expertisée,20,Bonne,7.332793134,48.728811149,QmnJ
A3410200,A341020001,2024-08-14,766.0,2026-06-02T08:08:12Z,16,Donnée validée,10,Expertisée,20,Bonne,7.332793134,48.728811149,QmnJ
A3410200,A341020001,2024-08-15,717.0,2026-06-02T08:08:12Z,16,Donnée validée,10,Expertisée,20,Bonne,7.332793134,48.728811149,QmnJ
A3410200,A341020001,2024-08-16,694.0,2026-06-02T08:08:12Z,16,Donnée validée,10,Expertisée,20,Bonne,7.332793134,48.728811149,QmnJ
A3410200,A341020001,2024-08-17,706.0,2026-06-02T08:08:12Z,16,Donnée validée,10,Expertisée,20,Bonne,7.332793134,48.728811149,QmnJ
A3410200,A341020001,2024-08-18,852.0,2026-06-02T08:08:12Z,16,Donnée validée,10,Expertisée,20,Bonne,7.332793134,48.728811149,QmnJ
A3410200,A341020001,2024-08-19,847.0,2026-06-02T08:08:12Z,16,Donnée validée,10,Expertisée,20,Bonne,7.332793134,48.728811149,QmnJ
A3410200,A341020001,2024-08-20,743.0,2026-06-02T08:08:12Z,16,Donnée validée,10,Expertisée,20,Bonne,7.332793134,48.728811149,QmnJ
A3410200,A341020001,2024-08-21,767.0,2026-06-02T08:08:12Z,16,Donnée validée,10,Expertisée,20,Bonne,7.332793134,48.728811149,QmnJ
A3410200,A341020001,2024-08-22,734.0,2026-06-02T08:08:12Z,16,Donnée validée,10,Expertisée,20,Bonne,7.332793134,48.728811149,QmnJ
A3410200,A341020001,2024-08-23,719.0,2026-06-02T08:08:12Z,16,Donnée validée,10,Expertisée,20,Bonne,7.332793134,48.728811149,QmnJ
A3410200,A341020001,2024-08-24,712.0,2026-06-02T08:08:12Z,16,Donnée validée,10,Expertisée,20,Bonne,7.332793134,48.728811149,QmnJ
A3410200,A341020001,2024-08-25,774.0,2026-06-02T08:08:12Z,16,Donnée validée,10,Expertisée,20,Bonne,7.332793134,48.728811149,QmnJ
A3410200,A341020001,2024-08-26,728.0,2026-06-02T08:08:12Z,16,Donnée validée,10,Expertisée,20,Bonne,7.332793134,48.728811149,QmnJ
A3410200,A341020001,2024-08-27,727.0,2026-06-02T08:08:12Z,16,Donnée validée,10,Expertisée,20,Bonne,7.332793134,48.728811149,QmnJ
A3410200,A341020001,2024-08-28,737.0,2026-06-02T08:08:12Z,16,Donnée validée,10,Expertisée,20,Bonne,7.332793134,48.728811149,QmnJ
A3410200,A341020001,2024-08-29,731.0,2026-06-02T08:08:12Z,16,Donnée validée,10,Expertisée,20,Bonne,7.332793134,48.728811149,QmnJ
A3410200,A341020001,2024-08-30,718.0,2026-06-02T08:08:12Z,16,Donnée validée,10,Expertisée,20,Bonne,7.332793134,48.728811149,QmnJ
A3410200,A341020001,2024-08-31,723.0,2026-06-02T08:08:12Z,16,Donnée validée,10,Expertisée,20,Bonne,7.332793134,48.728811149,QmnJ
A3410200,A341020001,2024-09-01,725.0,2026-06-02T08:08:12Z,16,Donnée validée,10,Expertisée,20,Bonne,7.332793134,48.728811149,QmnJ
A3410200,A341020001,2024-09-02,722.0,2026-06-02T08:08:12Z,16,Donnée validée,10,Expertisée,20,Bonne,7.332793134,48.728811149,QmnJ
A3410200,A341020001,2024-09-03,741.0,2026-06-02T08:08:12Z,16,Donnée validée,10,Expertisée,20,Bonne,7.332793134,48.728811149,QmnJ
A3410200,A341020001,2024-09-04,975.0,2026-06-02T08:08:12Z,16,Donnée validée,10,Expertisée,20,Bonne,7.332793134,48.728811149,QmnJ
A3410200,A341020001,2024-09-05,929.0,2026-06-02T08:08:12Z,16,Donnée validée,10,Expertisée,20,Bonne,7.332793134,48.728811149,QmnJ
A3410200,A341020001,2024-09-06,1513.0,2026-06-02T08:08:12Z,16,Donnée validée,10,Expertisée,20,Bonne,7.332793134,48.728811149,QmnJ
A3410200,A341020001,2024-09-07,903.0,2026-06-02T08:08:12Z,16,Donnée validée,10,Expertisée,20,Bonne,7.332793134,48.728811149,QmnJ
A3410200,A341020001,2024-09-08,1109.0,2026-06-02T08:08:12Z,16,Donnée validée,10,Expertisée,20,Bonne,7.332793134,48.728811149,QmnJ
A3410200,A341020001,2024-09-09,1020.0,2026-06-02T08:08:12Z,16,Donnée validée,10,Expertisée,20,Bonne,7.332793134,48.728811149,QmnJ
A3410200,A341020001,2024-09-10,973.0,2026-06-02T08:08:12Z,16,Donnée validée,10,Expertisée,20,Bonne,7.332793134,48.728811149,QmnJ
A3410200,A341020001,2024-09-11,1026.0,2026-06-02T08:08:12Z,16,Donnée validée,10,Expertisée,20,Bonne,7.332793134,48.728811149,QmnJ
A3410200,A341020001,2024-09-12,1071.0,2026-06-02T08:08:12Z,16,Donnée validée,10,Expertisée,20,Bonne,7.332793134,48.728811149,QmnJ
A3410200,A341020001,2024-09-13,802.0,2026-06-02T08:08:12Z,16,Donnée validée,10,Expertisée,20,Bonne,7.332793134,48.728811149,QmnJ
A3410200,A341020001,2024-09-14,714.0,2026-06-02T08:08:12Z,16,Donnée validée,10,Expertisée,20,Bonne,7.332793134,48.728811149,QmnJ
A3410200,A341020001,2024-09-15,689.0,2026-06-02T08:08:12Z,16,Donnée validée,10,Expertisée,20,Bonne,7.332793134,48.728811149,QmnJ
A3410200,A341020001,2024-09-16,680.0,2026-06-02T08:08:12Z,16,Donnée validée,10,Expertisée,20,Bonne,7.332793134,48.728811149,QmnJ
A3410200,A341020001,2024-09-17,714.0,2026-06-02T08:08:12Z,16,Donnée validée,10,Expertisée,20,Bonne,7.332793134,48.728811149,QmnJ
A3410200,A341020001,2024-09-18,678.0,2026-06-02T08:08:12Z,16,Donnée validée,10,Expertisée,20,Bonne,7.332793134,48.728811149,QmnJ
A3410200,A341020001,2024-09-19,658.0,2026-06-02T08:08:12Z,16,Donnée validée,10,Expertisée,20,Bonne,7.332793134,48.728811149,QmnJ
A3410200,A341020001,2024-09-20,652.0,2026-06-02T08:08:12Z,16,Donnée validée,10,Expertisée,20,Bonne,7.332793134,48.728811149,QmnJ
A3410200,A341020001,2024-09-21,660.0,2026-06-02T08:08:12Z,16,Donnée validée,10,Expertisée,20,Bonne,7.332793134,48.728811149,QmnJ
A3410200,A341020001,2024-09-22,646.0,2026-06-02T08:08:12Z,16,Donnée validée,10,Expertisée,20,Bonne,7.332793134,48.728811149,QmnJ
A3410200,A341020001,2024-09-23,677.0,2026-06-02T08:08:12Z,16,Donnée validée,10,Expertisée,20,Bonne,7.332793134,48.728811149,QmnJ
A3410200,A341020001,2024-09-24,686.0,2026-06-02T08:08:12Z,16,Donnée validée,10,Expertisée,20,Bonne,7.332793134,48.728811149,QmnJ
A3410200,A341020001,2024-09-25,681.0,2026-06-02T08:08:12Z,16,Donnée validée,10,Expertisée,20,Bonne,7.332793134,48.728811149,QmnJ
A3410200,A341020001,2024-09-26,861.0,2026-06-02T08:08:12Z,16,Donnée validée,10,Expertisée,20,Bonne,7.332793134,48.728811149,QmnJ
A3410200,A341020001,2024-09-27,963.0,2026-06-02T08:08:12Z,16,Donnée validée,10,Expertisée,20,Bonne,7.332793134,48.728811149,QmnJ
A3410200,A341020001,2024-09-28,838.0,2026-06-02T08:08:12Z,16,Donnée validée,10,Expertisée,20,Bonne,7.332793134,48.728811149,QmnJ
A3410200,A341020001,2024-09-29,695.0,2026-06-02T08:08:12Z,16,Donnée validée,10,Expertisée,20,Bonne,7.332793134,48.728811149,QmnJ
A3410200,A341020001,2024-09-30,713.0,2026-06-02T08:08:12Z,16,Donnée validée,10,Expertisée,20,Bonne,7.332793134,48.728811149,QmnJ
A3410200,A341020001,2024-10-01,699.0,2026-06-02T08:08:12Z,16,Donnée validée,10,Expertisée,20,Bonne,7.332793134,48.728811149,QmnJ
A3410200,A341020001,2024-10-02,774.0,2026-06-02T08:08:12Z,16,Donnée validée,10,Expertisée,20,Bonne,7.332793134,48.728811149,QmnJ
A3410200,A341020001,2024-10-03,726.0,2026-06-02T08:08:12Z,16,Donnée validée,10,Expertisée,20,Bonne,7.332793134,48.728811149,QmnJ
A3410200,A341020001,2024-10-04,715.0,2026-06-02T08:08:12Z,16,Donnée validée,10,Expertisée,20,Bonne,7.332793134,48.728811149,QmnJ
A3410200,A341020001,2024-10-05,708.0,2026-06-02T08:08:12Z,16,Donnée validée,10,Expertisée,20,Bonne,7.332793134,48.728811149,QmnJ
A3410200,A341020001,2024-10-06,712.0,2026-06-02T08:08:12Z,16,Donnée validée,10,Expertisée,20,Bonne,7.332793134,48.728811149,QmnJ
A3410200,A341020001,2024-10-07,1386.0,2026-06-02T08:08:12Z,16,Donnée validée,10,Expertisée,20,Bonne,7.332793134,48.728811149,QmnJ
A3410200,A341020001,2024-10-08,3405.0,2026-06-02T08:08:12Z,16,Donnée validée,10,Expertisée,20,Bonne,7.332793134,48.728811149,QmnJ
A3410200,A341020001,2024-10-09,1632.0,2026-06-02T08:08:12Z,16,Donnée validée,8,Calculée,20,Bonne,7.332793134,48.728811149,QmnJ
A3410200,A341020001,2024-10-10,1606.0,2026-06-02T08:08:12Z,16,Donnée validée,10,Expertisée,20,Bonne,7.332793134,48.728811149,QmnJ
A3410200,A341020001,2024-10-11,1540.0,2026-06-02T08:08:12Z,16,Donnée validée,10,Expertisée,20,Bonne,7.332793134,48.728811149,QmnJ
A3410200,A341020001,2024-10-12,1185.0,2026-06-02T08:08:12Z,16,Donnée validée,10,Expertisée,20,Bonne,7.332793134,48.728811149,QmnJ
A3410200,A341020001,2024-10-13,1152.0,2026-06-02T08:08:12Z,16,Donnée validée,10,Expertisée,20,Bonne,7.332793134,48.728811149,QmnJ
A3410200,A341020001,2024-10-14,1039.0,2026-06-02T08:08:12Z,16,Donnée validée,10,Expertisée,20,Bonne,7.332793134,48.728811149,QmnJ
A3410200,A341020001,2024-10-15,1099.0,2026-06-02T08:08:12Z,16,Donnée validée,10,Expertisée,20,Bonne,7.332793134,48.728811149,QmnJ
A3410200,A341020001,2024-10-16,1007.0,2026-06-02T08:08:12Z,16,Donnée validée,10,Expertisée,20,Bonne,7.332793134,48.728811149,QmnJ
A3410200,A341020001,2024-10-17,1001.0,2026-06-02T08:08:12Z,16,Donnée validée,10,Expertisée,20,Bonne,7.332793134,48.728811149,QmnJ
A3410200,A341020001,2024-10-18,1019.0,2026-06-02T08:08:12Z,16,Donnée validée,10,Expertisée,20,Bonne,7.332793134,48.728811149,QmnJ
A3410200,A341020001,2024-10-19,971.0,2026-06-02T08:08:12Z,16,Donnée validée,10,Expertisée,20,Bonne,7.332793134,48.728811149,QmnJ
A3410200,A341020001,2024-10-20,946.0,2026-06-02T08:08:12Z,16,Donnée validée,10,Expertisée,20,Bonne,7.332793134,48.728811149,QmnJ
A3410200,A341020001,2024-10-21,904.0,2026-06-02T08:08:12Z,16,Donnée validée,10,Expertisée,20,Bonne,7.332793134,48.728811149,QmnJ
A3410200,A341020001,2024-10-22,885.0,2026-06-02T08:08:12Z,16,Donnée validée,10,Expertisée,20,Bonne,7.332793134,48.728811149,QmnJ
A3410200,A341020001,2024-10-23,841.0,2026-06-02T08:08:12Z,16,Donnée validée,10,Expertisée,20,Bonne,7.332793134,48.728811149,QmnJ
A3410200,A341020001,2024-10-24,845.0,2026-06-02T08:08:12Z,16,Donnée validée,10,Expertisée,20,Bonne,7.332793134,48.728811149,QmnJ
A3410200,A341020001,2024-10-25,833.0,2026-06-02T08:08:12Z,16,Donnée validée,10,Expertisée,20,Bonne,7.332793134,48.728811149,QmnJ
A3410200,A341020001,2024-10-26,822.0,2026-06-02T08:08:12Z,16,Donnée validée,10,Expertisée,20,Bonne,7.332793134,48.728811149,QmnJ
A3410200,A341020001,2024-10-27,797.0,2026-06-02T08:08:12Z,16,Donnée validée,10,Expertisée,20,Bonne,7.332793134,48.728811149,QmnJ
A3410200,A341020001,2024-10-28,758.0,2026-06-02T08:08:12Z,16,Donnée validée,10,Expertisée,20,Bonne,7.332793134,48.728811149,QmnJ
A3410200,A341020001,2024-10-29,756.0,2026-06-02T08:08:12Z,16,Donnée validée,10,Expertisée,20,Bonne,7.332793134,48.728811149,QmnJ
A3410200,A341020001,2024-10-30,755.0,2026-06-02T08:08:12Z,16,Donnée validée,10,Expertisée,20,Bonne,7.332793134,48.728811149,QmnJ
A3410200,A341020001,2024-10-31,747.0,2026-06-02T08:08:12Z,16,Donnée validée,10,Expertisée,20,Bonne,7.332793134,48.728811149,QmnJ
A3410200,A341020001,2024-11-01,748.0,2026-06-02T08:08:12Z,16,Donnée validée,10,Expertisée,20,Bonne,7.332793134,48.728811149,QmnJ
A3410200,A341020001,2024-11-02,755.0,2026-06-02T08:08:12Z,16,Donnée validée,10,Expertisée,20,Bonne,7.332793134,48.728811149,QmnJ
A3410200,A341020001,2024-11-03,707.0,2026-06-02T08:08:12Z,16,Donnée validée,10,Expertisée,20,Bonne,7.332793134,48.728811149,QmnJ
A3410200,A341020001,2024-11-04,772.0,2026-06-02T08:08:12Z,16,Donnée validée,10,Expertisée,20,Bonne,7.332793134,48.728811149,QmnJ
A3410200,A341020001,2024-11-05,691.0,2026-06-02T08:08:12Z,16,Donnée validée,10,Expertisée,20,Bonne,7.332793134,48.728811149,QmnJ
A3410200,A341020001,2024-11-06,680.0,2026-06-02T08:08:12Z,16,Donnée validée,10,Expertisée,20,Bonne,7.332793134,48.728811149,QmnJ
A3410200,A341020001,2024-11-07,647.0,2026-06-02T08:08:12Z,16,Donnée validée,10,Expertisée,20,Bonne,7.332793134,48.728811149,QmnJ
A3410200,A341020001,2024-11-08,654.0,2026-06-02T08:08:12Z,16,Donnée validée,10,Expertisée,20,Bonne,7.332793134,48.728811149,QmnJ
A3410200,A341020001,2024-11-09,697.0,2026-06-02T08:08:12Z,16,Donnée validée,10,Expertisée,20,Bonne,7.332793134,48.728811149,QmnJ
A3410200,A341020001,2024-11-10,693.0,2026-06-02T08:08:12Z,16,Donnée validée,10,Expertisée,20,Bonne,7.332793134,48.728811149,QmnJ
A3410200,A341020001,2024-11-11,703.0,2026-06-02T08:08:12Z,16,Donnée validée,10,Expertisée,20,Bonne,7.332793134,48.728811149,QmnJ
A3410200,A341020001,2024-11-12,807.0,2026-06-02T08:08:12Z,16,Donnée validée,10,Expertisée,20,Bonne,7.332793134,48.728811149,QmnJ
A3410200,A341020001,2024-11-13,701.0,2026-06-02T08:08:12Z,16,Donnée validée,10,Expertisée,20,Bonne,7.332793134,48.728811149,QmnJ
A3410200,A341020001,2024-11-14,686.0,2026-06-02T08:08:12Z,16,Donnée validée,10,Expertisée,20,Bonne,7.332793134,48.728811149,QmnJ
A3410200,A341020001,2024-11-15,671.0,2026-06-02T08:08:12Z,16,Donnée validée,10,Expertisée,20,Bonne,7.332793134,48.728811149,QmnJ
A3410200,A341020001,2024-11-16,678.0,2026-06-02T08:08:12Z,16,Donnée validée,10,Expertisée,20,Bonne,7.332793134,48.728811149,QmnJ
A3410200,A341020001,2024-11-17,697.0,2026-06-02T08:08:12Z,16,Donnée validée,10,Expertisée,20,Bonne,7.332793134,48.728811149,QmnJ
A3410200,A341020001,2024-11-18,722.0,2026-06-02T08:08:12Z,16,Donnée validée,10,Expertisée,20,Bonne,7.332793134,48.728811149,QmnJ
A3410200,A341020001,2024-11-19,1043.0,2026-06-02T08:08:12Z,16,Donnée validée,10,Expertisée,20,Bonne,7.332793134,48.728811149,QmnJ
A3410200,A341020001,2024-11-20,3145.0,2026-06-02T08:08:12Z,16,Donnée validée,10,Expertisée,20,Bonne,7.332793134,48.728811149,QmnJ
A3410200,A341020001,2024-11-21,1314.0,2026-06-02T08:08:12Z,16,Donnée validée,10,Expertisée,20,Bonne,7.332793134,48.728811149,QmnJ
A3410200,A341020001,2024-11-22,1031.0,2026-06-02T08:08:12Z,16,Donnée validée,10,Expertisée,20,Bonne,7.332793134,48.728811149,QmnJ
A3410200,A341020001,2024-11-23,912.0,2026-06-02T08:08:12Z,16,Donnée validée,10,Expertisée,20,Bonne,7.332793134,48.728811149,QmnJ
A3410200,A341020001,2024-11-24,866.0,2026-06-02T08:08:12Z,16,Donnée validée,10,Expertisée,20,Bonne,7.332793134,48.728811149,QmnJ
A3410200,A341020001,2024-11-25,824.0,2026-06-02T08:08:12Z,16,Donnée validée,10,Expertisée,20,Bonne,7.332793134,48.728811149,QmnJ
A3410200,A341020001,2024-11-26,963.0,2026-06-02T08:08:12Z,16,Donnée validée,10,Expertisée,20,Bonne,7.332793134,48.728811149,QmnJ
A3410200,A341020001,2024-11-27,845.0,2026-06-02T08:08:12Z,16,Donnée validée,10,Expertisée,20,Bonne,7.332793134,48.728811149,QmnJ
A3410200,A341020001,2024-11-28,1059.0,2026-06-02T08:08:12Z,16,Donnée validée,10,Expertisée,20,Bonne,7.332793134,48.728811149,QmnJ
A3410200,A341020001,2024-11-29,949.0,2026-06-02T08:08:12Z,16,Donnée validée,8,Calculée,20,Bonne,7.332793134,48.728811149,QmnJ
A3410200,A341020001,2024-11-30,896.0,2026-06-02T08:08:12Z,16,Donnée validée,8,Calculée,20,Bonne,7.332793134,48.728811149,QmnJ
A3410200,A341020001,2024-12-01,871.0,2026-06-02T08:08:12Z,16,Donnée validée,10,Expertisée,20,Bonne,7.332793134,48.728811149,QmnJ
A3410200,A341020001,2024-12-02,904.0,2026-06-02T08:08:12Z,16,Donnée validée,10,Expertisée,20,Bonne,7.332793134,48.728811149,QmnJ
A3410200,A341020001,2024-12-03,956.0,2026-06-02T08:08:12Z,16,Donnée validée,10,Expertisée,20,Bonne,7.332793134,48.728811149,QmnJ
A3410200,A341020001,2024-12-04,941.0,2026-06-02T08:08:12Z,16,Donnée validée,10,Expertisée,20,Bonne,7.332793134,48.728811149,QmnJ
A3410200,A341020001,2024-12-05,895.0,2026-06-02T08:08:12Z,16,Donnée validée,10,Expertisée,20,Bonne,7.332793134,48.728811149,QmnJ
A3410200,A341020001,2024-12-06,1391.0,2026-06-02T08:08:12Z,16,Donnée validée,8,Calculée,20,Bonne,7.332793134,48.728811149,QmnJ
A3410200,A341020001,2024-12-07,1394.0,2026-06-02T08:08:12Z,16,Donnée validée,10,Expertisée,20,Bonne,7.332793134,48.728811149,QmnJ
A3410200,A341020001,2024-12-08,1451.0,2026-06-02T08:08:12Z,16,Donnée validée,10,Expertisée,20,Bonne,7.332793134,48.728811149,QmnJ
A3410200,A341020001,2024-12-09,1204.0,2026-06-02T08:08:12Z,16,Donnée validée,10,Expertisée,20,Bonne,7.332793134,48.728811149,QmnJ
A3410200,A341020001,2024-12-10,1066.0,2026-06-02T08:08:12Z,16,Donnée validée,10,Expertisée,20,Bonne,7.332793134,48.728811149,QmnJ
A3410200,A341020001,2024-12-11,995.0,2026-06-02T08:08:12Z,16,Donnée validée,10,Expertisée,20,Bonne,7.332793134,48.728811149,QmnJ
A3410200,A341020001,2024-12-12,958.0,2026-06-02T08:08:12Z,16,Donnée validée,10,Expertisée,20,Bonne,7.332793134,48.728811149,QmnJ
A3410200,A341020001,2024-12-13,941.0,2026-06-02T08:08:12Z,16,Donnée validée,10,Expertisée,20,Bonne,7.332793134,48.728811149,QmnJ
A3410200,A341020001,2024-12-14,944.0,2026-06-02T08:08:12Z,16,Donnée validée,10,Expertisée,20,Bonne,7.332793134,48.728811149,QmnJ
A3410200,A341020001,2024-12-15,927.0,2026-06-02T08:08:12Z,16,Donnée validée,10,Expertisée,20,Bonne,7.332793134,48.728811149,QmnJ
A3410200,A341020001,2024-12-16,868.0,2026-06-02T08:08:12Z,16,Donnée validée,10,Expertisée,20,Bonne,7.332793134,48.728811149,QmnJ
A3410200,A341020001,2024-12-17,835.0,2026-06-02T08:08:12Z,16,Donnée validée,8,Calculée,20,Bonne,7.332793134,48.728811149,QmnJ
A3410200,A341020001,2024-12-18,840.0,2026-06-02T08:08:12Z,16,Donnée validée,8,Calculée,20,Bonne,7.332793134,48.728811149,QmnJ
A3410200,A341020001,2024-12-19,1168.0,2026-06-02T08:08:12Z,16,Donnée validée,10,Expertisée,20,Bonne,7.332793134,48.728811149,QmnJ
A3410200,A341020001,2024-12-20,1304.0,2026-06-02T08:08:12Z,16,Donnée validée,10,Expertisée,20,Bonne,7.332793134,48.728811149,QmnJ
A3410200,A341020001,2024-12-21,1052.0,2026-06-02T08:08:12Z,16,Donnée validée,10,Expertisée,20,Bonne,7.332793134,48.728811149,QmnJ
A3410200,A341020001,2024-12-22,3058.0,2026-06-02T08:08:12Z,16,Donnée validée,10,Expertisée,20,Bonne,7.332793134,48.728811149,QmnJ
A3410200,A341020001,2024-12-23,3341.0,2026-06-02T08:08:12Z,16,Donnée validée,10,Expertisée,20,Bonne,7.332793134,48.728811149,QmnJ
A3410200,A341020001,2024-12-24,2659.0,2026-06-02T08:08:12Z,16,Donnée validée,10,Expertisée,20,Bonne,7.332793134,48.728811149,QmnJ
A3410200,A341020001,2024-12-25,2126.0,2026-06-02T08:08:12Z,16,Donnée validée,10,Expertisée,20,Bonne,7.332793134,48.728811149,QmnJ
A3410200,A341020001,2024-12-26,1952.0,2026-06-02T08:08:12Z,16,Donnée validée,10,Expertisée,20,Bonne,7.332793134,48.728811149,QmnJ
A3410200,A341020001,2024-12-27,1856.0,2026-06-02T08:08:12Z,16,Donnée validée,10,Expertisée,20,Bonne,7.332793134,48.728811149,QmnJ
A3410200,A341020001,2024-12-28,1722.0,2026-06-02T08:08:12Z,16,Donnée validée,10,Expertisée,20,Bonne,7.332793134,48.728811149,QmnJ
A3410200,A341020001,2024-12-29,1499.0,2026-06-02T08:08:12Z,16,Donnée validée,10,Expertisée,20,Bonne,7.332793134,48.728811149,QmnJ
A3410200,A341020001,2024-12-30,1294.0,2026-06-02T08:08:12Z,16,Donnée validée,10,Expertisée,20,Bonne,7.332793134,48.728811149,QmnJ
A3410200,A341020001,2024-12-31,1224.0,2026-06-02T08:08:12Z,16,Donnée validée,10,Expertisée,20,Bonne,7.332793134,48.728811149,QmnJ
A3410200,A341020001,2025-01-01,1235.0,2026-06-02T08:08:12Z,16,Donnée validée,10,Expertisée,20,Bonne,7.332793134,48.728811149,QmnJ
A3410200,A341020001,2025-01-02,2209.0,2026-06-02T08:08:12Z,16,Donnée validée,10,Expertisée,20,Bonne,7.332793134,48.728811149,QmnJ
A3410200,A341020001,2025-01-03,2102.0,2026-06-02T08:08:12Z,16,Donnée validée,10,Expertisée,20,Bonne,7.332793134,48.728811149,QmnJ
A3410200,A341020001,2025-01-04,1575.0,2026-06-02T08:08:12Z,16,Donnée validée,10,Expertisée,20,Bonne,7.332793134,48.728811149,QmnJ
A3410200,A341020001,2025-01-05,5910.0,2026-06-02T08:08:12Z,16,Donnée validée,10,Expertisée,20,Bonne,7.332793134,48.728811149,QmnJ
A3410200,A341020001,2025-01-06,4113.0,2026-06-02T08:08:12Z,16,Donnée validée,10,Expertisée,20,Bonne,7.332793134,48.728811149,QmnJ
A3410200,A341020001,2025-01-07,3425.0,2026-06-02T08:08:12Z,16,Donnée validée,10,Expertisée,20,Bonne,7.332793134,48.728811149,QmnJ
A3410200,A341020001,2025-01-08,6910.0,2026-06-02T08:08:12Z,16,Donnée validée,10,Expertisée,20,Bonne,7.332793134,48.728811149,QmnJ
A3410200,A341020001,2025-01-09,7275.0,2026-06-02T08:08:12Z,16,Donnée validée,10,Expertisée,20,Bonne,7.332793134,48.728811149,QmnJ
A3410200,A341020001,2025-01-10,6022.0,2026-06-02T08:08:12Z,16,Donnée validée,10,Expertisée,20,Bonne,7.332793134,48.728811149,QmnJ
A3410200,A341020001,2025-01-11,5300.0,2026-06-02T08:08:12Z,16,Donnée validée,10,Expertisée,20,Bonne,7.332793134,48.728811149,QmnJ
A3410200,A341020001,2025-01-12,4596.0,2026-06-02T08:08:12Z,16,Donnée validée,10,Expertisée,20,Bonne,7.332793134,48.728811149,QmnJ
A3410200,A341020001,2025-01-13,3930.0,2026-06-02T08:08:12Z,16,Donnée validée,10,Expertisée,20,Bonne,7.332793134,48.728811149,QmnJ
A3410200,A341020001,2025-01-14,3977.0,2026-06-02T08:08:12Z,16,Donnée validée,8,Calculée,20,Bonne,7.332793134,48.728811149,QmnJ
A3410200,A341020001,2025-01-15,3384.0,2026-06-02T08:08:12Z,16,Donnée validée,10,Expertisée,20,Bonne,7.332793134,48.728811149,QmnJ
A3410200,A341020001,2025-01-16,3006.0,2026-06-02T08:08:12Z,16,Donnée validée,10,Expertisée,20,Bonne,7.332793134,48.728811149,QmnJ
A3410200,A341020001,2025-01-17,2669.0,2026-06-02T08:08:12Z,16,Donnée validée,10,Expertisée,20,Bonne,7.332793134,48.728811149,QmnJ
A3410200,A341020001,2025-01-18,2461.0,2026-06-02T08:08:12Z,16,Donnée validée,10,Expertisée,20,Bonne,7.332793134,48.728811149,QmnJ
A3410200,A341020001,2025-01-19,2389.0,2026-06-02T08:08:12Z,16,Donnée validée,10,Expertisée,20,Bonne,7.332793134,48.728811149,QmnJ
A3410200,A341020001,2025-01-20,2306.0,2026-06-02T08:08:12Z,16,Donnée validée,10,Expertisée,20,Bonne,7.332793134,48.728811149,QmnJ
A3410200,A341020001,2025-01-21,2345.0,2026-06-02T08:08:12Z,16,Donnée validée,10,Expertisée,20,Bonne,7.332793134,48.728811149,QmnJ
A3410200,A341020001,2025-01-22,2294.0,2026-06-02T08:08:12Z,16,Donnée validée,10,Expertisée,20,Bonne,7.332793134,48.728811149,QmnJ
A3410200,A341020001,2025-01-23,2467.0,2026-06-02T08:08:12Z,16,Donnée validée,10,Expertisée,20,Bonne,7.332793134,48.728811149,QmnJ
A3410200,A341020001,2025-01-24,2149.0,2026-06-02T08:08:12Z,16,Donnée validée,10,Expertisée,20,Bonne,7.332793134,48.728811149,QmnJ
A3410200,A341020001,2025-01-25,2113.0,2026-06-02T08:08:12Z,16,Donnée validée,10,Expertisée,20,Bonne,7.332793134,48.728811149,QmnJ
A3410200,A341020001,2025-01-26,2615.0,2026-06-02T08:08:12Z,16,Donnée validée,10,Expertisée,20,Bonne,7.332793134,48.728811149,QmnJ
A3410200,A341020001,2025-01-27,2583.0,2026-06-02T08:08:12Z,16,Donnée validée,10,Expertisée,20,Bonne,7.332793134,48.728811149,QmnJ
A3410200,A341020001,2025-01-28,2399.0,2026-06-02T08:08:12Z,16,Donnée validée,10,Expertisée,20,Bonne,7.332793134,48.728811149,QmnJ
A3410200,A341020001,2025-01-29,2300.0,2026-06-02T08:08:12Z,16,Donnée validée,10,Expertisée,20,Bonne,7.332793134,48.728811149,QmnJ
A3410200,A341020001,2025-01-30,1975.0,2026-06-02T08:08:12Z,16,Donnée validée,10,Expertisée,20,Bonne,7.332793134,48.728811149,QmnJ
A3410200,A341020001,2025-01-31,1983.0,2026-06-02T08:08:12Z,16,Donnée validée,10,Expertisée,20,Bonne,7.332793134,48.728811149,QmnJ
A3410200,A341020001,2025-02-01,1833.0,2026-06-02T08:08:12Z,16,Donnée validée,10,Expertisée,20,Bonne,7.332793134,48.728811149,QmnJ
A3410200,A341020001,2025-02-02,1853.0,2026-06-02T08:08:12Z,16,Donnée validée,10,Expertisée,20,Bonne,7.332793134,48.728811149,QmnJ
A3410200,A341020001,2025-02-03,1758.0,2026-06-02T08:08:12Z,16,Donnée validée,10,Expertisée,20,Bonne,7.332793134,48.728811149,QmnJ
A3410200,A341020001,2025-02-04,1648.0,2026-06-02T08:08:12Z,16,Donnée validée,10,Expertisée,20,Bonne,7.332793134,48.728811149,QmnJ
A3410200,A341020001,2025-02-05,1553.0,2026-06-02T08:08:12Z,16,Donnée validée,10,Expertisée,20,Bonne,7.332793134,48.728811149,QmnJ
A3410200,A341020001,2025-02-06,1521.0,2026-06-02T08:08:12Z,16,Donnée validée,10,Expertisée,20,Bonne,7.332793134,48.728811149,QmnJ
A3410200,A341020001,2025-02-07,1579.0,2026-06-02T08:08:12Z,16,Donnée validée,10,Expertisée,20,Bonne,7.332793134,48.728811149,QmnJ
A3410200,A341020001,2025-02-08,1611.0,2026-06-02T08:08:12Z,16,Donnée validée,10,Expertisée,20,Bonne,7.332793134,48.728811149,QmnJ
A3410200,A341020001,2025-02-09,1476.0,2026-06-02T08:08:12Z,16,Donnée validée,10,Expertisée,20,Bonne,7.332793134,48.728811149,QmnJ
A3410200,A341020001,2025-02-10,1670.0,2026-06-02T08:08:12Z,16,Donnée validée,10,Expertisée,20,Bonne,7.332793134,48.728811149,QmnJ
A3410200,A341020001,2025-02-11,2195.0,2026-06-02T08:08:12Z,16,Donnée validée,10,Expertisée,20,Bonne,7.332793134,48.728811149,QmnJ
A3410200,A341020001,2025-02-12,3422.0,2026-06-02T08:08:12Z,16,Donnée validée,10,Expertisée,20,Bonne,7.332793134,48.728811149,QmnJ
A3410200,A341020001,2025-02-13,4916.0,2026-06-02T08:08:12Z,16,Donnée validée,10,Expertisée,20,Bonne,7.332793134,48.728811149,QmnJ
A3410200,A341020001,2025-02-14,4054.0,2026-06-02T08:08:12Z,16,Donnée validée,10,Expertisée,20,Bonne,7.332793134,48.728811149,QmnJ
A3410200,A341020001,2025-02-15,3395.0,2026-06-02T08:08:12Z,16,Donnée validée,10,Expertisée,20,Bonne,7.332793134,48.728811149,QmnJ
A3410200,A341020001,2025-02-16,3177.0,2026-06-02T08:08:12Z,16,Donnée validée,10,Expertisée,20,Bonne,7.332793134,48.728811149,QmnJ
A3410200,A341020001,2025-02-17,2910.0,2026-06-02T08:08:12Z,16,Donnée validée,10,Expertisée,20,Bonne,7.332793134,48.728811149,QmnJ
A3410200,A341020001,2025-02-18,2688.0,2026-06-02T08:08:12Z,16,Donnée validée,10,Expertisée,20,Bonne,7.332793134,48.728811149,QmnJ
A3410200,A341020001,2025-02-19,2463.0,2026-06-02T08:08:12Z,16,Donnée validée,10,Expertisée,20,Bonne,7.332793134,48.728811149,QmnJ
A3410200,A341020001,2025-02-20,2255.0,2026-06-02T08:08:12Z,16,Donnée validée,8,Calculée,20,Bonne,7.332793134,48.728811149,QmnJ
A3410200,A341020001,2025-02-21,2161.0,2026-06-02T08:08:12Z,16,Donnée validée,8,Calculée,20,Bonne,7.332793134,48.728811149,QmnJ
A3410200,A341020001,2025-02-22,2217.0,2026-06-02T08:08:12Z,16,Donnée validée,10,Expertisée,20,Bonne,7.332793134,48.728811149,QmnJ
A3410200,A341020001,2025-02-23,2051.0,2026-06-02T08:08:12Z,16,Donnée validée,10,Expertisée,20,Bonne,7.332793134,48.728811149,QmnJ
A3410200,A341020001,2025-02-24,1981.0,2026-06-02T08:08:12Z,16,Donnée validée,10,Expertisée,20,Bonne,7.332793134,48.728811149,QmnJ
A3410200,A341020001,2025-02-25,2205.0,2026-06-02T08:08:12Z,16,Donnée validée,10,Expertisée,20,Bonne,7.332793134,48.728811149,QmnJ
A3410200,A341020001,2025-02-26,2843.0,2026-06-02T08:08:12Z,16,Donnée validée,10,Expertisée,20,Bonne,7.332793134,48.728811149,QmnJ
A3410200,A341020001,2025-02-27,2670.0,2026-06-02T08:08:12Z,16,Donnée validée,10,Expertisée,20,Bonne,7.332793134,48.728811149,QmnJ
A3410200,A341020001,2025-02-28,2476.0,2026-06-02T08:08:12Z,16,Donnée validée,10,Expertisée,20,Bonne,7.332793134,48.728811149,QmnJ
A3410200,A341020001,2025-03-01,2243.0,2026-06-02T08:08:12Z,16,Donnée validée,10,Expertisée,20,Bonne,7.332793134,48.728811149,QmnJ
A3410200,A341020001,2025-03-02,2064.0,2026-06-02T08:08:12Z,16,Donnée validée,10,Expertisée,20,Bonne,7.332793134,48.728811149,QmnJ
A3410200,A341020001,2025-03-03,2051.0,2026-06-02T08:08:12Z,16,Donnée validée,10,Expertisée,20,Bonne,7.332793134,48.728811149,QmnJ
A3410200,A341020001,2025-03-04,2056.0,2026-06-02T08:08:12Z,16,Donnée validée,10,Expertisée,20,Bonne,7.332793134,48.728811149,QmnJ
A3410200,A341020001,2025-03-05,1961.0,2026-06-02T08:08:12Z,16,Donnée validée,10,Expertisée,20,Bonne,7.332793134,48.728811149,QmnJ
A3410200,A341020001,2025-03-06,1923.0,2026-06-02T08:08:12Z,16,Donnée validée,10,Expertisée,20,Bonne,7.332793134,48.728811149,QmnJ
A3410200,A341020001,2025-03-07,1905.0,2026-06-02T08:08:12Z,16,Donnée validée,10,Expertisée,20,Bonne,7.332793134,48.728811149,QmnJ
A3410200,A341020001,2025-03-08,1903.0,2026-06-02T08:08:12Z,16,Donnée validée,10,Expertisée,20,Bonne,7.332793134,48.728811149,QmnJ
A3410200,A341020001,2025-03-09,1971.0,2026-06-02T08:08:12Z,16,Donnée validée,10,Expertisée,20,Bonne,7.332793134,48.728811149,QmnJ
A3410200,A341020001,2025-03-10,1994.0,2026-06-02T08:08:12Z,16,Donnée validée,10,Expertisée,20,Bonne,7.332793134,48.728811149,QmnJ
A3410200,A341020001,2025-03-11,1897.0,2026-06-02T08:08:12Z,16,Donnée validée,10,Expertisée,20,Bonne,7.332793134,48.728811149,QmnJ
A3410200,A341020001,2025-03-12,2053.0,2026-06-02T08:08:12Z,16,Donnée validée,10,Expertisée,20,Bonne,7.332793134,48.728811149,QmnJ
A3410200,A341020001,2025-03-13,2383.0,2026-06-02T08:08:12Z,16,Donnée validée,10,Expertisée,20,Bonne,7.332793134,48.728811149,QmnJ
A3410200,A341020001,2025-03-14,2245.0,2026-06-02T08:08:12Z,16,Donnée validée,10,Expertisée,20,Bonne,7.332793134,48.728811149,QmnJ
A3410200,A341020001,2025-03-15,1923.0,2026-06-02T08:08:12Z,16,Donnée validée,10,Expertisée,20,Bonne,7.332793134,48.728811149,QmnJ
A3410200,A341020001,2025-03-16,1762.0,2026-06-02T08:08:12Z,16,Donnée validée,10,Expertisée,20,Bonne,7.332793134,48.728811149,QmnJ
A3410200,A341020001,2025-03-17,1618.0,2026-06-02T08:08:12Z,16,Donnée validée,10,Expertisée,20,Bonne,7.332793134,48.728811149,QmnJ
A3410200,A341020001,2025-03-18,1567.0,2026-06-02T08:08:12Z,16,Donnée validée,10,Expertisée,20,Bonne,7.332793134,48.728811149,QmnJ
A3410200,A341020001,2025-03-19,1404.0,2026-06-02T08:08:12Z,16,Donnée validée,10,Expertisée,20,Bonne,7.332793134,48.728811149,QmnJ
A3410200,A341020001,2025-03-20,1190.0,2026-06-02T08:08:12Z,16,Donnée validée,10,Expertisée,20,Bonne,7.332793134,48.728811149,QmnJ
A3410200,A341020001,2025-03-21,1248.0,2026-06-02T08:08:12Z,16,Donnée validée,10,Expertisée,20,Bonne,7.332793134,48.728811149,QmnJ
A3410200,A341020001,2025-03-22,1385.0,2026-06-02T08:08:12Z,16,Donnée validée,10,Expertisée,20,Bonne,7.332793134,48.728811149,QmnJ
A3410200,A341020001,2025-03-23,1441.0,2026-06-02T08:08:12Z,16,Donnée validée,10,Expertisée,20,Bonne,7.332793134,48.728811149,QmnJ
A3410200,A341020001,2025-03-24,1328.0,2026-06-02T08:08:12Z,16,Donnée validée,10,Expertisée,20,Bonne,7.332793134,48.728811149,QmnJ
A3410200,A341020001,2025-03-25,1209.0,2026-06-02T08:08:12Z,16,Donnée validée,10,Expertisée,20,Bonne,7.332793134,48.728811149,QmnJ
A3410200,A341020001,2025-03-26,1103.0,2026-06-02T08:08:12Z,16,Donnée validée,8,Calculée,20,Bonne,7.332793134,48.728811149,QmnJ
A3410200,A341020001,2025-03-27,1079.0,2026-06-02T08:08:12Z,16,Donnée validée,10,Expertisée,20,Bonne,7.332793134,48.728811149,QmnJ
A3410200,A341020001,2025-03-28,1082.0,2026-06-02T08:08:12Z,16,Donnée validée,10,Expertisée,20,Bonne,7.332793134,48.728811149,QmnJ
A3410200,A341020001,2025-03-29,1065.0,2026-06-02T08:08:12Z,16,Donnée validée,10,Expertisée,20,Bonne,7.332793134,48.728811149,QmnJ
A3410200,A341020001,2025-03-30,977.0,2026-06-02T08:08:12Z,16,Donnée validée,10,Expertisée,20,Bonne,7.332793134,48.728811149,QmnJ
A3410200,A341020001,2025-03-31,952.0,2026-06-02T08:08:12Z,16,Donnée validée,10,Expertisée,20,Bonne,7.332793134,48.728811149,QmnJ
A3410200,A341020001,2025-04-01,921.0,2026-06-02T08:08:12Z,16,Donnée validée,10,Expertisée,20,Bonne,7.332793134,48.728811149,QmnJ
A3410200,A341020001,2025-04-02,919.0,2026-06-02T08:08:12Z,16,Donnée validée,10,Expertisée,20,Bonne,7.332793134,48.728811149,QmnJ
A3410200,A341020001,2025-04-03,925.0,2026-06-02T08:08:12Z,16,Donnée validée,10,Expertisée,20,Bonne,7.332793134,48.728811149,QmnJ
A3410200,A341020001,2025-04-04,976.0,2026-06-02T08:08:12Z,16,Donnée validée,10,Expertisée,20,Bonne,7.332793134,48.728811149,QmnJ
A3410200,A341020001,2025-04-05,1015.0,2026-06-02T08:08:12Z,16,Donnée validée,10,Expertisée,20,Bonne,7.332793134,48.728811149,QmnJ
A3410200,A341020001,2025-04-06,998.0,2026-06-02T08:08:12Z,16,Donnée validée,10,Expertisée,20,Bonne,7.332793134,48.728811149,QmnJ
A3410200,A341020001,2025-04-07,959.0,2026-06-02T08:08:12Z,16,Donnée validée,10,Expertisée,20,Bonne,7.332793134,48.728811149,QmnJ
A3410200,A341020001,2025-04-08,930.0,2026-06-02T08:08:12Z,16,Donnée validée,10,Expertisée,20,Bonne,7.332793134,48.728811149,QmnJ
A3410200,A341020001,2025-04-09,924.0,2026-06-02T08:08:12Z,16,Donnée validée,10,Expertisée,20,Bonne,7.332793134,48.728811149,QmnJ
A3410200,A341020001,2025-04-10,892.0,2026-06-02T08:08:12Z,16,Donnée validée,10,Expertisée,20,Bonne,7.332793134,48.728811149,QmnJ
A3410200,A341020001,2025-04-11,881.0,2026-06-02T08:08:12Z,16,Donnée validée,10,Expertisée,20,Bonne,7.332793134,48.728811149,QmnJ
A3410200,A341020001,2025-04-12,903.0,2026-06-02T08:08:12Z,16,Donnée validée,10,Expertisée,20,Bonne,7.332793134,48.728811149,QmnJ
A3410200,A341020001,2025-04-13,941.0,2026-06-02T08:08:12Z,16,Donnée validée,10,Expertisée,20,Bonne,7.332793134,48.728811149,QmnJ
A3410200,A341020001,2025-04-14,928.0,2026-06-02T08:08:12Z,16,Donnée validée,10,Expertisée,20,Bonne,7.332793134,48.728811149,QmnJ
A3410200,A341020001,2025-04-15,1006.0,2026-06-02T08:08:12Z,16,Donnée validée,10,Expertisée,20,Bonne,7.332793134,48.728811149,QmnJ
A3410200,A341020001,2025-04-16,1019.0,2026-06-02T08:08:12Z,16,Donnée validée,10,Expertisée,20,Bonne,7.332793134,48.728811149,QmnJ
A3410200,A341020001,2025-04-17,1420.0,2026-06-02T08:08:12Z,16,Donnée validée,10,Expertisée,20,Bonne,7.332793134,48.728811149,QmnJ
A3410200,A341020001,2025-04-18,1148.0,2026-06-02T08:08:12Z,16,Donnée validée,10,Expertisée,20,Bonne,7.332793134,48.728811149,QmnJ
A3410200,A341020001,2025-04-19,1031.0,2026-06-02T08:08:12Z,16,Donnée validée,10,Expertisée,20,Bonne,7.332793134,48.728811149,QmnJ
A3410200,A341020001,2025-04-20,1017.0,2026-06-02T08:08:12Z,16,Donnée validée,10,Expertisée,20,Bonne,7.332793134,48.728811149,QmnJ
A3410200,A341020001,2025-04-21,1003.0,2026-06-02T08:08:12Z,16,Donnée validée,10,Expertisée,20,Bonne,7.332793134,48.728811149,QmnJ
A3410200,A341020001,2025-04-22,999.0,2026-06-02T08:08:12Z,16,Donnée validée,10,Expertisée,20,Bonne,7.332793134,48.728811149,QmnJ
A3410200,A341020001,2025-04-23,927.0,2026-06-02T08:08:12Z,16,Donnée validée,10,Expertisée,20,Bonne,7.332793134,48.728811149,QmnJ
A3410200,A341020001,2025-04-24,960.0,2026-06-02T08:08:12Z,16,Donnée validée,10,Expertisée,20,Bonne,7.332793134,48.728811149,QmnJ
A3410200,A341020001,2025-04-25,1085.0,2026-06-02T08:08:12Z,16,Donnée validée,10,Expertisée,20,Bonne,7.332793134,48.728811149,QmnJ
A3410200,A341020001,2025-04-26,907.0,2026-06-02T08:08:12Z,16,Donnée validée,10,Expertisée,20,Bonne,7.332793134,48.728811149,QmnJ
A3410200,A341020001,2025-04-27,849.0,2026-06-02T08:08:12Z,16,Donnée validée,10,Expertisée,20,Bonne,7.332793134,48.728811149,QmnJ
A3410200,A341020001,2025-04-28,817.0,2026-06-02T08:08:12Z,16,Donnée validée,10,Expertisée,20,Bonne,7.332793134,48.728811149,QmnJ
A3410200,A341020001,2025-04-29,795.0,2026-06-02T08:08:12Z,16,Donnée validée,10,Expertisée,20,Bonne,7.332793134,48.728811149,QmnJ
A3410200,A341020001,2025-04-30,758.0,2026-06-02T08:08:12Z,16,Donnée validée,10,Expertisée,20,Bonne,7.332793134,48.728811149,QmnJ
A3410200,A341020001,2025-05-01,729.0,2026-06-02T08:08:12Z,16,Donnée validée,10,Expertisée,20,Bonne,7.332793134,48.728811149,QmnJ
A3410200,A341020001,2025-05-02,734.0,2026-06-02T08:08:12Z,16,Donnée validée,10,Expertisée,20,Bonne,7.332793134,48.728811149,QmnJ
A3410200,A341020001,2025-05-03,818.0,2026-06-02T08:08:12Z,16,Donnée validée,10,Expertisée,20,Bonne,7.332793134,48.728811149,QmnJ
A3410200,A341020001,2025-05-04,1164.0,2026-06-02T08:08:12Z,16,Donnée validée,10,Expertisée,20,Bonne,7.332793134,48.728811149,QmnJ
A3410200,A341020001,2025-05-05,944.0,2026-06-02T08:08:12Z,16,Donnée validée,8,Calculée,20,Bonne,7.332793134,48.728811149,QmnJ
A3410200,A341020001,2025-05-06,898.0,2026-06-02T08:08:12Z,16,Donnée validée,8,Calculée,20,Bonne,7.332793134,48.728811149,QmnJ
A3410200,A341020001,2025-05-07,818.0,2026-06-02T08:08:12Z,16,Donnée validée,10,Expertisée,20,Bonne,7.332793134,48.728811149,QmnJ
A3410200,A341020001,2025-05-08,792.0,2026-06-02T08:08:12Z,16,Donnée validée,10,Expertisée,20,Bonne,7.332793134,48.728811149,QmnJ
A3410200,A341020001,2025-05-09,742.0,2026-06-02T08:08:12Z,16,Donnée validée,10,Expertisée,20,Bonne,7.332793134,48.728811149,QmnJ
A3410200,A341020001,2025-05-10,724.0,2026-06-02T08:08:12Z,16,Donnée validée,10,Expertisée,20,Bonne,7.332793134,48.728811149,QmnJ
A3410200,A341020001,2025-05-11,716.0,2026-06-02T08:08:12Z,16,Donnée validée,10,Expertisée,20,Bonne,7.332793134,48.728811149,QmnJ
A3410200,A341020001,2025-05-12,695.0,2026-06-02T08:08:12Z,16,Donnée validée,10,Expertisée,20,Bonne,7.332793134,48.728811149,QmnJ
A3410200,A341020001,2025-05-13,649.0,2026-06-02T08:08:12Z,16,Donnée validée,10,Expertisée,20,Bonne,7.332793134,48.728811149,QmnJ
A3410200,A341020001,2025-05-14,625.0,2026-06-02T08:08:12Z,16,Donnée validée,10,Expertisée,20,Bonne,7.332793134,48.728811149,QmnJ
A3410200,A341020001,2025-05-15,619.0,2026-06-02T08:08:12Z,16,Donnée validée,10,Expertisée,20,Bonne,7.332793134,48.728811149,QmnJ
A3410200,A341020001,2025-05-16,604.0,2026-06-02T08:08:12Z,16,Donnée validée,10,Expertisée,20,Bonne,7.332793134,48.728811149,QmnJ
A3410200,A341020001,2025-05-17,601.0,2026-06-02T08:08:12Z,16,Donnée validée,10,Expertisée,20,Bonne,7.332793134,48.728811149,QmnJ
A3410200,A341020001,2025-05-18,596.0,2026-06-02T08:08:12Z,16,Donnée validée,10,Expertisée,20,Bonne,7.332793134,48.728811149,QmnJ
A3410200,A341020001,2025-05-19,586.0,2026-06-02T08:08:12Z,16,Donnée validée,10,Expertisée,20,Bonne,7.332793134,48.728811149,QmnJ
A3410200,A341020001,2025-05-20,586.0,2026-06-02T08:08:12Z,16,Donnée validée,10,Expertisée,20,Bonne,7.332793134,48.728811149,QmnJ
A3410200,A341020001,2025-05-21,696.0,2026-06-02T08:08:12Z,16,Donnée validée,10,Expertisée,20,Bonne,7.332793134,48.728811149,QmnJ
A3410200,A341020001,2025-05-22,745.0,2026-06-02T08:08:12Z,16,Donnée validée,10,Expertisée,20,Bonne,7.332793134,48.728811149,QmnJ
A3410200,A341020001,2025-05-23,606.0,2026-06-02T08:08:12Z,16,Donnée validée,10,Expertisée,20,Bonne,7.332793134,48.728811149,QmnJ
A3410200,A341020001,2025-05-24,594.0,2026-06-02T08:08:12Z,16,Donnée validée,10,Expertisée,20,Bonne,7.332793134,48.728811149,QmnJ
A3410200,A341020001,2025-05-25,611.0,2026-06-02T08:08:12Z,16,Donnée validée,10,Expertisée,20,Bonne,7.332793134,48.728811149,QmnJ
A3410200,A341020001,2025-05-26,623.0,2026-06-02T08:08:12Z,16,Donnée validée,10,Expertisée,20,Bonne,7.332793134,48.728811149,QmnJ
A3410200,A341020001,2025-05-27,576.0,2026-06-02T08:08:12Z,16,Donnée validée,10,Expertisée,20,Bonne,7.332793134,48.728811149,QmnJ
A3410200,A341020001,2025-05-28,693.0,2026-06-02T08:08:12Z,16,Donnée validée,10,Expertisée,20,Bonne,7.332793134,48.728811149,QmnJ
A3410200,A341020001,2025-05-29,691.0,2026-06-02T08:08:12Z,16,Donnée validée,10,Expertisée,20,Bonne,7.332793134,48.728811149,QmnJ
A3410200,A341020001,2025-05-30,605.0,2026-06-02T08:08:12Z,16,Donnée validée,10,Expertisée,20,Bonne,7.332793134,48.728811149,QmnJ
A3410200,A341020001,2025-05-31,588.0,2026-06-02T08:08:12Z,16,Donnée validée,10,Expertisée,20,Bonne,7.332793134,48.728811149,QmnJ
A3410200,A341020001,2025-06-01,577.0,2026-06-02T08:08:12Z,16,Donnée validée,10,Expertisée,20,Bonne,7.332793134,48.728811149,QmnJ
A3410200,A341020001,2025-06-02,882.0,2026-06-02T08:08:12Z,16,Donnée validée,10,Expertisée,20,Bonne,7.332793134,48.728811149,QmnJ
A3410200,A341020001,2025-06-03,697.0,2026-06-02T08:08:12Z,16,Donnée validée,10,Expertisée,20,Bonne,7.332793134,48.728811149,QmnJ
A3410200,A341020001,2025-06-04,899.0,2026-06-02T08:08:12Z,16,Donnée validée,10,Expertisée,20,Bonne,7.332793134,48.728811149,QmnJ
A3410200,A341020001,2025-06-05,864.0,2026-06-02T08:08:12Z,16,Donnée validée,10,Expertisée,20,Bonne,7.332793134,48.728811149,QmnJ
A3410200,A341020001,2025-06-06,976.0,2026-06-02T08:08:12Z,16,Donnée validée,10,Expertisée,20,Bonne,7.332793134,48.728811149,QmnJ
A3410200,A341020001,2025-06-07,945.0,2026-06-02T08:08:12Z,16,Donnée validée,10,Expertisée,20,Bonne,7.332793134,48.728811149,QmnJ
A3410200,A341020001,2025-06-08,801.0,2026-06-02T08:08:12Z,16,Donnée validée,10,Expertisée,20,Bonne,7.332793134,48.728811149,QmnJ
A3410200,A341020001,2025-06-09,691.0,2026-06-02T08:08:12Z,16,Donnée validée,10,Expertisée,20,Bonne,7.332793134,48.728811149,QmnJ
A3410200,A341020001,2025-06-10,627.0,2026-06-02T08:08:12Z,16,Donnée validée,10,Expertisée,20,Bonne,7.332793134,48.728811149,QmnJ
A3410200,A341020001,2025-06-11,607.0,2026-06-02T08:08:12Z,16,Donnée validée,10,Expertisée,20,Bonne,7.332793134,48.728811149,QmnJ
A3410200,A341020001,2025-06-12,571.0,2026-06-02T08:08:12Z,16,Donnée validée,10,Expertisée,20,Bonne,7.332793134,48.728811149,QmnJ
A3410200,A341020001,2025-06-13,548.0,2026-06-02T08:08:12Z,16,Donnée validée,8,Calculée,20,Bonne,7.332793134,48.728811149,QmnJ
A3410200,A341020001,2025-06-14,526.0,2026-06-02T08:08:12Z,16,Donnée validée,10,Expertisée,20,Bonne,7.332793134,48.728811149,QmnJ
A3410200,A341020001,2025-06-15,813.0,2026-06-02T08:08:12Z,16,Donnée validée,10,Expertisée,20,Bonne,7.332793134,48.728811149,QmnJ
A3410200,A341020001,2025-06-16,824.0,2026-06-02T08:08:12Z,16,Donnée validée,10,Expertisée,20,Bonne,7.332793134,48.728811149,QmnJ
A3410200,A341020001,2025-06-17,604.0,2026-06-02T08:08:12Z,16,Donnée validée,10,Expertisée,20,Bonne,7.332793134,48.728811149,QmnJ
A3410200,A341020001,2025-06-18,563.0,2026-06-02T08:08:12Z,16,Donnée validée,10,Expertisée,20,Bonne,7.332793134,48.728811149,QmnJ
A3410200,A341020001,2025-06-19,518.0,2026-06-02T08:08:12Z,16,Donnée validée,10,Expertisée,20,Bonne,7.332793134,48.728811149,QmnJ
A3410200,A341020001,2025-06-20,491.0,2026-06-02T08:08:12Z,16,Donnée validée,10,Expertisée,20,Bonne,7.332793134,48.728811149,QmnJ
A3410200,A341020001,2025-06-21,483.0,2026-06-02T08:08:12Z,16,Donnée validée,10,Expertisée,20,Bonne,7.332793134,48.728811149,QmnJ
A3410200,A341020001,2025-06-22,483.0,2026-06-02T08:08:12Z,16,Donnée validée,10,Expertisée,20,Bonne,7.332793134,48.728811149,QmnJ
A3410200,A341020001,2025-06-23,484.0,2026-06-02T08:08:12Z,16,Donnée validée,10,Expertisée,20,Bonne,7.332793134,48.728811149,QmnJ
A3410200,A341020001,2025-06-24,476.0,2026-06-02T08:08:12Z,16,Donnée validée,10,Expertisée,20,Bonne,7.332793134,48.728811149,QmnJ
A3410200,A341020001,2025-06-25,467.0,2026-06-02T08:08:12Z,16,Donnée validée,10,Expertisée,20,Bonne,7.332793134,48.728811149,QmnJ
A3410200,A341020001,2025-06-26,478.0,2026-06-02T08:08:12Z,16,Donnée validée,10,Expertisée,20,Bonne,7.332793134,48.728811149,QmnJ
A3410200,A341020001,2025-06-27,440.0,2026-06-02T08:08:12Z,16,Donnée validée,10,Expertisée,12,Douteuse,7.332793134,48.728811149,QmnJ
A3410200,A341020001,2025-06-28,411.0,2026-06-02T08:08:12Z,16,Donnée validée,10,Expertisée,12,Douteuse,7.332793134,48.728811149,QmnJ
A3410200,A341020001,2025-06-29,396.0,2026-06-02T08:08:12Z,16,Donnée validée,10,Expertisée,12,Douteuse,7.332793134,48.728811149,QmnJ
A3410200,A341020001,2025-06-30,385.0,2026-06-02T08:08:12Z,16,Donnée validée,10,Expertisée,12,Douteuse,7.332793134,48.728811149,QmnJ
A3410200,A341020001,2025-07-01,379.0,2026-06-02T08:08:12Z,16,Donnée validée,10,Expertisée,12,Douteuse,7.332793134,48.728811149,QmnJ
A3410200,A341020001,2025-07-02,376.0,2026-06-02T08:08:12Z,16,Donnée validée,10,Expertisée,12,Douteuse,7.332793134,48.728811149,QmnJ
A3410200,A341020001,2025-07-03,396.0,2026-06-02T08:08:12Z,16,Donnée validée,10,Expertisée,12,Douteuse,7.332793134,48.728811149,QmnJ
A3410200,A341020001,2025-07-04,383.0,2026-06-02T08:08:12Z,16,Donnée validée,10,Expertisée,12,Douteuse,7.332793134,48.728811149,QmnJ
A3410200,A341020001,2025-07-05,361.0,2026-06-02T08:08:12Z,16,Donnée validée,10,Expertisée,12,Douteuse,7.332793134,48.728811149,QmnJ
A3410200,A341020001,2025-07-06,387.0,2026-06-02T08:08:12Z,16,Donnée validée,10,Expertisée,12,Douteuse,7.332793134,48.728811149,QmnJ
A3410200,A341020001,2025-07-07,663.0,2026-06-02T08:08:12Z,16,Donnée validée,10,Expertisée,12,Douteuse,7.332793134,48.728811149,QmnJ
A3410200,A341020001,2025-07-08,584.0,2026-06-02T08:08:12Z,16,Donnée validée,10,Expertisée,20,Bonne,7.332793134,48.728811149,QmnJ
A3410200,A341020001,2025-07-09,470.0,2026-06-02T08:08:12Z,16,Donnée validée,10,Expertisée,12,Douteuse,7.332793134,48.728811149,QmnJ
A3410200,A341020001,2025-07-10,404.0,2026-06-02T08:08:12Z,16,Donnée validée,10,Expertisée,12,Douteuse,7.332793134,48.728811149,QmnJ
A3410200,A341020001,2025-07-11,388.0,2026-06-02T08:08:12Z,16,Donnée validée,10,Expertisée,12,Douteuse,7.332793134,48.728811149,QmnJ
A3410200,A341020001,2025-07-12,390.0,2026-06-02T08:08:12Z,16,Donnée validée,10,Expertisée,12,Douteuse,7.332793134,48.728811149,QmnJ
A3410200,A341020001,2025-07-13,377.0,2026-06-02T08:08:12Z,16,Donnée validée,10,Expertisée,12,Douteuse,7.332793134,48.728811149,QmnJ
A3410200,A341020001,2025-07-14,401.0,2026-06-02T08:08:12Z,16,Donnée validée,10,Expertisée,12,Douteuse,7.332793134,48.728811149,QmnJ
A3410200,A341020001,2025-07-15,394.0,2026-06-02T08:08:12Z,16,Donnée validée,8,Calculée,12,Douteuse,7.332793134,48.728811149,QmnJ
A3410200,A341020001,2025-07-16,393.0,2026-06-02T08:08:12Z,16,Donnée validée,8,Calculée,12,Douteuse,7.332793134,48.728811149,QmnJ
A3410200,A341020001,2025-07-17,519.0,2026-06-02T08:08:12Z,16,Donnée validée,10,Expertisée,12,Douteuse,7.332793134,48.728811149,QmnJ
A3410200,A341020001,2025-07-18,383.0,2026-06-02T08:08:12Z,16,Donnée validée,10,Expertisée,12,Douteuse,7.332793134,48.728811149,QmnJ
A3410200,A341020001,2025-07-19,376.0,2026-06-02T08:08:12Z,16,Donnée validée,10,Expertisée,12,Douteuse,7.332793134,48.728811149,QmnJ
A3410200,A341020001,2025-07-20,467.0,2026-06-02T08:08:12Z,16,Donnée validée,10,Expertisée,12,Douteuse,7.332793134,48.728811149,QmnJ
A3410200,A341020001,2025-07-21,514.0,2026-06-02T08:08:12Z,16,Donnée validée,10,Expertisée,20,Bonne,7.332793134,48.728811149,QmnJ
A3410200,A341020001,2025-07-22,656.0,2026-06-02T08:08:12Z,16,Donnée validée,10,Expertisée,20,Bonne,7.332793134,48.728811149,QmnJ
A3410200,A341020001,2025-07-23,529.0,2026-06-02T08:08:12Z,16,Donnée validée,10,Expertisée,20,Bonne,7.332793134,48.728811149,QmnJ
A3410200,A341020001,2025-07-24,468.0,2026-06-02T08:08:12Z,16,Donnée validée,10,Expertisée,12,Douteuse,7.332793134,48.728811149,QmnJ
A3410200,A341020001,2025-07-25,477.0,2026-06-02T08:08:12Z,16,Donnée validée,10,Expertisée,12,Douteuse,7.332793134,48.728811149,QmnJ
A3410200,A341020001,2025-07-26,484.0,2026-06-02T08:08:12Z,16,Donnée validée,10,Expertisée,12,Douteuse,7.332793134,48.728811149,QmnJ
A3410200,A341020001,2025-07-27,496.0,2026-06-02T08:08:12Z,16,Donnée validée,10,Expertisée,20,Bonne,7.332793134,48.728811149,QmnJ
A3410200,A341020001,2025-07-28,1602.0,2026-06-02T08:08:12Z,16,Donnée validée,10,Expertisée,20,Bonne,7.332793134,48.728811149,QmnJ
A3410200,A341020001,2025-07-29,617.0,2026-06-02T08:08:12Z,16,Donnée validée,10,Expertisée,12,Douteuse,7.332793134,48.728811149,QmnJ
A3410200,A341020001,2025-07-30,513.0,2026-06-02T08:08:12Z,16,Donnée validée,10,Expertisée,20,Bonne,7.332793134,48.728811149,QmnJ
A3410200,A341020001,2025-07-31,463.0,2026-06-02T08:08:12Z,16,Donnée validée,10,Expertisée,20,Bonne,7.332793134,48.728811149,QmnJ
A3410200,A341020001,2025-08-01,723.0,2026-06-02T08:08:12Z,16,Donnée validée,10,Expertisée,20,Bonne,7.332793134,48.728811149,QmnJ
A3410200,A341020001,2025-08-02,885.0,2026-06-02T08:08:12Z,16,Donnée validée,10,Expertisée,20,Bonne,7.332793134,48.728811149,QmnJ
A3410200,A341020001,2025-08-03,649.0,2026-06-02T08:08:12Z,16,Donnée validée,10,Expertisée,20,Bonne,7.332793134,48.728811149,QmnJ
A3410200,A341020001,2025-08-04,514.0,2026-06-02T08:08:12Z,16,Donnée validée,10,Expertisée,20,Bonne,7.332793134,48.728811149,QmnJ
A3410200,A341020001,2025-08-05,487.0,2026-06-02T08:08:12Z,16,Donnée validée,10,Expertisée,20,Bonne,7.332793134,48.728811149,QmnJ
A3410200,A341020001,2025-08-06,458.0,2026-06-02T08:08:12Z,16,Donnée validée,10,Expertisée,12,Douteuse,7.332793134,48.728811149,QmnJ
A3410200,A341020001,2025-08-07,419.0,2026-06-02T08:08:12Z,16,Donnée validée,10,Expertisée,12,Douteuse,7.332793134,48.728811149,QmnJ
A3410200,A341020001,2025-08-08,376.0,2026-06-02T08:08:12Z,16,Donnée validée,10,Expertisée,12,Douteuse,7.332793134,48.728811149,QmnJ
A3410200,A341020001,2025-08-09,343.0,2026-06-02T08:08:12Z,16,Donnée validée,10,Expertisée,12,Douteuse,7.332793134,48.728811149,QmnJ
A3410200,A341020001,2025-08-10,345.0,2026-06-02T08:08:12Z,16,Donnée validée,10,Expertisée,12,Douteuse,7.332793134,48.728811149,QmnJ
A3410200,A341020001,2025-08-11,330.0,2026-06-02T08:08:12Z,16,Donnée validée,10,Expertisée,12,Douteuse,7.332793134,48.728811149,QmnJ
A3410200,A341020001,2025-08-12,340.0,2026-06-02T08:08:12Z,16,Donnée validée,10,Expertisée,12,Douteuse,7.332793134,48.728811149,QmnJ
A3410200,A341020001,2025-08-13,343.0,2026-06-02T08:08:12Z,16,Donnée validée,10,Expertisée,12,Douteuse,7.332793134,48.728811149,QmnJ
A3410200,A341020001,2025-08-14,325.0,2026-06-02T08:08:12Z,16,Donnée validée,10,Expertisée,12,Douteuse,7.332793134,48.728811149,QmnJ
A3410200,A341020001,2025-08-15,319.0,2026-06-02T08:08:12Z,16,Donnée validée,8,Calculée,12,Douteuse,7.332793134,48.728811149,QmnJ
A3410200,A341020001,2025-08-16,318.0,2026-06-02T08:08:12Z,16,Donnée validée,10,Expertisée,12,Douteuse,7.332793134,48.728811149,QmnJ
A3410200,A341020001,2025-08-17,320.0,2026-06-02T08:08:12Z,16,Donnée validée,10,Expertisée,12,Douteuse,7.332793134,48.728811149,QmnJ
A3410200,A341020001,2025-08-18,315.0,2026-06-02T08:08:12Z,16,Donnée validée,10,Expertisée,12,Douteuse,7.332793134,48.728811149,QmnJ
A3410200,A341020001,2025-08-19,369.0,2026-06-02T08:08:12Z,16,Donnée validée,10,Expertisée,12,Douteuse,7.332793134,48.728811149,QmnJ
A3410200,A341020001,2025-08-20,510.0,2026-06-02T08:08:12Z,16,Donnée validée,10,Expertisée,12,Douteuse,7.332793134,48.728811149,QmnJ
A3410200,A341020001,2025-08-21,474.0,2026-06-02T08:08:12Z,16,Donnée validée,10,Expertisée,12,Douteuse,7.332793134,48.728811149,QmnJ
A3410200,A341020001,2025-08-22,419.0,2026-06-02T08:08:12Z,16,Donnée validée,10,Expertisée,12,Douteuse,7.332793134,48.728811149,QmnJ
A3410200,A341020001,2025-08-23,402.0,2026-06-02T08:08:12Z,16,Donnée validée,10,Expertisée,12,Douteuse,7.332793134,48.728811149,QmnJ
A3410200,A341020001,2025-08-24,382.0,2026-06-02T08:08:12Z,16,Donnée validée,10,Expertisée,12,Douteuse,7.332793134,48.728811149,QmnJ
A3410200,A341020001,2025-08-25,372.0,2026-06-02T08:08:12Z,16,Donnée validée,10,Expertisée,12,Douteuse,7.332793134,48.728811149,QmnJ
A3410200,A341020001,2025-08-26,355.0,2026-06-02T08:08:12Z,16,Donnée validée,10,Expertisée,12,Douteuse,7.332793134,48.728811149,QmnJ
A3410200,A341020001,2025-08-27,397.0,2026-06-02T08:08:12Z,16,Donnée validée,10,Expertisée,12,Douteuse,7.332793134,48.728811149,QmnJ
A3410200,A341020001,2025-08-28,593.0,2026-06-02T08:08:12Z,16,Donnée validée,10,Expertisée,20,Bonne,7.332793134,48.728811149,QmnJ
A3410200,A341020001,2025-08-29,456.0,2026-06-02T08:08:12Z,16,Donnée validée,10,Expertisée,20,Bonne,7.332793134,48.728811149,QmnJ
A3410200,A341020001,2025-08-30,433.0,2026-06-02T08:08:12Z,16,Donnée validée,10,Expertisée,12,Douteuse,7.332793134,48.728811149,QmnJ
A3410200,A341020001,2025-08-31,411.0,2026-06-02T08:08:12Z,16,Donnée validée,10,Expertisée,12,Douteuse,7.332793134,48.728811149,QmnJ
A3410200,A341020001,2025-09-01,430.0,2026-06-02T08:08:12Z,16,Donnée validée,10,Expertisée,12,Douteuse,7.332793134,48.728811149,QmnJ
A3410200,A341020001,2025-09-02,418.0,2026-06-02T08:08:12Z,16,Donnée validée,10,Expertisée,12,Douteuse,7.332793134,48.728811149,QmnJ
A3410200,A341020001,2025-09-03,401.0,2026-06-02T08:08:12Z,16,Donnée validée,10,Expertisée,12,Douteuse,7.332793134,48.728811149,QmnJ
A3410200,A341020001,2025-09-04,412.0,2026-06-02T08:08:12Z,16,Donnée validée,10,Expertisée,12,Douteuse,7.332793134,48.728811149,QmnJ
A3410200,A341020001,2025-09-05,468.0,2026-06-02T08:08:12Z,16,Donnée validée,10,Expertisée,12,Douteuse,7.332793134,48.728811149,QmnJ
A3410200,A341020001,2025-09-06,416.0,2026-06-02T08:08:12Z,16,Donnée validée,10,Expertisée,12,Douteuse,7.332793134,48.728811149,QmnJ
A3410200,A341020001,2025-09-07,392.0,2026-06-02T08:08:12Z,16,Donnée validée,10,Expertisée,12,Douteuse,7.332793134,48.728811149,QmnJ
A3410200,A341020001,2025-09-08,388.0,2026-06-02T08:08:12Z,16,Donnée validée,10,Expertisée,12,Douteuse,7.332793134,48.728811149,QmnJ
A3410200,A341020001,2025-09-09,779.0,2026-06-02T08:08:12Z,16,Donnée validée,10,Expertisée,12,Douteuse,7.332793134,48.728811149,QmnJ
A3410200,A341020001,2025-09-10,510.0,2026-06-02T08:08:12Z,16,Donnée validée,10,Expertisée,20,Bonne,7.332793134,48.728811149,QmnJ
A3410200,A341020001,2025-09-11,463.0,2026-06-02T08:08:12Z,16,Donnée validée,8,Calculée,20,Bonne,7.332793134,48.728811149,QmnJ
A3410200,A341020001,2025-09-12,459.0,2026-06-02T08:08:12Z,16,Donnée validée,8,Calculée,20,Bonne,7.332793134,48.728811149,QmnJ
A3410200,A341020001,2025-09-13,419.0,2026-06-02T08:08:12Z,16,Donnée validée,10,Expertisée,12,Douteuse,7.332793134,48.728811149,QmnJ
A3410200,A341020001,2025-09-14,568.0,2026-06-02T08:08:12Z,16,Donnée validée,10,Expertisée,12,Douteuse,7.332793134,48.728811149,QmnJ
A3410200,A341020001,2025-09-15,505.0,2026-06-02T08:08:12Z,16,Donnée validée,10,Expertisée,20,Bonne,7.332793134,48.728811149,QmnJ
A3410200,A341020001,2025-09-16,462.0,2026-06-02T08:08:12Z,16,Donnée validée,10,Expertisée,12,Douteuse,7.332793134,48.728811149,QmnJ
A3410200,A341020001,2025-09-17,403.0,2026-06-02T08:08:12Z,16,Donnée validée,10,Expertisée,12,Douteuse,7.332793134,48.728811149,QmnJ
A3410200,A341020001,2025-09-18,391.0,2026-06-02T08:08:12Z,16,Donnée validée,10,Expertisée,12,Douteuse,7.332793134,48.728811149,QmnJ
A3410200,A341020001,2025-09-19,384.0,2026-06-02T08:08:12Z,16,Donnée validée,10,Expertisée,12,Douteuse,7.332793134,48.728811149,QmnJ
A3410200,A341020001,2025-09-20,383.0,2026-06-02T08:08:12Z,16,Donnée validée,10,Expertisée,12,Douteuse,7.332793134,48.728811149,QmnJ
A3410200,A341020001,2025-09-21,440.0,2026-06-02T08:08:12Z,16,Donnée validée,10,Expertisée,12,Douteuse,7.332793134,48.728811149,QmnJ
A3410200,A341020001,2025-09-22,1532.0,2026-06-02T08:08:12Z,16,Donnée validée,10,Expertisée,20,Bonne,7.332793134,48.728811149,QmnJ
A3410200,A341020001,2025-09-23,1176.0,2026-06-02T08:08:12Z,16,Donnée validée,10,Expertisée,20,Bonne,7.332793134,48.728811149,QmnJ
A3410200,A341020001,2025-09-24,1095.0,2026-06-02T08:08:12Z,16,Donnée validée,10,Expertisée,20,Bonne,7.332793134,48.728811149,QmnJ
A3410200,A341020001,2025-09-25,1017.0,2026-06-02T08:08:12Z,16,Donnée validée,10,Expertisée,20,Bonne,7.332793134,48.728811149,QmnJ
A3410200,A341020001,2025-09-26,917.0,2026-06-02T08:08:12Z,16,Donnée validée,10,Expertisée,20,Bonne,7.332793134,48.728811149,QmnJ
A3410200,A341020001,2025-09-27,759.0,2026-06-02T08:08:12Z,16,Donnée validée,10,Expertisée,20,Bonne,7.332793134,48.728811149,QmnJ
A3410200,A341020001,2025-09-28,650.0,2026-06-02T08:08:12Z,16,Donnée validée,10,Expertisée,20,Bonne,7.332793134,48.728811149,QmnJ
A3410200,A341020001,2025-09-29,600.0,2026-06-02T08:08:12Z,16,Donnée validée,10,Expertisée,20,Bonne,7.332793134,48.728811149,QmnJ
A3410200,A341020001,2025-09-30,563.0,2026-06-02T08:08:12Z,16,Donnée validée,10,Expertisée,12,Douteuse,7.332793134,48.728811149,QmnJ
A3410200,A341020001,2025-10-01,549.0,2026-06-02T08:08:12Z,16,Donnée validée,10,Expertisée,20,Bonne,7.332793134,48.728811149,QmnJ
A3410200,A341020001,2025-10-02,552.0,2026-06-02T08:08:12Z,16,Donnée validée,10,Expertisée,20,Bonne,7.332793134,48.728811149,QmnJ
A3410200,A341020001,2025-10-03,550.0,2026-06-02T08:08:12Z,16,Donnée validée,10,Expertisée,20,Bonne,7.332793134,48.728811149,QmnJ
A3410200,A341020001,2025-10-04,650.0,2026-06-02T08:08:12Z,16,Donnée validée,10,Expertisée,20,Bonne,7.332793134,48.728811149,QmnJ
A3410200,A341020001,2025-10-05,788.0,2026-06-02T08:08:12Z,16,Donnée validée,10,Expertisée,20,Bonne,7.332793134,48.728811149,QmnJ
A3410200,A341020001,2025-10-06,627.0,2026-06-02T08:08:12Z,16,Donnée validée,10,Expertisée,20,Bonne,7.332793134,48.728811149,QmnJ
A3410200,A341020001,2025-10-07,560.0,2026-06-02T08:08:12Z,16,Donnée validée,10,Expertisée,20,Bonne,7.332793134,48.728811149,QmnJ
A3410200,A341020001,2025-10-08,556.0,2026-06-02T08:08:12Z,16,Donnée validée,10,Expertisée,20,Bonne,7.332793134,48.728811149,QmnJ
A3410200,A341020001,2025-10-09,553.0,2026-06-02T08:08:12Z,16,Donnée validée,10,Expertisée,20,Bonne,7.332793134,48.728811149,QmnJ
A3410200,A341020001,2025-10-10,551.0,2026-06-02T08:08:12Z,16,Donnée validée,10,Expertisée,20,Bonne,7.332793134,48.728811149,QmnJ
A3410200,A341020001,2025-10-11,564.0,2026-06-02T08:08:12Z,16,Donnée validée,10,Expertisée,20,Bonne,7.332793134,48.728811149,QmnJ
A3410200,A341020001,2025-10-12,565.0,2026-06-02T08:08:12Z,16,Donnée validée,10,Expertisée,20,Bonne,7.332793134,48.728811149,QmnJ
A3410200,A341020001,2025-10-13,557.0,2026-06-02T08:08:12Z,16,Donnée validée,10,Expertisée,20,Bonne,7.332793134,48.728811149,QmnJ
A3410200,A341020001,2025-10-14,527.0,2026-06-02T08:08:12Z,16,Donnée validée,10,Expertisée,20,Bonne,7.332793134,48.728811149,QmnJ
A3410200,A341020001,2025-10-15,536.0,2026-06-02T08:08:12Z,16,Donnée validée,10,Expertisée,20,Bonne,7.332793134,48.728811149,QmnJ
A3410200,A341020001,2025-10-16,546.0,2026-06-02T08:08:12Z,16,Donnée validée,10,Expertisée,20,Bonne,7.332793134,48.728811149,QmnJ
A3410200,A341020001,2025-10-17,552.0,2026-06-02T08:08:12Z,16,Donnée validée,10,Expertisée,20,Bonne,7.332793134,48.728811149,QmnJ
A3410200,A341020001,2025-10-18,547.0,2026-06-02T08:08:12Z,16,Donnée validée,10,Expertisée,20,Bonne,7.332793134,48.728811149,QmnJ
A3410200,A341020001,2025-10-19,562.0,2026-06-02T08:08:12Z,16,Donnée validée,10,Expertisée,20,Bonne,7.332793134,48.728811149,QmnJ
A3410200,A341020001,2025-10-20,619.0,2026-06-02T08:08:12Z,16,Donnée validée,10,Expertisée,20,Bonne,7.332793134,48.728811149,QmnJ
A3410200,A341020001,2025-10-21,657.0,2026-06-02T08:08:12Z,16,Donnée validée,10,Expertisée,20,Bonne,7.332793134,48.728811149,QmnJ
A3410200,A341020001,2025-10-22,881.0,2026-06-02T08:08:12Z,16,Donnée validée,10,Expertisée,20,Bonne,7.332793134,48.728811149,QmnJ
A3410200,A341020001,2025-10-23,2652.0,2026-06-02T08:08:12Z,16,Donnée validée,10,Expertisée,20,Bonne,7.332793134,48.728811149,QmnJ
A3410200,A341020001,2025-10-24,1654.0,2026-06-02T08:08:12Z,16,Donnée validée,10,Expertisée,20,Bonne,7.332793134,48.728811149,QmnJ
A3410200,A341020001,2025-10-25,1623.0,2026-06-02T08:08:12Z,16,Donnée validée,10,Expertisée,20,Bonne,7.332793134,48.728811149,QmnJ
A3410200,A341020001,2025-10-26,1347.0,2026-06-02T08:08:12Z,16,Donnée validée,10,Expertisée,20,Bonne,7.332793134,48.728811149,QmnJ
A3410200,A341020001,2025-10-27,1912.0,2026-06-02T08:08:12Z,16,Donnée validée,10,Expertisée,20,Bonne,7.332793134,48.728811149,QmnJ
A3410200,A341020001,2025-10-28,1580.0,2026-06-02T08:08:12Z,16,Donnée validée,10,Expertisée,20,Bonne,7.332793134,48.728811149,QmnJ
A3410200,A341020001,2025-10-29,1444.0,2026-06-02T08:08:12Z,16,Donnée validée,10,Expertisée,20,Bonne,7.332793134,48.728811149,QmnJ
A3410200,A341020001,2025-10-30,1392.0,2026-06-02T08:08:12Z,16,Donnée validée,10,Expertisée,20,Bonne,7.332793134,48.728811149,QmnJ
A3410200,A341020001,2025-10-31,1134.0,2026-06-02T08:08:12Z,16,Donnée validée,10,Expertisée,20,Bonne,7.332793134,48.728811149,QmnJ
A3410200,A341020001,2025-11-01,1080.0,2026-06-02T08:08:12Z,16,Donnée validée,10,Expertisée,20,Bonne,7.332793134,48.728811149,QmnJ
A3410200,A341020001,2025-11-02,1136.0,2026-06-02T08:08:12Z,16,Donnée validée,10,Expertisée,20,Bonne,7.332793134,48.728811149,QmnJ
A3410200,A341020001,2025-11-03,1049.0,2026-06-02T08:08:12Z,16,Donnée validée,10,Expertisée,20,Bonne,7.332793134,48.728811149,QmnJ
A3410200,A341020001,2025-11-04,936.0,2026-06-02T08:08:12Z,16,Donnée validée,8,Calculée,20,Bonne,7.332793134,48.728811149,QmnJ
A3410200,A341020001,2025-11-05,911.0,2026-06-02T08:08:12Z,16,Donnée validée,8,Calculée,20,Bonne,7.332793134,48.728811149,QmnJ
A3410200,A341020001,2025-11-06,918.0,2026-06-02T08:08:12Z,16,Donnée validée,10,Expertisée,20,Bonne,7.332793134,48.728811149,QmnJ
A3410200,A341020001,2025-11-07,926.0,2026-06-02T08:08:12Z,16,Donnée validée,10,Expertisée,20,Bonne,7.332793134,48.728811149,QmnJ
A3410200,A341020001,2025-11-08,913.0,2026-06-02T08:08:12Z,16,Donnée validée,10,Expertisée,20,Bonne,7.332793134,48.728811149,QmnJ
A3410200,A341020001,2025-11-09,890.0,2026-06-02T08:08:12Z,16,Donnée validée,10,Expertisée,20,Bonne,7.332793134,48.728811149,QmnJ
A3410200,A341020001,2025-11-10,876.0,2026-06-02T08:08:12Z,16,Donnée validée,10,Expertisée,20,Bonne,7.332793134,48.728811149,QmnJ
A3410200,A341020001,2025-11-11,862.0,2026-06-02T08:08:12Z,16,Donnée validée,10,Expertisée,20,Bonne,7.332793134,48.728811149,QmnJ
A3410200,A341020001,2025-11-12,835.0,2026-06-02T08:08:12Z,16,Donnée validée,10,Expertisée,20,Bonne,7.332793134,48.728811149,QmnJ
A3410200,A341020001,2025-11-13,821.0,2026-06-02T08:08:12Z,16,Donnée validée,10,Expertisée,20,Bonne,7.332793134,48.728811149,QmnJ
A3410200,A341020001,2025-11-14,808.0,2026-06-02T08:08:12Z,16,Donnée validée,10,Expertisée,20,Bonne,7.332793134,48.728811149,QmnJ
A3410200,A341020001,2025-11-15,832.0,2026-06-02T08:08:12Z,16,Donnée validée,10,Expertisée,20,Bonne,7.332793134,48.728811149,QmnJ
A3410200,A341020001,2025-11-16,865.0,2026-06-02T08:08:12Z,16,Donnée validée,10,Expertisée,20,Bonne,7.332793134,48.728811149,QmnJ
A3410200,A341020001,2025-11-17,787.0,2026-06-02T08:08:12Z,16,Donnée validée,10,Expertisée,20,Bonne,7.332793134,48.728811149,QmnJ
A3410200,A341020001,2025-11-18,662.0,2026-06-02T08:08:12Z,16,Donnée validée,10,Expertisée,20,Bonne,7.332793134,48.728811149,QmnJ
A3410200,A341020001,2025-11-19,595.0,2026-06-02T08:08:12Z,16,Donnée validée,10,Expertisée,20,Bonne,7.332793134,48.728811149,QmnJ
A3410200,A341020001,2025-11-20,692.0,2026-06-02T08:08:12Z,16,Donnée validée,10,Expertisée,20,Bonne,7.332793134,48.728811149,QmnJ
A3410200,A341020001,2025-11-21,670.0,2026-06-02T08:08:12Z,16,Donnée validée,10,Expertisée,20,Bonne,7.332793134,48.728811149,QmnJ
A3410200,A341020001,2025-11-22,607.0,2026-06-02T08:08:12Z,16,Donnée validée,10,Expertisée,20,Bonne,7.332793134,48.728811149,QmnJ
A3410200,A341020001,2025-11-23,601.0,2026-06-02T08:08:12Z,16,Donnée validée,10,Expertisée,20,Bonne,7.332793134,48.728811149,QmnJ
A3410200,A341020001,2025-11-24,952.0,2026-06-02T08:08:12Z,16,Donnée validée,10,Expertisée,20,Bonne,7.332793134,48.728811149,QmnJ
A3410200,A341020001,2025-11-25,1084.0,2026-06-02T08:08:12Z,16,Donnée validée,10,Expertisée,20,Bonne,7.332793134,48.728811149,QmnJ
A3410200,A341020001,2025-11-26,1285.0,2026-06-02T08:08:12Z,16,Donnée validée,10,Expertisée,20,Bonne,7.332793134,48.728811149,QmnJ
A3410200,A341020001,2025-11-27,992.0,2026-06-02T08:08:12Z,16,Donnée validée,10,Expertisée,20,Bonne,7.332793134,48.728811149,QmnJ
A3410200,A341020001,2025-11-28,901.0,2026-06-02T08:08:12Z,16,Donnée validée,10,Expertisée,20,Bonne,7.332793134,48.728811149,QmnJ
A3410200,A341020001,2025-11-29,1020.0,2026-06-02T08:08:12Z,16,Donnée validée,10,Expertisée,20,Bonne,7.332793134,48.728811149,QmnJ
A3410200,A341020001,2025-11-30,1029.0,2026-06-02T08:08:12Z,16,Donnée validée,10,Expertisée,20,Bonne,7.332793134,48.728811149,QmnJ
A3410200,A341020001,2025-12-01,1049.0,2026-06-02T08:08:12Z,16,Donnée validée,10,Expertisée,20,Bonne,7.332793134,48.728811149,QmnJ
A3410200,A341020001,2025-12-02,897.0,2026-06-02T08:08:12Z,16,Donnée validée,10,Expertisée,20,Bonne,7.332793134,48.728811149,QmnJ
A3410200,A341020001,2025-12-03,820.0,2026-06-02T08:08:12Z,16,Donnée validée,10,Expertisée,20,Bonne,7.332793134,48.728811149,QmnJ
A3410200,A341020001,2025-12-04,803.0,2026-06-02T08:08:12Z,16,Donnée validée,10,Expertisée,20,Bonne,7.332793134,48.728811149,QmnJ
A3410200,A341020001,2025-12-05,772.0,2026-06-02T08:08:12Z,16,Donnée validée,10,Expertisée,20,Bonne,7.332793134,48.728811149,QmnJ
A3410200,A341020001,2025-12-06,685.0,2026-06-02T08:08:12Z,16,Donnée validée,10,Expertisée,20,Bonne,7.332793134,48.728811149,QmnJ
A3410200,A341020001,2025-12-07,703.0,2026-06-02T08:08:12Z,16,Donnée validée,10,Expertisée,20,Bonne,7.332793134,48.728811149,QmnJ
A3410200,A341020001,2025-12-08,897.0,2026-06-02T08:08:12Z,16,Donnée validée,10,Expertisée,20,Bonne,7.332793134,48.728811149,QmnJ
A3410200,A341020001,2025-12-09,747.0,2026-06-02T08:08:12Z,16,Donnée validée,10,Expertisée,20,Bonne,7.332793134,48.728811149,QmnJ
A3410200,A341020001,2025-12-10,676.0,2026-06-02T08:08:12Z,16,Donnée validée,10,Expertisée,20,Bonne,7.332793134,48.728811149,QmnJ
A3410200,A341020001,2025-12-11,676.0,2026-06-02T08:08:12Z,16,Donnée validée,10,Expertisée,20,Bonne,7.332793134,48.728811149,QmnJ
A3410200,A341020001,2025-12-12,663.0,2026-06-02T08:08:12Z,16,Donnée validée,10,Expertisée,20,Bonne,7.332793134,48.728811149,QmnJ
A3410200,A341020001,2025-12-13,645.0,2026-06-02T08:08:12Z,16,Donnée validée,8,Calculée,20,Bonne,7.332793134,48.728811149,QmnJ
A3410200,A341020001,2025-12-14,641.0,2026-06-02T08:08:12Z,16,Donnée validée,10,Expertisée,20,Bonne,7.332793134,48.728811149,QmnJ
A3410200,A341020001,2025-12-15,646.0,2026-06-02T08:08:12Z,16,Donnée validée,10,Expertisée,20,Bonne,7.332793134,48.728811149,QmnJ
A3410200,A341020001,2025-12-16,678.0,2026-06-02T08:08:12Z,16,Donnée validée,10,Expertisée,20,Bonne,7.332793134,48.728811149,QmnJ
A3410200,A341020001,2025-12-17,685.0,2026-06-02T08:08:12Z,16,Donnée validée,10,Expertisée,20,Bonne,7.332793134,48.728811149,QmnJ
A3410200,A341020001,2025-12-18,680.0,2026-06-02T08:08:12Z,16,Donnée validée,10,Expertisée,20,Bonne,7.332793134,48.728811149,QmnJ
A3410200,A341020001,2025-12-19,668.0,2026-06-02T08:08:12Z,16,Donnée validée,10,Expertisée,20,Bonne,7.332793134,48.728811149,QmnJ
A3410200,A341020001,2025-12-20,684.0,2026-06-02T08:08:12Z,16,Donnée validée,10,Expertisée,20,Bonne,7.332793134,48.728811149,QmnJ
A3410200,A341020001,2025-12-21,695.0,2026-06-02T08:08:12Z,16,Donnée validée,10,Expertisée,20,Bonne,7.332793134,48.728811149,QmnJ
A3410200,A341020001,2025-12-22,682.0,2026-06-02T08:08:12Z,16,Donnée validée,10,Expertisée,20,Bonne,7.332793134,48.728811149,QmnJ
A3410200,A341020001,2025-12-23,666.0,2026-06-02T08:08:12Z,16,Donnée validée,10,Expertisée,20,Bonne,7.332793134,48.728811149,QmnJ
A3410200,A341020001,2025-12-24,630.0,2026-06-02T08:08:12Z,16,Donnée validée,10,Expertisée,20,Bonne,7.332793134,48.728811149,QmnJ
A3410200,A341020001,2025-12-25,616.0,2026-06-02T08:08:12Z,16,Donnée validée,10,Expertisée,20,Bonne,7.332793134,48.728811149,QmnJ
A3410200,A341020001,2025-12-26,613.0,2026-06-02T08:08:12Z,16,Donnée validée,10,Expertisée,20,Bonne,7.332793134,48.728811149,QmnJ
A3410200,A341020001,2025-12-27,572.0,2026-06-02T08:08:12Z,16,Donnée validée,10,Expertisée,20,Bonne,7.332793134,48.728811149,QmnJ
A3410200,A341020001,2025-12-28,556.0,2026-06-02T08:08:12Z,16,Donnée validée,10,Expertisée,20,Bonne,7.332793134,48.728811149,QmnJ
A3410200,A341020001,2025-12-29,558.0,2026-06-02T08:08:12Z,16,Donnée validée,10,Expertisée,20,Bonne,7.332793134,48.728811149,QmnJ
A3410200,A341020001,2025-12-30,542.0,2026-06-02T08:08:12Z,16,Donnée validée,10,Expertisée,20,Bonne,7.332793134,48.728811149,QmnJ
A3410200,A341020001,2025-12-31,523.0,2026-06-02T08:08:12Z,16,Donnée validée,10,Expertisée,20,Bonne,7.332793134,48.728811149,QmnJ
A3410200,A341020001,2026-01-01,539.0,2026-06-02T08:08:12Z,16,Donnée validée,10,Expertisée,20,Bonne,7.332793134,48.728811149,QmnJ
A3410200,A341020001,2026-01-02,577.0,2026-06-02T08:08:12Z,16,Donnée validée,10,Expertisée,20,Bonne,7.332793134,48.728811149,QmnJ
A3410200,A341020001,2026-01-03,581.0,2026-06-02T08:08:12Z,16,Donnée validée,10,Expertisée,20,Bonne,7.332793134,48.728811149,QmnJ
A3410200,A341020001,2026-01-04,563.0,2026-06-02T08:08:12Z,12,Donnée pré-validée,10,Expertisée,20,Bonne,7.332793134,48.728811149,QmnJ
A3410200,A341020001,2026-01-05,539.0,2026-06-02T08:08:12Z,12,Donnée pré-validée,10,Expertisée,20,Bonne,7.332793134,48.728811149,QmnJ
A3410200,A341020001,2026-01-06,516.0,2026-06-02T08:08:12Z,12,Donnée pré-validée,10,Expertisée,20,Bonne,7.332793134,48.728811149,QmnJ
A3410200,A341020001,2026-01-07,502.0,2026-06-02T08:08:12Z,12,Donnée pré-validée,10,Expertisée,20,Bonne,7.332793134,48.728811149,QmnJ
A3410200,A341020001,2026-01-08,550.0,2026-06-02T08:08:12Z,12,Donnée pré-validée,10,Expertisée,20,Bonne,7.332793134,48.728811149,QmnJ
A3410200,A341020001,2026-01-09,1089.0,2026-06-02T08:08:12Z,12,Donnée pré-validée,10,Expertisée,20,Bonne,7.332793134,48.728811149,QmnJ
A3410200,A341020001,2026-01-10,1440.0,2026-06-02T08:08:12Z,12,Donnée pré-validée,10,Expertisée,20,Bonne,7.332793134,48.728811149,QmnJ
A3410200,A341020001,2026-01-11,978.0,2026-06-02T08:08:12Z,12,Donnée pré-validée,10,Expertisée,20,Bonne,7.332793134,48.728811149,QmnJ
A3410200,A341020001,2026-01-12,1719.0,2026-06-02T08:08:12Z,12,Donnée pré-validée,10,Expertisée,20,Bonne,7.332793134,48.728811149,QmnJ
A3410200,A341020001,2026-01-13,1675.0,2026-06-02T08:08:12Z,12,Donnée pré-validée,10,Expertisée,20,Bonne,7.332793134,48.728811149,QmnJ
A3410200,A341020001,2026-01-14,1168.0,2026-06-02T08:08:12Z,12,Donnée pré-validée,10,Expertisée,20,Bonne,7.332793134,48.728811149,QmnJ
A3410200,A341020001,2026-01-15,1055.0,2026-06-02T08:08:12Z,12,Donnée pré-validée,10,Expertisée,20,Bonne,7.332793134,48.728811149,QmnJ
A3410200,A341020001,2026-01-16,990.0,2026-06-02T08:08:12Z,12,Donnée pré-validée,10,Expertisée,20,Bonne,7.332793134,48.728811149,QmnJ
A3410200,A341020001,2026-01-17,913.0,2026-06-02T08:08:12Z,12,Donnée pré-validée,10,Expertisée,20,Bonne,7.332793134,48.728811149,QmnJ
A3410200,A341020001,2026-01-18,846.0,2026-06-02T08:08:12Z,12,Donnée pré-validée,10,Expertisée,20,Bonne,7.332793134,48.728811149,QmnJ
A3410200,A341020001,2026-01-19,814.0,2026-06-02T08:08:12Z,12,Donnée pré-validée,10,Expertisée,20,Bonne,7.332793134,48.728811149,QmnJ
A3410200,A341020001,2026-01-20,790.0,2026-06-02T08:08:12Z,12,Donnée pré-validée,10,Expertisée,20,Bonne,7.332793134,48.728811149,QmnJ
A3410200,A341020001,2026-01-21,794.0,2026-06-02T08:08:12Z,12,Donnée pré-validée,10,Expertisée,20,Bonne,7.332793134,48.728811149,QmnJ
A3410200,A341020001,2026-01-22,842.0,2026-06-02T08:08:12Z,12,Donnée pré-validée,10,Expertisée,20,Bonne,7.332793134,48.728811149,QmnJ
A3410200,A341020001,2026-01-23,814.0,2026-06-02T08:08:12Z,12,Donnée pré-validée,10,Expertisée,20,Bonne,7.332793134,48.728811149,QmnJ
A3410200,A341020001,2026-01-24,798.0,2026-06-02T08:08:12Z,12,Donnée pré-validée,10,Expertisée,20,Bonne,7.332793134,48.728811149,QmnJ
A3410200,A341020001,2026-01-25,752.0,2026-06-02T08:08:12Z,12,Donnée pré-validée,10,Expertisée,20,Bonne,7.332793134,48.728811149,QmnJ
A3410200,A341020001,2026-01-26,735.0,2026-06-02T08:08:12Z,12,Donnée pré-validée,8,Calculée,20,Bonne,7.332793134,48.728811149,QmnJ
A3410200,A341020001,2026-01-27,790.0,2026-06-02T08:08:12Z,12,Donnée pré-validée,8,Calculée,20,Bonne,7.332793134,48.728811149,QmnJ
A3410200,A341020001,2026-01-28,2675.0,2026-06-02T08:08:12Z,12,Donnée pré-validée,10,Expertisée,20,Bonne,7.332793134,48.728811149,QmnJ
A3410200,A341020001,2026-01-29,2832.0,2026-06-02T08:08:12Z,12,Donnée pré-validée,10,Expertisée,20,Bonne,7.332793134,48.728811149,QmnJ
A3410200,A341020001,2026-01-30,1687.0,2026-06-02T08:08:12Z,12,Donnée pré-validée,10,Expertisée,20,Bonne,7.332793134,48.728811149,QmnJ
A3410200,A341020001,2026-01-31,1435.0,2026-06-02T08:08:12Z,12,Donnée pré-validée,10,Expertisée,20,Bonne,7.332793134,48.728811149,QmnJ
A3410200,A341020001,2026-02-01,1230.0,2026-06-02T08:08:12Z,12,Donnée pré-validée,10,Expertisée,20,Bonne,7.332793134,48.728811149,QmnJ
A3410200,A341020001,2026-02-02,1182.0,2026-06-02T08:08:12Z,12,Donnée pré-validée,10,Expertisée,20,Bonne,7.332793134,48.728811149,QmnJ
A3410200,A341020001,2026-02-03,1621.0,2026-06-02T08:08:12Z,12,Donnée pré-validée,10,Expertisée,20,Bonne,7.332793134,48.728811149,QmnJ
A3410200,A341020001,2026-02-04,1520.0,2026-06-02T08:08:12Z,12,Donnée pré-validée,10,Expertisée,20,Bonne,7.332793134,48.728811149,QmnJ
A3410200,A341020001,2026-02-05,1355.0,2026-06-02T08:08:12Z,12,Donnée pré-validée,10,Expertisée,20,Bonne,7.332793134,48.728811149,QmnJ
A3410200,A341020001,2026-02-06,1317.0,2026-06-02T08:08:12Z,12,Donnée pré-validée,10,Expertisée,20,Bonne,7.332793134,48.728811149,QmnJ
A3410200,A341020001,2026-02-07,1327.0,2026-06-02T08:08:12Z,12,Donnée pré-validée,10,Expertisée,20,Bonne,7.332793134,48.728811149,QmnJ
A3410200,A341020001,2026-02-08,1129.0,2026-06-02T08:08:12Z,12,Donnée pré-validée,10,Expertisée,20,Bonne,7.332793134,48.728811149,QmnJ
A3410200,A341020001,2026-02-09,1054.0,2026-06-02T08:08:12Z,12,Donnée pré-validée,10,Expertisée,20,Bonne,7.332793134,48.728811149,QmnJ
A3410200,A341020001,2026-02-10,1058.0,2026-06-02T08:08:12Z,12,Donnée pré-validée,10,Expertisée,20,Bonne,7.332793134,48.728811149,QmnJ
A3410200,A341020001,2026-02-11,2473.0,2026-06-02T08:08:12Z,12,Donnée pré-validée,10,Expertisée,20,Bonne,7.332793134,48.728811149,QmnJ
A3410200,A341020001,2026-02-12,5010.0,2026-06-02T08:08:12Z,12,Donnée pré-validée,10,Expertisée,20,Bonne,7.332793134,48.728811149,QmnJ
A3410200,A341020001,2026-02-13,6087.0,2026-06-02T08:08:12Z,12,Donnée pré-validée,10,Expertisée,20,Bonne,7.332793134,48.728811149,QmnJ
A3410200,A341020001,2026-02-14,6119.0,2026-06-02T08:08:12Z,12,Donnée pré-validée,10,Expertisée,20,Bonne,7.332793134,48.728811149,QmnJ
A3410200,A341020001,2026-02-15,5515.0,2026-06-02T08:08:12Z,12,Donnée pré-validée,10,Expertisée,20,Bonne,7.332793134,48.728811149,QmnJ
A3410200,A341020001,2026-02-16,7896.0,2026-06-02T08:08:12Z,12,Donnée pré-validée,10,Expertisée,20,Bonne,7.332793134,48.728811149,QmnJ
A3410200,A341020001,2026-02-17,7200.0,2026-06-02T08:08:12Z,12,Donnée pré-validée,10,Expertisée,20,Bonne,7.332793134,48.728811149,QmnJ
A3410200,A341020001,2026-02-18,6822.0,2026-06-02T08:08:12Z,12,Donnée pré-validée,10,Expertisée,20,Bonne,7.332793134,48.728811149,QmnJ
A3410200,A341020001,2026-02-19,8124.0,2026-06-02T08:08:12Z,12,Donnée pré-validée,10,Expertisée,20,Bonne,7.332793134,48.728811149,QmnJ
A3410200,A341020001,2026-02-20,6425.0,2026-06-02T08:08:12Z,12,Donnée pré-validée,10,Expertisée,20,Bonne,7.332793134,48.728811149,QmnJ
A3410200,A341020001,2026-02-21,5811.0,2026-06-02T08:08:12Z,12,Donnée pré-validée,10,Expertisée,20,Bonne,7.332793134,48.728811149,QmnJ
A3410200,A341020001,2026-02-22,5703.0,2026-06-02T08:08:12Z,12,Donnée pré-validée,10,Expertisée,20,Bonne,7.332793134,48.728811149,QmnJ
A3410200,A341020001,2026-02-23,6525.0,2026-06-02T08:08:12Z,12,Donnée pré-validée,10,Expertisée,20,Bonne,7.332793134,48.728811149,QmnJ
A3410200,A341020001,2026-02-24,6045.0,2026-06-02T08:08:12Z,12,Donnée pré-validée,10,Expertisée,20,Bonne,7.332793134,48.728811149,QmnJ
A3410200,A341020001,2026-02-25,5722.0,2026-06-02T08:08:12Z,12,Donnée pré-validée,10,Expertisée,20,Bonne,7.332793134,48.728811149,QmnJ
A3410200,A341020001,2026-02-26,5376.0,2026-06-02T08:08:12Z,12,Donnée pré-validée,10,Expertisée,20,Bonne,7.332793134,48.728811149,QmnJ
A3410200,A341020001,2026-02-27,5044.0,2026-06-02T08:08:12Z,12,Donnée pré-validée,10,Expertisée,20,Bonne,7.332793134,48.728811149,QmnJ
A3410200,A341020001,2026-02-28,4792.0,2026-06-02T08:08:12Z,12,Donnée pré-validée,10,Expertisée,20,Bonne,7.332793134,48.728811149,QmnJ
A3410200,A341020001,2026-03-01,4357.0,2026-06-02T08:08:12Z,12,Donnée pré-validée,10,Expertisée,20,Bonne,7.332793134,48.728811149,QmnJ
A3410200,A341020001,2026-03-02,4128.0,2026-06-02T08:08:12Z,12,Donnée pré-validée,10,Expertisée,20,Bonne,7.332793134,48.728811149,QmnJ
A3410200,A341020001,2026-03-03,3410.0,2026-06-02T08:08:12Z,12,Donnée pré-validée,10,Expertisée,20,Bonne,7.332793134,48.728811149,QmnJ
A3410200,A341020001,2026-03-04,3012.0,2026-06-02T08:08:12Z,12,Donnée pré-validée,10,Expertisée,20,Bonne,7.332793134,48.728811149,QmnJ
A3410200,A341020001,2026-03-05,2816.0,2026-06-02T08:08:12Z,12,Donnée pré-validée,10,Expertisée,20,Bonne,7.332793134,48.728811149,QmnJ
A3410200,A341020001,2026-03-06,2578.0,2026-06-02T08:08:12Z,12,Donnée pré-validée,10,Expertisée,20,Bonne,7.332793134,48.728811149,QmnJ
A3410200,A341020001,2026-03-07,2389.0,2026-06-02T08:08:12Z,12,Donnée pré-validée,10,Expertisée,20,Bonne,7.332793134,48.728811149,QmnJ
A3410200,A341020001,2026-03-08,2210.0,2026-06-02T08:08:12Z,12,Donnée pré-validée,10,Expertisée,20,Bonne,7.332793134,48.728811149,QmnJ
A3410200,A341020001,2026-03-09,2076.0,2026-06-02T08:08:12Z,12,Donnée pré-validée,10,Expertisée,20,Bonne,7.332793134,48.728811149,QmnJ
A3410200,A341020001,2026-03-10,1941.0,2026-06-02T08:08:12Z,12,Donnée pré-validée,10,Expertisée,20,Bonne,7.332793134,48.728811149,QmnJ
A3410200,A341020001,2026-03-11,1930.0,2026-06-02T08:08:12Z,12,Donnée pré-validée,10,Expertisée,20,Bonne,7.332793134,48.728811149,QmnJ
A3410200,A341020001,2026-03-12,1985.0,2026-06-02T08:08:12Z,12,Donnée pré-validée,10,Expertisée,20,Bonne,7.332793134,48.728811149,QmnJ
A3410200,A341020001,2026-03-13,1842.0,2026-06-02T08:08:12Z,12,Donnée pré-validée,10,Expertisée,20,Bonne,7.332793134,48.728811149,QmnJ
A3410200,A341020001,2026-03-14,2604.0,2026-06-02T08:08:12Z,12,Donnée pré-validée,8,Calculée,20,Bonne,7.332793134,48.728811149,QmnJ
A3410200,A341020001,2026-03-15,2105.0,2026-06-02T08:08:12Z,12,Donnée pré-validée,10,Expertisée,20,Bonne,7.332793134,48.728811149,QmnJ
A3410200,A341020001,2026-03-16,1884.0,2026-06-02T08:08:12Z,12,Donnée pré-validée,10,Expertisée,20,Bonne,7.332793134,48.728811149,QmnJ
A3410200,A341020001,2026-03-17,1727.0,2026-06-02T08:08:12Z,12,Donnée pré-validée,10,Expertisée,20,Bonne,7.332793134,48.728811149,QmnJ
A3410200,A341020001,2026-03-18,1650.0,2026-06-02T08:08:12Z,12,Donnée pré-validée,10,Expertisée,20,Bonne,7.332793134,48.728811149,QmnJ
A3410200,A341020001,2026-03-19,1587.0,2026-06-02T08:08:12Z,12,Donnée pré-validée,10,Expertisée,20,Bonne,7.332793134,48.728811149,QmnJ
A3410200,A341020001,2026-03-20,1527.0,2026-06-02T08:08:12Z,12,Donnée pré-validée,10,Expertisée,20,Bonne,7.332793134,48.728811149,QmnJ
A3410200,A341020001,2026-03-21,1471.0,2026-06-02T08:08:12Z,12,Donnée pré-validée,10,Expertisée,20,Bonne,7.332793134,48.728811149,QmnJ
A3410200,A341020001,2026-03-22,1453.0,2026-06-02T08:08:12Z,12,Donnée pré-validée,10,Expertisée,20,Bonne,7.332793134,48.728811149,QmnJ
A3410200,A341020001,2026-03-23,1351.0,2026-06-02T08:08:12Z,12,Donnée pré-validée,10,Expertisée,20,Bonne,7.332793134,48.728811149,QmnJ
A3410200,A341020001,2026-03-24,1277.0,2026-06-02T08:08:12Z,12,Donnée pré-validée,10,Expertisée,20,Bonne,7.332793134,48.728811149,QmnJ
A3410200,A341020001,2026-03-25,1449.0,2026-06-02T08:08:12Z,12,Donnée pré-validée,10,Expertisée,20,Bonne,7.332793134,48.728811149,QmnJ
A3410200,A341020001,2026-03-26,1714.0,2026-06-02T08:08:12Z,12,Donnée pré-validée,10,Expertisée,20,Bonne,7.332793134,48.728811149,QmnJ
A3410200,A341020001,2026-03-27,1326.0,2026-06-02T08:08:12Z,12,Donnée pré-validée,10,Expertisée,20,Bonne,7.332793134,48.728811149,QmnJ
A3410200,A341020001,2026-03-28,1135.0,2026-06-02T08:08:12Z,12,Donnée pré-validée,10,Expertisée,20,Bonne,7.332793134,48.728811149,QmnJ
A3410200,A341020001,2026-03-29,1094.0,2026-06-02T08:08:12Z,12,Donnée pré-validée,10,Expertisée,20,Bonne,7.332793134,48.728811149,QmnJ
A3410200,A341020001,2026-03-30,1140.0,2026-06-02T08:08:12Z,12,Donnée pré-validée,10,Expertisée,20,Bonne,7.332793134,48.728811149,QmnJ
A3410200,A341020001,2026-03-31,1165.0,2026-06-02T08:08:12Z,12,Donnée pré-validée,10,Expertisée,20,Bonne,7.332793134,48.728811149,QmnJ
A3410200,A341020001,2026-04-01,1176.0,2026-06-02T08:08:12Z,12,Donnée pré-validée,10,Expertisée,20,Bonne,7.332793134,48.728811149,QmnJ
A3410200,A341020001,2026-04-02,1159.0,2026-06-02T08:08:12Z,12,Donnée pré-validée,10,Expertisée,20,Bonne,7.332793134,48.728811149,QmnJ
A3410200,A341020001,2026-04-03,1179.0,2026-06-02T08:08:12Z,12,Donnée pré-validée,10,Expertisée,20,Bonne,7.332793134,48.728811149,QmnJ
A3410200,A341020001,2026-04-04,1144.0,2026-06-02T08:08:12Z,12,Donnée pré-validée,10,Expertisée,20,Bonne,7.332793134,48.728811149,QmnJ
A3410200,A341020001,2026-04-05,1127.0,2026-06-02T08:08:12Z,12,Donnée pré-validée,10,Expertisée,20,Bonne,7.332793134,48.728811149,QmnJ
A3410200,A341020001,2026-04-06,1080.0,2026-06-02T08:08:12Z,12,Donnée pré-validée,10,Expertisée,20,Bonne,7.332793134,48.728811149,QmnJ
A3410200,A341020001,2026-04-07,1085.0,2026-06-02T08:08:12Z,12,Donnée pré-validée,10,Expertisée,20,Bonne,7.332793134,48.728811149,QmnJ
A3410200,A341020001,2026-04-08,1027.0,2026-06-02T08:08:12Z,12,Donnée pré-validée,10,Expertisée,20,Bonne,7.332793134,48.728811149,QmnJ
A3410200,A341020001,2026-04-09,981.0,2026-06-02T08:08:12Z,12,Donnée pré-validée,10,Expertisée,20,Bonne,7.332793134,48.728811149,QmnJ
A3410200,A341020001,2026-04-10,1032.0,2026-06-02T08:08:12Z,12,Donnée pré-validée,10,Expertisée,20,Bonne,7.332793134,48.728811149,QmnJ
A3410200,A341020001,2026-04-11,1016.0,2026-06-02T08:08:12Z,12,Donnée pré-validée,10,Expertisée,20,Bonne,7.332793134,48.728811149,QmnJ
A3410200,A341020001,2026-04-12,1088.0,2026-06-02T08:08:12Z,12,Donnée pré-validée,10,Expertisée,20,Bonne,7.332793134,48.728811149,QmnJ
A3410200,A341020001,2026-04-13,1163.0,2026-06-02T08:08:12Z,12,Donnée pré-validée,10,Expertisée,20,Bonne,7.332793134,48.728811149,QmnJ
A3410200,A341020001,2026-04-14,1152.0,2026-06-02T08:08:12Z,12,Donnée pré-validée,10,Expertisée,20,Bonne,7.332793134,48.728811149,QmnJ
A3410200,A341020001,2026-04-15,912.0,2026-06-02T08:08:12Z,12,Donnée pré-validée,10,Expertisée,20,Bonne,7.332793134,48.728811149,QmnJ
A3410200,A341020001,2026-04-16,833.0,2026-06-02T08:08:12Z,12,Donnée pré-validée,10,Expertisée,20,Bonne,7.332793134,48.728811149,QmnJ
A3410200,A341020001,2026-04-17,835.0,2026-06-02T08:08:12Z,12,Donnée pré-validée,10,Expertisée,20,Bonne,7.332793134,48.728811149,QmnJ
A3410200,A341020001,2026-04-18,895.0,2026-06-02T08:08:12Z,12,Donnée pré-validée,10,Expertisée,20,Bonne,7.332793134,48.728811149,QmnJ
A3410200,A341020001,2026-04-19,930.0,2026-06-02T08:08:12Z,12,Donnée pré-validée,10,Expertisée,20,Bonne,7.332793134,48.728811149,QmnJ
A3410200,A341020001,2026-04-20,953.0,2026-06-02T08:08:12Z,12,Donnée pré-validée,10,Expertisée,20,Bonne,7.332793134,48.728811149,QmnJ
A3410200,A341020001,2026-04-21,926.0,2026-06-02T08:08:12Z,12,Donnée pré-validée,10,Expertisée,20,Bonne,7.332793134,48.728811149,QmnJ
A3410200,A341020001,2026-04-22,910.0,2026-06-02T08:08:12Z,12,Donnée pré-validée,10,Expertisée,20,Bonne,7.332793134,48.728811149,QmnJ
A3410200,A341020001,2026-04-23,867.0,2026-06-02T08:08:12Z,12,Donnée pré-validée,10,Expertisée,20,Bonne,7.332793134,48.728811149,QmnJ
A3410200,A341020001,2026-04-24,802.0,2026-06-02T08:08:12Z,12,Donnée pré-validée,10,Expertisée,20,Bonne,7.332793134,48.728811149,QmnJ
A3410200,A341020001,2026-04-25,779.0,2026-06-02T08:08:12Z,12,Donnée pré-validée,10,Expertisée,20,Bonne,7.332793134,48.728811149,QmnJ
A3410200,A341020001,2026-04-26,761.0,2026-06-02T08:08:12Z,12,Donnée pré-validée,10,Expertisée,20,Bonne,7.332793134,48.728811149,QmnJ
A3410200,A341020001,2026-04-27,768.0,2026-06-02T08:08:12Z,12,Donnée pré-validée,8,Calculée,20,Bonne,7.332793134,48.728811149,QmnJ
A3410200,A341020001,2026-04-28,748.0,2026-06-02T08:08:12Z,4,Donnée brute,8,Calculée,16,Non qualifiée,7.332793134,48.728811149,QmnJ
A3410200,A341020001,2026-04-29,740.0,2026-06-02T08:08:12Z,4,Donnée brute,8,Calculée,16,Non qualifiée,7.332793134,48.728811149,QmnJ
A3410200,A341020001,2026-04-30,691.0,2026-06-02T08:08:12Z,4,Donnée brute,8,Calculée,16,Non qualifiée,7.332793134,48.728811149,QmnJ
A3410200,A341020001,2026-05-01,708.0,2026-06-02T08:08:12Z,4,Donnée brute,8,Calculée,16,Non qualifiée,7.332793134,48.728811149,QmnJ
A3410200,A341020001,2026-05-02,700.0,2026-06-02T08:08:12Z,4,Donnée brute,8,Calculée,16,Non qualifiée,7.332793134,48.728811149,QmnJ
A3410200,A341020001,2026-05-03,696.0,2026-06-02T08:08:12Z,4,Donnée brute,8,Calculée,16,Non qualifiée,7.332793134,48.728811149,QmnJ
A3410200,A341020001,2026-05-04,723.0,2026-06-02T08:08:12Z,4,Donnée brute,8,Calculée,16,Non qualifiée,7.332793134,48.728811149,QmnJ
A3410200,A341020001,2026-05-05,929.0,2026-06-02T08:08:12Z,4,Donnée brute,8,Calculée,16,Non qualifiée,7.332793134,48.728811149,QmnJ
A3410200,A341020001,2026-05-06,958.0,2026-06-02T08:08:12Z,4,Donnée brute,8,Calculée,16,Non qualifiée,7.332793134,48.728811149,QmnJ
A3410200,A341020001,2026-05-07,989.0,2026-06-02T08:08:12Z,4,Donnée brute,8,Calculée,16,Non qualifiée,7.332793134,48.728811149,QmnJ
A3410200,A341020001,2026-05-08,768.0,2026-06-02T08:08:12Z,4,Donnée brute,8,Calculée,16,Non qualifiée,7.332793134,48.728811149,QmnJ
A3410200,A341020001,2026-05-09,724.0,2026-06-02T08:08:12Z,4,Donnée brute,8,Calculée,16,Non qualifiée,7.332793134,48.728811149,QmnJ
A3410200,A341020001,2026-05-10,744.0,2026-06-02T08:08:12Z,4,Donnée brute,8,Calculée,16,Non qualifiée,7.332793134,48.728811149,QmnJ
A3410200,A341020001,2026-05-11,1059.0,2026-06-02T08:08:12Z,4,Donnée brute,8,Calculée,16,Non qualifiée,7.332793134,48.728811149,QmnJ
A3410200,A341020001,2026-05-12,1009.0,2026-06-02T08:08:12Z,4,Donnée brute,8,Calculée,16,Non qualifiée,7.332793134,48.728811149,QmnJ
A3410200,A341020001,2026-05-13,768.0,2026-06-02T08:08:12Z,4,Donnée brute,8,Calculée,16,Non qualifiée,7.332793134,48.728811149,QmnJ
A3410200,A341020001,2026-05-14,974.0,2026-06-02T08:08:12Z,4,Donnée brute,8,Calculée,16,Non qualifiée,7.332793134,48.728811149,QmnJ
A3410200,A341020001,2026-05-15,966.0,2026-06-02T08:08:12Z,4,Donnée brute,8,Calculée,16,Non qualifiée,7.332793134,48.728811149,QmnJ
A3410200,A341020001,2026-05-16,808.0,2026-06-02T08:08:12Z,4,Donnée brute,8,Calculée,16,Non qualifiée,7.332793134,48.728811149,QmnJ
A3410200,A341020001,2026-05-17,740.0,2026-06-02T08:08:12Z,4,Donnée brute,8,Calculée,16,Non qualifiée,7.332793134,48.728811149,QmnJ
A3410200,A341020001,2026-05-18,758.0,2026-06-02T08:08:12Z,4,Donnée brute,8,Calculée,16,Non qualifiée,7.332793134,48.728811149,QmnJ
A3410200,A341020001,2026-05-19,717.0,2026-06-02T08:08:12Z,4,Donnée brute,8,Calculée,16,Non qualifiée,7.332793134,48.728811149,QmnJ
A3410200,A341020001,2026-05-20,663.0,2026-06-02T08:08:12Z,4,Donnée brute,8,Calculée,16,Non qualifiée,7.332793134,48.728811149,QmnJ
A3410200,A341020001,2026-05-21,643.0,2026-06-02T08:08:12Z,4,Donnée brute,8,Calculée,16,Non qualifiée,7.332793134,48.728811149,QmnJ
A3410200,A341020001,2026-05-22,587.0,2026-06-02T08:08:12Z,4,Donnée brute,8,Calculée,16,Non qualifiée,7.332793134,48.728811149,QmnJ
A3410200,A341020001,2026-05-23,545.0,2026-06-02T08:08:12Z,4,Donnée brute,8,Calculée,16,Non qualifiée,7.332793134,48.728811149,QmnJ
A3410200,A341020001,2026-05-24,541.0,2026-06-02T08:08:12Z,4,Donnée brute,8,Calculée,16,Non qualifiée,7.332793134,48.728811149,QmnJ
A3410200,A341020001,2026-05-25,538.0,2026-06-02T08:08:12Z,4,Donnée brute,8,Calculée,16,Non qualifiée,7.332793134,48.728811149,QmnJ
A3410200,A341020001,2026-05-26,539.0,2026-06-02T08:08:12Z,4,Donnée brute,8,Calculée,16,Non qualifiée,7.332793134,48.728811149,QmnJ
A3410200,A341020001,2026-05-27,543.0,2026-06-02T08:08:12Z,4,Donnée brute,8,Calculée,16,Non qualifiée,7.332793134,48.728811149,QmnJ
A3410200,A341020001,2026-05-28,538.0,2026-06-02T08:08:12Z,4,Donnée brute,8,Calculée,16,Non qualifiée,7.332793134,48.728811149,QmnJ
A3410200,A341020001,2026-05-29,509.0,2026-06-02T08:08:12Z,4,Donnée brute,8,Calculée,16,Non qualifiée,7.332793134,48.728811149,QmnJ
A3410200,A341020001,2026-05-30,528.0,2026-06-02T08:08:12Z,4,Donnée brute,8,Calculée,16,Non qualifiée,7.332793134,48.728811149,QmnJ
A3410200,A341020001,2026-05-31,515.0,2026-06-02T08:08:12Z,4,Donnée brute,8,Calculée,16,Non qualifiée,7.332793134,48.728811149,QmnJ
A3410200,A341020001,2026-06-01,541.0,2026-06-02T21:45:19Z,4,Donnée brute,8,Calculée,16,Non qualifiée,7.332793134,48.728811149,QmnJ
A3410200,A341020001,2026-06-02,611.0,2026-06-03T04:45:13Z,4,Donnée brute,8,Calculée,16,Non qualifiée,7.332793134,48.728811149,QmnJ
