code_site,code_station,date_obs_elab,resultat_obs_elab,date_prod,code_statut,libelle_statut,code_methode,libelle_methode,code_qualification,libelle_qualification,longitude,latitude,grandeur_hydro_elab
A1610030,A161003001,2007-01-01,68408.0,2026-06-01T04:56:12Z,16,Donnée validée,10,Expertisée,20,Bonne,7.384986107,48.102530621,QIXnJ
A1610030,A161003001,2007-01-02,86703.0,2026-06-01T04:56:12Z,16,Donnée validée,10,Expertisée,20,Bonne,7.384986107,48.102530621,QIXnJ
A1610030,A161003001,2007-01-03,87356.0,2026-06-01T04:56:12Z,16,Donnée validée,10,Expertisée,20,Bonne,7.384986107,48.102530621,QIXnJ
A1610030,A161003001,2007-01-04,65346.0,2026-06-01T04:56:12Z,16,Donnée validée,10,Expertisée,20,Bonne,7.384986107,48.102530621,QIXnJ
A1610030,A161003001,2007-01-05,57175.0,2026-06-01T04:56:12Z,16,Donnée validée,10,Expertisée,20,Bonne,7.384986107,48.102530621,QIXnJ
A1610030,A161003001,2007-01-06,52135.0,2026-06-01T04:56:12Z,16,Donnée validée,10,Expertisée,20,Bonne,7.384986107,48.102530621,QIXnJ
A1610030,A161003001,2007-01-07,55017.0,2026-06-01T04:56:12Z,16,Donnée validée,10,Expertisée,20,Bonne,7.384986107,48.102530621,QIXnJ
A1610030,A161003001,2007-01-08,61608.0,2026-06-01T04:56:12Z,16,Donnée validée,10,Expertisée,20,Bonne,7.384986107,48.102530621,QIXnJ
A1610030,A161003001,2007-01-09,69367.0,2026-06-01T04:56:12Z,16,Donnée validée,10,Expertisée,20,Bonne,7.384986107,48.102530621,QIXnJ
A1610030,A161003001,2007-01-10,68997.0,2026-06-01T04:56:12Z,16,Donnée validée,10,Expertisée,20,Bonne,7.384986107,48.102530621,QIXnJ
A1610030,A161003001,2007-01-11,56183.0,2026-06-01T04:56:12Z,16,Donnée validée,10,Expertisée,20,Bonne,7.384986107,48.102530621,QIXnJ
A1610030,A161003001,2007-01-12,58575.0,2026-06-01T04:56:12Z,16,Donnée validée,10,Expertisée,20,Bonne,7.384986107,48.102530621,QIXnJ
A1610030,A161003001,2007-01-13,57661.0,2026-06-01T04:56:12Z,16,Donnée validée,10,Expertisée,20,Bonne,7.384986107,48.102530621,QIXnJ
A1610030,A161003001,2007-01-14,48064.0,2026-06-01T04:56:12Z,16,Donnée validée,10,Expertisée,20,Bonne,7.384986107,48.102530621,QIXnJ
A1610030,A161003001,2007-01-15,41050.0,2026-06-01T04:56:12Z,16,Donnée validée,10,Expertisée,20,Bonne,7.384986107,48.102530621,QIXnJ
A1610030,A161003001,2007-01-16,35689.0,2026-06-01T04:56:12Z,16,Donnée validée,10,Expertisée,20,Bonne,7.384986107,48.102530621,QIXnJ
A1610030,A161003001,2007-01-17,32006.0,2026-06-01T04:56:12Z,16,Donnée validée,10,Expertisée,20,Bonne,7.384986107,48.102530621,QIXnJ
A1610030,A161003001,2007-01-18,38200.0,2026-06-01T04:56:12Z,16,Donnée validée,10,Expertisée,20,Bonne,7.384986107,48.102530621,QIXnJ
A1610030,A161003001,2007-01-19,135672.0,2026-06-01T04:56:12Z,16,Donnée validée,10,Expertisée,20,Bonne,7.384986107,48.102530621,QIXnJ
A1610030,A161003001,2007-01-20,139708.0,2026-06-01T04:56:12Z,16,Donnée validée,10,Expertisée,20,Bonne,7.384986107,48.102530621,QIXnJ
A1610030,A161003001,2007-01-21,99066.0,2026-06-01T04:56:12Z,16,Donnée validée,10,Expertisée,20,Bonne,7.384986107,48.102530621,QIXnJ
A1610030,A161003001,2007-01-22,79003.0,2026-06-01T04:56:12Z,16,Donnée validée,10,Expertisée,20,Bonne,7.384986107,48.102530621,QIXnJ
A1610030,A161003001,2007-01-23,62848.0,2026-06-01T04:56:12Z,16,Donnée validée,10,Expertisée,20,Bonne,7.384986107,48.102530621,QIXnJ
A1610030,A161003001,2007-01-24,59008.0,2026-06-01T04:56:12Z,16,Donnée validée,10,Expertisée,20,Bonne,7.384986107,48.102530621,QIXnJ
A1610030,A161003001,2007-01-25,45887.0,2026-06-01T04:56:12Z,16,Donnée validée,10,Expertisée,20,Bonne,7.384986107,48.102530621,QIXnJ
A1610030,A161003001,2007-01-26,38628.0,2026-06-01T04:56:12Z,16,Donnée validée,10,Expertisée,20,Bonne,7.384986107,48.102530621,QIXnJ
A1610030,A161003001,2007-01-27,34522.0,2026-06-01T04:56:12Z,16,Donnée validée,10,Expertisée,20,Bonne,7.384986107,48.102530621,QIXnJ
A1610030,A161003001,2007-01-28,30802.0,2026-06-01T04:56:12Z,16,Donnée validée,10,Expertisée,20,Bonne,7.384986107,48.102530621,QIXnJ
A1610030,A161003001,2007-01-29,29474.0,2026-06-01T04:56:12Z,16,Donnée validée,10,Expertisée,20,Bonne,7.384986107,48.102530621,QIXnJ
A1610030,A161003001,2007-01-30,29385.0,2026-06-01T04:56:12Z,16,Donnée validée,10,Expertisée,20,Bonne,7.384986107,48.102530621,QIXnJ
A1610030,A161003001,2007-01-31,28049.0,2026-06-01T04:56:12Z,16,Donnée validée,10,Expertisée,20,Bonne,7.384986107,48.102530621,QIXnJ
A1610030,A161003001,2007-02-01,25301.0,2026-06-01T04:56:12Z,16,Donnée validée,10,Expertisée,20,Bonne,7.384986107,48.102530621,QIXnJ
A1610030,A161003001,2007-02-02,22826.0,2026-06-01T04:56:12Z,16,Donnée validée,10,Expertisée,20,Bonne,7.384986107,48.102530621,QIXnJ
A1610030,A161003001,2007-02-03,21528.0,2026-06-01T04:56:12Z,16,Donnée validée,10,Expertisée,20,Bonne,7.384986107,48.102530621,QIXnJ
A1610030,A161003001,2007-02-04,20863.0,2026-06-01T04:56:12Z,16,Donnée validée,10,Expertisée,20,Bonne,7.384986107,48.102530621,QIXnJ
A1610030,A161003001,2007-02-05,19835.0,2026-06-01T04:56:12Z,16,Donnée validée,10,Expertisée,20,Bonne,7.384986107,48.102530621,QIXnJ
A1610030,A161003001,2007-02-06,22634.0,2026-06-01T04:56:12Z,16,Donnée validée,10,Expertisée,20,Bonne,7.384986107,48.102530621,QIXnJ
A1610030,A161003001,2007-02-07,23166.0,2026-06-01T04:56:12Z,16,Donnée validée,10,Expertisée,20,Bonne,7.384986107,48.102530621,QIXnJ
A1610030,A161003001,2007-02-08,37157.0,2026-06-01T04:56:12Z,16,Donnée validée,10,Expertisée,20,Bonne,7.384986107,48.102530621,QIXnJ
A1610030,A161003001,2007-02-09,44900.0,2026-06-01T04:56:12Z,16,Donnée validée,10,Expertisée,20,Bonne,7.384986107,48.102530621,QIXnJ
A1610030,A161003001,2007-02-10,40815.0,2026-06-01T04:56:12Z,16,Donnée validée,10,Expertisée,20,Bonne,7.384986107,48.102530621,QIXnJ
A1610030,A161003001,2007-02-11,41700.0,2026-06-01T04:56:12Z,16,Donnée validée,10,Expertisée,20,Bonne,7.384986107,48.102530621,QIXnJ
A1610030,A161003001,2007-02-12,80361.0,2026-06-01T04:56:12Z,16,Donnée validée,10,Expertisée,20,Bonne,7.384986107,48.102530621,QIXnJ
A1610030,A161003001,2007-02-13,98330.0,2026-06-01T04:56:12Z,16,Donnée validée,10,Expertisée,20,Bonne,7.384986107,48.102530621,QIXnJ
A1610030,A161003001,2007-02-14,96808.0,2026-06-01T04:56:12Z,16,Donnée validée,10,Expertisée,20,Bonne,7.384986107,48.102530621,QIXnJ
A1610030,A161003001,2007-02-15,98082.0,2026-06-01T04:56:12Z,16,Donnée validée,10,Expertisée,20,Bonne,7.384986107,48.102530621,QIXnJ
A1610030,A161003001,2007-02-16,95273.0,2026-06-01T04:56:12Z,16,Donnée validée,10,Expertisée,20,Bonne,7.384986107,48.102530621,QIXnJ
A1610030,A161003001,2007-02-17,68200.0,2026-06-01T04:56:12Z,16,Donnée validée,10,Expertisée,20,Bonne,7.384986107,48.102530621,QIXnJ
A1610030,A161003001,2007-02-18,52392.0,2026-06-01T04:56:12Z,16,Donnée validée,10,Expertisée,20,Bonne,7.384986107,48.102530621,QIXnJ
A1610030,A161003001,2007-02-19,40721.0,2026-06-01T04:56:12Z,16,Donnée validée,10,Expertisée,20,Bonne,7.384986107,48.102530621,QIXnJ
A1610030,A161003001,2007-02-20,33604.0,2026-06-01T04:56:12Z,16,Donnée validée,10,Expertisée,20,Bonne,7.384986107,48.102530621,QIXnJ
A1610030,A161003001,2007-02-21,30595.0,2026-06-01T04:56:12Z,16,Donnée validée,10,Expertisée,20,Bonne,7.384986107,48.102530621,QIXnJ
A1610030,A161003001,2007-02-22,27640.0,2026-06-01T04:56:12Z,16,Donnée validée,10,Expertisée,20,Bonne,7.384986107,48.102530621,QIXnJ
A1610030,A161003001,2007-02-23,25548.0,2026-06-01T04:56:12Z,16,Donnée validée,10,Expertisée,20,Bonne,7.384986107,48.102530621,QIXnJ
A1610030,A161003001,2007-02-24,24144.0,2026-06-01T04:56:12Z,16,Donnée validée,10,Expertisée,20,Bonne,7.384986107,48.102530621,QIXnJ
A1610030,A161003001,2007-02-25,34639.0,2026-06-01T04:56:12Z,16,Donnée validée,10,Expertisée,20,Bonne,7.384986107,48.102530621,QIXnJ
A1610030,A161003001,2007-02-26,42879.0,2026-06-01T04:56:12Z,16,Donnée validée,10,Expertisée,20,Bonne,7.384986107,48.102530621,QIXnJ
A1610030,A161003001,2007-02-27,47500.0,2026-06-01T04:56:12Z,16,Donnée validée,10,Expertisée,20,Bonne,7.384986107,48.102530621,QIXnJ
A1610030,A161003001,2007-02-28,60013.0,2026-06-01T04:56:12Z,16,Donnée validée,10,Expertisée,20,Bonne,7.384986107,48.102530621,QIXnJ
A1610030,A161003001,2007-03-01,134298.0,2026-06-01T04:56:12Z,16,Donnée validée,10,Expertisée,20,Bonne,7.384986107,48.102530621,QIXnJ
A1610030,A161003001,2007-03-02,171512.0,2026-06-01T04:56:12Z,16,Donnée validée,10,Expertisée,20,Bonne,7.384986107,48.102530621,QIXnJ
A1610030,A161003001,2007-03-03,164804.0,2026-06-01T04:56:12Z,16,Donnée validée,10,Expertisée,20,Bonne,7.384986107,48.102530621,QIXnJ
A1610030,A161003001,2007-03-04,154835.0,2026-06-01T04:56:12Z,16,Donnée validée,10,Expertisée,20,Bonne,7.384986107,48.102530621,QIXnJ
A1610030,A161003001,2007-03-05,109375.0,2026-06-01T04:56:12Z,16,Donnée validée,10,Expertisée,20,Bonne,7.384986107,48.102530621,QIXnJ
A1610030,A161003001,2007-03-06,77318.0,2026-06-01T04:56:12Z,16,Donnée validée,10,Expertisée,20,Bonne,7.384986107,48.102530621,QIXnJ
A1610030,A161003001,2007-03-07,60961.0,2026-06-01T04:56:12Z,16,Donnée validée,10,Expertisée,20,Bonne,7.384986107,48.102530621,QIXnJ
A1610030,A161003001,2007-03-08,53203.0,2026-06-01T04:56:12Z,16,Donnée validée,10,Expertisée,20,Bonne,7.384986107,48.102530621,QIXnJ
A1610030,A161003001,2007-03-09,43289.0,2026-06-01T04:56:12Z,16,Donnée validée,10,Expertisée,20,Bonne,7.384986107,48.102530621,QIXnJ
A1610030,A161003001,2007-03-10,36210.0,2026-06-01T04:56:12Z,16,Donnée validée,10,Expertisée,20,Bonne,7.384986107,48.102530621,QIXnJ
A1610030,A161003001,2007-03-11,33598.0,2026-06-01T04:56:12Z,16,Donnée validée,10,Expertisée,20,Bonne,7.384986107,48.102530621,QIXnJ
A1610030,A161003001,2007-03-12,31161.0,2026-06-01T04:56:12Z,16,Donnée validée,10,Expertisée,20,Bonne,7.384986107,48.102530621,QIXnJ
A1610030,A161003001,2007-03-13,30051.0,2026-06-01T04:56:12Z,16,Donnée validée,10,Expertisée,20,Bonne,7.384986107,48.102530621,QIXnJ
A1610030,A161003001,2007-03-14,27074.0,2026-06-01T04:56:12Z,16,Donnée validée,10,Expertisée,20,Bonne,7.384986107,48.102530621,QIXnJ
A1610030,A161003001,2007-03-15,24715.0,2026-06-01T04:56:12Z,16,Donnée validée,10,Expertisée,20,Bonne,7.384986107,48.102530621,QIXnJ
A1610030,A161003001,2007-03-16,22967.0,2026-06-01T04:56:12Z,16,Donnée validée,10,Expertisée,20,Bonne,7.384986107,48.102530621,QIXnJ
A1610030,A161003001,2007-03-17,21260.0,2026-06-01T04:56:12Z,16,Donnée validée,10,Expertisée,20,Bonne,7.384986107,48.102530621,QIXnJ
A1610030,A161003001,2007-03-18,21287.0,2026-06-01T04:56:12Z,16,Donnée validée,10,Expertisée,20,Bonne,7.384986107,48.102530621,QIXnJ
A1610030,A161003001,2007-03-19,31250.0,2026-06-01T04:56:12Z,16,Donnée validée,10,Expertisée,20,Bonne,7.384986107,48.102530621,QIXnJ
A1610030,A161003001,2007-03-20,30998.0,2026-06-01T04:56:12Z,16,Donnée validée,10,Expertisée,20,Bonne,7.384986107,48.102530621,QIXnJ
A1610030,A161003001,2007-03-21,28773.0,2026-06-01T04:56:12Z,16,Donnée validée,10,Expertisée,20,Bonne,7.384986107,48.102530621,QIXnJ
A1610030,A161003001,2007-03-22,28408.0,2026-06-01T04:56:12Z,16,Donnée validée,10,Expertisée,20,Bonne,7.384986107,48.102530621,QIXnJ
A1610030,A161003001,2007-03-23,31650.0,2026-06-01T04:56:12Z,16,Donnée validée,10,Expertisée,20,Bonne,7.384986107,48.102530621,QIXnJ
A1610030,A161003001,2007-03-24,33604.0,2026-06-01T04:56:12Z,16,Donnée validée,10,Expertisée,20,Bonne,7.384986107,48.102530621,QIXnJ
A1610030,A161003001,2007-03-25,36802.0,2026-06-01T04:56:12Z,16,Donnée validée,10,Expertisée,20,Bonne,7.384986107,48.102530621,QIXnJ
A1610030,A161003001,2007-03-26,35692.0,2026-06-01T04:56:12Z,16,Donnée validée,10,Expertisée,20,Bonne,7.384986107,48.102530621,QIXnJ
A1610030,A161003001,2007-03-27,32405.0,2026-06-01T04:56:12Z,16,Donnée validée,10,Expertisée,20,Bonne,7.384986107,48.102530621,QIXnJ
A1610030,A161003001,2007-03-28,31694.0,2026-06-01T04:56:12Z,16,Donnée validée,10,Expertisée,20,Bonne,7.384986107,48.102530621,QIXnJ
A1610030,A161003001,2007-03-29,30628.0,2026-06-01T04:56:12Z,16,Donnée validée,10,Expertisée,20,Bonne,7.384986107,48.102530621,QIXnJ
A1610030,A161003001,2007-03-30,28319.0,2026-06-01T04:56:12Z,16,Donnée validée,10,Expertisée,20,Bonne,7.384986107,48.102530621,QIXnJ
A1610030,A161003001,2007-03-31,27208.0,2026-06-01T04:56:12Z,16,Donnée validée,10,Expertisée,20,Bonne,7.384986107,48.102530621,QIXnJ
A1610030,A161003001,2007-04-01,26142.0,2026-06-01T04:56:12Z,16,Donnée validée,10,Expertisée,20,Bonne,7.384986107,48.102530621,QIXnJ
A1610030,A161003001,2007-04-02,24010.0,2026-06-01T04:56:12Z,16,Donnée validée,10,Expertisée,20,Bonne,7.384986107,48.102530621,QIXnJ
A1610030,A161003001,2007-04-03,22278.0,2026-06-01T04:56:12Z,16,Donnée validée,10,Expertisée,20,Bonne,7.384986107,48.102530621,QIXnJ
A1610030,A161003001,2007-04-04,21345.0,2026-06-01T04:56:12Z,16,Donnée validée,10,Expertisée,20,Bonne,7.384986107,48.102530621,QIXnJ
A1610030,A161003001,2007-04-05,20990.0,2026-06-01T04:56:12Z,16,Donnée validée,10,Expertisée,20,Bonne,7.384986107,48.102530621,QIXnJ
A1610030,A161003001,2007-04-06,19835.0,2026-06-01T04:56:12Z,16,Donnée validée,10,Expertisée,20,Bonne,7.384986107,48.102530621,QIXnJ
A1610030,A161003001,2007-04-07,19176.0,2026-06-01T04:56:12Z,16,Donnée validée,10,Expertisée,20,Bonne,7.384986107,48.102530621,QIXnJ
A1610030,A161003001,2007-04-08,17945.0,2026-06-01T04:56:12Z,16,Donnée validée,10,Expertisée,20,Bonne,7.384986107,48.102530621,QIXnJ
A1610030,A161003001,2007-04-09,17235.0,2026-06-01T04:56:12Z,16,Donnée validée,10,Expertisée,20,Bonne,7.384986107,48.102530621,QIXnJ
A1610030,A161003001,2007-04-10,17029.0,2026-06-01T04:56:12Z,16,Donnée validée,10,Expertisée,20,Bonne,7.384986107,48.102530621,QIXnJ
A1610030,A161003001,2007-04-11,15978.0,2026-06-01T04:56:12Z,16,Donnée validée,10,Expertisée,20,Bonne,7.384986107,48.102530621,QIXnJ
A1610030,A161003001,2007-04-12,15903.0,2026-06-01T04:56:12Z,16,Donnée validée,10,Expertisée,20,Bonne,7.384986107,48.102530621,QIXnJ
A1610030,A161003001,2007-04-13,15250.0,2026-06-01T04:56:12Z,16,Donnée validée,10,Expertisée,20,Bonne,7.384986107,48.102530621,QIXnJ
A1610030,A161003001,2007-04-14,14467.0,2026-06-01T04:56:12Z,16,Donnée validée,10,Expertisée,20,Bonne,7.384986107,48.102530621,QIXnJ
A1610030,A161003001,2007-04-15,14764.0,2026-06-01T04:56:12Z,16,Donnée validée,10,Expertisée,20,Bonne,7.384986107,48.102530621,QIXnJ
A1610030,A161003001,2007-04-16,14056.0,2026-06-01T04:56:12Z,16,Donnée validée,10,Expertisée,20,Bonne,7.384986107,48.102530621,QIXnJ
A1610030,A161003001,2007-04-17,13594.0,2026-06-01T04:56:12Z,16,Donnée validée,10,Expertisée,20,Bonne,7.384986107,48.102530621,QIXnJ
A1610030,A161003001,2007-04-18,13076.0,2026-06-01T04:56:12Z,16,Donnée validée,10,Expertisée,20,Bonne,7.384986107,48.102530621,QIXnJ
A1610030,A161003001,2007-04-19,13217.0,2026-06-01T04:56:12Z,16,Donnée validée,10,Expertisée,20,Bonne,7.384986107,48.102530621,QIXnJ
A1610030,A161003001,2007-04-20,12995.0,2026-06-01T04:56:12Z,16,Donnée validée,10,Expertisée,20,Bonne,7.384986107,48.102530621,QIXnJ
A1610030,A161003001,2007-04-21,12995.0,2026-06-01T04:56:12Z,16,Donnée validée,10,Expertisée,20,Bonne,7.384986107,48.102530621,QIXnJ
A1610030,A161003001,2007-04-22,12307.0,2026-06-01T04:56:12Z,16,Donnée validée,10,Expertisée,20,Bonne,7.384986107,48.102530621,QIXnJ
A1610030,A161003001,2007-04-23,11752.0,2026-06-01T04:56:12Z,16,Donnée validée,10,Expertisée,20,Bonne,7.384986107,48.102530621,QIXnJ
A1610030,A161003001,2007-04-24,11130.0,2026-06-01T04:56:12Z,16,Donnée validée,10,Expertisée,20,Bonne,7.384986107,48.102530621,QIXnJ
A1610030,A161003001,2007-04-25,10153.0,2026-06-01T04:56:12Z,16,Donnée validée,10,Expertisée,20,Bonne,7.384986107,48.102530621,QIXnJ
A1610030,A161003001,2007-04-26,10508.0,2026-06-01T04:56:12Z,16,Donnée validée,10,Expertisée,20,Bonne,7.384986107,48.102530621,QIXnJ
A1610030,A161003001,2007-04-27,12462.0,2026-06-01T04:56:12Z,16,Donnée validée,10,Expertisée,20,Bonne,7.384986107,48.102530621,QIXnJ
A1610030,A161003001,2007-04-28,11530.0,2026-06-01T04:56:12Z,16,Donnée validée,10,Expertisée,20,Bonne,7.384986107,48.102530621,QIXnJ
A1610030,A161003001,2007-04-29,12418.0,2026-06-01T04:56:12Z,16,Donnée validée,10,Expertisée,20,Bonne,7.384986107,48.102530621,QIXnJ
A1610030,A161003001,2007-04-30,12462.0,2026-06-01T04:56:12Z,16,Donnée validée,10,Expertisée,20,Bonne,7.384986107,48.102530621,QIXnJ
A1610030,A161003001,2007-05-01,10813.0,2026-06-01T04:56:12Z,16,Donnée validée,10,Expertisée,20,Bonne,7.384986107,48.102530621,QIXnJ
A1610030,A161003001,2007-05-02,9564.0,2026-06-01T04:56:12Z,16,Donnée validée,10,Expertisée,20,Bonne,7.384986107,48.102530621,QIXnJ
A1610030,A161003001,2007-05-03,10299.0,2026-06-01T04:56:12Z,16,Donnée validée,10,Expertisée,20,Bonne,7.384986107,48.102530621,QIXnJ
A1610030,A161003001,2007-05-04,10327.0,2026-06-01T04:56:12Z,16,Donnée validée,10,Expertisée,20,Bonne,7.384986107,48.102530621,QIXnJ
A1610030,A161003001,2007-05-05,10394.0,2026-06-01T04:56:12Z,16,Donnée validée,10,Expertisée,20,Bonne,7.384986107,48.102530621,QIXnJ
A1610030,A161003001,2007-05-06,10871.0,2026-06-01T04:56:12Z,16,Donnée validée,10,Expertisée,20,Bonne,7.384986107,48.102530621,QIXnJ
A1610030,A161003001,2007-05-07,10466.0,2026-06-01T04:56:12Z,16,Donnée validée,10,Expertisée,20,Bonne,7.384986107,48.102530621,QIXnJ
A1610030,A161003001,2007-05-08,13370.0,2026-06-01T04:56:12Z,16,Donnée validée,10,Expertisée,20,Bonne,7.384986107,48.102530621,QIXnJ
A1610030,A161003001,2007-05-09,18461.0,2026-06-01T04:56:12Z,16,Donnée validée,10,Expertisée,20,Bonne,7.384986107,48.102530621,QIXnJ
A1610030,A161003001,2007-05-10,17863.0,2026-06-01T04:56:12Z,16,Donnée validée,10,Expertisée,20,Bonne,7.384986107,48.102530621,QIXnJ
A1610030,A161003001,2007-05-11,14348.0,2026-06-01T04:56:12Z,16,Donnée validée,10,Expertisée,20,Bonne,7.384986107,48.102530621,QIXnJ
A1610030,A161003001,2007-05-12,12621.0,2026-06-01T04:56:12Z,16,Donnée validée,10,Expertisée,20,Bonne,7.384986107,48.102530621,QIXnJ
A1610030,A161003001,2007-05-13,11879.0,2026-06-01T04:56:12Z,16,Donnée validée,10,Expertisée,20,Bonne,7.384986107,48.102530621,QIXnJ
A1610030,A161003001,2007-05-14,19284.0,2026-06-01T04:56:12Z,16,Donnée validée,10,Expertisée,20,Bonne,7.384986107,48.102530621,QIXnJ
A1610030,A161003001,2007-05-15,20390.0,2026-06-01T04:56:12Z,16,Donnée validée,10,Expertisée,20,Bonne,7.384986107,48.102530621,QIXnJ
A1610030,A161003001,2007-05-16,14881.0,2026-06-01T04:56:12Z,16,Donnée validée,10,Expertisée,20,Bonne,7.384986107,48.102530621,QIXnJ
A1610030,A161003001,2007-05-17,22588.0,2026-06-01T04:56:12Z,16,Donnée validée,10,Expertisée,20,Bonne,7.384986107,48.102530621,QIXnJ
A1610030,A161003001,2007-05-18,24032.0,2026-06-01T04:56:12Z,16,Donnée validée,10,Expertisée,20,Bonne,7.384986107,48.102530621,QIXnJ
A1610030,A161003001,2007-05-19,21922.0,2026-06-01T04:56:12Z,16,Donnée validée,10,Expertisée,20,Bonne,7.384986107,48.102530621,QIXnJ
A1610030,A161003001,2007-05-20,18279.0,2026-06-01T04:56:12Z,16,Donnée validée,10,Expertisée,20,Bonne,7.384986107,48.102530621,QIXnJ
A1610030,A161003001,2007-05-21,16571.0,2026-06-01T04:56:12Z,16,Donnée validée,10,Expertisée,20,Bonne,7.384986107,48.102530621,QIXnJ
A1610030,A161003001,2007-05-22,15452.0,2026-06-01T04:56:12Z,16,Donnée validée,10,Expertisée,20,Bonne,7.384986107,48.102530621,QIXnJ
A1610030,A161003001,2007-05-23,13673.0,2026-06-01T04:56:12Z,16,Donnée validée,10,Expertisée,20,Bonne,7.384986107,48.102530621,QIXnJ
A1610030,A161003001,2007-05-24,16313.0,2026-06-01T04:56:12Z,16,Donnée validée,10,Expertisée,20,Bonne,7.384986107,48.102530621,QIXnJ
A1610030,A161003001,2007-05-25,13572.0,2026-06-01T04:56:12Z,16,Donnée validée,10,Expertisée,20,Bonne,7.384986107,48.102530621,QIXnJ
A1610030,A161003001,2007-05-26,10788.0,2026-06-01T04:56:12Z,16,Donnée validée,10,Expertisée,20,Bonne,7.384986107,48.102530621,QIXnJ
A1610030,A161003001,2007-05-27,10750.0,2026-06-01T04:56:12Z,16,Donnée validée,10,Expertisée,20,Bonne,7.384986107,48.102530621,QIXnJ
A1610030,A161003001,2007-05-28,14934.0,2026-06-01T04:56:12Z,16,Donnée validée,10,Expertisée,20,Bonne,7.384986107,48.102530621,QIXnJ
A1610030,A161003001,2007-05-29,11985.0,2026-06-01T04:56:12Z,16,Donnée validée,10,Expertisée,20,Bonne,7.384986107,48.102530621,QIXnJ
A1610030,A161003001,2007-05-30,11622.0,2026-06-01T04:56:12Z,16,Donnée validée,10,Expertisée,20,Bonne,7.384986107,48.102530621,QIXnJ
A1610030,A161003001,2007-05-31,13963.0,2026-06-01T04:56:12Z,16,Donnée validée,10,Expertisée,20,Bonne,7.384986107,48.102530621,QIXnJ
A1610030,A161003001,2007-06-01,19746.0,2026-06-01T04:56:12Z,16,Donnée validée,10,Expertisée,20,Bonne,7.384986107,48.102530621,QIXnJ
A1610030,A161003001,2007-06-02,17925.0,2026-06-01T04:56:12Z,16,Donnée validée,10,Expertisée,20,Bonne,7.384986107,48.102530621,QIXnJ
A1610030,A161003001,2007-06-03,15679.0,2026-06-01T04:56:12Z,16,Donnée validée,10,Expertisée,20,Bonne,7.384986107,48.102530621,QIXnJ
A1610030,A161003001,2007-06-04,14285.0,2026-06-01T04:56:12Z,16,Donnée validée,10,Expertisée,20,Bonne,7.384986107,48.102530621,QIXnJ
A1610030,A161003001,2007-06-05,12563.0,2026-06-01T04:56:12Z,16,Donnée validée,10,Expertisée,20,Bonne,7.384986107,48.102530621,QIXnJ
A1610030,A161003001,2007-06-06,11751.0,2026-06-01T04:56:12Z,16,Donnée validée,10,Expertisée,20,Bonne,7.384986107,48.102530621,QIXnJ
A1610030,A161003001,2007-06-07,18477.0,2026-06-01T04:56:12Z,16,Donnée validée,10,Expertisée,20,Bonne,7.384986107,48.102530621,QIXnJ
A1610030,A161003001,2007-06-08,25301.0,2026-06-01T04:56:12Z,16,Donnée validée,10,Expertisée,20,Bonne,7.384986107,48.102530621,QIXnJ
A1610030,A161003001,2007-06-09,20813.0,2026-06-01T04:56:12Z,16,Donnée validée,10,Expertisée,20,Bonne,7.384986107,48.102530621,QIXnJ
A1610030,A161003001,2007-06-10,18462.0,2026-06-01T04:56:12Z,16,Donnée validée,10,Expertisée,20,Bonne,7.384986107,48.102530621,QIXnJ
A1610030,A161003001,2007-06-11,30850.0,2026-06-01T04:56:12Z,16,Donnée validée,10,Expertisée,20,Bonne,7.384986107,48.102530621,QIXnJ
A1610030,A161003001,2007-06-12,30140.0,2026-06-01T04:56:12Z,16,Donnée validée,10,Expertisée,20,Bonne,7.384986107,48.102530621,QIXnJ
A1610030,A161003001,2007-06-13,28178.0,2026-06-01T04:56:12Z,16,Donnée validée,10,Expertisée,20,Bonne,7.384986107,48.102530621,QIXnJ
A1610030,A161003001,2007-06-14,17618.0,2026-06-01T04:56:12Z,16,Donnée validée,10,Expertisée,20,Bonne,7.384986107,48.102530621,QIXnJ
A1610030,A161003001,2007-06-15,17392.0,2026-06-01T04:56:12Z,16,Donnée validée,10,Expertisée,20,Bonne,7.384986107,48.102530621,QIXnJ
A1610030,A161003001,2007-06-16,19880.0,2026-06-01T04:56:12Z,16,Donnée validée,10,Expertisée,20,Bonne,7.384986107,48.102530621,QIXnJ
A1610030,A161003001,2007-06-17,21701.0,2026-06-01T04:56:12Z,16,Donnée validée,10,Expertisée,20,Bonne,7.384986107,48.102530621,QIXnJ
A1610030,A161003001,2007-06-18,34004.0,2026-06-01T04:56:12Z,16,Donnée validée,10,Expertisée,20,Bonne,7.384986107,48.102530621,QIXnJ
A1610030,A161003001,2007-06-19,30773.0,2026-06-01T04:56:12Z,16,Donnée validée,10,Expertisée,20,Bonne,7.384986107,48.102530621,QIXnJ
A1610030,A161003001,2007-06-20,28985.0,2026-06-01T04:56:12Z,16,Donnée validée,10,Expertisée,20,Bonne,7.384986107,48.102530621,QIXnJ
A1610030,A161003001,2007-06-21,70942.0,2026-06-01T04:56:12Z,16,Donnée validée,10,Expertisée,20,Bonne,7.384986107,48.102530621,QIXnJ
A1610030,A161003001,2007-06-22,70327.0,2026-06-01T04:56:12Z,16,Donnée validée,10,Expertisée,20,Bonne,7.384986107,48.102530621,QIXnJ
A1610030,A161003001,2007-06-23,41393.0,2026-06-01T04:56:12Z,16,Donnée validée,10,Expertisée,20,Bonne,7.384986107,48.102530621,QIXnJ
A1610030,A161003001,2007-06-24,32372.0,2026-06-01T04:56:12Z,16,Donnée validée,10,Expertisée,20,Bonne,7.384986107,48.102530621,QIXnJ
A1610030,A161003001,2007-06-25,27090.0,2026-06-01T04:56:12Z,16,Donnée validée,10,Expertisée,20,Bonne,7.384986107,48.102530621,QIXnJ
A1610030,A161003001,2007-06-26,41889.0,2026-06-01T04:56:12Z,16,Donnée validée,10,Expertisée,20,Bonne,7.384986107,48.102530621,QIXnJ
A1610030,A161003001,2007-06-27,46417.0,2026-06-01T04:56:12Z,16,Donnée validée,10,Expertisée,20,Bonne,7.384986107,48.102530621,QIXnJ
A1610030,A161003001,2007-06-28,42772.0,2026-06-01T04:56:12Z,16,Donnée validée,10,Expertisée,20,Bonne,7.384986107,48.102530621,QIXnJ
A1610030,A161003001,2007-06-29,36781.0,2026-06-01T04:56:12Z,16,Donnée validée,10,Expertisée,20,Bonne,7.384986107,48.102530621,QIXnJ
A1610030,A161003001,2007-06-30,31279.0,2026-06-01T04:56:12Z,16,Donnée validée,10,Expertisée,20,Bonne,7.384986107,48.102530621,QIXnJ
A1610030,A161003001,2007-07-01,26666.0,2026-06-01T04:56:12Z,16,Donnée validée,10,Expertisée,20,Bonne,7.384986107,48.102530621,QIXnJ
A1610030,A161003001,2007-07-02,25876.0,2026-06-01T04:56:12Z,16,Donnée validée,10,Expertisée,20,Bonne,7.384986107,48.102530621,QIXnJ
A1610030,A161003001,2007-07-03,25920.0,2026-06-01T04:56:12Z,16,Donnée validée,10,Expertisée,20,Bonne,7.384986107,48.102530621,QIXnJ
A1610030,A161003001,2007-07-04,33135.0,2026-06-01T04:56:12Z,16,Donnée validée,10,Expertisée,20,Bonne,7.384986107,48.102530621,QIXnJ
A1610030,A161003001,2007-07-05,48602.0,2026-06-01T04:56:12Z,16,Donnée validée,10,Expertisée,20,Bonne,7.384986107,48.102530621,QIXnJ
A1610030,A161003001,2007-07-06,48792.0,2026-06-01T04:56:12Z,16,Donnée validée,10,Expertisée,20,Bonne,7.384986107,48.102530621,QIXnJ
A1610030,A161003001,2007-07-07,47349.0,2026-06-01T04:56:12Z,16,Donnée validée,10,Expertisée,20,Bonne,7.384986107,48.102530621,QIXnJ
A1610030,A161003001,2007-07-08,39214.0,2026-06-01T04:56:12Z,16,Donnée validée,10,Expertisée,20,Bonne,7.384986107,48.102530621,QIXnJ
A1610030,A161003001,2007-07-09,34038.0,2026-06-01T04:56:12Z,16,Donnée validée,10,Expertisée,20,Bonne,7.384986107,48.102530621,QIXnJ
A1610030,A161003001,2007-07-10,30950.0,2026-06-01T04:56:12Z,16,Donnée validée,10,Expertisée,20,Bonne,7.384986107,48.102530621,QIXnJ
A1610030,A161003001,2007-07-11,30584.0,2026-06-01T04:56:12Z,16,Donnée validée,10,Expertisée,20,Bonne,7.384986107,48.102530621,QIXnJ
A1610030,A161003001,2007-07-12,30162.0,2026-06-01T04:56:12Z,16,Donnée validée,10,Expertisée,20,Bonne,7.384986107,48.102530621,QIXnJ
A1610030,A161003001,2007-07-13,27163.0,2026-06-01T04:56:12Z,16,Donnée validée,10,Expertisée,20,Bonne,7.384986107,48.102530621,QIXnJ
A1610030,A161003001,2007-07-14,22908.0,2026-06-01T04:56:12Z,16,Donnée validée,10,Expertisée,20,Bonne,7.384986107,48.102530621,QIXnJ
A1610030,A161003001,2007-07-15,19639.0,2026-06-01T04:56:12Z,16,Donnée validée,10,Expertisée,20,Bonne,7.384986107,48.102530621,QIXnJ
A1610030,A161003001,2007-07-16,17424.0,2026-06-01T04:56:12Z,16,Donnée validée,10,Expertisée,20,Bonne,7.384986107,48.102530621,QIXnJ
A1610030,A161003001,2007-07-17,15763.0,2026-06-01T04:56:12Z,16,Donnée validée,10,Expertisée,20,Bonne,7.384986107,48.102530621,QIXnJ
A1610030,A161003001,2007-07-18,24870.0,2026-06-01T04:56:12Z,16,Donnée validée,10,Expertisée,20,Bonne,7.384986107,48.102530621,QIXnJ
A1610030,A161003001,2007-07-19,22417.0,2026-06-01T04:56:12Z,16,Donnée validée,10,Expertisée,20,Bonne,7.384986107,48.102530621,QIXnJ
A1610030,A161003001,2007-07-20,21139.0,2026-06-01T04:56:12Z,16,Donnée validée,10,Expertisée,20,Bonne,7.384986107,48.102530621,QIXnJ
A1610030,A161003001,2007-07-21,16199.0,2026-06-01T04:56:12Z,16,Donnée validée,10,Expertisée,20,Bonne,7.384986107,48.102530621,QIXnJ
A1610030,A161003001,2007-07-22,14271.0,2026-06-01T04:56:12Z,16,Donnée validée,10,Expertisée,20,Bonne,7.384986107,48.102530621,QIXnJ
A1610030,A161003001,2007-07-23,16920.0,2026-06-01T04:56:12Z,16,Donnée validée,10,Expertisée,20,Bonne,7.384986107,48.102530621,QIXnJ
A1610030,A161003001,2007-07-24,23034.0,2026-06-01T04:56:12Z,16,Donnée validée,10,Expertisée,20,Bonne,7.384986107,48.102530621,QIXnJ
A1610030,A161003001,2007-07-25,20274.0,2026-06-01T04:56:12Z,16,Donnée validée,10,Expertisée,20,Bonne,7.384986107,48.102530621,QIXnJ
A1610030,A161003001,2007-07-26,17070.0,2026-06-01T04:56:12Z,16,Donnée validée,10,Expertisée,20,Bonne,7.384986107,48.102530621,QIXnJ
A1610030,A161003001,2007-07-27,15216.0,2026-06-01T04:56:12Z,16,Donnée validée,10,Expertisée,20,Bonne,7.384986107,48.102530621,QIXnJ
A1610030,A161003001,2007-07-28,12900.0,2026-06-01T04:56:12Z,16,Donnée validée,10,Expertisée,20,Bonne,7.384986107,48.102530621,QIXnJ
A1610030,A161003001,2007-07-29,15172.0,2026-06-01T04:56:12Z,16,Donnée validée,10,Expertisée,20,Bonne,7.384986107,48.102530621,QIXnJ
A1610030,A161003001,2007-07-30,19569.0,2026-06-01T04:56:12Z,16,Donnée validée,10,Expertisée,20,Bonne,7.384986107,48.102530621,QIXnJ
A1610030,A161003001,2007-07-31,18331.0,2026-06-01T04:56:12Z,16,Donnée validée,10,Expertisée,20,Bonne,7.384986107,48.102530621,QIXnJ
A1610030,A161003001,2007-08-01,14663.0,2026-06-01T04:56:12Z,16,Donnée validée,10,Expertisée,20,Bonne,7.384986107,48.102530621,QIXnJ
A1610030,A161003001,2007-08-02,13750.0,2026-06-01T04:56:12Z,16,Donnée validée,10,Expertisée,20,Bonne,7.384986107,48.102530621,QIXnJ
A1610030,A161003001,2007-08-03,16104.0,2026-06-01T04:56:12Z,16,Donnée validée,10,Expertisée,20,Bonne,7.384986107,48.102530621,QIXnJ
A1610030,A161003001,2007-08-04,14719.0,2026-06-01T04:56:12Z,16,Donnée validée,10,Expertisée,20,Bonne,7.384986107,48.102530621,QIXnJ
A1610030,A161003001,2007-08-05,12664.0,2026-06-01T04:56:12Z,16,Donnée validée,10,Expertisée,20,Bonne,7.384986107,48.102530621,QIXnJ
A1610030,A161003001,2007-08-06,12380.0,2026-06-01T04:56:12Z,16,Donnée validée,10,Expertisée,20,Bonne,7.384986107,48.102530621,QIXnJ
A1610030,A161003001,2007-08-07,35292.0,2026-06-01T04:56:12Z,16,Donnée validée,10,Expertisée,20,Bonne,7.384986107,48.102530621,QIXnJ
A1610030,A161003001,2007-08-08,67612.0,2026-06-01T04:56:12Z,16,Donnée validée,10,Expertisée,20,Bonne,7.384986107,48.102530621,QIXnJ
A1610030,A161003001,2007-08-09,125486.0,2026-06-01T04:56:12Z,16,Donnée validée,10,Expertisée,20,Bonne,7.384986107,48.102530621,QIXnJ
A1610030,A161003001,2007-08-10,160750.0,2026-06-01T04:56:12Z,16,Donnée validée,10,Expertisée,20,Bonne,7.384986107,48.102530621,QIXnJ
A1610030,A161003001,2007-08-11,95636.0,2026-06-01T04:56:12Z,16,Donnée validée,10,Expertisée,20,Bonne,7.384986107,48.102530621,QIXnJ
A1610030,A161003001,2007-08-12,47090.0,2026-06-01T04:56:12Z,16,Donnée validée,10,Expertisée,20,Bonne,7.384986107,48.102530621,QIXnJ
A1610030,A161003001,2007-08-13,36838.0,2026-06-01T04:56:12Z,16,Donnée validée,10,Expertisée,20,Bonne,7.384986107,48.102530621,QIXnJ
A1610030,A161003001,2007-08-14,30167.0,2026-06-01T04:56:12Z,16,Donnée validée,10,Expertisée,20,Bonne,7.384986107,48.102530621,QIXnJ
A1610030,A161003001,2007-08-15,25225.0,2026-06-01T04:56:12Z,16,Donnée validée,10,Expertisée,20,Bonne,7.384986107,48.102530621,QIXnJ
A1610030,A161003001,2007-08-16,21136.0,2026-06-01T04:56:12Z,16,Donnée validée,10,Expertisée,20,Bonne,7.384986107,48.102530621,QIXnJ
A1610030,A161003001,2007-08-17,20429.0,2026-06-01T04:56:12Z,16,Donnée validée,10,Expertisée,20,Bonne,7.384986107,48.102530621,QIXnJ
A1610030,A161003001,2007-08-18,17369.0,2026-06-01T04:56:12Z,16,Donnée validée,10,Expertisée,20,Bonne,7.384986107,48.102530621,QIXnJ
A1610030,A161003001,2007-08-19,16061.0,2026-06-01T04:56:12Z,16,Donnée validée,10,Expertisée,20,Bonne,7.384986107,48.102530621,QIXnJ
A1610030,A161003001,2007-08-20,14750.0,2026-06-01T04:56:12Z,16,Donnée validée,10,Expertisée,20,Bonne,7.384986107,48.102530621,QIXnJ
A1610030,A161003001,2007-08-21,21672.0,2026-06-01T04:56:12Z,16,Donnée validée,10,Expertisée,20,Bonne,7.384986107,48.102530621,QIXnJ
A1610030,A161003001,2007-08-22,21088.0,2026-06-01T04:56:12Z,16,Donnée validée,10,Expertisée,20,Bonne,7.384986107,48.102530621,QIXnJ
A1610030,A161003001,2007-08-23,15632.0,2026-06-01T04:56:12Z,16,Donnée validée,10,Expertisée,20,Bonne,7.384986107,48.102530621,QIXnJ
A1610030,A161003001,2007-08-24,13918.0,2026-06-01T04:56:12Z,16,Donnée validée,10,Expertisée,20,Bonne,7.384986107,48.102530621,QIXnJ
A1610030,A161003001,2007-08-25,13185.0,2026-06-01T04:56:12Z,16,Donnée validée,10,Expertisée,20,Bonne,7.384986107,48.102530621,QIXnJ
A1610030,A161003001,2007-08-26,11840.0,2026-06-01T04:56:12Z,16,Donnée validée,10,Expertisée,20,Bonne,7.384986107,48.102530621,QIXnJ
A1610030,A161003001,2007-08-27,11096.0,2026-06-01T04:56:12Z,16,Donnée validée,10,Expertisée,20,Bonne,7.384986107,48.102530621,QIXnJ
A1610030,A161003001,2007-08-28,11618.0,2026-06-01T04:56:12Z,16,Donnée validée,10,Expertisée,20,Bonne,7.384986107,48.102530621,QIXnJ
A1610030,A161003001,2007-08-29,13255.0,2026-06-01T04:56:12Z,16,Donnée validée,10,Expertisée,20,Bonne,7.384986107,48.102530621,QIXnJ
A1610030,A161003001,2007-08-30,15957.0,2026-06-01T04:56:12Z,16,Donnée validée,10,Expertisée,20,Bonne,7.384986107,48.102530621,QIXnJ
A1610030,A161003001,2007-08-31,15766.0,2026-06-01T04:56:12Z,16,Donnée validée,10,Expertisée,20,Bonne,7.384986107,48.102530621,QIXnJ
A1610030,A161003001,2007-09-01,12518.0,2026-06-01T04:56:12Z,16,Donnée validée,10,Expertisée,20,Bonne,7.384986107,48.102530621,QIXnJ
A1610030,A161003001,2007-09-02,11081.0,2026-06-01T04:56:12Z,16,Donnée validée,10,Expertisée,20,Bonne,7.384986107,48.102530621,QIXnJ
A1610030,A161003001,2007-09-03,10491.0,2026-06-01T04:56:12Z,16,Donnée validée,10,Expertisée,20,Bonne,7.384986107,48.102530621,QIXnJ
A1610030,A161003001,2007-09-04,10968.0,2026-06-01T04:56:12Z,16,Donnée validée,10,Expertisée,20,Bonne,7.384986107,48.102530621,QIXnJ
A1610030,A161003001,2007-09-05,10276.0,2026-06-01T04:56:12Z,16,Donnée validée,10,Expertisée,20,Bonne,7.384986107,48.102530621,QIXnJ
A1610030,A161003001,2007-09-06,9820.0,2026-06-01T04:56:12Z,16,Donnée validée,10,Expertisée,20,Bonne,7.384986107,48.102530621,QIXnJ
A1610030,A161003001,2007-09-07,9464.0,2026-06-01T04:56:12Z,16,Donnée validée,10,Expertisée,20,Bonne,7.384986107,48.102530621,QIXnJ
A1610030,A161003001,2007-09-08,9195.0,2026-06-01T04:56:12Z,16,Donnée validée,10,Expertisée,20,Bonne,7.384986107,48.102530621,QIXnJ
A1610030,A161003001,2007-09-09,8852.0,2026-06-01T04:56:12Z,16,Donnée validée,10,Expertisée,20,Bonne,7.384986107,48.102530621,QIXnJ
A1610030,A161003001,2007-09-10,8338.0,2026-06-01T04:56:12Z,16,Donnée validée,10,Expertisée,20,Bonne,7.384986107,48.102530621,QIXnJ
A1610030,A161003001,2007-09-11,8168.0,2026-06-01T04:56:12Z,16,Donnée validée,10,Expertisée,20,Bonne,7.384986107,48.102530621,QIXnJ
A1610030,A161003001,2007-09-12,7756.0,2026-06-01T04:56:12Z,16,Donnée validée,10,Expertisée,20,Bonne,7.384986107,48.102530621,QIXnJ
A1610030,A161003001,2007-09-13,7482.0,2026-06-01T04:56:12Z,16,Donnée validée,10,Expertisée,20,Bonne,7.384986107,48.102530621,QIXnJ
A1610030,A161003001,2007-09-14,7694.0,2026-06-01T04:56:12Z,16,Donnée validée,10,Expertisée,20,Bonne,7.384986107,48.102530621,QIXnJ
A1610030,A161003001,2007-09-15,7818.0,2026-06-01T04:56:12Z,16,Donnée validée,10,Expertisée,20,Bonne,7.384986107,48.102530621,QIXnJ
A1610030,A161003001,2007-09-16,7719.0,2026-06-01T04:56:12Z,16,Donnée validée,10,Expertisée,20,Bonne,7.384986107,48.102530621,QIXnJ
A1610030,A161003001,2007-09-17,12219.0,2026-06-01T04:56:12Z,16,Donnée validée,10,Expertisée,20,Bonne,7.384986107,48.102530621,QIXnJ
A1610030,A161003001,2007-09-18,14892.0,2026-06-01T04:56:12Z,16,Donnée validée,10,Expertisée,20,Bonne,7.384986107,48.102530621,QIXnJ
A1610030,A161003001,2007-09-19,13571.0,2026-06-01T04:56:12Z,16,Donnée validée,10,Expertisée,20,Bonne,7.384986107,48.102530621,QIXnJ
A1610030,A161003001,2007-09-20,9839.0,2026-06-01T04:56:12Z,16,Donnée validée,10,Expertisée,20,Bonne,7.384986107,48.102530621,QIXnJ
A1610030,A161003001,2007-09-21,9308.0,2026-06-01T04:56:12Z,16,Donnée validée,10,Expertisée,20,Bonne,7.384986107,48.102530621,QIXnJ
A1610030,A161003001,2007-09-22,9134.0,2026-06-01T04:56:12Z,16,Donnée validée,10,Expertisée,20,Bonne,7.384986107,48.102530621,QIXnJ
A1610030,A161003001,2007-09-23,8438.0,2026-06-01T04:56:12Z,16,Donnée validée,10,Expertisée,20,Bonne,7.384986107,48.102530621,QIXnJ
A1610030,A161003001,2007-09-24,8226.0,2026-06-01T04:56:12Z,16,Donnée validée,10,Expertisée,20,Bonne,7.384986107,48.102530621,QIXnJ
A1610030,A161003001,2007-09-25,8061.0,2026-06-01T04:56:12Z,16,Donnée validée,10,Expertisée,20,Bonne,7.384986107,48.102530621,QIXnJ
A1610030,A161003001,2007-09-26,8034.0,2026-06-01T04:56:12Z,16,Donnée validée,10,Expertisée,20,Bonne,7.384986107,48.102530621,QIXnJ
A1610030,A161003001,2007-09-27,12712.0,2026-06-01T04:56:12Z,16,Donnée validée,10,Expertisée,20,Bonne,7.384986107,48.102530621,QIXnJ
A1610030,A161003001,2007-09-28,12575.0,2026-06-01T04:56:12Z,16,Donnée validée,10,Expertisée,20,Bonne,7.384986107,48.102530621,QIXnJ
A1610030,A161003001,2007-09-29,12431.0,2026-06-01T04:56:12Z,16,Donnée validée,10,Expertisée,20,Bonne,7.384986107,48.102530621,QIXnJ
A1610030,A161003001,2007-09-30,12319.0,2026-06-01T04:56:12Z,16,Donnée validée,10,Expertisée,20,Bonne,7.384986107,48.102530621,QIXnJ
A1610030,A161003001,2007-10-01,10852.0,2026-06-01T04:56:12Z,16,Donnée validée,10,Expertisée,20,Bonne,7.384986107,48.102530621,QIXnJ
A1610030,A161003001,2007-10-02,10178.0,2026-06-01T04:56:12Z,16,Donnée validée,10,Expertisée,20,Bonne,7.384986107,48.102530621,QIXnJ
A1610030,A161003001,2007-10-03,9691.0,2026-06-01T04:56:12Z,16,Donnée validée,10,Expertisée,20,Bonne,7.384986107,48.102530621,QIXnJ
A1610030,A161003001,2007-10-04,9549.0,2026-06-01T04:56:12Z,16,Donnée validée,10,Expertisée,20,Bonne,7.384986107,48.102530621,QIXnJ
A1610030,A161003001,2007-10-05,8876.0,2026-06-01T04:56:12Z,16,Donnée validée,10,Expertisée,20,Bonne,7.384986107,48.102530621,QIXnJ
A1610030,A161003001,2007-10-06,8112.0,2026-06-01T04:56:12Z,16,Donnée validée,10,Expertisée,20,Bonne,7.384986107,48.102530621,QIXnJ
A1610030,A161003001,2007-10-07,7862.0,2026-06-01T04:56:12Z,16,Donnée validée,10,Expertisée,20,Bonne,7.384986107,48.102530621,QIXnJ
A1610030,A161003001,2007-10-08,8254.0,2026-06-01T04:56:12Z,16,Donnée validée,10,Expertisée,20,Bonne,7.384986107,48.102530621,QIXnJ
A1610030,A161003001,2007-10-09,8154.0,2026-06-01T04:56:12Z,16,Donnée validée,10,Expertisée,20,Bonne,7.384986107,48.102530621,QIXnJ
A1610030,A161003001,2007-10-10,8032.0,2026-06-01T04:56:12Z,16,Donnée validée,10,Expertisée,20,Bonne,7.384986107,48.102530621,QIXnJ
A1610030,A161003001,2007-10-11,7266.0,2026-06-01T04:56:12Z,16,Donnée validée,10,Expertisée,20,Bonne,7.384986107,48.102530621,QIXnJ
A1610030,A161003001,2007-10-12,7399.0,2026-06-01T04:56:12Z,16,Donnée validée,10,Expertisée,20,Bonne,7.384986107,48.102530621,QIXnJ
A1610030,A161003001,2007-10-13,7129.0,2026-06-01T04:56:12Z,16,Donnée validée,10,Expertisée,20,Bonne,7.384986107,48.102530621,QIXnJ
A1610030,A161003001,2007-10-14,7488.0,2026-06-01T04:56:12Z,16,Donnée validée,10,Expertisée,20,Bonne,7.384986107,48.102530621,QIXnJ
A1610030,A161003001,2007-10-15,7310.0,2026-06-01T04:56:12Z,16,Donnée validée,10,Expertisée,20,Bonne,7.384986107,48.102530621,QIXnJ
A1610030,A161003001,2007-10-16,7355.0,2026-06-01T04:56:12Z,16,Donnée validée,10,Expertisée,20,Bonne,7.384986107,48.102530621,QIXnJ
A1610030,A161003001,2007-10-17,7221.0,2026-06-01T04:56:12Z,16,Donnée validée,10,Expertisée,20,Bonne,7.384986107,48.102530621,QIXnJ
A1610030,A161003001,2007-10-18,7399.0,2026-06-01T04:56:12Z,16,Donnée validée,10,Expertisée,20,Bonne,7.384986107,48.102530621,QIXnJ
A1610030,A161003001,2007-10-19,7399.0,2026-06-01T04:56:12Z,16,Donnée validée,10,Expertisée,20,Bonne,7.384986107,48.102530621,QIXnJ
A1610030,A161003001,2007-10-20,7275.0,2026-06-01T04:56:12Z,16,Donnée validée,10,Expertisée,20,Bonne,7.384986107,48.102530621,QIXnJ
A1610030,A161003001,2007-10-21,6999.0,2026-06-01T04:56:12Z,16,Donnée validée,10,Expertisée,20,Bonne,7.384986107,48.102530621,QIXnJ
A1610030,A161003001,2007-10-22,7132.0,2026-06-01T04:56:12Z,16,Donnée validée,10,Expertisée,20,Bonne,7.384986107,48.102530621,QIXnJ
A1610030,A161003001,2007-10-23,7081.0,2026-06-01T04:56:12Z,16,Donnée validée,10,Expertisée,20,Bonne,7.384986107,48.102530621,QIXnJ
A1610030,A161003001,2007-10-24,6851.0,2026-06-01T04:56:12Z,16,Donnée validée,10,Expertisée,20,Bonne,7.384986107,48.102530621,QIXnJ
A1610030,A161003001,2007-10-25,6644.0,2026-06-01T04:56:12Z,16,Donnée validée,10,Expertisée,20,Bonne,7.384986107,48.102530621,QIXnJ
A1610030,A161003001,2007-10-26,6511.0,2026-06-01T04:56:12Z,16,Donnée validée,10,Expertisée,20,Bonne,7.384986107,48.102530621,QIXnJ
A1610030,A161003001,2007-10-27,6555.0,2026-06-01T04:56:12Z,16,Donnée validée,10,Expertisée,20,Bonne,7.384986107,48.102530621,QIXnJ
A1610030,A161003001,2007-10-28,6555.0,2026-06-01T04:56:12Z,16,Donnée validée,10,Expertisée,20,Bonne,7.384986107,48.102530621,QIXnJ
A1610030,A161003001,2007-10-29,6866.0,2026-06-01T04:56:12Z,16,Donnée validée,10,Expertisée,20,Bonne,7.384986107,48.102530621,QIXnJ
A1610030,A161003001,2007-10-30,7310.0,2026-06-01T04:56:12Z,16,Donnée validée,10,Expertisée,20,Bonne,7.384986107,48.102530621,QIXnJ
A1610030,A161003001,2007-10-31,6111.0,2026-06-01T04:56:12Z,16,Donnée validée,10,Expertisée,20,Bonne,7.384986107,48.102530621,QIXnJ
A1610030,A161003001,2007-11-01,5877.0,2026-06-01T04:56:12Z,16,Donnée validée,10,Expertisée,20,Bonne,7.384986107,48.102530621,QIXnJ
A1610030,A161003001,2007-11-02,6022.0,2026-06-01T04:56:12Z,16,Donnée validée,10,Expertisée,20,Bonne,7.384986107,48.102530621,QIXnJ
A1610030,A161003001,2007-11-03,5933.0,2026-06-01T04:56:12Z,16,Donnée validée,10,Expertisée,20,Bonne,7.384986107,48.102530621,QIXnJ
A1610030,A161003001,2007-11-04,5889.0,2026-06-01T04:56:12Z,16,Donnée validée,10,Expertisée,20,Bonne,7.384986107,48.102530621,QIXnJ
A1610030,A161003001,2007-11-05,6155.0,2026-06-01T04:56:12Z,16,Donnée validée,10,Expertisée,20,Bonne,7.384986107,48.102530621,QIXnJ
A1610030,A161003001,2007-11-06,5978.0,2026-06-01T04:56:12Z,16,Donnée validée,10,Expertisée,20,Bonne,7.384986107,48.102530621,QIXnJ
A1610030,A161003001,2007-11-07,5978.0,2026-06-01T04:56:12Z,16,Donnée validée,10,Expertisée,20,Bonne,7.384986107,48.102530621,QIXnJ
A1610030,A161003001,2007-11-08,5844.0,2026-06-01T04:56:12Z,16,Donnée validée,10,Expertisée,20,Bonne,7.384986107,48.102530621,QIXnJ
A1610030,A161003001,2007-11-09,7976.0,2026-06-01T04:56:12Z,16,Donnée validée,10,Expertisée,20,Bonne,7.384986107,48.102530621,QIXnJ
A1610030,A161003001,2007-11-10,8154.0,2026-06-01T04:56:12Z,16,Donnée validée,10,Expertisée,20,Bonne,7.384986107,48.102530621,QIXnJ
A1610030,A161003001,2007-11-11,17604.0,2026-06-01T04:56:12Z,16,Donnée validée,10,Expertisée,20,Bonne,7.384986107,48.102530621,QIXnJ
A1610030,A161003001,2007-11-12,26897.0,2026-06-01T04:56:12Z,16,Donnée validée,10,Expertisée,20,Bonne,7.384986107,48.102530621,QIXnJ
A1610030,A161003001,2007-11-13,25028.0,2026-06-01T04:56:12Z,16,Donnée validée,10,Expertisée,20,Bonne,7.384986107,48.102530621,QIXnJ
A1610030,A161003001,2007-11-14,17872.0,2026-06-01T04:56:12Z,16,Donnée validée,10,Expertisée,20,Bonne,7.384986107,48.102530621,QIXnJ
A1610030,A161003001,2007-11-15,18059.0,2026-06-01T04:56:12Z,16,Donnée validée,10,Expertisée,20,Bonne,7.384986107,48.102530621,QIXnJ
A1610030,A161003001,2007-11-16,15219.0,2026-06-01T04:56:12Z,16,Donnée validée,10,Expertisée,20,Bonne,7.384986107,48.102530621,QIXnJ
A1610030,A161003001,2007-11-17,13873.0,2026-06-01T04:56:12Z,16,Donnée validée,10,Expertisée,20,Bonne,7.384986107,48.102530621,QIXnJ
A1610030,A161003001,2007-11-18,12596.0,2026-06-01T04:56:12Z,16,Donnée validée,10,Expertisée,20,Bonne,7.384986107,48.102530621,QIXnJ
A1610030,A161003001,2007-11-19,11752.0,2026-06-01T04:56:12Z,16,Donnée validée,10,Expertisée,20,Bonne,7.384986107,48.102530621,QIXnJ
A1610030,A161003001,2007-11-20,11595.0,2026-06-01T04:56:12Z,16,Donnée validée,10,Expertisée,20,Bonne,7.384986107,48.102530621,QIXnJ
A1610030,A161003001,2007-11-21,13706.0,2026-06-01T04:56:12Z,16,Donnée validée,10,Expertisée,20,Bonne,7.384986107,48.102530621,QIXnJ
A1610030,A161003001,2007-11-22,25626.0,2026-06-01T04:56:12Z,16,Donnée validée,10,Expertisée,20,Bonne,7.384986107,48.102530621,QIXnJ
A1610030,A161003001,2007-11-23,48668.0,2026-06-01T04:56:12Z,16,Donnée validée,10,Expertisée,20,Bonne,7.384986107,48.102530621,QIXnJ
A1610030,A161003001,2007-11-24,50000.0,2026-06-01T04:56:12Z,16,Donnée validée,10,Expertisée,20,Bonne,7.384986107,48.102530621,QIXnJ
A1610030,A161003001,2007-11-25,36679.0,2026-06-01T04:56:12Z,16,Donnée validée,10,Expertisée,20,Bonne,7.384986107,48.102530621,QIXnJ
A1610030,A161003001,2007-11-26,27678.0,2026-06-01T04:56:12Z,16,Donnée validée,10,Expertisée,20,Bonne,7.384986107,48.102530621,QIXnJ
A1610030,A161003001,2007-11-27,23356.0,2026-06-01T04:56:12Z,16,Donnée validée,10,Expertisée,20,Bonne,7.384986107,48.102530621,QIXnJ
A1610030,A161003001,2007-11-28,19732.0,2026-06-01T04:56:12Z,16,Donnée validée,10,Expertisée,20,Bonne,7.384986107,48.102530621,QIXnJ
A1610030,A161003001,2007-11-29,18148.0,2026-06-01T04:56:12Z,16,Donnée validée,10,Expertisée,20,Bonne,7.384986107,48.102530621,QIXnJ
A1610030,A161003001,2007-11-30,16859.0,2026-06-01T04:56:12Z,16,Donnée validée,10,Expertisée,20,Bonne,7.384986107,48.102530621,QIXnJ
A1610030,A161003001,2007-12-01,16016.0,2026-06-01T04:56:12Z,16,Donnée validée,10,Expertisée,20,Bonne,7.384986107,48.102530621,QIXnJ
A1610030,A161003001,2007-12-02,22411.0,2026-06-01T04:56:12Z,16,Donnée validée,10,Expertisée,20,Bonne,7.384986107,48.102530621,QIXnJ
A1610030,A161003001,2007-12-03,115690.0,2026-06-01T04:56:12Z,16,Donnée validée,10,Expertisée,20,Bonne,7.384986107,48.102530621,QIXnJ
A1610030,A161003001,2007-12-04,114694.0,2026-06-01T04:56:12Z,16,Donnée validée,10,Expertisée,20,Bonne,7.384986107,48.102530621,QIXnJ
A1610030,A161003001,2007-12-05,80217.0,2026-06-01T04:56:12Z,16,Donnée validée,10,Expertisée,20,Bonne,7.384986107,48.102530621,QIXnJ
A1610030,A161003001,2007-12-06,51108.0,2026-06-01T04:56:12Z,16,Donnée validée,10,Expertisée,20,Bonne,7.384986107,48.102530621,QIXnJ
A1610030,A161003001,2007-12-07,89588.0,2026-06-01T04:56:12Z,16,Donnée validée,10,Expertisée,20,Bonne,7.384986107,48.102530621,QIXnJ
A1610030,A161003001,2007-12-08,92936.0,2026-06-01T04:56:12Z,16,Donnée validée,10,Expertisée,20,Bonne,7.384986107,48.102530621,QIXnJ
A1610030,A161003001,2007-12-09,80858.0,2026-06-01T04:56:12Z,16,Donnée validée,10,Expertisée,20,Bonne,7.384986107,48.102530621,QIXnJ
A1610030,A161003001,2007-12-10,110036.0,2026-06-01T04:56:12Z,16,Donnée validée,10,Expertisée,20,Bonne,7.384986107,48.102530621,QIXnJ
A1610030,A161003001,2007-12-11,115876.0,2026-06-01T04:56:12Z,16,Donnée validée,10,Expertisée,20,Bonne,7.384986107,48.102530621,QIXnJ
A1610030,A161003001,2007-12-12,103964.0,2026-06-01T04:56:12Z,16,Donnée validée,10,Expertisée,20,Bonne,7.384986107,48.102530621,QIXnJ
A1610030,A161003001,2007-12-13,72485.0,2026-06-01T04:56:12Z,16,Donnée validée,10,Expertisée,20,Bonne,7.384986107,48.102530621,QIXnJ
A1610030,A161003001,2007-12-14,49728.0,2026-06-01T04:56:12Z,16,Donnée validée,10,Expertisée,20,Bonne,7.384986107,48.102530621,QIXnJ
A1610030,A161003001,2007-12-15,39069.0,2026-06-01T04:56:12Z,16,Donnée validée,10,Expertisée,20,Bonne,7.384986107,48.102530621,QIXnJ
A1610030,A161003001,2007-12-16,31881.0,2026-06-01T04:56:12Z,16,Donnée validée,10,Expertisée,20,Bonne,7.384986107,48.102530621,QIXnJ
A1610030,A161003001,2007-12-17,27905.0,2026-06-01T04:56:12Z,16,Donnée validée,10,Expertisée,20,Bonne,7.384986107,48.102530621,QIXnJ
A1610030,A161003001,2007-12-18,25339.0,2026-06-01T04:56:12Z,16,Donnée validée,10,Expertisée,20,Bonne,7.384986107,48.102530621,QIXnJ
A1610030,A161003001,2007-12-19,22975.0,2026-06-01T04:56:12Z,16,Donnée validée,10,Expertisée,20,Bonne,7.384986107,48.102530621,QIXnJ
A1610030,A161003001,2007-12-20,21123.0,2026-06-01T04:56:12Z,16,Donnée validée,10,Expertisée,20,Bonne,7.384986107,48.102530621,QIXnJ
A1610030,A161003001,2007-12-21,19746.0,2026-06-01T04:56:12Z,16,Donnée validée,10,Expertisée,20,Bonne,7.384986107,48.102530621,QIXnJ
A1610030,A161003001,2007-12-22,18966.0,2026-06-01T04:56:12Z,16,Donnée validée,10,Expertisée,20,Bonne,7.384986107,48.102530621,QIXnJ
A1610030,A161003001,2007-12-23,17659.0,2026-06-01T04:56:12Z,16,Donnée validée,10,Expertisée,20,Bonne,7.384986107,48.102530621,QIXnJ
A1610030,A161003001,2007-12-24,16894.0,2026-06-01T04:56:12Z,16,Donnée validée,10,Expertisée,20,Bonne,7.384986107,48.102530621,QIXnJ
A1610030,A161003001,2007-12-25,15923.0,2026-06-01T04:56:12Z,16,Donnée validée,10,Expertisée,20,Bonne,7.384986107,48.102530621,QIXnJ
A1610030,A161003001,2007-12-26,15543.0,2026-06-01T04:56:12Z,16,Donnée validée,10,Expertisée,20,Bonne,7.384986107,48.102530621,QIXnJ
A1610030,A161003001,2007-12-27,15032.0,2026-06-01T04:56:12Z,16,Donnée validée,10,Expertisée,20,Bonne,7.384986107,48.102530621,QIXnJ
A1610030,A161003001,2007-12-28,14277.0,2026-06-01T04:56:12Z,16,Donnée validée,10,Expertisée,20,Bonne,7.384986107,48.102530621,QIXnJ
A1610030,A161003001,2007-12-29,14195.0,2026-06-01T04:56:12Z,16,Donnée validée,10,Expertisée,20,Bonne,7.384986107,48.102530621,QIXnJ
A1610030,A161003001,2007-12-30,15882.0,2026-06-01T04:56:12Z,16,Donnée validée,10,Expertisée,20,Bonne,7.384986107,48.102530621,QIXnJ
A1610030,A161003001,2007-12-31,15769.0,2026-06-01T04:56:12Z,16,Donnée validée,10,Expertisée,20,Bonne,7.384986107,48.102530621,QIXnJ
A1610030,A161003001,2008-01-01,14127.0,2026-06-01T04:56:12Z,16,Donnée validée,10,Expertisée,20,Bonne,7.384986107,48.102530621,QIXnJ
A1610030,A161003001,2008-01-02,13691.0,2026-06-01T04:56:12Z,16,Donnée validée,10,Expertisée,20,Bonne,7.384986107,48.102530621,QIXnJ
A1610030,A161003001,2008-01-03,13149.0,2026-06-01T04:56:12Z,16,Donnée validée,10,Expertisée,20,Bonne,7.384986107,48.102530621,QIXnJ
A1610030,A161003001,2008-01-04,12692.0,2026-06-01T04:56:12Z,16,Donnée validée,10,Expertisée,20,Bonne,7.384986107,48.102530621,QIXnJ
A1610030,A161003001,2008-01-05,17174.0,2026-06-01T04:56:12Z,16,Donnée validée,10,Expertisée,20,Bonne,7.384986107,48.102530621,QIXnJ
A1610030,A161003001,2008-01-06,65283.0,2026-06-01T04:56:12Z,16,Donnée validée,10,Expertisée,20,Bonne,7.384986107,48.102530621,QIXnJ
A1610030,A161003001,2008-01-07,83046.0,2026-06-01T04:56:12Z,16,Donnée validée,10,Expertisée,20,Bonne,7.384986107,48.102530621,QIXnJ
A1610030,A161003001,2008-01-08,83192.0,2026-06-01T04:56:12Z,16,Donnée validée,10,Expertisée,20,Bonne,7.384986107,48.102530621,QIXnJ
A1610030,A161003001,2008-01-09,56421.0,2026-06-01T04:56:12Z,16,Donnée validée,10,Expertisée,20,Bonne,7.384986107,48.102530621,QIXnJ
A1610030,A161003001,2008-01-10,44400.0,2026-06-01T04:56:12Z,16,Donnée validée,10,Expertisée,20,Bonne,7.384986107,48.102530621,QIXnJ
A1610030,A161003001,2008-01-11,40936.0,2026-06-01T04:56:12Z,16,Donnée validée,10,Expertisée,20,Bonne,7.384986107,48.102530621,QIXnJ
A1610030,A161003001,2008-01-12,36380.0,2026-06-01T04:56:12Z,16,Donnée validée,10,Expertisée,20,Bonne,7.384986107,48.102530621,QIXnJ
A1610030,A161003001,2008-01-13,34119.0,2026-06-01T04:56:12Z,16,Donnée validée,10,Expertisée,20,Bonne,7.384986107,48.102530621,QIXnJ
A1610030,A161003001,2008-01-14,31561.0,2026-06-01T04:56:12Z,16,Donnée validée,10,Expertisée,20,Bonne,7.384986107,48.102530621,QIXnJ
A1610030,A161003001,2008-01-15,32094.0,2026-06-01T04:56:12Z,16,Donnée validée,10,Expertisée,20,Bonne,7.384986107,48.102530621,QIXnJ
A1610030,A161003001,2008-01-16,36758.0,2026-06-01T04:56:12Z,16,Donnée validée,10,Expertisée,20,Bonne,7.384986107,48.102530621,QIXnJ
A1610030,A161003001,2008-01-17,36669.0,2026-06-01T04:56:12Z,16,Donnée validée,10,Expertisée,20,Bonne,7.384986107,48.102530621,QIXnJ
A1610030,A161003001,2008-01-18,39809.0,2026-06-01T04:56:12Z,16,Donnée validée,10,Expertisée,20,Bonne,7.384986107,48.102530621,QIXnJ
A1610030,A161003001,2008-01-19,40000.0,2026-06-01T04:56:12Z,16,Donnée validée,10,Expertisée,20,Bonne,7.384986107,48.102530621,QIXnJ
A1610030,A161003001,2008-01-20,37779.0,2026-06-01T04:56:12Z,16,Donnée validée,10,Expertisée,20,Bonne,7.384986107,48.102530621,QIXnJ
A1610030,A161003001,2008-01-21,33383.0,2026-06-01T04:56:12Z,16,Donnée validée,10,Expertisée,20,Bonne,7.384986107,48.102530621,QIXnJ
A1610030,A161003001,2008-01-22,53792.0,2026-06-01T04:56:12Z,16,Donnée validée,10,Expertisée,20,Bonne,7.384986107,48.102530621,QIXnJ
A1610030,A161003001,2008-01-23,53722.0,2026-06-01T04:56:12Z,16,Donnée validée,10,Expertisée,20,Bonne,7.384986107,48.102530621,QIXnJ
A1610030,A161003001,2008-01-24,41462.0,2026-06-01T04:56:12Z,16,Donnée validée,10,Expertisée,20,Bonne,7.384986107,48.102530621,QIXnJ
A1610030,A161003001,2008-01-25,35825.0,2026-06-01T04:56:12Z,16,Donnée validée,10,Expertisée,20,Bonne,7.384986107,48.102530621,QIXnJ
A1610030,A161003001,2008-01-26,31091.0,2026-06-01T04:56:12Z,16,Donnée validée,10,Expertisée,20,Bonne,7.384986107,48.102530621,QIXnJ
A1610030,A161003001,2008-01-27,27646.0,2026-06-01T04:56:12Z,16,Donnée validée,10,Expertisée,20,Bonne,7.384986107,48.102530621,QIXnJ
A1610030,A161003001,2008-01-28,24795.0,2026-06-01T04:56:12Z,16,Donnée validée,10,Expertisée,20,Bonne,7.384986107,48.102530621,QIXnJ
A1610030,A161003001,2008-01-29,22666.0,2026-06-01T04:56:12Z,16,Donnée validée,10,Expertisée,20,Bonne,7.384986107,48.102530621,QIXnJ
A1610030,A161003001,2008-01-30,21232.0,2026-06-01T04:56:12Z,16,Donnée validée,10,Expertisée,20,Bonne,7.384986107,48.102530621,QIXnJ
A1610030,A161003001,2008-01-31,20225.0,2026-06-01T04:56:12Z,16,Donnée validée,10,Expertisée,20,Bonne,7.384986107,48.102530621,QIXnJ
A1610030,A161003001,2008-02-01,23033.0,2026-06-01T04:56:12Z,16,Donnée validée,10,Expertisée,20,Bonne,7.384986107,48.102530621,QIXnJ
A1610030,A161003001,2008-02-02,26009.0,2026-06-01T04:56:12Z,16,Donnée validée,10,Expertisée,20,Bonne,7.384986107,48.102530621,QIXnJ
A1610030,A161003001,2008-02-03,25540.0,2026-06-01T04:56:12Z,16,Donnée validée,10,Expertisée,20,Bonne,7.384986107,48.102530621,QIXnJ
A1610030,A161003001,2008-02-04,22260.0,2026-06-01T04:56:12Z,16,Donnée validée,10,Expertisée,20,Bonne,7.384986107,48.102530621,QIXnJ
A1610030,A161003001,2008-02-05,23522.0,2026-06-01T04:56:12Z,16,Donnée validée,10,Expertisée,20,Bonne,7.384986107,48.102530621,QIXnJ
A1610030,A161003001,2008-02-06,38076.0,2026-06-01T04:56:12Z,16,Donnée validée,10,Expertisée,20,Bonne,7.384986107,48.102530621,QIXnJ
A1610030,A161003001,2008-02-07,38490.0,2026-06-01T04:56:12Z,16,Donnée validée,10,Expertisée,20,Bonne,7.384986107,48.102530621,QIXnJ
A1610030,A161003001,2008-02-08,34093.0,2026-06-01T04:56:12Z,16,Donnée validée,10,Expertisée,20,Bonne,7.384986107,48.102530621,QIXnJ
A1610030,A161003001,2008-02-09,29480.0,2026-06-01T04:56:12Z,16,Donnée validée,10,Expertisée,20,Bonne,7.384986107,48.102530621,QIXnJ
A1610030,A161003001,2008-02-10,26054.0,2026-06-01T04:56:12Z,16,Donnée validée,10,Expertisée,20,Bonne,7.384986107,48.102530621,QIXnJ
A1610030,A161003001,2008-02-11,23389.0,2026-06-01T04:56:12Z,16,Donnée validée,10,Expertisée,20,Bonne,7.384986107,48.102530621,QIXnJ
A1610030,A161003001,2008-02-12,21834.0,2026-06-01T04:56:12Z,16,Donnée validée,10,Expertisée,20,Bonne,7.384986107,48.102530621,QIXnJ
A1610030,A161003001,2008-02-13,19581.0,2026-06-01T04:56:12Z,16,Donnée validée,10,Expertisée,20,Bonne,7.384986107,48.102530621,QIXnJ
A1610030,A161003001,2008-02-14,18092.0,2026-06-01T04:56:12Z,16,Donnée validée,10,Expertisée,20,Bonne,7.384986107,48.102530621,QIXnJ
A1610030,A161003001,2008-02-15,17295.0,2026-06-01T04:56:12Z,16,Donnée validée,10,Expertisée,20,Bonne,7.384986107,48.102530621,QIXnJ
A1610030,A161003001,2008-02-16,16219.0,2026-06-01T04:56:12Z,16,Donnée validée,10,Expertisée,20,Bonne,7.384986107,48.102530621,QIXnJ
A1610030,A161003001,2008-02-17,14816.0,2026-06-01T04:56:12Z,16,Donnée validée,10,Expertisée,20,Bonne,7.384986107,48.102530621,QIXnJ
A1610030,A161003001,2008-02-18,14417.0,2026-06-01T04:56:12Z,16,Donnée validée,10,Expertisée,20,Bonne,7.384986107,48.102530621,QIXnJ
A1610030,A161003001,2008-02-19,14030.0,2026-06-01T04:56:12Z,16,Donnée validée,10,Expertisée,20,Bonne,7.384986107,48.102530621,QIXnJ
A1610030,A161003001,2008-02-20,13573.0,2026-06-01T04:56:12Z,16,Donnée validée,10,Expertisée,20,Bonne,7.384986107,48.102530621,QIXnJ
A1610030,A161003001,2008-02-21,13573.0,2026-06-01T04:56:12Z,16,Donnée validée,10,Expertisée,20,Bonne,7.384986107,48.102530621,QIXnJ
A1610030,A161003001,2008-02-22,13262.0,2026-06-01T04:56:12Z,16,Donnée validée,10,Expertisée,20,Bonne,7.384986107,48.102530621,QIXnJ
A1610030,A161003001,2008-02-23,12554.0,2026-06-01T04:56:12Z,16,Donnée validée,10,Expertisée,20,Bonne,7.384986107,48.102530621,QIXnJ
A1610030,A161003001,2008-02-24,12107.0,2026-06-01T04:56:12Z,16,Donnée validée,10,Expertisée,20,Bonne,7.384986107,48.102530621,QIXnJ
A1610030,A161003001,2008-02-25,11752.0,2026-06-01T04:56:12Z,16,Donnée validée,10,Expertisée,20,Bonne,7.384986107,48.102530621,QIXnJ
A1610030,A161003001,2008-02-26,11335.0,2026-06-01T04:56:12Z,16,Donnée validée,10,Expertisée,20,Bonne,7.384986107,48.102530621,QIXnJ
A1610030,A161003001,2008-02-27,12906.0,2026-06-01T04:56:12Z,16,Donnée validée,10,Expertisée,20,Bonne,7.384986107,48.102530621,QIXnJ
A1610030,A161003001,2008-02-28,13617.0,2026-06-01T04:56:12Z,16,Donnée validée,10,Expertisée,20,Bonne,7.384986107,48.102530621,QIXnJ
A1610030,A161003001,2008-02-29,11778.0,2026-06-01T04:56:12Z,16,Donnée validée,10,Expertisée,20,Bonne,7.384986107,48.102530621,QIXnJ
A1610030,A161003001,2008-03-01,47050.0,2026-06-01T04:56:12Z,16,Donnée validée,10,Expertisée,20,Bonne,7.384986107,48.102530621,QIXnJ
A1610030,A161003001,2008-03-02,46988.0,2026-06-01T04:56:12Z,16,Donnée validée,10,Expertisée,20,Bonne,7.384986107,48.102530621,QIXnJ
A1610030,A161003001,2008-03-03,32986.0,2026-06-01T04:56:12Z,16,Donnée validée,10,Expertisée,20,Bonne,7.384986107,48.102530621,QIXnJ
A1610030,A161003001,2008-03-04,33471.0,2026-06-01T04:56:12Z,16,Donnée validée,10,Expertisée,20,Bonne,7.384986107,48.102530621,QIXnJ
A1610030,A161003001,2008-03-05,34137.0,2026-06-01T04:56:12Z,16,Donnée validée,10,Expertisée,20,Bonne,7.384986107,48.102530621,QIXnJ
A1610030,A161003001,2008-03-06,29839.0,2026-06-01T04:56:12Z,16,Donnée validée,10,Expertisée,20,Bonne,7.384986107,48.102530621,QIXnJ
A1610030,A161003001,2008-03-07,25291.0,2026-06-01T04:56:12Z,16,Donnée validée,10,Expertisée,20,Bonne,7.384986107,48.102530621,QIXnJ
A1610030,A161003001,2008-03-08,22879.0,2026-06-01T04:56:12Z,16,Donnée validée,10,Expertisée,20,Bonne,7.384986107,48.102530621,QIXnJ
A1610030,A161003001,2008-03-09,21301.0,2026-06-01T04:56:12Z,16,Donnée validée,10,Expertisée,20,Bonne,7.384986107,48.102530621,QIXnJ
A1610030,A161003001,2008-03-10,19671.0,2026-06-01T04:56:12Z,16,Donnée validée,10,Expertisée,20,Bonne,7.384986107,48.102530621,QIXnJ
A1610030,A161003001,2008-03-11,22500.0,2026-06-01T04:56:12Z,16,Donnée validée,10,Expertisée,20,Bonne,7.384986107,48.102530621,QIXnJ
A1610030,A161003001,2008-03-12,104861.0,2026-06-01T04:56:12Z,16,Donnée validée,10,Expertisée,20,Bonne,7.384986107,48.102530621,QIXnJ
A1610030,A161003001,2008-03-13,109242.0,2026-06-01T04:56:12Z,16,Donnée validée,10,Expertisée,20,Bonne,7.384986107,48.102530621,QIXnJ
A1610030,A161003001,2008-03-14,77804.0,2026-06-01T04:56:12Z,16,Donnée validée,10,Expertisée,20,Bonne,7.384986107,48.102530621,QIXnJ
A1610030,A161003001,2008-03-15,54184.0,2026-06-01T04:56:12Z,16,Donnée validée,10,Expertisée,20,Bonne,7.384986107,48.102530621,QIXnJ
A1610030,A161003001,2008-03-16,39668.0,2026-06-01T04:56:12Z,16,Donnée validée,10,Expertisée,20,Bonne,7.384986107,48.102530621,QIXnJ
A1610030,A161003001,2008-03-17,43050.0,2026-06-01T04:56:12Z,16,Donnée validée,10,Expertisée,20,Bonne,7.384986107,48.102530621,QIXnJ
A1610030,A161003001,2008-03-18,47450.0,2026-06-01T04:56:12Z,16,Donnée validée,10,Expertisée,20,Bonne,7.384986107,48.102530621,QIXnJ
A1610030,A161003001,2008-03-19,41414.0,2026-06-01T04:56:12Z,16,Donnée validée,10,Expertisée,20,Bonne,7.384986107,48.102530621,QIXnJ
A1610030,A161003001,2008-03-20,36136.0,2026-06-01T04:56:12Z,16,Donnée validée,10,Expertisée,20,Bonne,7.384986107,48.102530621,QIXnJ
A1610030,A161003001,2008-03-21,71646.0,2026-06-01T04:56:12Z,16,Donnée validée,10,Expertisée,20,Bonne,7.384986107,48.102530621,QIXnJ
A1610030,A161003001,2008-03-22,84592.0,2026-06-01T04:56:12Z,16,Donnée validée,10,Expertisée,20,Bonne,7.384986107,48.102530621,QIXnJ
A1610030,A161003001,2008-03-23,63047.0,2026-06-01T04:56:12Z,16,Donnée validée,10,Expertisée,20,Bonne,7.384986107,48.102530621,QIXnJ
A1610030,A161003001,2008-03-24,42172.0,2026-06-01T04:56:12Z,16,Donnée validée,10,Expertisée,20,Bonne,7.384986107,48.102530621,QIXnJ
A1610030,A161003001,2008-03-25,35736.0,2026-06-01T04:56:12Z,16,Donnée validée,10,Expertisée,20,Bonne,7.384986107,48.102530621,QIXnJ
A1610030,A161003001,2008-03-26,35795.0,2026-06-01T04:56:12Z,16,Donnée validée,10,Expertisée,20,Bonne,7.384986107,48.102530621,QIXnJ
A1610030,A161003001,2008-03-27,40600.0,2026-06-01T04:56:12Z,16,Donnée validée,10,Expertisée,20,Bonne,7.384986107,48.102530621,QIXnJ
A1610030,A161003001,2008-03-28,36548.0,2026-06-01T04:56:12Z,16,Donnée validée,10,Expertisée,20,Bonne,7.384986107,48.102530621,QIXnJ
A1610030,A161003001,2008-03-29,32361.0,2026-06-01T04:56:12Z,16,Donnée validée,10,Expertisée,20,Bonne,7.384986107,48.102530621,QIXnJ
A1610030,A161003001,2008-03-30,33471.0,2026-06-01T04:56:12Z,16,Donnée validée,10,Expertisée,20,Bonne,7.384986107,48.102530621,QIXnJ
A1610030,A161003001,2008-03-31,36758.0,2026-06-01T04:56:12Z,16,Donnée validée,10,Expertisée,20,Bonne,7.384986107,48.102530621,QIXnJ
A1610030,A161003001,2008-04-01,35070.0,2026-06-01T04:56:12Z,16,Donnée validée,10,Expertisée,20,Bonne,7.384986107,48.102530621,QIXnJ
A1610030,A161003001,2008-04-02,31253.0,2026-06-01T04:56:12Z,16,Donnée validée,10,Expertisée,20,Bonne,7.384986107,48.102530621,QIXnJ
A1610030,A161003001,2008-04-03,29228.0,2026-06-01T04:56:12Z,16,Donnée validée,10,Expertisée,20,Bonne,7.384986107,48.102530621,QIXnJ
A1610030,A161003001,2008-04-04,26736.0,2026-06-01T04:56:12Z,16,Donnée validée,10,Expertisée,20,Bonne,7.384986107,48.102530621,QIXnJ
A1610030,A161003001,2008-04-05,24254.0,2026-06-01T04:56:12Z,16,Donnée validée,10,Expertisée,20,Bonne,7.384986107,48.102530621,QIXnJ
A1610030,A161003001,2008-04-06,24099.0,2026-06-01T04:56:12Z,16,Donnée validée,10,Expertisée,20,Bonne,7.384986107,48.102530621,QIXnJ
A1610030,A161003001,2008-04-07,22284.0,2026-06-01T04:56:12Z,16,Donnée validée,10,Expertisée,20,Bonne,7.384986107,48.102530621,QIXnJ
A1610030,A161003001,2008-04-08,20924.0,2026-06-01T04:56:12Z,16,Donnée validée,10,Expertisée,20,Bonne,7.384986107,48.102530621,QIXnJ
A1610030,A161003001,2008-04-09,34473.0,2026-06-01T04:56:12Z,16,Donnée validée,10,Expertisée,20,Bonne,7.384986107,48.102530621,QIXnJ
A1610030,A161003001,2008-04-10,74967.0,2026-06-01T04:56:12Z,16,Donnée validée,10,Expertisée,20,Bonne,7.384986107,48.102530621,QIXnJ
A1610030,A161003001,2008-04-11,116145.0,2026-06-01T04:56:12Z,16,Donnée validée,10,Expertisée,20,Bonne,7.384986107,48.102530621,QIXnJ
A1610030,A161003001,2008-04-12,118538.0,2026-06-01T04:56:12Z,16,Donnée validée,10,Expertisée,20,Bonne,7.384986107,48.102530621,QIXnJ
A1610030,A161003001,2008-04-13,87308.0,2026-06-01T04:56:12Z,16,Donnée validée,10,Expertisée,20,Bonne,7.384986107,48.102530621,QIXnJ
A1610030,A161003001,2008-04-14,58624.0,2026-06-01T04:56:12Z,16,Donnée validée,10,Expertisée,20,Bonne,7.384986107,48.102530621,QIXnJ
A1610030,A161003001,2008-04-15,46050.0,2026-06-01T04:56:12Z,16,Donnée validée,10,Expertisée,20,Bonne,7.384986107,48.102530621,QIXnJ
A1610030,A161003001,2008-04-16,40568.0,2026-06-01T04:56:12Z,16,Donnée validée,10,Expertisée,20,Bonne,7.384986107,48.102530621,QIXnJ
A1610030,A161003001,2008-04-17,36636.0,2026-06-01T04:56:12Z,16,Donnée validée,10,Expertisée,20,Bonne,7.384986107,48.102530621,QIXnJ
A1610030,A161003001,2008-04-18,32671.0,2026-06-01T04:56:12Z,16,Donnée validée,10,Expertisée,20,Bonne,7.384986107,48.102530621,QIXnJ
A1610030,A161003001,2008-04-19,30362.0,2026-06-01T04:56:12Z,16,Donnée validée,10,Expertisée,20,Bonne,7.384986107,48.102530621,QIXnJ
A1610030,A161003001,2008-04-20,30174.0,2026-06-01T04:56:12Z,16,Donnée validée,10,Expertisée,20,Bonne,7.384986107,48.102530621,QIXnJ
A1610030,A161003001,2008-04-21,28441.0,2026-06-01T04:56:12Z,16,Donnée validée,10,Expertisée,20,Bonne,7.384986107,48.102530621,QIXnJ
A1610030,A161003001,2008-04-22,59892.0,2026-06-01T04:56:12Z,16,Donnée validée,10,Expertisée,20,Bonne,7.384986107,48.102530621,QIXnJ
A1610030,A161003001,2008-04-23,72575.0,2026-06-01T04:56:12Z,16,Donnée validée,10,Expertisée,20,Bonne,7.384986107,48.102530621,QIXnJ
A1610030,A161003001,2008-04-24,68719.0,2026-06-01T04:56:12Z,16,Donnée validée,10,Expertisée,20,Bonne,7.384986107,48.102530621,QIXnJ
A1610030,A161003001,2008-04-25,48645.0,2026-06-01T04:56:12Z,16,Donnée validée,10,Expertisée,20,Bonne,7.384986107,48.102530621,QIXnJ
A1610030,A161003001,2008-04-26,38170.0,2026-06-01T04:56:12Z,16,Donnée validée,10,Expertisée,20,Bonne,7.384986107,48.102530621,QIXnJ
A1610030,A161003001,2008-04-27,32536.0,2026-06-01T04:56:12Z,16,Donnée validée,10,Expertisée,20,Bonne,7.384986107,48.102530621,QIXnJ
A1610030,A161003001,2008-04-28,28770.0,2026-06-01T04:56:12Z,16,Donnée validée,10,Expertisée,20,Bonne,7.384986107,48.102530621,QIXnJ
A1610030,A161003001,2008-04-29,27139.0,2026-06-01T04:56:12Z,16,Donnée validée,10,Expertisée,20,Bonne,7.384986107,48.102530621,QIXnJ
A1610030,A161003001,2008-04-30,25017.0,2026-06-01T04:56:12Z,16,Donnée validée,10,Expertisée,20,Bonne,7.384986107,48.102530621,QIXnJ
A1610030,A161003001,2008-05-01,22791.0,2026-06-01T04:56:12Z,16,Donnée validée,10,Expertisée,20,Bonne,7.384986107,48.102530621,QIXnJ
A1610030,A161003001,2008-05-02,20297.0,2026-06-01T04:56:12Z,16,Donnée validée,10,Expertisée,20,Bonne,7.384986107,48.102530621,QIXnJ
A1610030,A161003001,2008-05-03,19519.0,2026-06-01T04:56:12Z,16,Donnée validée,10,Expertisée,20,Bonne,7.384986107,48.102530621,QIXnJ
A1610030,A161003001,2008-05-04,17586.0,2026-06-01T04:56:12Z,16,Donnée validée,10,Expertisée,20,Bonne,7.384986107,48.102530621,QIXnJ
A1610030,A161003001,2008-05-05,16275.0,2026-06-01T04:56:12Z,16,Donnée validée,10,Expertisée,20,Bonne,7.384986107,48.102530621,QIXnJ
A1610030,A161003001,2008-05-06,15018.0,2026-06-01T04:56:12Z,16,Donnée validée,10,Expertisée,20,Bonne,7.384986107,48.102530621,QIXnJ
A1610030,A161003001,2008-05-07,13519.0,2026-06-01T04:56:12Z,16,Donnée validée,10,Expertisée,20,Bonne,7.384986107,48.102530621,QIXnJ
A1610030,A161003001,2008-05-08,12629.0,2026-06-01T04:56:12Z,16,Donnée validée,10,Expertisée,20,Bonne,7.384986107,48.102530621,QIXnJ
A1610030,A161003001,2008-05-09,12090.0,2026-06-01T04:56:12Z,16,Donnée validée,10,Expertisée,20,Bonne,7.384986107,48.102530621,QIXnJ
A1610030,A161003001,2008-05-10,11585.0,2026-06-01T04:56:12Z,16,Donnée validée,10,Expertisée,20,Bonne,7.384986107,48.102530621,QIXnJ
A1610030,A161003001,2008-05-11,10861.0,2026-06-01T04:56:12Z,16,Donnée validée,10,Expertisée,20,Bonne,7.384986107,48.102530621,QIXnJ
A1610030,A161003001,2008-05-12,11254.0,2026-06-01T04:56:12Z,16,Donnée validée,10,Expertisée,20,Bonne,7.384986107,48.102530621,QIXnJ
A1610030,A161003001,2008-05-13,10191.0,2026-06-01T04:56:12Z,16,Donnée validée,10,Expertisée,20,Bonne,7.384986107,48.102530621,QIXnJ
A1610030,A161003001,2008-05-14,9591.0,2026-06-01T04:56:12Z,16,Donnée validée,10,Expertisée,20,Bonne,7.384986107,48.102530621,QIXnJ
A1610030,A161003001,2008-05-15,10153.0,2026-06-01T04:56:12Z,16,Donnée validée,10,Expertisée,20,Bonne,7.384986107,48.102530621,QIXnJ
A1610030,A161003001,2008-05-16,11485.0,2026-06-01T04:56:12Z,16,Donnée validée,10,Expertisée,20,Bonne,7.384986107,48.102530621,QIXnJ
A1610030,A161003001,2008-05-17,11485.0,2026-06-01T04:56:12Z,16,Donnée validée,10,Expertisée,20,Bonne,7.384986107,48.102530621,QIXnJ
A1610030,A161003001,2008-05-18,11929.0,2026-06-01T04:56:12Z,16,Donnée validée,10,Expertisée,20,Bonne,7.384986107,48.102530621,QIXnJ
A1610030,A161003001,2008-05-19,13262.0,2026-06-01T04:56:12Z,16,Donnée validée,10,Expertisée,20,Bonne,7.384986107,48.102530621,QIXnJ
A1610030,A161003001,2008-05-20,11618.0,2026-06-01T04:56:12Z,16,Donnée validée,10,Expertisée,20,Bonne,7.384986107,48.102530621,QIXnJ
A1610030,A161003001,2008-05-21,10367.0,2026-06-01T04:56:12Z,16,Donnée validée,10,Expertisée,20,Bonne,7.384986107,48.102530621,QIXnJ
A1610030,A161003001,2008-05-22,9913.0,2026-06-01T04:56:12Z,16,Donnée validée,10,Expertisée,20,Bonne,7.384986107,48.102530621,QIXnJ
A1610030,A161003001,2008-05-23,9670.0,2026-06-01T04:56:12Z,16,Donnée validée,10,Expertisée,20,Bonne,7.384986107,48.102530621,QIXnJ
A1610030,A161003001,2008-05-24,9124.0,2026-06-01T04:56:12Z,16,Donnée validée,10,Expertisée,20,Bonne,7.384986107,48.102530621,QIXnJ
A1610030,A161003001,2008-05-25,12585.0,2026-06-01T04:56:12Z,16,Donnée validée,10,Expertisée,20,Bonne,7.384986107,48.102530621,QIXnJ
A1610030,A161003001,2008-05-26,11966.0,2026-06-01T04:56:12Z,16,Donnée validée,10,Expertisée,20,Bonne,7.384986107,48.102530621,QIXnJ
A1610030,A161003001,2008-05-27,12546.0,2026-06-01T04:56:12Z,16,Donnée validée,10,Expertisée,20,Bonne,7.384986107,48.102530621,QIXnJ
A1610030,A161003001,2008-05-28,9172.0,2026-06-01T04:56:12Z,16,Donnée validée,10,Expertisée,20,Bonne,7.384986107,48.102530621,QIXnJ
A1610030,A161003001,2008-05-29,15590.0,2026-06-01T04:56:12Z,16,Donnée validée,10,Expertisée,20,Bonne,7.384986107,48.102530621,QIXnJ
A1610030,A161003001,2008-05-30,19402.0,2026-06-01T04:56:12Z,16,Donnée validée,10,Expertisée,20,Bonne,7.384986107,48.102530621,QIXnJ
A1610030,A161003001,2008-05-31,46230.0,2026-06-01T04:56:12Z,16,Donnée validée,10,Expertisée,20,Bonne,7.384986107,48.102530621,QIXnJ
A1610030,A161003001,2008-06-01,25665.0,2026-06-01T04:56:12Z,16,Donnée validée,10,Expertisée,20,Bonne,7.384986107,48.102530621,QIXnJ
A1610030,A161003001,2008-06-02,15390.0,2026-06-01T04:56:12Z,16,Donnée validée,10,Expertisée,20,Bonne,7.384986107,48.102530621,QIXnJ
A1610030,A161003001,2008-06-03,12529.0,2026-06-01T04:56:12Z,16,Donnée validée,10,Expertisée,20,Bonne,7.384986107,48.102530621,QIXnJ
A1610030,A161003001,2008-06-04,12488.0,2026-06-01T04:56:12Z,16,Donnée validée,10,Expertisée,20,Bonne,7.384986107,48.102530621,QIXnJ
A1610030,A161003001,2008-06-05,11605.0,2026-06-01T04:56:12Z,16,Donnée validée,10,Expertisée,20,Bonne,7.384986107,48.102530621,QIXnJ
A1610030,A161003001,2008-06-06,11707.0,2026-06-01T04:56:12Z,16,Donnée validée,10,Expertisée,20,Bonne,7.384986107,48.102530621,QIXnJ
A1610030,A161003001,2008-06-07,11707.0,2026-06-01T04:56:12Z,16,Donnée validée,10,Expertisée,20,Bonne,7.384986107,48.102530621,QIXnJ
A1610030,A161003001,2008-06-08,11127.0,2026-06-01T04:56:12Z,16,Donnée validée,10,Expertisée,20,Bonne,7.384986107,48.102530621,QIXnJ
A1610030,A161003001,2008-06-09,19835.0,2026-06-01T04:56:12Z,16,Donnée validée,10,Expertisée,20,Bonne,7.384986107,48.102530621,QIXnJ
A1610030,A161003001,2008-06-10,16282.0,2026-06-01T04:56:12Z,16,Donnée validée,10,Expertisée,20,Bonne,7.384986107,48.102530621,QIXnJ
A1610030,A161003001,2008-06-11,25876.0,2026-06-01T04:56:12Z,16,Donnée validée,10,Expertisée,20,Bonne,7.384986107,48.102530621,QIXnJ
A1610030,A161003001,2008-06-12,27564.0,2026-06-01T04:56:12Z,16,Donnée validée,10,Expertisée,20,Bonne,7.384986107,48.102530621,QIXnJ
A1610030,A161003001,2008-06-13,17417.0,2026-06-01T04:56:12Z,16,Donnée validée,10,Expertisée,20,Bonne,7.384986107,48.102530621,QIXnJ
A1610030,A161003001,2008-06-14,14768.0,2026-06-01T04:56:12Z,16,Donnée validée,10,Expertisée,20,Bonne,7.384986107,48.102530621,QIXnJ
A1610030,A161003001,2008-06-15,12308.0,2026-06-01T04:56:12Z,16,Donnée validée,10,Expertisée,20,Bonne,7.384986107,48.102530621,QIXnJ
A1610030,A161003001,2008-06-16,11427.0,2026-06-01T04:56:12Z,16,Donnée validée,10,Expertisée,20,Bonne,7.384986107,48.102530621,QIXnJ
A1610030,A161003001,2008-06-17,12544.0,2026-06-01T04:56:12Z,16,Donnée validée,10,Expertisée,20,Bonne,7.384986107,48.102530621,QIXnJ
A1610030,A161003001,2008-06-18,13403.0,2026-06-01T04:56:12Z,16,Donnée validée,10,Expertisée,20,Bonne,7.384986107,48.102530621,QIXnJ
A1610030,A161003001,2008-06-19,12953.0,2026-06-01T04:56:12Z,16,Donnée validée,10,Expertisée,20,Bonne,7.384986107,48.102530621,QIXnJ
A1610030,A161003001,2008-06-20,10865.0,2026-06-01T04:56:12Z,16,Donnée validée,10,Expertisée,20,Bonne,7.384986107,48.102530621,QIXnJ
A1610030,A161003001,2008-06-21,8777.0,2026-06-01T04:56:12Z,16,Donnée validée,10,Expertisée,20,Bonne,7.384986107,48.102530621,QIXnJ
A1610030,A161003001,2008-06-22,7931.0,2026-06-01T04:56:12Z,16,Donnée validée,10,Expertisée,20,Bonne,7.384986107,48.102530621,QIXnJ
A1610030,A161003001,2008-06-23,7864.0,2026-06-01T04:56:12Z,16,Donnée validée,10,Expertisée,20,Bonne,7.384986107,48.102530621,QIXnJ
A1610030,A161003001,2008-06-24,6909.0,2026-06-01T04:56:12Z,16,Donnée validée,10,Expertisée,20,Bonne,7.384986107,48.102530621,QIXnJ
A1610030,A161003001,2008-06-25,6399.0,2026-06-01T04:56:12Z,16,Donnée validée,10,Expertisée,20,Bonne,7.384986107,48.102530621,QIXnJ
A1610030,A161003001,2008-06-26,7099.0,2026-06-01T04:56:12Z,16,Donnée validée,10,Expertisée,20,Bonne,7.384986107,48.102530621,QIXnJ
A1610030,A161003001,2008-06-27,7637.0,2026-06-01T04:56:12Z,16,Donnée validée,10,Expertisée,20,Bonne,7.384986107,48.102530621,QIXnJ
A1610030,A161003001,2008-06-28,7426.0,2026-06-01T04:56:12Z,16,Donnée validée,10,Expertisée,20,Bonne,7.384986107,48.102530621,QIXnJ
A1610030,A161003001,2008-06-29,6459.0,2026-06-01T04:56:12Z,16,Donnée validée,10,Expertisée,20,Bonne,7.384986107,48.102530621,QIXnJ
A1610030,A161003001,2008-06-30,6655.0,2026-06-01T04:56:12Z,16,Donnée validée,10,Expertisée,20,Bonne,7.384986107,48.102530621,QIXnJ
A1610030,A161003001,2008-07-01,6351.0,2026-06-01T04:56:12Z,16,Donnée validée,10,Expertisée,20,Bonne,7.384986107,48.102530621,QIXnJ
A1610030,A161003001,2008-07-02,6590.0,2026-06-01T04:56:12Z,16,Donnée validée,10,Expertisée,20,Bonne,7.384986107,48.102530621,QIXnJ
A1610030,A161003001,2008-07-03,16912.0,2026-06-01T04:56:12Z,16,Donnée validée,10,Expertisée,20,Bonne,7.384986107,48.102530621,QIXnJ
A1610030,A161003001,2008-07-04,14214.0,2026-06-01T04:56:12Z,16,Donnée validée,10,Expertisée,20,Bonne,7.384986107,48.102530621,QIXnJ
A1610030,A161003001,2008-07-05,10477.0,2026-06-01T04:56:12Z,16,Donnée validée,10,Expertisée,20,Bonne,7.384986107,48.102530621,QIXnJ
A1610030,A161003001,2008-07-06,8440.0,2026-06-01T04:56:12Z,16,Donnée validée,10,Expertisée,20,Bonne,7.384986107,48.102530621,QIXnJ
A1610030,A161003001,2008-07-07,8889.0,2026-06-01T04:56:12Z,16,Donnée validée,10,Expertisée,20,Bonne,7.384986107,48.102530621,QIXnJ
A1610030,A161003001,2008-07-08,9338.0,2026-06-01T04:56:12Z,16,Donnée validée,10,Expertisée,20,Bonne,7.384986107,48.102530621,QIXnJ
A1610030,A161003001,2008-07-09,9873.0,2026-06-01T04:56:12Z,16,Donnée validée,10,Expertisée,20,Bonne,7.384986107,48.102530621,QIXnJ
A1610030,A161003001,2008-07-10,8911.0,2026-06-01T04:56:12Z,16,Donnée validée,10,Expertisée,20,Bonne,7.384986107,48.102530621,QIXnJ
A1610030,A161003001,2008-07-11,19988.0,2026-06-01T04:56:12Z,16,Donnée validée,10,Expertisée,20,Bonne,7.384986107,48.102530621,QIXnJ
A1610030,A161003001,2008-07-12,14851.0,2026-06-01T04:56:12Z,16,Donnée validée,10,Expertisée,20,Bonne,7.384986107,48.102530621,QIXnJ
A1610030,A161003001,2008-07-13,13146.0,2026-06-01T04:56:12Z,16,Donnée validée,10,Expertisée,20,Bonne,7.384986107,48.102530621,QIXnJ
A1610030,A161003001,2008-07-14,13127.0,2026-06-01T04:56:12Z,16,Donnée validée,10,Expertisée,20,Bonne,7.384986107,48.102530621,QIXnJ
A1610030,A161003001,2008-07-15,11952.0,2026-06-01T04:56:12Z,16,Donnée validée,10,Expertisée,20,Bonne,7.384986107,48.102530621,QIXnJ
A1610030,A161003001,2008-07-16,10310.0,2026-06-01T04:56:12Z,16,Donnée validée,10,Expertisée,20,Bonne,7.384986107,48.102530621,QIXnJ
A1610030,A161003001,2008-07-17,15379.0,2026-06-01T04:56:12Z,16,Donnée validée,10,Expertisée,20,Bonne,7.384986107,48.102530621,QIXnJ
A1610030,A161003001,2008-07-18,12563.0,2026-06-01T04:56:12Z,16,Donnée validée,10,Expertisée,20,Bonne,7.384986107,48.102530621,QIXnJ
A1610030,A161003001,2008-07-19,11638.0,2026-06-01T04:56:12Z,16,Donnée validée,10,Expertisée,20,Bonne,7.384986107,48.102530621,QIXnJ
A1610030,A161003001,2008-07-20,10424.0,2026-06-01T04:56:12Z,16,Donnée validée,10,Expertisée,20,Bonne,7.384986107,48.102530621,QIXnJ
A1610030,A161003001,2008-07-21,9787.0,2026-06-01T04:56:12Z,16,Donnée validée,10,Expertisée,20,Bonne,7.384986107,48.102530621,QIXnJ
A1610030,A161003001,2008-07-22,9690.0,2026-06-01T04:56:12Z,16,Donnée validée,10,Expertisée,20,Bonne,7.384986107,48.102530621,QIXnJ
A1610030,A161003001,2008-07-23,9242.0,2026-06-01T04:56:12Z,16,Donnée validée,10,Expertisée,20,Bonne,7.384986107,48.102530621,QIXnJ
A1610030,A161003001,2008-07-24,8673.0,2026-06-01T04:56:12Z,16,Donnée validée,10,Expertisée,20,Bonne,7.384986107,48.102530621,QIXnJ
A1610030,A161003001,2008-07-25,7969.0,2026-06-01T04:56:12Z,16,Donnée validée,10,Expertisée,20,Bonne,7.384986107,48.102530621,QIXnJ
A1610030,A161003001,2008-07-26,7845.0,2026-06-01T04:56:12Z,16,Donnée validée,10,Expertisée,20,Bonne,7.384986107,48.102530621,QIXnJ
A1610030,A161003001,2008-07-27,14250.0,2026-06-01T04:56:12Z,16,Donnée validée,10,Expertisée,20,Bonne,7.384986107,48.102530621,QIXnJ
A1610030,A161003001,2008-07-28,9042.0,2026-06-01T04:56:12Z,16,Donnée validée,10,Expertisée,20,Bonne,7.384986107,48.102530621,QIXnJ
A1610030,A161003001,2008-07-29,11089.0,2026-06-01T04:56:12Z,16,Donnée validée,10,Expertisée,20,Bonne,7.384986107,48.102530621,QIXnJ
A1610030,A161003001,2008-07-30,8027.0,2026-06-01T04:56:12Z,16,Donnée validée,10,Expertisée,20,Bonne,7.384986107,48.102530621,QIXnJ
A1610030,A161003001,2008-07-31,10487.0,2026-06-01T04:56:12Z,16,Donnée validée,10,Expertisée,20,Bonne,7.384986107,48.102530621,QIXnJ
A1610030,A161003001,2008-08-01,9086.0,2026-06-01T04:56:12Z,16,Donnée validée,10,Expertisée,20,Bonne,7.384986107,48.102530621,QIXnJ
A1610030,A161003001,2008-08-02,8393.0,2026-06-01T04:56:12Z,16,Donnée validée,10,Expertisée,20,Bonne,7.384986107,48.102530621,QIXnJ
A1610030,A161003001,2008-08-03,8189.0,2026-06-01T04:56:12Z,16,Donnée validée,10,Expertisée,20,Bonne,7.384986107,48.102530621,QIXnJ
A1610030,A161003001,2008-08-04,7821.0,2026-06-01T04:56:12Z,16,Donnée validée,10,Expertisée,20,Bonne,7.384986107,48.102530621,QIXnJ
A1610030,A161003001,2008-08-05,7787.0,2026-06-01T04:56:12Z,16,Donnée validée,10,Expertisée,20,Bonne,7.384986107,48.102530621,QIXnJ
A1610030,A161003001,2008-08-06,8550.0,2026-06-01T04:56:12Z,16,Donnée validée,10,Expertisée,20,Bonne,7.384986107,48.102530621,QIXnJ
A1610030,A161003001,2008-08-07,8030.0,2026-06-01T04:56:12Z,16,Donnée validée,10,Expertisée,20,Bonne,7.384986107,48.102530621,QIXnJ
A1610030,A161003001,2008-08-08,10775.0,2026-06-01T04:56:12Z,16,Donnée validée,10,Expertisée,20,Bonne,7.384986107,48.102530621,QIXnJ
A1610030,A161003001,2008-08-09,11758.0,2026-06-01T04:56:12Z,16,Donnée validée,10,Expertisée,20,Bonne,7.384986107,48.102530621,QIXnJ
A1610030,A161003001,2008-08-10,10610.0,2026-06-01T04:56:12Z,16,Donnée validée,10,Expertisée,20,Bonne,7.384986107,48.102530621,QIXnJ
A1610030,A161003001,2008-08-11,9054.0,2026-06-01T04:56:12Z,16,Donnée validée,10,Expertisée,20,Bonne,7.384986107,48.102530621,QIXnJ
A1610030,A161003001,2008-08-12,53823.0,2026-06-01T04:56:12Z,16,Donnée validée,10,Expertisée,20,Bonne,7.384986107,48.102530621,QIXnJ
A1610030,A161003001,2008-08-13,53974.0,2026-06-01T04:56:12Z,16,Donnée validée,10,Expertisée,20,Bonne,7.384986107,48.102530621,QIXnJ
A1610030,A161003001,2008-08-14,30378.0,2026-06-01T04:56:12Z,16,Donnée validée,10,Expertisée,20,Bonne,7.384986107,48.102530621,QIXnJ
A1610030,A161003001,2008-08-15,22055.0,2026-06-01T04:56:12Z,16,Donnée validée,10,Expertisée,20,Bonne,7.384986107,48.102530621,QIXnJ
A1610030,A161003001,2008-08-16,21253.0,2026-06-01T04:56:12Z,16,Donnée validée,10,Expertisée,20,Bonne,7.384986107,48.102530621,QIXnJ
A1610030,A161003001,2008-08-17,16447.0,2026-06-01T04:56:12Z,16,Donnée validée,10,Expertisée,20,Bonne,7.384986107,48.102530621,QIXnJ
A1610030,A161003001,2008-08-18,13977.0,2026-06-01T04:56:12Z,16,Donnée validée,10,Expertisée,20,Bonne,7.384986107,48.102530621,QIXnJ
A1610030,A161003001,2008-08-19,12455.0,2026-06-01T04:56:12Z,16,Donnée validée,10,Expertisée,20,Bonne,7.384986107,48.102530621,QIXnJ
A1610030,A161003001,2008-08-20,14534.0,2026-06-01T04:56:12Z,16,Donnée validée,10,Expertisée,20,Bonne,7.384986107,48.102530621,QIXnJ
A1610030,A161003001,2008-08-21,12443.0,2026-06-01T04:56:12Z,16,Donnée validée,10,Expertisée,20,Bonne,7.384986107,48.102530621,QIXnJ
A1610030,A161003001,2008-08-22,11071.0,2026-06-01T04:56:12Z,16,Donnée validée,10,Expertisée,20,Bonne,7.384986107,48.102530621,QIXnJ
A1610030,A161003001,2008-08-23,11592.0,2026-06-01T04:56:12Z,16,Donnée validée,10,Expertisée,20,Bonne,7.384986107,48.102530621,QIXnJ
A1610030,A161003001,2008-08-24,11424.0,2026-06-01T04:56:12Z,16,Donnée validée,10,Expertisée,20,Bonne,7.384986107,48.102530621,QIXnJ
A1610030,A161003001,2008-08-25,10444.0,2026-06-01T04:56:12Z,16,Donnée validée,10,Expertisée,20,Bonne,7.384986107,48.102530621,QIXnJ
A1610030,A161003001,2008-08-26,10106.0,2026-06-01T04:56:12Z,16,Donnée validée,10,Expertisée,20,Bonne,7.384986107,48.102530621,QIXnJ
A1610030,A161003001,2008-08-27,9326.0,2026-06-01T04:56:12Z,16,Donnée validée,10,Expertisée,20,Bonne,7.384986107,48.102530621,QIXnJ
A1610030,A161003001,2008-08-28,8673.0,2026-06-01T04:56:12Z,16,Donnée validée,10,Expertisée,20,Bonne,7.384986107,48.102530621,QIXnJ
A1610030,A161003001,2008-08-29,8736.0,2026-06-01T04:56:12Z,16,Donnée validée,10,Expertisée,20,Bonne,7.384986107,48.102530621,QIXnJ
A1610030,A161003001,2008-08-30,8580.0,2026-06-01T04:56:12Z,16,Donnée validée,10,Expertisée,20,Bonne,7.384986107,48.102530621,QIXnJ
A1610030,A161003001,2008-08-31,9541.0,2026-06-01T04:56:12Z,16,Donnée validée,10,Expertisée,20,Bonne,7.384986107,48.102530621,QIXnJ
A1610030,A161003001,2008-09-01,16100.0,2026-06-01T04:56:12Z,16,Donnée validée,10,Expertisée,20,Bonne,7.384986107,48.102530621,QIXnJ
A1610030,A161003001,2008-09-02,9692.0,2026-06-01T04:56:12Z,16,Donnée validée,10,Expertisée,20,Bonne,7.384986107,48.102530621,QIXnJ
A1610030,A161003001,2008-09-03,14693.0,2026-06-01T04:56:12Z,16,Donnée validée,10,Expertisée,20,Bonne,7.384986107,48.102530621,QIXnJ
A1610030,A161003001,2008-09-04,21979.0,2026-06-01T04:56:12Z,16,Donnée validée,10,Expertisée,20,Bonne,7.384986107,48.102530621,QIXnJ
A1610030,A161003001,2008-09-05,19453.0,2026-06-01T04:56:12Z,16,Donnée validée,10,Expertisée,20,Bonne,7.384986107,48.102530621,QIXnJ
A1610030,A161003001,2008-09-06,15223.0,2026-06-01T04:56:12Z,16,Donnée validée,10,Expertisée,20,Bonne,7.384986107,48.102530621,QIXnJ
A1610030,A161003001,2008-09-07,12759.0,2026-06-01T04:56:12Z,16,Donnée validée,10,Expertisée,20,Bonne,7.384986107,48.102530621,QIXnJ
A1610030,A161003001,2008-09-08,12589.0,2026-06-01T04:56:12Z,16,Donnée validée,10,Expertisée,20,Bonne,7.384986107,48.102530621,QIXnJ
A1610030,A161003001,2008-09-09,11190.0,2026-06-01T04:56:12Z,16,Donnée validée,10,Expertisée,20,Bonne,7.384986107,48.102530621,QIXnJ
A1610030,A161003001,2008-09-10,10487.0,2026-06-01T04:56:12Z,16,Donnée validée,10,Expertisée,20,Bonne,7.384986107,48.102530621,QIXnJ
A1610030,A161003001,2008-09-11,9821.0,2026-06-01T04:56:12Z,16,Donnée validée,10,Expertisée,20,Bonne,7.384986107,48.102530621,QIXnJ
A1610030,A161003001,2008-09-12,12569.0,2026-06-01T04:56:12Z,16,Donnée validée,10,Expertisée,20,Bonne,7.384986107,48.102530621,QIXnJ
A1610030,A161003001,2008-09-13,28496.0,2026-06-01T04:56:12Z,16,Donnée validée,10,Expertisée,20,Bonne,7.384986107,48.102530621,QIXnJ
A1610030,A161003001,2008-09-14,70991.0,2026-06-01T04:56:12Z,16,Donnée validée,10,Expertisée,20,Bonne,7.384986107,48.102530621,QIXnJ
A1610030,A161003001,2008-09-15,71345.0,2026-06-01T04:56:12Z,16,Donnée validée,10,Expertisée,20,Bonne,7.384986107,48.102530621,QIXnJ
A1610030,A161003001,2008-09-16,32983.0,2026-06-01T04:56:12Z,16,Donnée validée,10,Expertisée,20,Bonne,7.384986107,48.102530621,QIXnJ
A1610030,A161003001,2008-09-17,23313.0,2026-06-01T04:56:12Z,16,Donnée validée,10,Expertisée,20,Bonne,7.384986107,48.102530621,QIXnJ
A1610030,A161003001,2008-09-18,19663.0,2026-06-01T04:56:12Z,16,Donnée validée,10,Expertisée,20,Bonne,7.384986107,48.102530621,QIXnJ
A1610030,A161003001,2008-09-19,16860.0,2026-06-01T04:56:12Z,16,Donnée validée,10,Expertisée,20,Bonne,7.384986107,48.102530621,QIXnJ
A1610030,A161003001,2008-09-20,15630.0,2026-06-01T04:56:12Z,16,Donnée validée,10,Expertisée,20,Bonne,7.384986107,48.102530621,QIXnJ
A1610030,A161003001,2008-09-21,14155.0,2026-06-01T04:56:12Z,16,Donnée validée,10,Expertisée,20,Bonne,7.384986107,48.102530621,QIXnJ
A1610030,A161003001,2008-09-22,13063.0,2026-06-01T04:56:12Z,16,Donnée validée,10,Expertisée,20,Bonne,7.384986107,48.102530621,QIXnJ
A1610030,A161003001,2008-09-23,11842.0,2026-06-01T04:56:12Z,16,Donnée validée,10,Expertisée,20,Bonne,7.384986107,48.102530621,QIXnJ
A1610030,A161003001,2008-09-24,11742.0,2026-06-01T04:56:12Z,16,Donnée validée,10,Expertisée,20,Bonne,7.384986107,48.102530621,QIXnJ
A1610030,A161003001,2008-09-25,11011.0,2026-06-01T04:56:12Z,16,Donnée validée,10,Expertisée,20,Bonne,7.384986107,48.102530621,QIXnJ
A1610030,A161003001,2008-09-26,10490.0,2026-06-01T04:56:12Z,16,Donnée validée,10,Expertisée,20,Bonne,7.384986107,48.102530621,QIXnJ
A1610030,A161003001,2008-09-27,9969.0,2026-06-01T04:56:12Z,16,Donnée validée,10,Expertisée,20,Bonne,7.384986107,48.102530621,QIXnJ
A1610030,A161003001,2008-09-28,9387.0,2026-06-01T04:56:12Z,16,Donnée validée,10,Expertisée,20,Bonne,7.384986107,48.102530621,QIXnJ
A1610030,A161003001,2008-09-29,9125.0,2026-06-01T04:56:12Z,16,Donnée validée,10,Expertisée,20,Bonne,7.384986107,48.102530621,QIXnJ
A1610030,A161003001,2008-09-30,9111.0,2026-06-01T04:56:12Z,16,Donnée validée,10,Expertisée,20,Bonne,7.384986107,48.102530621,QIXnJ
A1610030,A161003001,2008-10-01,10389.0,2026-06-01T04:56:12Z,16,Donnée validée,10,Expertisée,20,Bonne,7.384986107,48.102530621,QIXnJ
A1610030,A161003001,2008-10-02,12129.0,2026-06-01T04:56:12Z,16,Donnée validée,10,Expertisée,20,Bonne,7.384986107,48.102530621,QIXnJ
A1610030,A161003001,2008-10-03,12569.0,2026-06-01T04:56:12Z,16,Donnée validée,10,Expertisée,20,Bonne,7.384986107,48.102530621,QIXnJ
A1610030,A161003001,2008-10-04,14018.0,2026-06-01T04:56:12Z,16,Donnée validée,10,Expertisée,20,Bonne,7.384986107,48.102530621,QIXnJ
A1610030,A161003001,2008-10-05,13879.0,2026-06-01T04:56:12Z,16,Donnée validée,10,Expertisée,20,Bonne,7.384986107,48.102530621,QIXnJ
A1610030,A161003001,2008-10-06,13252.0,2026-06-01T04:56:12Z,16,Donnée validée,10,Expertisée,20,Bonne,7.384986107,48.102530621,QIXnJ
A1610030,A161003001,2008-10-07,14285.0,2026-06-01T04:56:12Z,16,Donnée validée,10,Expertisée,20,Bonne,7.384986107,48.102530621,QIXnJ
A1610030,A161003001,2008-10-08,14245.0,2026-06-01T04:56:12Z,16,Donnée validée,10,Expertisée,20,Bonne,7.384986107,48.102530621,QIXnJ
A1610030,A161003001,2008-10-09,17615.0,2026-06-01T04:56:12Z,16,Donnée validée,10,Expertisée,20,Bonne,7.384986107,48.102530621,QIXnJ
A1610030,A161003001,2008-10-10,15963.0,2026-06-01T04:56:12Z,16,Donnée validée,10,Expertisée,20,Bonne,7.384986107,48.102530621,QIXnJ
A1610030,A161003001,2008-10-11,12489.0,2026-06-01T04:56:12Z,16,Donnée validée,10,Expertisée,20,Bonne,7.384986107,48.102530621,QIXnJ
A1610030,A161003001,2008-10-12,11415.0,2026-06-01T04:56:12Z,16,Donnée validée,10,Expertisée,20,Bonne,7.384986107,48.102530621,QIXnJ
A1610030,A161003001,2008-10-13,10340.0,2026-06-01T04:56:12Z,16,Donnée validée,10,Expertisée,20,Bonne,7.384986107,48.102530621,QIXnJ
A1610030,A161003001,2008-10-14,9500.0,2026-06-01T04:56:12Z,16,Donnée validée,10,Expertisée,20,Bonne,7.384986107,48.102530621,QIXnJ
A1610030,A161003001,2008-10-15,9008.0,2026-06-01T04:56:12Z,16,Donnée validée,10,Expertisée,20,Bonne,7.384986107,48.102530621,QIXnJ
A1610030,A161003001,2008-10-16,10465.0,2026-06-01T04:56:12Z,16,Donnée validée,10,Expertisée,20,Bonne,7.384986107,48.102530621,QIXnJ
A1610030,A161003001,2008-10-17,12657.0,2026-06-01T04:56:12Z,16,Donnée validée,10,Expertisée,20,Bonne,7.384986107,48.102530621,QIXnJ
A1610030,A161003001,2008-10-18,12225.0,2026-06-01T04:56:12Z,16,Donnée validée,10,Expertisée,20,Bonne,7.384986107,48.102530621,QIXnJ
A1610030,A161003001,2008-10-19,11349.0,2026-06-01T04:56:12Z,16,Donnée validée,10,Expertisée,20,Bonne,7.384986107,48.102530621,QIXnJ
A1610030,A161003001,2008-10-20,10472.0,2026-06-01T04:56:12Z,16,Donnée validée,10,Expertisée,20,Bonne,7.384986107,48.102530621,QIXnJ
A1610030,A161003001,2008-10-21,11770.0,2026-06-01T04:56:12Z,16,Donnée validée,10,Expertisée,20,Bonne,7.384986107,48.102530621,QIXnJ
A1610030,A161003001,2008-10-22,23986.0,2026-06-01T04:56:12Z,16,Donnée validée,10,Expertisée,20,Bonne,7.384986107,48.102530621,QIXnJ
A1610030,A161003001,2008-10-23,32526.0,2026-06-01T04:56:12Z,16,Donnée validée,10,Expertisée,20,Bonne,7.384986107,48.102530621,QIXnJ
A1610030,A161003001,2008-10-24,28576.0,2026-06-01T04:56:12Z,16,Donnée validée,10,Expertisée,20,Bonne,7.384986107,48.102530621,QIXnJ
A1610030,A161003001,2008-10-25,20572.0,2026-06-01T04:56:12Z,16,Donnée validée,10,Expertisée,20,Bonne,7.384986107,48.102530621,QIXnJ
A1610030,A161003001,2008-10-26,17875.0,2026-06-01T04:56:12Z,16,Donnée validée,10,Expertisée,20,Bonne,7.384986107,48.102530621,QIXnJ
A1610030,A161003001,2008-10-27,15928.0,2026-06-01T04:56:12Z,16,Donnée validée,10,Expertisée,20,Bonne,7.384986107,48.102530621,QIXnJ
A1610030,A161003001,2008-10-28,18844.0,2026-06-01T04:56:12Z,16,Donnée validée,10,Expertisée,20,Bonne,7.384986107,48.102530621,QIXnJ
A1610030,A161003001,2008-10-29,39870.0,2026-06-01T04:56:12Z,16,Donnée validée,10,Expertisée,20,Bonne,7.384986107,48.102530621,QIXnJ
A1610030,A161003001,2008-10-30,65296.0,2026-06-01T04:56:12Z,16,Donnée validée,10,Expertisée,20,Bonne,7.384986107,48.102530621,QIXnJ
A1610030,A161003001,2008-10-31,64105.0,2026-06-01T04:56:12Z,16,Donnée validée,10,Expertisée,20,Bonne,7.384986107,48.102530621,QIXnJ
A1610030,A161003001,2008-11-01,60165.0,2026-06-01T04:56:12Z,16,Donnée validée,4,Reconstituée,20,Bonne,7.384986107,48.102530621,QIXnJ
A1610030,A161003001,2008-11-02,49185.0,2026-06-01T04:56:12Z,16,Donnée validée,8,Calculée,20,Bonne,7.384986107,48.102530621,QIXnJ
A1610030,A161003001,2008-11-03,36878.0,2026-06-01T04:56:12Z,16,Donnée validée,8,Calculée,20,Bonne,7.384986107,48.102530621,QIXnJ
A1610030,A161003001,2008-11-04,28284.0,2026-06-01T04:56:12Z,16,Donnée validée,10,Expertisée,20,Bonne,7.384986107,48.102530621,QIXnJ
A1610030,A161003001,2008-11-05,24589.0,2026-06-01T04:56:12Z,16,Donnée validée,10,Expertisée,20,Bonne,7.384986107,48.102530621,QIXnJ
A1610030,A161003001,2008-11-06,22037.0,2026-06-01T04:56:12Z,16,Donnée validée,10,Expertisée,20,Bonne,7.384986107,48.102530621,QIXnJ
A1610030,A161003001,2008-11-07,20030.0,2026-06-01T04:56:12Z,16,Donnée validée,10,Expertisée,20,Bonne,7.384986107,48.102530621,QIXnJ
A1610030,A161003001,2008-11-08,17930.0,2026-06-01T04:56:12Z,16,Donnée validée,10,Expertisée,20,Bonne,7.384986107,48.102530621,QIXnJ
A1610030,A161003001,2008-11-09,16675.0,2026-06-01T04:56:12Z,16,Donnée validée,10,Expertisée,20,Bonne,7.384986107,48.102530621,QIXnJ
A1610030,A161003001,2008-11-10,16975.0,2026-06-01T04:56:12Z,16,Donnée validée,10,Expertisée,20,Bonne,7.384986107,48.102530621,QIXnJ
A1610030,A161003001,2008-11-11,16414.0,2026-06-01T04:56:12Z,16,Donnée validée,10,Expertisée,20,Bonne,7.384986107,48.102530621,QIXnJ
A1610030,A161003001,2008-11-12,16158.0,2026-06-01T04:56:12Z,16,Donnée validée,10,Expertisée,20,Bonne,7.384986107,48.102530621,QIXnJ
A1610030,A161003001,2008-11-13,16093.0,2026-06-01T04:56:12Z,16,Donnée validée,10,Expertisée,20,Bonne,7.384986107,48.102530621,QIXnJ
A1610030,A161003001,2008-11-14,14920.0,2026-06-01T04:56:12Z,16,Donnée validée,10,Expertisée,20,Bonne,7.384986107,48.102530621,QIXnJ
A1610030,A161003001,2008-11-15,14593.0,2026-06-01T04:56:12Z,16,Donnée validée,10,Expertisée,20,Bonne,7.384986107,48.102530621,QIXnJ
A1610030,A161003001,2008-11-16,14015.0,2026-06-01T04:56:12Z,16,Donnée validée,10,Expertisée,20,Bonne,7.384986107,48.102530621,QIXnJ
A1610030,A161003001,2008-11-17,13390.0,2026-06-01T04:56:12Z,16,Donnée validée,10,Expertisée,20,Bonne,7.384986107,48.102530621,QIXnJ
A1610030,A161003001,2008-11-18,12635.0,2026-06-01T04:56:12Z,16,Donnée validée,8,Calculée,20,Bonne,7.384986107,48.102530621,QIXnJ
A1610030,A161003001,2008-11-19,12125.0,2026-06-01T04:56:12Z,16,Donnée validée,8,Calculée,20,Bonne,7.384986107,48.102530621,QIXnJ
A1610030,A161003001,2008-11-20,11615.0,2026-06-01T04:56:12Z,16,Donnée validée,8,Calculée,20,Bonne,7.384986107,48.102530621,QIXnJ
A1610030,A161003001,2008-11-21,16345.0,2026-06-01T04:56:12Z,16,Donnée validée,4,Reconstituée,20,Bonne,7.384986107,48.102530621,QIXnJ
A1610030,A161003001,2008-11-22,22882.0,2026-06-01T04:56:12Z,16,Donnée validée,4,Reconstituée,20,Bonne,7.384986107,48.102530621,QIXnJ
A1610030,A161003001,2008-11-23,21848.0,2026-06-01T04:56:12Z,16,Donnée validée,4,Reconstituée,20,Bonne,7.384986107,48.102530621,QIXnJ
A1610030,A161003001,2008-11-24,22799.0,2026-06-01T04:56:12Z,16,Donnée validée,8,Calculée,20,Bonne,7.384986107,48.102530621,QIXnJ
A1610030,A161003001,2008-11-25,30950.0,2026-06-01T04:56:12Z,16,Donnée validée,4,Reconstituée,20,Bonne,7.384986107,48.102530621,QIXnJ
A1610030,A161003001,2008-11-26,25032.0,2026-06-01T04:56:12Z,16,Donnée validée,8,Calculée,20,Bonne,7.384986107,48.102530621,QIXnJ
A1610030,A161003001,2008-11-27,20805.0,2026-06-01T04:56:12Z,16,Donnée validée,10,Expertisée,20,Bonne,7.384986107,48.102530621,QIXnJ
A1610030,A161003001,2008-11-28,19079.0,2026-06-01T04:56:12Z,16,Donnée validée,10,Expertisée,20,Bonne,7.384986107,48.102530621,QIXnJ
A1610030,A161003001,2008-11-29,18374.0,2026-06-01T04:56:12Z,16,Donnée validée,10,Expertisée,20,Bonne,7.384986107,48.102530621,QIXnJ
A1610030,A161003001,2008-11-30,17526.0,2026-06-01T04:56:12Z,16,Donnée validée,10,Expertisée,20,Bonne,7.384986107,48.102530621,QIXnJ
A1610030,A161003001,2008-12-01,17023.0,2026-06-01T04:56:12Z,16,Donnée validée,10,Expertisée,20,Bonne,7.384986107,48.102530621,QIXnJ
A1610030,A161003001,2008-12-02,16383.0,2026-06-01T04:56:12Z,16,Donnée validée,10,Expertisée,20,Bonne,7.384986107,48.102530621,QIXnJ
A1610030,A161003001,2008-12-03,16724.0,2026-06-01T04:56:12Z,16,Donnée validée,10,Expertisée,20,Bonne,7.384986107,48.102530621,QIXnJ
A1610030,A161003001,2008-12-04,22927.0,2026-06-01T04:56:12Z,16,Donnée validée,10,Expertisée,20,Bonne,7.384986107,48.102530621,QIXnJ
A1610030,A161003001,2008-12-05,77243.0,2026-06-01T04:56:12Z,16,Donnée validée,10,Expertisée,20,Bonne,7.384986107,48.102530621,QIXnJ
A1610030,A161003001,2008-12-06,97620.0,2026-06-01T04:56:12Z,16,Donnée validée,10,Expertisée,20,Bonne,7.384986107,48.102530621,QIXnJ
A1610030,A161003001,2008-12-07,96571.0,2026-06-01T04:56:12Z,16,Donnée validée,10,Expertisée,20,Bonne,7.384986107,48.102530621,QIXnJ
A1610030,A161003001,2008-12-08,62515.0,2026-06-01T04:56:12Z,16,Donnée validée,10,Expertisée,20,Bonne,7.384986107,48.102530621,QIXnJ
A1610030,A161003001,2008-12-09,43500.0,2026-06-01T04:56:12Z,16,Donnée validée,10,Expertisée,20,Bonne,7.384986107,48.102530621,QIXnJ
A1610030,A161003001,2008-12-10,35934.0,2026-06-01T04:56:12Z,16,Donnée validée,10,Expertisée,20,Bonne,7.384986107,48.102530621,QIXnJ
A1610030,A161003001,2008-12-11,35388.0,2026-06-01T04:56:12Z,16,Donnée validée,10,Expertisée,20,Bonne,7.384986107,48.102530621,QIXnJ
A1610030,A161003001,2008-12-12,34714.0,2026-06-01T04:56:12Z,16,Donnée validée,10,Expertisée,20,Bonne,7.384986107,48.102530621,QIXnJ
A1610030,A161003001,2008-12-13,31058.0,2026-06-01T04:56:12Z,16,Donnée validée,10,Expertisée,20,Bonne,7.384986107,48.102530621,QIXnJ
A1610030,A161003001,2008-12-14,29187.0,2026-06-01T04:56:12Z,16,Donnée validée,10,Expertisée,20,Bonne,7.384986107,48.102530621,QIXnJ
A1610030,A161003001,2008-12-15,27092.0,2026-06-01T04:56:12Z,16,Donnée validée,10,Expertisée,20,Bonne,7.384986107,48.102530621,QIXnJ
A1610030,A161003001,2008-12-16,24491.0,2026-06-01T04:56:12Z,16,Donnée validée,10,Expertisée,20,Bonne,7.384986107,48.102530621,QIXnJ
A1610030,A161003001,2008-12-17,24184.0,2026-06-01T04:56:12Z,16,Donnée validée,10,Expertisée,20,Bonne,7.384986107,48.102530621,QIXnJ
A1610030,A161003001,2008-12-18,23672.0,2026-06-01T04:56:12Z,16,Donnée validée,10,Expertisée,20,Bonne,7.384986107,48.102530621,QIXnJ
A1610030,A161003001,2008-12-19,22175.0,2026-06-01T04:56:12Z,16,Donnée validée,10,Expertisée,20,Bonne,7.384986107,48.102530621,QIXnJ
A1610030,A161003001,2008-12-20,30070.0,2026-06-01T04:56:12Z,16,Donnée validée,10,Expertisée,20,Bonne,7.384986107,48.102530621,QIXnJ
A1610030,A161003001,2008-12-21,36571.0,2026-06-01T04:56:12Z,16,Donnée validée,10,Expertisée,20,Bonne,7.384986107,48.102530621,QIXnJ
A1610030,A161003001,2008-12-22,35103.0,2026-06-01T04:56:12Z,16,Donnée validée,10,Expertisée,20,Bonne,7.384986107,48.102530621,QIXnJ
A1610030,A161003001,2008-12-23,29361.0,2026-06-01T04:56:12Z,16,Donnée validée,10,Expertisée,20,Bonne,7.384986107,48.102530621,QIXnJ
A1610030,A161003001,2008-12-24,26306.0,2026-06-01T04:56:12Z,16,Donnée validée,10,Expertisée,20,Bonne,7.384986107,48.102530621,QIXnJ
A1610030,A161003001,2008-12-25,24291.0,2026-06-01T04:56:12Z,16,Donnée validée,10,Expertisée,20,Bonne,7.384986107,48.102530621,QIXnJ
A1610030,A161003001,2008-12-26,22681.0,2026-06-01T04:56:12Z,16,Donnée validée,10,Expertisée,20,Bonne,7.384986107,48.102530621,QIXnJ
A1610030,A161003001,2008-12-27,21189.0,2026-06-01T04:56:12Z,16,Donnée validée,10,Expertisée,20,Bonne,7.384986107,48.102530621,QIXnJ
A1610030,A161003001,2008-12-28,19857.0,2026-06-01T04:56:12Z,16,Donnée validée,10,Expertisée,20,Bonne,7.384986107,48.102530621,QIXnJ
A1610030,A161003001,2008-12-29,18525.0,2026-06-01T04:56:12Z,16,Donnée validée,10,Expertisée,20,Bonne,7.384986107,48.102530621,QIXnJ
A1610030,A161003001,2008-12-30,17657.0,2026-06-01T04:56:12Z,16,Donnée validée,10,Expertisée,20,Bonne,7.384986107,48.102530621,QIXnJ
A1610030,A161003001,2008-12-31,23175.0,2026-06-01T04:56:12Z,16,Donnée validée,10,Expertisée,20,Bonne,7.384986107,48.102530621,QIXnJ
A1610030,A161003001,2009-01-01,33099.0,2026-06-01T04:56:12Z,16,Donnée validée,10,Expertisée,20,Bonne,7.384986107,48.102530621,QIXnJ
A1610030,A161003001,2009-01-02,26967.0,2026-06-01T04:56:12Z,16,Donnée validée,10,Expertisée,20,Bonne,7.384986107,48.102530621,QIXnJ
A1610030,A161003001,2009-01-03,22708.0,2026-06-01T04:56:12Z,16,Donnée validée,10,Expertisée,20,Bonne,7.384986107,48.102530621,QIXnJ
A1610030,A161003001,2009-01-04,19840.0,2026-06-01T04:56:12Z,16,Donnée validée,10,Expertisée,20,Bonne,7.384986107,48.102530621,QIXnJ
A1610030,A161003001,2009-01-05,18372.0,2026-06-01T04:56:12Z,16,Donnée validée,10,Expertisée,20,Bonne,7.384986107,48.102530621,QIXnJ
A1610030,A161003001,2009-01-06,17436.0,2026-06-01T04:56:12Z,16,Donnée validée,10,Expertisée,20,Bonne,7.384986107,48.102530621,QIXnJ
A1610030,A161003001,2009-01-07,16521.0,2026-06-01T04:56:12Z,16,Donnée validée,10,Expertisée,20,Bonne,7.384986107,48.102530621,QIXnJ
A1610030,A161003001,2009-01-08,15156.0,2026-06-01T04:56:12Z,16,Donnée validée,10,Expertisée,20,Bonne,7.384986107,48.102530621,QIXnJ
A1610030,A161003001,2009-01-09,13105.0,2026-06-01T04:56:12Z,16,Donnée validée,10,Expertisée,20,Bonne,7.384986107,48.102530621,QIXnJ
A1610030,A161003001,2009-01-10,12329.0,2026-06-01T04:56:12Z,16,Donnée validée,10,Expertisée,20,Bonne,7.384986107,48.102530621,QIXnJ
A1610030,A161003001,2009-01-11,11924.0,2026-06-01T04:56:12Z,16,Donnée validée,10,Expertisée,20,Bonne,7.384986107,48.102530621,QIXnJ
A1610030,A161003001,2009-01-12,11594.0,2026-06-01T04:56:12Z,16,Donnée validée,10,Expertisée,20,Bonne,7.384986107,48.102530621,QIXnJ
A1610030,A161003001,2009-01-13,11931.0,2026-06-01T04:56:12Z,16,Donnée validée,10,Expertisée,20,Bonne,7.384986107,48.102530621,QIXnJ
A1610030,A161003001,2009-01-14,12987.0,2026-06-01T04:56:12Z,16,Donnée validée,10,Expertisée,20,Bonne,7.384986107,48.102530621,QIXnJ
A1610030,A161003001,2009-01-15,12954.0,2026-06-01T04:56:12Z,16,Donnée validée,10,Expertisée,20,Bonne,7.384986107,48.102530621,QIXnJ
A1610030,A161003001,2009-01-16,12710.0,2026-06-01T04:56:12Z,16,Donnée validée,10,Expertisée,20,Bonne,7.384986107,48.102530621,QIXnJ
A1610030,A161003001,2009-01-17,12488.0,2026-06-01T04:56:12Z,16,Donnée validée,10,Expertisée,20,Bonne,7.384986107,48.102530621,QIXnJ
A1610030,A161003001,2009-01-18,18458.0,2026-06-01T04:56:12Z,16,Donnée validée,10,Expertisée,20,Bonne,7.384986107,48.102530621,QIXnJ
A1610030,A161003001,2009-01-19,26713.0,2026-06-01T04:56:12Z,16,Donnée validée,10,Expertisée,20,Bonne,7.384986107,48.102530621,QIXnJ
A1610030,A161003001,2009-01-20,32531.0,2026-06-01T04:56:12Z,16,Donnée validée,10,Expertisée,20,Bonne,7.384986107,48.102530621,QIXnJ
A1610030,A161003001,2009-01-21,30567.0,2026-06-01T04:56:12Z,16,Donnée validée,10,Expertisée,20,Bonne,7.384986107,48.102530621,QIXnJ
A1610030,A161003001,2009-01-22,23889.0,2026-06-01T04:56:12Z,16,Donnée validée,10,Expertisée,20,Bonne,7.384986107,48.102530621,QIXnJ
A1610030,A161003001,2009-01-23,59884.0,2026-06-01T04:56:12Z,16,Donnée validée,10,Expertisée,20,Bonne,7.384986107,48.102530621,QIXnJ
A1610030,A161003001,2009-01-24,77438.0,2026-06-01T04:56:12Z,16,Donnée validée,10,Expertisée,20,Bonne,7.384986107,48.102530621,QIXnJ
A1610030,A161003001,2009-01-25,56848.0,2026-06-01T04:56:12Z,16,Donnée validée,10,Expertisée,20,Bonne,7.384986107,48.102530621,QIXnJ
A1610030,A161003001,2009-01-26,38603.0,2026-06-01T04:56:12Z,16,Donnée validée,10,Expertisée,20,Bonne,7.384986107,48.102530621,QIXnJ
A1610030,A161003001,2009-01-27,31737.0,2026-06-01T04:56:12Z,16,Donnée validée,10,Expertisée,20,Bonne,7.384986107,48.102530621,QIXnJ
A1610030,A161003001,2009-01-28,26451.0,2026-06-01T04:56:12Z,16,Donnée validée,10,Expertisée,20,Bonne,7.384986107,48.102530621,QIXnJ
A1610030,A161003001,2009-01-29,23316.0,2026-06-01T04:56:12Z,16,Donnée validée,10,Expertisée,20,Bonne,7.384986107,48.102530621,QIXnJ
A1610030,A161003001,2009-01-30,21732.0,2026-06-01T04:56:12Z,16,Donnée validée,10,Expertisée,20,Bonne,7.384986107,48.102530621,QIXnJ
A1610030,A161003001,2009-01-31,19963.0,2026-06-01T04:56:12Z,16,Donnée validée,10,Expertisée,20,Bonne,7.384986107,48.102530621,QIXnJ
A1610030,A161003001,2009-02-01,19118.0,2026-06-01T04:56:12Z,16,Donnée validée,10,Expertisée,20,Bonne,7.384986107,48.102530621,QIXnJ
A1610030,A161003001,2009-02-02,18438.0,2026-06-01T04:56:12Z,16,Donnée validée,10,Expertisée,20,Bonne,7.384986107,48.102530621,QIXnJ
A1610030,A161003001,2009-02-03,17758.0,2026-06-01T04:56:12Z,16,Donnée validée,10,Expertisée,20,Bonne,7.384986107,48.102530621,QIXnJ
A1610030,A161003001,2009-02-04,17078.0,2026-06-01T04:56:12Z,16,Donnée validée,10,Expertisée,20,Bonne,7.384986107,48.102530621,QIXnJ
A1610030,A161003001,2009-02-05,18057.0,2026-06-01T04:56:12Z,16,Donnée validée,10,Expertisée,20,Bonne,7.384986107,48.102530621,QIXnJ
A1610030,A161003001,2009-02-06,32916.0,2026-06-01T04:56:12Z,16,Donnée validée,10,Expertisée,20,Bonne,7.384986107,48.102530621,QIXnJ
A1610030,A161003001,2009-02-07,41000.0,2026-06-01T04:56:12Z,16,Donnée validée,10,Expertisée,20,Bonne,7.384986107,48.102530621,QIXnJ
A1610030,A161003001,2009-02-08,43950.0,2026-06-01T04:56:12Z,16,Donnée validée,10,Expertisée,20,Bonne,7.384986107,48.102530621,QIXnJ
A1610030,A161003001,2009-02-09,39913.0,2026-06-01T04:56:12Z,16,Donnée validée,10,Expertisée,20,Bonne,7.384986107,48.102530621,QIXnJ
A1610030,A161003001,2009-02-10,91896.0,2026-06-01T04:56:12Z,16,Donnée validée,10,Expertisée,20,Bonne,7.384986107,48.102530621,QIXnJ
A1610030,A161003001,2009-02-11,99942.0,2026-06-01T04:56:12Z,16,Donnée validée,10,Expertisée,20,Bonne,7.384986107,48.102530621,QIXnJ
A1610030,A161003001,2009-02-12,83362.0,2026-06-01T04:56:12Z,16,Donnée validée,10,Expertisée,20,Bonne,7.384986107,48.102530621,QIXnJ
A1610030,A161003001,2009-02-13,49455.0,2026-06-01T04:56:12Z,16,Donnée validée,10,Expertisée,20,Bonne,7.384986107,48.102530621,QIXnJ
A1610030,A161003001,2009-02-14,38691.0,2026-06-01T04:56:12Z,16,Donnée validée,10,Expertisée,20,Bonne,7.384986107,48.102530621,QIXnJ
A1610030,A161003001,2009-02-15,32445.0,2026-06-01T04:56:12Z,16,Donnée validée,10,Expertisée,20,Bonne,7.384986107,48.102530621,QIXnJ
A1610030,A161003001,2009-02-16,27597.0,2026-06-01T04:56:12Z,16,Donnée validée,10,Expertisée,20,Bonne,7.384986107,48.102530621,QIXnJ
A1610030,A161003001,2009-02-17,25420.0,2026-06-01T04:56:12Z,16,Donnée validée,10,Expertisée,20,Bonne,7.384986107,48.102530621,QIXnJ
A1610030,A161003001,2009-02-18,27963.0,2026-06-01T04:56:12Z,16,Donnée validée,10,Expertisée,20,Bonne,7.384986107,48.102530621,QIXnJ
A1610030,A161003001,2009-02-19,26569.0,2026-06-01T04:56:12Z,16,Donnée validée,10,Expertisée,20,Bonne,7.384986107,48.102530621,QIXnJ
A1610030,A161003001,2009-02-20,23592.0,2026-06-01T04:56:12Z,16,Donnée validée,10,Expertisée,20,Bonne,7.384986107,48.102530621,QIXnJ
A1610030,A161003001,2009-02-21,21874.0,2026-06-01T04:56:12Z,16,Donnée validée,10,Expertisée,20,Bonne,7.384986107,48.102530621,QIXnJ
A1610030,A161003001,2009-02-22,22780.0,2026-06-01T04:56:12Z,16,Donnée validée,10,Expertisée,20,Bonne,7.384986107,48.102530621,QIXnJ
A1610030,A161003001,2009-02-23,26340.0,2026-06-01T04:56:12Z,16,Donnée validée,10,Expertisée,20,Bonne,7.384986107,48.102530621,QIXnJ
A1610030,A161003001,2009-02-24,28985.0,2026-06-01T04:56:12Z,16,Donnée validée,10,Expertisée,20,Bonne,7.384986107,48.102530621,QIXnJ
A1610030,A161003001,2009-02-25,27728.0,2026-06-01T04:56:12Z,16,Donnée validée,10,Expertisée,20,Bonne,7.384986107,48.102530621,QIXnJ
A1610030,A161003001,2009-02-26,23113.0,2026-06-01T04:56:12Z,16,Donnée validée,10,Expertisée,20,Bonne,7.384986107,48.102530621,QIXnJ
A1610030,A161003001,2009-02-27,20891.0,2026-06-01T04:56:12Z,16,Donnée validée,10,Expertisée,20,Bonne,7.384986107,48.102530621,QIXnJ
A1610030,A161003001,2009-02-28,19766.0,2026-06-01T04:56:12Z,16,Donnée validée,10,Expertisée,20,Bonne,7.384986107,48.102530621,QIXnJ
A1610030,A161003001,2009-03-01,19156.0,2026-06-01T04:56:12Z,16,Donnée validée,10,Expertisée,20,Bonne,7.384986107,48.102530621,QIXnJ
A1610030,A161003001,2009-03-02,18943.0,2026-06-01T04:56:12Z,16,Donnée validée,10,Expertisée,20,Bonne,7.384986107,48.102530621,QIXnJ
A1610030,A161003001,2009-03-03,20457.0,2026-06-01T04:56:12Z,16,Donnée validée,10,Expertisée,20,Bonne,7.384986107,48.102530621,QIXnJ
A1610030,A161003001,2009-03-04,20435.0,2026-06-01T04:56:12Z,16,Donnée validée,10,Expertisée,20,Bonne,7.384986107,48.102530621,QIXnJ
A1610030,A161003001,2009-03-05,23876.0,2026-06-01T04:56:12Z,16,Donnée validée,10,Expertisée,20,Bonne,7.384986107,48.102530621,QIXnJ
A1610030,A161003001,2009-03-06,33868.0,2026-06-01T04:56:12Z,16,Donnée validée,10,Expertisée,20,Bonne,7.384986107,48.102530621,QIXnJ
A1610030,A161003001,2009-03-07,37202.0,2026-06-01T04:56:12Z,16,Donnée validée,10,Expertisée,20,Bonne,7.384986107,48.102530621,QIXnJ
A1610030,A161003001,2009-03-08,31803.0,2026-06-01T04:56:12Z,16,Donnée validée,10,Expertisée,20,Bonne,7.384986107,48.102530621,QIXnJ
A1610030,A161003001,2009-03-09,35425.0,2026-06-01T04:56:12Z,16,Donnée validée,10,Expertisée,20,Bonne,7.384986107,48.102530621,QIXnJ
A1610030,A161003001,2009-03-10,39848.0,2026-06-01T04:56:12Z,16,Donnée validée,10,Expertisée,20,Bonne,7.384986107,48.102530621,QIXnJ
A1610030,A161003001,2009-03-11,59800.0,2026-06-01T04:56:12Z,16,Donnée validée,10,Expertisée,20,Bonne,7.384986107,48.102530621,QIXnJ
A1610030,A161003001,2009-03-12,58362.0,2026-06-01T04:56:12Z,16,Donnée validée,10,Expertisée,20,Bonne,7.384986107,48.102530621,QIXnJ
A1610030,A161003001,2009-03-13,40931.0,2026-06-01T04:56:12Z,16,Donnée validée,10,Expertisée,20,Bonne,7.384986107,48.102530621,QIXnJ
A1610030,A161003001,2009-03-14,34486.0,2026-06-01T04:56:12Z,16,Donnée validée,10,Expertisée,20,Bonne,7.384986107,48.102530621,QIXnJ
A1610030,A161003001,2009-03-15,31452.0,2026-06-01T04:56:12Z,16,Donnée validée,10,Expertisée,20,Bonne,7.384986107,48.102530621,QIXnJ
A1610030,A161003001,2009-03-16,28643.0,2026-06-01T04:56:12Z,16,Donnée validée,10,Expertisée,20,Bonne,7.384986107,48.102530621,QIXnJ
A1610030,A161003001,2009-03-17,26374.0,2026-06-01T04:56:12Z,16,Donnée validée,10,Expertisée,20,Bonne,7.384986107,48.102530621,QIXnJ
A1610030,A161003001,2009-03-18,25889.0,2026-06-01T04:56:12Z,16,Donnée validée,10,Expertisée,20,Bonne,7.384986107,48.102530621,QIXnJ
A1610030,A161003001,2009-03-19,24188.0,2026-06-01T04:56:12Z,16,Donnée validée,10,Expertisée,20,Bonne,7.384986107,48.102530621,QIXnJ
A1610030,A161003001,2009-03-20,23816.0,2026-06-01T04:56:12Z,16,Donnée validée,10,Expertisée,20,Bonne,7.384986107,48.102530621,QIXnJ
A1610030,A161003001,2009-03-21,22508.0,2026-06-01T04:56:12Z,16,Donnée validée,10,Expertisée,20,Bonne,7.384986107,48.102530621,QIXnJ
A1610030,A161003001,2009-03-22,21650.0,2026-06-01T04:56:12Z,16,Donnée validée,10,Expertisée,20,Bonne,7.384986107,48.102530621,QIXnJ
A1610030,A161003001,2009-03-23,20502.0,2026-06-01T04:56:12Z,16,Donnée validée,10,Expertisée,20,Bonne,7.384986107,48.102530621,QIXnJ
A1610030,A161003001,2009-03-24,24632.0,2026-06-01T04:56:12Z,16,Donnée validée,10,Expertisée,20,Bonne,7.384986107,48.102530621,QIXnJ
A1610030,A161003001,2009-03-25,25698.0,2026-06-01T04:56:12Z,16,Donnée validée,10,Expertisée,20,Bonne,7.384986107,48.102530621,QIXnJ
A1610030,A161003001,2009-03-26,32272.0,2026-06-01T04:56:12Z,16,Donnée validée,10,Expertisée,20,Bonne,7.384986107,48.102530621,QIXnJ
A1610030,A161003001,2009-03-27,44974.0,2026-06-01T04:56:12Z,16,Donnée validée,10,Expertisée,20,Bonne,7.384986107,48.102530621,QIXnJ
A1610030,A161003001,2009-03-28,68888.0,2026-06-01T04:56:12Z,16,Donnée validée,10,Expertisée,20,Bonne,7.384986107,48.102530621,QIXnJ
A1610030,A161003001,2009-03-29,73158.0,2026-06-01T04:56:12Z,16,Donnée validée,10,Expertisée,20,Bonne,7.384986107,48.102530621,QIXnJ
A1610030,A161003001,2009-03-30,59007.0,2026-06-01T04:56:12Z,16,Donnée validée,10,Expertisée,20,Bonne,7.384986107,48.102530621,QIXnJ
A1610030,A161003001,2009-03-31,44106.0,2026-06-01T04:56:12Z,16,Donnée validée,10,Expertisée,20,Bonne,7.384986107,48.102530621,QIXnJ
A1610030,A161003001,2009-04-01,36680.0,2026-06-01T04:56:12Z,16,Donnée validée,10,Expertisée,20,Bonne,7.384986107,48.102530621,QIXnJ
A1610030,A161003001,2009-04-02,32070.0,2026-06-01T04:56:12Z,16,Donnée validée,10,Expertisée,20,Bonne,7.384986107,48.102530621,QIXnJ
A1610030,A161003001,2009-04-03,31605.0,2026-06-01T04:56:12Z,16,Donnée validée,10,Expertisée,20,Bonne,7.384986107,48.102530621,QIXnJ
A1610030,A161003001,2009-04-04,30550.0,2026-06-01T04:56:12Z,16,Donnée validée,10,Expertisée,20,Bonne,7.384986107,48.102530621,QIXnJ
A1610030,A161003001,2009-04-05,30850.0,2026-06-01T04:56:12Z,16,Donnée validée,10,Expertisée,20,Bonne,7.384986107,48.102530621,QIXnJ
A1610030,A161003001,2009-04-06,28546.0,2026-06-01T04:56:12Z,16,Donnée validée,10,Expertisée,20,Bonne,7.384986107,48.102530621,QIXnJ
A1610030,A161003001,2009-04-07,27670.0,2026-06-01T04:56:12Z,16,Donnée validée,10,Expertisée,20,Bonne,7.384986107,48.102530621,QIXnJ
A1610030,A161003001,2009-04-08,26701.0,2026-06-01T04:56:12Z,16,Donnée validée,10,Expertisée,20,Bonne,7.384986107,48.102530621,QIXnJ
A1610030,A161003001,2009-04-09,25578.0,2026-06-01T04:56:12Z,16,Donnée validée,10,Expertisée,20,Bonne,7.384986107,48.102530621,QIXnJ
A1610030,A161003001,2009-04-10,24455.0,2026-06-01T04:56:12Z,16,Donnée validée,10,Expertisée,20,Bonne,7.384986107,48.102530621,QIXnJ
A1610030,A161003001,2009-04-11,23331.0,2026-06-01T04:56:12Z,16,Donnée validée,10,Expertisée,20,Bonne,7.384986107,48.102530621,QIXnJ
A1610030,A161003001,2009-04-12,22208.0,2026-06-01T04:56:12Z,16,Donnée validée,10,Expertisée,20,Bonne,7.384986107,48.102530621,QIXnJ
A1610030,A161003001,2009-04-13,20925.0,2026-06-01T04:56:12Z,16,Donnée validée,10,Expertisée,20,Bonne,7.384986107,48.102530621,QIXnJ
A1610030,A161003001,2009-04-14,19404.0,2026-06-01T04:56:12Z,16,Donnée validée,10,Expertisée,20,Bonne,7.384986107,48.102530621,QIXnJ
A1610030,A161003001,2009-04-15,18430.0,2026-06-01T04:56:12Z,16,Donnée validée,10,Expertisée,20,Bonne,7.384986107,48.102530621,QIXnJ
A1610030,A161003001,2009-04-16,17877.0,2026-06-01T04:56:12Z,16,Donnée validée,10,Expertisée,20,Bonne,7.384986107,48.102530621,QIXnJ
A1610030,A161003001,2009-04-17,17735.0,2026-06-01T04:56:12Z,16,Donnée validée,10,Expertisée,20,Bonne,7.384986107,48.102530621,QIXnJ
A1610030,A161003001,2009-04-18,17435.0,2026-06-01T04:56:12Z,16,Donnée validée,10,Expertisée,20,Bonne,7.384986107,48.102530621,QIXnJ
A1610030,A161003001,2009-04-19,16326.0,2026-06-01T04:56:12Z,16,Donnée validée,10,Expertisée,20,Bonne,7.384986107,48.102530621,QIXnJ
A1610030,A161003001,2009-04-20,15217.0,2026-06-01T04:56:12Z,16,Donnée validée,10,Expertisée,20,Bonne,7.384986107,48.102530621,QIXnJ
A1610030,A161003001,2009-04-21,14109.0,2026-06-01T04:56:12Z,16,Donnée validée,10,Expertisée,20,Bonne,7.384986107,48.102530621,QIXnJ
A1610030,A161003001,2009-04-22,13073.0,2026-06-01T04:56:12Z,16,Donnée validée,10,Expertisée,20,Bonne,7.384986107,48.102530621,QIXnJ
A1610030,A161003001,2009-04-23,12813.0,2026-06-01T04:56:12Z,16,Donnée validée,10,Expertisée,20,Bonne,7.384986107,48.102530621,QIXnJ
A1610030,A161003001,2009-04-24,12211.0,2026-06-01T04:56:12Z,16,Donnée validée,10,Expertisée,20,Bonne,7.384986107,48.102530621,QIXnJ
A1610030,A161003001,2009-04-25,11723.0,2026-06-01T04:56:12Z,16,Donnée validée,10,Expertisée,20,Bonne,7.384986107,48.102530621,QIXnJ
A1610030,A161003001,2009-04-26,10823.0,2026-06-01T04:56:12Z,16,Donnée validée,10,Expertisée,20,Bonne,7.384986107,48.102530621,QIXnJ
A1610030,A161003001,2009-04-27,10784.0,2026-06-01T04:56:12Z,16,Donnée validée,10,Expertisée,20,Bonne,7.384986107,48.102530621,QIXnJ
A1610030,A161003001,2009-04-28,10375.0,2026-06-01T04:56:12Z,16,Donnée validée,10,Expertisée,20,Bonne,7.384986107,48.102530621,QIXnJ
A1610030,A161003001,2009-04-29,11263.0,2026-06-01T04:56:12Z,16,Donnée validée,10,Expertisée,20,Bonne,7.384986107,48.102530621,QIXnJ
A1610030,A161003001,2009-04-30,11618.0,2026-06-01T04:56:12Z,16,Donnée validée,10,Expertisée,20,Bonne,7.384986107,48.102530621,QIXnJ
A1610030,A161003001,2009-05-01,11219.0,2026-06-01T04:56:12Z,16,Donnée validée,10,Expertisée,20,Bonne,7.384986107,48.102530621,QIXnJ
A1610030,A161003001,2009-05-02,12039.0,2026-06-01T04:56:12Z,16,Donnée validée,10,Expertisée,20,Bonne,7.384986107,48.102530621,QIXnJ
A1610030,A161003001,2009-05-03,12906.0,2026-06-01T04:56:12Z,16,Donnée validée,10,Expertisée,20,Bonne,7.384986107,48.102530621,QIXnJ
A1610030,A161003001,2009-05-04,13129.0,2026-06-01T04:56:12Z,16,Donnée validée,10,Expertisée,20,Bonne,7.384986107,48.102530621,QIXnJ
A1610030,A161003001,2009-05-05,13033.0,2026-06-01T04:56:12Z,16,Donnée validée,10,Expertisée,20,Bonne,7.384986107,48.102530621,QIXnJ
A1610030,A161003001,2009-05-06,11744.0,2026-06-01T04:56:12Z,16,Donnée validée,10,Expertisée,20,Bonne,7.384986107,48.102530621,QIXnJ
A1610030,A161003001,2009-05-07,11088.0,2026-06-01T04:56:12Z,16,Donnée validée,10,Expertisée,20,Bonne,7.384986107,48.102530621,QIXnJ
A1610030,A161003001,2009-05-08,11796.0,2026-06-01T04:56:12Z,16,Donnée validée,10,Expertisée,20,Bonne,7.384986107,48.102530621,QIXnJ
A1610030,A161003001,2009-05-09,11433.0,2026-06-01T04:56:12Z,16,Donnée validée,10,Expertisée,20,Bonne,7.384986107,48.102530621,QIXnJ
A1610030,A161003001,2009-05-10,14085.0,2026-06-01T04:56:12Z,16,Donnée validée,10,Expertisée,20,Bonne,7.384986107,48.102530621,QIXnJ
A1610030,A161003001,2009-05-11,11348.0,2026-06-01T04:56:12Z,16,Donnée validée,10,Expertisée,20,Bonne,7.384986107,48.102530621,QIXnJ
A1610030,A161003001,2009-05-12,10553.0,2026-06-01T04:56:12Z,16,Donnée validée,10,Expertisée,20,Bonne,7.384986107,48.102530621,QIXnJ
A1610030,A161003001,2009-05-13,20231.0,2026-06-01T04:56:12Z,16,Donnée validée,10,Expertisée,20,Bonne,7.384986107,48.102530621,QIXnJ
A1610030,A161003001,2009-05-14,12203.0,2026-06-01T04:56:12Z,16,Donnée validée,10,Expertisée,20,Bonne,7.384986107,48.102530621,QIXnJ
A1610030,A161003001,2009-05-15,11130.0,2026-06-01T04:56:12Z,16,Donnée validée,10,Expertisée,20,Bonne,7.384986107,48.102530621,QIXnJ
A1610030,A161003001,2009-05-16,10635.0,2026-06-01T04:56:12Z,16,Donnée validée,10,Expertisée,20,Bonne,7.384986107,48.102530621,QIXnJ
A1610030,A161003001,2009-05-17,10343.0,2026-06-01T04:56:12Z,16,Donnée validée,10,Expertisée,20,Bonne,7.384986107,48.102530621,QIXnJ
A1610030,A161003001,2009-05-18,9649.0,2026-06-01T04:56:12Z,16,Donnée validée,10,Expertisée,20,Bonne,7.384986107,48.102530621,QIXnJ
A1610030,A161003001,2009-05-19,9359.0,2026-06-01T04:56:12Z,16,Donnée validée,10,Expertisée,20,Bonne,7.384986107,48.102530621,QIXnJ
A1610030,A161003001,2009-05-20,8449.0,2026-06-01T04:56:12Z,16,Donnée validée,10,Expertisée,20,Bonne,7.384986107,48.102530621,QIXnJ
A1610030,A161003001,2009-05-21,9166.0,2026-06-01T04:56:12Z,16,Donnée validée,10,Expertisée,20,Bonne,7.384986107,48.102530621,QIXnJ
A1610030,A161003001,2009-05-22,18513.0,2026-06-01T04:56:12Z,16,Donnée validée,10,Expertisée,20,Bonne,7.384986107,48.102530621,QIXnJ
A1610030,A161003001,2009-05-23,17292.0,2026-06-01T04:56:12Z,16,Donnée validée,10,Expertisée,20,Bonne,7.384986107,48.102530621,QIXnJ
A1610030,A161003001,2009-05-24,10165.0,2026-06-01T04:56:12Z,16,Donnée validée,10,Expertisée,20,Bonne,7.384986107,48.102530621,QIXnJ
A1610030,A161003001,2009-05-25,8401.0,2026-06-01T04:56:12Z,16,Donnée validée,10,Expertisée,20,Bonne,7.384986107,48.102530621,QIXnJ
A1610030,A161003001,2009-05-26,12009.0,2026-06-01T04:56:12Z,16,Donnée validée,10,Expertisée,20,Bonne,7.384986107,48.102530621,QIXnJ
A1610030,A161003001,2009-05-27,9771.0,2026-06-01T04:56:12Z,16,Donnée validée,10,Expertisée,20,Bonne,7.384986107,48.102530621,QIXnJ
A1610030,A161003001,2009-05-28,9631.0,2026-06-01T04:56:12Z,16,Donnée validée,10,Expertisée,20,Bonne,7.384986107,48.102530621,QIXnJ
A1610030,A161003001,2009-05-29,8387.0,2026-06-01T04:56:12Z,16,Donnée validée,10,Expertisée,20,Bonne,7.384986107,48.102530621,QIXnJ
A1610030,A161003001,2009-05-30,7975.0,2026-06-01T04:56:12Z,16,Donnée validée,10,Expertisée,20,Bonne,7.384986107,48.102530621,QIXnJ
A1610030,A161003001,2009-05-31,7823.0,2026-06-01T04:56:12Z,16,Donnée validée,10,Expertisée,20,Bonne,7.384986107,48.102530621,QIXnJ
A1610030,A161003001,2009-06-01,7369.0,2026-06-01T04:56:12Z,16,Donnée validée,10,Expertisée,20,Bonne,7.384986107,48.102530621,QIXnJ
A1610030,A161003001,2009-06-02,7095.0,2026-06-01T04:56:12Z,16,Donnée validée,10,Expertisée,20,Bonne,7.384986107,48.102530621,QIXnJ
A1610030,A161003001,2009-06-03,6856.0,2026-06-01T04:56:12Z,16,Donnée validée,10,Expertisée,20,Bonne,7.384986107,48.102530621,QIXnJ
A1610030,A161003001,2009-06-04,6646.0,2026-06-01T04:56:12Z,16,Donnée validée,10,Expertisée,20,Bonne,7.384986107,48.102530621,QIXnJ
A1610030,A161003001,2009-06-05,7149.0,2026-06-01T04:56:12Z,16,Donnée validée,10,Expertisée,20,Bonne,7.384986107,48.102530621,QIXnJ
A1610030,A161003001,2009-06-06,7747.0,2026-06-01T04:56:12Z,16,Donnée validée,10,Expertisée,20,Bonne,7.384986107,48.102530621,QIXnJ
A1610030,A161003001,2009-06-07,7704.0,2026-06-01T04:56:12Z,16,Donnée validée,10,Expertisée,20,Bonne,7.384986107,48.102530621,QIXnJ
A1610030,A161003001,2009-06-08,7826.0,2026-06-01T04:56:12Z,16,Donnée validée,10,Expertisée,20,Bonne,7.384986107,48.102530621,QIXnJ
A1610030,A161003001,2009-06-09,9531.0,2026-06-01T04:56:12Z,16,Donnée validée,10,Expertisée,20,Bonne,7.384986107,48.102530621,QIXnJ
A1610030,A161003001,2009-06-10,11574.0,2026-06-01T04:56:12Z,16,Donnée validée,10,Expertisée,20,Bonne,7.384986107,48.102530621,QIXnJ
A1610030,A161003001,2009-06-11,9575.0,2026-06-01T04:56:12Z,16,Donnée validée,10,Expertisée,20,Bonne,7.384986107,48.102530621,QIXnJ
A1610030,A161003001,2009-06-12,9397.0,2026-06-01T04:56:12Z,16,Donnée validée,10,Expertisée,20,Bonne,7.384986107,48.102530621,QIXnJ
A1610030,A161003001,2009-06-13,7310.0,2026-06-01T04:56:12Z,16,Donnée validée,10,Expertisée,20,Bonne,7.384986107,48.102530621,QIXnJ
A1610030,A161003001,2009-06-14,6822.0,2026-06-01T04:56:12Z,16,Donnée validée,10,Expertisée,20,Bonne,7.384986107,48.102530621,QIXnJ
A1610030,A161003001,2009-06-15,11254.0,2026-06-01T04:56:12Z,16,Donnée validée,10,Expertisée,20,Bonne,7.384986107,48.102530621,QIXnJ
A1610030,A161003001,2009-06-16,16067.0,2026-06-01T04:56:12Z,16,Donnée validée,10,Expertisée,20,Bonne,7.384986107,48.102530621,QIXnJ
A1610030,A161003001,2009-06-17,14591.0,2026-06-01T04:56:12Z,16,Donnée validée,10,Expertisée,20,Bonne,7.384986107,48.102530621,QIXnJ
A1610030,A161003001,2009-06-18,9574.0,2026-06-01T04:56:12Z,16,Donnée validée,10,Expertisée,20,Bonne,7.384986107,48.102530621,QIXnJ
A1610030,A161003001,2009-06-19,10846.0,2026-06-01T04:56:12Z,16,Donnée validée,10,Expertisée,20,Bonne,7.384986107,48.102530621,QIXnJ
A1610030,A161003001,2009-06-20,8511.0,2026-06-01T04:56:12Z,16,Donnée validée,10,Expertisée,20,Bonne,7.384986107,48.102530621,QIXnJ
A1610030,A161003001,2009-06-21,11161.0,2026-06-01T04:56:12Z,16,Donnée validée,10,Expertisée,20,Bonne,7.384986107,48.102530621,QIXnJ
A1610030,A161003001,2009-06-22,8936.0,2026-06-01T04:56:12Z,16,Donnée validée,10,Expertisée,20,Bonne,7.384986107,48.102530621,QIXnJ
A1610030,A161003001,2009-06-23,8314.0,2026-06-01T04:56:12Z,16,Donnée validée,10,Expertisée,20,Bonne,7.384986107,48.102530621,QIXnJ
A1610030,A161003001,2009-06-24,8004.0,2026-06-01T04:56:12Z,16,Donnée validée,10,Expertisée,20,Bonne,7.384986107,48.102530621,QIXnJ
A1610030,A161003001,2009-06-25,7462.0,2026-06-01T04:56:12Z,16,Donnée validée,10,Expertisée,20,Bonne,7.384986107,48.102530621,QIXnJ
A1610030,A161003001,2009-06-26,8842.0,2026-06-01T04:56:12Z,16,Donnée validée,10,Expertisée,20,Bonne,7.384986107,48.102530621,QIXnJ
A1610030,A161003001,2009-06-27,15751.0,2026-06-01T04:56:12Z,16,Donnée validée,10,Expertisée,20,Bonne,7.384986107,48.102530621,QIXnJ
A1610030,A161003001,2009-06-28,14323.0,2026-06-01T04:56:12Z,16,Donnée validée,10,Expertisée,20,Bonne,7.384986107,48.102530621,QIXnJ
A1610030,A161003001,2009-06-29,9003.0,2026-06-01T04:56:12Z,16,Donnée validée,10,Expertisée,20,Bonne,7.384986107,48.102530621,QIXnJ
A1610030,A161003001,2009-06-30,7598.0,2026-06-01T04:56:12Z,16,Donnée validée,10,Expertisée,20,Bonne,7.384986107,48.102530621,QIXnJ
A1610030,A161003001,2009-07-01,6470.0,2026-06-01T04:56:12Z,16,Donnée validée,10,Expertisée,20,Bonne,7.384986107,48.102530621,QIXnJ
A1610030,A161003001,2009-07-02,6127.0,2026-06-01T04:56:12Z,16,Donnée validée,10,Expertisée,20,Bonne,7.384986107,48.102530621,QIXnJ
A1610030,A161003001,2009-07-03,19691.0,2026-06-01T04:56:12Z,16,Donnée validée,10,Expertisée,20,Bonne,7.384986107,48.102530621,QIXnJ
A1610030,A161003001,2009-07-04,23488.0,2026-06-01T04:56:12Z,16,Donnée validée,10,Expertisée,20,Bonne,7.384986107,48.102530621,QIXnJ
A1610030,A161003001,2009-07-05,9804.0,2026-06-01T04:56:12Z,16,Donnée validée,10,Expertisée,20,Bonne,7.384986107,48.102530621,QIXnJ
A1610030,A161003001,2009-07-06,13560.0,2026-06-01T04:56:12Z,16,Donnée validée,10,Expertisée,20,Bonne,7.384986107,48.102530621,QIXnJ
A1610030,A161003001,2009-07-07,7766.0,2026-06-01T04:56:12Z,16,Donnée validée,10,Expertisée,20,Bonne,7.384986107,48.102530621,QIXnJ
A1610030,A161003001,2009-07-08,8432.0,2026-06-01T04:56:12Z,16,Donnée validée,10,Expertisée,20,Bonne,7.384986107,48.102530621,QIXnJ
A1610030,A161003001,2009-07-09,8373.0,2026-06-01T04:56:12Z,16,Donnée validée,10,Expertisée,20,Bonne,7.384986107,48.102530621,QIXnJ
A1610030,A161003001,2009-07-10,7514.0,2026-06-01T04:56:12Z,16,Donnée validée,10,Expertisée,20,Bonne,7.384986107,48.102530621,QIXnJ
A1610030,A161003001,2009-07-11,6915.0,2026-06-01T04:56:12Z,16,Donnée validée,10,Expertisée,20,Bonne,7.384986107,48.102530621,QIXnJ
A1610030,A161003001,2009-07-12,6345.0,2026-06-01T04:56:12Z,16,Donnée validée,10,Expertisée,20,Bonne,7.384986107,48.102530621,QIXnJ
A1610030,A161003001,2009-07-13,6333.0,2026-06-01T04:56:12Z,16,Donnée validée,10,Expertisée,20,Bonne,7.384986107,48.102530621,QIXnJ
A1610030,A161003001,2009-07-14,16449.0,2026-06-01T04:56:12Z,16,Donnée validée,10,Expertisée,20,Bonne,7.384986107,48.102530621,QIXnJ
A1610030,A161003001,2009-07-15,29298.0,2026-06-01T04:56:12Z,16,Donnée validée,10,Expertisée,20,Bonne,7.384986107,48.102530621,QIXnJ
A1610030,A161003001,2009-07-16,23488.0,2026-06-01T04:56:12Z,16,Donnée validée,10,Expertisée,20,Bonne,7.384986107,48.102530621,QIXnJ
A1610030,A161003001,2009-07-17,13953.0,2026-06-01T04:56:12Z,16,Donnée validée,10,Expertisée,20,Bonne,7.384986107,48.102530621,QIXnJ
A1610030,A161003001,2009-07-18,14353.0,2026-06-01T04:56:12Z,16,Donnée validée,10,Expertisée,20,Bonne,7.384986107,48.102530621,QIXnJ
A1610030,A161003001,2009-07-19,14239.0,2026-06-01T04:56:12Z,16,Donnée validée,10,Expertisée,20,Bonne,7.384986107,48.102530621,QIXnJ
A1610030,A161003001,2009-07-20,13535.0,2026-06-01T04:56:12Z,16,Donnée validée,10,Expertisée,20,Bonne,7.384986107,48.102530621,QIXnJ
A1610030,A161003001,2009-07-21,12330.0,2026-06-01T04:56:12Z,16,Donnée validée,10,Expertisée,20,Bonne,7.384986107,48.102530621,QIXnJ
A1610030,A161003001,2009-07-22,10982.0,2026-06-01T04:56:12Z,16,Donnée validée,10,Expertisée,20,Bonne,7.384986107,48.102530621,QIXnJ
A1610030,A161003001,2009-07-23,11114.0,2026-06-01T04:56:12Z,16,Donnée validée,10,Expertisée,20,Bonne,7.384986107,48.102530621,QIXnJ
A1610030,A161003001,2009-07-24,11061.0,2026-06-01T04:56:12Z,16,Donnée validée,10,Expertisée,20,Bonne,7.384986107,48.102530621,QIXnJ
A1610030,A161003001,2009-07-25,9673.0,2026-06-01T04:56:12Z,16,Donnée validée,10,Expertisée,20,Bonne,7.384986107,48.102530621,QIXnJ
A1610030,A161003001,2009-07-26,9280.0,2026-06-01T04:56:12Z,16,Donnée validée,10,Expertisée,20,Bonne,7.384986107,48.102530621,QIXnJ
A1610030,A161003001,2009-07-27,11624.0,2026-06-01T04:56:12Z,16,Donnée validée,10,Expertisée,20,Bonne,7.384986107,48.102530621,QIXnJ
A1610030,A161003001,2009-07-28,9426.0,2026-06-01T04:56:12Z,16,Donnée validée,10,Expertisée,20,Bonne,7.384986107,48.102530621,QIXnJ
A1610030,A161003001,2009-07-29,8656.0,2026-06-01T04:56:12Z,16,Donnée validée,10,Expertisée,20,Bonne,7.384986107,48.102530621,QIXnJ
A1610030,A161003001,2009-07-30,7691.0,2026-06-01T04:56:12Z,16,Donnée validée,10,Expertisée,20,Bonne,7.384986107,48.102530621,QIXnJ
A1610030,A161003001,2009-07-31,7481.0,2026-06-01T04:56:12Z,16,Donnée validée,10,Expertisée,20,Bonne,7.384986107,48.102530621,QIXnJ
A1610030,A161003001,2009-08-01,7335.0,2026-06-01T04:56:12Z,16,Donnée validée,10,Expertisée,20,Bonne,7.384986107,48.102530621,QIXnJ
A1610030,A161003001,2009-08-02,13436.0,2026-06-01T04:56:12Z,16,Donnée validée,10,Expertisée,20,Bonne,7.384986107,48.102530621,QIXnJ
A1610030,A161003001,2009-08-03,10028.0,2026-06-01T04:56:12Z,16,Donnée validée,10,Expertisée,20,Bonne,7.384986107,48.102530621,QIXnJ
A1610030,A161003001,2009-08-04,8213.0,2026-06-01T04:56:12Z,16,Donnée validée,10,Expertisée,20,Bonne,7.384986107,48.102530621,QIXnJ
A1610030,A161003001,2009-08-05,7318.0,2026-06-01T04:56:12Z,16,Donnée validée,10,Expertisée,20,Bonne,7.384986107,48.102530621,QIXnJ
A1610030,A161003001,2009-08-06,7141.0,2026-06-01T04:56:12Z,16,Donnée validée,10,Expertisée,20,Bonne,7.384986107,48.102530621,QIXnJ
A1610030,A161003001,2009-08-07,6507.0,2026-06-01T04:56:12Z,16,Donnée validée,10,Expertisée,20,Bonne,7.384986107,48.102530621,QIXnJ
A1610030,A161003001,2009-08-08,12244.0,2026-06-01T04:56:12Z,16,Donnée validée,10,Expertisée,20,Bonne,7.384986107,48.102530621,QIXnJ
A1610030,A161003001,2009-08-09,9599.0,2026-06-01T04:56:12Z,16,Donnée validée,10,Expertisée,20,Bonne,7.384986107,48.102530621,QIXnJ
A1610030,A161003001,2009-08-10,11836.0,2026-06-01T04:56:12Z,16,Donnée validée,10,Expertisée,20,Bonne,7.384986107,48.102530621,QIXnJ
A1610030,A161003001,2009-08-11,10756.0,2026-06-01T04:56:12Z,16,Donnée validée,10,Expertisée,20,Bonne,7.384986107,48.102530621,QIXnJ
A1610030,A161003001,2009-08-12,9725.0,2026-06-01T04:56:12Z,16,Donnée validée,10,Expertisée,20,Bonne,7.384986107,48.102530621,QIXnJ
A1610030,A161003001,2009-08-13,7806.0,2026-06-01T04:56:12Z,16,Donnée validée,10,Expertisée,20,Bonne,7.384986107,48.102530621,QIXnJ
A1610030,A161003001,2009-08-14,7545.0,2026-06-01T04:56:12Z,16,Donnée validée,10,Expertisée,20,Bonne,7.384986107,48.102530621,QIXnJ
A1610030,A161003001,2009-08-15,7368.0,2026-06-01T04:56:12Z,16,Donnée validée,10,Expertisée,20,Bonne,7.384986107,48.102530621,QIXnJ
A1610030,A161003001,2009-08-16,7077.0,2026-06-01T04:56:12Z,16,Donnée validée,10,Expertisée,20,Bonne,7.384986107,48.102530621,QIXnJ
A1610030,A161003001,2009-08-17,6894.0,2026-06-01T04:56:12Z,16,Donnée validée,10,Expertisée,20,Bonne,7.384986107,48.102530621,QIXnJ
A1610030,A161003001,2009-08-18,7687.0,2026-06-01T04:56:12Z,16,Donnée validée,10,Expertisée,20,Bonne,7.384986107,48.102530621,QIXnJ
A1610030,A161003001,2009-08-19,8952.0,2026-06-01T04:56:12Z,16,Donnée validée,10,Expertisée,20,Bonne,7.384986107,48.102530621,QIXnJ
A1610030,A161003001,2009-08-20,6678.0,2026-06-01T04:56:12Z,16,Donnée validée,10,Expertisée,20,Bonne,7.384986107,48.102530621,QIXnJ
A1610030,A161003001,2009-08-21,6012.0,2026-06-01T04:56:12Z,16,Donnée validée,10,Expertisée,20,Bonne,7.384986107,48.102530621,QIXnJ
A1610030,A161003001,2009-08-22,6099.0,2026-06-01T04:56:12Z,16,Donnée validée,10,Expertisée,20,Bonne,7.384986107,48.102530621,QIXnJ
A1610030,A161003001,2009-08-23,6009.0,2026-06-01T04:56:12Z,16,Donnée validée,10,Expertisée,20,Bonne,7.384986107,48.102530621,QIXnJ
A1610030,A161003001,2009-08-24,6332.0,2026-06-01T04:56:12Z,16,Donnée validée,10,Expertisée,20,Bonne,7.384986107,48.102530621,QIXnJ
A1610030,A161003001,2009-08-25,8470.0,2026-06-01T04:56:12Z,16,Donnée validée,10,Expertisée,20,Bonne,7.384986107,48.102530621,QIXnJ
A1610030,A161003001,2009-08-26,6614.0,2026-06-01T04:56:12Z,16,Donnée validée,10,Expertisée,20,Bonne,7.384986107,48.102530621,QIXnJ
A1610030,A161003001,2009-08-27,6514.0,2026-06-01T04:56:12Z,16,Donnée validée,10,Expertisée,20,Bonne,7.384986107,48.102530621,QIXnJ
A1610030,A161003001,2009-08-28,6150.0,2026-06-01T04:56:12Z,16,Donnée validée,10,Expertisée,20,Bonne,7.384986107,48.102530621,QIXnJ
A1610030,A161003001,2009-08-29,5921.0,2026-06-01T04:56:12Z,16,Donnée validée,10,Expertisée,20,Bonne,7.384986107,48.102530621,QIXnJ
A1610030,A161003001,2009-08-30,5597.0,2026-06-01T04:56:12Z,16,Donnée validée,10,Expertisée,20,Bonne,7.384986107,48.102530621,QIXnJ
A1610030,A161003001,2009-08-31,5683.0,2026-06-01T04:56:12Z,16,Donnée validée,10,Expertisée,20,Bonne,7.384986107,48.102530621,QIXnJ
A1610030,A161003001,2009-09-01,6832.0,2026-06-01T04:56:12Z,16,Donnée validée,10,Expertisée,20,Bonne,7.384986107,48.102530621,QIXnJ
A1610030,A161003001,2009-09-02,7981.0,2026-06-01T04:56:12Z,16,Donnée validée,10,Expertisée,20,Bonne,7.384986107,48.102530621,QIXnJ
A1610030,A161003001,2009-09-03,7113.0,2026-06-01T04:56:12Z,16,Donnée validée,10,Expertisée,20,Bonne,7.384986107,48.102530621,QIXnJ
A1610030,A161003001,2009-09-04,8949.0,2026-06-01T04:56:12Z,16,Donnée validée,10,Expertisée,20,Bonne,7.384986107,48.102530621,QIXnJ
A1610030,A161003001,2009-09-05,9002.0,2026-06-01T04:56:12Z,16,Donnée validée,10,Expertisée,20,Bonne,7.384986107,48.102530621,QIXnJ
A1610030,A161003001,2009-09-06,7770.0,2026-06-01T04:56:12Z,16,Donnée validée,10,Expertisée,20,Bonne,7.384986107,48.102530621,QIXnJ
A1610030,A161003001,2009-09-07,6953.0,2026-06-01T04:56:12Z,16,Donnée validée,10,Expertisée,20,Bonne,7.384986107,48.102530621,QIXnJ
A1610030,A161003001,2009-09-08,7168.0,2026-06-01T04:56:12Z,16,Donnée validée,10,Expertisée,20,Bonne,7.384986107,48.102530621,QIXnJ
A1610030,A161003001,2009-09-09,6700.0,2026-06-01T04:56:12Z,16,Donnée validée,10,Expertisée,20,Bonne,7.384986107,48.102530621,QIXnJ
A1610030,A161003001,2009-09-10,6327.0,2026-06-01T04:56:12Z,16,Donnée validée,10,Expertisée,20,Bonne,7.384986107,48.102530621,QIXnJ
A1610030,A161003001,2009-09-11,6109.0,2026-06-01T04:56:12Z,16,Donnée validée,10,Expertisée,20,Bonne,7.384986107,48.102530621,QIXnJ
A1610030,A161003001,2009-09-12,5769.0,2026-06-01T04:56:12Z,16,Donnée validée,10,Expertisée,20,Bonne,7.384986107,48.102530621,QIXnJ
A1610030,A161003001,2009-09-13,5940.0,2026-06-01T04:56:12Z,16,Donnée validée,10,Expertisée,20,Bonne,7.384986107,48.102530621,QIXnJ
A1610030,A161003001,2009-09-14,6211.0,2026-06-01T04:56:12Z,16,Donnée validée,10,Expertisée,20,Bonne,7.384986107,48.102530621,QIXnJ
A1610030,A161003001,2009-09-15,6041.0,2026-06-01T04:56:12Z,16,Donnée validée,10,Expertisée,20,Bonne,7.384986107,48.102530621,QIXnJ
A1610030,A161003001,2009-09-16,6497.0,2026-06-01T04:56:12Z,16,Donnée validée,10,Expertisée,20,Bonne,7.384986107,48.102530621,QIXnJ
A1610030,A161003001,2009-09-17,9042.0,2026-06-01T04:56:12Z,16,Donnée validée,10,Expertisée,20,Bonne,7.384986107,48.102530621,QIXnJ
A1610030,A161003001,2009-09-18,7927.0,2026-06-01T04:56:12Z,16,Donnée validée,10,Expertisée,20,Bonne,7.384986107,48.102530621,QIXnJ
A1610030,A161003001,2009-09-19,7607.0,2026-06-01T04:56:12Z,16,Donnée validée,10,Expertisée,20,Bonne,7.384986107,48.102530621,QIXnJ
A1610030,A161003001,2009-09-20,7550.0,2026-06-01T04:56:12Z,16,Donnée validée,10,Expertisée,20,Bonne,7.384986107,48.102530621,QIXnJ
A1610030,A161003001,2009-09-21,7425.0,2026-06-01T04:56:12Z,16,Donnée validée,10,Expertisée,20,Bonne,7.384986107,48.102530621,QIXnJ
A1610030,A161003001,2009-09-22,7160.0,2026-06-01T04:56:12Z,16,Donnée validée,10,Expertisée,20,Bonne,7.384986107,48.102530621,QIXnJ
A1610030,A161003001,2009-09-23,6895.0,2026-06-01T04:56:12Z,16,Donnée validée,10,Expertisée,20,Bonne,7.384986107,48.102530621,QIXnJ
A1610030,A161003001,2009-09-24,6583.0,2026-06-01T04:56:12Z,16,Donnée validée,10,Expertisée,20,Bonne,7.384986107,48.102530621,QIXnJ
A1610030,A161003001,2009-09-25,6248.0,2026-06-01T04:56:12Z,16,Donnée validée,10,Expertisée,20,Bonne,7.384986107,48.102530621,QIXnJ
A1610030,A161003001,2009-09-26,6235.0,2026-06-01T04:56:12Z,16,Donnée validée,10,Expertisée,20,Bonne,7.384986107,48.102530621,QIXnJ
A1610030,A161003001,2009-09-27,6525.0,2026-06-01T04:56:12Z,16,Donnée validée,10,Expertisée,20,Bonne,7.384986107,48.102530621,QIXnJ
A1610030,A161003001,2009-09-28,6271.0,2026-06-01T04:56:12Z,16,Donnée validée,10,Expertisée,20,Bonne,7.384986107,48.102530621,QIXnJ
A1610030,A161003001,2009-09-29,5999.0,2026-06-01T04:56:12Z,16,Donnée validée,10,Expertisée,20,Bonne,7.384986107,48.102530621,QIXnJ
A1610030,A161003001,2009-09-30,5937.0,2026-06-01T04:56:12Z,16,Donnée validée,10,Expertisée,20,Bonne,7.384986107,48.102530621,QIXnJ
A1610030,A161003001,2009-10-01,5873.0,2026-06-01T04:56:12Z,16,Donnée validée,10,Expertisée,20,Bonne,7.384986107,48.102530621,QIXnJ
A1610030,A161003001,2009-10-02,5797.0,2026-06-01T04:56:12Z,16,Donnée validée,10,Expertisée,20,Bonne,7.384986107,48.102530621,QIXnJ
A1610030,A161003001,2009-10-03,5924.0,2026-06-01T04:56:12Z,16,Donnée validée,10,Expertisée,20,Bonne,7.384986107,48.102530621,QIXnJ
A1610030,A161003001,2009-10-04,5772.0,2026-06-01T04:56:12Z,16,Donnée validée,10,Expertisée,20,Bonne,7.384986107,48.102530621,QIXnJ
A1610030,A161003001,2009-10-05,5555.0,2026-06-01T04:56:12Z,16,Donnée validée,10,Expertisée,20,Bonne,7.384986107,48.102530621,QIXnJ
A1610030,A161003001,2009-10-06,5844.0,2026-06-01T04:56:12Z,16,Donnée validée,10,Expertisée,20,Bonne,7.384986107,48.102530621,QIXnJ
A1610030,A161003001,2009-10-07,5749.0,2026-06-01T04:56:12Z,16,Donnée validée,10,Expertisée,20,Bonne,7.384986107,48.102530621,QIXnJ
A1610030,A161003001,2009-10-08,11417.0,2026-06-01T04:56:12Z,16,Donnée validée,10,Expertisée,20,Bonne,7.384986107,48.102530621,QIXnJ
A1610030,A161003001,2009-10-09,12526.0,2026-06-01T04:56:12Z,16,Donnée validée,10,Expertisée,20,Bonne,7.384986107,48.102530621,QIXnJ
A1610030,A161003001,2009-10-10,9703.0,2026-06-01T04:56:12Z,16,Donnée validée,10,Expertisée,20,Bonne,7.384986107,48.102530621,QIXnJ
A1610030,A161003001,2009-10-11,9968.0,2026-06-01T04:56:12Z,16,Donnée validée,10,Expertisée,20,Bonne,7.384986107,48.102530621,QIXnJ
A1610030,A161003001,2009-10-12,8229.0,2026-06-01T04:56:12Z,16,Donnée validée,10,Expertisée,20,Bonne,7.384986107,48.102530621,QIXnJ
A1610030,A161003001,2009-10-13,8663.0,2026-06-01T04:56:12Z,16,Donnée validée,10,Expertisée,20,Bonne,7.384986107,48.102530621,QIXnJ
A1610030,A161003001,2009-10-14,7757.0,2026-06-01T04:56:12Z,16,Donnée validée,10,Expertisée,20,Bonne,7.384986107,48.102530621,QIXnJ
A1610030,A161003001,2009-10-15,7208.0,2026-06-01T04:56:12Z,16,Donnée validée,10,Expertisée,20,Bonne,7.384986107,48.102530621,QIXnJ
A1610030,A161003001,2009-10-16,7218.0,2026-06-01T04:56:12Z,16,Donnée validée,10,Expertisée,20,Bonne,7.384986107,48.102530621,QIXnJ
A1610030,A161003001,2009-10-17,7229.0,2026-06-01T04:56:12Z,16,Donnée validée,10,Expertisée,20,Bonne,7.384986107,48.102530621,QIXnJ
A1610030,A161003001,2009-10-18,7335.0,2026-06-01T04:56:12Z,16,Donnée validée,10,Expertisée,20,Bonne,7.384986107,48.102530621,QIXnJ
A1610030,A161003001,2009-10-19,7547.0,2026-06-01T04:56:12Z,16,Donnée validée,10,Expertisée,20,Bonne,7.384986107,48.102530621,QIXnJ
A1610030,A161003001,2009-10-20,7678.0,2026-06-01T04:56:12Z,16,Donnée validée,10,Expertisée,20,Bonne,7.384986107,48.102530621,QIXnJ
A1610030,A161003001,2009-10-21,7644.0,2026-06-01T04:56:12Z,16,Donnée validée,10,Expertisée,20,Bonne,7.384986107,48.102530621,QIXnJ
A1610030,A161003001,2009-10-22,7553.0,2026-06-01T04:56:12Z,16,Donnée validée,10,Expertisée,20,Bonne,7.384986107,48.102530621,QIXnJ
A1610030,A161003001,2009-10-23,7978.0,2026-06-01T04:56:12Z,16,Donnée validée,10,Expertisée,20,Bonne,7.384986107,48.102530621,QIXnJ
A1610030,A161003001,2009-10-24,8329.0,2026-06-01T04:56:12Z,16,Donnée validée,10,Expertisée,20,Bonne,7.384986107,48.102530621,QIXnJ
A1610030,A161003001,2009-10-25,8000.0,2026-06-01T04:56:12Z,16,Donnée validée,10,Expertisée,20,Bonne,7.384986107,48.102530621,QIXnJ
A1610030,A161003001,2009-10-26,7394.0,2026-06-01T04:56:12Z,16,Donnée validée,10,Expertisée,20,Bonne,7.384986107,48.102530621,QIXnJ
A1610030,A161003001,2009-10-27,7065.0,2026-06-01T04:56:12Z,16,Donnée validée,10,Expertisée,20,Bonne,7.384986107,48.102530621,QIXnJ
A1610030,A161003001,2009-10-28,6882.0,2026-06-01T04:56:12Z,16,Donnée validée,10,Expertisée,20,Bonne,7.384986107,48.102530621,QIXnJ
A1610030,A161003001,2009-10-29,7832.0,2026-06-01T04:56:12Z,16,Donnée validée,10,Expertisée,20,Bonne,7.384986107,48.102530621,QIXnJ
A1610030,A161003001,2009-10-30,7817.0,2026-06-01T04:56:12Z,16,Donnée validée,10,Expertisée,20,Bonne,7.384986107,48.102530621,QIXnJ
A1610030,A161003001,2009-10-31,7783.0,2026-06-01T04:56:12Z,16,Donnée validée,10,Expertisée,20,Bonne,7.384986107,48.102530621,QIXnJ
A1610030,A161003001,2009-11-01,7748.0,2026-06-01T04:56:12Z,16,Donnée validée,10,Expertisée,20,Bonne,7.384986107,48.102530621,QIXnJ
A1610030,A161003001,2009-11-02,9079.0,2026-06-01T04:56:12Z,16,Donnée validée,10,Expertisée,20,Bonne,7.384986107,48.102530621,QIXnJ
A1610030,A161003001,2009-11-03,11396.0,2026-06-01T04:56:12Z,16,Donnée validée,10,Expertisée,20,Bonne,7.384986107,48.102530621,QIXnJ
A1610030,A161003001,2009-11-04,21819.0,2026-06-01T04:56:12Z,16,Donnée validée,10,Expertisée,20,Bonne,7.384986107,48.102530621,QIXnJ
A1610030,A161003001,2009-11-05,20586.0,2026-06-01T04:56:12Z,16,Donnée validée,10,Expertisée,20,Bonne,7.384986107,48.102530621,QIXnJ
A1610030,A161003001,2009-11-06,15520.0,2026-06-01T04:56:12Z,16,Donnée validée,10,Expertisée,20,Bonne,7.384986107,48.102530621,QIXnJ
A1610030,A161003001,2009-11-07,13870.0,2026-06-01T04:56:12Z,16,Donnée validée,10,Expertisée,20,Bonne,7.384986107,48.102530621,QIXnJ
A1610030,A161003001,2009-11-08,14263.0,2026-06-01T04:56:12Z,16,Donnée validée,10,Expertisée,20,Bonne,7.384986107,48.102530621,QIXnJ
A1610030,A161003001,2009-11-09,14464.0,2026-06-01T04:56:12Z,16,Donnée validée,10,Expertisée,20,Bonne,7.384986107,48.102530621,QIXnJ
A1610030,A161003001,2009-11-10,15465.0,2026-06-01T04:56:12Z,16,Donnée validée,10,Expertisée,20,Bonne,7.384986107,48.102530621,QIXnJ
A1610030,A161003001,2009-11-11,15290.0,2026-06-01T04:56:12Z,16,Donnée validée,10,Expertisée,20,Bonne,7.384986107,48.102530621,QIXnJ
A1610030,A161003001,2009-11-12,13958.0,2026-06-01T04:56:12Z,16,Donnée validée,10,Expertisée,20,Bonne,7.384986107,48.102530621,QIXnJ
A1610030,A161003001,2009-11-13,13665.0,2026-06-01T04:56:12Z,16,Donnée validée,10,Expertisée,20,Bonne,7.384986107,48.102530621,QIXnJ
A1610030,A161003001,2009-11-14,13837.0,2026-06-01T04:56:12Z,16,Donnée validée,10,Expertisée,20,Bonne,7.384986107,48.102530621,QIXnJ
A1610030,A161003001,2009-11-15,14934.0,2026-06-01T04:56:12Z,16,Donnée validée,10,Expertisée,20,Bonne,7.384986107,48.102530621,QIXnJ
A1610030,A161003001,2009-11-16,17158.0,2026-06-01T04:56:12Z,16,Donnée validée,10,Expertisée,20,Bonne,7.384986107,48.102530621,QIXnJ
A1610030,A161003001,2009-11-17,17960.0,2026-06-01T04:56:12Z,16,Donnée validée,10,Expertisée,20,Bonne,7.384986107,48.102530621,QIXnJ
A1610030,A161003001,2009-11-18,16382.0,2026-06-01T04:56:12Z,16,Donnée validée,10,Expertisée,20,Bonne,7.384986107,48.102530621,QIXnJ
A1610030,A161003001,2009-11-19,15385.0,2026-06-01T04:56:12Z,16,Donnée validée,10,Expertisée,20,Bonne,7.384986107,48.102530621,QIXnJ
A1610030,A161003001,2009-11-20,14065.0,2026-06-01T04:56:12Z,16,Donnée validée,10,Expertisée,20,Bonne,7.384986107,48.102530621,QIXnJ
A1610030,A161003001,2009-11-21,13287.0,2026-06-01T04:56:12Z,16,Donnée validée,10,Expertisée,20,Bonne,7.384986107,48.102530621,QIXnJ
A1610030,A161003001,2009-11-22,12326.0,2026-06-01T04:56:12Z,16,Donnée validée,10,Expertisée,20,Bonne,7.384986107,48.102530621,QIXnJ
A1610030,A161003001,2009-11-23,13251.0,2026-06-01T04:56:12Z,16,Donnée validée,10,Expertisée,20,Bonne,7.384986107,48.102530621,QIXnJ
A1610030,A161003001,2009-11-24,43648.0,2026-06-01T04:56:12Z,16,Donnée validée,10,Expertisée,20,Bonne,7.384986107,48.102530621,QIXnJ
A1610030,A161003001,2009-11-25,44744.0,2026-06-01T04:56:12Z,16,Donnée validée,10,Expertisée,20,Bonne,7.384986107,48.102530621,QIXnJ
A1610030,A161003001,2009-11-26,33678.0,2026-06-01T04:56:12Z,16,Donnée validée,10,Expertisée,20,Bonne,7.384986107,48.102530621,QIXnJ
A1610030,A161003001,2009-11-27,26354.0,2026-06-01T04:56:12Z,16,Donnée validée,10,Expertisée,20,Bonne,7.384986107,48.102530621,QIXnJ
A1610030,A161003001,2009-11-28,23308.0,2026-06-01T04:56:12Z,16,Donnée validée,10,Expertisée,20,Bonne,7.384986107,48.102530621,QIXnJ
A1610030,A161003001,2009-11-29,22009.0,2026-06-01T04:56:12Z,16,Donnée validée,10,Expertisée,20,Bonne,7.384986107,48.102530621,QIXnJ
A1610030,A161003001,2009-11-30,19974.0,2026-06-01T04:56:12Z,16,Donnée validée,10,Expertisée,20,Bonne,7.384986107,48.102530621,QIXnJ
A1610030,A161003001,2009-12-01,22867.0,2026-06-01T04:56:12Z,16,Donnée validée,10,Expertisée,20,Bonne,7.384986107,48.102530621,QIXnJ
A1610030,A161003001,2009-12-02,22415.0,2026-06-01T04:56:12Z,16,Donnée validée,10,Expertisée,20,Bonne,7.384986107,48.102530621,QIXnJ
A1610030,A161003001,2009-12-03,19319.0,2026-06-01T04:56:12Z,16,Donnée validée,10,Expertisée,20,Bonne,7.384986107,48.102530621,QIXnJ
A1610030,A161003001,2009-12-04,17485.0,2026-06-01T04:56:12Z,16,Donnée validée,10,Expertisée,20,Bonne,7.384986107,48.102530621,QIXnJ
A1610030,A161003001,2009-12-05,17090.0,2026-06-01T04:56:12Z,16,Donnée validée,10,Expertisée,20,Bonne,7.384986107,48.102530621,QIXnJ
A1610030,A161003001,2009-12-06,15765.0,2026-06-01T04:56:12Z,16,Donnée validée,10,Expertisée,20,Bonne,7.384986107,48.102530621,QIXnJ
A1610030,A161003001,2009-12-07,17726.0,2026-06-01T04:56:12Z,16,Donnée validée,10,Expertisée,20,Bonne,7.384986107,48.102530621,QIXnJ
A1610030,A161003001,2009-12-08,40221.0,2026-06-01T04:56:12Z,16,Donnée validée,10,Expertisée,20,Bonne,7.384986107,48.102530621,QIXnJ
A1610030,A161003001,2009-12-09,40333.0,2026-06-01T04:56:12Z,16,Donnée validée,10,Expertisée,20,Bonne,7.384986107,48.102530621,QIXnJ
A1610030,A161003001,2009-12-10,30445.0,2026-06-01T04:56:12Z,16,Donnée validée,10,Expertisée,20,Bonne,7.384986107,48.102530621,QIXnJ
A1610030,A161003001,2009-12-11,24948.0,2026-06-01T04:56:12Z,16,Donnée validée,10,Expertisée,20,Bonne,7.384986107,48.102530621,QIXnJ
A1610030,A161003001,2009-12-12,22585.0,2026-06-01T04:56:12Z,16,Donnée validée,10,Expertisée,20,Bonne,7.384986107,48.102530621,QIXnJ
A1610030,A161003001,2009-12-13,21051.0,2026-06-01T04:56:12Z,16,Donnée validée,10,Expertisée,20,Bonne,7.384986107,48.102530621,QIXnJ
A1610030,A161003001,2009-12-14,19517.0,2026-06-01T04:56:12Z,16,Donnée validée,10,Expertisée,20,Bonne,7.384986107,48.102530621,QIXnJ
A1610030,A161003001,2009-12-15,17983.0,2026-06-01T04:56:12Z,16,Donnée validée,10,Expertisée,20,Bonne,7.384986107,48.102530621,QIXnJ
A1610030,A161003001,2009-12-16,16449.0,2026-06-01T04:56:12Z,16,Donnée validée,10,Expertisée,20,Bonne,7.384986107,48.102530621,QIXnJ
A1610030,A161003001,2009-12-17,15013.0,2026-06-01T04:56:12Z,16,Donnée validée,10,Expertisée,20,Bonne,7.384986107,48.102530621,QIXnJ
A1610030,A161003001,2009-12-18,14544.0,2026-06-01T04:56:12Z,16,Donnée validée,10,Expertisée,20,Bonne,7.384986107,48.102530621,QIXnJ
A1610030,A161003001,2009-12-19,15183.0,2026-06-01T04:56:12Z,16,Donnée validée,10,Expertisée,20,Bonne,7.384986107,48.102530621,QIXnJ
A1610030,A161003001,2009-12-20,13191.0,2026-06-01T04:56:12Z,16,Donnée validée,10,Expertisée,20,Bonne,7.384986107,48.102530621,QIXnJ
A1610030,A161003001,2009-12-21,18287.0,2026-06-01T04:56:12Z,16,Donnée validée,10,Expertisée,20,Bonne,7.384986107,48.102530621,QIXnJ
A1610030,A161003001,2009-12-22,28405.0,2026-06-01T04:56:12Z,16,Donnée validée,10,Expertisée,20,Bonne,7.384986107,48.102530621,QIXnJ
A1610030,A161003001,2009-12-23,56201.0,2026-06-01T04:56:12Z,16,Donnée validée,10,Expertisée,20,Bonne,7.384986107,48.102530621,QIXnJ
A1610030,A161003001,2009-12-24,71525.0,2026-06-01T04:56:12Z,16,Donnée validée,10,Expertisée,20,Bonne,7.384986107,48.102530621,QIXnJ
A1610030,A161003001,2009-12-25,121051.0,2026-06-01T04:56:12Z,16,Donnée validée,10,Expertisée,20,Bonne,7.384986107,48.102530621,QIXnJ
A1610030,A161003001,2009-12-26,120909.0,2026-06-01T04:56:12Z,16,Donnée validée,10,Expertisée,20,Bonne,7.384986107,48.102530621,QIXnJ
A1610030,A161003001,2009-12-27,69359.0,2026-06-01T04:56:12Z,16,Donnée validée,10,Expertisée,20,Bonne,7.384986107,48.102530621,QIXnJ
A1610030,A161003001,2009-12-28,44998.0,2026-06-01T04:56:12Z,16,Donnée validée,10,Expertisée,20,Bonne,7.384986107,48.102530621,QIXnJ
A1610030,A161003001,2009-12-29,59412.0,2026-06-01T04:56:12Z,16,Donnée validée,10,Expertisée,20,Bonne,7.384986107,48.102530621,QIXnJ
A1610030,A161003001,2009-12-30,117455.0,2026-06-01T04:56:12Z,16,Donnée validée,10,Expertisée,20,Bonne,7.384986107,48.102530621,QIXnJ
A1610030,A161003001,2009-12-31,135911.0,2026-06-01T04:56:12Z,16,Donnée validée,10,Expertisée,20,Bonne,7.384986107,48.102530621,QIXnJ
A1610030,A161003001,2010-01-01,134096.0,2026-06-01T04:56:12Z,16,Donnée validée,10,Expertisée,20,Bonne,7.384986107,48.102530621,QIXnJ
A1610030,A161003001,2010-01-02,94731.0,2026-06-01T04:56:12Z,16,Donnée validée,10,Expertisée,20,Bonne,7.384986107,48.102530621,QIXnJ
A1610030,A161003001,2010-01-03,64557.0,2026-06-01T04:56:12Z,16,Donnée validée,10,Expertisée,20,Bonne,7.384986107,48.102530621,QIXnJ
A1610030,A161003001,2010-01-04,44867.0,2026-06-01T04:56:12Z,16,Donnée validée,10,Expertisée,20,Bonne,7.384986107,48.102530621,QIXnJ
A1610030,A161003001,2010-01-05,34934.0,2026-06-01T04:56:12Z,16,Donnée validée,10,Expertisée,20,Bonne,7.384986107,48.102530621,QIXnJ
A1610030,A161003001,2010-01-06,32151.0,2026-06-01T04:56:12Z,16,Donnée validée,10,Expertisée,20,Bonne,7.384986107,48.102530621,QIXnJ
A1610030,A161003001,2010-01-07,28496.0,2026-06-01T04:56:12Z,16,Donnée validée,10,Expertisée,20,Bonne,7.384986107,48.102530621,QIXnJ
A1610030,A161003001,2010-01-08,25511.0,2026-06-01T04:56:12Z,16,Donnée validée,10,Expertisée,20,Bonne,7.384986107,48.102530621,QIXnJ
A1610030,A161003001,2010-01-09,23492.0,2026-06-01T04:56:12Z,16,Donnée validée,10,Expertisée,20,Bonne,7.384986107,48.102530621,QIXnJ
A1610030,A161003001,2010-01-10,21907.0,2026-06-01T04:56:12Z,16,Donnée validée,10,Expertisée,20,Bonne,7.384986107,48.102530621,QIXnJ
A1610030,A161003001,2010-01-11,20322.0,2026-06-01T04:56:12Z,16,Donnée validée,10,Expertisée,20,Bonne,7.384986107,48.102530621,QIXnJ
A1610030,A161003001,2010-01-12,19171.0,2026-06-01T04:56:12Z,16,Donnée validée,10,Expertisée,20,Bonne,7.384986107,48.102530621,QIXnJ
A1610030,A161003001,2010-01-13,18777.0,2026-06-01T04:56:12Z,16,Donnée validée,10,Expertisée,20,Bonne,7.384986107,48.102530621,QIXnJ
A1610030,A161003001,2010-01-14,19252.0,2026-06-01T04:56:12Z,16,Donnée validée,10,Expertisée,20,Bonne,7.384986107,48.102530621,QIXnJ
A1610030,A161003001,2010-01-15,18235.0,2026-06-01T04:56:12Z,16,Donnée validée,10,Expertisée,20,Bonne,7.384986107,48.102530621,QIXnJ
A1610030,A161003001,2010-01-16,17213.0,2026-06-01T04:56:12Z,16,Donnée validée,10,Expertisée,20,Bonne,7.384986107,48.102530621,QIXnJ
A1610030,A161003001,2010-01-17,52776.0,2026-06-01T04:56:12Z,16,Donnée validée,10,Expertisée,20,Bonne,7.384986107,48.102530621,QIXnJ
A1610030,A161003001,2010-01-18,67520.0,2026-06-01T04:56:12Z,16,Donnée validée,10,Expertisée,20,Bonne,7.384986107,48.102530621,QIXnJ
A1610030,A161003001,2010-01-19,49456.0,2026-06-01T04:56:12Z,16,Donnée validée,10,Expertisée,20,Bonne,7.384986107,48.102530621,QIXnJ
A1610030,A161003001,2010-01-20,37746.0,2026-06-01T04:56:12Z,16,Donnée validée,10,Expertisée,20,Bonne,7.384986107,48.102530621,QIXnJ
A1610030,A161003001,2010-01-21,30218.0,2026-06-01T04:56:12Z,16,Donnée validée,10,Expertisée,20,Bonne,7.384986107,48.102530621,QIXnJ
A1610030,A161003001,2010-01-22,29379.0,2026-06-01T04:56:12Z,16,Donnée validée,10,Expertisée,20,Bonne,7.384986107,48.102530621,QIXnJ
A1610030,A161003001,2010-01-23,27430.0,2026-06-01T04:56:12Z,16,Donnée validée,10,Expertisée,20,Bonne,7.384986107,48.102530621,QIXnJ
A1610030,A161003001,2010-01-24,24556.0,2026-06-01T04:56:12Z,16,Donnée validée,10,Expertisée,20,Bonne,7.384986107,48.102530621,QIXnJ
A1610030,A161003001,2010-01-25,22713.0,2026-06-01T04:56:12Z,16,Donnée validée,10,Expertisée,20,Bonne,7.384986107,48.102530621,QIXnJ
A1610030,A161003001,2010-01-26,21545.0,2026-06-01T04:56:12Z,16,Donnée validée,10,Expertisée,20,Bonne,7.384986107,48.102530621,QIXnJ
A1610030,A161003001,2010-01-27,20038.0,2026-06-01T04:56:12Z,16,Donnée validée,10,Expertisée,20,Bonne,7.384986107,48.102530621,QIXnJ
A1610030,A161003001,2010-01-28,18585.0,2026-06-01T04:56:12Z,16,Donnée validée,10,Expertisée,20,Bonne,7.384986107,48.102530621,QIXnJ
A1610030,A161003001,2010-01-29,18433.0,2026-06-01T04:56:12Z,16,Donnée validée,10,Expertisée,20,Bonne,7.384986107,48.102530621,QIXnJ
A1610030,A161003001,2010-01-30,21742.0,2026-06-01T04:56:12Z,16,Donnée validée,10,Expertisée,20,Bonne,7.384986107,48.102530621,QIXnJ
A1610030,A161003001,2010-01-31,20921.0,2026-06-01T04:56:12Z,16,Donnée validée,10,Expertisée,20,Bonne,7.384986107,48.102530621,QIXnJ
A1610030,A161003001,2010-02-01,18526.0,2026-06-01T04:56:12Z,16,Donnée validée,10,Expertisée,20,Bonne,7.384986107,48.102530621,QIXnJ
A1610030,A161003001,2010-02-02,17609.0,2026-06-01T04:56:12Z,16,Donnée validée,10,Expertisée,20,Bonne,7.384986107,48.102530621,QIXnJ
A1610030,A161003001,2010-02-03,35642.0,2026-06-01T04:56:12Z,16,Donnée validée,10,Expertisée,20,Bonne,7.384986107,48.102530621,QIXnJ
A1610030,A161003001,2010-02-04,41315.0,2026-06-01T04:56:12Z,16,Donnée validée,10,Expertisée,20,Bonne,7.384986107,48.102530621,QIXnJ
A1610030,A161003001,2010-02-05,52996.0,2026-06-01T04:56:12Z,16,Donnée validée,10,Expertisée,20,Bonne,7.384986107,48.102530621,QIXnJ
A1610030,A161003001,2010-02-06,63799.0,2026-06-01T04:56:12Z,16,Donnée validée,10,Expertisée,20,Bonne,7.384986107,48.102530621,QIXnJ
A1610030,A161003001,2010-02-07,53584.0,2026-06-01T04:56:12Z,16,Donnée validée,10,Expertisée,20,Bonne,7.384986107,48.102530621,QIXnJ
A1610030,A161003001,2010-02-08,36551.0,2026-06-01T04:56:12Z,16,Donnée validée,10,Expertisée,20,Bonne,7.384986107,48.102530621,QIXnJ
A1610030,A161003001,2010-02-09,33042.0,2026-06-01T04:56:12Z,16,Donnée validée,10,Expertisée,20,Bonne,7.384986107,48.102530621,QIXnJ
A1610030,A161003001,2010-02-10,28557.0,2026-06-01T04:56:12Z,16,Donnée validée,10,Expertisée,20,Bonne,7.384986107,48.102530621,QIXnJ
A1610030,A161003001,2010-02-11,24568.0,2026-06-01T04:56:12Z,16,Donnée validée,10,Expertisée,20,Bonne,7.384986107,48.102530621,QIXnJ
A1610030,A161003001,2010-02-12,22048.0,2026-06-01T04:56:12Z,16,Donnée validée,10,Expertisée,20,Bonne,7.384986107,48.102530621,QIXnJ
A1610030,A161003001,2010-02-13,20465.0,2026-06-01T04:56:12Z,16,Donnée validée,10,Expertisée,20,Bonne,7.384986107,48.102530621,QIXnJ
A1610030,A161003001,2010-02-14,18693.0,2026-06-01T04:56:12Z,16,Donnée validée,10,Expertisée,20,Bonne,7.384986107,48.102530621,QIXnJ
A1610030,A161003001,2010-02-15,16522.0,2026-06-01T04:56:12Z,16,Donnée validée,10,Expertisée,20,Bonne,7.384986107,48.102530621,QIXnJ
A1610030,A161003001,2010-02-16,15788.0,2026-06-01T04:56:12Z,16,Donnée validée,10,Expertisée,20,Bonne,7.384986107,48.102530621,QIXnJ
A1610030,A161003001,2010-02-17,19639.0,2026-06-01T04:56:12Z,16,Donnée validée,10,Expertisée,20,Bonne,7.384986107,48.102530621,QIXnJ
A1610030,A161003001,2010-02-18,35824.0,2026-06-01T04:56:12Z,16,Donnée validée,10,Expertisée,20,Bonne,7.384986107,48.102530621,QIXnJ
A1610030,A161003001,2010-02-19,51196.0,2026-06-01T04:56:12Z,16,Donnée validée,10,Expertisée,20,Bonne,7.384986107,48.102530621,QIXnJ
A1610030,A161003001,2010-02-20,62520.0,2026-06-01T04:56:12Z,16,Donnée validée,10,Expertisée,20,Bonne,7.384986107,48.102530621,QIXnJ
A1610030,A161003001,2010-02-21,49434.0,2026-06-01T04:56:12Z,16,Donnée validée,10,Expertisée,20,Bonne,7.384986107,48.102530621,QIXnJ
A1610030,A161003001,2010-02-22,48462.0,2026-06-01T04:56:12Z,16,Donnée validée,10,Expertisée,20,Bonne,7.384986107,48.102530621,QIXnJ
A1610030,A161003001,2010-02-23,71033.0,2026-06-01T04:56:12Z,16,Donnée validée,10,Expertisée,20,Bonne,7.384986107,48.102530621,QIXnJ
A1610030,A161003001,2010-02-24,80987.0,2026-06-01T04:56:12Z,16,Donnée validée,10,Expertisée,20,Bonne,7.384986107,48.102530621,QIXnJ
A1610030,A161003001,2010-02-25,77762.0,2026-06-01T04:56:12Z,16,Donnée validée,10,Expertisée,20,Bonne,7.384986107,48.102530621,QIXnJ
A1610030,A161003001,2010-02-26,131683.0,2026-06-01T04:56:12Z,16,Donnée validée,10,Expertisée,20,Bonne,7.384986107,48.102530621,QIXnJ
A1610030,A161003001,2010-02-27,133344.0,2026-06-01T04:56:12Z,16,Donnée validée,10,Expertisée,20,Bonne,7.384986107,48.102530621,QIXnJ
A1610030,A161003001,2010-02-28,93000.0,2026-06-01T04:56:12Z,16,Donnée validée,10,Expertisée,20,Bonne,7.384986107,48.102530621,QIXnJ
A1610030,A161003001,2010-03-01,75302.0,2026-06-01T04:56:12Z,16,Donnée validée,10,Expertisée,20,Bonne,7.384986107,48.102530621,QIXnJ
A1610030,A161003001,2010-03-02,58296.0,2026-06-01T04:56:12Z,16,Donnée validée,10,Expertisée,20,Bonne,7.384986107,48.102530621,QIXnJ
A1610030,A161003001,2010-03-03,49272.0,2026-06-01T04:56:12Z,16,Donnée validée,10,Expertisée,20,Bonne,7.384986107,48.102530621,QIXnJ
A1610030,A161003001,2010-03-04,41681.0,2026-06-01T04:56:12Z,16,Donnée validée,10,Expertisée,20,Bonne,7.384986107,48.102530621,QIXnJ
A1610030,A161003001,2010-03-05,35293.0,2026-06-01T04:56:12Z,16,Donnée validée,10,Expertisée,20,Bonne,7.384986107,48.102530621,QIXnJ
A1610030,A161003001,2010-03-06,29517.0,2026-06-01T04:56:12Z,16,Donnée validée,10,Expertisée,20,Bonne,7.384986107,48.102530621,QIXnJ
A1610030,A161003001,2010-03-07,27060.0,2026-06-01T04:56:12Z,16,Donnée validée,10,Expertisée,20,Bonne,7.384986107,48.102530621,QIXnJ
A1610030,A161003001,2010-03-08,24672.0,2026-06-01T04:56:12Z,16,Donnée validée,10,Expertisée,20,Bonne,7.384986107,48.102530621,QIXnJ
A1610030,A161003001,2010-03-09,22708.0,2026-06-01T04:56:12Z,16,Donnée validée,10,Expertisée,20,Bonne,7.384986107,48.102530621,QIXnJ
A1610030,A161003001,2010-03-10,20208.0,2026-06-01T04:56:12Z,16,Donnée validée,10,Expertisée,20,Bonne,7.384986107,48.102530621,QIXnJ
A1610030,A161003001,2010-03-11,18585.0,2026-06-01T04:56:12Z,16,Donnée validée,10,Expertisée,20,Bonne,7.384986107,48.102530621,QIXnJ
A1610030,A161003001,2010-03-12,17819.0,2026-06-01T04:56:12Z,16,Donnée validée,10,Expertisée,20,Bonne,7.384986107,48.102530621,QIXnJ
A1610030,A161003001,2010-03-13,16376.0,2026-06-01T04:56:12Z,16,Donnée validée,10,Expertisée,20,Bonne,7.384986107,48.102530621,QIXnJ
A1610030,A161003001,2010-03-14,15587.0,2026-06-01T04:56:12Z,16,Donnée validée,10,Expertisée,20,Bonne,7.384986107,48.102530621,QIXnJ
A1610030,A161003001,2010-03-15,14925.0,2026-06-01T04:56:12Z,16,Donnée validée,10,Expertisée,20,Bonne,7.384986107,48.102530621,QIXnJ
A1610030,A161003001,2010-03-16,16102.0,2026-06-01T04:56:12Z,16,Donnée validée,10,Expertisée,20,Bonne,7.384986107,48.102530621,QIXnJ
A1610030,A161003001,2010-03-17,15611.0,2026-06-01T04:56:12Z,16,Donnée validée,10,Expertisée,20,Bonne,7.384986107,48.102530621,QIXnJ
A1610030,A161003001,2010-03-18,14272.0,2026-06-01T04:56:12Z,16,Donnée validée,10,Expertisée,20,Bonne,7.384986107,48.102530621,QIXnJ
A1610030,A161003001,2010-03-19,13480.0,2026-06-01T04:56:12Z,16,Donnée validée,10,Expertisée,20,Bonne,7.384986107,48.102530621,QIXnJ
A1610030,A161003001,2010-03-20,13975.0,2026-06-01T04:56:12Z,16,Donnée validée,10,Expertisée,20,Bonne,7.384986107,48.102530621,QIXnJ
A1610030,A161003001,2010-03-21,24926.0,2026-06-01T04:56:12Z,16,Donnée validée,10,Expertisée,20,Bonne,7.384986107,48.102530621,QIXnJ
A1610030,A161003001,2010-03-22,26452.0,2026-06-01T04:56:12Z,16,Donnée validée,10,Expertisée,20,Bonne,7.384986107,48.102530621,QIXnJ
A1610030,A161003001,2010-03-23,23991.0,2026-06-01T04:56:12Z,16,Donnée validée,10,Expertisée,20,Bonne,7.384986107,48.102530621,QIXnJ
A1610030,A161003001,2010-03-24,20935.0,2026-06-01T04:56:12Z,16,Donnée validée,10,Expertisée,20,Bonne,7.384986107,48.102530621,QIXnJ
A1610030,A161003001,2010-03-25,19418.0,2026-06-01T04:56:12Z,16,Donnée validée,10,Expertisée,20,Bonne,7.384986107,48.102530621,QIXnJ
A1610030,A161003001,2010-03-26,19517.0,2026-06-01T04:56:12Z,16,Donnée validée,10,Expertisée,20,Bonne,7.384986107,48.102530621,QIXnJ
A1610030,A161003001,2010-03-27,21800.0,2026-06-01T04:56:12Z,16,Donnée validée,10,Expertisée,20,Bonne,7.384986107,48.102530621,QIXnJ
A1610030,A161003001,2010-03-28,26699.0,2026-06-01T04:56:12Z,16,Donnée validée,10,Expertisée,20,Bonne,7.384986107,48.102530621,QIXnJ
A1610030,A161003001,2010-03-29,39127.0,2026-06-01T04:56:12Z,16,Donnée validée,10,Expertisée,20,Bonne,7.384986107,48.102530621,QIXnJ
A1610030,A161003001,2010-03-30,37968.0,2026-06-01T04:56:12Z,16,Donnée validée,10,Expertisée,20,Bonne,7.384986107,48.102530621,QIXnJ
A1610030,A161003001,2010-03-31,32955.0,2026-06-01T04:56:12Z,16,Donnée validée,10,Expertisée,20,Bonne,7.384986107,48.102530621,QIXnJ
A1610030,A161003001,2010-04-01,30726.0,2026-06-01T04:56:12Z,16,Donnée validée,10,Expertisée,20,Bonne,7.384986107,48.102530621,QIXnJ
A1610030,A161003001,2010-04-02,30086.0,2026-06-01T04:56:12Z,16,Donnée validée,10,Expertisée,20,Bonne,7.384986107,48.102530621,QIXnJ
A1610030,A161003001,2010-04-03,28029.0,2026-06-01T04:56:12Z,16,Donnée validée,10,Expertisée,20,Bonne,7.384986107,48.102530621,QIXnJ
A1610030,A161003001,2010-04-04,41860.0,2026-06-01T04:56:12Z,16,Donnée validée,10,Expertisée,20,Bonne,7.384986107,48.102530621,QIXnJ
A1610030,A161003001,2010-04-05,39623.0,2026-06-01T04:56:12Z,16,Donnée validée,10,Expertisée,20,Bonne,7.384986107,48.102530621,QIXnJ
A1610030,A161003001,2010-04-06,31142.0,2026-06-01T04:56:12Z,16,Donnée validée,10,Expertisée,20,Bonne,7.384986107,48.102530621,QIXnJ
A1610030,A161003001,2010-04-07,27614.0,2026-06-01T04:56:12Z,16,Donnée validée,10,Expertisée,20,Bonne,7.384986107,48.102530621,QIXnJ
A1610030,A161003001,2010-04-08,24252.0,2026-06-01T04:56:12Z,16,Donnée validée,10,Expertisée,20,Bonne,7.384986107,48.102530621,QIXnJ
A1610030,A161003001,2010-04-09,21602.0,2026-06-01T04:56:12Z,16,Donnée validée,10,Expertisée,20,Bonne,7.384986107,48.102530621,QIXnJ
A1610030,A161003001,2010-04-10,20022.0,2026-06-01T04:56:12Z,16,Donnée validée,10,Expertisée,20,Bonne,7.384986107,48.102530621,QIXnJ
A1610030,A161003001,2010-04-11,18357.0,2026-06-01T04:56:12Z,16,Donnée validée,10,Expertisée,20,Bonne,7.384986107,48.102530621,QIXnJ
A1610030,A161003001,2010-04-12,17364.0,2026-06-01T04:56:12Z,16,Donnée validée,10,Expertisée,20,Bonne,7.384986107,48.102530621,QIXnJ
A1610030,A161003001,2010-04-13,16139.0,2026-06-01T04:56:12Z,16,Donnée validée,10,Expertisée,20,Bonne,7.384986107,48.102530621,QIXnJ
A1610030,A161003001,2010-04-14,15222.0,2026-06-01T04:56:12Z,16,Donnée validée,10,Expertisée,20,Bonne,7.384986107,48.102530621,QIXnJ
A1610030,A161003001,2010-04-15,14264.0,2026-06-01T04:56:12Z,16,Donnée validée,10,Expertisée,20,Bonne,7.384986107,48.102530621,QIXnJ
A1610030,A161003001,2010-04-16,13207.0,2026-06-01T04:56:12Z,16,Donnée validée,10,Expertisée,20,Bonne,7.384986107,48.102530621,QIXnJ
A1610030,A161003001,2010-04-17,12756.0,2026-06-01T04:56:12Z,16,Donnée validée,10,Expertisée,20,Bonne,7.384986107,48.102530621,QIXnJ
A1610030,A161003001,2010-04-18,11734.0,2026-06-01T04:56:12Z,16,Donnée validée,10,Expertisée,20,Bonne,7.384986107,48.102530621,QIXnJ
A1610030,A161003001,2010-04-19,11184.0,2026-06-01T04:56:12Z,16,Donnée validée,10,Expertisée,20,Bonne,7.384986107,48.102530621,QIXnJ
A1610030,A161003001,2010-04-20,10603.0,2026-06-01T04:56:12Z,16,Donnée validée,10,Expertisée,20,Bonne,7.384986107,48.102530621,QIXnJ
A1610030,A161003001,2010-04-21,10198.0,2026-06-01T04:56:12Z,16,Donnée validée,10,Expertisée,20,Bonne,7.384986107,48.102530621,QIXnJ
A1610030,A161003001,2010-04-22,10048.0,2026-06-01T04:56:12Z,16,Donnée validée,10,Expertisée,20,Bonne,7.384986107,48.102530621,QIXnJ
A1610030,A161003001,2010-04-23,9132.0,2026-06-01T04:56:12Z,16,Donnée validée,10,Expertisée,20,Bonne,7.384986107,48.102530621,QIXnJ
A1610030,A161003001,2010-04-24,8496.0,2026-06-01T04:56:12Z,16,Donnée validée,10,Expertisée,20,Bonne,7.384986107,48.102530621,QIXnJ
A1610030,A161003001,2010-04-25,8070.0,2026-06-01T04:56:12Z,16,Donnée validée,10,Expertisée,20,Bonne,7.384986107,48.102530621,QIXnJ
A1610030,A161003001,2010-04-26,8495.0,2026-06-01T04:56:12Z,16,Donnée validée,10,Expertisée,20,Bonne,7.384986107,48.102530621,QIXnJ
A1610030,A161003001,2010-04-27,8073.0,2026-06-01T04:56:12Z,16,Donnée validée,10,Expertisée,20,Bonne,7.384986107,48.102530621,QIXnJ
A1610030,A161003001,2010-04-28,10039.0,2026-06-01T04:56:12Z,16,Donnée validée,10,Expertisée,20,Bonne,7.384986107,48.102530621,QIXnJ
A1610030,A161003001,2010-04-29,9989.0,2026-06-01T04:56:12Z,16,Donnée validée,10,Expertisée,20,Bonne,7.384986107,48.102530621,QIXnJ
A1610030,A161003001,2010-04-30,11151.0,2026-06-01T04:56:12Z,16,Donnée validée,10,Expertisée,20,Bonne,7.384986107,48.102530621,QIXnJ
A1610030,A161003001,2010-05-01,10973.0,2026-06-01T04:56:12Z,16,Donnée validée,10,Expertisée,20,Bonne,7.384986107,48.102530621,QIXnJ
A1610030,A161003001,2010-05-02,11565.0,2026-06-01T04:56:12Z,16,Donnée validée,10,Expertisée,20,Bonne,7.384986107,48.102530621,QIXnJ
A1610030,A161003001,2010-05-03,13051.0,2026-06-01T04:56:12Z,16,Donnée validée,10,Expertisée,20,Bonne,7.384986107,48.102530621,QIXnJ
A1610030,A161003001,2010-05-04,12027.0,2026-06-01T04:56:12Z,16,Donnée validée,10,Expertisée,20,Bonne,7.384986107,48.102530621,QIXnJ
A1610030,A161003001,2010-05-05,11441.0,2026-06-01T04:56:12Z,16,Donnée validée,10,Expertisée,20,Bonne,7.384986107,48.102530621,QIXnJ
A1610030,A161003001,2010-05-06,15882.0,2026-06-01T04:56:12Z,16,Donnée validée,10,Expertisée,20,Bonne,7.384986107,48.102530621,QIXnJ
A1610030,A161003001,2010-05-07,14505.0,2026-06-01T04:56:12Z,16,Donnée validée,10,Expertisée,20,Bonne,7.384986107,48.102530621,QIXnJ
A1610030,A161003001,2010-05-08,13745.0,2026-06-01T04:56:12Z,16,Donnée validée,10,Expertisée,20,Bonne,7.384986107,48.102530621,QIXnJ
A1610030,A161003001,2010-05-09,14133.0,2026-06-01T04:56:12Z,16,Donnée validée,10,Expertisée,20,Bonne,7.384986107,48.102530621,QIXnJ
A1610030,A161003001,2010-05-10,35025.0,2026-06-01T04:56:12Z,16,Donnée validée,10,Expertisée,20,Bonne,7.384986107,48.102530621,QIXnJ
A1610030,A161003001,2010-05-11,34850.0,2026-06-01T04:56:12Z,16,Donnée validée,10,Expertisée,20,Bonne,7.384986107,48.102530621,QIXnJ
A1610030,A161003001,2010-05-12,29340.0,2026-06-01T04:56:12Z,16,Donnée validée,10,Expertisée,20,Bonne,7.384986107,48.102530621,QIXnJ
A1610030,A161003001,2010-05-13,43427.0,2026-06-01T04:56:12Z,16,Donnée validée,10,Expertisée,20,Bonne,7.384986107,48.102530621,QIXnJ
A1610030,A161003001,2010-05-14,45350.0,2026-06-01T04:56:12Z,16,Donnée validée,10,Expertisée,20,Bonne,7.384986107,48.102530621,QIXnJ
A1610030,A161003001,2010-05-15,32802.0,2026-06-01T04:56:12Z,16,Donnée validée,10,Expertisée,20,Bonne,7.384986107,48.102530621,QIXnJ
A1610030,A161003001,2010-05-16,26808.0,2026-06-01T04:56:12Z,16,Donnée validée,10,Expertisée,20,Bonne,7.384986107,48.102530621,QIXnJ
A1610030,A161003001,2010-05-17,21176.0,2026-06-01T04:56:12Z,16,Donnée validée,10,Expertisée,20,Bonne,7.384986107,48.102530621,QIXnJ
A1610030,A161003001,2010-05-18,18751.0,2026-06-01T04:56:12Z,16,Donnée validée,10,Expertisée,20,Bonne,7.384986107,48.102530621,QIXnJ
A1610030,A161003001,2010-05-19,17086.0,2026-06-01T04:56:12Z,16,Donnée validée,10,Expertisée,20,Bonne,7.384986107,48.102530621,QIXnJ
A1610030,A161003001,2010-05-20,17420.0,2026-06-01T04:56:12Z,16,Donnée validée,10,Expertisée,20,Bonne,7.384986107,48.102530621,QIXnJ
A1610030,A161003001,2010-05-21,16939.0,2026-06-01T04:56:12Z,16,Donnée validée,10,Expertisée,20,Bonne,7.384986107,48.102530621,QIXnJ
A1610030,A161003001,2010-05-22,15273.0,2026-06-01T04:56:12Z,16,Donnée validée,10,Expertisée,20,Bonne,7.384986107,48.102530621,QIXnJ
A1610030,A161003001,2010-05-23,14317.0,2026-06-01T04:56:12Z,16,Donnée validée,10,Expertisée,20,Bonne,7.384986107,48.102530621,QIXnJ
A1610030,A161003001,2010-05-24,12559.0,2026-06-01T04:56:12Z,16,Donnée validée,10,Expertisée,20,Bonne,7.384986107,48.102530621,QIXnJ
A1610030,A161003001,2010-05-25,11559.0,2026-06-01T04:56:12Z,16,Donnée validée,10,Expertisée,20,Bonne,7.384986107,48.102530621,QIXnJ
A1610030,A161003001,2010-05-26,10356.0,2026-06-01T04:56:12Z,16,Donnée validée,10,Expertisée,20,Bonne,7.384986107,48.102530621,QIXnJ
A1610030,A161003001,2010-05-27,10091.0,2026-06-01T04:56:12Z,16,Donnée validée,10,Expertisée,20,Bonne,7.384986107,48.102530621,QIXnJ
A1610030,A161003001,2010-05-28,9874.0,2026-06-01T04:56:12Z,16,Donnée validée,10,Expertisée,20,Bonne,7.384986107,48.102530621,QIXnJ
A1610030,A161003001,2010-05-29,9459.0,2026-06-01T04:56:12Z,16,Donnée validée,10,Expertisée,20,Bonne,7.384986107,48.102530621,QIXnJ
A1610030,A161003001,2010-05-30,10760.0,2026-06-01T04:56:12Z,16,Donnée validée,10,Expertisée,20,Bonne,7.384986107,48.102530621,QIXnJ
A1610030,A161003001,2010-05-31,13792.0,2026-06-01T04:56:12Z,16,Donnée validée,10,Expertisée,20,Bonne,7.384986107,48.102530621,QIXnJ
A1610030,A161003001,2010-06-01,13384.0,2026-06-01T04:56:12Z,16,Donnée validée,10,Expertisée,20,Bonne,7.384986107,48.102530621,QIXnJ
A1610030,A161003001,2010-06-02,11338.0,2026-06-01T04:56:12Z,16,Donnée validée,10,Expertisée,20,Bonne,7.384986107,48.102530621,QIXnJ
A1610030,A161003001,2010-06-03,11188.0,2026-06-01T04:56:12Z,16,Donnée validée,10,Expertisée,20,Bonne,7.384986107,48.102530621,QIXnJ
A1610030,A161003001,2010-06-04,9140.0,2026-06-01T04:56:12Z,16,Donnée validée,10,Expertisée,20,Bonne,7.384986107,48.102530621,QIXnJ
A1610030,A161003001,2010-06-05,9072.0,2026-06-01T04:56:12Z,16,Donnée validée,10,Expertisée,20,Bonne,7.384986107,48.102530621,QIXnJ
A1610030,A161003001,2010-06-06,8061.0,2026-06-01T04:56:12Z,16,Donnée validée,10,Expertisée,20,Bonne,7.384986107,48.102530621,QIXnJ
A1610030,A161003001,2010-06-07,8265.0,2026-06-01T04:56:12Z,16,Donnée validée,10,Expertisée,20,Bonne,7.384986107,48.102530621,QIXnJ
A1610030,A161003001,2010-06-08,8484.0,2026-06-01T04:56:12Z,16,Donnée validée,10,Expertisée,20,Bonne,7.384986107,48.102530621,QIXnJ
A1610030,A161003001,2010-06-09,13989.0,2026-06-01T04:56:12Z,16,Donnée validée,10,Expertisée,20,Bonne,7.384986107,48.102530621,QIXnJ
A1610030,A161003001,2010-06-10,22110.0,2026-06-01T04:56:12Z,16,Donnée validée,10,Expertisée,20,Bonne,7.384986107,48.102530621,QIXnJ
A1610030,A161003001,2010-06-11,17277.0,2026-06-01T04:56:12Z,16,Donnée validée,10,Expertisée,20,Bonne,7.384986107,48.102530621,QIXnJ
A1610030,A161003001,2010-06-12,12593.0,2026-06-01T04:56:12Z,16,Donnée validée,10,Expertisée,20,Bonne,7.384986107,48.102530621,QIXnJ
A1610030,A161003001,2010-06-13,10472.0,2026-06-01T04:56:12Z,16,Donnée validée,10,Expertisée,20,Bonne,7.384986107,48.102530621,QIXnJ
A1610030,A161003001,2010-06-14,9112.0,2026-06-01T04:56:12Z,16,Donnée validée,10,Expertisée,20,Bonne,7.384986107,48.102530621,QIXnJ
A1610030,A161003001,2010-06-15,11682.0,2026-06-01T04:56:12Z,16,Donnée validée,10,Expertisée,20,Bonne,7.384986107,48.102530621,QIXnJ
A1610030,A161003001,2010-06-16,9964.0,2026-06-01T04:56:12Z,16,Donnée validée,10,Expertisée,20,Bonne,7.384986107,48.102530621,QIXnJ
A1610030,A161003001,2010-06-17,12281.0,2026-06-01T04:56:12Z,16,Donnée validée,10,Expertisée,20,Bonne,7.384986107,48.102530621,QIXnJ
A1610030,A161003001,2010-06-18,17612.0,2026-06-01T04:56:12Z,16,Donnée validée,10,Expertisée,20,Bonne,7.384986107,48.102530621,QIXnJ
A1610030,A161003001,2010-06-19,20351.0,2026-06-01T04:56:12Z,16,Donnée validée,10,Expertisée,20,Bonne,7.384986107,48.102530621,QIXnJ
A1610030,A161003001,2010-06-20,25828.0,2026-06-01T04:56:12Z,16,Donnée validée,10,Expertisée,20,Bonne,7.384986107,48.102530621,QIXnJ
A1610030,A161003001,2010-06-21,21452.0,2026-06-01T04:56:12Z,16,Donnée validée,10,Expertisée,20,Bonne,7.384986107,48.102530621,QIXnJ
A1610030,A161003001,2010-06-22,14830.0,2026-06-01T04:56:12Z,16,Donnée validée,10,Expertisée,20,Bonne,7.384986107,48.102530621,QIXnJ
A1610030,A161003001,2010-06-23,12005.0,2026-06-01T04:56:12Z,16,Donnée validée,10,Expertisée,20,Bonne,7.384986107,48.102530621,QIXnJ
A1610030,A161003001,2010-06-24,10734.0,2026-06-01T04:56:12Z,16,Donnée validée,10,Expertisée,20,Bonne,7.384986107,48.102530621,QIXnJ
A1610030,A161003001,2010-06-25,9875.0,2026-06-01T04:56:12Z,16,Donnée validée,10,Expertisée,20,Bonne,7.384986107,48.102530621,QIXnJ
A1610030,A161003001,2010-06-26,8659.0,2026-06-01T04:56:12Z,16,Donnée validée,10,Expertisée,20,Bonne,7.384986107,48.102530621,QIXnJ
A1610030,A161003001,2010-06-27,8136.0,2026-06-01T04:56:12Z,16,Donnée validée,10,Expertisée,20,Bonne,7.384986107,48.102530621,QIXnJ
A1610030,A161003001,2010-06-28,8021.0,2026-06-01T04:56:12Z,16,Donnée validée,10,Expertisée,20,Bonne,7.384986107,48.102530621,QIXnJ
A1610030,A161003001,2010-06-29,7923.0,2026-06-01T04:56:12Z,16,Donnée validée,10,Expertisée,20,Bonne,7.384986107,48.102530621,QIXnJ
A1610030,A161003001,2010-06-30,6514.0,2026-06-01T04:56:12Z,16,Donnée validée,10,Expertisée,20,Bonne,7.384986107,48.102530621,QIXnJ
A1610030,A161003001,2010-07-01,7295.0,2026-06-01T04:56:12Z,16,Donnée validée,10,Expertisée,20,Bonne,7.384986107,48.102530621,QIXnJ
A1610030,A161003001,2010-07-02,7310.0,2026-06-01T04:56:12Z,16,Donnée validée,10,Expertisée,20,Bonne,7.384986107,48.102530621,QIXnJ
A1610030,A161003001,2010-07-03,8213.0,2026-06-01T04:56:12Z,16,Donnée validée,10,Expertisée,20,Bonne,7.384986107,48.102530621,QIXnJ
A1610030,A161003001,2010-07-04,13084.0,2026-06-01T04:56:12Z,16,Donnée validée,10,Expertisée,20,Bonne,7.384986107,48.102530621,QIXnJ
A1610030,A161003001,2010-07-05,13839.0,2026-06-01T04:56:12Z,16,Donnée validée,10,Expertisée,20,Bonne,7.384986107,48.102530621,QIXnJ
A1610030,A161003001,2010-07-06,10585.0,2026-06-01T04:56:12Z,16,Donnée validée,10,Expertisée,20,Bonne,7.384986107,48.102530621,QIXnJ
A1610030,A161003001,2010-07-07,8200.0,2026-06-01T04:56:12Z,16,Donnée validée,10,Expertisée,20,Bonne,7.384986107,48.102530621,QIXnJ
A1610030,A161003001,2010-07-08,6730.0,2026-06-01T04:56:12Z,16,Donnée validée,10,Expertisée,20,Bonne,7.384986107,48.102530621,QIXnJ
A1610030,A161003001,2010-07-09,6063.0,2026-06-01T04:56:12Z,16,Donnée validée,10,Expertisée,20,Bonne,7.384986107,48.102530621,QIXnJ
A1610030,A161003001,2010-07-10,4772.0,2026-06-01T04:56:12Z,16,Donnée validée,10,Expertisée,20,Bonne,7.384986107,48.102530621,QIXnJ
A1610030,A161003001,2010-07-11,4701.0,2026-06-01T04:56:12Z,16,Donnée validée,10,Expertisée,20,Bonne,7.384986107,48.102530621,QIXnJ
A1610030,A161003001,2010-07-12,14741.0,2026-06-01T04:56:12Z,16,Donnée validée,10,Expertisée,20,Bonne,7.384986107,48.102530621,QIXnJ
A1610030,A161003001,2010-07-13,10770.0,2026-06-01T04:56:12Z,16,Donnée validée,10,Expertisée,20,Bonne,7.384986107,48.102530621,QIXnJ
A1610030,A161003001,2010-07-14,6781.0,2026-06-01T04:56:12Z,16,Donnée validée,10,Expertisée,20,Bonne,7.384986107,48.102530621,QIXnJ
A1610030,A161003001,2010-07-15,5064.0,2026-06-01T04:56:12Z,16,Donnée validée,10,Expertisée,20,Bonne,7.384986107,48.102530621,QIXnJ
A1610030,A161003001,2010-07-16,5082.0,2026-06-01T04:56:12Z,16,Donnée validée,10,Expertisée,20,Bonne,7.384986107,48.102530621,QIXnJ
A1610030,A161003001,2010-07-17,4735.0,2026-06-01T04:56:12Z,16,Donnée validée,10,Expertisée,20,Bonne,7.384986107,48.102530621,QIXnJ
A1610030,A161003001,2010-07-18,4477.0,2026-06-01T04:56:12Z,16,Donnée validée,10,Expertisée,20,Bonne,7.384986107,48.102530621,QIXnJ
A1610030,A161003001,2010-07-19,4149.0,2026-06-01T04:56:12Z,16,Donnée validée,10,Expertisée,20,Bonne,7.384986107,48.102530621,QIXnJ
A1610030,A161003001,2010-07-20,4915.0,2026-06-01T04:56:12Z,16,Donnée validée,10,Expertisée,20,Bonne,7.384986107,48.102530621,QIXnJ
A1610030,A161003001,2010-07-21,12178.0,2026-06-01T04:56:12Z,16,Donnée validée,10,Expertisée,20,Bonne,7.384986107,48.102530621,QIXnJ
A1610030,A161003001,2010-07-22,12000.0,2026-06-01T04:56:12Z,16,Donnée validée,10,Expertisée,20,Bonne,7.384986107,48.102530621,QIXnJ
A1610030,A161003001,2010-07-23,12959.0,2026-06-01T04:56:12Z,16,Donnée validée,10,Expertisée,20,Bonne,7.384986107,48.102530621,QIXnJ
A1610030,A161003001,2010-07-24,14970.0,2026-06-01T04:56:12Z,16,Donnée validée,10,Expertisée,20,Bonne,7.384986107,48.102530621,QIXnJ
A1610030,A161003001,2010-07-25,7943.0,2026-06-01T04:56:12Z,16,Donnée validée,10,Expertisée,20,Bonne,7.384986107,48.102530621,QIXnJ
A1610030,A161003001,2010-07-26,8403.0,2026-06-01T04:56:12Z,16,Donnée validée,10,Expertisée,20,Bonne,7.384986107,48.102530621,QIXnJ
A1610030,A161003001,2010-07-27,7668.0,2026-06-01T04:56:12Z,16,Donnée validée,10,Expertisée,20,Bonne,7.384986107,48.102530621,QIXnJ
A1610030,A161003001,2010-07-28,9020.0,2026-06-01T04:56:12Z,16,Donnée validée,10,Expertisée,20,Bonne,7.384986107,48.102530621,QIXnJ
A1610030,A161003001,2010-07-29,8569.0,2026-06-01T04:56:12Z,16,Donnée validée,10,Expertisée,20,Bonne,7.384986107,48.102530621,QIXnJ
A1610030,A161003001,2010-07-30,6683.0,2026-06-01T04:56:12Z,16,Donnée validée,10,Expertisée,20,Bonne,7.384986107,48.102530621,QIXnJ
A1610030,A161003001,2010-07-31,5771.0,2026-06-01T04:56:12Z,16,Donnée validée,10,Expertisée,20,Bonne,7.384986107,48.102530621,QIXnJ
A1610030,A161003001,2010-08-01,5330.0,2026-06-01T04:56:12Z,16,Donnée validée,10,Expertisée,20,Bonne,7.384986107,48.102530621,QIXnJ
A1610030,A161003001,2010-08-02,16624.0,2026-06-01T04:56:12Z,16,Donnée validée,10,Expertisée,20,Bonne,7.384986107,48.102530621,QIXnJ
A1610030,A161003001,2010-08-03,7500.0,2026-06-01T04:56:12Z,16,Donnée validée,10,Expertisée,20,Bonne,7.384986107,48.102530621,QIXnJ
A1610030,A161003001,2010-08-04,5631.0,2026-06-01T04:56:12Z,16,Donnée validée,10,Expertisée,20,Bonne,7.384986107,48.102530621,QIXnJ
A1610030,A161003001,2010-08-05,9161.0,2026-06-01T04:56:12Z,16,Donnée validée,10,Expertisée,20,Bonne,7.384986107,48.102530621,QIXnJ
A1610030,A161003001,2010-08-06,10185.0,2026-06-01T04:56:12Z,16,Donnée validée,10,Expertisée,20,Bonne,7.384986107,48.102530621,QIXnJ
A1610030,A161003001,2010-08-07,6979.0,2026-06-01T04:56:12Z,16,Donnée validée,10,Expertisée,20,Bonne,7.384986107,48.102530621,QIXnJ
A1610030,A161003001,2010-08-08,7686.0,2026-06-01T04:56:12Z,16,Donnée validée,10,Expertisée,20,Bonne,7.384986107,48.102530621,QIXnJ
A1610030,A161003001,2010-08-09,5724.0,2026-06-01T04:56:12Z,16,Donnée validée,10,Expertisée,20,Bonne,7.384986107,48.102530621,QIXnJ
A1610030,A161003001,2010-08-10,5844.0,2026-06-01T04:56:12Z,16,Donnée validée,10,Expertisée,20,Bonne,7.384986107,48.102530621,QIXnJ
A1610030,A161003001,2010-08-11,5694.0,2026-06-01T04:56:12Z,16,Donnée validée,10,Expertisée,20,Bonne,7.384986107,48.102530621,QIXnJ
A1610030,A161003001,2010-08-12,13262.0,2026-06-01T04:56:12Z,16,Donnée validée,10,Expertisée,20,Bonne,7.384986107,48.102530621,QIXnJ
A1610030,A161003001,2010-08-13,8198.0,2026-06-01T04:56:12Z,16,Donnée validée,10,Expertisée,20,Bonne,7.384986107,48.102530621,QIXnJ
A1610030,A161003001,2010-08-14,9042.0,2026-06-01T04:56:12Z,16,Donnée validée,10,Expertisée,20,Bonne,7.384986107,48.102530621,QIXnJ
A1610030,A161003001,2010-08-15,31117.0,2026-06-01T04:56:12Z,16,Donnée validée,10,Expertisée,20,Bonne,7.384986107,48.102530621,QIXnJ
A1610030,A161003001,2010-08-16,31117.0,2026-06-01T04:56:12Z,16,Donnée validée,10,Expertisée,20,Bonne,7.384986107,48.102530621,QIXnJ
A1610030,A161003001,2010-08-17,20437.0,2026-06-01T04:56:12Z,16,Donnée validée,10,Expertisée,20,Bonne,7.384986107,48.102530621,QIXnJ
A1610030,A161003001,2010-08-18,16606.0,2026-06-01T04:56:12Z,16,Donnée validée,10,Expertisée,20,Bonne,7.384986107,48.102530621,QIXnJ
A1610030,A161003001,2010-08-19,16366.0,2026-06-01T04:56:12Z,16,Donnée validée,10,Expertisée,20,Bonne,7.384986107,48.102530621,QIXnJ
A1610030,A161003001,2010-08-20,12777.0,2026-06-01T04:56:12Z,16,Donnée validée,10,Expertisée,20,Bonne,7.384986107,48.102530621,QIXnJ
A1610030,A161003001,2010-08-21,10887.0,2026-06-01T04:56:12Z,16,Donnée validée,10,Expertisée,20,Bonne,7.384986107,48.102530621,QIXnJ
A1610030,A161003001,2010-08-22,9131.0,2026-06-01T04:56:12Z,16,Donnée validée,10,Expertisée,20,Bonne,7.384986107,48.102530621,QIXnJ
A1610030,A161003001,2010-08-23,9091.0,2026-06-01T04:56:12Z,16,Donnée validée,10,Expertisée,20,Bonne,7.384986107,48.102530621,QIXnJ
A1610030,A161003001,2010-08-24,18059.0,2026-06-01T04:56:12Z,16,Donnée validée,10,Expertisée,20,Bonne,7.384986107,48.102530621,QIXnJ
A1610030,A161003001,2010-08-25,14905.0,2026-06-01T04:56:12Z,16,Donnée validée,10,Expertisée,20,Bonne,7.384986107,48.102530621,QIXnJ
A1610030,A161003001,2010-08-26,11585.0,2026-06-01T04:56:12Z,16,Donnée validée,10,Expertisée,20,Bonne,7.384986107,48.102530621,QIXnJ
A1610030,A161003001,2010-08-27,18425.0,2026-06-01T04:56:12Z,16,Donnée validée,10,Expertisée,20,Bonne,7.384986107,48.102530621,QIXnJ
A1610030,A161003001,2010-08-28,15017.0,2026-06-01T04:56:12Z,16,Donnée validée,10,Expertisée,20,Bonne,7.384986107,48.102530621,QIXnJ
A1610030,A161003001,2010-08-29,14723.0,2026-06-01T04:56:12Z,16,Donnée validée,10,Expertisée,20,Bonne,7.384986107,48.102530621,QIXnJ
A1610030,A161003001,2010-08-30,12502.0,2026-06-01T04:56:12Z,16,Donnée validée,10,Expertisée,20,Bonne,7.384986107,48.102530621,QIXnJ
A1610030,A161003001,2010-08-31,13322.0,2026-06-01T04:56:12Z,16,Donnée validée,10,Expertisée,20,Bonne,7.384986107,48.102530621,QIXnJ
A1610030,A161003001,2010-09-01,11595.0,2026-06-01T04:56:12Z,16,Donnée validée,10,Expertisée,20,Bonne,7.384986107,48.102530621,QIXnJ
A1610030,A161003001,2010-09-02,9770.0,2026-06-01T04:56:12Z,16,Donnée validée,10,Expertisée,20,Bonne,7.384986107,48.102530621,QIXnJ
A1610030,A161003001,2010-09-03,9205.0,2026-06-01T04:56:12Z,16,Donnée validée,10,Expertisée,20,Bonne,7.384986107,48.102530621,QIXnJ
A1610030,A161003001,2010-09-04,8259.0,2026-06-01T04:56:12Z,16,Donnée validée,10,Expertisée,20,Bonne,7.384986107,48.102530621,QIXnJ
A1610030,A161003001,2010-09-05,7532.0,2026-06-01T04:56:12Z,16,Donnée validée,10,Expertisée,20,Bonne,7.384986107,48.102530621,QIXnJ
A1610030,A161003001,2010-09-06,9630.0,2026-06-01T04:56:12Z,16,Donnée validée,10,Expertisée,20,Bonne,7.384986107,48.102530621,QIXnJ
A1610030,A161003001,2010-09-07,9849.0,2026-06-01T04:56:12Z,16,Donnée validée,10,Expertisée,20,Bonne,7.384986107,48.102530621,QIXnJ
A1610030,A161003001,2010-09-08,14088.0,2026-06-01T04:56:12Z,16,Donnée validée,10,Expertisée,20,Bonne,7.384986107,48.102530621,QIXnJ
A1610030,A161003001,2010-09-09,12233.0,2026-06-01T04:56:12Z,16,Donnée validée,10,Expertisée,20,Bonne,7.384986107,48.102530621,QIXnJ
A1610030,A161003001,2010-09-10,9515.0,2026-06-01T04:56:12Z,16,Donnée validée,10,Expertisée,20,Bonne,7.384986107,48.102530621,QIXnJ
A1610030,A161003001,2010-09-11,9042.0,2026-06-01T04:56:12Z,16,Donnée validée,10,Expertisée,20,Bonne,7.384986107,48.102530621,QIXnJ
A1610030,A161003001,2010-09-12,10623.0,2026-06-01T04:56:12Z,16,Donnée validée,10,Expertisée,20,Bonne,7.384986107,48.102530621,QIXnJ
A1610030,A161003001,2010-09-13,9494.0,2026-06-01T04:56:12Z,16,Donnée validée,10,Expertisée,20,Bonne,7.384986107,48.102530621,QIXnJ
A1610030,A161003001,2010-09-14,9069.0,2026-06-01T04:56:12Z,16,Donnée validée,10,Expertisée,20,Bonne,7.384986107,48.102530621,QIXnJ
A1610030,A161003001,2010-09-15,8192.0,2026-06-01T04:56:12Z,16,Donnée validée,10,Expertisée,20,Bonne,7.384986107,48.102530621,QIXnJ
A1610030,A161003001,2010-09-16,7587.0,2026-06-01T04:56:12Z,16,Donnée validée,10,Expertisée,20,Bonne,7.384986107,48.102530621,QIXnJ
A1610030,A161003001,2010-09-17,7623.0,2026-06-01T04:56:12Z,16,Donnée validée,10,Expertisée,20,Bonne,7.384986107,48.102530621,QIXnJ
A1610030,A161003001,2010-09-18,7140.0,2026-06-01T04:56:12Z,16,Donnée validée,10,Expertisée,20,Bonne,7.384986107,48.102530621,QIXnJ
A1610030,A161003001,2010-09-19,6783.0,2026-06-01T04:56:12Z,16,Donnée validée,10,Expertisée,20,Bonne,7.384986107,48.102530621,QIXnJ
A1610030,A161003001,2010-09-20,6387.0,2026-06-01T04:56:12Z,16,Donnée validée,10,Expertisée,20,Bonne,7.384986107,48.102530621,QIXnJ
A1610030,A161003001,2010-09-21,6486.0,2026-06-01T04:56:12Z,16,Donnée validée,10,Expertisée,20,Bonne,7.384986107,48.102530621,QIXnJ
A1610030,A161003001,2010-09-22,6324.0,2026-06-01T04:56:12Z,16,Donnée validée,10,Expertisée,20,Bonne,7.384986107,48.102530621,QIXnJ
A1610030,A161003001,2010-09-23,6265.0,2026-06-01T04:56:12Z,16,Donnée validée,10,Expertisée,20,Bonne,7.384986107,48.102530621,QIXnJ
A1610030,A161003001,2010-09-24,8347.0,2026-06-01T04:56:12Z,16,Donnée validée,10,Expertisée,20,Bonne,7.384986107,48.102530621,QIXnJ
A1610030,A161003001,2010-09-25,9572.0,2026-06-01T04:56:12Z,16,Donnée validée,10,Expertisée,20,Bonne,7.384986107,48.102530621,QIXnJ
A1610030,A161003001,2010-09-26,8586.0,2026-06-01T04:56:12Z,16,Donnée validée,10,Expertisée,20,Bonne,7.384986107,48.102530621,QIXnJ
A1610030,A161003001,2010-09-27,9230.0,2026-06-01T04:56:12Z,16,Donnée validée,10,Expertisée,20,Bonne,7.384986107,48.102530621,QIXnJ
A1610030,A161003001,2010-09-28,9807.0,2026-06-01T04:56:12Z,16,Donnée validée,10,Expertisée,20,Bonne,7.384986107,48.102530621,QIXnJ
A1610030,A161003001,2010-09-29,8065.0,2026-06-01T04:56:12Z,16,Donnée validée,10,Expertisée,20,Bonne,7.384986107,48.102530621,QIXnJ
A1610030,A161003001,2010-09-30,7061.0,2026-06-01T04:56:12Z,16,Donnée validée,10,Expertisée,20,Bonne,7.384986107,48.102530621,QIXnJ
A1610030,A161003001,2010-10-01,7666.0,2026-06-01T04:56:12Z,16,Donnée validée,10,Expertisée,20,Bonne,7.384986107,48.102530621,QIXnJ
A1610030,A161003001,2010-10-02,7423.0,2026-06-01T04:56:12Z,16,Donnée validée,10,Expertisée,20,Bonne,7.384986107,48.102530621,QIXnJ
A1610030,A161003001,2010-10-03,7090.0,2026-06-01T04:56:12Z,16,Donnée validée,10,Expertisée,20,Bonne,7.384986107,48.102530621,QIXnJ
A1610030,A161003001,2010-10-04,6353.0,2026-06-01T04:56:12Z,16,Donnée validée,10,Expertisée,20,Bonne,7.384986107,48.102530621,QIXnJ
A1610030,A161003001,2010-10-05,6389.0,2026-06-01T04:56:12Z,16,Donnée validée,10,Expertisée,20,Bonne,7.384986107,48.102530621,QIXnJ
A1610030,A161003001,2010-10-06,5885.0,2026-06-01T04:56:12Z,16,Donnée validée,10,Expertisée,20,Bonne,7.384986107,48.102530621,QIXnJ
A1610030,A161003001,2010-10-07,5649.0,2026-06-01T04:56:12Z,16,Donnée validée,10,Expertisée,20,Bonne,7.384986107,48.102530621,QIXnJ
A1610030,A161003001,2010-10-08,5744.0,2026-06-01T04:56:12Z,16,Donnée validée,10,Expertisée,20,Bonne,7.384986107,48.102530621,QIXnJ
A1610030,A161003001,2010-10-09,6436.0,2026-06-01T04:56:12Z,16,Donnée validée,10,Expertisée,20,Bonne,7.384986107,48.102530621,QIXnJ
A1610030,A161003001,2010-10-10,6713.0,2026-06-01T04:56:12Z,16,Donnée validée,10,Expertisée,20,Bonne,7.384986107,48.102530621,QIXnJ
A1610030,A161003001,2010-10-11,7236.0,2026-06-01T04:56:12Z,16,Donnée validée,10,Expertisée,20,Bonne,7.384986107,48.102530621,QIXnJ
A1610030,A161003001,2010-10-12,7101.0,2026-06-01T04:56:12Z,16,Donnée validée,10,Expertisée,20,Bonne,7.384986107,48.102530621,QIXnJ
A1610030,A161003001,2010-10-13,6954.0,2026-06-01T04:56:12Z,16,Donnée validée,10,Expertisée,20,Bonne,7.384986107,48.102530621,QIXnJ
A1610030,A161003001,2010-10-14,7118.0,2026-06-01T04:56:12Z,16,Donnée validée,10,Expertisée,20,Bonne,7.384986107,48.102530621,QIXnJ
A1610030,A161003001,2010-10-15,7072.0,2026-06-01T04:56:12Z,16,Donnée validée,10,Expertisée,20,Bonne,7.384986107,48.102530621,QIXnJ
A1610030,A161003001,2010-10-16,7828.0,2026-06-01T04:56:12Z,16,Donnée validée,10,Expertisée,20,Bonne,7.384986107,48.102530621,QIXnJ
A1610030,A161003001,2010-10-17,8784.0,2026-06-01T04:56:12Z,16,Donnée validée,10,Expertisée,20,Bonne,7.384986107,48.102530621,QIXnJ
A1610030,A161003001,2010-10-18,7837.0,2026-06-01T04:56:12Z,16,Donnée validée,10,Expertisée,20,Bonne,7.384986107,48.102530621,QIXnJ
A1610030,A161003001,2010-10-19,7574.0,2026-06-01T04:56:12Z,16,Donnée validée,10,Expertisée,20,Bonne,7.384986107,48.102530621,QIXnJ
A1610030,A161003001,2010-10-20,11025.0,2026-06-01T04:56:12Z,16,Donnée validée,10,Expertisée,20,Bonne,7.384986107,48.102530621,QIXnJ
A1610030,A161003001,2010-10-21,10127.0,2026-06-01T04:56:12Z,16,Donnée validée,10,Expertisée,20,Bonne,7.384986107,48.102530621,QIXnJ
A1610030,A161003001,2010-10-22,9570.0,2026-06-01T04:56:12Z,16,Donnée validée,10,Expertisée,20,Bonne,7.384986107,48.102530621,QIXnJ
A1610030,A161003001,2010-10-23,8788.0,2026-06-01T04:56:12Z,16,Donnée validée,10,Expertisée,20,Bonne,7.384986107,48.102530621,QIXnJ
A1610030,A161003001,2010-10-24,14574.0,2026-06-01T04:56:12Z,16,Donnée validée,10,Expertisée,20,Bonne,7.384986107,48.102530621,QIXnJ
A1610030,A161003001,2010-10-25,14807.0,2026-06-01T04:56:12Z,16,Donnée validée,10,Expertisée,20,Bonne,7.384986107,48.102530621,QIXnJ
A1610030,A161003001,2010-10-26,12844.0,2026-06-01T04:56:12Z,16,Donnée validée,10,Expertisée,20,Bonne,7.384986107,48.102530621,QIXnJ
A1610030,A161003001,2010-10-27,11748.0,2026-06-01T04:56:12Z,16,Donnée validée,10,Expertisée,20,Bonne,7.384986107,48.102530621,QIXnJ
A1610030,A161003001,2010-10-28,11130.0,2026-06-01T04:56:12Z,16,Donnée validée,10,Expertisée,20,Bonne,7.384986107,48.102530621,QIXnJ
A1610030,A161003001,2010-10-29,10679.0,2026-06-01T04:56:12Z,16,Donnée validée,10,Expertisée,20,Bonne,7.384986107,48.102530621,QIXnJ
A1610030,A161003001,2010-10-30,9998.0,2026-06-01T04:56:12Z,16,Donnée validée,10,Expertisée,20,Bonne,7.384986107,48.102530621,QIXnJ
A1610030,A161003001,2010-10-31,9620.0,2026-06-01T04:56:12Z,16,Donnée validée,10,Expertisée,20,Bonne,7.384986107,48.102530621,QIXnJ
A1610030,A161003001,2010-11-01,9153.0,2026-06-01T04:56:12Z,16,Donnée validée,10,Expertisée,20,Bonne,7.384986107,48.102530621,QIXnJ
A1610030,A161003001,2010-11-02,8841.0,2026-06-01T04:56:12Z,16,Donnée validée,10,Expertisée,20,Bonne,7.384986107,48.102530621,QIXnJ
A1610030,A161003001,2010-11-03,9553.0,2026-06-01T04:56:12Z,16,Donnée validée,10,Expertisée,20,Bonne,7.384986107,48.102530621,QIXnJ
A1610030,A161003001,2010-11-04,9489.0,2026-06-01T04:56:12Z,16,Donnée validée,10,Expertisée,20,Bonne,7.384986107,48.102530621,QIXnJ
A1610030,A161003001,2010-11-05,7226.0,2026-06-01T04:56:12Z,16,Donnée validée,10,Expertisée,20,Bonne,7.384986107,48.102530621,QIXnJ
A1610030,A161003001,2010-11-06,7578.0,2026-06-01T04:56:12Z,16,Donnée validée,10,Expertisée,20,Bonne,7.384986107,48.102530621,QIXnJ
A1610030,A161003001,2010-11-07,14018.0,2026-06-01T04:56:12Z,16,Donnée validée,10,Expertisée,20,Bonne,7.384986107,48.102530621,QIXnJ
A1610030,A161003001,2010-11-08,14160.0,2026-06-01T04:56:12Z,16,Donnée validée,10,Expertisée,20,Bonne,7.384986107,48.102530621,QIXnJ
A1610030,A161003001,2010-11-09,14295.0,2026-06-01T04:56:12Z,16,Donnée validée,10,Expertisée,20,Bonne,7.384986107,48.102530621,QIXnJ
A1610030,A161003001,2010-11-10,17770.0,2026-06-01T04:56:12Z,16,Donnée validée,10,Expertisée,20,Bonne,7.384986107,48.102530621,QIXnJ
A1610030,A161003001,2010-11-11,19662.0,2026-06-01T04:56:12Z,16,Donnée validée,10,Expertisée,20,Bonne,7.384986107,48.102530621,QIXnJ
A1610030,A161003001,2010-11-12,38734.0,2026-06-01T04:56:12Z,16,Donnée validée,10,Expertisée,20,Bonne,7.384986107,48.102530621,QIXnJ
A1610030,A161003001,2010-11-13,44332.0,2026-06-01T04:56:12Z,16,Donnée validée,10,Expertisée,20,Bonne,7.384986107,48.102530621,QIXnJ
A1610030,A161003001,2010-11-14,37943.0,2026-06-01T04:56:12Z,16,Donnée validée,10,Expertisée,20,Bonne,7.384986107,48.102530621,QIXnJ
A1610030,A161003001,2010-11-15,30125.0,2026-06-01T04:56:12Z,16,Donnée validée,10,Expertisée,20,Bonne,7.384986107,48.102530621,QIXnJ
A1610030,A161003001,2010-11-16,44728.0,2026-06-01T04:56:12Z,16,Donnée validée,10,Expertisée,20,Bonne,7.384986107,48.102530621,QIXnJ
A1610030,A161003001,2010-11-17,44793.0,2026-06-01T04:56:12Z,16,Donnée validée,10,Expertisée,20,Bonne,7.384986107,48.102530621,QIXnJ
A1610030,A161003001,2010-11-18,30137.0,2026-06-01T04:56:12Z,16,Donnée validée,10,Expertisée,20,Bonne,7.384986107,48.102530621,QIXnJ
A1610030,A161003001,2010-11-19,24743.0,2026-06-01T04:56:12Z,16,Donnée validée,10,Expertisée,20,Bonne,7.384986107,48.102530621,QIXnJ
A1610030,A161003001,2010-11-20,20915.0,2026-06-01T04:56:12Z,16,Donnée validée,10,Expertisée,20,Bonne,7.384986107,48.102530621,QIXnJ
A1610030,A161003001,2010-11-21,19022.0,2026-06-01T04:56:12Z,16,Donnée validée,10,Expertisée,20,Bonne,7.384986107,48.102530621,QIXnJ
A1610030,A161003001,2010-11-22,17658.0,2026-06-01T04:56:12Z,16,Donnée validée,10,Expertisée,20,Bonne,7.384986107,48.102530621,QIXnJ
A1610030,A161003001,2010-11-23,15973.0,2026-06-01T04:56:12Z,16,Donnée validée,10,Expertisée,20,Bonne,7.384986107,48.102530621,QIXnJ
A1610030,A161003001,2010-11-24,13891.0,2026-06-01T04:56:12Z,16,Donnée validée,10,Expertisée,20,Bonne,7.384986107,48.102530621,QIXnJ
A1610030,A161003001,2010-11-25,13608.0,2026-06-01T04:56:12Z,16,Donnée validée,10,Expertisée,20,Bonne,7.384986107,48.102530621,QIXnJ
A1610030,A161003001,2010-11-26,15147.0,2026-06-01T04:56:12Z,16,Donnée validée,10,Expertisée,20,Bonne,7.384986107,48.102530621,QIXnJ
A1610030,A161003001,2010-11-27,15250.0,2026-06-01T04:56:12Z,16,Donnée validée,10,Expertisée,20,Bonne,7.384986107,48.102530621,QIXnJ
A1610030,A161003001,2010-11-28,15100.0,2026-06-01T04:56:12Z,16,Donnée validée,10,Expertisée,20,Bonne,7.384986107,48.102530621,QIXnJ
A1610030,A161003001,2010-11-29,15087.0,2026-06-01T04:56:12Z,16,Donnée validée,10,Expertisée,20,Bonne,7.384986107,48.102530621,QIXnJ
A1610030,A161003001,2010-11-30,14926.0,2026-06-01T04:56:12Z,16,Donnée validée,10,Expertisée,20,Bonne,7.384986107,48.102530621,QIXnJ
A1610030,A161003001,2010-12-01,14553.0,2026-06-01T04:56:12Z,16,Donnée validée,10,Expertisée,20,Bonne,7.384986107,48.102530621,QIXnJ
A1610030,A161003001,2010-12-02,14519.0,2026-06-01T04:56:12Z,16,Donnée validée,10,Expertisée,20,Bonne,7.384986107,48.102530621,QIXnJ
A1610030,A161003001,2010-12-03,14462.0,2026-06-01T04:56:12Z,16,Donnée validée,10,Expertisée,20,Bonne,7.384986107,48.102530621,QIXnJ
A1610030,A161003001,2010-12-04,14370.0,2026-06-01T04:56:12Z,16,Donnée validée,10,Expertisée,20,Bonne,7.384986107,48.102530621,QIXnJ
A1610030,A161003001,2010-12-05,14093.0,2026-06-01T04:56:12Z,16,Donnée validée,10,Expertisée,20,Bonne,7.384986107,48.102530621,QIXnJ
A1610030,A161003001,2010-12-06,65997.0,2026-06-01T04:56:12Z,16,Donnée validée,10,Expertisée,20,Bonne,7.384986107,48.102530621,QIXnJ
A1610030,A161003001,2010-12-07,159733.0,2026-06-01T04:56:12Z,16,Donnée validée,10,Expertisée,20,Bonne,7.384986107,48.102530621,QIXnJ
A1610030,A161003001,2010-12-08,184600.0,2026-06-01T04:56:12Z,16,Donnée validée,10,Expertisée,20,Bonne,7.384986107,48.102530621,QIXnJ
A1610030,A161003001,2010-12-09,172650.0,2026-06-01T04:56:12Z,16,Donnée validée,10,Expertisée,20,Bonne,7.384986107,48.102530621,QIXnJ
A1610030,A161003001,2010-12-10,122670.0,2026-06-01T04:56:12Z,16,Donnée validée,10,Expertisée,20,Bonne,7.384986107,48.102530621,QIXnJ
A1610030,A161003001,2010-12-11,70183.0,2026-06-01T04:56:12Z,16,Donnée validée,10,Expertisée,20,Bonne,7.384986107,48.102530621,QIXnJ
A1610030,A161003001,2010-12-12,47800.0,2026-06-01T04:56:12Z,16,Donnée validée,10,Expertisée,20,Bonne,7.384986107,48.102530621,QIXnJ
A1610030,A161003001,2010-12-13,37246.0,2026-06-01T04:56:12Z,16,Donnée validée,10,Expertisée,20,Bonne,7.384986107,48.102530621,QIXnJ
A1610030,A161003001,2010-12-14,32039.0,2026-06-01T04:56:12Z,16,Donnée validée,10,Expertisée,20,Bonne,7.384986107,48.102530621,QIXnJ
A1610030,A161003001,2010-12-15,27458.0,2026-06-01T04:56:12Z,16,Donnée validée,10,Expertisée,20,Bonne,7.384986107,48.102530621,QIXnJ
A1610030,A161003001,2010-12-16,23907.0,2026-06-01T04:56:12Z,16,Donnée validée,10,Expertisée,20,Bonne,7.384986107,48.102530621,QIXnJ
A1610030,A161003001,2010-12-17,23699.0,2026-06-01T04:56:12Z,16,Donnée validée,10,Expertisée,20,Bonne,7.384986107,48.102530621,QIXnJ
A1610030,A161003001,2010-12-18,22800.0,2026-06-01T04:56:12Z,16,Donnée validée,10,Expertisée,20,Bonne,7.384986107,48.102530621,QIXnJ
A1610030,A161003001,2010-12-19,20146.0,2026-06-01T04:56:12Z,16,Donnée validée,10,Expertisée,20,Bonne,7.384986107,48.102530621,QIXnJ
A1610030,A161003001,2010-12-20,67314.0,2026-06-01T04:56:12Z,16,Donnée validée,10,Expertisée,20,Bonne,7.384986107,48.102530621,QIXnJ
A1610030,A161003001,2010-12-21,102360.0,2026-06-01T04:56:12Z,16,Donnée validée,10,Expertisée,20,Bonne,7.384986107,48.102530621,QIXnJ
A1610030,A161003001,2010-12-22,136829.0,2026-06-01T04:56:12Z,16,Donnée validée,10,Expertisée,20,Bonne,7.384986107,48.102530621,QIXnJ
A1610030,A161003001,2010-12-23,153750.0,2026-06-01T04:56:12Z,16,Donnée validée,10,Expertisée,20,Bonne,7.384986107,48.102530621,QIXnJ
A1610030,A161003001,2010-12-24,108282.0,2026-06-01T04:56:12Z,16,Donnée validée,10,Expertisée,20,Bonne,7.384986107,48.102530621,QIXnJ
A1610030,A161003001,2010-12-25,82397.0,2026-06-01T04:56:12Z,16,Donnée validée,10,Expertisée,20,Bonne,7.384986107,48.102530621,QIXnJ
A1610030,A161003001,2010-12-26,62599.0,2026-06-01T04:56:12Z,16,Donnée validée,10,Expertisée,20,Bonne,7.384986107,48.102530621,QIXnJ
A1610030,A161003001,2010-12-27,47401.0,2026-06-01T04:56:12Z,16,Donnée validée,10,Expertisée,20,Bonne,7.384986107,48.102530621,QIXnJ
A1610030,A161003001,2010-12-28,41211.0,2026-06-01T04:56:12Z,16,Donnée validée,10,Expertisée,20,Bonne,7.384986107,48.102530621,QIXnJ
A1610030,A161003001,2010-12-29,36675.0,2026-06-01T04:56:12Z,16,Donnée validée,10,Expertisée,20,Bonne,7.384986107,48.102530621,QIXnJ
A1610030,A161003001,2010-12-30,34404.0,2026-06-01T04:56:12Z,16,Donnée validée,10,Expertisée,20,Bonne,7.384986107,48.102530621,QIXnJ
A1610030,A161003001,2010-12-31,34188.0,2026-06-01T04:56:12Z,16,Donnée validée,10,Expertisée,20,Bonne,7.384986107,48.102530621,QIXnJ
A1610030,A161003001,2011-01-01,32362.0,2026-06-01T04:56:12Z,16,Donnée validée,10,Expertisée,20,Bonne,7.384986107,48.102530621,QIXnJ
A1610030,A161003001,2011-01-02,30863.0,2026-06-01T04:56:12Z,16,Donnée validée,10,Expertisée,20,Bonne,7.384986107,48.102530621,QIXnJ
A1610030,A161003001,2011-01-03,29200.0,2026-06-01T04:56:12Z,16,Donnée validée,10,Expertisée,20,Bonne,7.384986107,48.102530621,QIXnJ
A1610030,A161003001,2011-01-04,26799.0,2026-06-01T04:56:12Z,16,Donnée validée,10,Expertisée,20,Bonne,7.384986107,48.102530621,QIXnJ
A1610030,A161003001,2011-01-05,25032.0,2026-06-01T04:56:12Z,16,Donnée validée,10,Expertisée,20,Bonne,7.384986107,48.102530621,QIXnJ
A1610030,A161003001,2011-01-06,29989.0,2026-06-01T04:56:12Z,16,Donnée validée,10,Expertisée,20,Bonne,7.384986107,48.102530621,QIXnJ
A1610030,A161003001,2011-01-07,83940.0,2026-06-01T04:56:12Z,16,Donnée validée,10,Expertisée,20,Bonne,7.384986107,48.102530621,QIXnJ
A1610030,A161003001,2011-01-08,92378.0,2026-06-01T04:56:12Z,16,Donnée validée,10,Expertisée,20,Bonne,7.384986107,48.102530621,QIXnJ
A1610030,A161003001,2011-01-09,90546.0,2026-06-01T04:56:12Z,16,Donnée validée,10,Expertisée,20,Bonne,7.384986107,48.102530621,QIXnJ
A1610030,A161003001,2011-01-10,101678.0,2026-06-01T04:56:12Z,16,Donnée validée,10,Expertisée,20,Bonne,7.384986107,48.102530621,QIXnJ
A1610030,A161003001,2011-01-11,94270.0,2026-06-01T04:56:12Z,16,Donnée validée,10,Expertisée,20,Bonne,7.384986107,48.102530621,QIXnJ
A1610030,A161003001,2011-01-12,66571.0,2026-06-01T04:56:12Z,16,Donnée validée,10,Expertisée,20,Bonne,7.384986107,48.102530621,QIXnJ
A1610030,A161003001,2011-01-13,60733.0,2026-06-01T04:56:12Z,16,Donnée validée,10,Expertisée,20,Bonne,7.384986107,48.102530621,QIXnJ
A1610030,A161003001,2011-01-14,72808.0,2026-06-01T04:56:12Z,16,Donnée validée,10,Expertisée,20,Bonne,7.384986107,48.102530621,QIXnJ
A1610030,A161003001,2011-01-15,64032.0,2026-06-01T04:56:12Z,16,Donnée validée,10,Expertisée,20,Bonne,7.384986107,48.102530621,QIXnJ
A1610030,A161003001,2011-01-16,55070.0,2026-06-01T04:56:12Z,16,Donnée validée,10,Expertisée,20,Bonne,7.384986107,48.102530621,QIXnJ
A1610030,A161003001,2011-01-17,45259.0,2026-06-01T04:56:12Z,16,Donnée validée,10,Expertisée,20,Bonne,7.384986107,48.102530621,QIXnJ
A1610030,A161003001,2011-01-18,38978.0,2026-06-01T04:56:12Z,16,Donnée validée,10,Expertisée,20,Bonne,7.384986107,48.102530621,QIXnJ
A1610030,A161003001,2011-01-19,36941.0,2026-06-01T04:56:12Z,16,Donnée validée,10,Expertisée,20,Bonne,7.384986107,48.102530621,QIXnJ
A1610030,A161003001,2011-01-20,34143.0,2026-06-01T04:56:12Z,16,Donnée validée,10,Expertisée,20,Bonne,7.384986107,48.102530621,QIXnJ
A1610030,A161003001,2011-01-21,31650.0,2026-06-01T04:56:12Z,16,Donnée validée,10,Expertisée,20,Bonne,7.384986107,48.102530621,QIXnJ
A1610030,A161003001,2011-01-22,27826.0,2026-06-01T04:56:12Z,16,Donnée validée,10,Expertisée,20,Bonne,7.384986107,48.102530621,QIXnJ
A1610030,A161003001,2011-01-23,25523.0,2026-06-01T04:56:12Z,16,Donnée validée,10,Expertisée,20,Bonne,7.384986107,48.102530621,QIXnJ
A1610030,A161003001,2011-01-24,23649.0,2026-06-01T04:56:12Z,16,Donnée validée,10,Expertisée,20,Bonne,7.384986107,48.102530621,QIXnJ
A1610030,A161003001,2011-01-25,21683.0,2026-06-01T04:56:12Z,16,Donnée validée,10,Expertisée,20,Bonne,7.384986107,48.102530621,QIXnJ
A1610030,A161003001,2011-01-26,20372.0,2026-06-01T04:56:12Z,16,Donnée validée,10,Expertisée,20,Bonne,7.384986107,48.102530621,QIXnJ
A1610030,A161003001,2011-01-27,20324.0,2026-06-01T04:56:12Z,16,Donnée validée,10,Expertisée,20,Bonne,7.384986107,48.102530621,QIXnJ
A1610030,A161003001,2011-01-28,19159.0,2026-06-01T04:56:12Z,16,Donnée validée,10,Expertisée,20,Bonne,7.384986107,48.102530621,QIXnJ
A1610030,A161003001,2011-01-29,18220.0,2026-06-01T04:56:12Z,16,Donnée validée,10,Expertisée,20,Bonne,7.384986107,48.102530621,QIXnJ
A1610030,A161003001,2011-01-30,17247.0,2026-06-01T04:56:12Z,16,Donnée validée,10,Expertisée,20,Bonne,7.384986107,48.102530621,QIXnJ
A1610030,A161003001,2011-01-31,16685.0,2026-06-01T04:56:12Z,16,Donnée validée,10,Expertisée,20,Bonne,7.384986107,48.102530621,QIXnJ
A1610030,A161003001,2011-02-01,15616.0,2026-06-01T04:56:12Z,16,Donnée validée,10,Expertisée,20,Bonne,7.384986107,48.102530621,QIXnJ
A1610030,A161003001,2011-02-02,14037.0,2026-06-01T04:56:12Z,16,Donnée validée,10,Expertisée,20,Bonne,7.384986107,48.102530621,QIXnJ
A1610030,A161003001,2011-02-03,15349.0,2026-06-01T04:56:12Z,16,Donnée validée,10,Expertisée,20,Bonne,7.384986107,48.102530621,QIXnJ
A1610030,A161003001,2011-02-04,15177.0,2026-06-01T04:56:12Z,16,Donnée validée,10,Expertisée,20,Bonne,7.384986107,48.102530621,QIXnJ
A1610030,A161003001,2011-02-05,14150.0,2026-06-01T04:56:12Z,16,Donnée validée,10,Expertisée,20,Bonne,7.384986107,48.102530621,QIXnJ
A1610030,A161003001,2011-02-06,13129.0,2026-06-01T04:56:12Z,16,Donnée validée,10,Expertisée,20,Bonne,7.384986107,48.102530621,QIXnJ
A1610030,A161003001,2011-02-07,12942.0,2026-06-01T04:56:12Z,16,Donnée validée,10,Expertisée,20,Bonne,7.384986107,48.102530621,QIXnJ
A1610030,A161003001,2011-02-08,13706.0,2026-06-01T04:56:12Z,16,Donnée validée,10,Expertisée,20,Bonne,7.384986107,48.102530621,QIXnJ
A1610030,A161003001,2011-02-09,12729.0,2026-06-01T04:56:12Z,16,Donnée validée,10,Expertisée,20,Bonne,7.384986107,48.102530621,QIXnJ
A1610030,A161003001,2011-02-10,12694.0,2026-06-01T04:56:12Z,16,Donnée validée,10,Expertisée,20,Bonne,7.384986107,48.102530621,QIXnJ
A1610030,A161003001,2011-02-11,11517.0,2026-06-01T04:56:12Z,16,Donnée validée,10,Expertisée,20,Bonne,7.384986107,48.102530621,QIXnJ
A1610030,A161003001,2011-02-12,10597.0,2026-06-01T04:56:12Z,16,Donnée validée,10,Expertisée,20,Bonne,7.384986107,48.102530621,QIXnJ
A1610030,A161003001,2011-02-13,10416.0,2026-06-01T04:56:12Z,16,Donnée validée,10,Expertisée,20,Bonne,7.384986107,48.102530621,QIXnJ
A1610030,A161003001,2011-02-14,10242.0,2026-06-01T04:56:12Z,16,Donnée validée,10,Expertisée,20,Bonne,7.384986107,48.102530621,QIXnJ
A1610030,A161003001,2011-02-15,13084.0,2026-06-01T04:56:12Z,16,Donnée validée,10,Expertisée,20,Bonne,7.384986107,48.102530621,QIXnJ
A1610030,A161003001,2011-02-16,12729.0,2026-06-01T04:56:12Z,16,Donnée validée,10,Expertisée,20,Bonne,7.384986107,48.102530621,QIXnJ
A1610030,A161003001,2011-02-17,11470.0,2026-06-01T04:56:12Z,16,Donnée validée,10,Expertisée,20,Bonne,7.384986107,48.102530621,QIXnJ
A1610030,A161003001,2011-02-18,10478.0,2026-06-01T04:56:12Z,16,Donnée validée,10,Expertisée,20,Bonne,7.384986107,48.102530621,QIXnJ
A1610030,A161003001,2011-02-19,9931.0,2026-06-01T04:56:12Z,16,Donnée validée,10,Expertisée,20,Bonne,7.384986107,48.102530621,QIXnJ
A1610030,A161003001,2011-02-20,10601.0,2026-06-01T04:56:12Z,16,Donnée validée,10,Expertisée,20,Bonne,7.384986107,48.102530621,QIXnJ
A1610030,A161003001,2011-02-21,11841.0,2026-06-01T04:56:12Z,16,Donnée validée,10,Expertisée,20,Bonne,7.384986107,48.102530621,QIXnJ
A1610030,A161003001,2011-02-22,12596.0,2026-06-01T04:56:12Z,16,Donnée validée,10,Expertisée,20,Bonne,7.384986107,48.102530621,QIXnJ
A1610030,A161003001,2011-02-23,12379.0,2026-06-01T04:56:12Z,16,Donnée validée,10,Expertisée,20,Bonne,7.384986107,48.102530621,QIXnJ
A1610030,A161003001,2011-02-24,10584.0,2026-06-01T04:56:12Z,16,Donnée validée,10,Expertisée,20,Bonne,7.384986107,48.102530621,QIXnJ
A1610030,A161003001,2011-02-25,10374.0,2026-06-01T04:56:12Z,16,Donnée validée,10,Expertisée,20,Bonne,7.384986107,48.102530621,QIXnJ
A1610030,A161003001,2011-02-26,10932.0,2026-06-01T04:56:12Z,16,Donnée validée,10,Expertisée,20,Bonne,7.384986107,48.102530621,QIXnJ
A1610030,A161003001,2011-02-27,12678.0,2026-06-01T04:56:12Z,16,Donnée validée,10,Expertisée,20,Bonne,7.384986107,48.102530621,QIXnJ
A1610030,A161003001,2011-02-28,14007.0,2026-06-01T04:56:12Z,16,Donnée validée,10,Expertisée,20,Bonne,7.384986107,48.102530621,QIXnJ
A1610030,A161003001,2011-03-01,13528.0,2026-06-01T04:56:12Z,16,Donnée validée,10,Expertisée,20,Bonne,7.384986107,48.102530621,QIXnJ
A1610030,A161003001,2011-03-02,11657.0,2026-06-01T04:56:12Z,16,Donnée validée,10,Expertisée,20,Bonne,7.384986107,48.102530621,QIXnJ
A1610030,A161003001,2011-03-03,10651.0,2026-06-01T04:56:12Z,16,Donnée validée,10,Expertisée,20,Bonne,7.384986107,48.102530621,QIXnJ
A1610030,A161003001,2011-03-04,10320.0,2026-06-01T04:56:12Z,16,Donnée validée,10,Expertisée,20,Bonne,7.384986107,48.102530621,QIXnJ
A1610030,A161003001,2011-03-05,9441.0,2026-06-01T04:56:12Z,16,Donnée validée,10,Expertisée,20,Bonne,7.384986107,48.102530621,QIXnJ
A1610030,A161003001,2011-03-06,9195.0,2026-06-01T04:56:12Z,16,Donnée validée,10,Expertisée,20,Bonne,7.384986107,48.102530621,QIXnJ
A1610030,A161003001,2011-03-07,8701.0,2026-06-01T04:56:12Z,16,Donnée validée,10,Expertisée,20,Bonne,7.384986107,48.102530621,QIXnJ
A1610030,A161003001,2011-03-08,7947.0,2026-06-01T04:56:12Z,16,Donnée validée,10,Expertisée,20,Bonne,7.384986107,48.102530621,QIXnJ
A1610030,A161003001,2011-03-09,7396.0,2026-06-01T04:56:12Z,16,Donnée validée,10,Expertisée,20,Bonne,7.384986107,48.102530621,QIXnJ
A1610030,A161003001,2011-03-10,7327.0,2026-06-01T04:56:12Z,16,Donnée validée,10,Expertisée,20,Bonne,7.384986107,48.102530621,QIXnJ
A1610030,A161003001,2011-03-11,6890.0,2026-06-01T04:56:12Z,16,Donnée validée,10,Expertisée,20,Bonne,7.384986107,48.102530621,QIXnJ
A1610030,A161003001,2011-03-12,7152.0,2026-06-01T04:56:12Z,16,Donnée validée,10,Expertisée,20,Bonne,7.384986107,48.102530621,QIXnJ
A1610030,A161003001,2011-03-13,7132.0,2026-06-01T04:56:12Z,16,Donnée validée,10,Expertisée,20,Bonne,7.384986107,48.102530621,QIXnJ
A1610030,A161003001,2011-03-14,7130.0,2026-06-01T04:56:12Z,16,Donnée validée,10,Expertisée,20,Bonne,7.384986107,48.102530621,QIXnJ
A1610030,A161003001,2011-03-15,6813.0,2026-06-01T04:56:12Z,16,Donnée validée,10,Expertisée,20,Bonne,7.384986107,48.102530621,QIXnJ
A1610030,A161003001,2011-03-16,6733.0,2026-06-01T04:56:12Z,16,Donnée validée,10,Expertisée,20,Bonne,7.384986107,48.102530621,QIXnJ
A1610030,A161003001,2011-03-17,15349.0,2026-06-01T04:56:12Z,16,Donnée validée,10,Expertisée,20,Bonne,7.384986107,48.102530621,QIXnJ
A1610030,A161003001,2011-03-18,8465.0,2026-06-01T04:56:12Z,16,Donnée validée,10,Expertisée,20,Bonne,7.384986107,48.102530621,QIXnJ
A1610030,A161003001,2011-03-19,10064.0,2026-06-01T04:56:12Z,16,Donnée validée,10,Expertisée,20,Bonne,7.384986107,48.102530621,QIXnJ
A1610030,A161003001,2011-03-20,12462.0,2026-06-01T04:56:12Z,16,Donnée validée,10,Expertisée,20,Bonne,7.384986107,48.102530621,QIXnJ
A1610030,A161003001,2011-03-21,10730.0,2026-06-01T04:56:12Z,16,Donnée validée,10,Expertisée,20,Bonne,7.384986107,48.102530621,QIXnJ
A1610030,A161003001,2011-03-22,9753.0,2026-06-01T04:56:12Z,16,Donnée validée,10,Expertisée,20,Bonne,7.384986107,48.102530621,QIXnJ
A1610030,A161003001,2011-03-23,7840.0,2026-06-01T04:56:12Z,16,Donnée validée,10,Expertisée,20,Bonne,7.384986107,48.102530621,QIXnJ
A1610030,A161003001,2011-03-24,7283.0,2026-06-01T04:56:12Z,16,Donnée validée,10,Expertisée,20,Bonne,7.384986107,48.102530621,QIXnJ
A1610030,A161003001,2011-03-25,7665.0,2026-06-01T04:56:12Z,16,Donnée validée,10,Expertisée,20,Bonne,7.384986107,48.102530621,QIXnJ
A1610030,A161003001,2011-03-26,6644.0,2026-06-01T04:56:12Z,16,Donnée validée,10,Expertisée,20,Bonne,7.384986107,48.102530621,QIXnJ
A1610030,A161003001,2011-03-27,13040.0,2026-06-01T04:56:12Z,16,Donnée validée,10,Expertisée,20,Bonne,7.384986107,48.102530621,QIXnJ
A1610030,A161003001,2011-03-28,12299.0,2026-06-01T04:56:12Z,16,Donnée validée,10,Expertisée,20,Bonne,7.384986107,48.102530621,QIXnJ
A1610030,A161003001,2011-03-29,8598.0,2026-06-01T04:56:12Z,16,Donnée validée,10,Expertisée,20,Bonne,7.384986107,48.102530621,QIXnJ
A1610030,A161003001,2011-03-30,8198.0,2026-06-01T04:56:12Z,16,Donnée validée,10,Expertisée,20,Bonne,7.384986107,48.102530621,QIXnJ
A1610030,A161003001,2011-03-31,7795.0,2026-06-01T04:56:12Z,16,Donnée validée,10,Expertisée,20,Bonne,7.384986107,48.102530621,QIXnJ
A1610030,A161003001,2011-04-01,9264.0,2026-06-01T04:56:12Z,16,Donnée validée,10,Expertisée,20,Bonne,7.384986107,48.102530621,QIXnJ
A1610030,A161003001,2011-04-02,9078.0,2026-06-01T04:56:12Z,16,Donnée validée,10,Expertisée,20,Bonne,7.384986107,48.102530621,QIXnJ
A1610030,A161003001,2011-04-03,8589.0,2026-06-01T04:56:12Z,16,Donnée validée,10,Expertisée,20,Bonne,7.384986107,48.102530621,QIXnJ
A1610030,A161003001,2011-04-04,10182.0,2026-06-01T04:56:12Z,16,Donnée validée,10,Expertisée,20,Bonne,7.384986107,48.102530621,QIXnJ
A1610030,A161003001,2011-04-05,10375.0,2026-06-01T04:56:12Z,16,Donnée validée,10,Expertisée,20,Bonne,7.384986107,48.102530621,QIXnJ
A1610030,A161003001,2011-04-06,9228.0,2026-06-01T04:56:12Z,16,Donnée validée,10,Expertisée,20,Bonne,7.384986107,48.102530621,QIXnJ
A1610030,A161003001,2011-04-07,8554.0,2026-06-01T04:56:12Z,16,Donnée validée,10,Expertisée,20,Bonne,7.384986107,48.102530621,QIXnJ
A1610030,A161003001,2011-04-08,7959.0,2026-06-01T04:56:12Z,16,Donnée validée,10,Expertisée,20,Bonne,7.384986107,48.102530621,QIXnJ
A1610030,A161003001,2011-04-09,7621.0,2026-06-01T04:56:12Z,16,Donnée validée,10,Expertisée,20,Bonne,7.384986107,48.102530621,QIXnJ
A1610030,A161003001,2011-04-10,7132.0,2026-06-01T04:56:12Z,16,Donnée validée,10,Expertisée,20,Bonne,7.384986107,48.102530621,QIXnJ
A1610030,A161003001,2011-04-11,6910.0,2026-06-01T04:56:12Z,16,Donnée validée,10,Expertisée,20,Bonne,7.384986107,48.102530621,QIXnJ
A1610030,A161003001,2011-04-12,6866.0,2026-06-01T04:56:12Z,16,Donnée validée,10,Expertisée,20,Bonne,7.384986107,48.102530621,QIXnJ
A1610030,A161003001,2011-04-13,6528.0,2026-06-01T04:56:12Z,16,Donnée validée,10,Expertisée,20,Bonne,7.384986107,48.102530621,QIXnJ
A1610030,A161003001,2011-04-14,6870.0,2026-06-01T04:56:12Z,16,Donnée validée,10,Expertisée,20,Bonne,7.384986107,48.102530621,QIXnJ
A1610030,A161003001,2011-04-15,7150.0,2026-06-01T04:56:12Z,16,Donnée validée,10,Expertisée,20,Bonne,7.384986107,48.102530621,QIXnJ
A1610030,A161003001,2011-04-16,6918.0,2026-06-01T04:56:12Z,16,Donnée validée,10,Expertisée,20,Bonne,7.384986107,48.102530621,QIXnJ
A1610030,A161003001,2011-04-17,6436.0,2026-06-01T04:56:12Z,16,Donnée validée,10,Expertisée,20,Bonne,7.384986107,48.102530621,QIXnJ
A1610030,A161003001,2011-04-18,5683.0,2026-06-01T04:56:12Z,16,Donnée validée,10,Expertisée,20,Bonne,7.384986107,48.102530621,QIXnJ
A1610030,A161003001,2011-04-19,5515.0,2026-06-01T04:56:12Z,16,Donnée validée,10,Expertisée,20,Bonne,7.384986107,48.102530621,QIXnJ
A1610030,A161003001,2011-04-20,5332.0,2026-06-01T04:56:12Z,16,Donnée validée,10,Expertisée,20,Bonne,7.384986107,48.102530621,QIXnJ
A1610030,A161003001,2011-04-21,5290.0,2026-06-01T04:56:12Z,16,Donnée validée,10,Expertisée,20,Bonne,7.384986107,48.102530621,QIXnJ
A1610030,A161003001,2011-04-22,6192.0,2026-06-01T04:56:12Z,16,Donnée validée,10,Expertisée,20,Bonne,7.384986107,48.102530621,QIXnJ
A1610030,A161003001,2011-04-23,6249.0,2026-06-01T04:56:12Z,16,Donnée validée,10,Expertisée,20,Bonne,7.384986107,48.102530621,QIXnJ
A1610030,A161003001,2011-04-24,5867.0,2026-06-01T04:56:12Z,16,Donnée validée,10,Expertisée,20,Bonne,7.384986107,48.102530621,QIXnJ
A1610030,A161003001,2011-04-25,5794.0,2026-06-01T04:56:12Z,16,Donnée validée,10,Expertisée,20,Bonne,7.384986107,48.102530621,QIXnJ
A1610030,A161003001,2011-04-26,5736.0,2026-06-01T04:56:12Z,16,Donnée validée,10,Expertisée,20,Bonne,7.384986107,48.102530621,QIXnJ
A1610030,A161003001,2011-04-27,5521.0,2026-06-01T04:56:12Z,16,Donnée validée,10,Expertisée,20,Bonne,7.384986107,48.102530621,QIXnJ
A1610030,A161003001,2011-04-28,5482.0,2026-06-01T04:56:12Z,16,Donnée validée,10,Expertisée,20,Bonne,7.384986107,48.102530621,QIXnJ
A1610030,A161003001,2011-04-29,5661.0,2026-06-01T04:56:12Z,16,Donnée validée,10,Expertisée,20,Bonne,7.384986107,48.102530621,QIXnJ
A1610030,A161003001,2011-04-30,8640.0,2026-06-01T04:56:12Z,16,Donnée validée,10,Expertisée,20,Bonne,7.384986107,48.102530621,QIXnJ
A1610030,A161003001,2011-05-01,8017.0,2026-06-01T04:56:12Z,16,Donnée validée,10,Expertisée,20,Bonne,7.384986107,48.102530621,QIXnJ
A1610030,A161003001,2011-05-02,5687.0,2026-06-01T04:56:12Z,16,Donnée validée,10,Expertisée,20,Bonne,7.384986107,48.102530621,QIXnJ
A1610030,A161003001,2011-05-03,9082.0,2026-06-01T04:56:12Z,16,Donnée validée,10,Expertisée,20,Bonne,7.384986107,48.102530621,QIXnJ
A1610030,A161003001,2011-05-04,5281.0,2026-06-01T04:56:12Z,16,Donnée validée,10,Expertisée,20,Bonne,7.384986107,48.102530621,QIXnJ
A1610030,A161003001,2011-05-05,5194.0,2026-06-01T04:56:12Z,16,Donnée validée,10,Expertisée,20,Bonne,7.384986107,48.102530621,QIXnJ
A1610030,A161003001,2011-05-06,4814.0,2026-06-01T04:56:12Z,16,Donnée validée,10,Expertisée,20,Bonne,7.384986107,48.102530621,QIXnJ
A1610030,A161003001,2011-05-07,4481.0,2026-06-01T04:56:12Z,16,Donnée validée,10,Expertisée,20,Bonne,7.384986107,48.102530621,QIXnJ
A1610030,A161003001,2011-05-08,4071.0,2026-06-01T04:56:12Z,16,Donnée validée,10,Expertisée,20,Bonne,7.384986107,48.102530621,QIXnJ
A1610030,A161003001,2011-05-09,3656.0,2026-06-01T04:56:12Z,16,Donnée validée,10,Expertisée,20,Bonne,7.384986107,48.102530621,QIXnJ
A1610030,A161003001,2011-05-10,4550.0,2026-06-01T04:56:12Z,16,Donnée validée,10,Expertisée,20,Bonne,7.384986107,48.102530621,QIXnJ
A1610030,A161003001,2011-05-11,5382.0,2026-06-01T04:56:12Z,16,Donnée validée,10,Expertisée,20,Bonne,7.384986107,48.102530621,QIXnJ
A1610030,A161003001,2011-05-12,10015.0,2026-06-01T04:56:12Z,16,Donnée validée,10,Expertisée,20,Bonne,7.384986107,48.102530621,QIXnJ
A1610030,A161003001,2011-05-13,7551.0,2026-06-01T04:56:12Z,16,Donnée validée,10,Expertisée,20,Bonne,7.384986107,48.102530621,QIXnJ
A1610030,A161003001,2011-05-14,6062.0,2026-06-01T04:56:12Z,16,Donnée validée,10,Expertisée,20,Bonne,7.384986107,48.102530621,QIXnJ
A1610030,A161003001,2011-05-15,5407.0,2026-06-01T04:56:12Z,16,Donnée validée,10,Expertisée,20,Bonne,7.384986107,48.102530621,QIXnJ
A1610030,A161003001,2011-05-16,5669.0,2026-06-01T04:56:12Z,16,Donnée validée,10,Expertisée,20,Bonne,7.384986107,48.102530621,QIXnJ
A1610030,A161003001,2011-05-17,5131.0,2026-06-01T04:56:12Z,16,Donnée validée,10,Expertisée,20,Bonne,7.384986107,48.102530621,QIXnJ
A1610030,A161003001,2011-05-18,5018.0,2026-06-01T04:56:12Z,16,Donnée validée,10,Expertisée,20,Bonne,7.384986107,48.102530621,QIXnJ
A1610030,A161003001,2011-05-19,4709.0,2026-06-01T04:56:12Z,16,Donnée validée,10,Expertisée,20,Bonne,7.384986107,48.102530621,QIXnJ
A1610030,A161003001,2011-05-20,4485.0,2026-06-01T04:56:12Z,16,Donnée validée,10,Expertisée,20,Bonne,7.384986107,48.102530621,QIXnJ
A1610030,A161003001,2011-05-21,4479.0,2026-06-01T04:56:12Z,16,Donnée validée,10,Expertisée,20,Bonne,7.384986107,48.102530621,QIXnJ
A1610030,A161003001,2011-05-22,4465.0,2026-06-01T04:56:12Z,16,Donnée validée,10,Expertisée,20,Bonne,7.384986107,48.102530621,QIXnJ
A1610030,A161003001,2011-05-23,3981.0,2026-06-01T04:56:12Z,16,Donnée validée,10,Expertisée,20,Bonne,7.384986107,48.102530621,QIXnJ
A1610030,A161003001,2011-05-24,3648.0,2026-06-01T04:56:12Z,16,Donnée validée,10,Expertisée,20,Bonne,7.384986107,48.102530621,QIXnJ
A1610030,A161003001,2011-05-25,4389.0,2026-06-01T04:56:12Z,16,Donnée validée,10,Expertisée,20,Bonne,7.384986107,48.102530621,QIXnJ
A1610030,A161003001,2011-05-26,5163.0,2026-06-01T04:56:12Z,16,Donnée validée,10,Expertisée,20,Bonne,7.384986107,48.102530621,QIXnJ
A1610030,A161003001,2011-05-27,4986.0,2026-06-01T04:56:12Z,16,Donnée validée,10,Expertisée,20,Bonne,7.384986107,48.102530621,QIXnJ
A1610030,A161003001,2011-05-28,7477.0,2026-06-01T04:56:12Z,16,Donnée validée,10,Expertisée,20,Bonne,7.384986107,48.102530621,QIXnJ
A1610030,A161003001,2011-05-29,4959.0,2026-06-01T04:56:12Z,16,Donnée validée,10,Expertisée,20,Bonne,7.384986107,48.102530621,QIXnJ
A1610030,A161003001,2011-05-30,4734.0,2026-06-01T04:56:12Z,16,Donnée validée,10,Expertisée,20,Bonne,7.384986107,48.102530621,QIXnJ
A1610030,A161003001,2011-05-31,5658.0,2026-06-01T04:56:12Z,16,Donnée validée,10,Expertisée,20,Bonne,7.384986107,48.102530621,QIXnJ
A1610030,A161003001,2011-06-01,8744.0,2026-06-01T04:56:12Z,16,Donnée validée,10,Expertisée,20,Bonne,7.384986107,48.102530621,QIXnJ
A1610030,A161003001,2011-06-02,7295.0,2026-06-01T04:56:12Z,16,Donnée validée,10,Expertisée,20,Bonne,7.384986107,48.102530621,QIXnJ
A1610030,A161003001,2011-06-03,6213.0,2026-06-01T04:56:12Z,16,Donnée validée,10,Expertisée,20,Bonne,7.384986107,48.102530621,QIXnJ
A1610030,A161003001,2011-06-04,5795.0,2026-06-01T04:56:12Z,16,Donnée validée,10,Expertisée,20,Bonne,7.384986107,48.102530621,QIXnJ
A1610030,A161003001,2011-06-05,5484.0,2026-06-01T04:56:12Z,16,Donnée validée,10,Expertisée,20,Bonne,7.384986107,48.102530621,QIXnJ
A1610030,A161003001,2011-06-06,5712.0,2026-06-01T04:56:12Z,16,Donnée validée,10,Expertisée,20,Bonne,7.384986107,48.102530621,QIXnJ
A1610030,A161003001,2011-06-07,5667.0,2026-06-01T04:56:12Z,16,Donnée validée,10,Expertisée,20,Bonne,7.384986107,48.102530621,QIXnJ
A1610030,A161003001,2011-06-08,9726.0,2026-06-01T04:56:12Z,16,Donnée validée,10,Expertisée,20,Bonne,7.384986107,48.102530621,QIXnJ
A1610030,A161003001,2011-06-09,8753.0,2026-06-01T04:56:12Z,16,Donnée validée,10,Expertisée,20,Bonne,7.384986107,48.102530621,QIXnJ
A1610030,A161003001,2011-06-10,7167.0,2026-06-01T04:56:12Z,16,Donnée validée,10,Expertisée,20,Bonne,7.384986107,48.102530621,QIXnJ
A1610030,A161003001,2011-06-11,6191.0,2026-06-01T04:56:12Z,16,Donnée validée,10,Expertisée,20,Bonne,7.384986107,48.102530621,QIXnJ
A1610030,A161003001,2011-06-12,5905.0,2026-06-01T04:56:12Z,16,Donnée validée,10,Expertisée,20,Bonne,7.384986107,48.102530621,QIXnJ
A1610030,A161003001,2011-06-13,5525.0,2026-06-01T04:56:12Z,16,Donnée validée,10,Expertisée,20,Bonne,7.384986107,48.102530621,QIXnJ
A1610030,A161003001,2011-06-14,5122.0,2026-06-01T04:56:12Z,16,Donnée validée,10,Expertisée,20,Bonne,7.384986107,48.102530621,QIXnJ
A1610030,A161003001,2011-06-15,5391.0,2026-06-01T04:56:12Z,16,Donnée validée,10,Expertisée,20,Bonne,7.384986107,48.102530621,QIXnJ
A1610030,A161003001,2011-06-16,5329.0,2026-06-01T04:56:12Z,16,Donnée validée,10,Expertisée,20,Bonne,7.384986107,48.102530621,QIXnJ
A1610030,A161003001,2011-06-17,22545.0,2026-06-01T04:56:12Z,16,Donnée validée,10,Expertisée,20,Bonne,7.384986107,48.102530621,QIXnJ
A1610030,A161003001,2011-06-18,10308.0,2026-06-01T04:56:12Z,16,Donnée validée,10,Expertisée,20,Bonne,7.384986107,48.102530621,QIXnJ
A1610030,A161003001,2011-06-19,7799.0,2026-06-01T04:56:12Z,16,Donnée validée,10,Expertisée,20,Bonne,7.384986107,48.102530621,QIXnJ
A1610030,A161003001,2011-06-20,9220.0,2026-06-01T04:56:12Z,16,Donnée validée,10,Expertisée,20,Bonne,7.384986107,48.102530621,QIXnJ
A1610030,A161003001,2011-06-21,5752.0,2026-06-01T04:56:12Z,16,Donnée validée,10,Expertisée,20,Bonne,7.384986107,48.102530621,QIXnJ
A1610030,A161003001,2011-06-22,10197.0,2026-06-01T04:56:12Z,16,Donnée validée,10,Expertisée,20,Bonne,7.384986107,48.102530621,QIXnJ
A1610030,A161003001,2011-06-23,7577.0,2026-06-01T04:56:12Z,16,Donnée validée,10,Expertisée,20,Bonne,7.384986107,48.102530621,QIXnJ
A1610030,A161003001,2011-06-24,6689.0,2026-06-01T04:56:12Z,16,Donnée validée,10,Expertisée,20,Bonne,7.384986107,48.102530621,QIXnJ
A1610030,A161003001,2011-06-25,5430.0,2026-06-01T04:56:12Z,16,Donnée validée,10,Expertisée,20,Bonne,7.384986107,48.102530621,QIXnJ
A1610030,A161003001,2011-06-26,4990.0,2026-06-01T04:56:12Z,16,Donnée validée,10,Expertisée,20,Bonne,7.384986107,48.102530621,QIXnJ
A1610030,A161003001,2011-06-27,5014.0,2026-06-01T04:56:12Z,16,Donnée validée,10,Expertisée,20,Bonne,7.384986107,48.102530621,QIXnJ
A1610030,A161003001,2011-06-28,4889.0,2026-06-01T04:56:12Z,16,Donnée validée,10,Expertisée,20,Bonne,7.384986107,48.102530621,QIXnJ
A1610030,A161003001,2011-06-29,14106.0,2026-06-01T04:56:12Z,16,Donnée validée,10,Expertisée,20,Bonne,7.384986107,48.102530621,QIXnJ
A1610030,A161003001,2011-06-30,15952.0,2026-06-01T04:56:12Z,16,Donnée validée,10,Expertisée,20,Bonne,7.384986107,48.102530621,QIXnJ
A1610030,A161003001,2011-07-01,9283.0,2026-06-01T04:56:12Z,16,Donnée validée,10,Expertisée,20,Bonne,7.384986107,48.102530621,QIXnJ
A1610030,A161003001,2011-07-02,5129.0,2026-06-01T04:56:12Z,16,Donnée validée,10,Expertisée,20,Bonne,7.384986107,48.102530621,QIXnJ
A1610030,A161003001,2011-07-03,5076.0,2026-06-01T04:56:12Z,16,Donnée validée,10,Expertisée,20,Bonne,7.384986107,48.102530621,QIXnJ
A1610030,A161003001,2011-07-04,5057.0,2026-06-01T04:56:12Z,16,Donnée validée,10,Expertisée,20,Bonne,7.384986107,48.102530621,QIXnJ
A1610030,A161003001,2011-07-05,4973.0,2026-06-01T04:56:12Z,16,Donnée validée,10,Expertisée,20,Bonne,7.384986107,48.102530621,QIXnJ
A1610030,A161003001,2011-07-06,5734.0,2026-06-01T04:56:12Z,16,Donnée validée,10,Expertisée,20,Bonne,7.384986107,48.102530621,QIXnJ
A1610030,A161003001,2011-07-07,8305.0,2026-06-01T04:56:12Z,16,Donnée validée,10,Expertisée,20,Bonne,7.384986107,48.102530621,QIXnJ
A1610030,A161003001,2011-07-08,14781.0,2026-06-01T04:56:12Z,16,Donnée validée,10,Expertisée,20,Bonne,7.384986107,48.102530621,QIXnJ
A1610030,A161003001,2011-07-09,9726.0,2026-06-01T04:56:12Z,16,Donnée validée,10,Expertisée,20,Bonne,7.384986107,48.102530621,QIXnJ
A1610030,A161003001,2011-07-10,6378.0,2026-06-01T04:56:12Z,16,Donnée validée,10,Expertisée,20,Bonne,7.384986107,48.102530621,QIXnJ
A1610030,A161003001,2011-07-11,6874.0,2026-06-01T04:56:12Z,16,Donnée validée,10,Expertisée,20,Bonne,7.384986107,48.102530621,QIXnJ
A1610030,A161003001,2011-07-12,12249.0,2026-06-01T04:56:12Z,16,Donnée validée,10,Expertisée,20,Bonne,7.384986107,48.102530621,QIXnJ
A1610030,A161003001,2011-07-13,11348.0,2026-06-01T04:56:12Z,16,Donnée validée,10,Expertisée,20,Bonne,7.384986107,48.102530621,QIXnJ
A1610030,A161003001,2011-07-14,13367.0,2026-06-01T04:56:12Z,16,Donnée validée,10,Expertisée,20,Bonne,7.384986107,48.102530621,QIXnJ
A1610030,A161003001,2011-07-15,8691.0,2026-06-01T04:56:12Z,16,Donnée validée,10,Expertisée,20,Bonne,7.384986107,48.102530621,QIXnJ
A1610030,A161003001,2011-07-16,7017.0,2026-06-01T04:56:12Z,16,Donnée validée,10,Expertisée,20,Bonne,7.384986107,48.102530621,QIXnJ
A1610030,A161003001,2011-07-17,10530.0,2026-06-01T04:56:12Z,16,Donnée validée,10,Expertisée,20,Bonne,7.384986107,48.102530621,QIXnJ
A1610030,A161003001,2011-07-18,10715.0,2026-06-01T04:56:12Z,16,Donnée validée,10,Expertisée,20,Bonne,7.384986107,48.102530621,QIXnJ
A1610030,A161003001,2011-07-19,12231.0,2026-06-01T04:56:12Z,16,Donnée validée,10,Expertisée,20,Bonne,7.384986107,48.102530621,QIXnJ
A1610030,A161003001,2011-07-20,7316.0,2026-06-01T04:56:12Z,16,Donnée validée,10,Expertisée,20,Bonne,7.384986107,48.102530621,QIXnJ
A1610030,A161003001,2011-07-21,7499.0,2026-06-01T04:56:12Z,16,Donnée validée,10,Expertisée,20,Bonne,7.384986107,48.102530621,QIXnJ
A1610030,A161003001,2011-07-22,13673.0,2026-06-01T04:56:12Z,16,Donnée validée,10,Expertisée,20,Bonne,7.384986107,48.102530621,QIXnJ
A1610030,A161003001,2011-07-23,17897.0,2026-06-01T04:56:12Z,16,Donnée validée,10,Expertisée,20,Bonne,7.384986107,48.102530621,QIXnJ
A1610030,A161003001,2011-07-24,11076.0,2026-06-01T04:56:12Z,16,Donnée validée,10,Expertisée,20,Bonne,7.384986107,48.102530621,QIXnJ
A1610030,A161003001,2011-07-25,8829.0,2026-06-01T04:56:12Z,16,Donnée validée,10,Expertisée,20,Bonne,7.384986107,48.102530621,QIXnJ
A1610030,A161003001,2011-07-26,8556.0,2026-06-01T04:56:12Z,16,Donnée validée,10,Expertisée,20,Bonne,7.384986107,48.102530621,QIXnJ
A1610030,A161003001,2011-07-27,9353.0,2026-06-01T04:56:12Z,16,Donnée validée,10,Expertisée,20,Bonne,7.384986107,48.102530621,QIXnJ
A1610030,A161003001,2011-07-28,10037.0,2026-06-01T04:56:12Z,16,Donnée validée,10,Expertisée,20,Bonne,7.384986107,48.102530621,QIXnJ
A1610030,A161003001,2011-07-29,14372.0,2026-06-01T04:56:12Z,16,Donnée validée,10,Expertisée,20,Bonne,7.384986107,48.102530621,QIXnJ
A1610030,A161003001,2011-07-30,8109.0,2026-06-01T04:56:12Z,16,Donnée validée,10,Expertisée,20,Bonne,7.384986107,48.102530621,QIXnJ
A1610030,A161003001,2011-07-31,8065.0,2026-06-01T04:56:12Z,16,Donnée validée,10,Expertisée,20,Bonne,7.384986107,48.102530621,QIXnJ
A1610030,A161003001,2011-08-01,6957.0,2026-06-01T04:56:12Z,16,Donnée validée,10,Expertisée,20,Bonne,7.384986107,48.102530621,QIXnJ
A1610030,A161003001,2011-08-02,6163.0,2026-06-01T04:56:12Z,16,Donnée validée,10,Expertisée,20,Bonne,7.384986107,48.102530621,QIXnJ
A1610030,A161003001,2011-08-03,5962.0,2026-06-01T04:56:12Z,16,Donnée validée,10,Expertisée,20,Bonne,7.384986107,48.102530621,QIXnJ
A1610030,A161003001,2011-08-04,5024.0,2026-06-01T04:56:12Z,16,Donnée validée,10,Expertisée,20,Bonne,7.384986107,48.102530621,QIXnJ
A1610030,A161003001,2011-08-05,14689.0,2026-06-01T04:56:12Z,16,Donnée validée,10,Expertisée,20,Bonne,7.384986107,48.102530621,QIXnJ
A1610030,A161003001,2011-08-06,11810.0,2026-06-01T04:56:12Z,16,Donnée validée,10,Expertisée,20,Bonne,7.384986107,48.102530621,QIXnJ
A1610030,A161003001,2011-08-07,11118.0,2026-06-01T04:56:12Z,16,Donnée validée,10,Expertisée,20,Bonne,7.384986107,48.102530621,QIXnJ
A1610030,A161003001,2011-08-08,9868.0,2026-06-01T04:56:12Z,16,Donnée validée,10,Expertisée,20,Bonne,7.384986107,48.102530621,QIXnJ
A1610030,A161003001,2011-08-09,8019.0,2026-06-01T04:56:12Z,16,Donnée validée,10,Expertisée,20,Bonne,7.384986107,48.102530621,QIXnJ
A1610030,A161003001,2011-08-10,7762.0,2026-06-01T04:56:12Z,16,Donnée validée,10,Expertisée,20,Bonne,7.384986107,48.102530621,QIXnJ
A1610030,A161003001,2011-08-11,7249.0,2026-06-01T04:56:12Z,16,Donnée validée,10,Expertisée,20,Bonne,7.384986107,48.102530621,QIXnJ
A1610030,A161003001,2011-08-12,6678.0,2026-06-01T04:56:12Z,16,Donnée validée,10,Expertisée,20,Bonne,7.384986107,48.102530621,QIXnJ
A1610030,A161003001,2011-08-13,5819.0,2026-06-01T04:56:12Z,16,Donnée validée,10,Expertisée,20,Bonne,7.384986107,48.102530621,QIXnJ
A1610030,A161003001,2011-08-14,5216.0,2026-06-01T04:56:12Z,16,Donnée validée,10,Expertisée,20,Bonne,7.384986107,48.102530621,QIXnJ
A1610030,A161003001,2011-08-15,10686.0,2026-06-01T04:56:12Z,16,Donnée validée,10,Expertisée,20,Bonne,7.384986107,48.102530621,QIXnJ
A1610030,A161003001,2011-08-16,9087.0,2026-06-01T04:56:12Z,16,Donnée validée,10,Expertisée,20,Bonne,7.384986107,48.102530621,QIXnJ
A1610030,A161003001,2011-08-17,7846.0,2026-06-01T04:56:12Z,16,Donnée validée,10,Expertisée,20,Bonne,7.384986107,48.102530621,QIXnJ
A1610030,A161003001,2011-08-18,6632.0,2026-06-01T04:56:12Z,16,Donnée validée,10,Expertisée,20,Bonne,7.384986107,48.102530621,QIXnJ
A1610030,A161003001,2011-08-19,10933.0,2026-06-01T04:56:12Z,16,Donnée validée,10,Expertisée,20,Bonne,7.384986107,48.102530621,QIXnJ
A1610030,A161003001,2011-08-20,8883.0,2026-06-01T04:56:12Z,16,Donnée validée,10,Expertisée,20,Bonne,7.384986107,48.102530621,QIXnJ
A1610030,A161003001,2011-08-21,5665.0,2026-06-01T04:56:12Z,16,Donnée validée,10,Expertisée,20,Bonne,7.384986107,48.102530621,QIXnJ
A1610030,A161003001,2011-08-22,5354.0,2026-06-01T04:56:12Z,16,Donnée validée,10,Expertisée,20,Bonne,7.384986107,48.102530621,QIXnJ
A1610030,A161003001,2011-08-23,5038.0,2026-06-01T04:56:12Z,16,Donnée validée,10,Expertisée,20,Bonne,7.384986107,48.102530621,QIXnJ
A1610030,A161003001,2011-08-24,4838.0,2026-06-01T04:56:12Z,16,Donnée validée,10,Expertisée,20,Bonne,7.384986107,48.102530621,QIXnJ
A1610030,A161003001,2011-08-25,8690.0,2026-06-01T04:56:12Z,16,Donnée validée,10,Expertisée,20,Bonne,7.384986107,48.102530621,QIXnJ
A1610030,A161003001,2011-08-26,15733.0,2026-06-01T04:56:12Z,16,Donnée validée,10,Expertisée,20,Bonne,7.384986107,48.102530621,QIXnJ
A1610030,A161003001,2011-08-27,7390.0,2026-06-01T04:56:12Z,16,Donnée validée,10,Expertisée,20,Bonne,7.384986107,48.102530621,QIXnJ
A1610030,A161003001,2011-08-28,6822.0,2026-06-01T04:56:12Z,16,Donnée validée,10,Expertisée,20,Bonne,7.384986107,48.102530621,QIXnJ
A1610030,A161003001,2011-08-29,5526.0,2026-06-01T04:56:12Z,16,Donnée validée,10,Expertisée,20,Bonne,7.384986107,48.102530621,QIXnJ
A1610030,A161003001,2011-08-30,5339.0,2026-06-01T04:56:12Z,16,Donnée validée,10,Expertisée,20,Bonne,7.384986107,48.102530621,QIXnJ
A1610030,A161003001,2011-08-31,4628.0,2026-06-01T04:56:12Z,16,Donnée validée,10,Expertisée,20,Bonne,7.384986107,48.102530621,QIXnJ
A1610030,A161003001,2011-09-01,4808.0,2026-06-01T04:56:12Z,16,Donnée validée,10,Expertisée,20,Bonne,7.384986107,48.102530621,QIXnJ
A1610030,A161003001,2011-09-02,4787.0,2026-06-01T04:56:12Z,16,Donnée validée,10,Expertisée,20,Bonne,7.384986107,48.102530621,QIXnJ
A1610030,A161003001,2011-09-03,4798.0,2026-06-01T04:56:12Z,16,Donnée validée,10,Expertisée,20,Bonne,7.384986107,48.102530621,QIXnJ
A1610030,A161003001,2011-09-04,6944.0,2026-06-01T04:56:12Z,16,Donnée validée,10,Expertisée,20,Bonne,7.384986107,48.102530621,QIXnJ
A1610030,A161003001,2011-09-05,9206.0,2026-06-01T04:56:12Z,16,Donnée validée,10,Expertisée,20,Bonne,7.384986107,48.102530621,QIXnJ
A1610030,A161003001,2011-09-06,7667.0,2026-06-01T04:56:12Z,16,Donnée validée,10,Expertisée,20,Bonne,7.384986107,48.102530621,QIXnJ
A1610030,A161003001,2011-09-07,6089.0,2026-06-01T04:56:12Z,16,Donnée validée,10,Expertisée,20,Bonne,7.384986107,48.102530621,QIXnJ
A1610030,A161003001,2011-09-08,5961.0,2026-06-01T04:56:12Z,16,Donnée validée,10,Expertisée,20,Bonne,7.384986107,48.102530621,QIXnJ
A1610030,A161003001,2011-09-09,5842.0,2026-06-01T04:56:12Z,16,Donnée validée,10,Expertisée,20,Bonne,7.384986107,48.102530621,QIXnJ
A1610030,A161003001,2011-09-10,5765.0,2026-06-01T04:56:12Z,16,Donnée validée,10,Expertisée,20,Bonne,7.384986107,48.102530621,QIXnJ
A1610030,A161003001,2011-09-11,6053.0,2026-06-01T04:56:12Z,16,Donnée validée,10,Expertisée,20,Bonne,7.384986107,48.102530621,QIXnJ
A1610030,A161003001,2011-09-12,5830.0,2026-06-01T04:56:12Z,16,Donnée validée,10,Expertisée,20,Bonne,7.384986107,48.102530621,QIXnJ
A1610030,A161003001,2011-09-13,6129.0,2026-06-01T04:56:12Z,16,Donnée validée,10,Expertisée,20,Bonne,7.384986107,48.102530621,QIXnJ
A1610030,A161003001,2011-09-14,7089.0,2026-06-01T04:56:12Z,16,Donnée validée,10,Expertisée,20,Bonne,7.384986107,48.102530621,QIXnJ
A1610030,A161003001,2011-09-15,6045.0,2026-06-01T04:56:12Z,16,Donnée validée,10,Expertisée,20,Bonne,7.384986107,48.102530621,QIXnJ
A1610030,A161003001,2011-09-16,6039.0,2026-06-01T04:56:12Z,16,Donnée validée,10,Expertisée,20,Bonne,7.384986107,48.102530621,QIXnJ
A1610030,A161003001,2011-09-17,6357.0,2026-06-01T04:56:12Z,16,Donnée validée,10,Expertisée,20,Bonne,7.384986107,48.102530621,QIXnJ
A1610030,A161003001,2011-09-18,6199.0,2026-06-01T04:56:12Z,16,Donnée validée,10,Expertisée,20,Bonne,7.384986107,48.102530621,QIXnJ
A1610030,A161003001,2011-09-19,6450.0,2026-06-01T04:56:12Z,16,Donnée validée,10,Expertisée,20,Bonne,7.384986107,48.102530621,QIXnJ
A1610030,A161003001,2011-09-20,6706.0,2026-06-01T04:56:12Z,16,Donnée validée,10,Expertisée,20,Bonne,7.384986107,48.102530621,QIXnJ
A1610030,A161003001,2011-09-21,6636.0,2026-06-01T04:56:12Z,16,Donnée validée,10,Expertisée,20,Bonne,7.384986107,48.102530621,QIXnJ
A1610030,A161003001,2011-09-22,6477.0,2026-06-01T04:56:12Z,16,Donnée validée,10,Expertisée,20,Bonne,7.384986107,48.102530621,QIXnJ
A1610030,A161003001,2011-09-23,5850.0,2026-06-01T04:56:12Z,16,Donnée validée,10,Expertisée,20,Bonne,7.384986107,48.102530621,QIXnJ
A1610030,A161003001,2011-09-24,5629.0,2026-06-01T04:56:12Z,16,Donnée validée,10,Expertisée,20,Bonne,7.384986107,48.102530621,QIXnJ
A1610030,A161003001,2011-09-25,5643.0,2026-06-01T04:56:12Z,16,Donnée validée,10,Expertisée,20,Bonne,7.384986107,48.102530621,QIXnJ
A1610030,A161003001,2011-09-26,5549.0,2026-06-01T04:56:12Z,16,Donnée validée,10,Expertisée,20,Bonne,7.384986107,48.102530621,QIXnJ
A1610030,A161003001,2011-09-27,5449.0,2026-06-01T04:56:12Z,16,Donnée validée,10,Expertisée,20,Bonne,7.384986107,48.102530621,QIXnJ
A1610030,A161003001,2011-09-28,7246.0,2026-06-01T04:56:12Z,16,Donnée validée,10,Expertisée,20,Bonne,7.384986107,48.102530621,QIXnJ
A1610030,A161003001,2011-09-29,5340.0,2026-06-01T04:56:12Z,16,Donnée validée,10,Expertisée,20,Bonne,7.384986107,48.102530621,QIXnJ
A1610030,A161003001,2011-09-30,5204.0,2026-06-01T04:56:12Z,16,Donnée validée,10,Expertisée,20,Bonne,7.384986107,48.102530621,QIXnJ
A1610030,A161003001,2011-10-01,5590.0,2026-06-01T04:56:12Z,16,Donnée validée,10,Expertisée,20,Bonne,7.384986107,48.102530621,QIXnJ
A1610030,A161003001,2011-10-02,5546.0,2026-06-01T04:56:12Z,16,Donnée validée,10,Expertisée,20,Bonne,7.384986107,48.102530621,QIXnJ
A1610030,A161003001,2011-10-03,6953.0,2026-06-01T04:56:12Z,16,Donnée validée,10,Expertisée,20,Bonne,7.384986107,48.102530621,QIXnJ
A1610030,A161003001,2011-10-04,5555.0,2026-06-01T04:56:12Z,16,Donnée validée,10,Expertisée,20,Bonne,7.384986107,48.102530621,QIXnJ
A1610030,A161003001,2011-10-05,5501.0,2026-06-01T04:56:12Z,16,Donnée validée,10,Expertisée,20,Bonne,7.384986107,48.102530621,QIXnJ
A1610030,A161003001,2011-10-06,11057.0,2026-06-01T04:56:12Z,16,Donnée validée,10,Expertisée,20,Bonne,7.384986107,48.102530621,QIXnJ
A1610030,A161003001,2011-10-07,7277.0,2026-06-01T04:56:12Z,16,Donnée validée,10,Expertisée,20,Bonne,7.384986107,48.102530621,QIXnJ
A1610030,A161003001,2011-10-08,7707.0,2026-06-01T04:56:12Z,16,Donnée validée,10,Expertisée,20,Bonne,7.384986107,48.102530621,QIXnJ
A1610030,A161003001,2011-10-09,8610.0,2026-06-01T04:56:12Z,16,Donnée validée,10,Expertisée,20,Bonne,7.384986107,48.102530621,QIXnJ
A1610030,A161003001,2011-10-10,9155.0,2026-06-01T04:56:12Z,16,Donnée validée,10,Expertisée,20,Bonne,7.384986107,48.102530621,QIXnJ
A1610030,A161003001,2011-10-11,8111.0,2026-06-01T04:56:12Z,16,Donnée validée,10,Expertisée,20,Bonne,7.384986107,48.102530621,QIXnJ
A1610030,A161003001,2011-10-12,8082.0,2026-06-01T04:56:12Z,16,Donnée validée,10,Expertisée,20,Bonne,7.384986107,48.102530621,QIXnJ
A1610030,A161003001,2011-10-13,7471.0,2026-06-01T04:56:12Z,16,Donnée validée,10,Expertisée,20,Bonne,7.384986107,48.102530621,QIXnJ
A1610030,A161003001,2011-10-14,7511.0,2026-06-01T04:56:12Z,16,Donnée validée,10,Expertisée,20,Bonne,7.384986107,48.102530621,QIXnJ
A1610030,A161003001,2011-10-15,7240.0,2026-06-01T04:56:12Z,16,Donnée validée,10,Expertisée,20,Bonne,7.384986107,48.102530621,QIXnJ
A1610030,A161003001,2011-10-16,7022.0,2026-06-01T04:56:12Z,16,Donnée validée,10,Expertisée,20,Bonne,7.384986107,48.102530621,QIXnJ
A1610030,A161003001,2011-10-17,6911.0,2026-06-01T04:56:12Z,16,Donnée validée,10,Expertisée,20,Bonne,7.384986107,48.102530621,QIXnJ
A1610030,A161003001,2011-10-18,7119.0,2026-06-01T04:56:12Z,16,Donnée validée,10,Expertisée,20,Bonne,7.384986107,48.102530621,QIXnJ
A1610030,A161003001,2011-10-19,13715.0,2026-06-01T04:56:12Z,16,Donnée validée,10,Expertisée,20,Bonne,7.384986107,48.102530621,QIXnJ
A1610030,A161003001,2011-10-20,12011.0,2026-06-01T04:56:12Z,16,Donnée validée,10,Expertisée,20,Bonne,7.384986107,48.102530621,QIXnJ
A1610030,A161003001,2011-10-21,9635.0,2026-06-01T04:56:12Z,16,Donnée validée,10,Expertisée,20,Bonne,7.384986107,48.102530621,QIXnJ
A1610030,A161003001,2011-10-22,8333.0,2026-06-01T04:56:12Z,16,Donnée validée,10,Expertisée,20,Bonne,7.384986107,48.102530621,QIXnJ
A1610030,A161003001,2011-10-23,8284.0,2026-06-01T04:56:12Z,16,Donnée validée,10,Expertisée,20,Bonne,7.384986107,48.102530621,QIXnJ
A1610030,A161003001,2011-10-24,8557.0,2026-06-01T04:56:12Z,16,Donnée validée,10,Expertisée,20,Bonne,7.384986107,48.102530621,QIXnJ
A1610030,A161003001,2011-10-25,8662.0,2026-06-01T04:56:12Z,16,Donnée validée,10,Expertisée,20,Bonne,7.384986107,48.102530621,QIXnJ
A1610030,A161003001,2011-10-26,8505.0,2026-06-01T04:56:12Z,16,Donnée validée,10,Expertisée,20,Bonne,7.384986107,48.102530621,QIXnJ
A1610030,A161003001,2011-10-27,7962.0,2026-06-01T04:56:12Z,16,Donnée validée,10,Expertisée,20,Bonne,7.384986107,48.102530621,QIXnJ
A1610030,A161003001,2011-10-28,7685.0,2026-06-01T04:56:12Z,16,Donnée validée,10,Expertisée,20,Bonne,7.384986107,48.102530621,QIXnJ
A1610030,A161003001,2011-10-29,7515.0,2026-06-01T04:56:12Z,16,Donnée validée,10,Expertisée,20,Bonne,7.384986107,48.102530621,QIXnJ
A1610030,A161003001,2011-10-30,7583.0,2026-06-01T04:56:12Z,16,Donnée validée,10,Expertisée,20,Bonne,7.384986107,48.102530621,QIXnJ
A1610030,A161003001,2011-10-31,7685.0,2026-06-01T04:56:12Z,16,Donnée validée,10,Expertisée,20,Bonne,7.384986107,48.102530621,QIXnJ
A1610030,A161003001,2011-11-01,7469.0,2026-06-01T04:56:12Z,16,Donnée validée,10,Expertisée,20,Bonne,7.384986107,48.102530621,QIXnJ
A1610030,A161003001,2011-11-02,7387.0,2026-06-01T04:56:12Z,16,Donnée validée,10,Expertisée,20,Bonne,7.384986107,48.102530621,QIXnJ
A1610030,A161003001,2011-11-03,7276.0,2026-06-01T04:56:12Z,16,Donnée validée,10,Expertisée,20,Bonne,7.384986107,48.102530621,QIXnJ
A1610030,A161003001,2011-11-04,9737.0,2026-06-01T04:56:12Z,16,Donnée validée,10,Expertisée,20,Bonne,7.384986107,48.102530621,QIXnJ
A1610030,A161003001,2011-11-05,6994.0,2026-06-01T04:56:12Z,16,Donnée validée,10,Expertisée,20,Bonne,7.384986107,48.102530621,QIXnJ
A1610030,A161003001,2011-11-06,7215.0,2026-06-01T04:56:12Z,16,Donnée validée,10,Expertisée,20,Bonne,7.384986107,48.102530621,QIXnJ
A1610030,A161003001,2011-11-07,7115.0,2026-06-01T04:56:12Z,16,Donnée validée,10,Expertisée,20,Bonne,7.384986107,48.102530621,QIXnJ
A1610030,A161003001,2011-11-08,7418.0,2026-06-01T04:56:12Z,16,Donnée validée,10,Expertisée,20,Bonne,7.384986107,48.102530621,QIXnJ
A1610030,A161003001,2011-11-09,7799.0,2026-06-01T04:56:12Z,16,Donnée validée,10,Expertisée,20,Bonne,7.384986107,48.102530621,QIXnJ
A1610030,A161003001,2011-11-10,7220.0,2026-06-01T04:56:12Z,16,Donnée validée,10,Expertisée,20,Bonne,7.384986107,48.102530621,QIXnJ
A1610030,A161003001,2011-11-11,6654.0,2026-06-01T04:56:12Z,16,Donnée validée,10,Expertisée,20,Bonne,7.384986107,48.102530621,QIXnJ
A1610030,A161003001,2011-11-12,6561.0,2026-06-01T04:56:12Z,16,Donnée validée,10,Expertisée,20,Bonne,7.384986107,48.102530621,QIXnJ
A1610030,A161003001,2011-11-13,6584.0,2026-06-01T04:56:12Z,16,Donnée validée,10,Expertisée,20,Bonne,7.384986107,48.102530621,QIXnJ
A1610030,A161003001,2011-11-14,6560.0,2026-06-01T04:56:12Z,16,Donnée validée,10,Expertisée,20,Bonne,7.384986107,48.102530621,QIXnJ
A1610030,A161003001,2011-11-15,8939.0,2026-06-01T04:56:12Z,16,Donnée validée,10,Expertisée,20,Bonne,7.384986107,48.102530621,QIXnJ
A1610030,A161003001,2011-11-16,6827.0,2026-06-01T04:56:12Z,16,Donnée validée,10,Expertisée,20,Bonne,7.384986107,48.102530621,QIXnJ
A1610030,A161003001,2011-11-17,7232.0,2026-06-01T04:56:12Z,16,Donnée validée,10,Expertisée,20,Bonne,7.384986107,48.102530621,QIXnJ
A1610030,A161003001,2011-11-18,7196.0,2026-06-01T04:56:12Z,16,Donnée validée,10,Expertisée,20,Bonne,7.384986107,48.102530621,QIXnJ
A1610030,A161003001,2011-11-19,7014.0,2026-06-01T04:56:12Z,16,Donnée validée,10,Expertisée,20,Bonne,7.384986107,48.102530621,QIXnJ
A1610030,A161003001,2011-11-20,6940.0,2026-06-01T04:56:12Z,16,Donnée validée,10,Expertisée,20,Bonne,7.384986107,48.102530621,QIXnJ
A1610030,A161003001,2011-11-21,6930.0,2026-06-01T04:56:12Z,16,Donnée validée,10,Expertisée,20,Bonne,7.384986107,48.102530621,QIXnJ
A1610030,A161003001,2011-11-22,6920.0,2026-06-01T04:56:12Z,16,Donnée validée,10,Expertisée,20,Bonne,7.384986107,48.102530621,QIXnJ
A1610030,A161003001,2011-11-23,6812.0,2026-06-01T04:56:12Z,16,Donnée validée,10,Expertisée,20,Bonne,7.384986107,48.102530621,QIXnJ
A1610030,A161003001,2011-11-24,8030.0,2026-06-01T04:56:12Z,16,Donnée validée,10,Expertisée,20,Bonne,7.384986107,48.102530621,QIXnJ
A1610030,A161003001,2011-11-25,6765.0,2026-06-01T04:56:12Z,16,Donnée validée,10,Expertisée,20,Bonne,7.384986107,48.102530621,QIXnJ
A1610030,A161003001,2011-11-26,6651.0,2026-06-01T04:56:12Z,16,Donnée validée,10,Expertisée,20,Bonne,7.384986107,48.102530621,QIXnJ
A1610030,A161003001,2011-11-27,6649.0,2026-06-01T04:56:12Z,16,Donnée validée,10,Expertisée,20,Bonne,7.384986107,48.102530621,QIXnJ
A1610030,A161003001,2011-11-28,6632.0,2026-06-01T04:56:12Z,16,Donnée validée,10,Expertisée,20,Bonne,7.384986107,48.102530621,QIXnJ
A1610030,A161003001,2011-11-29,8998.0,2026-06-01T04:56:12Z,16,Donnée validée,10,Expertisée,20,Bonne,7.384986107,48.102530621,QIXnJ
A1610030,A161003001,2011-11-30,6527.0,2026-06-01T04:56:12Z,16,Donnée validée,10,Expertisée,20,Bonne,7.384986107,48.102530621,QIXnJ
A1610030,A161003001,2011-12-01,6422.0,2026-06-01T04:56:12Z,16,Donnée validée,10,Expertisée,20,Bonne,7.384986107,48.102530621,QIXnJ
A1610030,A161003001,2011-12-02,6438.0,2026-06-01T04:56:12Z,16,Donnée validée,10,Expertisée,20,Bonne,7.384986107,48.102530621,QIXnJ
A1610030,A161003001,2011-12-03,6787.0,2026-06-01T04:56:12Z,16,Donnée validée,10,Expertisée,20,Bonne,7.384986107,48.102530621,QIXnJ
A1610030,A161003001,2011-12-04,11160.0,2026-06-01T04:56:12Z,16,Donnée validée,10,Expertisée,20,Bonne,7.384986107,48.102530621,QIXnJ
A1610030,A161003001,2011-12-05,38784.0,2026-06-01T04:56:12Z,16,Donnée validée,10,Expertisée,20,Bonne,7.384986107,48.102530621,QIXnJ
A1610030,A161003001,2011-12-06,34181.0,2026-06-01T04:56:12Z,16,Donnée validée,10,Expertisée,20,Bonne,7.384986107,48.102530621,QIXnJ
A1610030,A161003001,2011-12-07,72777.0,2026-06-01T04:56:12Z,16,Donnée validée,10,Expertisée,20,Bonne,7.384986107,48.102530621,QIXnJ
A1610030,A161003001,2011-12-08,85326.0,2026-06-01T04:56:12Z,16,Donnée validée,10,Expertisée,20,Bonne,7.384986107,48.102530621,QIXnJ
A1610030,A161003001,2011-12-09,57883.0,2026-06-01T04:56:12Z,16,Donnée validée,10,Expertisée,20,Bonne,7.384986107,48.102530621,QIXnJ
A1610030,A161003001,2011-12-10,79356.0,2026-06-01T04:56:12Z,16,Donnée validée,10,Expertisée,20,Bonne,7.384986107,48.102530621,QIXnJ
A1610030,A161003001,2011-12-11,79308.0,2026-06-01T04:56:12Z,16,Donnée validée,10,Expertisée,20,Bonne,7.384986107,48.102530621,QIXnJ
A1610030,A161003001,2011-12-12,55523.0,2026-06-01T04:56:12Z,16,Donnée validée,10,Expertisée,20,Bonne,7.384986107,48.102530621,QIXnJ
A1610030,A161003001,2011-12-13,51410.0,2026-06-01T04:56:12Z,16,Donnée validée,10,Expertisée,20,Bonne,7.384986107,48.102530621,QIXnJ
A1610030,A161003001,2011-12-14,65763.0,2026-06-01T04:56:12Z,16,Donnée validée,10,Expertisée,20,Bonne,7.384986107,48.102530621,QIXnJ
A1610030,A161003001,2011-12-15,78233.0,2026-06-01T04:56:12Z,16,Donnée validée,10,Expertisée,20,Bonne,7.384986107,48.102530621,QIXnJ
A1610030,A161003001,2011-12-16,144492.0,2026-06-01T04:56:12Z,16,Donnée validée,10,Expertisée,20,Bonne,7.384986107,48.102530621,QIXnJ
A1610030,A161003001,2011-12-17,185865.0,2026-06-01T04:56:12Z,16,Donnée validée,10,Expertisée,20,Bonne,7.384986107,48.102530621,QIXnJ
A1610030,A161003001,2011-12-18,136742.0,2026-06-01T04:56:12Z,16,Donnée validée,10,Expertisée,20,Bonne,7.384986107,48.102530621,QIXnJ
A1610030,A161003001,2011-12-19,76253.0,2026-06-01T04:56:12Z,16,Donnée validée,10,Expertisée,20,Bonne,7.384986107,48.102530621,QIXnJ
A1610030,A161003001,2011-12-20,54378.0,2026-06-01T04:56:12Z,16,Donnée validée,10,Expertisée,20,Bonne,7.384986107,48.102530621,QIXnJ
A1610030,A161003001,2011-12-21,43125.0,2026-06-01T04:56:12Z,16,Donnée validée,10,Expertisée,20,Bonne,7.384986107,48.102530621,QIXnJ
A1610030,A161003001,2011-12-22,37065.0,2026-06-01T04:56:12Z,16,Donnée validée,10,Expertisée,20,Bonne,7.384986107,48.102530621,QIXnJ
A1610030,A161003001,2011-12-23,39155.0,2026-06-01T04:56:12Z,16,Donnée validée,10,Expertisée,20,Bonne,7.384986107,48.102530621,QIXnJ
A1610030,A161003001,2011-12-24,41351.0,2026-06-01T04:56:12Z,16,Donnée validée,10,Expertisée,20,Bonne,7.384986107,48.102530621,QIXnJ
A1610030,A161003001,2011-12-25,41020.0,2026-06-01T04:56:12Z,16,Donnée validée,10,Expertisée,20,Bonne,7.384986107,48.102530621,QIXnJ
A1610030,A161003001,2011-12-26,35429.0,2026-06-01T04:56:12Z,16,Donnée validée,10,Expertisée,20,Bonne,7.384986107,48.102530621,QIXnJ
A1610030,A161003001,2011-12-27,30035.0,2026-06-01T04:56:12Z,16,Donnée validée,10,Expertisée,20,Bonne,7.384986107,48.102530621,QIXnJ
A1610030,A161003001,2011-12-28,26067.0,2026-06-01T04:56:12Z,16,Donnée validée,10,Expertisée,20,Bonne,7.384986107,48.102530621,QIXnJ
A1610030,A161003001,2011-12-29,23228.0,2026-06-01T04:56:12Z,16,Donnée validée,10,Expertisée,20,Bonne,7.384986107,48.102530621,QIXnJ
A1610030,A161003001,2011-12-30,34067.0,2026-06-01T04:56:12Z,16,Donnée validée,10,Expertisée,20,Bonne,7.384986107,48.102530621,QIXnJ
A1610030,A161003001,2011-12-31,42109.0,2026-06-01T04:56:12Z,16,Donnée validée,10,Expertisée,20,Bonne,7.384986107,48.102530621,QIXnJ
A1610030,A161003001,2012-01-01,56503.0,2026-06-01T04:56:12Z,16,Donnée validée,10,Expertisée,20,Bonne,7.384986107,48.102530621,QIXnJ
A1610030,A161003001,2012-01-02,76846.0,2026-06-01T04:56:12Z,16,Donnée validée,10,Expertisée,20,Bonne,7.384986107,48.102530621,QIXnJ
A1610030,A161003001,2012-01-03,78875.0,2026-06-01T04:56:12Z,16,Donnée validée,10,Expertisée,20,Bonne,7.384986107,48.102530621,QIXnJ
A1610030,A161003001,2012-01-04,96842.0,2026-06-01T04:56:12Z,16,Donnée validée,10,Expertisée,20,Bonne,7.384986107,48.102530621,QIXnJ
A1610030,A161003001,2012-01-05,127986.0,2026-06-01T04:56:12Z,16,Donnée validée,10,Expertisée,20,Bonne,7.384986107,48.102530621,QIXnJ
A1610030,A161003001,2012-01-06,155500.0,2026-06-01T04:56:12Z,16,Donnée validée,10,Expertisée,20,Bonne,7.384986107,48.102530621,QIXnJ
A1610030,A161003001,2012-01-07,144279.0,2026-06-01T04:56:12Z,16,Donnée validée,10,Expertisée,20,Bonne,7.384986107,48.102530621,QIXnJ
A1610030,A161003001,2012-01-08,81052.0,2026-06-01T04:56:12Z,16,Donnée validée,10,Expertisée,20,Bonne,7.384986107,48.102530621,QIXnJ
A1610030,A161003001,2012-01-09,64797.0,2026-06-01T04:56:12Z,16,Donnée validée,10,Expertisée,20,Bonne,7.384986107,48.102530621,QIXnJ
A1610030,A161003001,2012-01-10,54041.0,2026-06-01T04:56:12Z,16,Donnée validée,10,Expertisée,20,Bonne,7.384986107,48.102530621,QIXnJ
A1610030,A161003001,2012-01-11,44413.0,2026-06-01T04:56:12Z,16,Donnée validée,10,Expertisée,20,Bonne,7.384986107,48.102530621,QIXnJ
A1610030,A161003001,2012-01-12,38124.0,2026-06-01T04:56:12Z,16,Donnée validée,10,Expertisée,20,Bonne,7.384986107,48.102530621,QIXnJ
A1610030,A161003001,2012-01-13,34042.0,2026-06-01T04:56:12Z,16,Donnée validée,10,Expertisée,20,Bonne,7.384986107,48.102530621,QIXnJ
A1610030,A161003001,2012-01-14,31066.0,2026-06-01T04:56:12Z,16,Donnée validée,10,Expertisée,20,Bonne,7.384986107,48.102530621,QIXnJ
A1610030,A161003001,2012-01-15,27875.0,2026-06-01T04:56:12Z,16,Donnée validée,10,Expertisée,20,Bonne,7.384986107,48.102530621,QIXnJ
A1610030,A161003001,2012-01-16,25412.0,2026-06-01T04:56:12Z,16,Donnée validée,10,Expertisée,20,Bonne,7.384986107,48.102530621,QIXnJ
A1610030,A161003001,2012-01-17,23467.0,2026-06-01T04:56:12Z,16,Donnée validée,10,Expertisée,20,Bonne,7.384986107,48.102530621,QIXnJ
A1610030,A161003001,2012-01-18,21414.0,2026-06-01T04:56:12Z,16,Donnée validée,10,Expertisée,20,Bonne,7.384986107,48.102530621,QIXnJ
A1610030,A161003001,2012-01-19,21656.0,2026-06-01T04:56:12Z,16,Donnée validée,10,Expertisée,20,Bonne,7.384986107,48.102530621,QIXnJ
A1610030,A161003001,2012-01-20,44341.0,2026-06-01T04:56:12Z,16,Donnée validée,10,Expertisée,20,Bonne,7.384986107,48.102530621,QIXnJ
A1610030,A161003001,2012-01-21,76257.0,2026-06-01T04:56:12Z,16,Donnée validée,10,Expertisée,20,Bonne,7.384986107,48.102530621,QIXnJ
A1610030,A161003001,2012-01-22,100314.0,2026-06-01T04:56:12Z,16,Donnée validée,10,Expertisée,20,Bonne,7.384986107,48.102530621,QIXnJ
A1610030,A161003001,2012-01-23,93170.0,2026-06-01T04:56:12Z,16,Donnée validée,10,Expertisée,20,Bonne,7.384986107,48.102530621,QIXnJ
A1610030,A161003001,2012-01-24,75069.0,2026-06-01T04:56:12Z,16,Donnée validée,10,Expertisée,20,Bonne,7.384986107,48.102530621,QIXnJ
A1610030,A161003001,2012-01-25,72736.0,2026-06-01T04:56:12Z,16,Donnée validée,10,Expertisée,20,Bonne,7.384986107,48.102530621,QIXnJ
A1610030,A161003001,2012-01-26,55640.0,2026-06-01T04:56:12Z,16,Donnée validée,10,Expertisée,20,Bonne,7.384986107,48.102530621,QIXnJ
A1610030,A161003001,2012-01-27,43995.0,2026-06-01T04:56:12Z,16,Donnée validée,10,Expertisée,20,Bonne,7.384986107,48.102530621,QIXnJ
A1610030,A161003001,2012-01-28,36692.0,2026-06-01T04:56:12Z,16,Donnée validée,10,Expertisée,20,Bonne,7.384986107,48.102530621,QIXnJ
A1610030,A161003001,2012-01-29,34093.0,2026-06-01T04:56:12Z,16,Donnée validée,10,Expertisée,20,Bonne,7.384986107,48.102530621,QIXnJ
A1610030,A161003001,2012-01-30,33843.0,2026-06-01T04:56:12Z,16,Donnée validée,10,Expertisée,20,Bonne,7.384986107,48.102530621,QIXnJ
A1610030,A161003001,2012-01-31,29806.0,2026-06-01T04:56:12Z,16,Donnée validée,10,Expertisée,20,Bonne,7.384986107,48.102530621,QIXnJ
A1610030,A161003001,2012-02-01,26455.0,2026-06-01T04:56:12Z,16,Donnée validée,10,Expertisée,20,Bonne,7.384986107,48.102530621,QIXnJ
A1610030,A161003001,2012-02-02,23469.0,2026-06-01T04:56:12Z,16,Donnée validée,10,Expertisée,20,Bonne,7.384986107,48.102530621,QIXnJ
A1610030,A161003001,2012-02-03,20807.0,2026-06-01T04:56:12Z,16,Donnée validée,10,Expertisée,20,Bonne,7.384986107,48.102530621,QIXnJ
A1610030,A161003001,2012-02-04,18286.0,2026-06-01T04:56:12Z,16,Donnée validée,10,Expertisée,20,Bonne,7.384986107,48.102530621,QIXnJ
A1610030,A161003001,2012-02-05,16476.0,2026-06-01T04:56:12Z,16,Donnée validée,10,Expertisée,20,Bonne,7.384986107,48.102530621,QIXnJ
A1610030,A161003001,2012-02-06,15015.0,2026-06-01T04:56:12Z,16,Donnée validée,10,Expertisée,20,Bonne,7.384986107,48.102530621,QIXnJ
A1610030,A161003001,2012-02-07,13731.0,2026-06-01T04:56:12Z,16,Donnée validée,10,Expertisée,20,Bonne,7.384986107,48.102530621,QIXnJ
A1610030,A161003001,2012-02-08,12534.0,2026-06-01T04:56:12Z,16,Donnée validée,10,Expertisée,20,Bonne,7.384986107,48.102530621,QIXnJ
A1610030,A161003001,2012-02-09,11734.0,2026-06-01T04:56:12Z,16,Donnée validée,10,Expertisée,20,Bonne,7.384986107,48.102530621,QIXnJ
A1610030,A161003001,2012-02-10,11033.0,2026-06-01T04:56:12Z,16,Donnée validée,10,Expertisée,20,Bonne,7.384986107,48.102530621,QIXnJ
A1610030,A161003001,2012-02-11,10498.0,2026-06-01T04:56:12Z,16,Donnée validée,10,Expertisée,20,Bonne,7.384986107,48.102530621,QIXnJ
A1610030,A161003001,2012-02-12,10122.0,2026-06-01T04:56:12Z,16,Donnée validée,10,Expertisée,20,Bonne,7.384986107,48.102530621,QIXnJ
A1610030,A161003001,2012-02-13,9960.0,2026-06-01T04:56:12Z,16,Donnée validée,10,Expertisée,20,Bonne,7.384986107,48.102530621,QIXnJ
A1610030,A161003001,2012-02-14,9848.0,2026-06-01T04:56:12Z,16,Donnée validée,10,Expertisée,20,Bonne,7.384986107,48.102530621,QIXnJ
A1610030,A161003001,2012-02-15,10775.0,2026-06-01T04:56:12Z,16,Donnée validée,10,Expertisée,20,Bonne,7.384986107,48.102530621,QIXnJ
A1610030,A161003001,2012-02-16,18903.0,2026-06-01T04:56:12Z,16,Donnée validée,10,Expertisée,20,Bonne,7.384986107,48.102530621,QIXnJ
A1610030,A161003001,2012-02-17,11707.0,2026-06-01T04:56:12Z,16,Donnée validée,10,Expertisée,20,Bonne,7.384986107,48.102530621,QIXnJ
A1610030,A161003001,2012-02-18,13217.0,2026-06-01T04:56:12Z,16,Donnée validée,10,Expertisée,20,Bonne,7.384986107,48.102530621,QIXnJ
A1610030,A161003001,2012-02-19,18460.0,2026-06-01T04:56:12Z,16,Donnée validée,10,Expertisée,20,Bonne,7.384986107,48.102530621,QIXnJ
A1610030,A161003001,2012-02-20,22456.0,2026-06-01T04:56:12Z,16,Donnée validée,10,Expertisée,20,Bonne,7.384986107,48.102530621,QIXnJ
A1610030,A161003001,2012-02-21,15966.0,2026-06-01T04:56:12Z,16,Donnée validée,10,Expertisée,20,Bonne,7.384986107,48.102530621,QIXnJ
A1610030,A161003001,2012-02-22,12629.0,2026-06-01T04:56:12Z,16,Donnée validée,10,Expertisée,20,Bonne,7.384986107,48.102530621,QIXnJ
A1610030,A161003001,2012-02-23,11401.0,2026-06-01T04:56:12Z,16,Donnée validée,10,Expertisée,20,Bonne,7.384986107,48.102530621,QIXnJ
A1610030,A161003001,2012-02-24,10819.0,2026-06-01T04:56:12Z,16,Donnée validée,10,Expertisée,20,Bonne,7.384986107,48.102530621,QIXnJ
A1610030,A161003001,2012-02-25,12329.0,2026-06-01T04:56:12Z,16,Donnée validée,10,Expertisée,20,Bonne,7.384986107,48.102530621,QIXnJ
A1610030,A161003001,2012-02-26,12818.0,2026-06-01T04:56:12Z,16,Donnée validée,10,Expertisée,20,Bonne,7.384986107,48.102530621,QIXnJ
A1610030,A161003001,2012-02-27,12514.0,2026-06-01T04:56:12Z,16,Donnée validée,10,Expertisée,20,Bonne,7.384986107,48.102530621,QIXnJ
A1610030,A161003001,2012-02-28,13750.0,2026-06-01T04:56:12Z,16,Donnée validée,10,Expertisée,20,Bonne,7.384986107,48.102530621,QIXnJ
A1610030,A161003001,2012-02-29,11352.0,2026-06-01T04:56:12Z,16,Donnée validée,10,Expertisée,20,Bonne,7.384986107,48.102530621,QIXnJ
A1610030,A161003001,2012-03-01,23122.0,2026-06-01T04:56:12Z,16,Donnée validée,10,Expertisée,20,Bonne,7.384986107,48.102530621,QIXnJ
A1610030,A161003001,2012-03-02,12196.0,2026-06-01T04:56:12Z,16,Donnée validée,10,Expertisée,20,Bonne,7.384986107,48.102530621,QIXnJ
A1610030,A161003001,2012-03-03,12684.0,2026-06-01T04:56:12Z,16,Donnée validée,10,Expertisée,20,Bonne,7.384986107,48.102530621,QIXnJ
A1610030,A161003001,2012-03-04,12201.0,2026-06-01T04:56:12Z,16,Donnée validée,10,Expertisée,20,Bonne,7.384986107,48.102530621,QIXnJ
A1610030,A161003001,2012-03-05,12762.0,2026-06-01T04:56:12Z,16,Donnée validée,10,Expertisée,20,Bonne,7.384986107,48.102530621,QIXnJ
A1610030,A161003001,2012-03-06,12773.0,2026-06-01T04:56:12Z,16,Donnée validée,10,Expertisée,20,Bonne,7.384986107,48.102530621,QIXnJ
A1610030,A161003001,2012-03-07,11846.0,2026-06-01T04:56:12Z,16,Donnée validée,10,Expertisée,20,Bonne,7.384986107,48.102530621,QIXnJ
A1610030,A161003001,2012-03-08,10777.0,2026-06-01T04:56:12Z,16,Donnée validée,10,Expertisée,20,Bonne,7.384986107,48.102530621,QIXnJ
A1610030,A161003001,2012-03-09,10459.0,2026-06-01T04:56:12Z,16,Donnée validée,10,Expertisée,20,Bonne,7.384986107,48.102530621,QIXnJ
A1610030,A161003001,2012-03-10,9689.0,2026-06-01T04:56:12Z,16,Donnée validée,10,Expertisée,20,Bonne,7.384986107,48.102530621,QIXnJ
A1610030,A161003001,2012-03-11,9442.0,2026-06-01T04:56:12Z,16,Donnée validée,10,Expertisée,20,Bonne,7.384986107,48.102530621,QIXnJ
A1610030,A161003001,2012-03-12,9423.0,2026-06-01T04:56:12Z,16,Donnée validée,10,Expertisée,20,Bonne,7.384986107,48.102530621,QIXnJ
A1610030,A161003001,2012-03-13,9176.0,2026-06-01T04:56:12Z,16,Donnée validée,10,Expertisée,20,Bonne,7.384986107,48.102530621,QIXnJ
A1610030,A161003001,2012-03-14,8909.0,2026-06-01T04:56:12Z,16,Donnée validée,10,Expertisée,20,Bonne,7.384986107,48.102530621,QIXnJ
A1610030,A161003001,2012-03-15,8332.0,2026-06-01T04:56:12Z,16,Donnée validée,10,Expertisée,20,Bonne,7.384986107,48.102530621,QIXnJ
A1610030,A161003001,2012-03-16,7932.0,2026-06-01T04:56:12Z,16,Donnée validée,10,Expertisée,20,Bonne,7.384986107,48.102530621,QIXnJ
A1610030,A161003001,2012-03-17,7754.0,2026-06-01T04:56:12Z,16,Donnée validée,10,Expertisée,20,Bonne,7.384986107,48.102530621,QIXnJ
A1610030,A161003001,2012-03-18,9797.0,2026-06-01T04:56:12Z,16,Donnée validée,10,Expertisée,20,Bonne,7.384986107,48.102530621,QIXnJ
A1610030,A161003001,2012-03-19,9442.0,2026-06-01T04:56:12Z,16,Donnée validée,10,Expertisée,20,Bonne,7.384986107,48.102530621,QIXnJ
A1610030,A161003001,2012-03-20,9350.0,2026-06-01T04:56:12Z,16,Donnée validée,10,Expertisée,20,Bonne,7.384986107,48.102530621,QIXnJ
A1610030,A161003001,2012-03-21,8513.0,2026-06-01T04:56:12Z,16,Donnée validée,10,Expertisée,20,Bonne,7.384986107,48.102530621,QIXnJ
A1610030,A161003001,2012-03-22,7752.0,2026-06-01T04:56:12Z,16,Donnée validée,10,Expertisée,20,Bonne,7.384986107,48.102530621,QIXnJ
A1610030,A161003001,2012-03-23,7177.0,2026-06-01T04:56:12Z,16,Donnée validée,10,Expertisée,20,Bonne,7.384986107,48.102530621,QIXnJ
A1610030,A161003001,2012-03-24,6749.0,2026-06-01T04:56:12Z,16,Donnée validée,10,Expertisée,20,Bonne,7.384986107,48.102530621,QIXnJ
A1610030,A161003001,2012-03-25,6467.0,2026-06-01T04:56:12Z,16,Donnée validée,10,Expertisée,20,Bonne,7.384986107,48.102530621,QIXnJ
A1610030,A161003001,2012-03-26,6182.0,2026-06-01T04:56:12Z,16,Donnée validée,10,Expertisée,20,Bonne,7.384986107,48.102530621,QIXnJ
A1610030,A161003001,2012-03-27,5767.0,2026-06-01T04:56:12Z,16,Donnée validée,10,Expertisée,20,Bonne,7.384986107,48.102530621,QIXnJ
A1610030,A161003001,2012-03-28,5486.0,2026-06-01T04:56:12Z,16,Donnée validée,10,Expertisée,20,Bonne,7.384986107,48.102530621,QIXnJ
A1610030,A161003001,2012-03-29,6111.0,2026-06-01T04:56:12Z,16,Donnée validée,10,Expertisée,20,Bonne,7.384986107,48.102530621,QIXnJ
A1610030,A161003001,2012-03-30,6777.0,2026-06-01T04:56:12Z,16,Donnée validée,10,Expertisée,20,Bonne,7.384986107,48.102530621,QIXnJ
A1610030,A161003001,2012-03-31,10375.0,2026-06-01T04:56:12Z,16,Donnée validée,10,Expertisée,20,Bonne,7.384986107,48.102530621,QIXnJ
A1610030,A161003001,2012-04-01,6777.0,2026-06-01T04:56:12Z,16,Donnée validée,10,Expertisée,20,Bonne,7.384986107,48.102530621,QIXnJ
A1610030,A161003001,2012-04-02,6644.0,2026-06-01T04:56:12Z,16,Donnée validée,10,Expertisée,20,Bonne,7.384986107,48.102530621,QIXnJ
A1610030,A161003001,2012-04-03,6555.0,2026-06-01T04:56:12Z,16,Donnée validée,10,Expertisée,20,Bonne,7.384986107,48.102530621,QIXnJ
A1610030,A161003001,2012-04-04,10108.0,2026-06-01T04:56:12Z,16,Donnée validée,10,Expertisée,20,Bonne,7.384986107,48.102530621,QIXnJ
A1610030,A161003001,2012-04-05,12906.0,2026-06-01T04:56:12Z,16,Donnée validée,10,Expertisée,20,Bonne,7.384986107,48.102530621,QIXnJ
A1610030,A161003001,2012-04-06,9037.0,2026-06-01T04:56:12Z,16,Donnée validée,10,Expertisée,20,Bonne,7.384986107,48.102530621,QIXnJ
A1610030,A161003001,2012-04-07,8243.0,2026-06-01T04:56:12Z,16,Donnée validée,10,Expertisée,20,Bonne,7.384986107,48.102530621,QIXnJ
A1610030,A161003001,2012-04-08,7594.0,2026-06-01T04:56:12Z,16,Donnée validée,10,Expertisée,20,Bonne,7.384986107,48.102530621,QIXnJ
A1610030,A161003001,2012-04-09,6866.0,2026-06-01T04:56:12Z,16,Donnée validée,10,Expertisée,20,Bonne,7.384986107,48.102530621,QIXnJ
A1610030,A161003001,2012-04-10,6733.0,2026-06-01T04:56:12Z,16,Donnée validée,10,Expertisée,20,Bonne,7.384986107,48.102530621,QIXnJ
A1610030,A161003001,2012-04-11,8776.0,2026-06-01T04:56:12Z,16,Donnée validée,10,Expertisée,20,Bonne,7.384986107,48.102530621,QIXnJ
A1610030,A161003001,2012-04-12,8598.0,2026-06-01T04:56:12Z,16,Donnée validée,10,Expertisée,20,Bonne,7.384986107,48.102530621,QIXnJ
A1610030,A161003001,2012-04-13,8287.0,2026-06-01T04:56:12Z,16,Donnée validée,10,Expertisée,20,Bonne,7.384986107,48.102530621,QIXnJ
A1610030,A161003001,2012-04-14,7753.0,2026-06-01T04:56:12Z,16,Donnée validée,10,Expertisée,20,Bonne,7.384986107,48.102530621,QIXnJ
A1610030,A161003001,2012-04-15,10918.0,2026-06-01T04:56:12Z,16,Donnée validée,10,Expertisée,20,Bonne,7.384986107,48.102530621,QIXnJ
A1610030,A161003001,2012-04-16,40070.0,2026-06-01T04:56:12Z,16,Donnée validée,10,Expertisée,20,Bonne,7.384986107,48.102530621,QIXnJ
A1610030,A161003001,2012-04-17,41700.0,2026-06-01T04:56:12Z,16,Donnée validée,10,Expertisée,20,Bonne,7.384986107,48.102530621,QIXnJ
A1610030,A161003001,2012-04-18,24170.0,2026-06-01T04:56:12Z,16,Donnée validée,10,Expertisée,20,Bonne,7.384986107,48.102530621,QIXnJ
A1610030,A161003001,2012-04-19,17340.0,2026-06-01T04:56:12Z,16,Donnée validée,10,Expertisée,20,Bonne,7.384986107,48.102530621,QIXnJ
A1610030,A161003001,2012-04-20,16238.0,2026-06-01T04:56:12Z,16,Donnée validée,10,Expertisée,20,Bonne,7.384986107,48.102530621,QIXnJ
A1610030,A161003001,2012-04-21,15794.0,2026-06-01T04:56:12Z,16,Donnée validée,10,Expertisée,20,Bonne,7.384986107,48.102530621,QIXnJ
A1610030,A161003001,2012-04-22,25442.0,2026-06-01T04:56:12Z,16,Donnée validée,10,Expertisée,20,Bonne,7.384986107,48.102530621,QIXnJ
A1610030,A161003001,2012-04-23,27564.0,2026-06-01T04:56:12Z,16,Donnée validée,10,Expertisée,20,Bonne,7.384986107,48.102530621,QIXnJ
A1610030,A161003001,2012-04-24,41220.0,2026-06-01T04:56:12Z,16,Donnée validée,10,Expertisée,20,Bonne,7.384986107,48.102530621,QIXnJ
A1610030,A161003001,2012-04-25,62367.0,2026-06-01T04:56:12Z,16,Donnée validée,10,Expertisée,20,Bonne,7.384986107,48.102530621,QIXnJ
A1610030,A161003001,2012-04-26,57217.0,2026-06-01T04:56:12Z,16,Donnée validée,10,Expertisée,20,Bonne,7.384986107,48.102530621,QIXnJ
A1610030,A161003001,2012-04-27,35619.0,2026-06-01T04:56:12Z,16,Donnée validée,10,Expertisée,20,Bonne,7.384986107,48.102530621,QIXnJ
A1610030,A161003001,2012-04-28,27355.0,2026-06-01T04:56:12Z,16,Donnée validée,10,Expertisée,20,Bonne,7.384986107,48.102530621,QIXnJ
A1610030,A161003001,2012-04-29,22881.0,2026-06-01T04:56:12Z,16,Donnée validée,10,Expertisée,20,Bonne,7.384986107,48.102530621,QIXnJ
A1610030,A161003001,2012-04-30,20321.0,2026-06-01T04:56:12Z,16,Donnée validée,10,Expertisée,20,Bonne,7.384986107,48.102530621,QIXnJ
A1610030,A161003001,2012-05-01,20070.0,2026-06-01T04:56:12Z,16,Donnée validée,10,Expertisée,20,Bonne,7.384986107,48.102530621,QIXnJ
A1610030,A161003001,2012-05-02,27359.0,2026-06-01T04:56:12Z,16,Donnée validée,10,Expertisée,20,Bonne,7.384986107,48.102530621,QIXnJ
A1610030,A161003001,2012-05-03,24152.0,2026-06-01T04:56:12Z,16,Donnée validée,10,Expertisée,20,Bonne,7.384986107,48.102530621,QIXnJ
A1610030,A161003001,2012-05-04,18751.0,2026-06-01T04:56:12Z,16,Donnée validée,10,Expertisée,20,Bonne,7.384986107,48.102530621,QIXnJ
A1610030,A161003001,2012-05-05,16890.0,2026-06-01T04:56:12Z,16,Donnée validée,10,Expertisée,20,Bonne,7.384986107,48.102530621,QIXnJ
A1610030,A161003001,2012-05-06,16111.0,2026-06-01T04:56:12Z,16,Donnée validée,10,Expertisée,20,Bonne,7.384986107,48.102530621,QIXnJ
A1610030,A161003001,2012-05-07,15906.0,2026-06-01T04:56:12Z,16,Donnée validée,10,Expertisée,20,Bonne,7.384986107,48.102530621,QIXnJ
A1610030,A161003001,2012-05-08,13768.0,2026-06-01T04:56:12Z,16,Donnée validée,10,Expertisée,20,Bonne,7.384986107,48.102530621,QIXnJ
A1610030,A161003001,2012-05-09,14270.0,2026-06-01T04:56:12Z,16,Donnée validée,10,Expertisée,20,Bonne,7.384986107,48.102530621,QIXnJ
A1610030,A161003001,2012-05-10,15264.0,2026-06-01T04:56:12Z,16,Donnée validée,10,Expertisée,20,Bonne,7.384986107,48.102530621,QIXnJ
A1610030,A161003001,2012-05-11,16339.0,2026-06-01T04:56:12Z,16,Donnée validée,10,Expertisée,20,Bonne,7.384986107,48.102530621,QIXnJ
A1610030,A161003001,2012-05-12,21419.0,2026-06-01T04:56:12Z,16,Donnée validée,10,Expertisée,20,Bonne,7.384986107,48.102530621,QIXnJ
A1610030,A161003001,2012-05-13,23245.0,2026-06-01T04:56:12Z,16,Donnée validée,10,Expertisée,20,Bonne,7.384986107,48.102530621,QIXnJ
A1610030,A161003001,2012-05-14,18115.0,2026-06-01T04:56:12Z,16,Donnée validée,10,Expertisée,20,Bonne,7.384986107,48.102530621,QIXnJ
A1610030,A161003001,2012-05-15,15879.0,2026-06-01T04:56:12Z,16,Donnée validée,10,Expertisée,20,Bonne,7.384986107,48.102530621,QIXnJ
A1610030,A161003001,2012-05-16,12919.0,2026-06-01T04:56:12Z,16,Donnée validée,10,Expertisée,20,Bonne,7.384986107,48.102530621,QIXnJ
A1610030,A161003001,2012-05-17,12477.0,2026-06-01T04:56:12Z,16,Donnée validée,10,Expertisée,20,Bonne,7.384986107,48.102530621,QIXnJ
A1610030,A161003001,2012-05-18,11828.0,2026-06-01T04:56:12Z,16,Donnée validée,10,Expertisée,20,Bonne,7.384986107,48.102530621,QIXnJ
A1610030,A161003001,2012-05-19,10335.0,2026-06-01T04:56:12Z,16,Donnée validée,10,Expertisée,20,Bonne,7.384986107,48.102530621,QIXnJ
A1610030,A161003001,2012-05-20,9445.0,2026-06-01T04:56:12Z,16,Donnée validée,10,Expertisée,20,Bonne,7.384986107,48.102530621,QIXnJ
A1610030,A161003001,2012-05-21,14714.0,2026-06-01T04:56:12Z,16,Donnée validée,10,Expertisée,20,Bonne,7.384986107,48.102530621,QIXnJ
A1610030,A161003001,2012-05-22,14809.0,2026-06-01T04:56:12Z,16,Donnée validée,10,Expertisée,20,Bonne,7.384986107,48.102530621,QIXnJ
A1610030,A161003001,2012-05-23,13765.0,2026-06-01T04:56:12Z,16,Donnée validée,10,Expertisée,20,Bonne,7.384986107,48.102530621,QIXnJ
A1610030,A161003001,2012-05-24,9961.0,2026-06-01T04:56:12Z,16,Donnée validée,10,Expertisée,20,Bonne,7.384986107,48.102530621,QIXnJ
A1610030,A161003001,2012-05-25,9628.0,2026-06-01T04:56:12Z,16,Donnée validée,10,Expertisée,20,Bonne,7.384986107,48.102530621,QIXnJ
A1610030,A161003001,2012-05-26,8154.0,2026-06-01T04:56:12Z,16,Donnée validée,10,Expertisée,20,Bonne,7.384986107,48.102530621,QIXnJ
A1610030,A161003001,2012-05-27,6952.0,2026-06-01T04:56:12Z,16,Donnée validée,10,Expertisée,20,Bonne,7.384986107,48.102530621,QIXnJ
A1610030,A161003001,2012-05-28,6462.0,2026-06-01T04:56:12Z,16,Donnée validée,10,Expertisée,20,Bonne,7.384986107,48.102530621,QIXnJ
A1610030,A161003001,2012-05-29,6352.0,2026-06-01T04:56:12Z,16,Donnée validée,10,Expertisée,20,Bonne,7.384986107,48.102530621,QIXnJ
A1610030,A161003001,2012-05-30,5853.0,2026-06-01T04:56:12Z,16,Donnée validée,10,Expertisée,20,Bonne,7.384986107,48.102530621,QIXnJ
A1610030,A161003001,2012-05-31,7257.0,2026-06-01T04:56:12Z,16,Donnée validée,10,Expertisée,20,Bonne,7.384986107,48.102530621,QIXnJ
A1610030,A161003001,2012-06-01,5342.0,2026-06-01T04:56:12Z,16,Donnée validée,10,Expertisée,20,Bonne,7.384986107,48.102530621,QIXnJ
A1610030,A161003001,2012-06-02,5716.0,2026-06-01T04:56:12Z,16,Donnée validée,10,Expertisée,20,Bonne,7.384986107,48.102530621,QIXnJ
A1610030,A161003001,2012-06-03,5610.0,2026-06-01T04:56:12Z,16,Donnée validée,10,Expertisée,20,Bonne,7.384986107,48.102530621,QIXnJ
A1610030,A161003001,2012-06-04,8914.0,2026-06-01T04:56:12Z,16,Donnée validée,10,Expertisée,20,Bonne,7.384986107,48.102530621,QIXnJ
A1610030,A161003001,2012-06-05,8364.0,2026-06-01T04:56:12Z,16,Donnée validée,10,Expertisée,20,Bonne,7.384986107,48.102530621,QIXnJ
A1610030,A161003001,2012-06-06,7208.0,2026-06-01T04:56:12Z,16,Donnée validée,10,Expertisée,20,Bonne,7.384986107,48.102530621,QIXnJ
A1610030,A161003001,2012-06-07,6415.0,2026-06-01T04:56:12Z,16,Donnée validée,10,Expertisée,20,Bonne,7.384986107,48.102530621,QIXnJ
A1610030,A161003001,2012-06-08,31086.0,2026-06-01T04:56:12Z,16,Donnée validée,10,Expertisée,20,Bonne,7.384986107,48.102530621,QIXnJ
A1610030,A161003001,2012-06-09,31922.0,2026-06-01T04:56:12Z,16,Donnée validée,10,Expertisée,20,Bonne,7.384986107,48.102530621,QIXnJ
A1610030,A161003001,2012-06-10,16665.0,2026-06-01T04:56:12Z,16,Donnée validée,10,Expertisée,20,Bonne,7.384986107,48.102530621,QIXnJ
A1610030,A161003001,2012-06-11,16127.0,2026-06-01T04:56:12Z,16,Donnée validée,10,Expertisée,20,Bonne,7.384986107,48.102530621,QIXnJ
A1610030,A161003001,2012-06-12,24943.0,2026-06-01T04:56:12Z,16,Donnée validée,10,Expertisée,20,Bonne,7.384986107,48.102530621,QIXnJ
A1610030,A161003001,2012-06-13,28093.0,2026-06-01T04:56:12Z,16,Donnée validée,10,Expertisée,20,Bonne,7.384986107,48.102530621,QIXnJ
A1610030,A161003001,2012-06-14,22654.0,2026-06-01T04:56:12Z,16,Donnée validée,10,Expertisée,20,Bonne,7.384986107,48.102530621,QIXnJ
A1610030,A161003001,2012-06-15,19765.0,2026-06-01T04:56:12Z,16,Donnée validée,10,Expertisée,20,Bonne,7.384986107,48.102530621,QIXnJ
A1610030,A161003001,2012-06-16,16401.0,2026-06-01T04:56:12Z,16,Donnée validée,10,Expertisée,20,Bonne,7.384986107,48.102530621,QIXnJ
A1610030,A161003001,2012-06-17,13464.0,2026-06-01T04:56:12Z,16,Donnée validée,10,Expertisée,20,Bonne,7.384986107,48.102530621,QIXnJ
A1610030,A161003001,2012-06-18,11173.0,2026-06-01T04:56:12Z,16,Donnée validée,10,Expertisée,20,Bonne,7.384986107,48.102530621,QIXnJ
A1610030,A161003001,2012-06-19,9695.0,2026-06-01T04:56:12Z,16,Donnée validée,10,Expertisée,20,Bonne,7.384986107,48.102530621,QIXnJ
A1610030,A161003001,2012-06-20,9132.0,2026-06-01T04:56:12Z,16,Donnée validée,10,Expertisée,20,Bonne,7.384986107,48.102530621,QIXnJ
A1610030,A161003001,2012-06-21,9341.0,2026-06-01T04:56:12Z,16,Donnée validée,10,Expertisée,20,Bonne,7.384986107,48.102530621,QIXnJ
A1610030,A161003001,2012-06-22,16207.0,2026-06-01T04:56:12Z,16,Donnée validée,10,Expertisée,20,Bonne,7.384986107,48.102530621,QIXnJ
A1610030,A161003001,2012-06-23,12118.0,2026-06-01T04:56:12Z,16,Donnée validée,10,Expertisée,20,Bonne,7.384986107,48.102530621,QIXnJ
A1610030,A161003001,2012-06-24,7272.0,2026-06-01T04:56:12Z,16,Donnée validée,10,Expertisée,20,Bonne,7.384986107,48.102530621,QIXnJ
A1610030,A161003001,2012-06-25,7440.0,2026-06-01T04:56:12Z,16,Donnée validée,10,Expertisée,20,Bonne,7.384986107,48.102530621,QIXnJ
A1610030,A161003001,2012-06-26,8212.0,2026-06-01T04:56:12Z,16,Donnée validée,10,Expertisée,20,Bonne,7.384986107,48.102530621,QIXnJ
A1610030,A161003001,2012-06-27,6206.0,2026-06-01T04:56:12Z,16,Donnée validée,10,Expertisée,20,Bonne,7.384986107,48.102530621,QIXnJ
A1610030,A161003001,2012-06-28,4691.0,2026-06-01T04:56:12Z,16,Donnée validée,10,Expertisée,20,Bonne,7.384986107,48.102530621,QIXnJ
A1610030,A161003001,2012-06-29,3775.0,2026-06-01T04:56:12Z,16,Donnée validée,10,Expertisée,20,Bonne,7.384986107,48.102530621,QIXnJ
A1610030,A161003001,2012-06-30,8118.0,2026-06-01T04:56:12Z,16,Donnée validée,10,Expertisée,20,Bonne,7.384986107,48.102530621,QIXnJ
A1610030,A161003001,2012-07-01,16077.0,2026-06-01T04:56:12Z,16,Donnée validée,10,Expertisée,20,Bonne,7.384986107,48.102530621,QIXnJ
A1610030,A161003001,2012-07-02,19580.0,2026-06-01T04:56:12Z,16,Donnée validée,10,Expertisée,20,Bonne,7.384986107,48.102530621,QIXnJ
A1610030,A161003001,2012-07-03,16049.0,2026-06-01T04:56:12Z,16,Donnée validée,10,Expertisée,20,Bonne,7.384986107,48.102530621,QIXnJ
A1610030,A161003001,2012-07-04,12379.0,2026-06-01T04:56:12Z,16,Donnée validée,10,Expertisée,20,Bonne,7.384986107,48.102530621,QIXnJ
A1610030,A161003001,2012-07-05,10431.0,2026-06-01T04:56:12Z,16,Donnée validée,10,Expertisée,20,Bonne,7.384986107,48.102530621,QIXnJ
A1610030,A161003001,2012-07-06,19438.0,2026-06-01T04:56:12Z,16,Donnée validée,10,Expertisée,20,Bonne,7.384986107,48.102530621,QIXnJ
A1610030,A161003001,2012-07-07,20926.0,2026-06-01T04:56:12Z,16,Donnée validée,10,Expertisée,20,Bonne,7.384986107,48.102530621,QIXnJ
A1610030,A161003001,2012-07-08,16852.0,2026-06-01T04:56:12Z,16,Donnée validée,10,Expertisée,20,Bonne,7.384986107,48.102530621,QIXnJ
A1610030,A161003001,2012-07-09,23759.0,2026-06-01T04:56:12Z,16,Donnée validée,10,Expertisée,20,Bonne,7.384986107,48.102530621,QIXnJ
A1610030,A161003001,2012-07-10,16400.0,2026-06-01T04:56:12Z,16,Donnée validée,10,Expertisée,20,Bonne,7.384986107,48.102530621,QIXnJ
A1610030,A161003001,2012-07-11,15198.0,2026-06-01T04:56:12Z,16,Donnée validée,10,Expertisée,20,Bonne,7.384986107,48.102530621,QIXnJ
A1610030,A161003001,2012-07-12,11626.0,2026-06-01T04:56:12Z,16,Donnée validée,10,Expertisée,20,Bonne,7.384986107,48.102530621,QIXnJ
A1610030,A161003001,2012-07-13,8237.0,2026-06-01T04:56:12Z,16,Donnée validée,10,Expertisée,20,Bonne,7.384986107,48.102530621,QIXnJ
A1610030,A161003001,2012-07-14,12305.0,2026-06-01T04:56:12Z,16,Donnée validée,10,Expertisée,20,Bonne,7.384986107,48.102530621,QIXnJ
A1610030,A161003001,2012-07-15,12082.0,2026-06-01T04:56:12Z,16,Donnée validée,10,Expertisée,20,Bonne,7.384986107,48.102530621,QIXnJ
A1610030,A161003001,2012-07-16,14428.0,2026-06-01T04:56:12Z,16,Donnée validée,10,Expertisée,20,Bonne,7.384986107,48.102530621,QIXnJ
A1610030,A161003001,2012-07-17,13562.0,2026-06-01T04:56:12Z,16,Donnée validée,10,Expertisée,20,Bonne,7.384986107,48.102530621,QIXnJ
A1610030,A161003001,2012-07-18,10435.0,2026-06-01T04:56:12Z,16,Donnée validée,10,Expertisée,20,Bonne,7.384986107,48.102530621,QIXnJ
A1610030,A161003001,2012-07-19,8583.0,2026-06-01T04:56:12Z,16,Donnée validée,10,Expertisée,20,Bonne,7.384986107,48.102530621,QIXnJ
A1610030,A161003001,2012-07-20,7492.0,2026-06-01T04:56:12Z,16,Donnée validée,10,Expertisée,20,Bonne,7.384986107,48.102530621,QIXnJ
A1610030,A161003001,2012-07-21,8832.0,2026-06-01T04:56:12Z,16,Donnée validée,10,Expertisée,20,Bonne,7.384986107,48.102530621,QIXnJ
A1610030,A161003001,2012-07-22,9662.0,2026-06-01T04:56:12Z,16,Donnée validée,10,Expertisée,20,Bonne,7.384986107,48.102530621,QIXnJ
A1610030,A161003001,2012-07-23,7907.0,2026-06-01T04:56:12Z,16,Donnée validée,10,Expertisée,20,Bonne,7.384986107,48.102530621,QIXnJ
A1610030,A161003001,2012-07-24,6119.0,2026-06-01T04:56:12Z,16,Donnée validée,10,Expertisée,20,Bonne,7.384986107,48.102530621,QIXnJ
A1610030,A161003001,2012-07-25,5341.0,2026-06-01T04:56:12Z,16,Donnée validée,10,Expertisée,20,Bonne,7.384986107,48.102530621,QIXnJ
A1610030,A161003001,2012-07-26,4529.0,2026-06-01T04:56:12Z,16,Donnée validée,10,Expertisée,20,Bonne,7.384986107,48.102530621,QIXnJ
A1610030,A161003001,2012-07-27,4016.0,2026-06-01T04:56:12Z,16,Donnée validée,10,Expertisée,20,Bonne,7.384986107,48.102530621,QIXnJ
A1610030,A161003001,2012-07-28,13802.0,2026-06-01T04:56:12Z,16,Donnée validée,10,Expertisée,20,Bonne,7.384986107,48.102530621,QIXnJ
A1610030,A161003001,2012-07-29,9687.0,2026-06-01T04:56:12Z,16,Donnée validée,10,Expertisée,20,Bonne,7.384986107,48.102530621,QIXnJ
A1610030,A161003001,2012-07-30,8287.0,2026-06-01T04:56:12Z,16,Donnée validée,10,Expertisée,20,Bonne,7.384986107,48.102530621,QIXnJ
A1610030,A161003001,2012-07-31,7053.0,2026-06-01T04:56:12Z,16,Donnée validée,10,Expertisée,20,Bonne,7.384986107,48.102530621,QIXnJ
A1610030,A161003001,2012-08-01,5355.0,2026-06-01T04:56:12Z,16,Donnée validée,10,Expertisée,20,Bonne,7.384986107,48.102530621,QIXnJ
A1610030,A161003001,2012-08-02,5148.0,2026-06-01T04:56:12Z,16,Donnée validée,10,Expertisée,20,Bonne,7.384986107,48.102530621,QIXnJ
A1610030,A161003001,2012-08-03,4597.0,2026-06-01T04:56:12Z,16,Donnée validée,10,Expertisée,20,Bonne,7.384986107,48.102530621,QIXnJ
A1610030,A161003001,2012-08-04,5135.0,2026-06-01T04:56:12Z,16,Donnée validée,10,Expertisée,20,Bonne,7.384986107,48.102530621,QIXnJ
A1610030,A161003001,2012-08-05,14022.0,2026-06-01T04:56:12Z,16,Donnée validée,10,Expertisée,20,Bonne,7.384986107,48.102530621,QIXnJ
A1610030,A161003001,2012-08-06,12882.0,2026-06-01T04:56:12Z,16,Donnée validée,10,Expertisée,20,Bonne,7.384986107,48.102530621,QIXnJ
A1610030,A161003001,2012-08-07,11469.0,2026-06-01T04:56:12Z,16,Donnée validée,10,Expertisée,20,Bonne,7.384986107,48.102530621,QIXnJ
A1610030,A161003001,2012-08-08,7234.0,2026-06-01T04:56:12Z,16,Donnée validée,10,Expertisée,20,Bonne,7.384986107,48.102530621,QIXnJ
A1610030,A161003001,2012-08-09,6590.0,2026-06-01T04:56:12Z,16,Donnée validée,10,Expertisée,20,Bonne,7.384986107,48.102530621,QIXnJ
A1610030,A161003001,2012-08-10,5261.0,2026-06-01T04:56:12Z,16,Donnée validée,10,Expertisée,20,Bonne,7.384986107,48.102530621,QIXnJ
A1610030,A161003001,2012-08-11,5315.0,2026-06-01T04:56:12Z,16,Donnée validée,10,Expertisée,20,Bonne,7.384986107,48.102530621,QIXnJ
A1610030,A161003001,2012-08-12,4808.0,2026-06-01T04:56:12Z,16,Donnée validée,10,Expertisée,20,Bonne,7.384986107,48.102530621,QIXnJ
A1610030,A161003001,2012-08-13,4504.0,2026-06-01T04:56:12Z,16,Donnée validée,10,Expertisée,20,Bonne,7.384986107,48.102530621,QIXnJ
A1610030,A161003001,2012-08-14,4182.0,2026-06-01T04:56:12Z,16,Donnée validée,10,Expertisée,20,Bonne,7.384986107,48.102530621,QIXnJ
A1610030,A161003001,2012-08-15,3953.0,2026-06-01T04:56:12Z,16,Donnée validée,10,Expertisée,20,Bonne,7.384986107,48.102530621,QIXnJ
A1610030,A161003001,2012-08-16,8411.0,2026-06-01T04:56:12Z,16,Donnée validée,10,Expertisée,20,Bonne,7.384986107,48.102530621,QIXnJ
A1610030,A161003001,2012-08-17,8411.0,2026-06-01T04:56:12Z,16,Donnée validée,10,Expertisée,20,Bonne,7.384986107,48.102530621,QIXnJ
A1610030,A161003001,2012-08-18,5663.0,2026-06-01T04:56:12Z,16,Donnée validée,10,Expertisée,20,Bonne,7.384986107,48.102530621,QIXnJ
A1610030,A161003001,2012-08-19,4168.0,2026-06-01T04:56:12Z,16,Donnée validée,10,Expertisée,20,Bonne,7.384986107,48.102530621,QIXnJ
A1610030,A161003001,2012-08-20,3878.0,2026-06-01T04:56:12Z,16,Donnée validée,10,Expertisée,20,Bonne,7.384986107,48.102530621,QIXnJ
A1610030,A161003001,2012-08-21,8705.0,2026-06-01T04:56:12Z,16,Donnée validée,10,Expertisée,20,Bonne,7.384986107,48.102530621,QIXnJ
A1610030,A161003001,2012-08-22,4588.0,2026-06-01T04:56:12Z,16,Donnée validée,10,Expertisée,20,Bonne,7.384986107,48.102530621,QIXnJ
A1610030,A161003001,2012-08-23,4230.0,2026-06-01T04:56:12Z,16,Donnée validée,10,Expertisée,20,Bonne,7.384986107,48.102530621,QIXnJ
A1610030,A161003001,2012-08-24,10652.0,2026-06-01T04:56:12Z,16,Donnée validée,10,Expertisée,20,Bonne,7.384986107,48.102530621,QIXnJ
A1610030,A161003001,2012-08-25,20581.0,2026-06-01T04:56:12Z,16,Donnée validée,10,Expertisée,20,Bonne,7.384986107,48.102530621,QIXnJ
A1610030,A161003001,2012-08-26,13778.0,2026-06-01T04:56:12Z,16,Donnée validée,10,Expertisée,20,Bonne,7.384986107,48.102530621,QIXnJ
A1610030,A161003001,2012-08-27,8563.0,2026-06-01T04:56:12Z,16,Donnée validée,10,Expertisée,20,Bonne,7.384986107,48.102530621,QIXnJ
A1610030,A161003001,2012-08-28,5719.0,2026-06-01T04:56:12Z,16,Donnée validée,10,Expertisée,20,Bonne,7.384986107,48.102530621,QIXnJ
A1610030,A161003001,2012-08-29,5677.0,2026-06-01T04:56:12Z,16,Donnée validée,10,Expertisée,20,Bonne,7.384986107,48.102530621,QIXnJ
A1610030,A161003001,2012-08-30,9271.0,2026-06-01T04:56:12Z,16,Donnée validée,10,Expertisée,20,Bonne,7.384986107,48.102530621,QIXnJ
A1610030,A161003001,2012-08-31,7957.0,2026-06-01T04:56:12Z,16,Donnée validée,10,Expertisée,20,Bonne,7.384986107,48.102530621,QIXnJ
A1610030,A161003001,2012-09-01,7948.0,2026-06-01T04:56:12Z,16,Donnée validée,10,Expertisée,20,Bonne,7.384986107,48.102530621,QIXnJ
A1610030,A161003001,2012-09-02,11610.0,2026-06-01T04:56:12Z,16,Donnée validée,10,Expertisée,20,Bonne,7.384986107,48.102530621,QIXnJ
A1610030,A161003001,2012-09-03,11322.0,2026-06-01T04:56:12Z,16,Donnée validée,10,Expertisée,20,Bonne,7.384986107,48.102530621,QIXnJ
A1610030,A161003001,2012-09-04,7783.0,2026-06-01T04:56:12Z,16,Donnée validée,10,Expertisée,20,Bonne,7.384986107,48.102530621,QIXnJ
A1610030,A161003001,2012-09-05,6328.0,2026-06-01T04:56:12Z,16,Donnée validée,10,Expertisée,20,Bonne,7.384986107,48.102530621,QIXnJ
A1610030,A161003001,2012-09-06,5600.0,2026-06-01T04:56:12Z,16,Donnée validée,10,Expertisée,20,Bonne,7.384986107,48.102530621,QIXnJ
A1610030,A161003001,2012-09-07,4941.0,2026-06-01T04:56:12Z,16,Donnée validée,10,Expertisée,20,Bonne,7.384986107,48.102530621,QIXnJ
A1610030,A161003001,2012-09-08,4536.0,2026-06-01T04:56:12Z,16,Donnée validée,10,Expertisée,20,Bonne,7.384986107,48.102530621,QIXnJ
A1610030,A161003001,2012-09-09,4534.0,2026-06-01T04:56:12Z,16,Donnée validée,10,Expertisée,20,Bonne,7.384986107,48.102530621,QIXnJ
A1610030,A161003001,2012-09-10,4446.0,2026-06-01T04:56:12Z,16,Donnée validée,10,Expertisée,20,Bonne,7.384986107,48.102530621,QIXnJ
A1610030,A161003001,2012-09-11,6228.0,2026-06-01T04:56:12Z,16,Donnée validée,10,Expertisée,20,Bonne,7.384986107,48.102530621,QIXnJ
A1610030,A161003001,2012-09-12,13946.0,2026-06-01T04:56:12Z,16,Donnée validée,10,Expertisée,20,Bonne,7.384986107,48.102530621,QIXnJ
A1610030,A161003001,2012-09-13,14216.0,2026-06-01T04:56:12Z,16,Donnée validée,10,Expertisée,20,Bonne,7.384986107,48.102530621,QIXnJ
A1610030,A161003001,2012-09-14,9351.0,2026-06-01T04:56:12Z,16,Donnée validée,10,Expertisée,20,Bonne,7.384986107,48.102530621,QIXnJ
A1610030,A161003001,2012-09-15,6748.0,2026-06-01T04:56:12Z,16,Donnée validée,10,Expertisée,20,Bonne,7.384986107,48.102530621,QIXnJ
A1610030,A161003001,2012-09-16,5944.0,2026-06-01T04:56:12Z,16,Donnée validée,10,Expertisée,20,Bonne,7.384986107,48.102530621,QIXnJ
A1610030,A161003001,2012-09-17,5719.0,2026-06-01T04:56:12Z,16,Donnée validée,10,Expertisée,20,Bonne,7.384986107,48.102530621,QIXnJ
A1610030,A161003001,2012-09-18,8572.0,2026-06-01T04:56:12Z,16,Donnée validée,10,Expertisée,20,Bonne,7.384986107,48.102530621,QIXnJ
A1610030,A161003001,2012-09-19,9078.0,2026-06-01T04:56:12Z,16,Donnée validée,10,Expertisée,20,Bonne,7.384986107,48.102530621,QIXnJ
A1610030,A161003001,2012-09-20,6675.0,2026-06-01T04:56:12Z,16,Donnée validée,10,Expertisée,20,Bonne,7.384986107,48.102530621,QIXnJ
A1610030,A161003001,2012-09-21,10130.0,2026-06-01T04:56:12Z,16,Donnée validée,10,Expertisée,20,Bonne,7.384986107,48.102530621,QIXnJ
A1610030,A161003001,2012-09-22,9327.0,2026-06-01T04:56:12Z,16,Donnée validée,10,Expertisée,20,Bonne,7.384986107,48.102530621,QIXnJ
A1610030,A161003001,2012-09-23,11367.0,2026-06-01T04:56:12Z,16,Donnée validée,10,Expertisée,20,Bonne,7.384986107,48.102530621,QIXnJ
A1610030,A161003001,2012-09-24,9968.0,2026-06-01T04:56:12Z,16,Donnée validée,10,Expertisée,20,Bonne,7.384986107,48.102530621,QIXnJ
A1610030,A161003001,2012-09-25,9285.0,2026-06-01T04:56:12Z,16,Donnée validée,10,Expertisée,20,Bonne,7.384986107,48.102530621,QIXnJ
A1610030,A161003001,2012-09-26,10482.0,2026-06-01T04:56:12Z,16,Donnée validée,10,Expertisée,20,Bonne,7.384986107,48.102530621,QIXnJ
A1610030,A161003001,2012-09-27,11710.0,2026-06-01T04:56:12Z,16,Donnée validée,10,Expertisée,20,Bonne,7.384986107,48.102530621,QIXnJ
A1610030,A161003001,2012-09-28,12587.0,2026-06-01T04:56:12Z,16,Donnée validée,10,Expertisée,20,Bonne,7.384986107,48.102530621,QIXnJ
A1610030,A161003001,2012-09-29,10089.0,2026-06-01T04:56:12Z,16,Donnée validée,10,Expertisée,20,Bonne,7.384986107,48.102530621,QIXnJ
A1610030,A161003001,2012-09-30,8345.0,2026-06-01T04:56:12Z,16,Donnée validée,10,Expertisée,20,Bonne,7.384986107,48.102530621,QIXnJ
A1610030,A161003001,2012-10-01,7606.0,2026-06-01T04:56:12Z,16,Donnée validée,10,Expertisée,20,Bonne,7.384986107,48.102530621,QIXnJ
A1610030,A161003001,2012-10-02,7126.0,2026-06-01T04:56:12Z,16,Donnée validée,10,Expertisée,20,Bonne,7.384986107,48.102530621,QIXnJ
A1610030,A161003001,2012-10-03,6514.0,2026-06-01T04:56:12Z,16,Donnée validée,10,Expertisée,20,Bonne,7.384986107,48.102530621,QIXnJ
A1610030,A161003001,2012-10-04,6088.0,2026-06-01T04:56:12Z,16,Donnée validée,10,Expertisée,20,Bonne,7.384986107,48.102530621,QIXnJ
A1610030,A161003001,2012-10-05,6038.0,2026-06-01T04:56:12Z,16,Donnée validée,10,Expertisée,20,Bonne,7.384986107,48.102530621,QIXnJ
A1610030,A161003001,2012-10-06,5987.0,2026-06-01T04:56:12Z,16,Donnée validée,10,Expertisée,20,Bonne,7.384986107,48.102530621,QIXnJ
A1610030,A161003001,2012-10-07,7630.0,2026-06-01T04:56:12Z,16,Donnée validée,10,Expertisée,20,Bonne,7.384986107,48.102530621,QIXnJ
A1610030,A161003001,2012-10-08,8135.0,2026-06-01T04:56:12Z,16,Donnée validée,10,Expertisée,20,Bonne,7.384986107,48.102530621,QIXnJ
A1610030,A161003001,2012-10-09,17464.0,2026-06-01T04:56:12Z,16,Donnée validée,10,Expertisée,20,Bonne,7.384986107,48.102530621,QIXnJ
A1610030,A161003001,2012-10-10,42760.0,2026-06-01T04:56:12Z,16,Donnée validée,10,Expertisée,20,Bonne,7.384986107,48.102530621,QIXnJ
A1610030,A161003001,2012-10-11,56865.0,2026-06-01T04:56:12Z,16,Donnée validée,10,Expertisée,20,Bonne,7.384986107,48.102530621,QIXnJ
A1610030,A161003001,2012-10-12,38875.0,2026-06-01T04:56:12Z,16,Donnée validée,10,Expertisée,20,Bonne,7.384986107,48.102530621,QIXnJ
A1610030,A161003001,2012-10-13,28230.0,2026-06-01T04:56:12Z,16,Donnée validée,10,Expertisée,20,Bonne,7.384986107,48.102530621,QIXnJ
A1610030,A161003001,2012-10-14,23641.0,2026-06-01T04:56:12Z,16,Donnée validée,10,Expertisée,20,Bonne,7.384986107,48.102530621,QIXnJ
A1610030,A161003001,2012-10-15,22678.0,2026-06-01T04:56:12Z,16,Donnée validée,10,Expertisée,20,Bonne,7.384986107,48.102530621,QIXnJ
A1610030,A161003001,2012-10-16,21997.0,2026-06-01T04:56:12Z,16,Donnée validée,10,Expertisée,20,Bonne,7.384986107,48.102530621,QIXnJ
A1610030,A161003001,2012-10-17,18843.0,2026-06-01T04:56:12Z,16,Donnée validée,10,Expertisée,20,Bonne,7.384986107,48.102530621,QIXnJ
A1610030,A161003001,2012-10-18,16749.0,2026-06-01T04:56:12Z,16,Donnée validée,10,Expertisée,20,Bonne,7.384986107,48.102530621,QIXnJ
A1610030,A161003001,2012-10-19,15197.0,2026-06-01T04:56:12Z,16,Donnée validée,10,Expertisée,20,Bonne,7.384986107,48.102530621,QIXnJ
A1610030,A161003001,2012-10-20,13112.0,2026-06-01T04:56:12Z,16,Donnée validée,10,Expertisée,20,Bonne,7.384986107,48.102530621,QIXnJ
A1610030,A161003001,2012-10-21,12326.0,2026-06-01T04:56:12Z,16,Donnée validée,10,Expertisée,20,Bonne,7.384986107,48.102530621,QIXnJ
A1610030,A161003001,2012-10-22,10758.0,2026-06-01T04:56:12Z,16,Donnée validée,10,Expertisée,20,Bonne,7.384986107,48.102530621,QIXnJ
A1610030,A161003001,2012-10-23,9971.0,2026-06-01T04:56:12Z,16,Donnée validée,10,Expertisée,20,Bonne,7.384986107,48.102530621,QIXnJ
A1610030,A161003001,2012-10-24,11038.0,2026-06-01T04:56:12Z,16,Donnée validée,10,Expertisée,20,Bonne,7.384986107,48.102530621,QIXnJ
A1610030,A161003001,2012-10-25,9836.0,2026-06-01T04:56:12Z,16,Donnée validée,10,Expertisée,20,Bonne,7.384986107,48.102530621,QIXnJ
A1610030,A161003001,2012-10-26,10208.0,2026-06-01T04:56:12Z,16,Donnée validée,10,Expertisée,20,Bonne,7.384986107,48.102530621,QIXnJ
A1610030,A161003001,2012-10-27,33991.0,2026-06-01T04:56:12Z,16,Donnée validée,10,Expertisée,20,Bonne,7.384986107,48.102530621,QIXnJ
A1610030,A161003001,2012-10-28,37602.0,2026-06-01T04:56:12Z,16,Donnée validée,10,Expertisée,20,Bonne,7.384986107,48.102530621,QIXnJ
A1610030,A161003001,2012-10-29,27546.0,2026-06-01T04:56:12Z,16,Donnée validée,10,Expertisée,20,Bonne,7.384986107,48.102530621,QIXnJ
A1610030,A161003001,2012-10-30,18542.0,2026-06-01T04:56:12Z,16,Donnée validée,10,Expertisée,20,Bonne,7.384986107,48.102530621,QIXnJ
A1610030,A161003001,2012-10-31,15465.0,2026-06-01T04:56:12Z,16,Donnée validée,10,Expertisée,20,Bonne,7.384986107,48.102530621,QIXnJ
A1610030,A161003001,2012-11-01,13929.0,2026-06-01T04:56:12Z,16,Donnée validée,10,Expertisée,20,Bonne,7.384986107,48.102530621,QIXnJ
A1610030,A161003001,2012-11-02,15318.0,2026-06-01T04:56:12Z,16,Donnée validée,10,Expertisée,20,Bonne,7.384986107,48.102530621,QIXnJ
A1610030,A161003001,2012-11-03,37474.0,2026-06-01T04:56:12Z,16,Donnée validée,10,Expertisée,20,Bonne,7.384986107,48.102530621,QIXnJ
A1610030,A161003001,2012-11-04,42550.0,2026-06-01T04:56:12Z,16,Donnée validée,10,Expertisée,20,Bonne,7.384986107,48.102530621,QIXnJ
A1610030,A161003001,2012-11-05,72400.0,2026-06-01T04:56:12Z,16,Donnée validée,10,Expertisée,20,Bonne,7.384986107,48.102530621,QIXnJ
A1610030,A161003001,2012-11-06,72925.0,2026-06-01T04:56:12Z,16,Donnée validée,10,Expertisée,20,Bonne,7.384986107,48.102530621,QIXnJ
A1610030,A161003001,2012-11-07,66959.0,2026-06-01T04:56:12Z,16,Donnée validée,10,Expertisée,20,Bonne,7.384986107,48.102530621,QIXnJ
A1610030,A161003001,2012-11-08,43870.0,2026-06-01T04:56:12Z,16,Donnée validée,10,Expertisée,20,Bonne,7.384986107,48.102530621,QIXnJ
A1610030,A161003001,2012-11-09,33966.0,2026-06-01T04:56:12Z,16,Donnée validée,10,Expertisée,20,Bonne,7.384986107,48.102530621,QIXnJ
A1610030,A161003001,2012-11-10,47600.0,2026-06-01T04:56:12Z,16,Donnée validée,10,Expertisée,20,Bonne,7.384986107,48.102530621,QIXnJ
A1610030,A161003001,2012-11-11,81617.0,2026-06-01T04:56:12Z,16,Donnée validée,10,Expertisée,20,Bonne,7.384986107,48.102530621,QIXnJ
A1610030,A161003001,2012-11-12,79867.0,2026-06-01T04:56:12Z,16,Donnée validée,10,Expertisée,20,Bonne,7.384986107,48.102530621,QIXnJ
A1610030,A161003001,2012-11-13,56659.0,2026-06-01T04:56:12Z,16,Donnée validée,10,Expertisée,20,Bonne,7.384986107,48.102530621,QIXnJ
A1610030,A161003001,2012-11-14,37790.0,2026-06-01T04:56:12Z,16,Donnée validée,10,Expertisée,20,Bonne,7.384986107,48.102530621,QIXnJ
A1610030,A161003001,2012-11-15,31116.0,2026-06-01T04:56:12Z,16,Donnée validée,10,Expertisée,20,Bonne,7.384986107,48.102530621,QIXnJ
A1610030,A161003001,2012-11-16,25743.0,2026-06-01T04:56:12Z,16,Donnée validée,10,Expertisée,20,Bonne,7.384986107,48.102530621,QIXnJ
A1610030,A161003001,2012-11-17,23186.0,2026-06-01T04:56:12Z,16,Donnée validée,10,Expertisée,20,Bonne,7.384986107,48.102530621,QIXnJ
A1610030,A161003001,2012-11-18,21170.0,2026-06-01T04:56:12Z,16,Donnée validée,10,Expertisée,20,Bonne,7.384986107,48.102530621,QIXnJ
A1610030,A161003001,2012-11-19,21123.0,2026-06-01T04:56:12Z,16,Donnée validée,10,Expertisée,20,Bonne,7.384986107,48.102530621,QIXnJ
A1610030,A161003001,2012-11-20,20340.0,2026-06-01T04:56:12Z,16,Donnée validée,10,Expertisée,20,Bonne,7.384986107,48.102530621,QIXnJ
A1610030,A161003001,2012-11-21,19144.0,2026-06-01T04:56:12Z,16,Donnée validée,10,Expertisée,20,Bonne,7.384986107,48.102530621,QIXnJ
A1610030,A161003001,2012-11-22,18150.0,2026-06-01T04:56:12Z,16,Donnée validée,10,Expertisée,20,Bonne,7.384986107,48.102530621,QIXnJ
A1610030,A161003001,2012-11-23,17263.0,2026-06-01T04:56:12Z,16,Donnée validée,10,Expertisée,20,Bonne,7.384986107,48.102530621,QIXnJ
A1610030,A161003001,2012-11-24,16679.0,2026-06-01T04:56:12Z,16,Donnée validée,10,Expertisée,20,Bonne,7.384986107,48.102530621,QIXnJ
A1610030,A161003001,2012-11-25,16262.0,2026-06-01T04:56:12Z,16,Donnée validée,10,Expertisée,20,Bonne,7.384986107,48.102530621,QIXnJ
A1610030,A161003001,2012-11-26,39900.0,2026-06-01T04:56:12Z,16,Donnée validée,10,Expertisée,20,Bonne,7.384986107,48.102530621,QIXnJ
A1610030,A161003001,2012-11-27,72267.0,2026-06-01T04:56:12Z,16,Donnée validée,10,Expertisée,20,Bonne,7.384986107,48.102530621,QIXnJ
A1610030,A161003001,2012-11-28,83233.0,2026-06-01T04:56:12Z,16,Donnée validée,10,Expertisée,20,Bonne,7.384986107,48.102530621,QIXnJ
A1610030,A161003001,2012-11-29,111272.0,2026-06-01T04:56:12Z,16,Donnée validée,10,Expertisée,20,Bonne,7.384986107,48.102530621,QIXnJ
A1610030,A161003001,2012-11-30,116652.0,2026-06-01T04:56:12Z,16,Donnée validée,10,Expertisée,20,Bonne,7.384986107,48.102530621,QIXnJ
A1610030,A161003001,2012-12-01,71676.0,2026-06-01T04:56:12Z,16,Donnée validée,10,Expertisée,20,Bonne,7.384986107,48.102530621,QIXnJ
A1610030,A161003001,2012-12-02,42928.0,2026-06-01T04:56:12Z,16,Donnée validée,10,Expertisée,20,Bonne,7.384986107,48.102530621,QIXnJ
A1610030,A161003001,2012-12-03,33573.0,2026-06-01T04:56:12Z,16,Donnée validée,10,Expertisée,20,Bonne,7.384986107,48.102530621,QIXnJ
A1610030,A161003001,2012-12-04,58526.0,2026-06-01T04:56:12Z,16,Donnée validée,10,Expertisée,20,Bonne,7.384986107,48.102530621,QIXnJ
A1610030,A161003001,2012-12-05,61317.0,2026-06-01T04:56:12Z,16,Donnée validée,10,Expertisée,20,Bonne,7.384986107,48.102530621,QIXnJ
A1610030,A161003001,2012-12-06,51883.0,2026-06-01T04:56:12Z,16,Donnée validée,10,Expertisée,20,Bonne,7.384986107,48.102530621,QIXnJ
A1610030,A161003001,2012-12-07,43070.0,2026-06-01T04:56:12Z,16,Donnée validée,10,Expertisée,20,Bonne,7.384986107,48.102530621,QIXnJ
A1610030,A161003001,2012-12-08,35910.0,2026-06-01T04:56:12Z,16,Donnée validée,10,Expertisée,20,Bonne,7.384986107,48.102530621,QIXnJ
A1610030,A161003001,2012-12-09,31606.0,2026-06-01T04:56:12Z,16,Donnée validée,10,Expertisée,20,Bonne,7.384986107,48.102530621,QIXnJ
A1610030,A161003001,2012-12-10,31605.0,2026-06-01T04:56:12Z,16,Donnée validée,10,Expertisée,20,Bonne,7.384986107,48.102530621,QIXnJ
A1610030,A161003001,2012-12-11,34448.0,2026-06-01T04:56:12Z,16,Donnée validée,10,Expertisée,20,Bonne,7.384986107,48.102530621,QIXnJ
A1610030,A161003001,2012-12-12,30846.0,2026-06-01T04:56:12Z,16,Donnée validée,10,Expertisée,20,Bonne,7.384986107,48.102530621,QIXnJ
A1610030,A161003001,2012-12-13,27406.0,2026-06-01T04:56:12Z,16,Donnée validée,10,Expertisée,20,Bonne,7.384986107,48.102530621,QIXnJ
A1610030,A161003001,2012-12-14,35840.0,2026-06-01T04:56:12Z,16,Donnée validée,10,Expertisée,20,Bonne,7.384986107,48.102530621,QIXnJ
A1610030,A161003001,2012-12-15,138117.0,2026-06-01T04:56:12Z,16,Donnée validée,10,Expertisée,20,Bonne,7.384986107,48.102530621,QIXnJ
A1610030,A161003001,2012-12-16,185750.0,2026-06-01T04:56:12Z,16,Donnée validée,10,Expertisée,20,Bonne,7.384986107,48.102530621,QIXnJ
A1610030,A161003001,2012-12-17,168723.0,2026-06-01T04:56:12Z,16,Donnée validée,10,Expertisée,20,Bonne,7.384986107,48.102530621,QIXnJ
A1610030,A161003001,2012-12-18,166175.0,2026-06-01T04:56:12Z,16,Donnée validée,10,Expertisée,20,Bonne,7.384986107,48.102530621,QIXnJ
A1610030,A161003001,2012-12-19,154879.0,2026-06-01T04:56:12Z,16,Donnée validée,10,Expertisée,20,Bonne,7.384986107,48.102530621,QIXnJ
A1610030,A161003001,2012-12-20,114533.0,2026-06-01T04:56:12Z,16,Donnée validée,10,Expertisée,20,Bonne,7.384986107,48.102530621,QIXnJ
A1610030,A161003001,2012-12-21,95354.0,2026-06-01T04:56:12Z,16,Donnée validée,10,Expertisée,20,Bonne,7.384986107,48.102530621,QIXnJ
A1610030,A161003001,2012-12-22,91060.0,2026-06-01T04:56:12Z,16,Donnée validée,10,Expertisée,20,Bonne,7.384986107,48.102530621,QIXnJ
A1610030,A161003001,2012-12-23,109972.0,2026-06-01T04:56:12Z,16,Donnée validée,10,Expertisée,20,Bonne,7.384986107,48.102530621,QIXnJ
A1610030,A161003001,2012-12-24,112714.0,2026-06-01T04:56:12Z,16,Donnée validée,10,Expertisée,20,Bonne,7.384986107,48.102530621,QIXnJ
A1610030,A161003001,2012-12-25,87560.0,2026-06-01T04:56:12Z,16,Donnée validée,10,Expertisée,20,Bonne,7.384986107,48.102530621,QIXnJ
A1610030,A161003001,2012-12-26,99508.0,2026-06-01T04:56:12Z,16,Donnée validée,10,Expertisée,20,Bonne,7.384986107,48.102530621,QIXnJ
A1610030,A161003001,2012-12-27,131298.0,2026-06-01T04:56:12Z,16,Donnée validée,10,Expertisée,20,Bonne,7.384986107,48.102530621,QIXnJ
A1610030,A161003001,2012-12-28,165038.0,2026-06-01T04:56:12Z,16,Donnée validée,10,Expertisée,20,Bonne,7.384986107,48.102530621,QIXnJ
A1610030,A161003001,2012-12-29,155919.0,2026-06-01T04:56:12Z,16,Donnée validée,10,Expertisée,20,Bonne,7.384986107,48.102530621,QIXnJ
A1610030,A161003001,2012-12-30,106561.0,2026-06-01T04:56:12Z,16,Donnée validée,10,Expertisée,20,Bonne,7.384986107,48.102530621,QIXnJ
A1610030,A161003001,2012-12-31,74244.0,2026-06-01T04:56:12Z,16,Donnée validée,10,Expertisée,20,Bonne,7.384986107,48.102530621,QIXnJ
A1610030,A161003001,2013-01-01,58000.0,2026-06-01T04:56:12Z,16,Donnée validée,10,Expertisée,20,Bonne,7.384986107,48.102530621,QIXnJ
A1610030,A161003001,2013-01-02,58633.0,2026-06-01T04:56:12Z,16,Donnée validée,10,Expertisée,20,Bonne,7.384986107,48.102530621,QIXnJ
A1610030,A161003001,2013-01-03,52846.0,2026-06-01T04:56:12Z,16,Donnée validée,10,Expertisée,20,Bonne,7.384986107,48.102530621,QIXnJ
A1610030,A161003001,2013-01-04,45501.0,2026-06-01T04:56:12Z,16,Donnée validée,10,Expertisée,20,Bonne,7.384986107,48.102530621,QIXnJ
A1610030,A161003001,2013-01-05,41306.0,2026-06-01T04:56:12Z,16,Donnée validée,10,Expertisée,20,Bonne,7.384986107,48.102530621,QIXnJ
A1610030,A161003001,2013-01-06,37738.0,2026-06-01T04:56:12Z,16,Donnée validée,10,Expertisée,20,Bonne,7.384986107,48.102530621,QIXnJ
A1610030,A161003001,2013-01-07,34808.0,2026-06-01T04:56:12Z,16,Donnée validée,10,Expertisée,20,Bonne,7.384986107,48.102530621,QIXnJ
A1610030,A161003001,2013-01-08,31992.0,2026-06-01T04:56:12Z,16,Donnée validée,10,Expertisée,20,Bonne,7.384986107,48.102530621,QIXnJ
A1610030,A161003001,2013-01-09,29981.0,2026-06-01T04:56:12Z,16,Donnée validée,10,Expertisée,20,Bonne,7.384986107,48.102530621,QIXnJ
A1610030,A161003001,2013-01-10,28386.0,2026-06-01T04:56:12Z,16,Donnée validée,10,Expertisée,20,Bonne,7.384986107,48.102530621,QIXnJ
A1610030,A161003001,2013-01-11,37703.0,2026-06-01T04:56:12Z,16,Donnée validée,10,Expertisée,20,Bonne,7.384986107,48.102530621,QIXnJ
A1610030,A161003001,2013-01-12,39778.0,2026-06-01T04:56:12Z,16,Donnée validée,10,Expertisée,20,Bonne,7.384986107,48.102530621,QIXnJ
A1610030,A161003001,2013-01-13,32131.0,2026-06-01T04:56:12Z,16,Donnée validée,10,Expertisée,20,Bonne,7.384986107,48.102530621,QIXnJ
A1610030,A161003001,2013-01-14,28337.0,2026-06-01T04:56:12Z,16,Donnée validée,10,Expertisée,20,Bonne,7.384986107,48.102530621,QIXnJ
A1610030,A161003001,2013-01-15,26858.0,2026-06-01T04:56:12Z,16,Donnée validée,10,Expertisée,20,Bonne,7.384986107,48.102530621,QIXnJ
A1610030,A161003001,2013-01-16,25711.0,2026-06-01T04:56:12Z,16,Donnée validée,10,Expertisée,20,Bonne,7.384986107,48.102530621,QIXnJ
A1610030,A161003001,2013-01-17,24302.0,2026-06-01T04:56:12Z,16,Donnée validée,10,Expertisée,20,Bonne,7.384986107,48.102530621,QIXnJ
A1610030,A161003001,2013-01-18,22845.0,2026-06-01T04:56:12Z,16,Donnée validée,10,Expertisée,20,Bonne,7.384986107,48.102530621,QIXnJ
A1610030,A161003001,2013-01-19,22704.0,2026-06-01T04:56:12Z,16,Donnée validée,10,Expertisée,20,Bonne,7.384986107,48.102530621,QIXnJ
A1610030,A161003001,2013-01-20,25165.0,2026-06-01T04:56:12Z,16,Donnée validée,10,Expertisée,20,Bonne,7.384986107,48.102530621,QIXnJ
A1610030,A161003001,2013-01-21,25030.0,2026-06-01T04:56:12Z,16,Donnée validée,10,Expertisée,20,Bonne,7.384986107,48.102530621,QIXnJ
A1610030,A161003001,2013-01-22,24079.0,2026-06-01T04:56:12Z,16,Donnée validée,10,Expertisée,20,Bonne,7.384986107,48.102530621,QIXnJ
A1610030,A161003001,2013-01-23,24232.0,2026-06-01T04:56:12Z,16,Donnée validée,10,Expertisée,20,Bonne,7.384986107,48.102530621,QIXnJ
A1610030,A161003001,2013-01-24,23045.0,2026-06-01T04:56:12Z,16,Donnée validée,10,Expertisée,20,Bonne,7.384986107,48.102530621,QIXnJ
A1610030,A161003001,2013-01-25,24410.0,2026-06-01T04:56:12Z,16,Donnée validée,10,Expertisée,20,Bonne,7.384986107,48.102530621,QIXnJ
A1610030,A161003001,2013-01-26,20431.0,2026-06-01T04:56:12Z,16,Donnée validée,10,Expertisée,20,Bonne,7.384986107,48.102530621,QIXnJ
A1610030,A161003001,2013-01-27,19827.0,2026-06-01T04:56:12Z,16,Donnée validée,10,Expertisée,20,Bonne,7.384986107,48.102530621,QIXnJ
A1610030,A161003001,2013-01-28,25601.0,2026-06-01T04:56:12Z,16,Donnée validée,10,Expertisée,20,Bonne,7.384986107,48.102530621,QIXnJ
A1610030,A161003001,2013-01-29,39202.0,2026-06-01T04:56:12Z,16,Donnée validée,10,Expertisée,20,Bonne,7.384986107,48.102530621,QIXnJ
A1610030,A161003001,2013-01-30,80327.0,2026-06-01T04:56:12Z,16,Donnée validée,10,Expertisée,20,Bonne,7.384986107,48.102530621,QIXnJ
A1610030,A161003001,2013-01-31,116362.0,2026-06-01T04:56:12Z,16,Donnée validée,10,Expertisée,20,Bonne,7.384986107,48.102530621,QIXnJ
A1610030,A161003001,2013-02-01,102646.0,2026-06-01T04:56:12Z,16,Donnée validée,10,Expertisée,20,Bonne,7.384986107,48.102530621,QIXnJ
A1610030,A161003001,2013-02-02,181401.0,2026-06-01T04:56:12Z,16,Donnée validée,10,Expertisée,20,Bonne,7.384986107,48.102530621,QIXnJ
A1610030,A161003001,2013-02-03,194720.0,2026-06-01T04:56:12Z,16,Donnée validée,10,Expertisée,20,Bonne,7.384986107,48.102530621,QIXnJ
A1610030,A161003001,2013-02-04,115369.0,2026-06-01T04:56:12Z,16,Donnée validée,10,Expertisée,20,Bonne,7.384986107,48.102530621,QIXnJ
A1610030,A161003001,2013-02-05,100619.0,2026-06-01T04:56:12Z,16,Donnée validée,10,Expertisée,20,Bonne,7.384986107,48.102530621,QIXnJ
A1610030,A161003001,2013-02-06,102980.0,2026-06-01T04:56:12Z,16,Donnée validée,10,Expertisée,20,Bonne,7.384986107,48.102530621,QIXnJ
A1610030,A161003001,2013-02-07,95108.0,2026-06-01T04:56:12Z,16,Donnée validée,10,Expertisée,20,Bonne,7.384986107,48.102530621,QIXnJ
A1610030,A161003001,2013-02-08,74049.0,2026-06-01T04:56:12Z,16,Donnée validée,10,Expertisée,20,Bonne,7.384986107,48.102530621,QIXnJ
A1610030,A161003001,2013-02-09,58880.0,2026-06-01T04:56:12Z,16,Donnée validée,10,Expertisée,20,Bonne,7.384986107,48.102530621,QIXnJ
A1610030,A161003001,2013-02-10,48867.0,2026-06-01T04:56:12Z,16,Donnée validée,10,Expertisée,20,Bonne,7.384986107,48.102530621,QIXnJ
A1610030,A161003001,2013-02-11,41478.0,2026-06-01T04:56:12Z,16,Donnée validée,10,Expertisée,20,Bonne,7.384986107,48.102530621,QIXnJ
A1610030,A161003001,2013-02-12,37874.0,2026-06-01T04:56:12Z,16,Donnée validée,10,Expertisée,20,Bonne,7.384986107,48.102530621,QIXnJ
A1610030,A161003001,2013-02-13,33389.0,2026-06-01T04:56:12Z,16,Donnée validée,10,Expertisée,20,Bonne,7.384986107,48.102530621,QIXnJ
A1610030,A161003001,2013-02-14,29372.0,2026-06-01T04:56:12Z,16,Donnée validée,10,Expertisée,20,Bonne,7.384986107,48.102530621,QIXnJ
A1610030,A161003001,2013-02-15,27023.0,2026-06-01T04:56:12Z,16,Donnée validée,10,Expertisée,20,Bonne,7.384986107,48.102530621,QIXnJ
A1610030,A161003001,2013-02-16,29029.0,2026-06-01T04:56:12Z,16,Donnée validée,10,Expertisée,20,Bonne,7.384986107,48.102530621,QIXnJ
A1610030,A161003001,2013-02-17,37246.0,2026-06-01T04:56:12Z,16,Donnée validée,10,Expertisée,20,Bonne,7.384986107,48.102530621,QIXnJ
A1610030,A161003001,2013-02-18,32627.0,2026-06-01T04:56:12Z,16,Donnée validée,10,Expertisée,20,Bonne,7.384986107,48.102530621,QIXnJ
A1610030,A161003001,2013-02-19,30229.0,2026-06-01T04:56:12Z,16,Donnée validée,10,Expertisée,20,Bonne,7.384986107,48.102530621,QIXnJ
A1610030,A161003001,2013-02-20,29696.0,2026-06-01T04:56:12Z,16,Donnée validée,10,Expertisée,20,Bonne,7.384986107,48.102530621,QIXnJ
A1610030,A161003001,2013-02-21,37957.0,2026-06-01T04:56:12Z,16,Donnée validée,10,Expertisée,20,Bonne,7.384986107,48.102530621,QIXnJ
A1610030,A161003001,2013-02-22,26097.0,2026-06-01T04:56:12Z,16,Donnée validée,10,Expertisée,20,Bonne,7.384986107,48.102530621,QIXnJ
A1610030,A161003001,2013-02-23,24329.0,2026-06-01T04:56:12Z,16,Donnée validée,10,Expertisée,20,Bonne,7.384986107,48.102530621,QIXnJ
A1610030,A161003001,2013-02-24,22646.0,2026-06-01T04:56:12Z,16,Donnée validée,10,Expertisée,20,Bonne,7.384986107,48.102530621,QIXnJ
A1610030,A161003001,2013-02-25,21097.0,2026-06-01T04:56:12Z,16,Donnée validée,10,Expertisée,20,Bonne,7.384986107,48.102530621,QIXnJ
A1610030,A161003001,2013-02-26,20241.0,2026-06-01T04:56:12Z,16,Donnée validée,10,Expertisée,20,Bonne,7.384986107,48.102530621,QIXnJ
A1610030,A161003001,2013-02-27,19299.0,2026-06-01T04:56:12Z,16,Donnée validée,10,Expertisée,20,Bonne,7.384986107,48.102530621,QIXnJ
A1610030,A161003001,2013-02-28,19080.0,2026-06-01T04:56:12Z,16,Donnée validée,10,Expertisée,20,Bonne,7.384986107,48.102530621,QIXnJ
A1610030,A161003001,2013-03-01,19169.0,2026-06-01T04:56:12Z,16,Donnée validée,10,Expertisée,20,Bonne,7.384986107,48.102530621,QIXnJ
A1610030,A161003001,2013-03-02,18824.0,2026-06-01T04:56:12Z,16,Donnée validée,10,Expertisée,20,Bonne,7.384986107,48.102530621,QIXnJ
A1610030,A161003001,2013-03-03,18446.0,2026-06-01T04:56:12Z,16,Donnée validée,10,Expertisée,20,Bonne,7.384986107,48.102530621,QIXnJ
A1610030,A161003001,2013-03-04,17925.0,2026-06-01T04:56:12Z,16,Donnée validée,10,Expertisée,20,Bonne,7.384986107,48.102530621,QIXnJ
A1610030,A161003001,2013-03-05,17837.0,2026-06-01T04:56:12Z,16,Donnée validée,10,Expertisée,20,Bonne,7.384986107,48.102530621,QIXnJ
A1610030,A161003001,2013-03-06,18106.0,2026-06-01T04:56:12Z,16,Donnée validée,10,Expertisée,20,Bonne,7.384986107,48.102530621,QIXnJ
A1610030,A161003001,2013-03-07,19613.0,2026-06-01T04:56:12Z,16,Donnée validée,10,Expertisée,20,Bonne,7.384986107,48.102530621,QIXnJ
A1610030,A161003001,2013-03-08,20946.0,2026-06-01T04:56:12Z,16,Donnée validée,10,Expertisée,20,Bonne,7.384986107,48.102530621,QIXnJ
A1610030,A161003001,2013-03-09,23389.0,2026-06-01T04:56:12Z,16,Donnée validée,10,Expertisée,20,Bonne,7.384986107,48.102530621,QIXnJ
A1610030,A161003001,2013-03-10,24695.0,2026-06-01T04:56:12Z,16,Donnée validée,10,Expertisée,20,Bonne,7.384986107,48.102530621,QIXnJ
A1610030,A161003001,2013-03-11,25040.0,2026-06-01T04:56:12Z,16,Donnée validée,10,Expertisée,20,Bonne,7.384986107,48.102530621,QIXnJ
A1610030,A161003001,2013-03-12,27216.0,2026-06-01T04:56:12Z,16,Donnée validée,10,Expertisée,20,Bonne,7.384986107,48.102530621,QIXnJ
A1610030,A161003001,2013-03-13,28141.0,2026-06-01T04:56:12Z,16,Donnée validée,10,Expertisée,20,Bonne,7.384986107,48.102530621,QIXnJ
A1610030,A161003001,2013-03-14,26676.0,2026-06-01T04:56:12Z,16,Donnée validée,10,Expertisée,20,Bonne,7.384986107,48.102530621,QIXnJ
A1610030,A161003001,2013-03-15,25183.0,2026-06-01T04:56:12Z,16,Donnée validée,10,Expertisée,20,Bonne,7.384986107,48.102530621,QIXnJ
A1610030,A161003001,2013-03-16,23066.0,2026-06-01T04:56:12Z,16,Donnée validée,10,Expertisée,20,Bonne,7.384986107,48.102530621,QIXnJ
A1610030,A161003001,2013-03-17,27028.0,2026-06-01T04:56:12Z,16,Donnée validée,10,Expertisée,20,Bonne,7.384986107,48.102530621,QIXnJ
A1610030,A161003001,2013-03-18,39556.0,2026-06-01T04:56:12Z,16,Donnée validée,10,Expertisée,20,Bonne,7.384986107,48.102530621,QIXnJ
A1610030,A161003001,2013-03-19,40800.0,2026-06-01T04:56:12Z,16,Donnée validée,10,Expertisée,20,Bonne,7.384986107,48.102530621,QIXnJ
A1610030,A161003001,2013-03-20,39856.0,2026-06-01T04:56:12Z,16,Donnée validée,10,Expertisée,20,Bonne,7.384986107,48.102530621,QIXnJ
A1610030,A161003001,2013-03-21,44800.0,2026-06-01T04:56:12Z,16,Donnée validée,10,Expertisée,20,Bonne,7.384986107,48.102530621,QIXnJ
A1610030,A161003001,2013-03-22,39156.0,2026-06-01T04:56:12Z,16,Donnée validée,10,Expertisée,20,Bonne,7.384986107,48.102530621,QIXnJ
A1610030,A161003001,2013-03-23,32700.0,2026-06-01T04:56:12Z,16,Donnée validée,10,Expertisée,20,Bonne,7.384986107,48.102530621,QIXnJ
A1610030,A161003001,2013-03-24,30239.0,2026-06-01T04:56:12Z,16,Donnée validée,10,Expertisée,20,Bonne,7.384986107,48.102530621,QIXnJ
A1610030,A161003001,2013-03-25,28763.0,2026-06-01T04:56:12Z,16,Donnée validée,10,Expertisée,20,Bonne,7.384986107,48.102530621,QIXnJ
A1610030,A161003001,2013-03-26,26355.0,2026-06-01T04:56:12Z,16,Donnée validée,10,Expertisée,20,Bonne,7.384986107,48.102530621,QIXnJ
A1610030,A161003001,2013-03-27,24420.0,2026-06-01T04:56:12Z,16,Donnée validée,10,Expertisée,20,Bonne,7.384986107,48.102530621,QIXnJ
A1610030,A161003001,2013-03-28,24161.0,2026-06-01T04:56:12Z,16,Donnée validée,10,Expertisée,20,Bonne,7.384986107,48.102530621,QIXnJ
A1610030,A161003001,2013-03-29,31694.0,2026-06-01T04:56:12Z,16,Donnée validée,10,Expertisée,20,Bonne,7.384986107,48.102530621,QIXnJ
A1610030,A161003001,2013-03-30,31023.0,2026-06-01T04:56:12Z,16,Donnée validée,10,Expertisée,20,Bonne,7.384986107,48.102530621,QIXnJ
A1610030,A161003001,2013-03-31,32094.0,2026-06-01T04:56:12Z,16,Donnée validée,10,Expertisée,20,Bonne,7.384986107,48.102530621,QIXnJ
A1610030,A161003001,2013-04-01,26812.0,2026-06-01T04:56:12Z,16,Donnée validée,10,Expertisée,20,Bonne,7.384986107,48.102530621,QIXnJ
A1610030,A161003001,2013-04-02,23412.0,2026-06-01T04:56:12Z,16,Donnée validée,10,Expertisée,20,Bonne,7.384986107,48.102530621,QIXnJ
A1610030,A161003001,2013-04-03,21444.0,2026-06-01T04:56:12Z,16,Donnée validée,10,Expertisée,20,Bonne,7.384986107,48.102530621,QIXnJ
A1610030,A161003001,2013-04-04,19851.0,2026-06-01T04:56:12Z,16,Donnée validée,10,Expertisée,20,Bonne,7.384986107,48.102530621,QIXnJ
A1610030,A161003001,2013-04-05,19490.0,2026-06-01T04:56:12Z,16,Donnée validée,10,Expertisée,20,Bonne,7.384986107,48.102530621,QIXnJ
A1610030,A161003001,2013-04-06,18778.0,2026-06-01T04:56:12Z,16,Donnée validée,10,Expertisée,20,Bonne,7.384986107,48.102530621,QIXnJ
A1610030,A161003001,2013-04-07,18138.0,2026-06-01T04:56:12Z,16,Donnée validée,10,Expertisée,20,Bonne,7.384986107,48.102530621,QIXnJ
A1610030,A161003001,2013-04-08,20775.0,2026-06-01T04:56:12Z,16,Donnée validée,10,Expertisée,20,Bonne,7.384986107,48.102530621,QIXnJ
A1610030,A161003001,2013-04-09,22197.0,2026-06-01T04:56:12Z,16,Donnée validée,10,Expertisée,20,Bonne,7.384986107,48.102530621,QIXnJ
A1610030,A161003001,2013-04-10,41676.0,2026-06-01T04:56:12Z,16,Donnée validée,10,Expertisée,20,Bonne,7.384986107,48.102530621,QIXnJ
A1610030,A161003001,2013-04-11,74026.0,2026-06-01T04:56:12Z,16,Donnée validée,10,Expertisée,20,Bonne,7.384986107,48.102530621,QIXnJ
A1610030,A161003001,2013-04-12,131667.0,2026-06-01T04:56:12Z,16,Donnée validée,10,Expertisée,20,Bonne,7.384986107,48.102530621,QIXnJ
A1610030,A161003001,2013-04-13,129925.0,2026-06-01T04:56:12Z,16,Donnée validée,10,Expertisée,20,Bonne,7.384986107,48.102530621,QIXnJ
A1610030,A161003001,2013-04-14,86329.0,2026-06-01T04:56:12Z,16,Donnée validée,10,Expertisée,20,Bonne,7.384986107,48.102530621,QIXnJ
A1610030,A161003001,2013-04-15,60197.0,2026-06-01T04:56:12Z,16,Donnée validée,10,Expertisée,20,Bonne,7.384986107,48.102530621,QIXnJ
A1610030,A161003001,2013-04-16,47492.0,2026-06-01T04:56:12Z,16,Donnée validée,10,Expertisée,20,Bonne,7.384986107,48.102530621,QIXnJ
A1610030,A161003001,2013-04-17,43264.0,2026-06-01T04:56:12Z,16,Donnée validée,10,Expertisée,20,Bonne,7.384986107,48.102530621,QIXnJ
A1610030,A161003001,2013-04-18,38244.0,2026-06-01T04:56:12Z,16,Donnée validée,10,Expertisée,20,Bonne,7.384986107,48.102530621,QIXnJ
A1610030,A161003001,2013-04-19,33921.0,2026-06-01T04:56:12Z,16,Donnée validée,10,Expertisée,20,Bonne,7.384986107,48.102530621,QIXnJ
A1610030,A161003001,2013-04-20,37224.0,2026-06-01T04:56:12Z,16,Donnée validée,10,Expertisée,20,Bonne,7.384986107,48.102530621,QIXnJ
A1610030,A161003001,2013-04-21,38751.0,2026-06-01T04:56:12Z,16,Donnée validée,10,Expertisée,20,Bonne,7.384986107,48.102530621,QIXnJ
A1610030,A161003001,2013-04-22,33307.0,2026-06-01T04:56:12Z,16,Donnée validée,10,Expertisée,20,Bonne,7.384986107,48.102530621,QIXnJ
A1610030,A161003001,2013-04-23,29775.0,2026-06-01T04:56:12Z,16,Donnée validée,10,Expertisée,20,Bonne,7.384986107,48.102530621,QIXnJ
A1610030,A161003001,2013-04-24,25148.0,2026-06-01T04:56:12Z,16,Donnée validée,10,Expertisée,20,Bonne,7.384986107,48.102530621,QIXnJ
A1610030,A161003001,2013-04-25,22370.0,2026-06-01T04:56:12Z,16,Donnée validée,10,Expertisée,20,Bonne,7.384986107,48.102530621,QIXnJ
A1610030,A161003001,2013-04-26,23264.0,2026-06-01T04:56:12Z,16,Donnée validée,10,Expertisée,20,Bonne,7.384986107,48.102530621,QIXnJ
A1610030,A161003001,2013-04-27,39971.0,2026-06-01T04:56:12Z,16,Donnée validée,10,Expertisée,20,Bonne,7.384986107,48.102530621,QIXnJ
A1610030,A161003001,2013-04-28,55628.0,2026-06-01T04:56:12Z,16,Donnée validée,10,Expertisée,20,Bonne,7.384986107,48.102530621,QIXnJ
A1610030,A161003001,2013-04-29,48578.0,2026-06-01T04:56:12Z,16,Donnée validée,10,Expertisée,20,Bonne,7.384986107,48.102530621,QIXnJ
A1610030,A161003001,2013-04-30,35070.0,2026-06-01T04:56:12Z,16,Donnée validée,10,Expertisée,20,Bonne,7.384986107,48.102530621,QIXnJ
A1610030,A161003001,2013-05-01,30897.0,2026-06-01T04:56:12Z,16,Donnée validée,10,Expertisée,20,Bonne,7.384986107,48.102530621,QIXnJ
A1610030,A161003001,2013-05-02,37291.0,2026-06-01T04:56:12Z,16,Donnée validée,10,Expertisée,20,Bonne,7.384986107,48.102530621,QIXnJ
A1610030,A161003001,2013-05-03,31161.0,2026-06-01T04:56:12Z,16,Donnée validée,10,Expertisée,20,Bonne,7.384986107,48.102530621,QIXnJ
A1610030,A161003001,2013-05-04,37113.0,2026-06-01T04:56:12Z,16,Donnée validée,10,Expertisée,20,Bonne,7.384986107,48.102530621,QIXnJ
A1610030,A161003001,2013-05-05,31472.0,2026-06-01T04:56:12Z,16,Donnée validée,10,Expertisée,20,Bonne,7.384986107,48.102530621,QIXnJ
A1610030,A161003001,2013-05-06,26114.0,2026-06-01T04:56:12Z,16,Donnée validée,10,Expertisée,20,Bonne,7.384986107,48.102530621,QIXnJ
A1610030,A161003001,2013-05-07,23771.0,2026-06-01T04:56:12Z,16,Donnée validée,10,Expertisée,20,Bonne,7.384986107,48.102530621,QIXnJ
A1610030,A161003001,2013-05-08,21640.0,2026-06-01T04:56:12Z,16,Donnée validée,10,Expertisée,20,Bonne,7.384986107,48.102530621,QIXnJ
A1610030,A161003001,2013-05-09,20693.0,2026-06-01T04:56:12Z,16,Donnée validée,10,Expertisée,20,Bonne,7.384986107,48.102530621,QIXnJ
A1610030,A161003001,2013-05-10,20502.0,2026-06-01T04:56:12Z,16,Donnée validée,10,Expertisée,20,Bonne,7.384986107,48.102530621,QIXnJ
A1610030,A161003001,2013-05-11,19738.0,2026-06-01T04:56:12Z,16,Donnée validée,10,Expertisée,20,Bonne,7.384986107,48.102530621,QIXnJ
A1610030,A161003001,2013-05-12,18195.0,2026-06-01T04:56:12Z,16,Donnée validée,10,Expertisée,20,Bonne,7.384986107,48.102530621,QIXnJ
A1610030,A161003001,2013-05-13,18059.0,2026-06-01T04:56:12Z,16,Donnée validée,10,Expertisée,20,Bonne,7.384986107,48.102530621,QIXnJ
A1610030,A161003001,2013-05-14,17198.0,2026-06-01T04:56:12Z,16,Donnée validée,10,Expertisée,20,Bonne,7.384986107,48.102530621,QIXnJ
A1610030,A161003001,2013-05-15,16167.0,2026-06-01T04:56:12Z,16,Donnée validée,10,Expertisée,20,Bonne,7.384986107,48.102530621,QIXnJ
A1610030,A161003001,2013-05-16,16993.0,2026-06-01T04:56:12Z,16,Donnée validée,10,Expertisée,20,Bonne,7.384986107,48.102530621,QIXnJ
A1610030,A161003001,2013-05-17,24765.0,2026-06-01T04:56:12Z,16,Donnée validée,10,Expertisée,20,Bonne,7.384986107,48.102530621,QIXnJ
A1610030,A161003001,2013-05-18,22345.0,2026-06-01T04:56:12Z,16,Donnée validée,10,Expertisée,20,Bonne,7.384986107,48.102530621,QIXnJ
A1610030,A161003001,2013-05-19,20191.0,2026-06-01T04:56:12Z,16,Donnée validée,10,Expertisée,20,Bonne,7.384986107,48.102530621,QIXnJ
A1610030,A161003001,2013-05-20,18059.0,2026-06-01T04:56:12Z,16,Donnée validée,10,Expertisée,20,Bonne,7.384986107,48.102530621,QIXnJ
A1610030,A161003001,2013-05-21,38490.0,2026-06-01T04:56:12Z,16,Donnée validée,10,Expertisée,20,Bonne,7.384986107,48.102530621,QIXnJ
A1610030,A161003001,2013-05-22,41400.0,2026-06-01T04:56:12Z,16,Donnée validée,10,Expertisée,20,Bonne,7.384986107,48.102530621,QIXnJ
A1610030,A161003001,2013-05-23,39316.0,2026-06-01T04:56:12Z,16,Donnée validée,10,Expertisée,20,Bonne,7.384986107,48.102530621,QIXnJ
A1610030,A161003001,2013-05-24,33204.0,2026-06-01T04:56:12Z,16,Donnée validée,10,Expertisée,20,Bonne,7.384986107,48.102530621,QIXnJ
A1610030,A161003001,2013-05-25,29781.0,2026-06-01T04:56:12Z,16,Donnée validée,10,Expertisée,20,Bonne,7.384986107,48.102530621,QIXnJ
A1610030,A161003001,2013-05-26,26485.0,2026-06-01T04:56:12Z,16,Donnée validée,10,Expertisée,20,Bonne,7.384986107,48.102530621,QIXnJ
A1610030,A161003001,2013-05-27,24144.0,2026-06-01T04:56:12Z,16,Donnée validée,10,Expertisée,20,Bonne,7.384986107,48.102530621,QIXnJ
A1610030,A161003001,2013-05-28,22973.0,2026-06-01T04:56:12Z,16,Donnée validée,10,Expertisée,20,Bonne,7.384986107,48.102530621,QIXnJ
A1610030,A161003001,2013-05-29,28274.0,2026-06-01T04:56:12Z,16,Donnée validée,10,Expertisée,20,Bonne,7.384986107,48.102530621,QIXnJ
A1610030,A161003001,2013-05-30,25032.0,2026-06-01T04:56:12Z,16,Donnée validée,10,Expertisée,20,Bonne,7.384986107,48.102530621,QIXnJ
A1610030,A161003001,2013-05-31,29883.0,2026-06-01T04:56:12Z,16,Donnée validée,10,Expertisée,20,Bonne,7.384986107,48.102530621,QIXnJ
A1610030,A161003001,2013-06-01,52917.0,2026-06-01T04:56:12Z,16,Donnée validée,10,Expertisée,20,Bonne,7.384986107,48.102530621,QIXnJ
A1610030,A161003001,2013-06-02,53792.0,2026-06-01T04:56:12Z,16,Donnée validée,10,Expertisée,20,Bonne,7.384986107,48.102530621,QIXnJ
A1610030,A161003001,2013-06-03,38756.0,2026-06-01T04:56:12Z,16,Donnée validée,10,Expertisée,20,Bonne,7.384986107,48.102530621,QIXnJ
A1610030,A161003001,2013-06-04,31082.0,2026-06-01T04:56:12Z,16,Donnée validée,10,Expertisée,20,Bonne,7.384986107,48.102530621,QIXnJ
A1610030,A161003001,2013-06-05,27158.0,2026-06-01T04:56:12Z,16,Donnée validée,10,Expertisée,20,Bonne,7.384986107,48.102530621,QIXnJ
A1610030,A161003001,2013-06-06,24317.0,2026-06-01T04:56:12Z,16,Donnée validée,10,Expertisée,20,Bonne,7.384986107,48.102530621,QIXnJ
A1610030,A161003001,2013-06-07,22647.0,2026-06-01T04:56:12Z,16,Donnée validée,10,Expertisée,20,Bonne,7.384986107,48.102530621,QIXnJ
A1610030,A161003001,2013-06-08,19737.0,2026-06-01T04:56:12Z,16,Donnée validée,10,Expertisée,20,Bonne,7.384986107,48.102530621,QIXnJ
A1610030,A161003001,2013-06-09,22411.0,2026-06-01T04:56:12Z,16,Donnée validée,10,Expertisée,20,Bonne,7.384986107,48.102530621,QIXnJ
A1610030,A161003001,2013-06-10,51283.0,2026-06-01T04:56:12Z,16,Donnée validée,10,Expertisée,20,Bonne,7.384986107,48.102530621,QIXnJ
A1610030,A161003001,2013-06-11,65400.0,2026-06-01T04:56:12Z,16,Donnée validée,10,Expertisée,20,Bonne,7.384986107,48.102530621,QIXnJ
A1610030,A161003001,2013-06-12,39530.0,2026-06-01T04:56:12Z,16,Donnée validée,10,Expertisée,20,Bonne,7.384986107,48.102530621,QIXnJ
A1610030,A161003001,2013-06-13,23580.0,2026-06-01T04:56:12Z,16,Donnée validée,10,Expertisée,20,Bonne,7.384986107,48.102530621,QIXnJ
A1610030,A161003001,2013-06-14,21736.0,2026-06-01T04:56:12Z,16,Donnée validée,10,Expertisée,20,Bonne,7.384986107,48.102530621,QIXnJ
A1610030,A161003001,2013-06-15,18320.0,2026-06-01T04:56:12Z,16,Donnée validée,10,Expertisée,20,Bonne,7.384986107,48.102530621,QIXnJ
A1610030,A161003001,2013-06-16,16511.0,2026-06-01T04:56:12Z,16,Donnée validée,10,Expertisée,20,Bonne,7.384986107,48.102530621,QIXnJ
A1610030,A161003001,2013-06-17,15133.0,2026-06-01T04:56:12Z,16,Donnée validée,10,Expertisée,20,Bonne,7.384986107,48.102530621,QIXnJ
A1610030,A161003001,2013-06-18,16415.0,2026-06-01T04:56:12Z,16,Donnée validée,10,Expertisée,20,Bonne,7.384986107,48.102530621,QIXnJ
A1610030,A161003001,2013-06-19,14950.0,2026-06-01T04:56:12Z,16,Donnée validée,10,Expertisée,20,Bonne,7.384986107,48.102530621,QIXnJ
A1610030,A161003001,2013-06-20,17970.0,2026-06-01T04:56:12Z,16,Donnée validée,10,Expertisée,20,Bonne,7.384986107,48.102530621,QIXnJ
A1610030,A161003001,2013-06-21,18192.0,2026-06-01T04:56:12Z,16,Donnée validée,10,Expertisée,20,Bonne,7.384986107,48.102530621,QIXnJ
A1610030,A161003001,2013-06-22,14579.0,2026-06-01T04:56:12Z,16,Donnée validée,10,Expertisée,20,Bonne,7.384986107,48.102530621,QIXnJ
A1610030,A161003001,2013-06-23,12391.0,2026-06-01T04:56:12Z,16,Donnée validée,10,Expertisée,20,Bonne,7.384986107,48.102530621,QIXnJ
A1610030,A161003001,2013-06-24,11441.0,2026-06-01T04:56:12Z,16,Donnée validée,10,Expertisée,20,Bonne,7.384986107,48.102530621,QIXnJ
A1610030,A161003001,2013-06-25,11330.0,2026-06-01T04:56:12Z,16,Donnée validée,10,Expertisée,20,Bonne,7.384986107,48.102530621,QIXnJ
A1610030,A161003001,2013-06-26,10464.0,2026-06-01T04:56:12Z,16,Donnée validée,10,Expertisée,20,Bonne,7.384986107,48.102530621,QIXnJ
A1610030,A161003001,2013-06-27,11250.0,2026-06-01T04:56:12Z,16,Donnée validée,10,Expertisée,20,Bonne,7.384986107,48.102530621,QIXnJ
A1610030,A161003001,2013-06-28,14515.0,2026-06-01T04:56:12Z,16,Donnée validée,10,Expertisée,20,Bonne,7.384986107,48.102530621,QIXnJ
A1610030,A161003001,2013-06-29,12258.0,2026-06-01T04:56:12Z,16,Donnée validée,10,Expertisée,20,Bonne,7.384986107,48.102530621,QIXnJ
A1610030,A161003001,2013-06-30,11538.0,2026-06-01T04:56:12Z,16,Donnée validée,10,Expertisée,20,Bonne,7.384986107,48.102530621,QIXnJ
A1610030,A161003001,2013-07-01,11094.0,2026-06-01T04:56:12Z,16,Donnée validée,10,Expertisée,20,Bonne,7.384986107,48.102530621,QIXnJ
A1610030,A161003001,2013-07-02,10648.0,2026-06-01T04:56:12Z,16,Donnée validée,10,Expertisée,20,Bonne,7.384986107,48.102530621,QIXnJ
A1610030,A161003001,2013-07-03,15035.0,2026-06-01T04:56:12Z,16,Donnée validée,10,Expertisée,20,Bonne,7.384986107,48.102530621,QIXnJ
A1610030,A161003001,2013-07-04,19309.0,2026-06-01T04:56:12Z,16,Donnée validée,10,Expertisée,20,Bonne,7.384986107,48.102530621,QIXnJ
A1610030,A161003001,2013-07-05,17796.0,2026-06-01T04:56:12Z,16,Donnée validée,10,Expertisée,20,Bonne,7.384986107,48.102530621,QIXnJ
A1610030,A161003001,2013-07-06,12680.0,2026-06-01T04:56:12Z,16,Donnée validée,10,Expertisée,20,Bonne,7.384986107,48.102530621,QIXnJ
A1610030,A161003001,2013-07-07,11825.0,2026-06-01T04:56:12Z,16,Donnée validée,10,Expertisée,20,Bonne,7.384986107,48.102530621,QIXnJ
A1610030,A161003001,2013-07-08,10294.0,2026-06-01T04:56:12Z,16,Donnée validée,10,Expertisée,20,Bonne,7.384986107,48.102530621,QIXnJ
A1610030,A161003001,2013-07-09,9639.0,2026-06-01T04:56:12Z,16,Donnée validée,10,Expertisée,20,Bonne,7.384986107,48.102530621,QIXnJ
A1610030,A161003001,2013-07-10,8880.0,2026-06-01T04:56:12Z,16,Donnée validée,10,Expertisée,20,Bonne,7.384986107,48.102530621,QIXnJ
A1610030,A161003001,2013-07-11,9975.0,2026-06-01T04:56:12Z,16,Donnée validée,10,Expertisée,20,Bonne,7.384986107,48.102530621,QIXnJ
A1610030,A161003001,2013-07-12,9702.0,2026-06-01T04:56:12Z,16,Donnée validée,10,Expertisée,20,Bonne,7.384986107,48.102530621,QIXnJ
A1610030,A161003001,2013-07-13,9841.0,2026-06-01T04:56:12Z,16,Donnée validée,10,Expertisée,20,Bonne,7.384986107,48.102530621,QIXnJ
A1610030,A161003001,2013-07-14,9041.0,2026-06-01T04:56:12Z,16,Donnée validée,10,Expertisée,20,Bonne,7.384986107,48.102530621,QIXnJ
A1610030,A161003001,2013-07-15,8158.0,2026-06-01T04:56:12Z,16,Donnée validée,10,Expertisée,20,Bonne,7.384986107,48.102530621,QIXnJ
A1610030,A161003001,2013-07-16,7798.0,2026-06-01T04:56:12Z,16,Donnée validée,10,Expertisée,20,Bonne,7.384986107,48.102530621,QIXnJ
A1610030,A161003001,2013-07-17,7170.0,2026-06-01T04:56:12Z,16,Donnée validée,10,Expertisée,20,Bonne,7.384986107,48.102530621,QIXnJ
A1610030,A161003001,2013-07-18,6527.0,2026-06-01T04:56:12Z,16,Donnée validée,10,Expertisée,20,Bonne,7.384986107,48.102530621,QIXnJ
A1610030,A161003001,2013-07-19,7979.0,2026-06-01T04:56:12Z,16,Donnée validée,10,Expertisée,20,Bonne,7.384986107,48.102530621,QIXnJ
A1610030,A161003001,2013-07-20,7450.0,2026-06-01T04:56:12Z,16,Donnée validée,10,Expertisée,20,Bonne,7.384986107,48.102530621,QIXnJ
A1610030,A161003001,2013-07-21,6603.0,2026-06-01T04:56:12Z,16,Donnée validée,10,Expertisée,20,Bonne,7.384986107,48.102530621,QIXnJ
A1610030,A161003001,2013-07-22,5467.0,2026-06-01T04:56:12Z,16,Donnée validée,10,Expertisée,20,Bonne,7.384986107,48.102530621,QIXnJ
A1610030,A161003001,2013-07-23,5083.0,2026-06-01T04:56:12Z,16,Donnée validée,10,Expertisée,20,Bonne,7.384986107,48.102530621,QIXnJ
A1610030,A161003001,2013-07-24,7133.0,2026-06-01T04:56:12Z,16,Donnée validée,10,Expertisée,20,Bonne,7.384986107,48.102530621,QIXnJ
A1610030,A161003001,2013-07-25,7173.0,2026-06-01T04:56:12Z,16,Donnée validée,10,Expertisée,20,Bonne,7.384986107,48.102530621,QIXnJ
A1610030,A161003001,2013-07-26,5805.0,2026-06-01T04:56:12Z,16,Donnée validée,10,Expertisée,20,Bonne,7.384986107,48.102530621,QIXnJ
A1610030,A161003001,2013-07-27,5545.0,2026-06-01T04:56:12Z,16,Donnée validée,10,Expertisée,20,Bonne,7.384986107,48.102530621,QIXnJ
A1610030,A161003001,2013-07-28,5536.0,2026-06-01T04:56:12Z,16,Donnée validée,10,Expertisée,20,Bonne,7.384986107,48.102530621,QIXnJ
A1610030,A161003001,2013-07-29,10468.0,2026-06-01T04:56:12Z,16,Donnée validée,10,Expertisée,20,Bonne,7.384986107,48.102530621,QIXnJ
A1610030,A161003001,2013-07-30,11441.0,2026-06-01T04:56:12Z,16,Donnée validée,10,Expertisée,20,Bonne,7.384986107,48.102530621,QIXnJ
A1610030,A161003001,2013-07-31,9707.0,2026-06-01T04:56:12Z,16,Donnée validée,10,Expertisée,20,Bonne,7.384986107,48.102530621,QIXnJ
A1610030,A161003001,2013-08-01,7780.0,2026-06-01T04:56:12Z,16,Donnée validée,10,Expertisée,20,Bonne,7.384986107,48.102530621,QIXnJ
A1610030,A161003001,2013-08-02,7181.0,2026-06-01T04:56:12Z,16,Donnée validée,10,Expertisée,20,Bonne,7.384986107,48.102530621,QIXnJ
A1610030,A161003001,2013-08-03,6205.0,2026-06-01T04:56:12Z,16,Donnée validée,10,Expertisée,20,Bonne,7.384986107,48.102530621,QIXnJ
A1610030,A161003001,2013-08-04,10256.0,2026-06-01T04:56:12Z,16,Donnée validée,10,Expertisée,20,Bonne,7.384986107,48.102530621,QIXnJ
A1610030,A161003001,2013-08-05,11610.0,2026-06-01T04:56:12Z,16,Donnée validée,10,Expertisée,20,Bonne,7.384986107,48.102530621,QIXnJ
A1610030,A161003001,2013-08-06,21900.0,2026-06-01T04:56:12Z,16,Donnée validée,10,Expertisée,20,Bonne,7.384986107,48.102530621,QIXnJ
A1610030,A161003001,2013-08-07,15096.0,2026-06-01T04:56:12Z,16,Donnée validée,10,Expertisée,20,Bonne,7.384986107,48.102530621,QIXnJ
A1610030,A161003001,2013-08-08,16608.0,2026-06-01T04:56:12Z,16,Donnée validée,10,Expertisée,20,Bonne,7.384986107,48.102530621,QIXnJ
A1610030,A161003001,2013-08-09,12375.0,2026-06-01T04:56:12Z,16,Donnée validée,10,Expertisée,20,Bonne,7.384986107,48.102530621,QIXnJ
A1610030,A161003001,2013-08-10,11397.0,2026-06-01T04:56:12Z,16,Donnée validée,10,Expertisée,20,Bonne,7.384986107,48.102530621,QIXnJ
A1610030,A161003001,2013-08-11,7129.0,2026-06-01T04:56:12Z,16,Donnée validée,10,Expertisée,20,Bonne,7.384986107,48.102530621,QIXnJ
A1610030,A161003001,2013-08-12,6768.0,2026-06-01T04:56:12Z,16,Donnée validée,10,Expertisée,20,Bonne,7.384986107,48.102530621,QIXnJ
A1610030,A161003001,2013-08-13,6475.0,2026-06-01T04:56:12Z,16,Donnée validée,10,Expertisée,20,Bonne,7.384986107,48.102530621,QIXnJ
A1610030,A161003001,2013-08-14,5996.0,2026-06-01T04:56:12Z,16,Donnée validée,10,Expertisée,20,Bonne,7.384986107,48.102530621,QIXnJ
A1610030,A161003001,2013-08-15,5696.0,2026-06-01T04:56:12Z,16,Donnée validée,10,Expertisée,20,Bonne,7.384986107,48.102530621,QIXnJ
A1610030,A161003001,2013-08-16,5339.0,2026-06-01T04:56:12Z,16,Donnée validée,10,Expertisée,20,Bonne,7.384986107,48.102530621,QIXnJ
A1610030,A161003001,2013-08-17,5034.0,2026-06-01T04:56:12Z,16,Donnée validée,10,Expertisée,20,Bonne,7.384986107,48.102530621,QIXnJ
A1610030,A161003001,2013-08-18,7928.0,2026-06-01T04:56:12Z,16,Donnée validée,10,Expertisée,20,Bonne,7.384986107,48.102530621,QIXnJ
A1610030,A161003001,2013-08-19,5649.0,2026-06-01T04:56:12Z,16,Donnée validée,10,Expertisée,20,Bonne,7.384986107,48.102530621,QIXnJ
A1610030,A161003001,2013-08-20,5653.0,2026-06-01T04:56:12Z,16,Donnée validée,10,Expertisée,20,Bonne,7.384986107,48.102530621,QIXnJ
A1610030,A161003001,2013-08-21,5392.0,2026-06-01T04:56:12Z,16,Donnée validée,10,Expertisée,20,Bonne,7.384986107,48.102530621,QIXnJ
A1610030,A161003001,2013-08-22,5184.0,2026-06-01T04:56:12Z,16,Donnée validée,10,Expertisée,20,Bonne,7.384986107,48.102530621,QIXnJ
A1610030,A161003001,2013-08-23,5310.0,2026-06-01T04:56:12Z,16,Donnée validée,10,Expertisée,20,Bonne,7.384986107,48.102530621,QIXnJ
A1610030,A161003001,2013-08-24,7658.0,2026-06-01T04:56:12Z,16,Donnée validée,10,Expertisée,20,Bonne,7.384986107,48.102530621,QIXnJ
A1610030,A161003001,2013-08-25,12496.0,2026-06-01T04:56:12Z,16,Donnée validée,10,Expertisée,20,Bonne,7.384986107,48.102530621,QIXnJ
A1610030,A161003001,2013-08-26,8609.0,2026-06-01T04:56:12Z,16,Donnée validée,10,Expertisée,20,Bonne,7.384986107,48.102530621,QIXnJ
A1610030,A161003001,2013-08-27,7495.0,2026-06-01T04:56:12Z,16,Donnée validée,10,Expertisée,20,Bonne,7.384986107,48.102530621,QIXnJ
A1610030,A161003001,2013-08-28,12719.0,2026-06-01T04:56:12Z,16,Donnée validée,10,Expertisée,20,Bonne,7.384986107,48.102530621,QIXnJ
A1610030,A161003001,2013-08-29,11091.0,2026-06-01T04:56:12Z,16,Donnée validée,10,Expertisée,20,Bonne,7.384986107,48.102530621,QIXnJ
A1610030,A161003001,2013-08-30,8392.0,2026-06-01T04:56:12Z,16,Donnée validée,10,Expertisée,20,Bonne,7.384986107,48.102530621,QIXnJ
A1610030,A161003001,2013-08-31,7280.0,2026-06-01T04:56:12Z,16,Donnée validée,10,Expertisée,20,Bonne,7.384986107,48.102530621,QIXnJ
A1610030,A161003001,2013-09-01,6904.0,2026-06-01T04:56:12Z,16,Donnée validée,10,Expertisée,20,Bonne,7.384986107,48.102530621,QIXnJ
A1610030,A161003001,2013-09-02,6284.0,2026-06-01T04:56:12Z,16,Donnée validée,10,Expertisée,20,Bonne,7.384986107,48.102530621,QIXnJ
A1610030,A161003001,2013-09-03,6486.0,2026-06-01T04:56:12Z,16,Donnée validée,10,Expertisée,20,Bonne,7.384986107,48.102530621,QIXnJ
A1610030,A161003001,2013-09-04,5858.0,2026-06-01T04:56:12Z,16,Donnée validée,10,Expertisée,20,Bonne,7.384986107,48.102530621,QIXnJ
A1610030,A161003001,2013-09-05,5757.0,2026-06-01T04:56:12Z,16,Donnée validée,10,Expertisée,20,Bonne,7.384986107,48.102530621,QIXnJ
A1610030,A161003001,2013-09-06,5690.0,2026-06-01T04:56:12Z,16,Donnée validée,10,Expertisée,20,Bonne,7.384986107,48.102530621,QIXnJ
A1610030,A161003001,2013-09-07,21044.0,2026-06-01T04:56:12Z,16,Donnée validée,10,Expertisée,20,Bonne,7.384986107,48.102530621,QIXnJ
A1610030,A161003001,2013-09-08,22511.0,2026-06-01T04:56:12Z,16,Donnée validée,10,Expertisée,20,Bonne,7.384986107,48.102530621,QIXnJ
A1610030,A161003001,2013-09-09,23698.0,2026-06-01T04:56:12Z,16,Donnée validée,10,Expertisée,20,Bonne,7.384986107,48.102530621,QIXnJ
A1610030,A161003001,2013-09-10,12351.0,2026-06-01T04:56:12Z,16,Donnée validée,10,Expertisée,20,Bonne,7.384986107,48.102530621,QIXnJ
A1610030,A161003001,2013-09-11,9235.0,2026-06-01T04:56:12Z,16,Donnée validée,10,Expertisée,20,Bonne,7.384986107,48.102530621,QIXnJ
A1610030,A161003001,2013-09-12,7945.0,2026-06-01T04:56:12Z,16,Donnée validée,10,Expertisée,20,Bonne,7.384986107,48.102530621,QIXnJ
A1610030,A161003001,2013-09-13,7694.0,2026-06-01T04:56:12Z,16,Donnée validée,10,Expertisée,20,Bonne,7.384986107,48.102530621,QIXnJ
A1610030,A161003001,2013-09-14,7133.0,2026-06-01T04:56:12Z,16,Donnée validée,10,Expertisée,20,Bonne,7.384986107,48.102530621,QIXnJ
A1610030,A161003001,2013-09-15,6471.0,2026-06-01T04:56:12Z,16,Donnée validée,10,Expertisée,20,Bonne,7.384986107,48.102530621,QIXnJ
A1610030,A161003001,2013-09-16,7064.0,2026-06-01T04:56:12Z,16,Donnée validée,10,Expertisée,20,Bonne,7.384986107,48.102530621,QIXnJ
A1610030,A161003001,2013-09-17,9392.0,2026-06-01T04:56:12Z,16,Donnée validée,10,Expertisée,20,Bonne,7.384986107,48.102530621,QIXnJ
A1610030,A161003001,2013-09-18,25792.0,2026-06-01T04:56:12Z,16,Donnée validée,10,Expertisée,20,Bonne,7.384986107,48.102530621,QIXnJ
A1610030,A161003001,2013-09-19,27569.0,2026-06-01T04:56:12Z,16,Donnée validée,10,Expertisée,20,Bonne,7.384986107,48.102530621,QIXnJ
A1610030,A161003001,2013-09-20,18664.0,2026-06-01T04:56:12Z,16,Donnée validée,10,Expertisée,20,Bonne,7.384986107,48.102530621,QIXnJ
A1610030,A161003001,2013-09-21,13556.0,2026-06-01T04:56:12Z,16,Donnée validée,10,Expertisée,20,Bonne,7.384986107,48.102530621,QIXnJ
A1610030,A161003001,2013-09-22,11509.0,2026-06-01T04:56:12Z,16,Donnée validée,10,Expertisée,20,Bonne,7.384986107,48.102530621,QIXnJ
A1610030,A161003001,2013-09-23,9459.0,2026-06-01T04:56:12Z,16,Donnée validée,10,Expertisée,20,Bonne,7.384986107,48.102530621,QIXnJ
A1610030,A161003001,2013-09-24,8692.0,2026-06-01T04:56:12Z,16,Donnée validée,10,Expertisée,20,Bonne,7.384986107,48.102530621,QIXnJ
A1610030,A161003001,2013-09-25,8164.0,2026-06-01T04:56:12Z,16,Donnée validée,10,Expertisée,20,Bonne,7.384986107,48.102530621,QIXnJ
A1610030,A161003001,2013-09-26,7488.0,2026-06-01T04:56:12Z,16,Donnée validée,10,Expertisée,20,Bonne,7.384986107,48.102530621,QIXnJ
A1610030,A161003001,2013-09-27,6865.0,2026-06-01T04:56:12Z,16,Donnée validée,10,Expertisée,20,Bonne,7.384986107,48.102530621,QIXnJ
A1610030,A161003001,2013-09-28,6001.0,2026-06-01T04:56:12Z,16,Donnée validée,10,Expertisée,20,Bonne,7.384986107,48.102530621,QIXnJ
A1610030,A161003001,2013-09-29,5782.0,2026-06-01T04:56:12Z,16,Donnée validée,10,Expertisée,20,Bonne,7.384986107,48.102530621,QIXnJ
A1610030,A161003001,2013-09-30,8820.0,2026-06-01T04:56:12Z,16,Donnée validée,10,Expertisée,20,Bonne,7.384986107,48.102530621,QIXnJ
A1610030,A161003001,2013-10-01,5611.0,2026-06-01T04:56:12Z,16,Donnée validée,10,Expertisée,20,Bonne,7.384986107,48.102530621,QIXnJ
A1610030,A161003001,2013-10-02,5538.0,2026-06-01T04:56:12Z,16,Donnée validée,10,Expertisée,20,Bonne,7.384986107,48.102530621,QIXnJ
A1610030,A161003001,2013-10-03,5383.0,2026-06-01T04:56:12Z,16,Donnée validée,10,Expertisée,20,Bonne,7.384986107,48.102530621,QIXnJ
A1610030,A161003001,2013-10-04,5224.0,2026-06-01T04:56:12Z,16,Donnée validée,10,Expertisée,20,Bonne,7.384986107,48.102530621,QIXnJ
A1610030,A161003001,2013-10-05,24810.0,2026-06-01T04:56:12Z,16,Donnée validée,10,Expertisée,20,Bonne,7.384986107,48.102530621,QIXnJ
A1610030,A161003001,2013-10-06,15038.0,2026-06-01T04:56:12Z,16,Donnée validée,10,Expertisée,20,Bonne,7.384986107,48.102530621,QIXnJ
A1610030,A161003001,2013-10-07,11611.0,2026-06-01T04:56:12Z,16,Donnée validée,10,Expertisée,20,Bonne,7.384986107,48.102530621,QIXnJ
A1610030,A161003001,2013-10-08,8425.0,2026-06-01T04:56:12Z,16,Donnée validée,10,Expertisée,20,Bonne,7.384986107,48.102530621,QIXnJ
A1610030,A161003001,2013-10-09,7459.0,2026-06-01T04:56:12Z,16,Donnée validée,10,Expertisée,20,Bonne,7.384986107,48.102530621,QIXnJ
A1610030,A161003001,2013-10-10,12862.0,2026-06-01T04:56:12Z,16,Donnée validée,10,Expertisée,20,Bonne,7.384986107,48.102530621,QIXnJ
A1610030,A161003001,2013-10-11,17615.0,2026-06-01T04:56:12Z,16,Donnée validée,10,Expertisée,20,Bonne,7.384986107,48.102530621,QIXnJ
A1610030,A161003001,2013-10-12,14095.0,2026-06-01T04:56:12Z,16,Donnée validée,10,Expertisée,20,Bonne,7.384986107,48.102530621,QIXnJ
A1610030,A161003001,2013-10-13,15527.0,2026-06-01T04:56:12Z,16,Donnée validée,10,Expertisée,20,Bonne,7.384986107,48.102530621,QIXnJ
A1610030,A161003001,2013-10-14,18742.0,2026-06-01T04:56:12Z,16,Donnée validée,10,Expertisée,20,Bonne,7.384986107,48.102530621,QIXnJ
A1610030,A161003001,2013-10-15,23611.0,2026-06-01T04:56:12Z,16,Donnée validée,10,Expertisée,20,Bonne,7.384986107,48.102530621,QIXnJ
A1610030,A161003001,2013-10-16,30406.0,2026-06-01T04:56:12Z,16,Donnée validée,10,Expertisée,20,Bonne,7.384986107,48.102530621,QIXnJ
A1610030,A161003001,2013-10-17,29519.0,2026-06-01T04:56:12Z,16,Donnée validée,10,Expertisée,20,Bonne,7.384986107,48.102530621,QIXnJ
A1610030,A161003001,2013-10-18,23635.0,2026-06-01T04:56:12Z,16,Donnée validée,10,Expertisée,20,Bonne,7.384986107,48.102530621,QIXnJ
A1610030,A161003001,2013-10-19,19030.0,2026-06-01T04:56:12Z,16,Donnée validée,10,Expertisée,20,Bonne,7.384986107,48.102530621,QIXnJ
A1610030,A161003001,2013-10-20,25787.0,2026-06-01T04:56:12Z,16,Donnée validée,10,Expertisée,20,Bonne,7.384986107,48.102530621,QIXnJ
A1610030,A161003001,2013-10-21,27608.0,2026-06-01T04:56:12Z,16,Donnée validée,10,Expertisée,20,Bonne,7.384986107,48.102530621,QIXnJ
A1610030,A161003001,2013-10-22,23522.0,2026-06-01T04:56:12Z,16,Donnée validée,10,Expertisée,20,Bonne,7.384986107,48.102530621,QIXnJ
A1610030,A161003001,2013-10-23,25205.0,2026-06-01T04:56:12Z,16,Donnée validée,10,Expertisée,20,Bonne,7.384986107,48.102530621,QIXnJ
A1610030,A161003001,2013-10-24,33071.0,2026-06-01T04:56:12Z,16,Donnée validée,10,Expertisée,20,Bonne,7.384986107,48.102530621,QIXnJ
A1610030,A161003001,2013-10-25,26812.0,2026-06-01T04:56:12Z,16,Donnée validée,10,Expertisée,20,Bonne,7.384986107,48.102530621,QIXnJ
A1610030,A161003001,2013-10-26,21123.0,2026-06-01T04:56:12Z,16,Donnée validée,10,Expertisée,20,Bonne,7.384986107,48.102530621,QIXnJ
A1610030,A161003001,2013-10-27,27258.0,2026-06-01T04:56:12Z,16,Donnée validée,10,Expertisée,20,Bonne,7.384986107,48.102530621,QIXnJ
A1610030,A161003001,2013-10-28,29474.0,2026-06-01T04:56:12Z,16,Donnée validée,10,Expertisée,20,Bonne,7.384986107,48.102530621,QIXnJ
A1610030,A161003001,2013-10-29,31694.0,2026-06-01T04:56:12Z,16,Donnée validée,10,Expertisée,20,Bonne,7.384986107,48.102530621,QIXnJ
A1610030,A161003001,2013-10-30,31445.0,2026-06-01T04:56:12Z,16,Donnée validée,10,Expertisée,20,Bonne,7.384986107,48.102530621,QIXnJ
A1610030,A161003001,2013-10-31,24608.0,2026-06-01T04:56:12Z,16,Donnée validée,10,Expertisée,20,Bonne,7.384986107,48.102530621,QIXnJ
A1610030,A161003001,2013-11-01,21303.0,2026-06-01T04:56:12Z,16,Donnée validée,10,Expertisée,20,Bonne,7.384986107,48.102530621,QIXnJ
A1610030,A161003001,2013-11-02,21471.0,2026-06-01T04:56:12Z,16,Donnée validée,10,Expertisée,20,Bonne,7.384986107,48.102530621,QIXnJ
A1610030,A161003001,2013-11-03,62077.0,2026-06-01T04:56:12Z,16,Donnée validée,10,Expertisée,20,Bonne,7.384986107,48.102530621,QIXnJ
A1610030,A161003001,2013-11-04,66567.0,2026-06-01T04:56:12Z,16,Donnée validée,10,Expertisée,20,Bonne,7.384986107,48.102530621,QIXnJ
A1610030,A161003001,2013-11-05,72283.0,2026-06-01T04:56:12Z,16,Donnée validée,10,Expertisée,20,Bonne,7.384986107,48.102530621,QIXnJ
A1610030,A161003001,2013-11-06,63310.0,2026-06-01T04:56:12Z,16,Donnée validée,10,Expertisée,20,Bonne,7.384986107,48.102530621,QIXnJ
A1610030,A161003001,2013-11-07,65925.0,2026-06-01T04:56:12Z,16,Donnée validée,10,Expertisée,20,Bonne,7.384986107,48.102530621,QIXnJ
A1610030,A161003001,2013-11-08,54553.0,2026-06-01T04:56:12Z,16,Donnée validée,10,Expertisée,20,Bonne,7.384986107,48.102530621,QIXnJ
A1610030,A161003001,2013-11-09,67267.0,2026-06-01T04:56:12Z,16,Donnée validée,10,Expertisée,20,Bonne,7.384986107,48.102530621,QIXnJ
A1610030,A161003001,2013-11-10,96402.0,2026-06-01T04:56:12Z,16,Donnée validée,10,Expertisée,20,Bonne,7.384986107,48.102530621,QIXnJ
A1610030,A161003001,2013-11-11,99880.0,2026-06-01T04:56:12Z,16,Donnée validée,10,Expertisée,20,Bonne,7.384986107,48.102530621,QIXnJ
A1610030,A161003001,2013-11-12,73975.0,2026-06-01T04:56:12Z,16,Donnée validée,10,Expertisée,20,Bonne,7.384986107,48.102530621,QIXnJ
A1610030,A161003001,2013-11-13,49305.0,2026-06-01T04:56:12Z,16,Donnée validée,10,Expertisée,20,Bonne,7.384986107,48.102530621,QIXnJ
A1610030,A161003001,2013-11-14,39781.0,2026-06-01T04:56:12Z,16,Donnée validée,10,Expertisée,20,Bonne,7.384986107,48.102530621,QIXnJ
A1610030,A161003001,2013-11-15,35623.0,2026-06-01T04:56:12Z,16,Donnée validée,10,Expertisée,20,Bonne,7.384986107,48.102530621,QIXnJ
A1610030,A161003001,2013-11-16,31262.0,2026-06-01T04:56:12Z,16,Donnée validée,10,Expertisée,20,Bonne,7.384986107,48.102530621,QIXnJ
A1610030,A161003001,2013-11-17,27497.0,2026-06-01T04:56:12Z,16,Donnée validée,10,Expertisée,20,Bonne,7.384986107,48.102530621,QIXnJ
A1610030,A161003001,2013-11-18,24967.0,2026-06-01T04:56:12Z,16,Donnée validée,10,Expertisée,20,Bonne,7.384986107,48.102530621,QIXnJ
A1610030,A161003001,2013-11-19,25539.0,2026-06-01T04:56:12Z,16,Donnée validée,10,Expertisée,20,Bonne,7.384986107,48.102530621,QIXnJ
A1610030,A161003001,2013-11-20,31176.0,2026-06-01T04:56:12Z,16,Donnée validée,10,Expertisée,20,Bonne,7.384986107,48.102530621,QIXnJ
A1610030,A161003001,2013-11-21,31535.0,2026-06-01T04:56:12Z,16,Donnée validée,10,Expertisée,20,Bonne,7.384986107,48.102530621,QIXnJ
A1610030,A161003001,2013-11-22,40895.0,2026-06-01T04:56:12Z,16,Donnée validée,10,Expertisée,20,Bonne,7.384986107,48.102530621,QIXnJ
A1610030,A161003001,2013-11-23,41450.0,2026-06-01T04:56:12Z,16,Donnée validée,10,Expertisée,20,Bonne,7.384986107,48.102530621,QIXnJ
A1610030,A161003001,2013-11-24,44285.0,2026-06-01T04:56:12Z,16,Donnée validée,10,Expertisée,20,Bonne,7.384986107,48.102530621,QIXnJ
A1610030,A161003001,2013-11-25,40803.0,2026-06-01T04:56:12Z,16,Donnée validée,10,Expertisée,20,Bonne,7.384986107,48.102530621,QIXnJ
A1610030,A161003001,2013-11-26,31130.0,2026-06-01T04:56:12Z,16,Donnée validée,10,Expertisée,20,Bonne,7.384986107,48.102530621,QIXnJ
A1610030,A161003001,2013-11-27,26438.0,2026-06-01T04:56:12Z,16,Donnée validée,10,Expertisée,20,Bonne,7.384986107,48.102530621,QIXnJ
A1610030,A161003001,2013-11-28,23491.0,2026-06-01T04:56:12Z,16,Donnée validée,10,Expertisée,20,Bonne,7.384986107,48.102530621,QIXnJ
A1610030,A161003001,2013-11-29,21560.0,2026-06-01T04:56:12Z,16,Donnée validée,10,Expertisée,20,Bonne,7.384986107,48.102530621,QIXnJ
A1610030,A161003001,2013-11-30,20299.0,2026-06-01T04:56:12Z,16,Donnée validée,10,Expertisée,20,Bonne,7.384986107,48.102530621,QIXnJ
A1610030,A161003001,2013-12-01,20460.0,2026-06-01T04:56:12Z,16,Donnée validée,10,Expertisée,20,Bonne,7.384986107,48.102530621,QIXnJ
A1610030,A161003001,2013-12-02,18767.0,2026-06-01T04:56:12Z,16,Donnée validée,10,Expertisée,20,Bonne,7.384986107,48.102530621,QIXnJ
A1610030,A161003001,2013-12-03,18025.0,2026-06-01T04:56:12Z,16,Donnée validée,10,Expertisée,20,Bonne,7.384986107,48.102530621,QIXnJ
A1610030,A161003001,2013-12-04,17005.0,2026-06-01T04:56:12Z,16,Donnée validée,10,Expertisée,20,Bonne,7.384986107,48.102530621,QIXnJ
A1610030,A161003001,2013-12-05,17292.0,2026-06-01T04:56:12Z,16,Donnée validée,10,Expertisée,20,Bonne,7.384986107,48.102530621,QIXnJ
A1610030,A161003001,2013-12-06,17116.0,2026-06-01T04:56:12Z,16,Donnée validée,10,Expertisée,20,Bonne,7.384986107,48.102530621,QIXnJ
A1610030,A161003001,2013-12-07,17908.0,2026-06-01T04:56:12Z,16,Donnée validée,10,Expertisée,20,Bonne,7.384986107,48.102530621,QIXnJ
A1610030,A161003001,2013-12-08,17292.0,2026-06-01T04:56:12Z,16,Donnée validée,10,Expertisée,20,Bonne,7.384986107,48.102530621,QIXnJ
A1610030,A161003001,2013-12-09,15489.0,2026-06-01T04:56:12Z,16,Donnée validée,10,Expertisée,20,Bonne,7.384986107,48.102530621,QIXnJ
A1610030,A161003001,2013-12-10,14806.0,2026-06-01T04:56:12Z,16,Donnée validée,10,Expertisée,20,Bonne,7.384986107,48.102530621,QIXnJ
A1610030,A161003001,2013-12-11,14331.0,2026-06-01T04:56:12Z,16,Donnée validée,10,Expertisée,20,Bonne,7.384986107,48.102530621,QIXnJ
A1610030,A161003001,2013-12-12,14022.0,2026-06-01T04:56:12Z,16,Donnée validée,10,Expertisée,20,Bonne,7.384986107,48.102530621,QIXnJ
A1610030,A161003001,2013-12-13,15534.0,2026-06-01T04:56:12Z,16,Donnée validée,10,Expertisée,20,Bonne,7.384986107,48.102530621,QIXnJ
A1610030,A161003001,2013-12-14,13702.0,2026-06-01T04:56:12Z,16,Donnée validée,10,Expertisée,20,Bonne,7.384986107,48.102530621,QIXnJ
A1610030,A161003001,2013-12-15,13649.0,2026-06-01T04:56:12Z,16,Donnée validée,10,Expertisée,20,Bonne,7.384986107,48.102530621,QIXnJ
A1610030,A161003001,2013-12-16,13377.0,2026-06-01T04:56:12Z,16,Donnée validée,10,Expertisée,20,Bonne,7.384986107,48.102530621,QIXnJ
A1610030,A161003001,2013-12-17,13392.0,2026-06-01T04:56:12Z,16,Donnée validée,10,Expertisée,20,Bonne,7.384986107,48.102530621,QIXnJ
A1610030,A161003001,2013-12-18,12594.0,2026-06-01T04:56:12Z,16,Donnée validée,10,Expertisée,20,Bonne,7.384986107,48.102530621,QIXnJ
A1610030,A161003001,2013-12-19,14316.0,2026-06-01T04:56:12Z,16,Donnée validée,10,Expertisée,20,Bonne,7.384986107,48.102530621,QIXnJ
A1610030,A161003001,2013-12-20,15506.0,2026-06-01T04:56:12Z,16,Donnée validée,10,Expertisée,20,Bonne,7.384986107,48.102530621,QIXnJ
A1610030,A161003001,2013-12-21,16164.0,2026-06-01T04:56:12Z,16,Donnée validée,10,Expertisée,20,Bonne,7.384986107,48.102530621,QIXnJ
A1610030,A161003001,2013-12-22,15228.0,2026-06-01T04:56:12Z,16,Donnée validée,10,Expertisée,20,Bonne,7.384986107,48.102530621,QIXnJ
A1610030,A161003001,2013-12-23,16671.0,2026-06-01T04:56:12Z,16,Donnée validée,10,Expertisée,20,Bonne,7.384986107,48.102530621,QIXnJ
A1610030,A161003001,2013-12-24,17225.0,2026-06-01T04:56:12Z,16,Donnée validée,10,Expertisée,20,Bonne,7.384986107,48.102530621,QIXnJ
A1610030,A161003001,2013-12-25,60925.0,2026-06-01T04:56:12Z,16,Donnée validée,10,Expertisée,20,Bonne,7.384986107,48.102530621,QIXnJ
A1610030,A161003001,2013-12-26,102732.0,2026-06-01T04:56:12Z,16,Donnée validée,10,Expertisée,20,Bonne,7.384986107,48.102530621,QIXnJ
A1610030,A161003001,2013-12-27,100066.0,2026-06-01T04:56:12Z,16,Donnée validée,10,Expertisée,20,Bonne,7.384986107,48.102530621,QIXnJ
A1610030,A161003001,2013-12-28,78350.0,2026-06-01T04:56:12Z,16,Donnée validée,10,Expertisée,20,Bonne,7.384986107,48.102530621,QIXnJ
A1610030,A161003001,2013-12-29,122525.0,2026-06-01T04:56:12Z,16,Donnée validée,10,Expertisée,20,Bonne,7.384986107,48.102530621,QIXnJ
A1610030,A161003001,2013-12-30,115793.0,2026-06-01T04:56:12Z,16,Donnée validée,10,Expertisée,20,Bonne,7.384986107,48.102530621,QIXnJ
A1610030,A161003001,2013-12-31,63767.0,2026-06-01T04:56:12Z,16,Donnée validée,10,Expertisée,20,Bonne,7.384986107,48.102530621,QIXnJ
A1610030,A161003001,2014-01-01,48118.0,2026-06-01T04:56:12Z,16,Donnée validée,10,Expertisée,20,Bonne,7.384986107,48.102530621,QIXnJ
A1610030,A161003001,2014-01-02,59042.0,2026-06-01T04:56:12Z,16,Donnée validée,10,Expertisée,20,Bonne,7.384986107,48.102530621,QIXnJ
A1610030,A161003001,2014-01-03,61083.0,2026-06-01T04:56:12Z,16,Donnée validée,10,Expertisée,20,Bonne,7.384986107,48.102530621,QIXnJ
A1610030,A161003001,2014-01-04,93804.0,2026-06-01T04:56:12Z,16,Donnée validée,10,Expertisée,20,Bonne,7.384986107,48.102530621,QIXnJ
A1610030,A161003001,2014-01-05,101368.0,2026-06-01T04:56:12Z,16,Donnée validée,10,Expertisée,20,Bonne,7.384986107,48.102530621,QIXnJ
A1610030,A161003001,2014-01-06,84943.0,2026-06-01T04:56:12Z,16,Donnée validée,10,Expertisée,20,Bonne,7.384986107,48.102530621,QIXnJ
A1610030,A161003001,2014-01-07,58580.0,2026-06-01T04:56:12Z,16,Donnée validée,10,Expertisée,20,Bonne,7.384986107,48.102530621,QIXnJ
A1610030,A161003001,2014-01-08,47082.0,2026-06-01T04:56:12Z,16,Donnée validée,10,Expertisée,20,Bonne,7.384986107,48.102530621,QIXnJ
A1610030,A161003001,2014-01-09,40469.0,2026-06-01T04:56:12Z,16,Donnée validée,10,Expertisée,20,Bonne,7.384986107,48.102530621,QIXnJ
A1610030,A161003001,2014-01-10,38309.0,2026-06-01T04:56:12Z,16,Donnée validée,10,Expertisée,20,Bonne,7.384986107,48.102530621,QIXnJ
A1610030,A161003001,2014-01-11,37456.0,2026-06-01T04:56:12Z,16,Donnée validée,10,Expertisée,20,Bonne,7.384986107,48.102530621,QIXnJ
A1610030,A161003001,2014-01-12,32654.0,2026-06-01T04:56:12Z,16,Donnée validée,10,Expertisée,20,Bonne,7.384986107,48.102530621,QIXnJ
A1610030,A161003001,2014-01-13,32746.0,2026-06-01T04:56:12Z,16,Donnée validée,10,Expertisée,20,Bonne,7.384986107,48.102530621,QIXnJ
A1610030,A161003001,2014-01-14,29382.0,2026-06-01T04:56:12Z,16,Donnée validée,10,Expertisée,20,Bonne,7.384986107,48.102530621,QIXnJ
A1610030,A161003001,2014-01-15,28619.0,2026-06-01T04:56:12Z,16,Donnée validée,10,Expertisée,20,Bonne,7.384986107,48.102530621,QIXnJ
A1610030,A161003001,2014-01-16,27543.0,2026-06-01T04:56:12Z,16,Donnée validée,10,Expertisée,20,Bonne,7.384986107,48.102530621,QIXnJ
A1610030,A161003001,2014-01-17,46130.0,2026-06-01T04:56:12Z,16,Donnée validée,10,Expertisée,20,Bonne,7.384986107,48.102530621,QIXnJ
A1610030,A161003001,2014-01-18,40515.0,2026-06-01T04:56:12Z,16,Donnée validée,10,Expertisée,20,Bonne,7.384986107,48.102530621,QIXnJ
A1610030,A161003001,2014-01-19,31195.0,2026-06-01T04:56:12Z,16,Donnée validée,10,Expertisée,20,Bonne,7.384986107,48.102530621,QIXnJ
A1610030,A161003001,2014-01-20,28059.0,2026-06-01T04:56:12Z,16,Donnée validée,10,Expertisée,20,Bonne,7.384986107,48.102530621,QIXnJ
A1610030,A161003001,2014-01-21,26233.0,2026-06-01T04:56:12Z,16,Donnée validée,10,Expertisée,20,Bonne,7.384986107,48.102530621,QIXnJ
A1610030,A161003001,2014-01-22,26197.0,2026-06-01T04:56:12Z,16,Donnée validée,10,Expertisée,20,Bonne,7.384986107,48.102530621,QIXnJ
A1610030,A161003001,2014-01-23,21880.0,2026-06-01T04:56:12Z,16,Donnée validée,10,Expertisée,20,Bonne,7.384986107,48.102530621,QIXnJ
A1610030,A161003001,2014-01-24,26287.0,2026-06-01T04:56:12Z,16,Donnée validée,10,Expertisée,20,Bonne,7.384986107,48.102530621,QIXnJ
A1610030,A161003001,2014-01-25,26067.0,2026-06-01T04:56:12Z,16,Donnée validée,10,Expertisée,20,Bonne,7.384986107,48.102530621,QIXnJ
A1610030,A161003001,2014-01-26,22660.0,2026-06-01T04:56:12Z,16,Donnée validée,10,Expertisée,20,Bonne,7.384986107,48.102530621,QIXnJ
A1610030,A161003001,2014-01-27,33064.0,2026-06-01T04:56:12Z,16,Donnée validée,10,Expertisée,20,Bonne,7.384986107,48.102530621,QIXnJ
A1610030,A161003001,2014-01-28,33105.0,2026-06-01T04:56:12Z,16,Donnée validée,10,Expertisée,20,Bonne,7.384986107,48.102530621,QIXnJ
A1610030,A161003001,2014-01-29,28435.0,2026-06-01T04:56:12Z,16,Donnée validée,10,Expertisée,20,Bonne,7.384986107,48.102530621,QIXnJ
A1610030,A161003001,2014-01-30,25537.0,2026-06-01T04:56:12Z,16,Donnée validée,10,Expertisée,20,Bonne,7.384986107,48.102530621,QIXnJ
A1610030,A161003001,2014-01-31,23055.0,2026-06-01T04:56:12Z,16,Donnée validée,10,Expertisée,20,Bonne,7.384986107,48.102530621,QIXnJ
A1610030,A161003001,2014-02-01,21300.0,2026-06-01T04:56:12Z,16,Donnée validée,10,Expertisée,20,Bonne,7.384986107,48.102530621,QIXnJ
A1610030,A161003001,2014-02-02,21560.0,2026-06-01T04:56:12Z,16,Donnée validée,10,Expertisée,20,Bonne,7.384986107,48.102530621,QIXnJ
A1610030,A161003001,2014-02-03,21824.0,2026-06-01T04:56:12Z,16,Donnée validée,10,Expertisée,20,Bonne,7.384986107,48.102530621,QIXnJ
A1610030,A161003001,2014-02-04,20853.0,2026-06-01T04:56:12Z,16,Donnée validée,10,Expertisée,20,Bonne,7.384986107,48.102530621,QIXnJ
A1610030,A161003001,2014-02-05,34227.0,2026-06-01T04:56:12Z,16,Donnée validée,10,Expertisée,20,Bonne,7.384986107,48.102530621,QIXnJ
A1610030,A161003001,2014-02-06,19976.0,2026-06-01T04:56:12Z,16,Donnée validée,10,Expertisée,20,Bonne,7.384986107,48.102530621,QIXnJ
A1610030,A161003001,2014-02-07,24728.0,2026-06-01T04:56:12Z,16,Donnée validée,10,Expertisée,20,Bonne,7.384986107,48.102530621,QIXnJ
A1610030,A161003001,2014-02-08,32130.0,2026-06-01T04:56:12Z,16,Donnée validée,10,Expertisée,20,Bonne,7.384986107,48.102530621,QIXnJ
A1610030,A161003001,2014-02-09,43025.0,2026-06-01T04:56:12Z,16,Donnée validée,10,Expertisée,20,Bonne,7.384986107,48.102530621,QIXnJ
A1610030,A161003001,2014-02-10,36863.0,2026-06-01T04:56:12Z,16,Donnée validée,10,Expertisée,20,Bonne,7.384986107,48.102530621,QIXnJ
A1610030,A161003001,2014-02-11,34137.0,2026-06-01T04:56:12Z,16,Donnée validée,10,Expertisée,20,Bonne,7.384986107,48.102530621,QIXnJ
A1610030,A161003001,2014-02-12,37815.0,2026-06-01T04:56:12Z,16,Donnée validée,10,Expertisée,20,Bonne,7.384986107,48.102530621,QIXnJ
A1610030,A161003001,2014-02-13,52670.0,2026-06-01T04:56:12Z,16,Donnée validée,10,Expertisée,20,Bonne,7.384986107,48.102530621,QIXnJ
A1610030,A161003001,2014-02-14,86054.0,2026-06-01T04:56:12Z,16,Donnée validée,10,Expertisée,20,Bonne,7.384986107,48.102530621,QIXnJ
A1610030,A161003001,2014-02-15,75083.0,2026-06-01T04:56:12Z,16,Donnée validée,10,Expertisée,20,Bonne,7.384986107,48.102530621,QIXnJ
A1610030,A161003001,2014-02-16,115442.0,2026-06-01T04:56:12Z,16,Donnée validée,10,Expertisée,20,Bonne,7.384986107,48.102530621,QIXnJ
A1610030,A161003001,2014-02-17,112748.0,2026-06-01T04:56:12Z,16,Donnée validée,10,Expertisée,20,Bonne,7.384986107,48.102530621,QIXnJ
A1610030,A161003001,2014-02-18,68876.0,2026-06-01T04:56:12Z,16,Donnée validée,10,Expertisée,20,Bonne,7.384986107,48.102530621,QIXnJ
A1610030,A161003001,2014-02-19,53062.0,2026-06-01T04:56:12Z,16,Donnée validée,10,Expertisée,20,Bonne,7.384986107,48.102530621,QIXnJ
A1610030,A161003001,2014-02-20,43402.0,2026-06-01T04:56:12Z,16,Donnée validée,10,Expertisée,20,Bonne,7.384986107,48.102530621,QIXnJ
A1610030,A161003001,2014-02-21,39548.0,2026-06-01T04:56:12Z,16,Donnée validée,10,Expertisée,20,Bonne,7.384986107,48.102530621,QIXnJ
A1610030,A161003001,2014-02-22,40641.0,2026-06-01T04:56:12Z,16,Donnée validée,10,Expertisée,20,Bonne,7.384986107,48.102530621,QIXnJ
A1610030,A161003001,2014-02-23,35145.0,2026-06-01T04:56:12Z,16,Donnée validée,10,Expertisée,20,Bonne,7.384986107,48.102530621,QIXnJ
A1610030,A161003001,2014-02-24,33030.0,2026-06-01T04:56:12Z,16,Donnée validée,10,Expertisée,20,Bonne,7.384986107,48.102530621,QIXnJ
A1610030,A161003001,2014-02-25,29943.0,2026-06-01T04:56:12Z,16,Donnée validée,10,Expertisée,20,Bonne,7.384986107,48.102530621,QIXnJ
A1610030,A161003001,2014-02-26,30753.0,2026-06-01T04:56:12Z,16,Donnée validée,10,Expertisée,20,Bonne,7.384986107,48.102530621,QIXnJ
A1610030,A161003001,2014-02-27,40955.0,2026-06-01T04:56:12Z,16,Donnée validée,10,Expertisée,20,Bonne,7.384986107,48.102530621,QIXnJ
A1610030,A161003001,2014-02-28,33916.0,2026-06-01T04:56:12Z,16,Donnée validée,10,Expertisée,20,Bonne,7.384986107,48.102530621,QIXnJ
A1610030,A161003001,2014-03-01,35034.0,2026-06-01T04:56:12Z,16,Donnée validée,10,Expertisée,20,Bonne,7.384986107,48.102530621,QIXnJ
A1610030,A161003001,2014-03-02,33401.0,2026-06-01T04:56:12Z,16,Donnée validée,10,Expertisée,20,Bonne,7.384986107,48.102530621,QIXnJ
A1610030,A161003001,2014-03-03,30592.0,2026-06-01T04:56:12Z,16,Donnée validée,10,Expertisée,20,Bonne,7.384986107,48.102530621,QIXnJ
A1610030,A161003001,2014-03-04,30414.0,2026-06-01T04:56:12Z,16,Donnée validée,10,Expertisée,20,Bonne,7.384986107,48.102530621,QIXnJ
A1610030,A161003001,2014-03-05,27243.0,2026-06-01T04:56:12Z,16,Donnée validée,10,Expertisée,20,Bonne,7.384986107,48.102530621,QIXnJ
A1610030,A161003001,2014-03-06,24891.0,2026-06-01T04:56:12Z,16,Donnée validée,10,Expertisée,20,Bonne,7.384986107,48.102530621,QIXnJ
A1610030,A161003001,2014-03-07,23429.0,2026-06-01T04:56:12Z,16,Donnée validée,10,Expertisée,20,Bonne,7.384986107,48.102530621,QIXnJ
A1610030,A161003001,2014-03-08,22225.0,2026-06-01T04:56:12Z,16,Donnée validée,10,Expertisée,20,Bonne,7.384986107,48.102530621,QIXnJ
A1610030,A161003001,2014-03-09,20933.0,2026-06-01T04:56:12Z,16,Donnée validée,10,Expertisée,20,Bonne,7.384986107,48.102530621,QIXnJ
A1610030,A161003001,2014-03-10,19880.0,2026-06-01T04:56:12Z,16,Donnée validée,10,Expertisée,20,Bonne,7.384986107,48.102530621,QIXnJ
A1610030,A161003001,2014-03-11,19294.0,2026-06-01T04:56:12Z,16,Donnée validée,10,Expertisée,20,Bonne,7.384986107,48.102530621,QIXnJ
A1610030,A161003001,2014-03-12,18758.0,2026-06-01T04:56:12Z,16,Donnée validée,10,Expertisée,20,Bonne,7.384986107,48.102530621,QIXnJ
A1610030,A161003001,2014-03-13,18040.0,2026-06-01T04:56:12Z,16,Donnée validée,10,Expertisée,20,Bonne,7.384986107,48.102530621,QIXnJ
A1610030,A161003001,2014-03-14,17880.0,2026-06-01T04:56:12Z,16,Donnée validée,10,Expertisée,20,Bonne,7.384986107,48.102530621,QIXnJ
A1610030,A161003001,2014-03-15,17358.0,2026-06-01T04:56:12Z,16,Donnée validée,10,Expertisée,20,Bonne,7.384986107,48.102530621,QIXnJ
A1610030,A161003001,2014-03-16,16896.0,2026-06-01T04:56:12Z,16,Donnée validée,10,Expertisée,20,Bonne,7.384986107,48.102530621,QIXnJ
A1610030,A161003001,2014-03-17,17290.0,2026-06-01T04:56:12Z,16,Donnée validée,10,Expertisée,20,Bonne,7.384986107,48.102530621,QIXnJ
A1610030,A161003001,2014-03-18,21161.0,2026-06-01T04:56:12Z,16,Donnée validée,10,Expertisée,20,Bonne,7.384986107,48.102530621,QIXnJ
A1610030,A161003001,2014-03-19,16944.0,2026-06-01T04:56:12Z,16,Donnée validée,10,Expertisée,20,Bonne,7.384986107,48.102530621,QIXnJ
A1610030,A161003001,2014-03-20,16127.0,2026-06-01T04:56:12Z,16,Donnée validée,10,Expertisée,20,Bonne,7.384986107,48.102530621,QIXnJ
A1610030,A161003001,2014-03-21,15110.0,2026-06-01T04:56:12Z,16,Donnée validée,10,Expertisée,20,Bonne,7.384986107,48.102530621,QIXnJ
A1610030,A161003001,2014-03-22,16334.0,2026-06-01T04:56:12Z,16,Donnée validée,10,Expertisée,20,Bonne,7.384986107,48.102530621,QIXnJ
A1610030,A161003001,2014-03-23,17037.0,2026-06-01T04:56:12Z,16,Donnée validée,10,Expertisée,20,Bonne,7.384986107,48.102530621,QIXnJ
A1610030,A161003001,2014-03-24,16467.0,2026-06-01T04:56:12Z,16,Donnée validée,10,Expertisée,20,Bonne,7.384986107,48.102530621,QIXnJ
A1610030,A161003001,2014-03-25,15708.0,2026-06-01T04:56:12Z,16,Donnée validée,10,Expertisée,20,Bonne,7.384986107,48.102530621,QIXnJ
A1610030,A161003001,2014-03-26,17604.0,2026-06-01T04:56:12Z,16,Donnée validée,10,Expertisée,20,Bonne,7.384986107,48.102530621,QIXnJ
A1610030,A161003001,2014-03-27,14489.0,2026-06-01T04:56:12Z,16,Donnée validée,10,Expertisée,20,Bonne,7.384986107,48.102530621,QIXnJ
A1610030,A161003001,2014-03-28,13553.0,2026-06-01T04:56:12Z,16,Donnée validée,10,Expertisée,20,Bonne,7.384986107,48.102530621,QIXnJ
A1610030,A161003001,2014-03-29,12956.0,2026-06-01T04:56:12Z,16,Donnée validée,10,Expertisée,20,Bonne,7.384986107,48.102530621,QIXnJ
A1610030,A161003001,2014-03-30,12359.0,2026-06-01T04:56:12Z,16,Donnée validée,10,Expertisée,20,Bonne,7.384986107,48.102530621,QIXnJ
A1610030,A161003001,2014-03-31,12012.0,2026-06-01T04:56:12Z,16,Donnée validée,10,Expertisée,20,Bonne,7.384986107,48.102530621,QIXnJ
A1610030,A161003001,2014-04-01,11777.0,2026-06-01T04:56:12Z,16,Donnée validée,10,Expertisée,20,Bonne,7.384986107,48.102530621,QIXnJ
A1610030,A161003001,2014-04-02,11493.0,2026-06-01T04:56:12Z,16,Donnée validée,10,Expertisée,20,Bonne,7.384986107,48.102530621,QIXnJ
A1610030,A161003001,2014-04-03,11435.0,2026-06-01T04:56:12Z,16,Donnée validée,10,Expertisée,20,Bonne,7.384986107,48.102530621,QIXnJ
A1610030,A161003001,2014-04-04,11439.0,2026-06-01T04:56:12Z,16,Donnée validée,10,Expertisée,20,Bonne,7.384986107,48.102530621,QIXnJ
A1610030,A161003001,2014-04-05,11511.0,2026-06-01T04:56:12Z,16,Donnée validée,10,Expertisée,20,Bonne,7.384986107,48.102530621,QIXnJ
A1610030,A161003001,2014-04-06,11405.0,2026-06-01T04:56:12Z,16,Donnée validée,10,Expertisée,20,Bonne,7.384986107,48.102530621,QIXnJ
A1610030,A161003001,2014-04-07,11219.0,2026-06-01T04:56:12Z,16,Donnée validée,10,Expertisée,20,Bonne,7.384986107,48.102530621,QIXnJ
A1610030,A161003001,2014-04-08,10904.0,2026-06-01T04:56:12Z,16,Donnée validée,10,Expertisée,20,Bonne,7.384986107,48.102530621,QIXnJ
A1610030,A161003001,2014-04-09,10630.0,2026-06-01T04:56:12Z,16,Donnée validée,10,Expertisée,20,Bonne,7.384986107,48.102530621,QIXnJ
A1610030,A161003001,2014-04-10,10147.0,2026-06-01T04:56:12Z,16,Donnée validée,10,Expertisée,20,Bonne,7.384986107,48.102530621,QIXnJ
A1610030,A161003001,2014-04-11,9999.0,2026-06-01T04:56:12Z,16,Donnée validée,10,Expertisée,20,Bonne,7.384986107,48.102530621,QIXnJ
A1610030,A161003001,2014-04-12,9684.0,2026-06-01T04:56:12Z,16,Donnée validée,10,Expertisée,20,Bonne,7.384986107,48.102530621,QIXnJ
A1610030,A161003001,2014-04-13,9149.0,2026-06-01T04:56:12Z,16,Donnée validée,10,Expertisée,20,Bonne,7.384986107,48.102530621,QIXnJ
A1610030,A161003001,2014-04-14,9142.0,2026-06-01T04:56:12Z,16,Donnée validée,10,Expertisée,20,Bonne,7.384986107,48.102530621,QIXnJ
A1610030,A161003001,2014-04-15,8989.0,2026-06-01T04:56:12Z,16,Donnée validée,10,Expertisée,20,Bonne,7.384986107,48.102530621,QIXnJ
A1610030,A161003001,2014-04-16,8740.0,2026-06-01T04:56:12Z,16,Donnée validée,10,Expertisée,20,Bonne,7.384986107,48.102530621,QIXnJ
A1610030,A161003001,2014-04-17,8429.0,2026-06-01T04:56:12Z,16,Donnée validée,10,Expertisée,20,Bonne,7.384986107,48.102530621,QIXnJ
A1610030,A161003001,2014-04-18,8232.0,2026-06-01T04:56:12Z,16,Donnée validée,10,Expertisée,20,Bonne,7.384986107,48.102530621,QIXnJ
A1610030,A161003001,2014-04-19,8522.0,2026-06-01T04:56:12Z,16,Donnée validée,10,Expertisée,20,Bonne,7.384986107,48.102530621,QIXnJ
A1610030,A161003001,2014-04-20,8247.0,2026-06-01T04:56:12Z,16,Donnée validée,10,Expertisée,20,Bonne,7.384986107,48.102530621,QIXnJ
A1610030,A161003001,2014-04-21,9789.0,2026-06-01T04:56:12Z,16,Donnée validée,10,Expertisée,20,Bonne,7.384986107,48.102530621,QIXnJ
A1610030,A161003001,2014-04-22,8545.0,2026-06-01T04:56:12Z,16,Donnée validée,10,Expertisée,20,Bonne,7.384986107,48.102530621,QIXnJ
A1610030,A161003001,2014-04-23,8055.0,2026-06-01T04:56:12Z,16,Donnée validée,10,Expertisée,20,Bonne,7.384986107,48.102530621,QIXnJ
A1610030,A161003001,2014-04-24,9740.0,2026-06-01T04:56:12Z,16,Donnée validée,10,Expertisée,20,Bonne,7.384986107,48.102530621,QIXnJ
A1610030,A161003001,2014-04-25,8027.0,2026-06-01T04:56:12Z,16,Donnée validée,10,Expertisée,20,Bonne,7.384986107,48.102530621,QIXnJ
A1610030,A161003001,2014-04-26,10523.0,2026-06-01T04:56:12Z,16,Donnée validée,10,Expertisée,20,Bonne,7.384986107,48.102530621,QIXnJ
A1610030,A161003001,2014-04-27,10523.0,2026-06-01T04:56:12Z,16,Donnée validée,10,Expertisée,20,Bonne,7.384986107,48.102530621,QIXnJ
A1610030,A161003001,2014-04-28,9484.0,2026-06-01T04:56:12Z,16,Donnée validée,10,Expertisée,20,Bonne,7.384986107,48.102530621,QIXnJ
A1610030,A161003001,2014-04-29,9962.0,2026-06-01T04:56:12Z,16,Donnée validée,10,Expertisée,20,Bonne,7.384986107,48.102530621,QIXnJ
A1610030,A161003001,2014-04-30,9845.0,2026-06-01T04:56:12Z,16,Donnée validée,10,Expertisée,20,Bonne,7.384986107,48.102530621,QIXnJ
A1610030,A161003001,2014-05-01,18436.0,2026-06-01T04:56:12Z,16,Donnée validée,10,Expertisée,20,Bonne,7.384986107,48.102530621,QIXnJ
A1610030,A161003001,2014-05-02,14196.0,2026-06-01T04:56:12Z,16,Donnée validée,10,Expertisée,20,Bonne,7.384986107,48.102530621,QIXnJ
A1610030,A161003001,2014-05-03,12655.0,2026-06-01T04:56:12Z,16,Donnée validée,10,Expertisée,20,Bonne,7.384986107,48.102530621,QIXnJ
A1610030,A161003001,2014-05-04,11241.0,2026-06-01T04:56:12Z,16,Donnée validée,10,Expertisée,20,Bonne,7.384986107,48.102530621,QIXnJ
A1610030,A161003001,2014-05-05,10261.0,2026-06-01T04:56:12Z,16,Donnée validée,10,Expertisée,20,Bonne,7.384986107,48.102530621,QIXnJ
A1610030,A161003001,2014-05-06,9549.0,2026-06-01T04:56:12Z,16,Donnée validée,10,Expertisée,20,Bonne,7.384986107,48.102530621,QIXnJ
A1610030,A161003001,2014-05-07,11407.0,2026-06-01T04:56:12Z,16,Donnée validée,10,Expertisée,20,Bonne,7.384986107,48.102530621,QIXnJ
A1610030,A161003001,2014-05-08,11496.0,2026-06-01T04:56:12Z,16,Donnée validée,10,Expertisée,20,Bonne,7.384986107,48.102530621,QIXnJ
A1610030,A161003001,2014-05-09,10057.0,2026-06-01T04:56:12Z,16,Donnée validée,10,Expertisée,20,Bonne,7.384986107,48.102530621,QIXnJ
A1610030,A161003001,2014-05-10,10217.0,2026-06-01T04:56:12Z,16,Donnée validée,10,Expertisée,20,Bonne,7.384986107,48.102530621,QIXnJ
A1610030,A161003001,2014-05-11,9996.0,2026-06-01T04:56:12Z,16,Donnée validée,10,Expertisée,20,Bonne,7.384986107,48.102530621,QIXnJ
A1610030,A161003001,2014-05-12,12866.0,2026-06-01T04:56:12Z,16,Donnée validée,10,Expertisée,20,Bonne,7.384986107,48.102530621,QIXnJ
A1610030,A161003001,2014-05-13,14400.0,2026-06-01T04:56:12Z,16,Donnée validée,10,Expertisée,20,Bonne,7.384986107,48.102530621,QIXnJ
A1610030,A161003001,2014-05-14,13994.0,2026-06-01T04:56:12Z,16,Donnée validée,10,Expertisée,20,Bonne,7.384986107,48.102530621,QIXnJ
A1610030,A161003001,2014-05-15,14526.0,2026-06-01T04:56:12Z,16,Donnée validée,10,Expertisée,20,Bonne,7.384986107,48.102530621,QIXnJ
A1610030,A161003001,2014-05-16,13001.0,2026-06-01T04:56:12Z,16,Donnée validée,10,Expertisée,20,Bonne,7.384986107,48.102530621,QIXnJ
A1610030,A161003001,2014-05-17,12300.0,2026-06-01T04:56:12Z,16,Donnée validée,10,Expertisée,20,Bonne,7.384986107,48.102530621,QIXnJ
A1610030,A161003001,2014-05-18,11396.0,2026-06-01T04:56:12Z,16,Donnée validée,10,Expertisée,20,Bonne,7.384986107,48.102530621,QIXnJ
A1610030,A161003001,2014-05-19,10700.0,2026-06-01T04:56:12Z,16,Donnée validée,10,Expertisée,20,Bonne,7.384986107,48.102530621,QIXnJ
A1610030,A161003001,2014-05-20,9720.0,2026-06-01T04:56:12Z,16,Donnée validée,10,Expertisée,20,Bonne,7.384986107,48.102530621,QIXnJ
A1610030,A161003001,2014-05-21,8734.0,2026-06-01T04:56:12Z,16,Donnée validée,10,Expertisée,20,Bonne,7.384986107,48.102530621,QIXnJ
A1610030,A161003001,2014-05-22,8263.0,2026-06-01T04:56:12Z,16,Donnée validée,10,Expertisée,20,Bonne,7.384986107,48.102530621,QIXnJ
A1610030,A161003001,2014-05-23,16144.0,2026-06-01T04:56:12Z,16,Donnée validée,10,Expertisée,20,Bonne,7.384986107,48.102530621,QIXnJ
A1610030,A161003001,2014-05-24,15006.0,2026-06-01T04:56:12Z,16,Donnée validée,10,Expertisée,20,Bonne,7.384986107,48.102530621,QIXnJ
A1610030,A161003001,2014-05-25,11220.0,2026-06-01T04:56:12Z,16,Donnée validée,10,Expertisée,20,Bonne,7.384986107,48.102530621,QIXnJ
A1610030,A161003001,2014-05-26,13353.0,2026-06-01T04:56:12Z,16,Donnée validée,10,Expertisée,20,Bonne,7.384986107,48.102530621,QIXnJ
A1610030,A161003001,2014-05-27,14270.0,2026-06-01T04:56:12Z,16,Donnée validée,10,Expertisée,20,Bonne,7.384986107,48.102530621,QIXnJ
A1610030,A161003001,2014-05-28,10318.0,2026-06-01T04:56:12Z,16,Donnée validée,10,Expertisée,20,Bonne,7.384986107,48.102530621,QIXnJ
A1610030,A161003001,2014-05-29,9218.0,2026-06-01T04:56:12Z,16,Donnée validée,10,Expertisée,20,Bonne,7.384986107,48.102530621,QIXnJ
A1610030,A161003001,2014-05-30,8550.0,2026-06-01T04:56:12Z,16,Donnée validée,10,Expertisée,20,Bonne,7.384986107,48.102530621,QIXnJ
A1610030,A161003001,2014-05-31,8198.0,2026-06-01T04:56:12Z,16,Donnée validée,10,Expertisée,20,Bonne,7.384986107,48.102530621,QIXnJ
A1610030,A161003001,2014-06-01,7858.0,2026-06-01T04:56:12Z,16,Donnée validée,10,Expertisée,20,Bonne,7.384986107,48.102530621,QIXnJ
A1610030,A161003001,2014-06-02,7572.0,2026-06-01T04:56:12Z,16,Donnée validée,10,Expertisée,20,Bonne,7.384986107,48.102530621,QIXnJ
A1610030,A161003001,2014-06-03,7517.0,2026-06-01T04:56:12Z,16,Donnée validée,10,Expertisée,20,Bonne,7.384986107,48.102530621,QIXnJ
A1610030,A161003001,2014-06-04,7718.0,2026-06-01T04:56:12Z,16,Donnée validée,10,Expertisée,20,Bonne,7.384986107,48.102530621,QIXnJ
A1610030,A161003001,2014-06-05,9028.0,2026-06-01T04:56:12Z,16,Donnée validée,10,Expertisée,20,Bonne,7.384986107,48.102530621,QIXnJ
A1610030,A161003001,2014-06-06,8315.0,2026-06-01T04:56:12Z,16,Donnée validée,10,Expertisée,20,Bonne,7.384986107,48.102530621,QIXnJ
A1610030,A161003001,2014-06-07,7518.0,2026-06-01T04:56:12Z,16,Donnée validée,10,Expertisée,20,Bonne,7.384986107,48.102530621,QIXnJ
A1610030,A161003001,2014-06-08,6972.0,2026-06-01T04:56:12Z,16,Donnée validée,10,Expertisée,20,Bonne,7.384986107,48.102530621,QIXnJ
A1610030,A161003001,2014-06-09,6608.0,2026-06-01T04:56:12Z,16,Donnée validée,10,Expertisée,20,Bonne,7.384986107,48.102530621,QIXnJ
A1610030,A161003001,2014-06-10,5879.0,2026-06-01T04:56:12Z,16,Donnée validée,10,Expertisée,20,Bonne,7.384986107,48.102530621,QIXnJ
A1610030,A161003001,2014-06-11,5908.0,2026-06-01T04:56:12Z,16,Donnée validée,10,Expertisée,20,Bonne,7.384986107,48.102530621,QIXnJ
A1610030,A161003001,2014-06-12,6515.0,2026-06-01T04:56:12Z,16,Donnée validée,10,Expertisée,20,Bonne,7.384986107,48.102530621,QIXnJ
A1610030,A161003001,2014-06-13,5965.0,2026-06-01T04:56:12Z,16,Donnée validée,10,Expertisée,20,Bonne,7.384986107,48.102530621,QIXnJ
A1610030,A161003001,2014-06-14,5777.0,2026-06-01T04:56:12Z,16,Donnée validée,10,Expertisée,20,Bonne,7.384986107,48.102530621,QIXnJ
A1610030,A161003001,2014-06-15,5373.0,2026-06-01T04:56:12Z,16,Donnée validée,10,Expertisée,20,Bonne,7.384986107,48.102530621,QIXnJ
A1610030,A161003001,2014-06-16,5131.0,2026-06-01T04:56:12Z,16,Donnée validée,10,Expertisée,20,Bonne,7.384986107,48.102530621,QIXnJ
A1610030,A161003001,2014-06-17,4903.0,2026-06-01T04:56:12Z,16,Donnée validée,10,Expertisée,20,Bonne,7.384986107,48.102530621,QIXnJ
A1610030,A161003001,2014-06-18,4997.0,2026-06-01T04:56:12Z,16,Donnée validée,10,Expertisée,20,Bonne,7.384986107,48.102530621,QIXnJ
A1610030,A161003001,2014-06-19,4825.0,2026-06-01T04:56:12Z,16,Donnée validée,10,Expertisée,20,Bonne,7.384986107,48.102530621,QIXnJ
A1610030,A161003001,2014-06-20,4435.0,2026-06-01T04:56:12Z,16,Donnée validée,10,Expertisée,20,Bonne,7.384986107,48.102530621,QIXnJ
A1610030,A161003001,2014-06-21,3912.0,2026-06-01T04:56:12Z,16,Donnée validée,10,Expertisée,20,Bonne,7.384986107,48.102530621,QIXnJ
A1610030,A161003001,2014-06-22,4477.0,2026-06-01T04:56:12Z,16,Donnée validée,10,Expertisée,20,Bonne,7.384986107,48.102530621,QIXnJ
A1610030,A161003001,2014-06-23,4850.0,2026-06-01T04:56:12Z,16,Donnée validée,10,Expertisée,20,Bonne,7.384986107,48.102530621,QIXnJ
A1610030,A161003001,2014-06-24,4638.0,2026-06-01T04:56:12Z,16,Donnée validée,10,Expertisée,20,Bonne,7.384986107,48.102530621,QIXnJ
A1610030,A161003001,2014-06-25,5371.0,2026-06-01T04:56:12Z,16,Donnée validée,10,Expertisée,20,Bonne,7.384986107,48.102530621,QIXnJ
A1610030,A161003001,2014-06-26,4893.0,2026-06-01T04:56:12Z,16,Donnée validée,10,Expertisée,20,Bonne,7.384986107,48.102530621,QIXnJ
A1610030,A161003001,2014-06-27,4839.0,2026-06-01T04:56:12Z,16,Donnée validée,10,Expertisée,20,Bonne,7.384986107,48.102530621,QIXnJ
A1610030,A161003001,2014-06-28,4701.0,2026-06-01T04:56:12Z,16,Donnée validée,10,Expertisée,20,Bonne,7.384986107,48.102530621,QIXnJ
A1610030,A161003001,2014-06-29,9013.0,2026-06-01T04:56:12Z,16,Donnée validée,10,Expertisée,20,Bonne,7.384986107,48.102530621,QIXnJ
A1610030,A161003001,2014-06-30,8954.0,2026-06-01T04:56:12Z,16,Donnée validée,10,Expertisée,20,Bonne,7.384986107,48.102530621,QIXnJ
A1610030,A161003001,2014-07-01,7041.0,2026-06-01T04:56:12Z,16,Donnée validée,10,Expertisée,20,Bonne,7.384986107,48.102530621,QIXnJ
A1610030,A161003001,2014-07-02,5173.0,2026-06-01T04:56:12Z,16,Donnée validée,10,Expertisée,20,Bonne,7.384986107,48.102530621,QIXnJ
A1610030,A161003001,2014-07-03,4499.0,2026-06-01T04:56:12Z,16,Donnée validée,10,Expertisée,20,Bonne,7.384986107,48.102530621,QIXnJ
A1610030,A161003001,2014-07-04,4081.0,2026-06-01T04:56:12Z,16,Donnée validée,10,Expertisée,20,Bonne,7.384986107,48.102530621,QIXnJ
A1610030,A161003001,2014-07-05,6265.0,2026-06-01T04:56:12Z,16,Donnée validée,10,Expertisée,20,Bonne,7.384986107,48.102530621,QIXnJ
A1610030,A161003001,2014-07-06,9797.0,2026-06-01T04:56:12Z,16,Donnée validée,10,Expertisée,20,Bonne,7.384986107,48.102530621,QIXnJ
A1610030,A161003001,2014-07-07,16840.0,2026-06-01T04:56:12Z,16,Donnée validée,10,Expertisée,20,Bonne,7.384986107,48.102530621,QIXnJ
A1610030,A161003001,2014-07-08,10308.0,2026-06-01T04:56:12Z,16,Donnée validée,10,Expertisée,20,Bonne,7.384986107,48.102530621,QIXnJ
A1610030,A161003001,2014-07-09,8549.0,2026-06-01T04:56:12Z,16,Donnée validée,10,Expertisée,20,Bonne,7.384986107,48.102530621,QIXnJ
A1610030,A161003001,2014-07-10,10499.0,2026-06-01T04:56:12Z,16,Donnée validée,10,Expertisée,20,Bonne,7.384986107,48.102530621,QIXnJ
A1610030,A161003001,2014-07-11,25258.0,2026-06-01T04:56:12Z,16,Donnée validée,10,Expertisée,20,Bonne,7.384986107,48.102530621,QIXnJ
A1610030,A161003001,2014-07-12,24268.0,2026-06-01T04:56:12Z,16,Donnée validée,10,Expertisée,20,Bonne,7.384986107,48.102530621,QIXnJ
A1610030,A161003001,2014-07-13,16240.0,2026-06-01T04:56:12Z,16,Donnée validée,10,Expertisée,20,Bonne,7.384986107,48.102530621,QIXnJ
A1610030,A161003001,2014-07-14,19704.0,2026-06-01T04:56:12Z,16,Donnée validée,10,Expertisée,20,Bonne,7.384986107,48.102530621,QIXnJ
A1610030,A161003001,2014-07-15,12460.0,2026-06-01T04:56:12Z,16,Donnée validée,10,Expertisée,20,Bonne,7.384986107,48.102530621,QIXnJ
A1610030,A161003001,2014-07-16,9870.0,2026-06-01T04:56:12Z,16,Donnée validée,10,Expertisée,20,Bonne,7.384986107,48.102530621,QIXnJ
A1610030,A161003001,2014-07-17,7584.0,2026-06-01T04:56:12Z,16,Donnée validée,10,Expertisée,20,Bonne,7.384986107,48.102530621,QIXnJ
A1610030,A161003001,2014-07-18,6038.0,2026-06-01T04:56:12Z,16,Donnée validée,10,Expertisée,20,Bonne,7.384986107,48.102530621,QIXnJ
A1610030,A161003001,2014-07-19,5582.0,2026-06-01T04:56:12Z,16,Donnée validée,10,Expertisée,20,Bonne,7.384986107,48.102530621,QIXnJ
A1610030,A161003001,2014-07-20,17912.0,2026-06-01T04:56:12Z,16,Donnée validée,10,Expertisée,20,Bonne,7.384986107,48.102530621,QIXnJ
A1610030,A161003001,2014-07-21,14400.0,2026-06-01T04:56:12Z,16,Donnée validée,10,Expertisée,20,Bonne,7.384986107,48.102530621,QIXnJ
A1610030,A161003001,2014-07-22,23555.0,2026-06-01T04:56:12Z,16,Donnée validée,10,Expertisée,20,Bonne,7.384986107,48.102530621,QIXnJ
A1610030,A161003001,2014-07-23,28036.0,2026-06-01T04:56:12Z,16,Donnée validée,10,Expertisée,20,Bonne,7.384986107,48.102530621,QIXnJ
A1610030,A161003001,2014-07-24,20508.0,2026-06-01T04:56:12Z,16,Donnée validée,10,Expertisée,20,Bonne,7.384986107,48.102530621,QIXnJ
A1610030,A161003001,2014-07-25,11439.0,2026-06-01T04:56:12Z,16,Donnée validée,10,Expertisée,20,Bonne,7.384986107,48.102530621,QIXnJ
A1610030,A161003001,2014-07-26,25037.0,2026-06-01T04:56:12Z,16,Donnée validée,10,Expertisée,20,Bonne,7.384986107,48.102530621,QIXnJ
A1610030,A161003001,2014-07-27,17622.0,2026-06-01T04:56:12Z,16,Donnée validée,10,Expertisée,20,Bonne,7.384986107,48.102530621,QIXnJ
A1610030,A161003001,2014-07-28,14932.0,2026-06-01T04:56:12Z,16,Donnée validée,10,Expertisée,20,Bonne,7.384986107,48.102530621,QIXnJ
A1610030,A161003001,2014-07-29,23364.0,2026-06-01T04:56:12Z,16,Donnée validée,10,Expertisée,20,Bonne,7.384986107,48.102530621,QIXnJ
A1610030,A161003001,2014-07-30,29744.0,2026-06-01T04:56:12Z,16,Donnée validée,10,Expertisée,20,Bonne,7.384986107,48.102530621,QIXnJ
A1610030,A161003001,2014-07-31,30203.0,2026-06-01T04:56:12Z,16,Donnée validée,10,Expertisée,20,Bonne,7.384986107,48.102530621,QIXnJ
A1610030,A161003001,2014-08-01,21671.0,2026-06-01T04:56:12Z,16,Donnée validée,10,Expertisée,20,Bonne,7.384986107,48.102530621,QIXnJ
A1610030,A161003001,2014-08-02,15852.0,2026-06-01T04:56:12Z,16,Donnée validée,10,Expertisée,20,Bonne,7.384986107,48.102530621,QIXnJ
A1610030,A161003001,2014-08-03,13075.0,2026-06-01T04:56:12Z,16,Donnée validée,10,Expertisée,20,Bonne,7.384986107,48.102530621,QIXnJ
A1610030,A161003001,2014-08-04,20265.0,2026-06-01T04:56:12Z,16,Donnée validée,10,Expertisée,20,Bonne,7.384986107,48.102530621,QIXnJ
A1610030,A161003001,2014-08-05,13502.0,2026-06-01T04:56:12Z,16,Donnée validée,10,Expertisée,20,Bonne,7.384986107,48.102530621,QIXnJ
A1610030,A161003001,2014-08-06,10968.0,2026-06-01T04:56:12Z,16,Donnée validée,10,Expertisée,20,Bonne,7.384986107,48.102530621,QIXnJ
A1610030,A161003001,2014-08-07,18952.0,2026-06-01T04:56:12Z,16,Donnée validée,10,Expertisée,20,Bonne,7.384986107,48.102530621,QIXnJ
A1610030,A161003001,2014-08-08,19811.0,2026-06-01T04:56:12Z,16,Donnée validée,10,Expertisée,20,Bonne,7.384986107,48.102530621,QIXnJ
A1610030,A161003001,2014-08-09,15385.0,2026-06-01T04:56:12Z,16,Donnée validée,10,Expertisée,20,Bonne,7.384986107,48.102530621,QIXnJ
A1610030,A161003001,2014-08-10,16368.0,2026-06-01T04:56:12Z,16,Donnée validée,10,Expertisée,20,Bonne,7.384986107,48.102530621,QIXnJ
A1610030,A161003001,2014-08-11,20572.0,2026-06-01T04:56:12Z,16,Donnée validée,10,Expertisée,20,Bonne,7.384986107,48.102530621,QIXnJ
A1610030,A161003001,2014-08-12,21633.0,2026-06-01T04:56:12Z,16,Donnée validée,10,Expertisée,20,Bonne,7.384986107,48.102530621,QIXnJ
A1610030,A161003001,2014-08-13,24251.0,2026-06-01T04:56:12Z,16,Donnée validée,10,Expertisée,20,Bonne,7.384986107,48.102530621,QIXnJ
A1610030,A161003001,2014-08-14,23475.0,2026-06-01T04:56:12Z,16,Donnée validée,10,Expertisée,20,Bonne,7.384986107,48.102530621,QIXnJ
A1610030,A161003001,2014-08-15,18943.0,2026-06-01T04:56:12Z,16,Donnée validée,10,Expertisée,20,Bonne,7.384986107,48.102530621,QIXnJ
A1610030,A161003001,2014-08-16,22557.0,2026-06-01T04:56:12Z,16,Donnée validée,10,Expertisée,20,Bonne,7.384986107,48.102530621,QIXnJ
A1610030,A161003001,2014-08-17,21140.0,2026-06-01T04:56:12Z,16,Donnée validée,10,Expertisée,20,Bonne,7.384986107,48.102530621,QIXnJ
A1610030,A161003001,2014-08-18,15517.0,2026-06-01T04:56:12Z,16,Donnée validée,10,Expertisée,20,Bonne,7.384986107,48.102530621,QIXnJ
A1610030,A161003001,2014-08-19,13732.0,2026-06-01T04:56:12Z,16,Donnée validée,10,Expertisée,20,Bonne,7.384986107,48.102530621,QIXnJ
A1610030,A161003001,2014-08-20,11742.0,2026-06-01T04:56:12Z,16,Donnée validée,10,Expertisée,20,Bonne,7.384986107,48.102530621,QIXnJ
A1610030,A161003001,2014-08-21,10424.0,2026-06-01T04:56:12Z,16,Donnée validée,10,Expertisée,20,Bonne,7.384986107,48.102530621,QIXnJ
A1610030,A161003001,2014-08-22,11028.0,2026-06-01T04:56:12Z,16,Donnée validée,10,Expertisée,20,Bonne,7.384986107,48.102530621,QIXnJ
A1610030,A161003001,2014-08-23,9673.0,2026-06-01T04:56:12Z,16,Donnée validée,10,Expertisée,20,Bonne,7.384986107,48.102530621,QIXnJ
A1610030,A161003001,2014-08-24,9032.0,2026-06-01T04:56:12Z,16,Donnée validée,10,Expertisée,20,Bonne,7.384986107,48.102530621,QIXnJ
A1610030,A161003001,2014-08-25,8928.0,2026-06-01T04:56:12Z,16,Donnée validée,10,Expertisée,20,Bonne,7.384986107,48.102530621,QIXnJ
A1610030,A161003001,2014-08-26,10408.0,2026-06-01T04:56:12Z,16,Donnée validée,10,Expertisée,20,Bonne,7.384986107,48.102530621,QIXnJ
A1610030,A161003001,2014-08-27,13031.0,2026-06-01T04:56:12Z,16,Donnée validée,10,Expertisée,20,Bonne,7.384986107,48.102530621,QIXnJ
A1610030,A161003001,2014-08-28,12401.0,2026-06-01T04:56:12Z,16,Donnée validée,10,Expertisée,20,Bonne,7.384986107,48.102530621,QIXnJ
A1610030,A161003001,2014-08-29,11374.0,2026-06-01T04:56:12Z,16,Donnée validée,10,Expertisée,20,Bonne,7.384986107,48.102530621,QIXnJ
A1610030,A161003001,2014-08-30,10499.0,2026-06-01T04:56:12Z,16,Donnée validée,10,Expertisée,20,Bonne,7.384986107,48.102530621,QIXnJ
A1610030,A161003001,2014-08-31,10067.0,2026-06-01T04:56:12Z,16,Donnée validée,10,Expertisée,20,Bonne,7.384986107,48.102530621,QIXnJ
A1610030,A161003001,2014-09-01,9268.0,2026-06-01T04:56:12Z,16,Donnée validée,10,Expertisée,20,Bonne,7.384986107,48.102530621,QIXnJ
A1610030,A161003001,2014-09-02,9241.0,2026-06-01T04:56:12Z,16,Donnée validée,10,Expertisée,20,Bonne,7.384986107,48.102530621,QIXnJ
A1610030,A161003001,2014-09-03,8901.0,2026-06-01T04:56:12Z,16,Donnée validée,10,Expertisée,20,Bonne,7.384986107,48.102530621,QIXnJ
A1610030,A161003001,2014-09-04,8096.0,2026-06-01T04:56:12Z,16,Donnée validée,10,Expertisée,20,Bonne,7.384986107,48.102530621,QIXnJ
A1610030,A161003001,2014-09-05,8642.0,2026-06-01T04:56:12Z,16,Donnée validée,10,Expertisée,20,Bonne,7.384986107,48.102530621,QIXnJ
A1610030,A161003001,2014-09-06,7769.0,2026-06-01T04:56:12Z,16,Donnée validée,10,Expertisée,20,Bonne,7.384986107,48.102530621,QIXnJ
A1610030,A161003001,2014-09-07,7678.0,2026-06-01T04:56:12Z,16,Donnée validée,10,Expertisée,20,Bonne,7.384986107,48.102530621,QIXnJ
A1610030,A161003001,2014-09-08,7193.0,2026-06-01T04:56:12Z,16,Donnée validée,10,Expertisée,20,Bonne,7.384986107,48.102530621,QIXnJ
A1610030,A161003001,2014-09-09,7482.0,2026-06-01T04:56:12Z,16,Donnée validée,10,Expertisée,20,Bonne,7.384986107,48.102530621,QIXnJ
A1610030,A161003001,2014-09-10,7682.0,2026-06-01T04:56:12Z,16,Donnée validée,10,Expertisée,20,Bonne,7.384986107,48.102530621,QIXnJ
A1610030,A161003001,2014-09-11,7253.0,2026-06-01T04:56:12Z,16,Donnée validée,10,Expertisée,20,Bonne,7.384986107,48.102530621,QIXnJ
A1610030,A161003001,2014-09-12,6897.0,2026-06-01T04:56:12Z,16,Donnée validée,10,Expertisée,20,Bonne,7.384986107,48.102530621,QIXnJ
A1610030,A161003001,2014-09-13,7524.0,2026-06-01T04:56:12Z,16,Donnée validée,10,Expertisée,20,Bonne,7.384986107,48.102530621,QIXnJ
A1610030,A161003001,2014-09-14,7927.0,2026-06-01T04:56:12Z,16,Donnée validée,10,Expertisée,20,Bonne,7.384986107,48.102530621,QIXnJ
A1610030,A161003001,2014-09-15,7700.0,2026-06-01T04:56:12Z,16,Donnée validée,10,Expertisée,20,Bonne,7.384986107,48.102530621,QIXnJ
A1610030,A161003001,2014-09-16,7696.0,2026-06-01T04:56:12Z,16,Donnée validée,10,Expertisée,20,Bonne,7.384986107,48.102530621,QIXnJ
A1610030,A161003001,2014-09-17,7756.0,2026-06-01T04:56:12Z,16,Donnée validée,10,Expertisée,20,Bonne,7.384986107,48.102530621,QIXnJ
A1610030,A161003001,2014-09-18,7347.0,2026-06-01T04:56:12Z,16,Donnée validée,10,Expertisée,20,Bonne,7.384986107,48.102530621,QIXnJ
A1610030,A161003001,2014-09-19,8081.0,2026-06-01T04:56:12Z,16,Donnée validée,10,Expertisée,20,Bonne,7.384986107,48.102530621,QIXnJ
A1610030,A161003001,2014-09-20,9833.0,2026-06-01T04:56:12Z,16,Donnée validée,10,Expertisée,20,Bonne,7.384986107,48.102530621,QIXnJ
A1610030,A161003001,2014-09-21,9398.0,2026-06-01T04:56:12Z,16,Donnée validée,10,Expertisée,20,Bonne,7.384986107,48.102530621,QIXnJ
A1610030,A161003001,2014-09-22,9946.0,2026-06-01T04:56:12Z,16,Donnée validée,10,Expertisée,20,Bonne,7.384986107,48.102530621,QIXnJ
A1610030,A161003001,2014-09-23,9899.0,2026-06-01T04:56:12Z,16,Donnée validée,10,Expertisée,20,Bonne,7.384986107,48.102530621,QIXnJ
A1610030,A161003001,2014-09-24,8335.0,2026-06-01T04:56:12Z,16,Donnée validée,10,Expertisée,20,Bonne,7.384986107,48.102530621,QIXnJ
A1610030,A161003001,2014-09-25,8034.0,2026-06-01T04:56:12Z,16,Donnée validée,10,Expertisée,20,Bonne,7.384986107,48.102530621,QIXnJ
A1610030,A161003001,2014-09-26,7829.0,2026-06-01T04:56:12Z,16,Donnée validée,10,Expertisée,20,Bonne,7.384986107,48.102530621,QIXnJ
A1610030,A161003001,2014-09-27,7475.0,2026-06-01T04:56:12Z,16,Donnée validée,10,Expertisée,20,Bonne,7.384986107,48.102530621,QIXnJ
A1610030,A161003001,2014-09-28,7058.0,2026-06-01T04:56:12Z,16,Donnée validée,10,Expertisée,20,Bonne,7.384986107,48.102530621,QIXnJ
A1610030,A161003001,2014-09-29,6932.0,2026-06-01T04:56:12Z,16,Donnée validée,10,Expertisée,20,Bonne,7.384986107,48.102530621,QIXnJ
A1610030,A161003001,2014-09-30,6870.0,2026-06-01T04:56:12Z,16,Donnée validée,10,Expertisée,20,Bonne,7.384986107,48.102530621,QIXnJ
A1610030,A161003001,2014-10-01,8429.0,2026-06-01T04:56:12Z,16,Donnée validée,10,Expertisée,20,Bonne,7.384986107,48.102530621,QIXnJ
A1610030,A161003001,2014-10-02,6802.0,2026-06-01T04:56:12Z,16,Donnée validée,10,Expertisée,20,Bonne,7.384986107,48.102530621,QIXnJ
A1610030,A161003001,2014-10-03,6115.0,2026-06-01T04:56:12Z,16,Donnée validée,10,Expertisée,20,Bonne,7.384986107,48.102530621,QIXnJ
A1610030,A161003001,2014-10-04,6057.0,2026-06-01T04:56:12Z,16,Donnée validée,10,Expertisée,20,Bonne,7.384986107,48.102530621,QIXnJ
A1610030,A161003001,2014-10-05,6792.0,2026-06-01T04:56:12Z,16,Donnée validée,10,Expertisée,20,Bonne,7.384986107,48.102530621,QIXnJ
A1610030,A161003001,2014-10-06,8825.0,2026-06-01T04:56:12Z,16,Donnée validée,10,Expertisée,20,Bonne,7.384986107,48.102530621,QIXnJ
A1610030,A161003001,2014-10-07,7816.0,2026-06-01T04:56:12Z,16,Donnée validée,10,Expertisée,20,Bonne,7.384986107,48.102530621,QIXnJ
A1610030,A161003001,2014-10-08,10188.0,2026-06-01T04:56:12Z,16,Donnée validée,10,Expertisée,20,Bonne,7.384986107,48.102530621,QIXnJ
A1610030,A161003001,2014-10-09,9004.0,2026-06-01T04:56:12Z,16,Donnée validée,10,Expertisée,20,Bonne,7.384986107,48.102530621,QIXnJ
A1610030,A161003001,2014-10-10,8982.0,2026-06-01T04:56:12Z,16,Donnée validée,10,Expertisée,20,Bonne,7.384986107,48.102530621,QIXnJ
A1610030,A161003001,2014-10-11,10326.0,2026-06-01T04:56:12Z,16,Donnée validée,10,Expertisée,20,Bonne,7.384986107,48.102530621,QIXnJ
A1610030,A161003001,2014-10-12,10284.0,2026-06-01T04:56:12Z,16,Donnée validée,10,Expertisée,20,Bonne,7.384986107,48.102530621,QIXnJ
A1610030,A161003001,2014-10-13,12510.0,2026-06-01T04:56:12Z,16,Donnée validée,10,Expertisée,20,Bonne,7.384986107,48.102530621,QIXnJ
A1610030,A161003001,2014-10-14,12804.0,2026-06-01T04:56:12Z,16,Donnée validée,10,Expertisée,20,Bonne,7.384986107,48.102530621,QIXnJ
A1610030,A161003001,2014-10-15,10782.0,2026-06-01T04:56:12Z,16,Donnée validée,10,Expertisée,20,Bonne,7.384986107,48.102530621,QIXnJ
A1610030,A161003001,2014-10-16,13560.0,2026-06-01T04:56:12Z,16,Donnée validée,10,Expertisée,20,Bonne,7.384986107,48.102530621,QIXnJ
A1610030,A161003001,2014-10-17,29696.0,2026-06-01T04:56:12Z,16,Donnée validée,10,Expertisée,20,Bonne,7.384986107,48.102530621,QIXnJ
A1610030,A161003001,2014-10-18,29427.0,2026-06-01T04:56:12Z,16,Donnée validée,10,Expertisée,20,Bonne,7.384986107,48.102530621,QIXnJ
A1610030,A161003001,2014-10-19,19233.0,2026-06-01T04:56:12Z,16,Donnée validée,10,Expertisée,20,Bonne,7.384986107,48.102530621,QIXnJ
A1610030,A161003001,2014-10-20,15282.0,2026-06-01T04:56:12Z,16,Donnée validée,10,Expertisée,20,Bonne,7.384986107,48.102530621,QIXnJ
A1610030,A161003001,2014-10-21,19255.0,2026-06-01T04:56:12Z,16,Donnée validée,10,Expertisée,20,Bonne,7.384986107,48.102530621,QIXnJ
A1610030,A161003001,2014-10-22,30653.0,2026-06-01T04:56:12Z,16,Donnée validée,10,Expertisée,20,Bonne,7.384986107,48.102530621,QIXnJ
A1610030,A161003001,2014-10-23,29425.0,2026-06-01T04:56:12Z,16,Donnée validée,10,Expertisée,20,Bonne,7.384986107,48.102530621,QIXnJ
A1610030,A161003001,2014-10-24,22407.0,2026-06-01T04:56:12Z,16,Donnée validée,10,Expertisée,20,Bonne,7.384986107,48.102530621,QIXnJ
A1610030,A161003001,2014-10-25,18866.0,2026-06-01T04:56:12Z,16,Donnée validée,10,Expertisée,20,Bonne,7.384986107,48.102530621,QIXnJ
A1610030,A161003001,2014-10-26,16693.0,2026-06-01T04:56:12Z,16,Donnée validée,10,Expertisée,20,Bonne,7.384986107,48.102530621,QIXnJ
A1610030,A161003001,2014-10-27,15106.0,2026-06-01T04:56:12Z,16,Donnée validée,10,Expertisée,20,Bonne,7.384986107,48.102530621,QIXnJ
A1610030,A161003001,2014-10-28,14160.0,2026-06-01T04:56:12Z,16,Donnée validée,10,Expertisée,20,Bonne,7.384986107,48.102530621,QIXnJ
A1610030,A161003001,2014-10-29,13288.0,2026-06-01T04:56:12Z,16,Donnée validée,10,Expertisée,20,Bonne,7.384986107,48.102530621,QIXnJ
A1610030,A161003001,2014-10-30,12648.0,2026-06-01T04:56:12Z,16,Donnée validée,10,Expertisée,20,Bonne,7.384986107,48.102530621,QIXnJ
A1610030,A161003001,2014-10-31,11600.0,2026-06-01T04:56:12Z,16,Donnée validée,10,Expertisée,20,Bonne,7.384986107,48.102530621,QIXnJ
A1610030,A161003001,2014-11-01,11178.0,2026-06-01T04:56:12Z,16,Donnée validée,10,Expertisée,20,Bonne,7.384986107,48.102530621,QIXnJ
A1610030,A161003001,2014-11-02,10967.0,2026-06-01T04:56:12Z,16,Donnée validée,10,Expertisée,20,Bonne,7.384986107,48.102530621,QIXnJ
A1610030,A161003001,2014-11-03,11661.0,2026-06-01T04:56:12Z,16,Donnée validée,10,Expertisée,20,Bonne,7.384986107,48.102530621,QIXnJ
A1610030,A161003001,2014-11-04,14864.0,2026-06-01T04:56:12Z,16,Donnée validée,10,Expertisée,20,Bonne,7.384986107,48.102530621,QIXnJ
A1610030,A161003001,2014-11-05,27339.0,2026-06-01T04:56:12Z,16,Donnée validée,10,Expertisée,20,Bonne,7.384986107,48.102530621,QIXnJ
A1610030,A161003001,2014-11-06,33240.0,2026-06-01T04:56:12Z,16,Donnée validée,10,Expertisée,20,Bonne,7.384986107,48.102530621,QIXnJ
A1610030,A161003001,2014-11-07,28756.0,2026-06-01T04:56:12Z,16,Donnée validée,10,Expertisée,20,Bonne,7.384986107,48.102530621,QIXnJ
A1610030,A161003001,2014-11-08,20095.0,2026-06-01T04:56:12Z,16,Donnée validée,10,Expertisée,20,Bonne,7.384986107,48.102530621,QIXnJ
A1610030,A161003001,2014-11-09,17296.0,2026-06-01T04:56:12Z,16,Donnée validée,10,Expertisée,20,Bonne,7.384986107,48.102530621,QIXnJ
A1610030,A161003001,2014-11-10,15540.0,2026-06-01T04:56:12Z,16,Donnée validée,10,Expertisée,20,Bonne,7.384986107,48.102530621,QIXnJ
A1610030,A161003001,2014-11-11,14981.0,2026-06-01T04:56:12Z,16,Donnée validée,10,Expertisée,20,Bonne,7.384986107,48.102530621,QIXnJ
A1610030,A161003001,2014-11-12,15042.0,2026-06-01T04:56:12Z,16,Donnée validée,10,Expertisée,20,Bonne,7.384986107,48.102530621,QIXnJ
A1610030,A161003001,2014-11-13,21472.0,2026-06-01T04:56:12Z,16,Donnée validée,10,Expertisée,20,Bonne,7.384986107,48.102530621,QIXnJ
A1610030,A161003001,2014-11-14,21208.0,2026-06-01T04:56:12Z,16,Donnée validée,10,Expertisée,20,Bonne,7.384986107,48.102530621,QIXnJ
A1610030,A161003001,2014-11-15,25256.0,2026-06-01T04:56:12Z,16,Donnée validée,10,Expertisée,20,Bonne,7.384986107,48.102530621,QIXnJ
A1610030,A161003001,2014-11-16,62658.0,2026-06-01T04:56:12Z,16,Donnée validée,10,Expertisée,20,Bonne,7.384986107,48.102530621,QIXnJ
A1610030,A161003001,2014-11-17,62600.0,2026-06-01T04:56:12Z,16,Donnée validée,10,Expertisée,20,Bonne,7.384986107,48.102530621,QIXnJ
A1610030,A161003001,2014-11-18,39565.0,2026-06-01T04:56:12Z,16,Donnée validée,10,Expertisée,20,Bonne,7.384986107,48.102530621,QIXnJ
A1610030,A161003001,2014-11-19,33771.0,2026-06-01T04:56:12Z,16,Donnée validée,10,Expertisée,20,Bonne,7.384986107,48.102530621,QIXnJ
A1610030,A161003001,2014-11-20,28193.0,2026-06-01T04:56:12Z,16,Donnée validée,10,Expertisée,20,Bonne,7.384986107,48.102530621,QIXnJ
A1610030,A161003001,2014-11-21,24552.0,2026-06-01T04:56:12Z,16,Donnée validée,10,Expertisée,20,Bonne,7.384986107,48.102530621,QIXnJ
A1610030,A161003001,2014-11-22,21773.0,2026-06-01T04:56:12Z,16,Donnée validée,10,Expertisée,20,Bonne,7.384986107,48.102530621,QIXnJ
A1610030,A161003001,2014-11-23,19794.0,2026-06-01T04:56:12Z,16,Donnée validée,10,Expertisée,20,Bonne,7.384986107,48.102530621,QIXnJ
A1610030,A161003001,2014-11-24,18136.0,2026-06-01T04:56:12Z,16,Donnée validée,10,Expertisée,20,Bonne,7.384986107,48.102530621,QIXnJ
A1610030,A161003001,2014-11-25,17200.0,2026-06-01T04:56:12Z,16,Donnée validée,10,Expertisée,20,Bonne,7.384986107,48.102530621,QIXnJ
A1610030,A161003001,2014-11-26,19008.0,2026-06-01T04:56:12Z,16,Donnée validée,10,Expertisée,20,Bonne,7.384986107,48.102530621,QIXnJ
A1610030,A161003001,2014-11-27,15474.0,2026-06-01T04:56:12Z,16,Donnée validée,10,Expertisée,20,Bonne,7.384986107,48.102530621,QIXnJ
A1610030,A161003001,2014-11-28,15031.0,2026-06-01T04:56:12Z,16,Donnée validée,10,Expertisée,20,Bonne,7.384986107,48.102530621,QIXnJ
A1610030,A161003001,2014-11-29,14497.0,2026-06-01T04:56:12Z,16,Donnée validée,10,Expertisée,20,Bonne,7.384986107,48.102530621,QIXnJ
A1610030,A161003001,2014-11-30,13518.0,2026-06-01T04:56:12Z,16,Donnée validée,10,Expertisée,20,Bonne,7.384986107,48.102530621,QIXnJ
A1610030,A161003001,2014-12-01,13476.0,2026-06-01T04:56:12Z,16,Donnée validée,10,Expertisée,20,Bonne,7.384986107,48.102530621,QIXnJ
A1610030,A161003001,2014-12-02,13644.0,2026-06-01T04:56:12Z,16,Donnée validée,10,Expertisée,20,Bonne,7.384986107,48.102530621,QIXnJ
A1610030,A161003001,2014-12-03,13518.0,2026-06-01T04:56:12Z,16,Donnée validée,10,Expertisée,20,Bonne,7.384986107,48.102530621,QIXnJ
A1610030,A161003001,2014-12-04,12678.0,2026-06-01T04:56:12Z,16,Donnée validée,10,Expertisée,20,Bonne,7.384986107,48.102530621,QIXnJ
A1610030,A161003001,2014-12-05,12552.0,2026-06-01T04:56:12Z,16,Donnée validée,10,Expertisée,20,Bonne,7.384986107,48.102530621,QIXnJ
A1610030,A161003001,2014-12-06,12196.0,2026-06-01T04:56:12Z,16,Donnée validée,10,Expertisée,20,Bonne,7.384986107,48.102530621,QIXnJ
A1610030,A161003001,2014-12-07,13266.0,2026-06-01T04:56:12Z,16,Donnée validée,10,Expertisée,20,Bonne,7.384986107,48.102530621,QIXnJ
A1610030,A161003001,2014-12-08,13129.0,2026-06-01T04:56:12Z,16,Donnée validée,10,Expertisée,20,Bonne,7.384986107,48.102530621,QIXnJ
A1610030,A161003001,2014-12-09,12226.0,2026-06-01T04:56:12Z,16,Donnée validée,10,Expertisée,20,Bonne,7.384986107,48.102530621,QIXnJ
A1610030,A161003001,2014-12-10,12132.0,2026-06-01T04:56:12Z,16,Donnée validée,10,Expertisée,20,Bonne,7.384986107,48.102530621,QIXnJ
A1610030,A161003001,2014-12-11,16676.0,2026-06-01T04:56:12Z,16,Donnée validée,10,Expertisée,20,Bonne,7.384986107,48.102530621,QIXnJ
A1610030,A161003001,2014-12-12,14535.0,2026-06-01T04:56:12Z,16,Donnée validée,10,Expertisée,20,Bonne,7.384986107,48.102530621,QIXnJ
A1610030,A161003001,2014-12-13,14862.0,2026-06-01T04:56:12Z,16,Donnée validée,10,Expertisée,20,Bonne,7.384986107,48.102530621,QIXnJ
A1610030,A161003001,2014-12-14,15388.0,2026-06-01T04:56:12Z,16,Donnée validée,10,Expertisée,20,Bonne,7.384986107,48.102530621,QIXnJ
A1610030,A161003001,2014-12-15,15786.0,2026-06-01T04:56:12Z,16,Donnée validée,10,Expertisée,20,Bonne,7.384986107,48.102530621,QIXnJ
A1610030,A161003001,2014-12-16,18304.0,2026-06-01T04:56:12Z,16,Donnée validée,10,Expertisée,20,Bonne,7.384986107,48.102530621,QIXnJ
A1610030,A161003001,2014-12-17,17490.0,2026-06-01T04:56:12Z,16,Donnée validée,10,Expertisée,20,Bonne,7.384986107,48.102530621,QIXnJ
A1610030,A161003001,2014-12-18,16159.0,2026-06-01T04:56:12Z,16,Donnée validée,10,Expertisée,20,Bonne,7.384986107,48.102530621,QIXnJ
A1610030,A161003001,2014-12-19,16896.0,2026-06-01T04:56:12Z,16,Donnée validée,10,Expertisée,20,Bonne,7.384986107,48.102530621,QIXnJ
A1610030,A161003001,2014-12-20,24640.0,2026-06-01T04:56:12Z,16,Donnée validée,10,Expertisée,20,Bonne,7.384986107,48.102530621,QIXnJ
A1610030,A161003001,2014-12-21,24314.0,2026-06-01T04:56:12Z,16,Donnée validée,10,Expertisée,20,Bonne,7.384986107,48.102530621,QIXnJ
A1610030,A161003001,2014-12-22,22078.0,2026-06-01T04:56:12Z,16,Donnée validée,10,Expertisée,20,Bonne,7.384986107,48.102530621,QIXnJ
A1610030,A161003001,2014-12-23,20167.0,2026-06-01T04:56:12Z,16,Donnée validée,10,Expertisée,20,Bonne,7.384986107,48.102530621,QIXnJ
A1610030,A161003001,2014-12-24,18563.0,2026-06-01T04:56:12Z,16,Donnée validée,10,Expertisée,20,Bonne,7.384986107,48.102530621,QIXnJ
A1610030,A161003001,2014-12-25,16575.0,2026-06-01T04:56:12Z,16,Donnée validée,10,Expertisée,20,Bonne,7.384986107,48.102530621,QIXnJ
A1610030,A161003001,2014-12-26,15842.0,2026-06-01T04:56:12Z,16,Donnée validée,10,Expertisée,20,Bonne,7.384986107,48.102530621,QIXnJ
A1610030,A161003001,2014-12-27,25015.0,2026-06-01T04:56:12Z,16,Donnée validée,10,Expertisée,20,Bonne,7.384986107,48.102530621,QIXnJ
A1610030,A161003001,2014-12-28,41585.0,2026-06-01T04:56:12Z,16,Donnée validée,10,Expertisée,20,Bonne,7.384986107,48.102530621,QIXnJ
A1610030,A161003001,2014-12-29,36808.0,2026-06-01T04:56:12Z,16,Donnée validée,10,Expertisée,20,Bonne,7.384986107,48.102530621,QIXnJ
A1610030,A161003001,2014-12-30,24253.0,2026-06-01T04:56:12Z,16,Donnée validée,10,Expertisée,20,Bonne,7.384986107,48.102530621,QIXnJ
A1610030,A161003001,2014-12-31,20305.0,2026-06-01T04:56:12Z,16,Donnée validée,10,Expertisée,20,Bonne,7.384986107,48.102530621,QIXnJ
A1610030,A161003001,2015-01-01,18701.0,2026-06-01T04:56:12Z,16,Donnée validée,10,Expertisée,20,Bonne,7.384986107,48.102530621,QIXnJ
A1610030,A161003001,2015-01-02,17525.0,2026-06-01T04:56:12Z,16,Donnée validée,10,Expertisée,20,Bonne,7.384986107,48.102530621,QIXnJ
A1610030,A161003001,2015-01-03,22678.0,2026-06-01T04:56:12Z,16,Donnée validée,10,Expertisée,20,Bonne,7.384986107,48.102530621,QIXnJ
A1610030,A161003001,2015-01-04,102236.0,2026-06-01T04:56:12Z,16,Donnée validée,10,Expertisée,20,Bonne,7.384986107,48.102530621,QIXnJ
A1610030,A161003001,2015-01-05,91140.0,2026-06-01T04:56:12Z,16,Donnée validée,10,Expertisée,20,Bonne,7.384986107,48.102530621,QIXnJ
A1610030,A161003001,2015-01-06,50301.0,2026-06-01T04:56:12Z,16,Donnée validée,10,Expertisée,20,Bonne,7.384986107,48.102530621,QIXnJ
A1610030,A161003001,2015-01-07,37983.0,2026-06-01T04:56:12Z,16,Donnée validée,10,Expertisée,20,Bonne,7.384986107,48.102530621,QIXnJ
A1610030,A161003001,2015-01-08,31715.0,2026-06-01T04:56:12Z,16,Donnée validée,10,Expertisée,20,Bonne,7.384986107,48.102530621,QIXnJ
A1610030,A161003001,2015-01-09,30279.0,2026-06-01T04:56:12Z,16,Donnée validée,10,Expertisée,20,Bonne,7.384986107,48.102530621,QIXnJ
A1610030,A161003001,2015-01-10,56559.0,2026-06-01T04:56:12Z,16,Donnée validée,10,Expertisée,20,Bonne,7.384986107,48.102530621,QIXnJ
A1610030,A161003001,2015-01-11,67267.0,2026-06-01T04:56:12Z,16,Donnée validée,10,Expertisée,20,Bonne,7.384986107,48.102530621,QIXnJ
A1610030,A161003001,2015-01-12,65167.0,2026-06-01T04:56:12Z,16,Donnée validée,10,Expertisée,20,Bonne,7.384986107,48.102530621,QIXnJ
A1610030,A161003001,2015-01-13,49678.0,2026-06-01T04:56:12Z,16,Donnée validée,10,Expertisée,20,Bonne,7.384986107,48.102530621,QIXnJ
A1610030,A161003001,2015-01-14,49944.0,2026-06-01T04:56:12Z,16,Donnée validée,10,Expertisée,20,Bonne,7.384986107,48.102530621,QIXnJ
A1610030,A161003001,2015-01-15,51050.0,2026-06-01T04:56:12Z,16,Donnée validée,10,Expertisée,20,Bonne,7.384986107,48.102530621,QIXnJ
A1610030,A161003001,2015-01-16,70315.0,2026-06-01T04:56:12Z,16,Donnée validée,10,Expertisée,20,Bonne,7.384986107,48.102530621,QIXnJ
A1610030,A161003001,2015-01-17,106080.0,2026-06-01T04:56:12Z,16,Donnée validée,10,Expertisée,20,Bonne,7.384986107,48.102530621,QIXnJ
A1610030,A161003001,2015-01-18,104987.0,2026-06-01T04:56:12Z,16,Donnée validée,10,Expertisée,20,Bonne,7.384986107,48.102530621,QIXnJ
A1610030,A161003001,2015-01-19,65400.0,2026-06-01T04:56:12Z,16,Donnée validée,10,Expertisée,20,Bonne,7.384986107,48.102530621,QIXnJ
A1610030,A161003001,2015-01-20,49205.0,2026-06-01T04:56:12Z,16,Donnée validée,10,Expertisée,20,Bonne,7.384986107,48.102530621,QIXnJ
A1610030,A161003001,2015-01-21,42687.0,2026-06-01T04:56:12Z,16,Donnée validée,10,Expertisée,20,Bonne,7.384986107,48.102530621,QIXnJ
A1610030,A161003001,2015-01-22,37451.0,2026-06-01T04:56:12Z,16,Donnée validée,10,Expertisée,20,Bonne,7.384986107,48.102530621,QIXnJ
A1610030,A161003001,2015-01-23,32082.0,2026-06-01T04:56:12Z,16,Donnée validée,10,Expertisée,20,Bonne,7.384986107,48.102530621,QIXnJ
A1610030,A161003001,2015-01-24,27471.0,2026-06-01T04:56:12Z,16,Donnée validée,10,Expertisée,20,Bonne,7.384986107,48.102530621,QIXnJ
A1610030,A161003001,2015-01-25,24457.0,2026-06-01T04:56:12Z,16,Donnée validée,10,Expertisée,20,Bonne,7.384986107,48.102530621,QIXnJ
A1610030,A161003001,2015-01-26,27139.0,2026-06-01T04:56:12Z,16,Donnée validée,10,Expertisée,20,Bonne,7.384986107,48.102530621,QIXnJ
A1610030,A161003001,2015-01-27,21912.0,2026-06-01T04:56:12Z,16,Donnée validée,10,Expertisée,20,Bonne,7.384986107,48.102530621,QIXnJ
A1610030,A161003001,2015-01-28,22352.0,2026-06-01T04:56:12Z,16,Donnée validée,10,Expertisée,20,Bonne,7.384986107,48.102530621,QIXnJ
A1610030,A161003001,2015-01-29,30234.0,2026-06-01T04:56:12Z,16,Donnée validée,10,Expertisée,20,Bonne,7.384986107,48.102530621,QIXnJ
A1610030,A161003001,2015-01-30,57933.0,2026-06-01T04:56:12Z,16,Donnée validée,10,Expertisée,20,Bonne,7.384986107,48.102530621,QIXnJ
A1610030,A161003001,2015-01-31,54375.0,2026-06-01T04:56:12Z,16,Donnée validée,10,Expertisée,20,Bonne,7.384986107,48.102530621,QIXnJ
A1610030,A161003001,2015-02-01,38039.0,2026-06-01T04:56:12Z,16,Donnée validée,10,Expertisée,20,Bonne,7.384986107,48.102530621,QIXnJ
A1610030,A161003001,2015-02-02,31849.0,2026-06-01T04:56:12Z,16,Donnée validée,10,Expertisée,20,Bonne,7.384986107,48.102530621,QIXnJ
A1610030,A161003001,2015-02-03,29741.0,2026-06-01T04:56:12Z,16,Donnée validée,10,Expertisée,20,Bonne,7.384986107,48.102530621,QIXnJ
A1610030,A161003001,2015-02-04,26825.0,2026-06-01T04:56:12Z,16,Donnée validée,10,Expertisée,20,Bonne,7.384986107,48.102530621,QIXnJ
A1610030,A161003001,2015-02-05,23071.0,2026-06-01T04:56:12Z,16,Donnée validée,10,Expertisée,20,Bonne,7.384986107,48.102530621,QIXnJ
A1610030,A161003001,2015-02-06,20856.0,2026-06-01T04:56:12Z,16,Donnée validée,10,Expertisée,20,Bonne,7.384986107,48.102530621,QIXnJ
A1610030,A161003001,2015-02-07,19492.0,2026-06-01T04:56:12Z,16,Donnée validée,10,Expertisée,20,Bonne,7.384986107,48.102530621,QIXnJ
A1610030,A161003001,2015-02-08,18788.0,2026-06-01T04:56:12Z,16,Donnée validée,10,Expertisée,20,Bonne,7.384986107,48.102530621,QIXnJ
A1610030,A161003001,2015-02-09,17732.0,2026-06-01T04:56:12Z,16,Donnée validée,10,Expertisée,20,Bonne,7.384986107,48.102530621,QIXnJ
A1610030,A161003001,2015-02-10,15996.0,2026-06-01T04:56:12Z,16,Donnée validée,10,Expertisée,20,Bonne,7.384986107,48.102530621,QIXnJ
A1610030,A161003001,2015-02-11,15428.0,2026-06-01T04:56:12Z,16,Donnée validée,10,Expertisée,20,Bonne,7.384986107,48.102530621,QIXnJ
A1610030,A161003001,2015-02-12,15072.0,2026-06-01T04:56:12Z,16,Donnée validée,10,Expertisée,20,Bonne,7.384986107,48.102530621,QIXnJ
A1610030,A161003001,2015-02-13,14183.0,2026-06-01T04:56:12Z,16,Donnée validée,10,Expertisée,20,Bonne,7.384986107,48.102530621,QIXnJ
A1610030,A161003001,2015-02-14,15913.0,2026-06-01T04:56:12Z,16,Donnée validée,10,Expertisée,20,Bonne,7.384986107,48.102530621,QIXnJ
A1610030,A161003001,2015-02-15,19844.0,2026-06-01T04:56:12Z,16,Donnée validée,10,Expertisée,20,Bonne,7.384986107,48.102530621,QIXnJ
A1610030,A161003001,2015-02-16,19756.0,2026-06-01T04:56:12Z,16,Donnée validée,10,Expertisée,20,Bonne,7.384986107,48.102530621,QIXnJ
A1610030,A161003001,2015-02-17,19424.0,2026-06-01T04:56:12Z,16,Donnée validée,10,Expertisée,20,Bonne,7.384986107,48.102530621,QIXnJ
A1610030,A161003001,2015-02-18,23584.0,2026-06-01T04:56:12Z,16,Donnée validée,10,Expertisée,20,Bonne,7.384986107,48.102530621,QIXnJ
A1610030,A161003001,2015-02-19,16702.0,2026-06-01T04:56:12Z,16,Donnée validée,10,Expertisée,20,Bonne,7.384986107,48.102530621,QIXnJ
A1610030,A161003001,2015-02-20,16193.0,2026-06-01T04:56:12Z,16,Donnée validée,10,Expertisée,20,Bonne,7.384986107,48.102530621,QIXnJ
A1610030,A161003001,2015-02-21,20711.0,2026-06-01T04:56:12Z,16,Donnée validée,10,Expertisée,20,Bonne,7.384986107,48.102530621,QIXnJ
A1610030,A161003001,2015-02-22,21032.0,2026-06-01T04:56:12Z,16,Donnée validée,10,Expertisée,20,Bonne,7.384986107,48.102530621,QIXnJ
A1610030,A161003001,2015-02-23,25399.0,2026-06-01T04:56:12Z,16,Donnée validée,10,Expertisée,20,Bonne,7.384986107,48.102530621,QIXnJ
A1610030,A161003001,2015-02-24,42260.0,2026-06-01T04:56:12Z,16,Donnée validée,10,Expertisée,20,Bonne,7.384986107,48.102530621,QIXnJ
A1610030,A161003001,2015-02-25,42035.0,2026-06-01T04:56:12Z,16,Donnée validée,10,Expertisée,20,Bonne,7.384986107,48.102530621,QIXnJ
A1610030,A161003001,2015-02-26,29553.0,2026-06-01T04:56:12Z,16,Donnée validée,10,Expertisée,20,Bonne,7.384986107,48.102530621,QIXnJ
A1610030,A161003001,2015-02-27,27595.0,2026-06-01T04:56:12Z,16,Donnée validée,10,Expertisée,20,Bonne,7.384986107,48.102530621,QIXnJ
A1610030,A161003001,2015-02-28,33060.0,2026-06-01T04:56:12Z,16,Donnée validée,10,Expertisée,20,Bonne,7.384986107,48.102530621,QIXnJ
A1610030,A161003001,2015-03-01,30239.0,2026-06-01T04:56:12Z,16,Donnée validée,10,Expertisée,20,Bonne,7.384986107,48.102530621,QIXnJ
A1610030,A161003001,2015-03-02,65619.0,2026-06-01T04:56:12Z,16,Donnée validée,10,Expertisée,20,Bonne,7.384986107,48.102530621,QIXnJ
A1610030,A161003001,2015-03-03,75200.0,2026-06-01T04:56:12Z,16,Donnée validée,10,Expertisée,20,Bonne,7.384986107,48.102530621,QIXnJ
A1610030,A161003001,2015-03-04,56034.0,2026-06-01T04:56:12Z,16,Donnée validée,10,Expertisée,20,Bonne,7.384986107,48.102530621,QIXnJ
A1610030,A161003001,2015-03-05,42533.0,2026-06-01T04:56:12Z,16,Donnée validée,10,Expertisée,20,Bonne,7.384986107,48.102530621,QIXnJ
A1610030,A161003001,2015-03-06,35278.0,2026-06-01T04:56:12Z,16,Donnée validée,10,Expertisée,20,Bonne,7.384986107,48.102530621,QIXnJ
A1610030,A161003001,2015-03-07,29849.0,2026-06-01T04:56:12Z,16,Donnée validée,10,Expertisée,20,Bonne,7.384986107,48.102530621,QIXnJ
A1610030,A161003001,2015-03-08,26516.0,2026-06-01T04:56:12Z,16,Donnée validée,10,Expertisée,20,Bonne,7.384986107,48.102530621,QIXnJ
A1610030,A161003001,2015-03-09,24047.0,2026-06-01T04:56:12Z,16,Donnée validée,10,Expertisée,20,Bonne,7.384986107,48.102530621,QIXnJ
A1610030,A161003001,2015-03-10,22327.0,2026-06-01T04:56:12Z,16,Donnée validée,10,Expertisée,20,Bonne,7.384986107,48.102530621,QIXnJ
A1610030,A161003001,2015-03-11,21172.0,2026-06-01T04:56:12Z,16,Donnée validée,10,Expertisée,20,Bonne,7.384986107,48.102530621,QIXnJ
A1610030,A161003001,2015-03-12,25704.0,2026-06-01T04:56:12Z,16,Donnée validée,10,Expertisée,20,Bonne,7.384986107,48.102530621,QIXnJ
A1610030,A161003001,2015-03-13,19888.0,2026-06-01T04:56:12Z,16,Donnée validée,10,Expertisée,20,Bonne,7.384986107,48.102530621,QIXnJ
A1610030,A161003001,2015-03-14,18988.0,2026-06-01T04:56:12Z,16,Donnée validée,10,Expertisée,20,Bonne,7.384986107,48.102530621,QIXnJ
A1610030,A161003001,2015-03-15,17967.0,2026-06-01T04:56:12Z,16,Donnée validée,10,Expertisée,20,Bonne,7.384986107,48.102530621,QIXnJ
A1610030,A161003001,2015-03-16,17051.0,2026-06-01T04:56:12Z,16,Donnée validée,10,Expertisée,20,Bonne,7.384986107,48.102530621,QIXnJ
A1610030,A161003001,2015-03-17,16128.0,2026-06-01T04:56:12Z,16,Donnée validée,10,Expertisée,20,Bonne,7.384986107,48.102530621,QIXnJ
A1610030,A161003001,2015-03-18,22044.0,2026-06-01T04:56:12Z,16,Donnée validée,10,Expertisée,20,Bonne,7.384986107,48.102530621,QIXnJ
A1610030,A161003001,2015-03-19,14964.0,2026-06-01T04:56:12Z,16,Donnée validée,10,Expertisée,20,Bonne,7.384986107,48.102530621,QIXnJ
A1610030,A161003001,2015-03-20,14988.0,2026-06-01T04:56:12Z,16,Donnée validée,10,Expertisée,20,Bonne,7.384986107,48.102530621,QIXnJ
A1610030,A161003001,2015-03-21,14736.0,2026-06-01T04:56:12Z,16,Donnée validée,10,Expertisée,20,Bonne,7.384986107,48.102530621,QIXnJ
A1610030,A161003001,2015-03-22,14574.0,2026-06-01T04:56:12Z,16,Donnée validée,10,Expertisée,20,Bonne,7.384986107,48.102530621,QIXnJ
A1610030,A161003001,2015-03-23,14265.0,2026-06-01T04:56:12Z,16,Donnée validée,10,Expertisée,20,Bonne,7.384986107,48.102530621,QIXnJ
A1610030,A161003001,2015-03-24,13718.0,2026-06-01T04:56:12Z,16,Donnée validée,10,Expertisée,20,Bonne,7.384986107,48.102530621,QIXnJ
A1610030,A161003001,2015-03-25,13428.0,2026-06-01T04:56:12Z,16,Donnée validée,10,Expertisée,20,Bonne,7.384986107,48.102530621,QIXnJ
A1610030,A161003001,2015-03-26,13938.0,2026-06-01T04:56:12Z,16,Donnée validée,10,Expertisée,20,Bonne,7.384986107,48.102530621,QIXnJ
A1610030,A161003001,2015-03-27,13890.0,2026-06-01T04:56:12Z,16,Donnée validée,10,Expertisée,20,Bonne,7.384986107,48.102530621,QIXnJ
A1610030,A161003001,2015-03-28,13249.0,2026-06-01T04:56:12Z,16,Donnée validée,10,Expertisée,20,Bonne,7.384986107,48.102530621,QIXnJ
A1610030,A161003001,2015-03-29,14236.0,2026-06-01T04:56:12Z,16,Donnée validée,10,Expertisée,20,Bonne,7.384986107,48.102530621,QIXnJ
A1610030,A161003001,2015-03-30,71992.0,2026-06-01T04:56:12Z,16,Donnée validée,10,Expertisée,20,Bonne,7.384986107,48.102530621,QIXnJ
A1610030,A161003001,2015-03-31,71816.0,2026-06-01T04:56:12Z,16,Donnée validée,10,Expertisée,20,Bonne,7.384986107,48.102530621,QIXnJ
A1610030,A161003001,2015-04-01,55775.0,2026-06-01T04:56:12Z,16,Donnée validée,10,Expertisée,20,Bonne,7.384986107,48.102530621,QIXnJ
A1610030,A161003001,2015-04-02,51342.0,2026-06-01T04:56:12Z,16,Donnée validée,10,Expertisée,20,Bonne,7.384986107,48.102530621,QIXnJ
A1610030,A161003001,2015-04-03,62192.0,2026-06-01T04:56:12Z,16,Donnée validée,10,Expertisée,20,Bonne,7.384986107,48.102530621,QIXnJ
A1610030,A161003001,2015-04-04,50534.0,2026-06-01T04:56:12Z,16,Donnée validée,10,Expertisée,20,Bonne,7.384986107,48.102530621,QIXnJ
A1610030,A161003001,2015-04-05,68025.0,2026-06-01T04:56:12Z,16,Donnée validée,10,Expertisée,20,Bonne,7.384986107,48.102530621,QIXnJ
A1610030,A161003001,2015-04-06,56417.0,2026-06-01T04:56:12Z,16,Donnée validée,10,Expertisée,20,Bonne,7.384986107,48.102530621,QIXnJ
A1610030,A161003001,2015-04-07,40094.0,2026-06-01T04:56:12Z,16,Donnée validée,10,Expertisée,20,Bonne,7.384986107,48.102530621,QIXnJ
A1610030,A161003001,2015-04-08,32110.0,2026-06-01T04:56:12Z,16,Donnée validée,10,Expertisée,20,Bonne,7.384986107,48.102530621,QIXnJ
A1610030,A161003001,2015-04-09,28007.0,2026-06-01T04:56:12Z,16,Donnée validée,10,Expertisée,20,Bonne,7.384986107,48.102530621,QIXnJ
A1610030,A161003001,2015-04-10,24550.0,2026-06-01T04:56:12Z,16,Donnée validée,10,Expertisée,20,Bonne,7.384986107,48.102530621,QIXnJ
A1610030,A161003001,2015-04-11,22238.0,2026-06-01T04:56:12Z,16,Donnée validée,10,Expertisée,20,Bonne,7.384986107,48.102530621,QIXnJ
A1610030,A161003001,2015-04-12,20116.0,2026-06-01T04:56:12Z,16,Donnée validée,10,Expertisée,20,Bonne,7.384986107,48.102530621,QIXnJ
A1610030,A161003001,2015-04-13,18110.0,2026-06-01T04:56:12Z,16,Donnée validée,10,Expertisée,20,Bonne,7.384986107,48.102530621,QIXnJ
A1610030,A161003001,2015-04-14,16889.0,2026-06-01T04:56:12Z,16,Donnée validée,10,Expertisée,20,Bonne,7.384986107,48.102530621,QIXnJ
A1610030,A161003001,2015-04-15,15339.0,2026-06-01T04:56:12Z,16,Donnée validée,10,Expertisée,20,Bonne,7.384986107,48.102530621,QIXnJ
A1610030,A161003001,2015-04-16,14886.0,2026-06-01T04:56:12Z,16,Donnée validée,10,Expertisée,20,Bonne,7.384986107,48.102530621,QIXnJ
A1610030,A161003001,2015-04-17,16646.0,2026-06-01T04:56:12Z,16,Donnée validée,10,Expertisée,20,Bonne,7.384986107,48.102530621,QIXnJ
A1610030,A161003001,2015-04-18,17756.0,2026-06-01T04:56:12Z,16,Donnée validée,10,Expertisée,20,Bonne,7.384986107,48.102530621,QIXnJ
A1610030,A161003001,2015-04-19,16463.0,2026-06-01T04:56:12Z,16,Donnée validée,10,Expertisée,20,Bonne,7.384986107,48.102530621,QIXnJ
A1610030,A161003001,2015-04-20,14015.0,2026-06-01T04:56:12Z,16,Donnée validée,10,Expertisée,20,Bonne,7.384986107,48.102530621,QIXnJ
A1610030,A161003001,2015-04-21,12873.0,2026-06-01T04:56:12Z,16,Donnée validée,10,Expertisée,20,Bonne,7.384986107,48.102530621,QIXnJ
A1610030,A161003001,2015-04-22,12055.0,2026-06-01T04:56:12Z,16,Donnée validée,10,Expertisée,20,Bonne,7.384986107,48.102530621,QIXnJ
A1610030,A161003001,2015-04-23,11357.0,2026-06-01T04:56:12Z,16,Donnée validée,10,Expertisée,20,Bonne,7.384986107,48.102530621,QIXnJ
A1610030,A161003001,2015-04-24,10536.0,2026-06-01T04:56:12Z,16,Donnée validée,10,Expertisée,20,Bonne,7.384986107,48.102530621,QIXnJ
A1610030,A161003001,2015-04-25,10158.0,2026-06-01T04:56:12Z,16,Donnée validée,10,Expertisée,20,Bonne,7.384986107,48.102530621,QIXnJ
A1610030,A161003001,2015-04-26,10746.0,2026-06-01T04:56:12Z,16,Donnée validée,10,Expertisée,20,Bonne,7.384986107,48.102530621,QIXnJ
A1610030,A161003001,2015-04-27,11250.0,2026-06-01T04:56:12Z,16,Donnée validée,10,Expertisée,20,Bonne,7.384986107,48.102530621,QIXnJ
A1610030,A161003001,2015-04-28,37950.0,2026-06-01T04:56:12Z,16,Donnée validée,10,Expertisée,20,Bonne,7.384986107,48.102530621,QIXnJ
A1610030,A161003001,2015-04-29,35509.0,2026-06-01T04:56:12Z,16,Donnée validée,10,Expertisée,20,Bonne,7.384986107,48.102530621,QIXnJ
A1610030,A161003001,2015-04-30,18522.0,2026-06-01T04:56:12Z,16,Donnée validée,10,Expertisée,20,Bonne,7.384986107,48.102530621,QIXnJ
A1610030,A161003001,2015-05-01,84708.0,2026-06-01T04:56:12Z,16,Donnée validée,10,Expertisée,20,Bonne,7.384986107,48.102530621,QIXnJ
A1610030,A161003001,2015-05-02,134705.0,2026-06-01T04:56:12Z,16,Donnée validée,10,Expertisée,20,Bonne,7.384986107,48.102530621,QIXnJ
A1610030,A161003001,2015-05-03,137025.0,2026-06-01T04:56:12Z,16,Donnée validée,10,Expertisée,20,Bonne,7.384986107,48.102530621,QIXnJ
A1610030,A161003001,2015-05-04,137315.0,2026-06-01T04:56:12Z,16,Donnée validée,10,Expertisée,20,Bonne,7.384986107,48.102530621,QIXnJ
A1610030,A161003001,2015-05-05,115645.0,2026-06-01T04:56:12Z,16,Donnée validée,10,Expertisée,20,Bonne,7.384986107,48.102530621,QIXnJ
A1610030,A161003001,2015-05-06,62658.0,2026-06-01T04:56:12Z,16,Donnée validée,10,Expertisée,20,Bonne,7.384986107,48.102530621,QIXnJ
A1610030,A161003001,2015-05-07,46721.0,2026-06-01T04:56:12Z,16,Donnée validée,10,Expertisée,20,Bonne,7.384986107,48.102530621,QIXnJ
A1610030,A161003001,2015-05-08,37189.0,2026-06-01T04:56:12Z,16,Donnée validée,10,Expertisée,20,Bonne,7.384986107,48.102530621,QIXnJ
A1610030,A161003001,2015-05-09,30405.0,2026-06-01T04:56:12Z,16,Donnée validée,10,Expertisée,20,Bonne,7.384986107,48.102530621,QIXnJ
A1610030,A161003001,2015-05-10,25922.0,2026-06-01T04:56:12Z,16,Donnée validée,10,Expertisée,20,Bonne,7.384986107,48.102530621,QIXnJ
A1610030,A161003001,2015-05-11,22421.0,2026-06-01T04:56:12Z,16,Donnée validée,10,Expertisée,20,Bonne,7.384986107,48.102530621,QIXnJ
A1610030,A161003001,2015-05-12,20296.0,2026-06-01T04:56:12Z,16,Donnée validée,10,Expertisée,20,Bonne,7.384986107,48.102530621,QIXnJ
A1610030,A161003001,2015-05-13,18929.0,2026-06-01T04:56:12Z,16,Donnée validée,10,Expertisée,20,Bonne,7.384986107,48.102530621,QIXnJ
A1610030,A161003001,2015-05-14,17678.0,2026-06-01T04:56:12Z,16,Donnée validée,10,Expertisée,20,Bonne,7.384986107,48.102530621,QIXnJ
A1610030,A161003001,2015-05-15,25145.0,2026-06-01T04:56:12Z,16,Donnée validée,10,Expertisée,20,Bonne,7.384986107,48.102530621,QIXnJ
A1610030,A161003001,2015-05-16,24971.0,2026-06-01T04:56:12Z,16,Donnée validée,10,Expertisée,20,Bonne,7.384986107,48.102530621,QIXnJ
A1610030,A161003001,2015-05-17,19095.0,2026-06-01T04:56:12Z,16,Donnée validée,10,Expertisée,20,Bonne,7.384986107,48.102530621,QIXnJ
A1610030,A161003001,2015-05-18,15997.0,2026-06-01T04:56:12Z,16,Donnée validée,10,Expertisée,20,Bonne,7.384986107,48.102530621,QIXnJ
A1610030,A161003001,2015-05-19,14168.0,2026-06-01T04:56:12Z,16,Donnée validée,10,Expertisée,20,Bonne,7.384986107,48.102530621,QIXnJ
A1610030,A161003001,2015-05-20,17406.0,2026-06-01T04:56:12Z,16,Donnée validée,10,Expertisée,20,Bonne,7.384986107,48.102530621,QIXnJ
A1610030,A161003001,2015-05-21,12388.0,2026-06-01T04:56:12Z,16,Donnée validée,10,Expertisée,20,Bonne,7.384986107,48.102530621,QIXnJ
A1610030,A161003001,2015-05-22,11373.0,2026-06-01T04:56:12Z,16,Donnée validée,10,Expertisée,20,Bonne,7.384986107,48.102530621,QIXnJ
A1610030,A161003001,2015-05-23,10402.0,2026-06-01T04:56:12Z,16,Donnée validée,10,Expertisée,20,Bonne,7.384986107,48.102530621,QIXnJ
A1610030,A161003001,2015-05-24,9830.0,2026-06-01T04:56:12Z,16,Donnée validée,10,Expertisée,20,Bonne,7.384986107,48.102530621,QIXnJ
A1610030,A161003001,2015-05-25,9502.0,2026-06-01T04:56:12Z,16,Donnée validée,10,Expertisée,20,Bonne,7.384986107,48.102530621,QIXnJ
A1610030,A161003001,2015-05-26,8992.0,2026-06-01T04:56:12Z,16,Donnée validée,10,Expertisée,20,Bonne,7.384986107,48.102530621,QIXnJ
A1610030,A161003001,2015-05-27,8806.0,2026-06-01T04:56:12Z,16,Donnée validée,10,Expertisée,20,Bonne,7.384986107,48.102530621,QIXnJ
A1610030,A161003001,2015-05-28,8331.0,2026-06-01T04:56:12Z,16,Donnée validée,10,Expertisée,20,Bonne,7.384986107,48.102530621,QIXnJ
A1610030,A161003001,2015-05-29,7857.0,2026-06-01T04:56:12Z,16,Donnée validée,10,Expertisée,20,Bonne,7.384986107,48.102530621,QIXnJ
A1610030,A161003001,2015-05-30,7418.0,2026-06-01T04:56:12Z,16,Donnée validée,10,Expertisée,20,Bonne,7.384986107,48.102530621,QIXnJ
A1610030,A161003001,2015-05-31,6799.0,2026-06-01T04:56:12Z,16,Donnée validée,10,Expertisée,20,Bonne,7.384986107,48.102530621,QIXnJ
A1610030,A161003001,2015-06-01,6473.0,2026-06-01T04:56:12Z,16,Donnée validée,10,Expertisée,20,Bonne,7.384986107,48.102530621,QIXnJ
A1610030,A161003001,2015-06-02,5842.0,2026-06-01T04:56:12Z,16,Donnée validée,10,Expertisée,20,Bonne,7.384986107,48.102530621,QIXnJ
A1610030,A161003001,2015-06-03,6885.0,2026-06-01T04:56:12Z,16,Donnée validée,10,Expertisée,20,Bonne,7.384986107,48.102530621,QIXnJ
A1610030,A161003001,2015-06-04,6900.0,2026-06-01T04:56:12Z,16,Donnée validée,10,Expertisée,20,Bonne,7.384986107,48.102530621,QIXnJ
A1610030,A161003001,2015-06-05,6787.0,2026-06-01T04:56:12Z,16,Donnée validée,10,Expertisée,20,Bonne,7.384986107,48.102530621,QIXnJ
A1610030,A161003001,2015-06-06,17189.0,2026-06-01T04:56:12Z,16,Donnée validée,10,Expertisée,20,Bonne,7.384986107,48.102530621,QIXnJ
A1610030,A161003001,2015-06-07,12312.0,2026-06-01T04:56:12Z,16,Donnée validée,10,Expertisée,20,Bonne,7.384986107,48.102530621,QIXnJ
A1610030,A161003001,2015-06-08,10403.0,2026-06-01T04:56:12Z,16,Donnée validée,10,Expertisée,20,Bonne,7.384986107,48.102530621,QIXnJ
A1610030,A161003001,2015-06-09,9678.0,2026-06-01T04:56:12Z,16,Donnée validée,10,Expertisée,20,Bonne,7.384986107,48.102530621,QIXnJ
A1610030,A161003001,2015-06-10,8919.0,2026-06-01T04:56:12Z,16,Donnée validée,10,Expertisée,20,Bonne,7.384986107,48.102530621,QIXnJ
A1610030,A161003001,2015-06-11,7590.0,2026-06-01T04:56:12Z,16,Donnée validée,10,Expertisée,20,Bonne,7.384986107,48.102530621,QIXnJ
A1610030,A161003001,2015-06-12,8114.0,2026-06-01T04:56:12Z,16,Donnée validée,10,Expertisée,20,Bonne,7.384986107,48.102530621,QIXnJ
A1610030,A161003001,2015-06-13,6883.0,2026-06-01T04:56:12Z,16,Donnée validée,10,Expertisée,20,Bonne,7.384986107,48.102530621,QIXnJ
A1610030,A161003001,2015-06-14,6609.0,2026-06-01T04:56:12Z,16,Donnée validée,10,Expertisée,20,Bonne,7.384986107,48.102530621,QIXnJ
A1610030,A161003001,2015-06-15,17845.0,2026-06-01T04:56:12Z,16,Donnée validée,10,Expertisée,20,Bonne,7.384986107,48.102530621,QIXnJ
A1610030,A161003001,2015-06-16,16014.0,2026-06-01T04:56:12Z,16,Donnée validée,10,Expertisée,20,Bonne,7.384986107,48.102530621,QIXnJ
A1610030,A161003001,2015-06-17,12354.0,2026-06-01T04:56:12Z,16,Donnée validée,10,Expertisée,20,Bonne,7.384986107,48.102530621,QIXnJ
A1610030,A161003001,2015-06-18,10311.0,2026-06-01T04:56:12Z,16,Donnée validée,10,Expertisée,20,Bonne,7.384986107,48.102530621,QIXnJ
A1610030,A161003001,2015-06-19,9881.0,2026-06-01T04:56:12Z,16,Donnée validée,10,Expertisée,20,Bonne,7.384986107,48.102530621,QIXnJ
A1610030,A161003001,2015-06-20,9063.0,2026-06-01T04:56:12Z,16,Donnée validée,10,Expertisée,20,Bonne,7.384986107,48.102530621,QIXnJ
A1610030,A161003001,2015-06-21,8810.0,2026-06-01T04:56:12Z,16,Donnée validée,10,Expertisée,20,Bonne,7.384986107,48.102530621,QIXnJ
A1610030,A161003001,2015-06-22,10070.0,2026-06-01T04:56:12Z,16,Donnée validée,10,Expertisée,20,Bonne,7.384986107,48.102530621,QIXnJ
A1610030,A161003001,2015-06-23,9186.0,2026-06-01T04:56:12Z,16,Donnée validée,10,Expertisée,20,Bonne,7.384986107,48.102530621,QIXnJ
A1610030,A161003001,2015-06-24,9188.0,2026-06-01T04:56:12Z,16,Donnée validée,10,Expertisée,20,Bonne,7.384986107,48.102530621,QIXnJ
A1610030,A161003001,2015-06-25,7989.0,2026-06-01T04:56:12Z,16,Donnée validée,10,Expertisée,20,Bonne,7.384986107,48.102530621,QIXnJ
A1610030,A161003001,2015-06-26,7504.0,2026-06-01T04:56:12Z,16,Donnée validée,10,Expertisée,20,Bonne,7.384986107,48.102530621,QIXnJ
A1610030,A161003001,2015-06-27,6222.0,2026-06-01T04:56:12Z,16,Donnée validée,10,Expertisée,20,Bonne,7.384986107,48.102530621,QIXnJ
A1610030,A161003001,2015-06-28,5374.0,2026-06-01T04:56:12Z,16,Donnée validée,10,Expertisée,20,Bonne,7.384986107,48.102530621,QIXnJ
A1610030,A161003001,2015-06-29,5030.0,2026-06-01T04:56:12Z,16,Donnée validée,10,Expertisée,20,Bonne,7.384986107,48.102530621,QIXnJ
A1610030,A161003001,2015-06-30,4691.0,2026-06-01T04:56:12Z,16,Donnée validée,10,Expertisée,20,Bonne,7.384986107,48.102530621,QIXnJ
A1610030,A161003001,2015-07-01,4851.0,2026-06-01T04:56:12Z,16,Donnée validée,10,Expertisée,20,Bonne,7.384986107,48.102530621,QIXnJ
A1610030,A161003001,2015-07-02,7257.0,2026-06-01T04:56:12Z,16,Donnée validée,10,Expertisée,20,Bonne,7.384986107,48.102530621,QIXnJ
A1610030,A161003001,2015-07-03,5468.0,2026-06-01T04:56:12Z,16,Donnée validée,10,Expertisée,20,Bonne,7.384986107,48.102530621,QIXnJ
A1610030,A161003001,2015-07-04,5066.0,2026-06-01T04:56:12Z,16,Donnée validée,10,Expertisée,20,Bonne,7.384986107,48.102530621,QIXnJ
A1610030,A161003001,2015-07-05,4968.0,2026-06-01T04:56:12Z,16,Donnée validée,10,Expertisée,20,Bonne,7.384986107,48.102530621,QIXnJ
A1610030,A161003001,2015-07-06,4892.0,2026-06-01T04:56:12Z,16,Donnée validée,10,Expertisée,20,Bonne,7.384986107,48.102530621,QIXnJ
A1610030,A161003001,2015-07-07,4569.0,2026-06-01T04:56:12Z,16,Donnée validée,10,Expertisée,20,Bonne,7.384986107,48.102530621,QIXnJ
A1610030,A161003001,2015-07-08,5586.0,2026-06-01T04:56:12Z,16,Donnée validée,10,Expertisée,20,Bonne,7.384986107,48.102530621,QIXnJ
A1610030,A161003001,2015-07-09,7044.0,2026-06-01T04:56:12Z,16,Donnée validée,10,Expertisée,20,Bonne,7.384986107,48.102530621,QIXnJ
A1610030,A161003001,2015-07-10,4388.0,2026-06-01T04:56:12Z,16,Donnée validée,10,Expertisée,20,Bonne,7.384986107,48.102530621,QIXnJ
A1610030,A161003001,2015-07-11,4450.0,2026-06-01T04:56:12Z,16,Donnée validée,10,Expertisée,20,Bonne,7.384986107,48.102530621,QIXnJ
A1610030,A161003001,2015-07-12,4391.0,2026-06-01T04:56:12Z,16,Donnée validée,10,Expertisée,20,Bonne,7.384986107,48.102530621,QIXnJ
A1610030,A161003001,2015-07-13,4152.0,2026-06-01T04:56:12Z,16,Donnée validée,10,Expertisée,20,Bonne,7.384986107,48.102530621,QIXnJ
A1610030,A161003001,2015-07-14,4171.0,2026-06-01T04:56:12Z,16,Donnée validée,10,Expertisée,20,Bonne,7.384986107,48.102530621,QIXnJ
A1610030,A161003001,2015-07-15,3834.0,2026-06-01T04:56:12Z,16,Donnée validée,10,Expertisée,20,Bonne,7.384986107,48.102530621,QIXnJ
A1610030,A161003001,2015-07-16,4267.0,2026-06-01T04:56:12Z,16,Donnée validée,10,Expertisée,20,Bonne,7.384986107,48.102530621,QIXnJ
A1610030,A161003001,2015-07-17,7223.0,2026-06-01T04:56:12Z,16,Donnée validée,10,Expertisée,20,Bonne,7.384986107,48.102530621,QIXnJ
A1610030,A161003001,2015-07-18,4260.0,2026-06-01T04:56:12Z,16,Donnée validée,10,Expertisée,20,Bonne,7.384986107,48.102530621,QIXnJ
A1610030,A161003001,2015-07-19,4260.0,2026-06-01T04:56:12Z,16,Donnée validée,10,Expertisée,20,Bonne,7.384986107,48.102530621,QIXnJ
A1610030,A161003001,2015-07-20,4384.0,2026-06-01T04:56:12Z,16,Donnée validée,10,Expertisée,20,Bonne,7.384986107,48.102530621,QIXnJ
A1610030,A161003001,2015-07-21,4941.0,2026-06-01T04:56:12Z,16,Donnée validée,10,Expertisée,20,Bonne,7.384986107,48.102530621,QIXnJ
A1610030,A161003001,2015-07-22,8695.0,2026-06-01T04:56:12Z,16,Donnée validée,10,Expertisée,20,Bonne,7.384986107,48.102530621,QIXnJ
A1610030,A161003001,2015-07-23,8623.0,2026-06-01T04:56:12Z,16,Donnée validée,10,Expertisée,20,Bonne,7.384986107,48.102530621,QIXnJ
A1610030,A161003001,2015-07-24,5146.0,2026-06-01T04:56:12Z,16,Donnée validée,10,Expertisée,20,Bonne,7.384986107,48.102530621,QIXnJ
A1610030,A161003001,2015-07-25,4956.0,2026-06-01T04:56:12Z,16,Donnée validée,10,Expertisée,20,Bonne,7.384986107,48.102530621,QIXnJ
A1610030,A161003001,2015-07-26,4502.0,2026-06-01T04:56:12Z,16,Donnée validée,10,Expertisée,20,Bonne,7.384986107,48.102530621,QIXnJ
A1610030,A161003001,2015-07-27,4671.0,2026-06-01T04:56:12Z,16,Donnée validée,10,Expertisée,20,Bonne,7.384986107,48.102530621,QIXnJ
A1610030,A161003001,2015-07-28,4849.0,2026-06-01T04:56:12Z,16,Donnée validée,10,Expertisée,20,Bonne,7.384986107,48.102530621,QIXnJ
A1610030,A161003001,2015-07-29,4857.0,2026-06-01T04:56:12Z,16,Donnée validée,10,Expertisée,20,Bonne,7.384986107,48.102530621,QIXnJ
A1610030,A161003001,2015-07-30,4670.0,2026-06-01T04:56:12Z,16,Donnée validée,10,Expertisée,20,Bonne,7.384986107,48.102530621,QIXnJ
A1610030,A161003001,2015-07-31,4577.0,2026-06-01T04:56:12Z,16,Donnée validée,10,Expertisée,20,Bonne,7.384986107,48.102530621,QIXnJ
A1610030,A161003001,2015-08-01,4401.0,2026-06-01T04:56:12Z,16,Donnée validée,10,Expertisée,20,Bonne,7.384986107,48.102530621,QIXnJ
A1610030,A161003001,2015-08-02,4360.0,2026-06-01T04:56:12Z,16,Donnée validée,10,Expertisée,20,Bonne,7.384986107,48.102530621,QIXnJ
A1610030,A161003001,2015-08-03,4400.0,2026-06-01T04:56:12Z,16,Donnée validée,10,Expertisée,20,Bonne,7.384986107,48.102530621,QIXnJ
A1610030,A161003001,2015-08-04,4080.0,2026-06-01T04:56:12Z,16,Donnée validée,10,Expertisée,20,Bonne,7.384986107,48.102530621,QIXnJ
A1610030,A161003001,2015-08-05,4080.0,2026-06-01T04:56:12Z,16,Donnée validée,10,Expertisée,20,Bonne,7.384986107,48.102530621,QIXnJ
A1610030,A161003001,2015-08-06,4028.0,2026-06-01T04:56:12Z,16,Donnée validée,10,Expertisée,20,Bonne,7.384986107,48.102530621,QIXnJ
A1610030,A161003001,2015-08-07,3625.0,2026-06-01T04:56:12Z,16,Donnée validée,10,Expertisée,20,Bonne,7.384986107,48.102530621,QIXnJ
A1610030,A161003001,2015-08-08,3401.0,2026-06-01T04:56:12Z,16,Donnée validée,10,Expertisée,20,Bonne,7.384986107,48.102530621,QIXnJ
A1610030,A161003001,2015-08-09,23318.0,2026-06-01T04:56:12Z,16,Donnée validée,10,Expertisée,20,Bonne,7.384986107,48.102530621,QIXnJ
A1610030,A161003001,2015-08-10,16416.0,2026-06-01T04:56:12Z,16,Donnée validée,10,Expertisée,20,Bonne,7.384986107,48.102530621,QIXnJ
A1610030,A161003001,2015-08-11,6957.0,2026-06-01T04:56:12Z,16,Donnée validée,10,Expertisée,20,Bonne,7.384986107,48.102530621,QIXnJ
A1610030,A161003001,2015-08-12,5571.0,2026-06-01T04:56:12Z,16,Donnée validée,10,Expertisée,20,Bonne,7.384986107,48.102530621,QIXnJ
A1610030,A161003001,2015-08-13,12235.0,2026-06-01T04:56:12Z,16,Donnée validée,10,Expertisée,20,Bonne,7.384986107,48.102530621,QIXnJ
A1610030,A161003001,2015-08-14,6191.0,2026-06-01T04:56:12Z,16,Donnée validée,10,Expertisée,20,Bonne,7.384986107,48.102530621,QIXnJ
A1610030,A161003001,2015-08-15,7990.0,2026-06-01T04:56:12Z,16,Donnée validée,10,Expertisée,20,Bonne,7.384986107,48.102530621,QIXnJ
A1610030,A161003001,2015-08-16,5742.0,2026-06-01T04:56:12Z,16,Donnée validée,10,Expertisée,20,Bonne,7.384986107,48.102530621,QIXnJ
A1610030,A161003001,2015-08-17,6641.0,2026-06-01T04:56:12Z,16,Donnée validée,10,Expertisée,20,Bonne,7.384986107,48.102530621,QIXnJ
A1610030,A161003001,2015-08-18,6416.0,2026-06-01T04:56:12Z,16,Donnée validée,10,Expertisée,20,Bonne,7.384986107,48.102530621,QIXnJ
A1610030,A161003001,2015-08-19,5377.0,2026-06-01T04:56:12Z,16,Donnée validée,10,Expertisée,20,Bonne,7.384986107,48.102530621,QIXnJ
A1610030,A161003001,2015-08-20,5236.0,2026-06-01T04:56:12Z,16,Donnée validée,10,Expertisée,20,Bonne,7.384986107,48.102530621,QIXnJ
A1610030,A161003001,2015-08-21,4990.0,2026-06-01T04:56:12Z,16,Donnée validée,10,Expertisée,20,Bonne,7.384986107,48.102530621,QIXnJ
A1610030,A161003001,2015-08-22,4936.0,2026-06-01T04:56:12Z,16,Donnée validée,10,Expertisée,20,Bonne,7.384986107,48.102530621,QIXnJ
A1610030,A161003001,2015-08-23,5072.0,2026-06-01T04:56:12Z,16,Donnée validée,10,Expertisée,20,Bonne,7.384986107,48.102530621,QIXnJ
A1610030,A161003001,2015-08-24,11936.0,2026-06-01T04:56:12Z,16,Donnée validée,10,Expertisée,20,Bonne,7.384986107,48.102530621,QIXnJ
A1610030,A161003001,2015-08-25,11431.0,2026-06-01T04:56:12Z,16,Donnée validée,10,Expertisée,20,Bonne,7.384986107,48.102530621,QIXnJ
A1610030,A161003001,2015-08-26,7546.0,2026-06-01T04:56:12Z,16,Donnée validée,10,Expertisée,20,Bonne,7.384986107,48.102530621,QIXnJ
A1610030,A161003001,2015-08-27,6312.0,2026-06-01T04:56:12Z,16,Donnée validée,10,Expertisée,20,Bonne,7.384986107,48.102530621,QIXnJ
A1610030,A161003001,2015-08-28,5265.0,2026-06-01T04:56:12Z,16,Donnée validée,10,Expertisée,20,Bonne,7.384986107,48.102530621,QIXnJ
A1610030,A161003001,2015-08-29,4430.0,2026-06-01T04:56:12Z,16,Donnée validée,10,Expertisée,20,Bonne,7.384986107,48.102530621,QIXnJ
A1610030,A161003001,2015-08-30,4501.0,2026-06-01T04:56:12Z,16,Donnée validée,10,Expertisée,20,Bonne,7.384986107,48.102530621,QIXnJ
A1610030,A161003001,2015-08-31,4479.0,2026-06-01T04:56:12Z,16,Donnée validée,10,Expertisée,20,Bonne,7.384986107,48.102530621,QIXnJ
A1610030,A161003001,2015-09-01,3290.0,2026-06-01T04:56:12Z,16,Donnée validée,10,Expertisée,20,Bonne,7.384986107,48.102530621,QIXnJ
A1610030,A161003001,2015-09-02,3457.0,2026-06-01T04:56:12Z,16,Donnée validée,10,Expertisée,20,Bonne,7.384986107,48.102530621,QIXnJ
A1610030,A161003001,2015-09-03,3670.0,2026-06-01T04:56:12Z,16,Donnée validée,10,Expertisée,20,Bonne,7.384986107,48.102530621,QIXnJ
A1610030,A161003001,2015-09-04,4394.0,2026-06-01T04:56:12Z,16,Donnée validée,10,Expertisée,20,Bonne,7.384986107,48.102530621,QIXnJ
A1610030,A161003001,2015-09-05,4643.0,2026-06-01T04:56:12Z,16,Donnée validée,10,Expertisée,20,Bonne,7.384986107,48.102530621,QIXnJ
A1610030,A161003001,2015-09-06,4528.0,2026-06-01T04:56:12Z,16,Donnée validée,10,Expertisée,20,Bonne,7.384986107,48.102530621,QIXnJ
A1610030,A161003001,2015-09-07,4502.0,2026-06-01T04:56:12Z,16,Donnée validée,10,Expertisée,20,Bonne,7.384986107,48.102530621,QIXnJ
A1610030,A161003001,2015-09-08,4294.0,2026-06-01T04:56:12Z,16,Donnée validée,10,Expertisée,20,Bonne,7.384986107,48.102530621,QIXnJ
A1610030,A161003001,2015-09-09,4690.0,2026-06-01T04:56:12Z,16,Donnée validée,10,Expertisée,20,Bonne,7.384986107,48.102530621,QIXnJ
A1610030,A161003001,2015-09-10,4458.0,2026-06-01T04:56:12Z,16,Donnée validée,10,Expertisée,20,Bonne,7.384986107,48.102530621,QIXnJ
A1610030,A161003001,2015-09-11,4362.0,2026-06-01T04:56:12Z,16,Donnée validée,10,Expertisée,20,Bonne,7.384986107,48.102530621,QIXnJ
A1610030,A161003001,2015-09-12,4399.0,2026-06-01T04:56:12Z,16,Donnée validée,10,Expertisée,20,Bonne,7.384986107,48.102530621,QIXnJ
A1610030,A161003001,2015-09-13,16256.0,2026-06-01T04:56:12Z,16,Donnée validée,10,Expertisée,20,Bonne,7.384986107,48.102530621,QIXnJ
A1610030,A161003001,2015-09-14,8425.0,2026-06-01T04:56:12Z,16,Donnée validée,10,Expertisée,20,Bonne,7.384986107,48.102530621,QIXnJ
A1610030,A161003001,2015-09-15,6715.0,2026-06-01T04:56:12Z,16,Donnée validée,10,Expertisée,20,Bonne,7.384986107,48.102530621,QIXnJ
A1610030,A161003001,2015-09-16,8196.0,2026-06-01T04:56:12Z,16,Donnée validée,10,Expertisée,20,Bonne,7.384986107,48.102530621,QIXnJ
A1610030,A161003001,2015-09-17,15524.0,2026-06-01T04:56:12Z,16,Donnée validée,10,Expertisée,20,Bonne,7.384986107,48.102530621,QIXnJ
A1610030,A161003001,2015-09-18,14196.0,2026-06-01T04:56:12Z,16,Donnée validée,10,Expertisée,20,Bonne,7.384986107,48.102530621,QIXnJ
A1610030,A161003001,2015-09-19,9278.0,2026-06-01T04:56:12Z,16,Donnée validée,10,Expertisée,20,Bonne,7.384986107,48.102530621,QIXnJ
A1610030,A161003001,2015-09-20,8870.0,2026-06-01T04:56:12Z,16,Donnée validée,10,Expertisée,20,Bonne,7.384986107,48.102530621,QIXnJ
A1610030,A161003001,2015-09-21,6739.0,2026-06-01T04:56:12Z,16,Donnée validée,10,Expertisée,20,Bonne,7.384986107,48.102530621,QIXnJ
A1610030,A161003001,2015-09-22,6605.0,2026-06-01T04:56:12Z,16,Donnée validée,10,Expertisée,20,Bonne,7.384986107,48.102530621,QIXnJ
A1610030,A161003001,2015-09-23,9831.0,2026-06-01T04:56:12Z,16,Donnée validée,10,Expertisée,20,Bonne,7.384986107,48.102530621,QIXnJ
A1610030,A161003001,2015-09-24,8952.0,2026-06-01T04:56:12Z,16,Donnée validée,10,Expertisée,20,Bonne,7.384986107,48.102530621,QIXnJ
A1610030,A161003001,2015-09-25,7718.0,2026-06-01T04:56:12Z,16,Donnée validée,10,Expertisée,20,Bonne,7.384986107,48.102530621,QIXnJ
A1610030,A161003001,2015-09-26,7466.0,2026-06-01T04:56:12Z,16,Donnée validée,10,Expertisée,20,Bonne,7.384986107,48.102530621,QIXnJ
A1610030,A161003001,2015-09-27,6565.0,2026-06-01T04:56:12Z,16,Donnée validée,10,Expertisée,20,Bonne,7.384986107,48.102530621,QIXnJ
A1610030,A161003001,2015-09-28,6391.0,2026-06-01T04:56:12Z,16,Donnée validée,10,Expertisée,20,Bonne,7.384986107,48.102530621,QIXnJ
A1610030,A161003001,2015-09-29,6324.0,2026-06-01T04:56:12Z,16,Donnée validée,10,Expertisée,20,Bonne,7.384986107,48.102530621,QIXnJ
A1610030,A161003001,2015-09-30,6097.0,2026-06-01T04:56:12Z,16,Donnée validée,10,Expertisée,20,Bonne,7.384986107,48.102530621,QIXnJ
A1610030,A161003001,2015-10-01,5560.0,2026-06-01T04:56:12Z,16,Donnée validée,10,Expertisée,20,Bonne,7.384986107,48.102530621,QIXnJ
A1610030,A161003001,2015-10-02,5403.0,2026-06-01T04:56:12Z,16,Donnée validée,10,Expertisée,20,Bonne,7.384986107,48.102530621,QIXnJ
A1610030,A161003001,2015-10-03,5323.0,2026-06-01T04:56:12Z,16,Donnée validée,10,Expertisée,20,Bonne,7.384986107,48.102530621,QIXnJ
A1610030,A161003001,2015-10-04,11453.0,2026-06-01T04:56:12Z,16,Donnée validée,10,Expertisée,20,Bonne,7.384986107,48.102530621,QIXnJ
A1610030,A161003001,2015-10-05,6988.0,2026-06-01T04:56:12Z,16,Donnée validée,10,Expertisée,20,Bonne,7.384986107,48.102530621,QIXnJ
A1610030,A161003001,2015-10-06,9645.0,2026-06-01T04:56:12Z,16,Donnée validée,10,Expertisée,20,Bonne,7.384986107,48.102530621,QIXnJ
A1610030,A161003001,2015-10-07,8158.0,2026-06-01T04:56:12Z,16,Donnée validée,10,Expertisée,20,Bonne,7.384986107,48.102530621,QIXnJ
A1610030,A161003001,2015-10-08,7742.0,2026-06-01T04:56:12Z,16,Donnée validée,10,Expertisée,20,Bonne,7.384986107,48.102530621,QIXnJ
A1610030,A161003001,2015-10-09,6214.0,2026-06-01T04:56:12Z,16,Donnée validée,10,Expertisée,20,Bonne,7.384986107,48.102530621,QIXnJ
A1610030,A161003001,2015-10-10,5850.0,2026-06-01T04:56:12Z,16,Donnée validée,10,Expertisée,20,Bonne,7.384986107,48.102530621,QIXnJ
A1610030,A161003001,2015-10-11,5833.0,2026-06-01T04:56:12Z,16,Donnée validée,10,Expertisée,20,Bonne,7.384986107,48.102530621,QIXnJ
A1610030,A161003001,2015-10-12,6075.0,2026-06-01T04:56:12Z,16,Donnée validée,10,Expertisée,20,Bonne,7.384986107,48.102530621,QIXnJ
A1610030,A161003001,2015-10-13,10079.0,2026-06-01T04:56:12Z,16,Donnée validée,10,Expertisée,20,Bonne,7.384986107,48.102530621,QIXnJ
A1610030,A161003001,2015-10-14,5622.0,2026-06-01T04:56:12Z,16,Donnée validée,10,Expertisée,20,Bonne,7.384986107,48.102530621,QIXnJ
A1610030,A161003001,2015-10-15,5652.0,2026-06-01T04:56:12Z,16,Donnée validée,10,Expertisée,20,Bonne,7.384986107,48.102530621,QIXnJ
A1610030,A161003001,2015-10-16,5819.0,2026-06-01T04:56:12Z,16,Donnée validée,10,Expertisée,20,Bonne,7.384986107,48.102530621,QIXnJ
A1610030,A161003001,2015-10-17,6028.0,2026-06-01T04:56:12Z,16,Donnée validée,10,Expertisée,20,Bonne,7.384986107,48.102530621,QIXnJ
A1610030,A161003001,2015-10-18,5840.0,2026-06-01T04:56:12Z,16,Donnée validée,10,Expertisée,20,Bonne,7.384986107,48.102530621,QIXnJ
A1610030,A161003001,2015-10-19,5772.0,2026-06-01T04:56:12Z,16,Donnée validée,10,Expertisée,20,Bonne,7.384986107,48.102530621,QIXnJ
A1610030,A161003001,2015-10-20,5862.0,2026-06-01T04:56:12Z,16,Donnée validée,10,Expertisée,20,Bonne,7.384986107,48.102530621,QIXnJ
A1610030,A161003001,2015-10-21,5868.0,2026-06-01T04:56:12Z,16,Donnée validée,10,Expertisée,20,Bonne,7.384986107,48.102530621,QIXnJ
A1610030,A161003001,2015-10-22,5439.0,2026-06-01T04:56:12Z,16,Donnée validée,10,Expertisée,20,Bonne,7.384986107,48.102530621,QIXnJ
A1610030,A161003001,2015-10-23,5792.0,2026-06-01T04:56:12Z,16,Donnée validée,10,Expertisée,20,Bonne,7.384986107,48.102530621,QIXnJ
A1610030,A161003001,2015-10-24,5457.0,2026-06-01T04:56:12Z,16,Donnée validée,10,Expertisée,20,Bonne,7.384986107,48.102530621,QIXnJ
A1610030,A161003001,2015-10-25,5475.0,2026-06-01T04:56:12Z,16,Donnée validée,10,Expertisée,20,Bonne,7.384986107,48.102530621,QIXnJ
A1610030,A161003001,2015-10-26,5552.0,2026-06-01T04:56:12Z,16,Donnée validée,10,Expertisée,20,Bonne,7.384986107,48.102530621,QIXnJ
A1610030,A161003001,2015-10-27,5356.0,2026-06-01T04:56:12Z,16,Donnée validée,10,Expertisée,20,Bonne,7.384986107,48.102530621,QIXnJ
A1610030,A161003001,2015-10-28,6588.0,2026-06-01T04:56:12Z,16,Donnée validée,10,Expertisée,20,Bonne,7.384986107,48.102530621,QIXnJ
A1610030,A161003001,2015-10-29,6798.0,2026-06-01T04:56:12Z,16,Donnée validée,10,Expertisée,20,Bonne,7.384986107,48.102530621,QIXnJ
A1610030,A161003001,2015-10-30,5960.0,2026-06-01T04:56:12Z,16,Donnée validée,10,Expertisée,20,Bonne,7.384986107,48.102530621,QIXnJ
A1610030,A161003001,2015-10-31,6504.0,2026-06-01T04:56:12Z,16,Donnée validée,10,Expertisée,20,Bonne,7.384986107,48.102530621,QIXnJ
A1610030,A161003001,2015-11-01,5520.0,2026-06-01T04:56:12Z,16,Donnée validée,10,Expertisée,20,Bonne,7.384986107,48.102530621,QIXnJ
A1610030,A161003001,2015-11-02,6924.0,2026-06-01T04:56:12Z,16,Donnée validée,10,Expertisée,20,Bonne,7.384986107,48.102530621,QIXnJ
A1610030,A161003001,2015-11-03,5280.0,2026-06-01T04:56:12Z,16,Donnée validée,10,Expertisée,20,Bonne,7.384986107,48.102530621,QIXnJ
A1610030,A161003001,2015-11-04,5120.0,2026-06-01T04:56:12Z,16,Donnée validée,10,Expertisée,20,Bonne,7.384986107,48.102530621,QIXnJ
A1610030,A161003001,2015-11-05,4889.0,2026-06-01T04:56:12Z,16,Donnée validée,10,Expertisée,20,Bonne,7.384986107,48.102530621,QIXnJ
A1610030,A161003001,2015-11-06,5000.0,2026-06-01T04:56:12Z,16,Donnée validée,10,Expertisée,20,Bonne,7.384986107,48.102530621,QIXnJ
A1610030,A161003001,2015-11-07,4800.0,2026-06-01T04:56:12Z,16,Donnée validée,10,Expertisée,20,Bonne,7.384986107,48.102530621,QIXnJ
A1610030,A161003001,2015-11-08,4400.0,2026-06-01T04:56:12Z,16,Donnée validée,10,Expertisée,20,Bonne,7.384986107,48.102530621,QIXnJ
A1610030,A161003001,2015-11-09,7176.0,2026-06-01T04:56:12Z,16,Donnée validée,10,Expertisée,20,Bonne,7.384986107,48.102530621,QIXnJ
A1610030,A161003001,2015-11-10,4720.0,2026-06-01T04:56:12Z,16,Donnée validée,10,Expertisée,20,Bonne,7.384986107,48.102530621,QIXnJ
A1610030,A161003001,2015-11-11,4440.0,2026-06-01T04:56:12Z,16,Donnée validée,10,Expertisée,20,Bonne,7.384986107,48.102530621,QIXnJ
A1610030,A161003001,2015-11-12,4720.0,2026-06-01T04:56:12Z,16,Donnée validée,10,Expertisée,20,Bonne,7.384986107,48.102530621,QIXnJ
A1610030,A161003001,2015-11-13,4638.0,2026-06-01T04:56:12Z,16,Donnée validée,10,Expertisée,20,Bonne,7.384986107,48.102530621,QIXnJ
A1610030,A161003001,2015-11-14,4640.0,2026-06-01T04:56:12Z,16,Donnée validée,10,Expertisée,20,Bonne,7.384986107,48.102530621,QIXnJ
A1610030,A161003001,2015-11-15,4680.0,2026-06-01T04:56:12Z,16,Donnée validée,10,Expertisée,20,Bonne,7.384986107,48.102530621,QIXnJ
A1610030,A161003001,2015-11-16,6924.0,2026-06-01T04:56:12Z,16,Donnée validée,10,Expertisée,20,Bonne,7.384986107,48.102530621,QIXnJ
A1610030,A161003001,2015-11-17,4800.0,2026-06-01T04:56:12Z,16,Donnée validée,10,Expertisée,20,Bonne,7.384986107,48.102530621,QIXnJ
A1610030,A161003001,2015-11-18,4800.0,2026-06-01T04:56:12Z,16,Donnée validée,10,Expertisée,20,Bonne,7.384986107,48.102530621,QIXnJ
A1610030,A161003001,2015-11-19,5120.0,2026-06-01T04:56:12Z,16,Donnée validée,10,Expertisée,20,Bonne,7.384986107,48.102530621,QIXnJ
A1610030,A161003001,2015-11-20,28844.0,2026-06-01T04:56:12Z,16,Donnée validée,10,Expertisée,20,Bonne,7.384986107,48.102530621,QIXnJ
A1610030,A161003001,2015-11-21,80217.0,2026-06-01T04:56:12Z,16,Donnée validée,10,Expertisée,20,Bonne,7.384986107,48.102530621,QIXnJ
A1610030,A161003001,2015-11-22,46985.0,2026-06-01T04:56:12Z,16,Donnée validée,10,Expertisée,20,Bonne,7.384986107,48.102530621,QIXnJ
A1610030,A161003001,2015-11-23,24516.0,2026-06-01T04:56:12Z,16,Donnée validée,10,Expertisée,20,Bonne,7.384986107,48.102530621,QIXnJ
A1610030,A161003001,2015-11-24,16720.0,2026-06-01T04:56:12Z,16,Donnée validée,10,Expertisée,20,Bonne,7.384986107,48.102530621,QIXnJ
A1610030,A161003001,2015-11-25,13709.0,2026-06-01T04:56:12Z,16,Donnée validée,10,Expertisée,20,Bonne,7.384986107,48.102530621,QIXnJ
A1610030,A161003001,2015-11-26,13308.0,2026-06-01T04:56:12Z,16,Donnée validée,10,Expertisée,20,Bonne,7.384986107,48.102530621,QIXnJ
A1610030,A161003001,2015-11-27,12846.0,2026-06-01T04:56:12Z,16,Donnée validée,10,Expertisée,20,Bonne,7.384986107,48.102530621,QIXnJ
A1610030,A161003001,2015-11-28,10914.0,2026-06-01T04:56:12Z,16,Donnée validée,10,Expertisée,20,Bonne,7.384986107,48.102530621,QIXnJ
A1610030,A161003001,2015-11-29,12930.0,2026-06-01T04:56:12Z,16,Donnée validée,10,Expertisée,20,Bonne,7.384986107,48.102530621,QIXnJ
A1610030,A161003001,2015-11-30,21120.0,2026-06-01T04:56:12Z,16,Donnée validée,10,Expertisée,20,Bonne,7.384986107,48.102530621,QIXnJ
A1610030,A161003001,2015-12-01,24772.0,2026-06-01T04:56:12Z,16,Donnée validée,10,Expertisée,20,Bonne,7.384986107,48.102530621,QIXnJ
A1610030,A161003001,2015-12-02,27812.0,2026-06-01T04:56:12Z,16,Donnée validée,10,Expertisée,20,Bonne,7.384986107,48.102530621,QIXnJ
A1610030,A161003001,2015-12-03,21020.0,2026-06-01T04:56:12Z,16,Donnée validée,10,Expertisée,20,Bonne,7.384986107,48.102530621,QIXnJ
A1610030,A161003001,2015-12-04,17990.0,2026-06-01T04:56:12Z,16,Donnée validée,10,Expertisée,20,Bonne,7.384986107,48.102530621,QIXnJ
A1610030,A161003001,2015-12-05,15310.0,2026-06-01T04:56:12Z,16,Donnée validée,10,Expertisée,20,Bonne,7.384986107,48.102530621,QIXnJ
A1610030,A161003001,2015-12-06,13538.0,2026-06-01T04:56:12Z,16,Donnée validée,10,Expertisée,20,Bonne,7.384986107,48.102530621,QIXnJ
A1610030,A161003001,2015-12-07,12254.0,2026-06-01T04:56:12Z,16,Donnée validée,10,Expertisée,20,Bonne,7.384986107,48.102530621,QIXnJ
A1610030,A161003001,2015-12-08,11075.0,2026-06-01T04:56:12Z,16,Donnée validée,10,Expertisée,20,Bonne,7.384986107,48.102530621,QIXnJ
A1610030,A161003001,2015-12-09,10232.0,2026-06-01T04:56:12Z,16,Donnée validée,10,Expertisée,20,Bonne,7.384986107,48.102530621,QIXnJ
A1610030,A161003001,2015-12-10,9802.0,2026-06-01T04:56:12Z,16,Donnée validée,10,Expertisée,20,Bonne,7.384986107,48.102530621,QIXnJ
A1610030,A161003001,2015-12-11,9284.0,2026-06-01T04:56:12Z,16,Donnée validée,10,Expertisée,20,Bonne,7.384986107,48.102530621,QIXnJ
A1610030,A161003001,2015-12-12,8767.0,2026-06-01T04:56:12Z,16,Donnée validée,10,Expertisée,20,Bonne,7.384986107,48.102530621,QIXnJ
A1610030,A161003001,2015-12-13,8310.0,2026-06-01T04:56:12Z,16,Donnée validée,10,Expertisée,20,Bonne,7.384986107,48.102530621,QIXnJ
A1610030,A161003001,2015-12-14,8258.0,2026-06-01T04:56:12Z,16,Donnée validée,10,Expertisée,20,Bonne,7.384986107,48.102530621,QIXnJ
A1610030,A161003001,2015-12-15,7932.0,2026-06-01T04:56:12Z,16,Donnée validée,10,Expertisée,20,Bonne,7.384986107,48.102530621,QIXnJ
A1610030,A161003001,2015-12-16,7932.0,2026-06-01T04:56:12Z,16,Donnée validée,10,Expertisée,20,Bonne,7.384986107,48.102530621,QIXnJ
A1610030,A161003001,2015-12-17,8142.0,2026-06-01T04:56:12Z,16,Donnée validée,10,Expertisée,20,Bonne,7.384986107,48.102530621,QIXnJ
A1610030,A161003001,2015-12-18,8140.0,2026-06-01T04:56:12Z,16,Donnée validée,10,Expertisée,20,Bonne,7.384986107,48.102530621,QIXnJ
A1610030,A161003001,2015-12-19,7487.0,2026-06-01T04:56:12Z,16,Donnée validée,10,Expertisée,20,Bonne,7.384986107,48.102530621,QIXnJ
A1610030,A161003001,2015-12-20,7208.0,2026-06-01T04:56:12Z,16,Donnée validée,10,Expertisée,20,Bonne,7.384986107,48.102530621,QIXnJ
A1610030,A161003001,2015-12-21,7218.0,2026-06-01T04:56:12Z,16,Donnée validée,10,Expertisée,20,Bonne,7.384986107,48.102530621,QIXnJ
A1610030,A161003001,2015-12-22,7260.0,2026-06-01T04:56:12Z,16,Donnée validée,10,Expertisée,20,Bonne,7.384986107,48.102530621,QIXnJ
A1610030,A161003001,2015-12-23,7176.0,2026-06-01T04:56:12Z,16,Donnée validée,10,Expertisée,20,Bonne,7.384986107,48.102530621,QIXnJ
A1610030,A161003001,2015-12-24,8940.0,2026-06-01T04:56:12Z,16,Donnée validée,10,Expertisée,20,Bonne,7.384986107,48.102530621,QIXnJ
A1610030,A161003001,2015-12-25,6924.0,2026-06-01T04:56:12Z,16,Donnée validée,10,Expertisée,20,Bonne,7.384986107,48.102530621,QIXnJ
A1610030,A161003001,2015-12-26,6966.0,2026-06-01T04:56:12Z,16,Donnée validée,10,Expertisée,20,Bonne,7.384986107,48.102530621,QIXnJ
A1610030,A161003001,2015-12-27,6906.0,2026-06-01T04:56:12Z,16,Donnée validée,10,Expertisée,20,Bonne,7.384986107,48.102530621,QIXnJ
A1610030,A161003001,2015-12-28,6790.0,2026-06-01T04:56:12Z,16,Donnée validée,10,Expertisée,20,Bonne,7.384986107,48.102530621,QIXnJ
A1610030,A161003001,2015-12-29,6674.0,2026-06-01T04:56:12Z,16,Donnée validée,10,Expertisée,20,Bonne,7.384986107,48.102530621,QIXnJ
A1610030,A161003001,2015-12-30,6569.0,2026-06-01T04:56:12Z,16,Donnée validée,10,Expertisée,20,Bonne,7.384986107,48.102530621,QIXnJ
A1610030,A161003001,2015-12-31,6756.0,2026-06-01T04:56:12Z,16,Donnée validée,10,Expertisée,20,Bonne,7.384986107,48.102530621,QIXnJ
A1610030,A161003001,2016-01-01,6756.0,2026-06-01T04:56:12Z,16,Donnée validée,10,Expertisée,20,Bonne,7.384986107,48.102530621,QIXnJ
A1610030,A161003001,2016-01-02,7949.0,2026-06-01T04:56:12Z,16,Donnée validée,10,Expertisée,20,Bonne,7.384986107,48.102530621,QIXnJ
A1610030,A161003001,2016-01-03,8980.0,2026-06-01T04:56:12Z,16,Donnée validée,10,Expertisée,20,Bonne,7.384986107,48.102530621,QIXnJ
A1610030,A161003001,2016-01-04,26287.0,2026-06-01T04:56:12Z,16,Donnée validée,10,Expertisée,20,Bonne,7.384986107,48.102530621,QIXnJ
A1610030,A161003001,2016-01-05,27498.0,2026-06-01T04:56:12Z,16,Donnée validée,10,Expertisée,20,Bonne,7.384986107,48.102530621,QIXnJ
A1610030,A161003001,2016-01-06,29203.0,2026-06-01T04:56:12Z,16,Donnée validée,10,Expertisée,20,Bonne,7.384986107,48.102530621,QIXnJ
A1610030,A161003001,2016-01-07,26063.0,2026-06-01T04:56:12Z,16,Donnée validée,10,Expertisée,20,Bonne,7.384986107,48.102530621,QIXnJ
A1610030,A161003001,2016-01-08,34451.0,2026-06-01T04:56:12Z,16,Donnée validée,10,Expertisée,20,Bonne,7.384986107,48.102530621,QIXnJ
A1610030,A161003001,2016-01-09,43025.0,2026-06-01T04:56:12Z,16,Donnée validée,10,Expertisée,20,Bonne,7.384986107,48.102530621,QIXnJ
A1610030,A161003001,2016-01-10,41562.0,2026-06-01T04:56:12Z,16,Donnée validée,10,Expertisée,20,Bonne,7.384986107,48.102530621,QIXnJ
A1610030,A161003001,2016-01-11,94465.0,2026-06-01T04:56:12Z,16,Donnée validée,10,Expertisée,20,Bonne,7.384986107,48.102530621,QIXnJ
A1610030,A161003001,2016-01-12,121365.0,2026-06-01T04:56:12Z,16,Donnée validée,10,Expertisée,20,Bonne,7.384986107,48.102530621,QIXnJ
A1610030,A161003001,2016-01-13,121675.0,2026-06-01T04:56:12Z,16,Donnée validée,10,Expertisée,20,Bonne,7.384986107,48.102530621,QIXnJ
A1610030,A161003001,2016-01-14,99257.0,2026-06-01T04:56:12Z,16,Donnée validée,10,Expertisée,20,Bonne,7.384986107,48.102530621,QIXnJ
A1610030,A161003001,2016-01-15,60217.0,2026-06-01T04:56:12Z,16,Donnée validée,10,Expertisée,20,Bonne,7.384986107,48.102530621,QIXnJ
A1610030,A161003001,2016-01-16,43339.0,2026-06-01T04:56:12Z,16,Donnée validée,10,Expertisée,20,Bonne,7.384986107,48.102530621,QIXnJ
A1610030,A161003001,2016-01-17,32822.0,2026-06-01T04:56:12Z,16,Donnée validée,10,Expertisée,20,Bonne,7.384986107,48.102530621,QIXnJ
A1610030,A161003001,2016-01-18,26904.0,2026-06-01T04:56:12Z,16,Donnée validée,10,Expertisée,20,Bonne,7.384986107,48.102530621,QIXnJ
A1610030,A161003001,2016-01-19,24850.0,2026-06-01T04:56:12Z,16,Donnée validée,10,Expertisée,20,Bonne,7.384986107,48.102530621,QIXnJ
A1610030,A161003001,2016-01-20,20870.0,2026-06-01T04:56:12Z,16,Donnée validée,10,Expertisée,20,Bonne,7.384986107,48.102530621,QIXnJ
A1610030,A161003001,2016-01-21,17318.0,2026-06-01T04:56:12Z,16,Donnée validée,10,Expertisée,20,Bonne,7.384986107,48.102530621,QIXnJ
A1610030,A161003001,2016-01-22,15200.0,2026-06-01T04:56:12Z,16,Donnée validée,10,Expertisée,20,Bonne,7.384986107,48.102530621,QIXnJ
A1610030,A161003001,2016-01-23,14165.0,2026-06-01T04:56:12Z,16,Donnée validée,10,Expertisée,20,Bonne,7.384986107,48.102530621,QIXnJ
A1610030,A161003001,2016-01-24,14009.0,2026-06-01T04:56:12Z,16,Donnée validée,10,Expertisée,20,Bonne,7.384986107,48.102530621,QIXnJ
A1610030,A161003001,2016-01-25,13795.0,2026-06-01T04:56:12Z,16,Donnée validée,10,Expertisée,20,Bonne,7.384986107,48.102530621,QIXnJ
A1610030,A161003001,2016-01-26,14836.0,2026-06-01T04:56:12Z,16,Donnée validée,10,Expertisée,20,Bonne,7.384986107,48.102530621,QIXnJ
A1610030,A161003001,2016-01-27,16368.0,2026-06-01T04:56:12Z,16,Donnée validée,10,Expertisée,20,Bonne,7.384986107,48.102530621,QIXnJ
A1610030,A161003001,2016-01-28,19860.0,2026-06-01T04:56:12Z,16,Donnée validée,10,Expertisée,20,Bonne,7.384986107,48.102530621,QIXnJ
A1610030,A161003001,2016-01-29,25114.0,2026-06-01T04:56:12Z,16,Donnée validée,10,Expertisée,20,Bonne,7.384986107,48.102530621,QIXnJ
A1610030,A161003001,2016-01-30,30911.0,2026-06-01T04:56:12Z,16,Donnée validée,10,Expertisée,20,Bonne,7.384986107,48.102530621,QIXnJ
A1610030,A161003001,2016-01-31,115051.0,2026-06-01T04:56:12Z,16,Donnée validée,10,Expertisée,20,Bonne,7.384986107,48.102530621,QIXnJ
A1610030,A161003001,2016-02-01,140650.0,2026-06-01T04:56:12Z,16,Donnée validée,10,Expertisée,20,Bonne,7.384986107,48.102530621,QIXnJ
A1610030,A161003001,2016-02-02,138650.0,2026-06-01T04:56:12Z,16,Donnée validée,10,Expertisée,20,Bonne,7.384986107,48.102530621,QIXnJ
A1610030,A161003001,2016-02-03,81991.0,2026-06-01T04:56:12Z,16,Donnée validée,10,Expertisée,20,Bonne,7.384986107,48.102530621,QIXnJ
A1610030,A161003001,2016-02-04,69720.0,2026-06-01T04:56:12Z,16,Donnée validée,10,Expertisée,20,Bonne,7.384986107,48.102530621,QIXnJ
A1610030,A161003001,2016-02-05,71107.0,2026-06-01T04:56:12Z,16,Donnée validée,10,Expertisée,20,Bonne,7.384986107,48.102530621,QIXnJ
A1610030,A161003001,2016-02-06,65786.0,2026-06-01T04:56:12Z,16,Donnée validée,10,Expertisée,20,Bonne,7.384986107,48.102530621,QIXnJ
A1610030,A161003001,2016-02-07,54875.0,2026-06-01T04:56:12Z,16,Donnée validée,10,Expertisée,20,Bonne,7.384986107,48.102530621,QIXnJ
A1610030,A161003001,2016-02-08,59300.0,2026-06-01T04:56:12Z,16,Donnée validée,10,Expertisée,20,Bonne,7.384986107,48.102530621,QIXnJ
A1610030,A161003001,2016-02-09,107200.0,2026-06-01T04:56:12Z,16,Donnée validée,10,Expertisée,20,Bonne,7.384986107,48.102530621,QIXnJ
A1610030,A161003001,2016-02-10,117442.0,2026-06-01T04:56:12Z,16,Donnée validée,10,Expertisée,20,Bonne,7.384986107,48.102530621,QIXnJ
A1610030,A161003001,2016-02-11,109010.0,2026-06-01T04:56:12Z,16,Donnée validée,10,Expertisée,20,Bonne,7.384986107,48.102530621,QIXnJ
A1610030,A161003001,2016-02-12,75263.0,2026-06-01T04:56:12Z,16,Donnée validée,10,Expertisée,20,Bonne,7.384986107,48.102530621,QIXnJ
A1610030,A161003001,2016-02-13,94502.0,2026-06-01T04:56:12Z,16,Donnée validée,10,Expertisée,20,Bonne,7.384986107,48.102530621,QIXnJ
A1610030,A161003001,2016-02-14,130150.0,2026-06-01T04:56:12Z,16,Donnée validée,10,Expertisée,20,Bonne,7.384986107,48.102530621,QIXnJ
A1610030,A161003001,2016-02-15,127122.0,2026-06-01T04:56:12Z,16,Donnée validée,10,Expertisée,20,Bonne,7.384986107,48.102530621,QIXnJ
A1610030,A161003001,2016-02-16,93324.0,2026-06-01T04:56:12Z,16,Donnée validée,10,Expertisée,20,Bonne,7.384986107,48.102530621,QIXnJ
A1610030,A161003001,2016-02-17,63907.0,2026-06-01T04:56:12Z,16,Donnée validée,10,Expertisée,20,Bonne,7.384986107,48.102530621,QIXnJ
A1610030,A161003001,2016-02-18,50115.0,2026-06-01T04:56:12Z,16,Donnée validée,10,Expertisée,20,Bonne,7.384986107,48.102530621,QIXnJ
A1610030,A161003001,2016-02-19,40692.0,2026-06-01T04:56:12Z,16,Donnée validée,10,Expertisée,20,Bonne,7.384986107,48.102530621,QIXnJ
A1610030,A161003001,2016-02-20,34023.0,2026-06-01T04:56:12Z,16,Donnée validée,10,Expertisée,20,Bonne,7.384986107,48.102530621,QIXnJ
A1610030,A161003001,2016-02-21,47025.0,2026-06-01T04:56:12Z,16,Donnée validée,10,Expertisée,20,Bonne,7.384986107,48.102530621,QIXnJ
A1610030,A161003001,2016-02-22,47025.0,2026-06-01T04:56:12Z,16,Donnée validée,10,Expertisée,20,Bonne,7.384986107,48.102530621,QIXnJ
A1610030,A161003001,2016-02-23,62766.0,2026-06-01T04:56:12Z,16,Donnée validée,10,Expertisée,20,Bonne,7.384986107,48.102530621,QIXnJ
A1610030,A161003001,2016-02-24,67747.0,2026-06-01T04:56:12Z,16,Donnée validée,10,Expertisée,20,Bonne,7.384986107,48.102530621,QIXnJ
A1610030,A161003001,2016-02-25,67395.0,2026-06-01T04:56:12Z,16,Donnée validée,10,Expertisée,20,Bonne,7.384986107,48.102530621,QIXnJ
A1610030,A161003001,2016-02-26,67960.0,2026-06-01T04:56:12Z,16,Donnée validée,10,Expertisée,20,Bonne,7.384986107,48.102530621,QIXnJ
A1610030,A161003001,2016-02-27,58093.0,2026-06-01T04:56:12Z,16,Donnée validée,10,Expertisée,20,Bonne,7.384986107,48.102530621,QIXnJ
A1610030,A161003001,2016-02-28,50158.0,2026-06-01T04:56:12Z,16,Donnée validée,10,Expertisée,20,Bonne,7.384986107,48.102530621,QIXnJ
A1610030,A161003001,2016-02-29,42880.0,2026-06-01T04:56:12Z,16,Donnée validée,10,Expertisée,20,Bonne,7.384986107,48.102530621,QIXnJ
A1610030,A161003001,2016-03-01,36908.0,2026-06-01T04:56:12Z,16,Donnée validée,10,Expertisée,20,Bonne,7.384986107,48.102530621,QIXnJ
A1610030,A161003001,2016-03-02,45265.0,2026-06-01T04:56:12Z,16,Donnée validée,10,Expertisée,20,Bonne,7.384986107,48.102530621,QIXnJ
A1610030,A161003001,2016-03-03,62840.0,2026-06-01T04:56:12Z,16,Donnée validée,10,Expertisée,20,Bonne,7.384986107,48.102530621,QIXnJ
A1610030,A161003001,2016-03-04,59303.0,2026-06-01T04:56:12Z,16,Donnée validée,10,Expertisée,20,Bonne,7.384986107,48.102530621,QIXnJ
A1610030,A161003001,2016-03-05,104980.0,2026-06-01T04:56:12Z,16,Donnée validée,10,Expertisée,20,Bonne,7.384986107,48.102530621,QIXnJ
A1610030,A161003001,2016-03-06,106034.0,2026-06-01T04:56:12Z,16,Donnée validée,10,Expertisée,20,Bonne,7.384986107,48.102530621,QIXnJ
A1610030,A161003001,2016-03-07,79765.0,2026-06-01T04:56:12Z,16,Donnée validée,10,Expertisée,20,Bonne,7.384986107,48.102530621,QIXnJ
A1610030,A161003001,2016-03-08,59830.0,2026-06-01T04:56:12Z,16,Donnée validée,10,Expertisée,20,Bonne,7.384986107,48.102530621,QIXnJ
A1610030,A161003001,2016-03-09,47506.0,2026-06-01T04:56:12Z,16,Donnée validée,10,Expertisée,20,Bonne,7.384986107,48.102530621,QIXnJ
A1610030,A161003001,2016-03-10,41646.0,2026-06-01T04:56:12Z,16,Donnée validée,10,Expertisée,20,Bonne,7.384986107,48.102530621,QIXnJ
A1610030,A161003001,2016-03-11,34308.0,2026-06-01T04:56:12Z,16,Donnée validée,10,Expertisée,20,Bonne,7.384986107,48.102530621,QIXnJ
A1610030,A161003001,2016-03-12,28997.0,2026-06-01T04:56:12Z,16,Donnée validée,10,Expertisée,20,Bonne,7.384986107,48.102530621,QIXnJ
A1610030,A161003001,2016-03-13,25424.0,2026-06-01T04:56:12Z,16,Donnée validée,10,Expertisée,20,Bonne,7.384986107,48.102530621,QIXnJ
A1610030,A161003001,2016-03-14,22746.0,2026-06-01T04:56:12Z,16,Donnée validée,10,Expertisée,20,Bonne,7.384986107,48.102530621,QIXnJ
A1610030,A161003001,2016-03-15,21357.0,2026-06-01T04:56:12Z,16,Donnée validée,10,Expertisée,20,Bonne,7.384986107,48.102530621,QIXnJ
A1610030,A161003001,2016-03-16,21051.0,2026-06-01T04:56:12Z,16,Donnée validée,10,Expertisée,20,Bonne,7.384986107,48.102530621,QIXnJ
A1610030,A161003001,2016-03-17,18735.0,2026-06-01T04:56:12Z,16,Donnée validée,10,Expertisée,20,Bonne,7.384986107,48.102530621,QIXnJ
A1610030,A161003001,2016-03-18,18650.0,2026-06-01T04:56:12Z,16,Donnée validée,10,Expertisée,20,Bonne,7.384986107,48.102530621,QIXnJ
A1610030,A161003001,2016-03-19,16690.0,2026-06-01T04:56:12Z,16,Donnée validée,10,Expertisée,20,Bonne,7.384986107,48.102530621,QIXnJ
A1610030,A161003001,2016-03-20,16788.0,2026-06-01T04:56:12Z,16,Donnée validée,10,Expertisée,20,Bonne,7.384986107,48.102530621,QIXnJ
A1610030,A161003001,2016-03-21,15621.0,2026-06-01T04:56:12Z,16,Donnée validée,10,Expertisée,20,Bonne,7.384986107,48.102530621,QIXnJ
A1610030,A161003001,2016-03-22,15456.0,2026-06-01T04:56:12Z,16,Donnée validée,10,Expertisée,20,Bonne,7.384986107,48.102530621,QIXnJ
A1610030,A161003001,2016-03-23,14836.0,2026-06-01T04:56:12Z,16,Donnée validée,10,Expertisée,20,Bonne,7.384986107,48.102530621,QIXnJ
A1610030,A161003001,2016-03-24,15208.0,2026-06-01T04:56:12Z,16,Donnée validée,10,Expertisée,20,Bonne,7.384986107,48.102530621,QIXnJ
A1610030,A161003001,2016-03-25,13766.0,2026-06-01T04:56:12Z,16,Donnée validée,10,Expertisée,20,Bonne,7.384986107,48.102530621,QIXnJ
A1610030,A161003001,2016-03-26,14836.0,2026-06-01T04:56:12Z,16,Donnée validée,10,Expertisée,20,Bonne,7.384986107,48.102530621,QIXnJ
A1610030,A161003001,2016-03-27,14009.0,2026-06-01T04:56:12Z,16,Donnée validée,10,Expertisée,20,Bonne,7.384986107,48.102530621,QIXnJ
A1610030,A161003001,2016-03-28,15869.0,2026-06-01T04:56:12Z,16,Donnée validée,10,Expertisée,20,Bonne,7.384986107,48.102530621,QIXnJ
A1610030,A161003001,2016-03-29,16298.0,2026-06-01T04:56:12Z,16,Donnée validée,10,Expertisée,20,Bonne,7.384986107,48.102530621,QIXnJ
A1610030,A161003001,2016-03-30,19091.0,2026-06-01T04:56:12Z,16,Donnée validée,10,Expertisée,20,Bonne,7.384986107,48.102530621,QIXnJ
A1610030,A161003001,2016-03-31,21149.0,2026-06-01T04:56:12Z,16,Donnée validée,10,Expertisée,20,Bonne,7.384986107,48.102530621,QIXnJ
A1610030,A161003001,2016-04-01,22423.0,2026-06-01T04:56:12Z,16,Donnée validée,10,Expertisée,20,Bonne,7.384986107,48.102530621,QIXnJ
A1610030,A161003001,2016-04-02,18941.0,2026-06-01T04:56:12Z,16,Donnée validée,10,Expertisée,20,Bonne,7.384986107,48.102530621,QIXnJ
A1610030,A161003001,2016-04-03,17481.0,2026-06-01T04:56:12Z,16,Donnée validée,10,Expertisée,20,Bonne,7.384986107,48.102530621,QIXnJ
A1610030,A161003001,2016-04-04,18356.0,2026-06-01T04:56:12Z,16,Donnée validée,10,Expertisée,20,Bonne,7.384986107,48.102530621,QIXnJ
A1610030,A161003001,2016-04-05,25946.0,2026-06-01T04:56:12Z,16,Donnée validée,10,Expertisée,20,Bonne,7.384986107,48.102530621,QIXnJ
A1610030,A161003001,2016-04-06,35823.0,2026-06-01T04:56:12Z,16,Donnée validée,10,Expertisée,20,Bonne,7.384986107,48.102530621,QIXnJ
A1610030,A161003001,2016-04-07,32377.0,2026-06-01T04:56:12Z,16,Donnée validée,10,Expertisée,20,Bonne,7.384986107,48.102530621,QIXnJ
A1610030,A161003001,2016-04-08,24996.0,2026-06-01T04:56:12Z,16,Donnée validée,10,Expertisée,20,Bonne,7.384986107,48.102530621,QIXnJ
A1610030,A161003001,2016-04-09,21855.0,2026-06-01T04:56:12Z,16,Donnée validée,10,Expertisée,20,Bonne,7.384986107,48.102530621,QIXnJ
A1610030,A161003001,2016-04-10,19806.0,2026-06-01T04:56:12Z,16,Donnée validée,10,Expertisée,20,Bonne,7.384986107,48.102530621,QIXnJ
A1610030,A161003001,2016-04-11,18032.0,2026-06-01T04:56:12Z,16,Donnée validée,10,Expertisée,20,Bonne,7.384986107,48.102530621,QIXnJ
A1610030,A161003001,2016-04-12,19238.0,2026-06-01T04:56:12Z,16,Donnée validée,10,Expertisée,20,Bonne,7.384986107,48.102530621,QIXnJ
A1610030,A161003001,2016-04-13,22962.0,2026-06-01T04:56:12Z,16,Donnée validée,10,Expertisée,20,Bonne,7.384986107,48.102530621,QIXnJ
A1610030,A161003001,2016-04-14,23844.0,2026-06-01T04:56:12Z,16,Donnée validée,10,Expertisée,20,Bonne,7.384986107,48.102530621,QIXnJ
A1610030,A161003001,2016-04-15,28246.0,2026-06-01T04:56:12Z,16,Donnée validée,10,Expertisée,20,Bonne,7.384986107,48.102530621,QIXnJ
A1610030,A161003001,2016-04-16,64600.0,2026-06-01T04:56:12Z,16,Donnée validée,10,Expertisée,20,Bonne,7.384986107,48.102530621,QIXnJ
A1610030,A161003001,2016-04-17,121034.0,2026-06-01T04:56:12Z,16,Donnée validée,10,Expertisée,20,Bonne,7.384986107,48.102530621,QIXnJ
A1610030,A161003001,2016-04-18,146650.0,2026-06-01T04:56:12Z,16,Donnée validée,10,Expertisée,20,Bonne,7.384986107,48.102530621,QIXnJ
A1610030,A161003001,2016-04-19,131138.0,2026-06-01T04:56:12Z,16,Donnée validée,10,Expertisée,20,Bonne,7.384986107,48.102530621,QIXnJ
A1610030,A161003001,2016-04-20,77066.0,2026-06-01T04:56:12Z,16,Donnée validée,10,Expertisée,20,Bonne,7.384986107,48.102530621,QIXnJ
A1610030,A161003001,2016-04-21,54961.0,2026-06-01T04:56:12Z,16,Donnée validée,10,Expertisée,20,Bonne,7.384986107,48.102530621,QIXnJ
A1610030,A161003001,2016-04-22,42169.0,2026-06-01T04:56:12Z,16,Donnée validée,10,Expertisée,20,Bonne,7.384986107,48.102530621,QIXnJ
A1610030,A161003001,2016-04-23,37469.0,2026-06-01T04:56:12Z,16,Donnée validée,10,Expertisée,20,Bonne,7.384986107,48.102530621,QIXnJ
A1610030,A161003001,2016-04-24,35257.0,2026-06-01T04:56:12Z,16,Donnée validée,10,Expertisée,20,Bonne,7.384986107,48.102530621,QIXnJ
A1610030,A161003001,2016-04-25,33016.0,2026-06-01T04:56:12Z,16,Donnée validée,10,Expertisée,20,Bonne,7.384986107,48.102530621,QIXnJ
A1610030,A161003001,2016-04-26,33448.0,2026-06-01T04:56:12Z,16,Donnée validée,10,Expertisée,20,Bonne,7.384986107,48.102530621,QIXnJ
A1610030,A161003001,2016-04-27,46530.0,2026-06-01T04:56:12Z,16,Donnée validée,10,Expertisée,20,Bonne,7.384986107,48.102530621,QIXnJ
A1610030,A161003001,2016-04-28,40323.0,2026-06-01T04:56:12Z,16,Donnée validée,10,Expertisée,20,Bonne,7.384986107,48.102530621,QIXnJ
A1610030,A161003001,2016-04-29,31040.0,2026-06-01T04:56:12Z,16,Donnée validée,10,Expertisée,20,Bonne,7.384986107,48.102530621,QIXnJ
A1610030,A161003001,2016-04-30,29081.0,2026-06-01T04:56:12Z,16,Donnée validée,10,Expertisée,20,Bonne,7.384986107,48.102530621,QIXnJ
A1610030,A161003001,2016-05-01,66360.0,2026-06-01T04:56:12Z,16,Donnée validée,10,Expertisée,20,Bonne,7.384986107,48.102530621,QIXnJ
A1610030,A161003001,2016-05-02,68920.0,2026-06-01T04:56:12Z,16,Donnée validée,10,Expertisée,20,Bonne,7.384986107,48.102530621,QIXnJ
A1610030,A161003001,2016-05-03,50914.0,2026-06-01T04:56:12Z,16,Donnée validée,10,Expertisée,20,Bonne,7.384986107,48.102530621,QIXnJ
A1610030,A161003001,2016-05-04,38261.0,2026-06-01T04:56:12Z,16,Donnée validée,10,Expertisée,20,Bonne,7.384986107,48.102530621,QIXnJ
A1610030,A161003001,2016-05-05,30526.0,2026-06-01T04:56:12Z,16,Donnée validée,10,Expertisée,20,Bonne,7.384986107,48.102530621,QIXnJ
A1610030,A161003001,2016-05-06,26132.0,2026-06-01T04:56:12Z,16,Donnée validée,10,Expertisée,20,Bonne,7.384986107,48.102530621,QIXnJ
A1610030,A161003001,2016-05-07,23158.0,2026-06-01T04:56:12Z,16,Donnée validée,10,Expertisée,20,Bonne,7.384986107,48.102530621,QIXnJ
A1610030,A161003001,2016-05-08,20184.0,2026-06-01T04:56:12Z,16,Donnée validée,10,Expertisée,20,Bonne,7.384986107,48.102530621,QIXnJ
A1610030,A161003001,2016-05-09,18748.0,2026-06-01T04:56:12Z,16,Donnée validée,10,Expertisée,20,Bonne,7.384986107,48.102530621,QIXnJ
A1610030,A161003001,2016-05-10,18552.0,2026-06-01T04:56:12Z,16,Donnée validée,10,Expertisée,20,Bonne,7.384986107,48.102530621,QIXnJ
A1610030,A161003001,2016-05-11,18503.0,2026-06-01T04:56:12Z,16,Donnée validée,10,Expertisée,20,Bonne,7.384986107,48.102530621,QIXnJ
A1610030,A161003001,2016-05-12,48070.0,2026-06-01T04:56:12Z,16,Donnée validée,10,Expertisée,20,Bonne,7.384986107,48.102530621,QIXnJ
A1610030,A161003001,2016-05-13,44935.0,2026-06-01T04:56:12Z,16,Donnée validée,10,Expertisée,20,Bonne,7.384986107,48.102530621,QIXnJ
A1610030,A161003001,2016-05-14,60387.0,2026-06-01T04:56:12Z,16,Donnée validée,10,Expertisée,20,Bonne,7.384986107,48.102530621,QIXnJ
A1610030,A161003001,2016-05-15,54835.0,2026-06-01T04:56:12Z,16,Donnée validée,10,Expertisée,20,Bonne,7.384986107,48.102530621,QIXnJ
A1610030,A161003001,2016-05-16,35874.0,2026-06-01T04:56:12Z,16,Donnée validée,10,Expertisée,20,Bonne,7.384986107,48.102530621,QIXnJ
A1610030,A161003001,2016-05-17,26723.0,2026-06-01T04:56:12Z,16,Donnée validée,10,Expertisée,20,Bonne,7.384986107,48.102530621,QIXnJ
A1610030,A161003001,2016-05-18,22896.0,2026-06-01T04:56:12Z,16,Donnée validée,10,Expertisée,20,Bonne,7.384986107,48.102530621,QIXnJ
A1610030,A161003001,2016-05-19,27800.0,2026-06-01T04:56:12Z,16,Donnée validée,10,Expertisée,20,Bonne,7.384986107,48.102530621,QIXnJ
A1610030,A161003001,2016-05-20,27521.0,2026-06-01T04:56:12Z,16,Donnée validée,10,Expertisée,20,Bonne,7.384986107,48.102530621,QIXnJ
A1610030,A161003001,2016-05-21,21850.0,2026-06-01T04:56:12Z,16,Donnée validée,10,Expertisée,20,Bonne,7.384986107,48.102530621,QIXnJ
A1610030,A161003001,2016-05-22,18624.0,2026-06-01T04:56:12Z,16,Donnée validée,10,Expertisée,20,Bonne,7.384986107,48.102530621,QIXnJ
A1610030,A161003001,2016-05-23,30783.0,2026-06-01T04:56:12Z,16,Donnée validée,10,Expertisée,20,Bonne,7.384986107,48.102530621,QIXnJ
A1610030,A161003001,2016-05-24,30731.0,2026-06-01T04:56:12Z,16,Donnée validée,10,Expertisée,20,Bonne,7.384986107,48.102530621,QIXnJ
A1610030,A161003001,2016-05-25,29672.0,2026-06-01T04:56:12Z,16,Donnée validée,10,Expertisée,20,Bonne,7.384986107,48.102530621,QIXnJ
A1610030,A161003001,2016-05-26,24001.0,2026-06-01T04:56:12Z,16,Donnée validée,10,Expertisée,20,Bonne,7.384986107,48.102530621,QIXnJ
A1610030,A161003001,2016-05-27,20581.0,2026-06-01T04:56:12Z,16,Donnée validée,10,Expertisée,20,Bonne,7.384986107,48.102530621,QIXnJ
A1610030,A161003001,2016-05-28,18033.0,2026-06-01T04:56:12Z,16,Donnée validée,10,Expertisée,20,Bonne,7.384986107,48.102530621,QIXnJ
A1610030,A161003001,2016-05-29,38189.0,2026-06-01T04:56:12Z,16,Donnée validée,10,Expertisée,20,Bonne,7.384986107,48.102530621,QIXnJ
A1610030,A161003001,2016-05-30,32803.0,2026-06-01T04:56:12Z,16,Donnée validée,10,Expertisée,20,Bonne,7.384986107,48.102530621,QIXnJ
A1610030,A161003001,2016-05-31,34135.0,2026-06-01T04:56:12Z,16,Donnée validée,10,Expertisée,20,Bonne,7.384986107,48.102530621,QIXnJ
A1610030,A161003001,2016-06-01,51865.0,2026-06-01T04:56:12Z,16,Donnée validée,10,Expertisée,20,Bonne,7.384986107,48.102530621,QIXnJ
A1610030,A161003001,2016-06-02,40750.0,2026-06-01T04:56:12Z,16,Donnée validée,10,Expertisée,20,Bonne,7.384986107,48.102530621,QIXnJ
A1610030,A161003001,2016-06-03,41737.0,2026-06-01T04:56:12Z,16,Donnée validée,10,Expertisée,20,Bonne,7.384986107,48.102530621,QIXnJ
A1610030,A161003001,2016-06-04,41891.0,2026-06-01T04:56:12Z,16,Donnée validée,10,Expertisée,20,Bonne,7.384986107,48.102530621,QIXnJ
A1610030,A161003001,2016-06-05,41858.0,2026-06-01T04:56:12Z,16,Donnée validée,10,Expertisée,20,Bonne,7.384986107,48.102530621,QIXnJ
A1610030,A161003001,2016-06-06,38960.0,2026-06-01T04:56:12Z,16,Donnée validée,10,Expertisée,20,Bonne,7.384986107,48.102530621,QIXnJ
A1610030,A161003001,2016-06-07,32879.0,2026-06-01T04:56:12Z,16,Donnée validée,10,Expertisée,20,Bonne,7.384986107,48.102530621,QIXnJ
A1610030,A161003001,2016-06-08,66093.0,2026-06-01T04:56:12Z,16,Donnée validée,10,Expertisée,20,Bonne,7.384986107,48.102530621,QIXnJ
A1610030,A161003001,2016-06-09,93882.0,2026-06-01T04:56:12Z,16,Donnée validée,10,Expertisée,20,Bonne,7.384986107,48.102530621,QIXnJ
A1610030,A161003001,2016-06-10,59001.0,2026-06-01T04:56:12Z,16,Donnée validée,10,Expertisée,20,Bonne,7.384986107,48.102530621,QIXnJ
A1610030,A161003001,2016-06-11,40709.0,2026-06-01T04:56:12Z,16,Donnée validée,10,Expertisée,20,Bonne,7.384986107,48.102530621,QIXnJ
A1610030,A161003001,2016-06-12,39577.0,2026-06-01T04:56:12Z,16,Donnée validée,10,Expertisée,20,Bonne,7.384986107,48.102530621,QIXnJ
A1610030,A161003001,2016-06-13,44411.0,2026-06-01T04:56:12Z,16,Donnée validée,10,Expertisée,20,Bonne,7.384986107,48.102530621,QIXnJ
A1610030,A161003001,2016-06-14,52140.0,2026-06-01T04:56:12Z,16,Donnée validée,10,Expertisée,20,Bonne,7.384986107,48.102530621,QIXnJ
A1610030,A161003001,2016-06-15,66685.0,2026-06-01T04:56:12Z,16,Donnée validée,10,Expertisée,20,Bonne,7.384986107,48.102530621,QIXnJ
A1610030,A161003001,2016-06-16,68813.0,2026-06-01T04:56:12Z,16,Donnée validée,10,Expertisée,20,Bonne,7.384986107,48.102530621,QIXnJ
A1610030,A161003001,2016-06-17,93820.0,2026-06-01T04:56:12Z,16,Donnée validée,10,Expertisée,20,Bonne,7.384986107,48.102530621,QIXnJ
A1610030,A161003001,2016-06-18,88198.0,2026-06-01T04:56:12Z,16,Donnée validée,10,Expertisée,20,Bonne,7.384986107,48.102530621,QIXnJ
A1610030,A161003001,2016-06-19,63149.0,2026-06-01T04:56:12Z,16,Donnée validée,10,Expertisée,20,Bonne,7.384986107,48.102530621,QIXnJ
A1610030,A161003001,2016-06-20,57240.0,2026-06-01T04:56:12Z,16,Donnée validée,10,Expertisée,20,Bonne,7.384986107,48.102530621,QIXnJ
A1610030,A161003001,2016-06-21,43358.0,2026-06-01T04:56:12Z,16,Donnée validée,10,Expertisée,20,Bonne,7.384986107,48.102530621,QIXnJ
A1610030,A161003001,2016-06-22,34988.0,2026-06-01T04:56:12Z,16,Donnée validée,10,Expertisée,20,Bonne,7.384986107,48.102530621,QIXnJ
A1610030,A161003001,2016-06-23,29755.0,2026-06-01T04:56:12Z,16,Donnée validée,10,Expertisée,20,Bonne,7.384986107,48.102530621,QIXnJ
A1610030,A161003001,2016-06-24,24852.0,2026-06-01T04:56:12Z,16,Donnée validée,10,Expertisée,20,Bonne,7.384986107,48.102530621,QIXnJ
A1610030,A161003001,2016-06-25,107646.0,2026-06-01T04:56:12Z,16,Donnée validée,10,Expertisée,20,Bonne,7.384986107,48.102530621,QIXnJ
A1610030,A161003001,2016-06-26,107646.0,2026-06-01T04:56:12Z,16,Donnée validée,10,Expertisée,20,Bonne,7.384986107,48.102530621,QIXnJ
A1610030,A161003001,2016-06-27,53955.0,2026-06-01T04:56:12Z,16,Donnée validée,10,Expertisée,20,Bonne,7.384986107,48.102530621,QIXnJ
A1610030,A161003001,2016-06-28,36184.0,2026-06-01T04:56:12Z,16,Donnée validée,10,Expertisée,20,Bonne,7.384986107,48.102530621,QIXnJ
A1610030,A161003001,2016-06-29,29497.0,2026-06-01T04:56:12Z,16,Donnée validée,10,Expertisée,20,Bonne,7.384986107,48.102530621,QIXnJ
A1610030,A161003001,2016-06-30,24677.0,2026-06-01T04:56:12Z,16,Donnée validée,10,Expertisée,20,Bonne,7.384986107,48.102530621,QIXnJ
A1610030,A161003001,2016-07-01,22181.0,2026-06-01T04:56:12Z,16,Donnée validée,10,Expertisée,20,Bonne,7.384986107,48.102530621,QIXnJ
A1610030,A161003001,2016-07-02,19694.0,2026-06-01T04:56:12Z,16,Donnée validée,10,Expertisée,20,Bonne,7.384986107,48.102530621,QIXnJ
A1610030,A161003001,2016-07-03,18087.0,2026-06-01T04:56:12Z,16,Donnée validée,10,Expertisée,20,Bonne,7.384986107,48.102530621,QIXnJ
A1610030,A161003001,2016-07-04,16390.0,2026-06-01T04:56:12Z,16,Donnée validée,10,Expertisée,20,Bonne,7.384986107,48.102530621,QIXnJ
A1610030,A161003001,2016-07-05,14808.0,2026-06-01T04:56:12Z,16,Donnée validée,10,Expertisée,20,Bonne,7.384986107,48.102530621,QIXnJ
A1610030,A161003001,2016-07-06,14122.0,2026-06-01T04:56:12Z,16,Donnée validée,10,Expertisée,20,Bonne,7.384986107,48.102530621,QIXnJ
A1610030,A161003001,2016-07-07,13651.0,2026-06-01T04:56:12Z,16,Donnée validée,10,Expertisée,20,Bonne,7.384986107,48.102530621,QIXnJ
A1610030,A161003001,2016-07-08,12372.0,2026-06-01T04:56:12Z,16,Donnée validée,10,Expertisée,20,Bonne,7.384986107,48.102530621,QIXnJ
A1610030,A161003001,2016-07-09,10980.0,2026-06-01T04:56:12Z,16,Donnée validée,10,Expertisée,20,Bonne,7.384986107,48.102530621,QIXnJ
A1610030,A161003001,2016-07-10,9658.0,2026-06-01T04:56:12Z,16,Donnée validée,10,Expertisée,20,Bonne,7.384986107,48.102530621,QIXnJ
A1610030,A161003001,2016-07-11,9448.0,2026-06-01T04:56:12Z,16,Donnée validée,10,Expertisée,20,Bonne,7.384986107,48.102530621,QIXnJ
A1610030,A161003001,2016-07-12,8991.0,2026-06-01T04:56:12Z,16,Donnée validée,10,Expertisée,20,Bonne,7.384986107,48.102530621,QIXnJ
A1610030,A161003001,2016-07-13,10507.0,2026-06-01T04:56:12Z,16,Donnée validée,10,Expertisée,20,Bonne,7.384986107,48.102530621,QIXnJ
A1610030,A161003001,2016-07-14,14377.0,2026-06-01T04:56:12Z,16,Donnée validée,10,Expertisée,20,Bonne,7.384986107,48.102530621,QIXnJ
A1610030,A161003001,2016-07-15,15742.0,2026-06-01T04:56:12Z,16,Donnée validée,10,Expertisée,20,Bonne,7.384986107,48.102530621,QIXnJ
A1610030,A161003001,2016-07-16,12595.0,2026-06-01T04:56:12Z,16,Donnée validée,10,Expertisée,20,Bonne,7.384986107,48.102530621,QIXnJ
A1610030,A161003001,2016-07-17,10099.0,2026-06-01T04:56:12Z,16,Donnée validée,10,Expertisée,20,Bonne,7.384986107,48.102530621,QIXnJ
A1610030,A161003001,2016-07-18,9009.0,2026-06-01T04:56:12Z,16,Donnée validée,10,Expertisée,20,Bonne,7.384986107,48.102530621,QIXnJ
A1610030,A161003001,2016-07-19,8196.0,2026-06-01T04:56:12Z,16,Donnée validée,10,Expertisée,20,Bonne,7.384986107,48.102530621,QIXnJ
A1610030,A161003001,2016-07-20,7374.0,2026-06-01T04:56:12Z,16,Donnée validée,10,Expertisée,20,Bonne,7.384986107,48.102530621,QIXnJ
A1610030,A161003001,2016-07-21,7160.0,2026-06-01T04:56:12Z,16,Donnée validée,10,Expertisée,20,Bonne,7.384986107,48.102530621,QIXnJ
A1610030,A161003001,2016-07-22,7308.0,2026-06-01T04:56:12Z,16,Donnée validée,10,Expertisée,20,Bonne,7.384986107,48.102530621,QIXnJ
A1610030,A161003001,2016-07-23,11108.0,2026-06-01T04:56:12Z,16,Donnée validée,10,Expertisée,20,Bonne,7.384986107,48.102530621,QIXnJ
A1610030,A161003001,2016-07-24,8790.0,2026-06-01T04:56:12Z,16,Donnée validée,10,Expertisée,20,Bonne,7.384986107,48.102530621,QIXnJ
A1610030,A161003001,2016-07-25,7196.0,2026-06-01T04:56:12Z,16,Donnée validée,10,Expertisée,20,Bonne,7.384986107,48.102530621,QIXnJ
A1610030,A161003001,2016-07-26,6607.0,2026-06-01T04:56:12Z,16,Donnée validée,10,Expertisée,20,Bonne,7.384986107,48.102530621,QIXnJ
A1610030,A161003001,2016-07-27,8682.0,2026-06-01T04:56:12Z,16,Donnée validée,10,Expertisée,20,Bonne,7.384986107,48.102530621,QIXnJ
A1610030,A161003001,2016-07-28,8496.0,2026-06-01T04:56:12Z,16,Donnée validée,10,Expertisée,20,Bonne,7.384986107,48.102530621,QIXnJ
A1610030,A161003001,2016-07-29,7600.0,2026-06-01T04:56:12Z,16,Donnée validée,10,Expertisée,20,Bonne,7.384986107,48.102530621,QIXnJ
A1610030,A161003001,2016-07-30,7285.0,2026-06-01T04:56:12Z,16,Donnée validée,10,Expertisée,20,Bonne,7.384986107,48.102530621,QIXnJ
A1610030,A161003001,2016-07-31,10592.0,2026-06-01T04:56:12Z,16,Donnée validée,10,Expertisée,20,Bonne,7.384986107,48.102530621,QIXnJ
A1610030,A161003001,2016-08-01,8316.0,2026-06-01T04:56:12Z,16,Donnée validée,10,Expertisée,20,Bonne,7.384986107,48.102530621,QIXnJ
A1610030,A161003001,2016-08-02,8022.0,2026-06-01T04:56:12Z,16,Donnée validée,10,Expertisée,20,Bonne,7.384986107,48.102530621,QIXnJ
A1610030,A161003001,2016-08-03,7565.0,2026-06-01T04:56:12Z,16,Donnée validée,10,Expertisée,20,Bonne,7.384986107,48.102530621,QIXnJ
A1610030,A161003001,2016-08-04,11162.0,2026-06-01T04:56:12Z,16,Donnée validée,10,Expertisée,20,Bonne,7.384986107,48.102530621,QIXnJ
A1610030,A161003001,2016-08-05,11465.0,2026-06-01T04:56:12Z,16,Donnée validée,10,Expertisée,20,Bonne,7.384986107,48.102530621,QIXnJ
A1610030,A161003001,2016-08-06,10337.0,2026-06-01T04:56:12Z,16,Donnée validée,10,Expertisée,20,Bonne,7.384986107,48.102530621,QIXnJ
A1610030,A161003001,2016-08-07,8378.0,2026-06-01T04:56:12Z,16,Donnée validée,10,Expertisée,20,Bonne,7.384986107,48.102530621,QIXnJ
A1610030,A161003001,2016-08-08,7594.0,2026-06-01T04:56:12Z,16,Donnée validée,10,Expertisée,20,Bonne,7.384986107,48.102530621,QIXnJ
A1610030,A161003001,2016-08-09,7249.0,2026-06-01T04:56:12Z,16,Donnée validée,10,Expertisée,20,Bonne,7.384986107,48.102530621,QIXnJ
A1610030,A161003001,2016-08-10,7283.0,2026-06-01T04:56:12Z,16,Donnée validée,10,Expertisée,20,Bonne,7.384986107,48.102530621,QIXnJ
A1610030,A161003001,2016-08-11,6991.0,2026-06-01T04:56:12Z,16,Donnée validée,10,Expertisée,20,Bonne,7.384986107,48.102530621,QIXnJ
A1610030,A161003001,2016-08-12,6290.0,2026-06-01T04:56:12Z,16,Donnée validée,10,Expertisée,20,Bonne,7.384986107,48.102530621,QIXnJ
A1610030,A161003001,2016-08-13,6174.0,2026-06-01T04:56:12Z,16,Donnée validée,10,Expertisée,20,Bonne,7.384986107,48.102530621,QIXnJ
A1610030,A161003001,2016-08-14,5743.0,2026-06-01T04:56:12Z,16,Donnée validée,10,Expertisée,20,Bonne,7.384986107,48.102530621,QIXnJ
A1610030,A161003001,2016-08-15,5578.0,2026-06-01T04:56:12Z,16,Donnée validée,10,Expertisée,20,Bonne,7.384986107,48.102530621,QIXnJ
A1610030,A161003001,2016-08-16,5223.0,2026-06-01T04:56:12Z,16,Donnée validée,10,Expertisée,20,Bonne,7.384986107,48.102530621,QIXnJ
A1610030,A161003001,2016-08-17,7261.0,2026-06-01T04:56:12Z,16,Donnée validée,10,Expertisée,20,Bonne,7.384986107,48.102530621,QIXnJ
A1610030,A161003001,2016-08-18,7005.0,2026-06-01T04:56:12Z,16,Donnée validée,10,Expertisée,20,Bonne,7.384986107,48.102530621,QIXnJ
A1610030,A161003001,2016-08-19,7622.0,2026-06-01T04:56:12Z,16,Donnée validée,10,Expertisée,20,Bonne,7.384986107,48.102530621,QIXnJ
A1610030,A161003001,2016-08-20,6107.0,2026-06-01T04:56:12Z,16,Donnée validée,10,Expertisée,20,Bonne,7.384986107,48.102530621,QIXnJ
A1610030,A161003001,2016-08-21,5840.0,2026-06-01T04:56:12Z,16,Donnée validée,10,Expertisée,20,Bonne,7.384986107,48.102530621,QIXnJ
A1610030,A161003001,2016-08-22,5810.0,2026-06-01T04:56:12Z,16,Donnée validée,10,Expertisée,20,Bonne,7.384986107,48.102530621,QIXnJ
A1610030,A161003001,2016-08-23,5600.0,2026-06-01T04:56:12Z,16,Donnée validée,10,Expertisée,20,Bonne,7.384986107,48.102530621,QIXnJ
A1610030,A161003001,2016-08-24,5360.0,2026-06-01T04:56:12Z,16,Donnée validée,10,Expertisée,20,Bonne,7.384986107,48.102530621,QIXnJ
A1610030,A161003001,2016-08-25,5360.0,2026-06-01T04:56:12Z,16,Donnée validée,10,Expertisée,20,Bonne,7.384986107,48.102530621,QIXnJ
A1610030,A161003001,2016-08-26,4940.0,2026-06-01T04:56:12Z,16,Donnée validée,10,Expertisée,20,Bonne,7.384986107,48.102530621,QIXnJ
A1610030,A161003001,2016-08-27,4970.0,2026-06-01T04:56:12Z,16,Donnée validée,10,Expertisée,20,Bonne,7.384986107,48.102530621,QIXnJ
A1610030,A161003001,2016-08-28,4640.0,2026-06-01T04:56:12Z,16,Donnée validée,10,Expertisée,20,Bonne,7.384986107,48.102530621,QIXnJ
A1610030,A161003001,2016-08-29,4760.0,2026-06-01T04:56:12Z,16,Donnée validée,10,Expertisée,20,Bonne,7.384986107,48.102530621,QIXnJ
A1610030,A161003001,2016-08-30,4700.0,2026-06-01T04:56:12Z,16,Donnée validée,10,Expertisée,20,Bonne,7.384986107,48.102530621,QIXnJ
A1610030,A161003001,2016-08-31,5780.0,2026-06-01T04:56:12Z,16,Donnée validée,10,Expertisée,20,Bonne,7.384986107,48.102530621,QIXnJ
A1610030,A161003001,2016-09-01,5498.0,2026-06-01T04:56:12Z,16,Donnée validée,10,Expertisée,20,Bonne,7.384986107,48.102530621,QIXnJ
A1610030,A161003001,2016-09-02,4218.0,2026-06-01T04:56:12Z,16,Donnée validée,10,Expertisée,20,Bonne,7.384986107,48.102530621,QIXnJ
A1610030,A161003001,2016-09-03,4038.0,2026-06-01T04:56:12Z,16,Donnée validée,10,Expertisée,20,Bonne,7.384986107,48.102530621,QIXnJ
A1610030,A161003001,2016-09-04,4582.0,2026-06-01T04:56:12Z,16,Donnée validée,10,Expertisée,20,Bonne,7.384986107,48.102530621,QIXnJ
A1610030,A161003001,2016-09-05,6204.0,2026-06-01T04:56:12Z,16,Donnée validée,10,Expertisée,20,Bonne,7.384986107,48.102530621,QIXnJ
A1610030,A161003001,2016-09-06,5850.0,2026-06-01T04:56:12Z,16,Donnée validée,10,Expertisée,20,Bonne,7.384986107,48.102530621,QIXnJ
A1610030,A161003001,2016-09-07,5329.0,2026-06-01T04:56:12Z,16,Donnée validée,10,Expertisée,20,Bonne,7.384986107,48.102530621,QIXnJ
A1610030,A161003001,2016-09-08,4830.0,2026-06-01T04:56:12Z,16,Donnée validée,10,Expertisée,20,Bonne,7.384986107,48.102530621,QIXnJ
A1610030,A161003001,2016-09-09,4779.0,2026-06-01T04:56:12Z,16,Donnée validée,10,Expertisée,20,Bonne,7.384986107,48.102530621,QIXnJ
A1610030,A161003001,2016-09-10,5527.0,2026-06-01T04:56:12Z,16,Donnée validée,10,Expertisée,20,Bonne,7.384986107,48.102530621,QIXnJ
A1610030,A161003001,2016-09-11,4829.0,2026-06-01T04:56:12Z,16,Donnée validée,10,Expertisée,20,Bonne,7.384986107,48.102530621,QIXnJ
A1610030,A161003001,2016-09-12,4445.0,2026-06-01T04:56:12Z,16,Donnée validée,10,Expertisée,20,Bonne,7.384986107,48.102530621,QIXnJ
A1610030,A161003001,2016-09-13,4701.0,2026-06-01T04:56:12Z,16,Donnée validée,10,Expertisée,20,Bonne,7.384986107,48.102530621,QIXnJ
A1610030,A161003001,2016-09-14,4745.0,2026-06-01T04:56:12Z,16,Donnée validée,10,Expertisée,20,Bonne,7.384986107,48.102530621,QIXnJ
A1610030,A161003001,2016-09-15,6398.0,2026-06-01T04:56:12Z,16,Donnée validée,10,Expertisée,20,Bonne,7.384986107,48.102530621,QIXnJ
A1610030,A161003001,2016-09-16,5527.0,2026-06-01T04:56:12Z,16,Donnée validée,10,Expertisée,20,Bonne,7.384986107,48.102530621,QIXnJ
A1610030,A161003001,2016-09-17,5528.0,2026-06-01T04:56:12Z,16,Donnée validée,10,Expertisée,20,Bonne,7.384986107,48.102530621,QIXnJ
A1610030,A161003001,2016-09-18,8914.0,2026-06-01T04:56:12Z,16,Donnée validée,10,Expertisée,20,Bonne,7.384986107,48.102530621,QIXnJ
A1610030,A161003001,2016-09-19,9382.0,2026-06-01T04:56:12Z,16,Donnée validée,10,Expertisée,20,Bonne,7.384986107,48.102530621,QIXnJ
A1610030,A161003001,2016-09-20,8426.0,2026-06-01T04:56:12Z,16,Donnée validée,10,Expertisée,20,Bonne,7.384986107,48.102530621,QIXnJ
A1610030,A161003001,2016-09-21,7314.0,2026-06-01T04:56:12Z,16,Donnée validée,10,Expertisée,20,Bonne,7.384986107,48.102530621,QIXnJ
A1610030,A161003001,2016-09-22,6649.0,2026-06-01T04:56:12Z,16,Donnée validée,10,Expertisée,20,Bonne,7.384986107,48.102530621,QIXnJ
A1610030,A161003001,2016-09-23,6556.0,2026-06-01T04:56:12Z,16,Donnée validée,10,Expertisée,20,Bonne,7.384986107,48.102530621,QIXnJ
A1610030,A161003001,2016-09-24,7520.0,2026-06-01T04:56:12Z,16,Donnée validée,10,Expertisée,20,Bonne,7.384986107,48.102530621,QIXnJ
A1610030,A161003001,2016-09-25,6461.0,2026-06-01T04:56:12Z,16,Donnée validée,10,Expertisée,20,Bonne,7.384986107,48.102530621,QIXnJ
A1610030,A161003001,2016-09-26,6265.0,2026-06-01T04:56:12Z,16,Donnée validée,10,Expertisée,20,Bonne,7.384986107,48.102530621,QIXnJ
A1610030,A161003001,2016-09-27,5895.0,2026-06-01T04:56:12Z,16,Donnée validée,10,Expertisée,20,Bonne,7.384986107,48.102530621,QIXnJ
A1610030,A161003001,2016-09-28,5765.0,2026-06-01T04:56:12Z,16,Donnée validée,10,Expertisée,20,Bonne,7.384986107,48.102530621,QIXnJ
A1610030,A161003001,2016-09-29,5663.0,2026-06-01T04:56:12Z,16,Donnée validée,10,Expertisée,20,Bonne,7.384986107,48.102530621,QIXnJ
A1610030,A161003001,2016-09-30,4976.0,2026-06-01T04:56:12Z,16,Donnée validée,10,Expertisée,20,Bonne,7.384986107,48.102530621,QIXnJ
A1610030,A161003001,2016-10-01,4917.0,2026-06-01T04:56:12Z,16,Donnée validée,10,Expertisée,20,Bonne,7.384986107,48.102530621,QIXnJ
A1610030,A161003001,2016-10-02,5342.0,2026-06-01T04:56:12Z,16,Donnée validée,10,Expertisée,20,Bonne,7.384986107,48.102530621,QIXnJ
A1610030,A161003001,2016-10-03,5313.0,2026-06-01T04:56:12Z,16,Donnée validée,10,Expertisée,20,Bonne,7.384986107,48.102530621,QIXnJ
A1610030,A161003001,2016-10-04,4757.0,2026-06-01T04:56:12Z,16,Donnée validée,10,Expertisée,20,Bonne,7.384986107,48.102530621,QIXnJ
A1610030,A161003001,2016-10-05,4421.0,2026-06-01T04:56:12Z,16,Donnée validée,10,Expertisée,20,Bonne,7.384986107,48.102530621,QIXnJ
A1610030,A161003001,2016-10-06,4320.0,2026-06-01T04:56:12Z,16,Donnée validée,10,Expertisée,20,Bonne,7.384986107,48.102530621,QIXnJ
A1610030,A161003001,2016-10-07,4624.0,2026-06-01T04:56:12Z,16,Donnée validée,10,Expertisée,20,Bonne,7.384986107,48.102530621,QIXnJ
A1610030,A161003001,2016-10-08,4825.0,2026-06-01T04:56:12Z,16,Donnée validée,10,Expertisée,20,Bonne,7.384986107,48.102530621,QIXnJ
A1610030,A161003001,2016-10-09,4925.0,2026-06-01T04:56:12Z,16,Donnée validée,10,Expertisée,20,Bonne,7.384986107,48.102530621,QIXnJ
A1610030,A161003001,2016-10-10,5313.0,2026-06-01T04:56:12Z,16,Donnée validée,10,Expertisée,20,Bonne,7.384986107,48.102530621,QIXnJ
A1610030,A161003001,2016-10-11,5238.0,2026-06-01T04:56:12Z,16,Donnée validée,10,Expertisée,20,Bonne,7.384986107,48.102530621,QIXnJ
A1610030,A161003001,2016-10-12,5182.0,2026-06-01T04:56:12Z,16,Donnée validée,10,Expertisée,20,Bonne,7.384986107,48.102530621,QIXnJ
A1610030,A161003001,2016-10-13,5515.0,2026-06-01T04:56:12Z,16,Donnée validée,10,Expertisée,20,Bonne,7.384986107,48.102530621,QIXnJ
A1610030,A161003001,2016-10-14,5386.0,2026-06-01T04:56:12Z,16,Donnée validée,10,Expertisée,20,Bonne,7.384986107,48.102530621,QIXnJ
A1610030,A161003001,2016-10-15,5407.0,2026-06-01T04:56:12Z,16,Donnée validée,10,Expertisée,20,Bonne,7.384986107,48.102530621,QIXnJ
A1610030,A161003001,2016-10-16,5292.0,2026-06-01T04:56:12Z,16,Donnée validée,10,Expertisée,20,Bonne,7.384986107,48.102530621,QIXnJ
A1610030,A161003001,2016-10-17,5364.0,2026-06-01T04:56:12Z,16,Donnée validée,10,Expertisée,20,Bonne,7.384986107,48.102530621,QIXnJ
A1610030,A161003001,2016-10-18,6388.0,2026-06-01T04:56:12Z,16,Donnée validée,10,Expertisée,20,Bonne,7.384986107,48.102530621,QIXnJ
A1610030,A161003001,2016-10-19,6364.0,2026-06-01T04:56:12Z,16,Donnée validée,10,Expertisée,20,Bonne,7.384986107,48.102530621,QIXnJ
A1610030,A161003001,2016-10-20,5385.0,2026-06-01T04:56:12Z,16,Donnée validée,10,Expertisée,20,Bonne,7.384986107,48.102530621,QIXnJ
A1610030,A161003001,2016-10-21,5485.0,2026-06-01T04:56:12Z,16,Donnée validée,10,Expertisée,20,Bonne,7.384986107,48.102530621,QIXnJ
A1610030,A161003001,2016-10-22,5550.0,2026-06-01T04:56:12Z,16,Donnée validée,10,Expertisée,20,Bonne,7.384986107,48.102530621,QIXnJ
A1610030,A161003001,2016-10-23,5478.0,2026-06-01T04:56:12Z,16,Donnée validée,10,Expertisée,20,Bonne,7.384986107,48.102530621,QIXnJ
A1610030,A161003001,2016-10-24,9365.0,2026-06-01T04:56:12Z,16,Donnée validée,10,Expertisée,20,Bonne,7.384986107,48.102530621,QIXnJ
A1610030,A161003001,2016-10-25,11092.0,2026-06-01T04:56:12Z,16,Donnée validée,10,Expertisée,20,Bonne,7.384986107,48.102530621,QIXnJ
A1610030,A161003001,2016-10-26,11112.0,2026-06-01T04:56:12Z,16,Donnée validée,10,Expertisée,20,Bonne,7.384986107,48.102530621,QIXnJ
A1610030,A161003001,2016-10-27,7905.0,2026-06-01T04:56:12Z,16,Donnée validée,10,Expertisée,20,Bonne,7.384986107,48.102530621,QIXnJ
A1610030,A161003001,2016-10-28,7064.0,2026-06-01T04:56:12Z,16,Donnée validée,10,Expertisée,20,Bonne,7.384986107,48.102530621,QIXnJ
A1610030,A161003001,2016-10-29,6555.0,2026-06-01T04:56:12Z,16,Donnée validée,10,Expertisée,20,Bonne,7.384986107,48.102530621,QIXnJ
A1610030,A161003001,2016-10-30,6215.0,2026-06-01T04:56:12Z,16,Donnée validée,10,Expertisée,20,Bonne,7.384986107,48.102530621,QIXnJ
A1610030,A161003001,2016-10-31,6105.0,2026-06-01T04:56:12Z,16,Donnée validée,10,Expertisée,20,Bonne,7.384986107,48.102530621,QIXnJ
A1610030,A161003001,2016-11-01,6483.0,2026-06-01T04:56:12Z,16,Donnée validée,10,Expertisée,20,Bonne,7.384986107,48.102530621,QIXnJ
A1610030,A161003001,2016-11-02,6878.0,2026-06-01T04:56:12Z,16,Donnée validée,10,Expertisée,20,Bonne,7.384986107,48.102530621,QIXnJ
A1610030,A161003001,2016-11-03,6530.0,2026-06-01T04:56:12Z,16,Donnée validée,10,Expertisée,20,Bonne,7.384986107,48.102530621,QIXnJ
A1610030,A161003001,2016-11-04,6650.0,2026-06-01T04:56:12Z,16,Donnée validée,10,Expertisée,20,Bonne,7.384986107,48.102530621,QIXnJ
A1610030,A161003001,2016-11-05,7212.0,2026-06-01T04:56:12Z,16,Donnée validée,10,Expertisée,20,Bonne,7.384986107,48.102530621,QIXnJ
A1610030,A161003001,2016-11-06,9776.0,2026-06-01T04:56:12Z,16,Donnée validée,10,Expertisée,20,Bonne,7.384986107,48.102530621,QIXnJ
A1610030,A161003001,2016-11-07,8784.0,2026-06-01T04:56:12Z,16,Donnée validée,10,Expertisée,20,Bonne,7.384986107,48.102530621,QIXnJ
A1610030,A161003001,2016-11-08,8048.0,2026-06-01T04:56:12Z,16,Donnée validée,10,Expertisée,20,Bonne,7.384986107,48.102530621,QIXnJ
A1610030,A161003001,2016-11-09,7728.0,2026-06-01T04:56:12Z,16,Donnée validée,10,Expertisée,20,Bonne,7.384986107,48.102530621,QIXnJ
A1610030,A161003001,2016-11-10,16129.0,2026-06-01T04:56:12Z,16,Donnée validée,10,Expertisée,20,Bonne,7.384986107,48.102530621,QIXnJ
A1610030,A161003001,2016-11-11,23746.0,2026-06-01T04:56:12Z,16,Donnée validée,10,Expertisée,20,Bonne,7.384986107,48.102530621,QIXnJ
A1610030,A161003001,2016-11-12,23452.0,2026-06-01T04:56:12Z,16,Donnée validée,10,Expertisée,20,Bonne,7.384986107,48.102530621,QIXnJ
A1610030,A161003001,2016-11-13,14520.0,2026-06-01T04:56:12Z,16,Donnée validée,10,Expertisée,20,Bonne,7.384986107,48.102530621,QIXnJ
A1610030,A161003001,2016-11-14,11860.0,2026-06-01T04:56:12Z,16,Donnée validée,10,Expertisée,20,Bonne,7.384986107,48.102530621,QIXnJ
A1610030,A161003001,2016-11-15,11323.0,2026-06-01T04:56:12Z,16,Donnée validée,10,Expertisée,20,Bonne,7.384986107,48.102530621,QIXnJ
A1610030,A161003001,2016-11-16,8878.0,2026-06-01T04:56:12Z,16,Donnée validée,10,Expertisée,20,Bonne,7.384986107,48.102530621,QIXnJ
A1610030,A161003001,2016-11-17,8208.0,2026-06-01T04:56:12Z,16,Donnée validée,10,Expertisée,20,Bonne,7.384986107,48.102530621,QIXnJ
A1610030,A161003001,2016-11-18,13844.0,2026-06-01T04:56:12Z,16,Donnée validée,10,Expertisée,20,Bonne,7.384986107,48.102530621,QIXnJ
A1610030,A161003001,2016-11-19,28841.0,2026-06-01T04:56:12Z,16,Donnée validée,10,Expertisée,20,Bonne,7.384986107,48.102530621,QIXnJ
A1610030,A161003001,2016-11-20,30834.0,2026-06-01T04:56:12Z,16,Donnée validée,10,Expertisée,20,Bonne,7.384986107,48.102530621,QIXnJ
A1610030,A161003001,2016-11-21,22398.0,2026-06-01T04:56:12Z,16,Donnée validée,10,Expertisée,20,Bonne,7.384986107,48.102530621,QIXnJ
A1610030,A161003001,2016-11-22,15803.0,2026-06-01T04:56:12Z,16,Donnée validée,10,Expertisée,20,Bonne,7.384986107,48.102530621,QIXnJ
A1610030,A161003001,2016-11-23,13522.0,2026-06-01T04:56:12Z,16,Donnée validée,10,Expertisée,20,Bonne,7.384986107,48.102530621,QIXnJ
A1610030,A161003001,2016-11-24,11369.0,2026-06-01T04:56:12Z,16,Donnée validée,10,Expertisée,20,Bonne,7.384986107,48.102530621,QIXnJ
A1610030,A161003001,2016-11-25,10375.0,2026-06-01T04:56:12Z,16,Donnée validée,10,Expertisée,20,Bonne,7.384986107,48.102530621,QIXnJ
A1610030,A161003001,2016-11-26,9520.0,2026-06-01T04:56:12Z,16,Donnée validée,10,Expertisée,20,Bonne,7.384986107,48.102530621,QIXnJ
A1610030,A161003001,2016-11-27,9232.0,2026-06-01T04:56:12Z,16,Donnée validée,10,Expertisée,20,Bonne,7.384986107,48.102530621,QIXnJ
A1610030,A161003001,2016-11-28,8528.0,2026-06-01T04:56:12Z,16,Donnée validée,10,Expertisée,20,Bonne,7.384986107,48.102530621,QIXnJ
A1610030,A161003001,2016-11-29,8176.0,2026-06-01T04:56:12Z,16,Donnée validée,10,Expertisée,20,Bonne,7.384986107,48.102530621,QIXnJ
A1610030,A161003001,2016-11-30,7888.0,2026-06-01T04:56:12Z,16,Donnée validée,10,Expertisée,20,Bonne,7.384986107,48.102530621,QIXnJ
A1610030,A161003001,2016-12-01,7632.0,2026-06-01T04:56:12Z,16,Donnée validée,10,Expertisée,20,Bonne,7.384986107,48.102530621,QIXnJ
A1610030,A161003001,2016-12-02,7408.0,2026-06-01T04:56:12Z,16,Donnée validée,10,Expertisée,20,Bonne,7.384986107,48.102530621,QIXnJ
A1610030,A161003001,2016-12-03,7248.0,2026-06-01T04:56:12Z,16,Donnée validée,10,Expertisée,20,Bonne,7.384986107,48.102530621,QIXnJ
A1610030,A161003001,2016-12-04,7088.0,2026-06-01T04:56:12Z,16,Donnée validée,10,Expertisée,20,Bonne,7.384986107,48.102530621,QIXnJ
A1610030,A161003001,2016-12-05,6992.0,2026-06-01T04:56:12Z,16,Donnée validée,10,Expertisée,20,Bonne,7.384986107,48.102530621,QIXnJ
A1610030,A161003001,2016-12-06,7760.0,2026-06-01T04:56:12Z,16,Donnée validée,10,Expertisée,20,Bonne,7.384986107,48.102530621,QIXnJ
A1610030,A161003001,2016-12-07,7792.0,2026-06-01T04:56:12Z,16,Donnée validée,10,Expertisée,20,Bonne,7.384986107,48.102530621,QIXnJ
A1610030,A161003001,2016-12-08,7920.0,2026-06-01T04:56:12Z,16,Donnée validée,10,Expertisée,20,Bonne,7.384986107,48.102530621,QIXnJ
A1610030,A161003001,2016-12-09,6928.0,2026-06-01T04:56:12Z,16,Donnée validée,10,Expertisée,20,Bonne,7.384986107,48.102530621,QIXnJ
A1610030,A161003001,2016-12-10,6590.0,2026-06-01T04:56:12Z,16,Donnée validée,10,Expertisée,20,Bonne,7.384986107,48.102530621,QIXnJ
A1610030,A161003001,2016-12-11,6440.0,2026-06-01T04:56:12Z,16,Donnée validée,10,Expertisée,20,Bonne,7.384986107,48.102530621,QIXnJ
A1610030,A161003001,2016-12-12,6440.0,2026-06-01T04:56:12Z,16,Donnée validée,10,Expertisée,20,Bonne,7.384986107,48.102530621,QIXnJ
A1610030,A161003001,2016-12-13,6410.0,2026-06-01T04:56:12Z,16,Donnée validée,10,Expertisée,20,Bonne,7.384986107,48.102530621,QIXnJ
A1610030,A161003001,2016-12-14,6404.0,2026-06-01T04:56:12Z,16,Donnée validée,10,Expertisée,20,Bonne,7.384986107,48.102530621,QIXnJ
A1610030,A161003001,2016-12-15,6110.0,2026-06-01T04:56:12Z,16,Donnée validée,10,Expertisée,20,Bonne,7.384986107,48.102530621,QIXnJ
A1610030,A161003001,2016-12-16,5960.0,2026-06-01T04:56:12Z,16,Donnée validée,10,Expertisée,20,Bonne,7.384986107,48.102530621,QIXnJ
A1610030,A161003001,2016-12-17,5840.0,2026-06-01T04:56:12Z,16,Donnée validée,10,Expertisée,20,Bonne,7.384986107,48.102530621,QIXnJ
A1610030,A161003001,2016-12-18,5780.0,2026-06-01T04:56:12Z,16,Donnée validée,10,Expertisée,20,Bonne,7.384986107,48.102530621,QIXnJ
A1610030,A161003001,2016-12-19,5840.0,2026-06-01T04:56:12Z,16,Donnée validée,10,Expertisée,20,Bonne,7.384986107,48.102530621,QIXnJ
A1610030,A161003001,2016-12-20,5840.0,2026-06-01T04:56:12Z,16,Donnée validée,10,Expertisée,20,Bonne,7.384986107,48.102530621,QIXnJ
A1610030,A161003001,2016-12-21,5750.0,2026-06-01T04:56:12Z,16,Donnée validée,10,Expertisée,20,Bonne,7.384986107,48.102530621,QIXnJ
A1610030,A161003001,2016-12-22,5630.0,2026-06-01T04:56:12Z,16,Donnée validée,10,Expertisée,20,Bonne,7.384986107,48.102530621,QIXnJ
A1610030,A161003001,2016-12-23,5840.0,2026-06-01T04:56:12Z,16,Donnée validée,10,Expertisée,20,Bonne,7.384986107,48.102530621,QIXnJ
A1610030,A161003001,2016-12-24,5570.0,2026-06-01T04:56:12Z,16,Donnée validée,10,Expertisée,20,Bonne,7.384986107,48.102530621,QIXnJ
A1610030,A161003001,2016-12-25,5450.0,2026-06-01T04:56:12Z,16,Donnée validée,10,Expertisée,20,Bonne,7.384986107,48.102530621,QIXnJ
A1610030,A161003001,2016-12-26,5390.0,2026-06-01T04:56:12Z,16,Donnée validée,10,Expertisée,20,Bonne,7.384986107,48.102530621,QIXnJ
A1610030,A161003001,2016-12-27,5330.0,2026-06-01T04:56:12Z,16,Donnée validée,10,Expertisée,20,Bonne,7.384986107,48.102530621,QIXnJ
A1610030,A161003001,2016-12-28,5360.0,2026-06-01T04:56:12Z,16,Donnée validée,10,Expertisée,20,Bonne,7.384986107,48.102530621,QIXnJ
A1610030,A161003001,2016-12-29,5300.0,2026-06-01T04:56:12Z,16,Donnée validée,10,Expertisée,20,Bonne,7.384986107,48.102530621,QIXnJ
A1610030,A161003001,2016-12-30,5390.0,2026-06-01T04:56:12Z,16,Donnée validée,10,Expertisée,20,Bonne,7.384986107,48.102530621,QIXnJ
A1610030,A161003001,2016-12-31,5300.0,2026-06-01T04:56:12Z,16,Donnée validée,10,Expertisée,20,Bonne,7.384986107,48.102530621,QIXnJ
A1610030,A161003001,2017-01-01,5300.0,2026-06-01T04:56:12Z,16,Donnée validée,10,Expertisée,20,Bonne,7.384986107,48.102530621,QIXnJ
A1610030,A161003001,2017-01-02,5360.0,2026-06-01T04:56:12Z,16,Donnée validée,10,Expertisée,20,Bonne,7.384986107,48.102530621,QIXnJ
A1610030,A161003001,2017-01-03,5420.0,2026-06-01T04:56:12Z,16,Donnée validée,10,Expertisée,20,Bonne,7.384986107,48.102530621,QIXnJ
A1610030,A161003001,2017-01-04,5480.0,2026-06-01T04:56:12Z,16,Donnée validée,10,Expertisée,20,Bonne,7.384986107,48.102530621,QIXnJ
A1610030,A161003001,2017-01-05,4970.0,2026-06-01T04:56:12Z,16,Donnée validée,10,Expertisée,20,Bonne,7.384986107,48.102530621,QIXnJ
A1610030,A161003001,2017-01-06,5690.0,2026-06-01T04:56:12Z,16,Donnée validée,10,Expertisée,20,Bonne,7.384986107,48.102530621,QIXnJ
A1610030,A161003001,2017-01-07,5240.0,2026-06-01T04:56:12Z,16,Donnée validée,10,Expertisée,20,Bonne,7.384986107,48.102530621,QIXnJ
A1610030,A161003001,2017-01-08,5420.0,2026-06-01T04:56:12Z,16,Donnée validée,10,Expertisée,20,Bonne,7.384986107,48.102530621,QIXnJ
A1610030,A161003001,2017-01-09,5510.0,2026-06-01T04:56:12Z,16,Donnée validée,10,Expertisée,20,Bonne,7.384986107,48.102530621,QIXnJ
A1610030,A161003001,2017-01-10,5630.0,2026-06-01T04:56:12Z,16,Donnée validée,10,Expertisée,20,Bonne,7.384986107,48.102530621,QIXnJ
A1610030,A161003001,2017-01-11,5810.0,2026-06-01T04:56:12Z,16,Donnée validée,10,Expertisée,20,Bonne,7.384986107,48.102530621,QIXnJ
A1610030,A161003001,2017-01-12,7472.0,2026-06-01T04:56:12Z,16,Donnée validée,10,Expertisée,20,Bonne,7.384986107,48.102530621,QIXnJ
A1610030,A161003001,2017-01-13,10045.0,2026-06-01T04:56:12Z,16,Donnée validée,10,Expertisée,20,Bonne,7.384986107,48.102530621,QIXnJ
A1610030,A161003001,2017-01-14,10165.0,2026-06-01T04:56:12Z,16,Donnée validée,10,Expertisée,20,Bonne,7.384986107,48.102530621,QIXnJ
A1610030,A161003001,2017-01-15,8400.0,2026-06-01T04:56:12Z,16,Donnée validée,10,Expertisée,20,Bonne,7.384986107,48.102530621,QIXnJ
A1610030,A161003001,2017-01-16,7410.0,2026-06-01T04:56:12Z,16,Donnée validée,10,Expertisée,20,Bonne,7.384986107,48.102530621,QIXnJ
A1610030,A161003001,2017-01-17,6446.0,2026-06-01T04:56:12Z,16,Donnée validée,8,Calculée,20,Bonne,7.384986107,48.102530621,QIXnJ
A1610030,A161003001,2017-01-18,5189.0,2026-06-01T04:56:12Z,16,Donnée validée,4,Reconstituée,20,Bonne,7.384986107,48.102530621,QIXnJ
A1610030,A161003001,2017-01-19,4061.0,2026-06-01T04:56:12Z,16,Donnée validée,4,Reconstituée,20,Bonne,7.384986107,48.102530621,QIXnJ
A1610030,A161003001,2017-01-20,3704.0,2026-06-01T04:56:12Z,16,Donnée validée,4,Reconstituée,20,Bonne,7.384986107,48.102530621,QIXnJ
A1610030,A161003001,2017-01-21,3582.0,2026-06-01T04:56:12Z,16,Donnée validée,4,Reconstituée,20,Bonne,7.384986107,48.102530621,QIXnJ
A1610030,A161003001,2017-01-22,3459.0,2026-06-01T04:56:12Z,16,Donnée validée,4,Reconstituée,20,Bonne,7.384986107,48.102530621,QIXnJ
A1610030,A161003001,2017-01-23,3410.0,2026-06-01T04:56:12Z,16,Donnée validée,4,Reconstituée,20,Bonne,7.384986107,48.102530621,QIXnJ
A1610030,A161003001,2017-01-24,3410.0,2026-06-01T04:56:12Z,16,Donnée validée,4,Reconstituée,20,Bonne,7.384986107,48.102530621,QIXnJ
A1610030,A161003001,2017-01-25,3410.0,2026-06-01T04:56:12Z,16,Donnée validée,4,Reconstituée,20,Bonne,7.384986107,48.102530621,QIXnJ
A1610030,A161003001,2017-01-26,3410.0,2026-06-01T04:56:12Z,16,Donnée validée,4,Reconstituée,20,Bonne,7.384986107,48.102530621,QIXnJ
A1610030,A161003001,2017-01-27,3494.0,2026-06-01T04:56:12Z,16,Donnée validée,8,Calculée,20,Bonne,7.384986107,48.102530621,QIXnJ
A1610030,A161003001,2017-01-28,3642.0,2026-06-01T04:56:12Z,16,Donnée validée,8,Calculée,20,Bonne,7.384986107,48.102530621,QIXnJ
A1610030,A161003001,2017-01-29,3791.0,2026-06-01T04:56:12Z,16,Donnée validée,8,Calculée,20,Bonne,7.384986107,48.102530621,QIXnJ
A1610030,A161003001,2017-01-30,5990.0,2026-06-01T04:56:12Z,16,Donnée validée,10,Expertisée,20,Bonne,7.384986107,48.102530621,QIXnJ
A1610030,A161003001,2017-01-31,6933.0,2026-06-01T04:56:12Z,16,Donnée validée,10,Expertisée,20,Bonne,7.384986107,48.102530621,QIXnJ
A1610030,A161003001,2017-02-01,17278.0,2026-06-01T04:56:12Z,16,Donnée validée,10,Expertisée,20,Bonne,7.384986107,48.102530621,QIXnJ
A1610030,A161003001,2017-02-02,16788.0,2026-06-01T04:56:12Z,16,Donnée validée,10,Expertisée,20,Bonne,7.384986107,48.102530621,QIXnJ
A1610030,A161003001,2017-02-03,14138.0,2026-06-01T04:56:12Z,16,Donnée validée,10,Expertisée,20,Bonne,7.384986107,48.102530621,QIXnJ
A1610030,A161003001,2017-02-04,19880.0,2026-06-01T04:56:12Z,16,Donnée validée,10,Expertisée,20,Bonne,7.384986107,48.102530621,QIXnJ
A1610030,A161003001,2017-02-05,35000.0,2026-06-01T04:56:12Z,16,Donnée validée,10,Expertisée,20,Bonne,7.384986107,48.102530621,QIXnJ
A1610030,A161003001,2017-02-06,45760.0,2026-06-01T04:56:12Z,16,Donnée validée,10,Expertisée,20,Bonne,7.384986107,48.102530621,QIXnJ
A1610030,A161003001,2017-02-07,44807.0,2026-06-01T04:56:12Z,16,Donnée validée,10,Expertisée,20,Bonne,7.384986107,48.102530621,QIXnJ
A1610030,A161003001,2017-02-08,30886.0,2026-06-01T04:56:12Z,16,Donnée validée,10,Expertisée,20,Bonne,7.384986107,48.102530621,QIXnJ
A1610030,A161003001,2017-02-09,26628.0,2026-06-01T04:56:12Z,16,Donnée validée,10,Expertisée,20,Bonne,7.384986107,48.102530621,QIXnJ
A1610030,A161003001,2017-02-10,20957.0,2026-06-01T04:56:12Z,16,Donnée validée,10,Expertisée,20,Bonne,7.384986107,48.102530621,QIXnJ
A1610030,A161003001,2017-02-11,17329.0,2026-06-01T04:56:12Z,16,Donnée validée,10,Expertisée,20,Bonne,7.384986107,48.102530621,QIXnJ
A1610030,A161003001,2017-02-12,15208.0,2026-06-01T04:56:12Z,16,Donnée validée,10,Expertisée,20,Bonne,7.384986107,48.102530621,QIXnJ
A1610030,A161003001,2017-02-13,14241.0,2026-06-01T04:56:12Z,16,Donnée validée,10,Expertisée,20,Bonne,7.384986107,48.102530621,QIXnJ
A1610030,A161003001,2017-02-14,12945.0,2026-06-01T04:56:12Z,16,Donnée validée,10,Expertisée,20,Bonne,7.384986107,48.102530621,QIXnJ
A1610030,A161003001,2017-02-15,15869.0,2026-06-01T04:56:12Z,16,Donnée validée,10,Expertisée,20,Bonne,7.384986107,48.102530621,QIXnJ
A1610030,A161003001,2017-02-16,11281.0,2026-06-01T04:56:12Z,16,Donnée validée,10,Expertisée,20,Bonne,7.384986107,48.102530621,QIXnJ
A1610030,A161003001,2017-02-17,11157.0,2026-06-01T04:56:12Z,16,Donnée validée,10,Expertisée,20,Bonne,7.384986107,48.102530621,QIXnJ
A1610030,A161003001,2017-02-18,11199.0,2026-06-01T04:56:12Z,16,Donnée validée,10,Expertisée,20,Bonne,7.384986107,48.102530621,QIXnJ
A1610030,A161003001,2017-02-19,10537.0,2026-06-01T04:56:12Z,16,Donnée validée,10,Expertisée,20,Bonne,7.384986107,48.102530621,QIXnJ
A1610030,A161003001,2017-02-20,11323.0,2026-06-01T04:56:12Z,16,Donnée validée,10,Expertisée,20,Bonne,7.384986107,48.102530621,QIXnJ
A1610030,A161003001,2017-02-21,11736.0,2026-06-01T04:56:12Z,16,Donnée validée,10,Expertisée,20,Bonne,7.384986107,48.102530621,QIXnJ
A1610030,A161003001,2017-02-22,10909.0,2026-06-01T04:56:12Z,16,Donnée validée,10,Expertisée,20,Bonne,7.384986107,48.102530621,QIXnJ
A1610030,A161003001,2017-02-23,10992.0,2026-06-01T04:56:12Z,16,Donnée validée,10,Expertisée,20,Bonne,7.384986107,48.102530621,QIXnJ
A1610030,A161003001,2017-02-24,11187.0,2026-06-01T04:56:12Z,16,Donnée validée,10,Expertisée,20,Bonne,7.384986107,48.102530621,QIXnJ
A1610030,A161003001,2017-02-25,11323.0,2026-06-01T04:56:12Z,16,Donnée validée,10,Expertisée,20,Bonne,7.384986107,48.102530621,QIXnJ
A1610030,A161003001,2017-02-26,10703.0,2026-06-01T04:56:12Z,16,Donnée validée,10,Expertisée,20,Bonne,7.384986107,48.102530621,QIXnJ
A1610030,A161003001,2017-02-27,10868.0,2026-06-01T04:56:12Z,16,Donnée validée,10,Expertisée,20,Bonne,7.384986107,48.102530621,QIXnJ
A1610030,A161003001,2017-02-28,40573.0,2026-06-01T04:56:12Z,16,Donnée validée,10,Expertisée,20,Bonne,7.384986107,48.102530621,QIXnJ
A1610030,A161003001,2017-03-01,53790.0,2026-06-01T04:56:12Z,16,Donnée validée,10,Expertisée,20,Bonne,7.384986107,48.102530621,QIXnJ
A1610030,A161003001,2017-03-02,103554.0,2026-06-01T04:56:12Z,16,Donnée validée,10,Expertisée,20,Bonne,7.384986107,48.102530621,QIXnJ
A1610030,A161003001,2017-03-03,104732.0,2026-06-01T04:56:12Z,16,Donnée validée,10,Expertisée,20,Bonne,7.384986107,48.102530621,QIXnJ
A1610030,A161003001,2017-03-04,60310.0,2026-06-01T04:56:12Z,16,Donnée validée,10,Expertisée,20,Bonne,7.384986107,48.102530621,QIXnJ
A1610030,A161003001,2017-03-05,40194.0,2026-06-01T04:56:12Z,16,Donnée validée,10,Expertisée,20,Bonne,7.384986107,48.102530621,QIXnJ
A1610030,A161003001,2017-03-06,60387.0,2026-06-01T04:56:12Z,16,Donnée validée,10,Expertisée,20,Bonne,7.384986107,48.102530621,QIXnJ
A1610030,A161003001,2017-03-07,74467.0,2026-06-01T04:56:12Z,16,Donnée validée,10,Expertisée,20,Bonne,7.384986107,48.102530621,QIXnJ
A1610030,A161003001,2017-03-08,67391.0,2026-06-01T04:56:12Z,16,Donnée validée,10,Expertisée,20,Bonne,7.384986107,48.102530621,QIXnJ
A1610030,A161003001,2017-03-09,54615.0,2026-06-01T04:56:12Z,16,Donnée validée,10,Expertisée,20,Bonne,7.384986107,48.102530621,QIXnJ
A1610030,A161003001,2017-03-10,58253.0,2026-06-01T04:56:12Z,16,Donnée validée,10,Expertisée,20,Bonne,7.384986107,48.102530621,QIXnJ
A1610030,A161003001,2017-03-11,51755.0,2026-06-01T04:56:12Z,16,Donnée validée,10,Expertisée,20,Bonne,7.384986107,48.102530621,QIXnJ
A1610030,A161003001,2017-03-12,38150.0,2026-06-01T04:56:12Z,16,Donnée validée,10,Expertisée,20,Bonne,7.384986107,48.102530621,QIXnJ
A1610030,A161003001,2017-03-13,29651.0,2026-06-01T04:56:12Z,16,Donnée validée,10,Expertisée,20,Bonne,7.384986107,48.102530621,QIXnJ
A1610030,A161003001,2017-03-14,24736.0,2026-06-01T04:56:12Z,16,Donnée validée,10,Expertisée,20,Bonne,7.384986107,48.102530621,QIXnJ
A1610030,A161003001,2017-03-15,20958.0,2026-06-01T04:56:12Z,16,Donnée validée,10,Expertisée,20,Bonne,7.384986107,48.102530621,QIXnJ
A1610030,A161003001,2017-03-16,17964.0,2026-06-01T04:56:12Z,16,Donnée validée,10,Expertisée,20,Bonne,7.384986107,48.102530621,QIXnJ
A1610030,A161003001,2017-03-17,15753.0,2026-06-01T04:56:12Z,16,Donnée validée,10,Expertisée,20,Bonne,7.384986107,48.102530621,QIXnJ
A1610030,A161003001,2017-03-18,15745.0,2026-06-01T04:56:12Z,16,Donnée validée,10,Expertisée,20,Bonne,7.384986107,48.102530621,QIXnJ
A1610030,A161003001,2017-03-19,19924.0,2026-06-01T04:56:12Z,16,Donnée validée,10,Expertisée,20,Bonne,7.384986107,48.102530621,QIXnJ
A1610030,A161003001,2017-03-20,19543.0,2026-06-01T04:56:12Z,16,Donnée validée,10,Expertisée,20,Bonne,7.384986107,48.102530621,QIXnJ
A1610030,A161003001,2017-03-21,17327.0,2026-06-01T04:56:12Z,16,Donnée validée,10,Expertisée,20,Bonne,7.384986107,48.102530621,QIXnJ
A1610030,A161003001,2017-03-22,19777.0,2026-06-01T04:56:12Z,16,Donnée validée,10,Expertisée,20,Bonne,7.384986107,48.102530621,QIXnJ
A1610030,A161003001,2017-03-23,19260.0,2026-06-01T04:56:12Z,16,Donnée validée,10,Expertisée,20,Bonne,7.384986107,48.102530621,QIXnJ
A1610030,A161003001,2017-03-24,16428.0,2026-06-01T04:56:12Z,16,Donnée validée,10,Expertisée,20,Bonne,7.384986107,48.102530621,QIXnJ
A1610030,A161003001,2017-03-25,14268.0,2026-06-01T04:56:12Z,16,Donnée validée,10,Expertisée,20,Bonne,7.384986107,48.102530621,QIXnJ
A1610030,A161003001,2017-03-26,13431.0,2026-06-01T04:56:12Z,16,Donnée validée,10,Expertisée,20,Bonne,7.384986107,48.102530621,QIXnJ
A1610030,A161003001,2017-03-27,12232.0,2026-06-01T04:56:12Z,16,Donnée validée,10,Expertisée,20,Bonne,7.384986107,48.102530621,QIXnJ
A1610030,A161003001,2017-03-28,11571.0,2026-06-01T04:56:12Z,16,Donnée validée,10,Expertisée,20,Bonne,7.384986107,48.102530621,QIXnJ
A1610030,A161003001,2017-03-29,11044.0,2026-06-01T04:56:12Z,16,Donnée validée,10,Expertisée,20,Bonne,7.384986107,48.102530621,QIXnJ
A1610030,A161003001,2017-03-30,10273.0,2026-06-01T04:56:12Z,16,Donnée validée,10,Expertisée,20,Bonne,7.384986107,48.102530621,QIXnJ
A1610030,A161003001,2017-03-31,9655.0,2026-06-01T04:56:12Z,16,Donnée validée,10,Expertisée,20,Bonne,7.384986107,48.102530621,QIXnJ
A1610030,A161003001,2017-04-01,9269.0,2026-06-01T04:56:12Z,16,Donnée validée,10,Expertisée,20,Bonne,7.384986107,48.102530621,QIXnJ
A1610030,A161003001,2017-04-02,9168.0,2026-06-01T04:56:12Z,16,Donnée validée,10,Expertisée,20,Bonne,7.384986107,48.102530621,QIXnJ
A1610030,A161003001,2017-04-03,9392.0,2026-06-01T04:56:12Z,16,Donnée validée,10,Expertisée,20,Bonne,7.384986107,48.102530621,QIXnJ
A1610030,A161003001,2017-04-04,8464.0,2026-06-01T04:56:12Z,16,Donnée validée,10,Expertisée,20,Bonne,7.384986107,48.102530621,QIXnJ
A1610030,A161003001,2017-04-05,8528.0,2026-06-01T04:56:12Z,16,Donnée validée,10,Expertisée,20,Bonne,7.384986107,48.102530621,QIXnJ
A1610030,A161003001,2017-04-06,8144.0,2026-06-01T04:56:12Z,16,Donnée validée,10,Expertisée,20,Bonne,7.384986107,48.102530621,QIXnJ
A1610030,A161003001,2017-04-07,7670.0,2026-06-01T04:56:12Z,16,Donnée validée,10,Expertisée,20,Bonne,7.384986107,48.102530621,QIXnJ
A1610030,A161003001,2017-04-08,7184.0,2026-06-01T04:56:12Z,16,Donnée validée,10,Expertisée,20,Bonne,7.384986107,48.102530621,QIXnJ
A1610030,A161003001,2017-04-09,6896.0,2026-06-01T04:56:12Z,16,Donnée validée,10,Expertisée,20,Bonne,7.384986107,48.102530621,QIXnJ
A1610030,A161003001,2017-04-10,7376.0,2026-06-01T04:56:12Z,16,Donnée validée,10,Expertisée,20,Bonne,7.384986107,48.102530621,QIXnJ
A1610030,A161003001,2017-04-11,6771.0,2026-06-01T04:56:12Z,16,Donnée validée,10,Expertisée,20,Bonne,7.384986107,48.102530621,QIXnJ
A1610030,A161003001,2017-04-12,6530.0,2026-06-01T04:56:12Z,16,Donnée validée,10,Expertisée,20,Bonne,7.384986107,48.102530621,QIXnJ
A1610030,A161003001,2017-04-13,7056.0,2026-06-01T04:56:12Z,16,Donnée validée,10,Expertisée,20,Bonne,7.384986107,48.102530621,QIXnJ
A1610030,A161003001,2017-04-14,6571.0,2026-06-01T04:56:12Z,16,Donnée validée,10,Expertisée,20,Bonne,7.384986107,48.102530621,QIXnJ
A1610030,A161003001,2017-04-15,6590.0,2026-06-01T04:56:12Z,16,Donnée validée,10,Expertisée,20,Bonne,7.384986107,48.102530621,QIXnJ
A1610030,A161003001,2017-04-16,6350.0,2026-06-01T04:56:12Z,16,Donnée validée,10,Expertisée,20,Bonne,7.384986107,48.102530621,QIXnJ
A1610030,A161003001,2017-04-17,6332.0,2026-06-01T04:56:12Z,16,Donnée validée,10,Expertisée,20,Bonne,7.384986107,48.102530621,QIXnJ
A1610030,A161003001,2017-04-18,7920.0,2026-06-01T04:56:12Z,16,Donnée validée,10,Expertisée,20,Bonne,7.384986107,48.102530621,QIXnJ
A1610030,A161003001,2017-04-19,7696.0,2026-06-01T04:56:12Z,16,Donnée validée,10,Expertisée,20,Bonne,7.384986107,48.102530621,QIXnJ
A1610030,A161003001,2017-04-20,8080.0,2026-06-01T04:56:12Z,16,Donnée validée,10,Expertisée,20,Bonne,7.384986107,48.102530621,QIXnJ
A1610030,A161003001,2017-04-21,7024.0,2026-06-01T04:56:12Z,16,Donnée validée,10,Expertisée,20,Bonne,7.384986107,48.102530621,QIXnJ
A1610030,A161003001,2017-04-22,7024.0,2026-06-01T04:56:12Z,16,Donnée validée,10,Expertisée,20,Bonne,7.384986107,48.102530621,QIXnJ
A1610030,A161003001,2017-04-23,6955.0,2026-06-01T04:56:12Z,16,Donnée validée,10,Expertisée,20,Bonne,7.384986107,48.102530621,QIXnJ
A1610030,A161003001,2017-04-24,6720.0,2026-06-01T04:56:12Z,16,Donnée validée,10,Expertisée,20,Bonne,7.384986107,48.102530621,QIXnJ
A1610030,A161003001,2017-04-25,7027.0,2026-06-01T04:56:12Z,16,Donnée validée,10,Expertisée,20,Bonne,7.384986107,48.102530621,QIXnJ
A1610030,A161003001,2017-04-26,13224.0,2026-06-01T04:56:12Z,16,Donnée validée,10,Expertisée,20,Bonne,7.384986107,48.102530621,QIXnJ
A1610030,A161003001,2017-04-27,13803.0,2026-06-01T04:56:12Z,16,Donnée validée,10,Expertisée,20,Bonne,7.384986107,48.102530621,QIXnJ
A1610030,A161003001,2017-04-28,13233.0,2026-06-01T04:56:12Z,16,Donnée validée,10,Expertisée,20,Bonne,7.384986107,48.102530621,QIXnJ
A1610030,A161003001,2017-04-29,12976.0,2026-06-01T04:56:12Z,16,Donnée validée,10,Expertisée,20,Bonne,7.384986107,48.102530621,QIXnJ
A1610030,A161003001,2017-04-30,10599.0,2026-06-01T04:56:12Z,16,Donnée validée,10,Expertisée,20,Bonne,7.384986107,48.102530621,QIXnJ
A1610030,A161003001,2017-05-01,9200.0,2026-06-01T04:56:12Z,16,Donnée validée,10,Expertisée,20,Bonne,7.384986107,48.102530621,QIXnJ
A1610030,A161003001,2017-05-02,8688.0,2026-06-01T04:56:12Z,16,Donnée validée,10,Expertisée,20,Bonne,7.384986107,48.102530621,QIXnJ
A1610030,A161003001,2017-05-03,8272.0,2026-06-01T04:56:12Z,16,Donnée validée,10,Expertisée,20,Bonne,7.384986107,48.102530621,QIXnJ
A1610030,A161003001,2017-05-04,8112.0,2026-06-01T04:56:12Z,16,Donnée validée,10,Expertisée,20,Bonne,7.384986107,48.102530621,QIXnJ
A1610030,A161003001,2017-05-05,9392.0,2026-06-01T04:56:12Z,16,Donnée validée,10,Expertisée,20,Bonne,7.384986107,48.102530621,QIXnJ
A1610030,A161003001,2017-05-06,8624.0,2026-06-01T04:56:12Z,16,Donnée validée,10,Expertisée,20,Bonne,7.384986107,48.102530621,QIXnJ
A1610030,A161003001,2017-05-07,9695.0,2026-06-01T04:56:12Z,16,Donnée validée,10,Expertisée,20,Bonne,7.384986107,48.102530621,QIXnJ
A1610030,A161003001,2017-05-08,14154.0,2026-06-01T04:56:12Z,16,Donnée validée,10,Expertisée,20,Bonne,7.384986107,48.102530621,QIXnJ
A1610030,A161003001,2017-05-09,15291.0,2026-06-01T04:56:12Z,16,Donnée validée,10,Expertisée,20,Bonne,7.384986107,48.102530621,QIXnJ
A1610030,A161003001,2017-05-10,12850.0,2026-06-01T04:56:12Z,16,Donnée validée,10,Expertisée,20,Bonne,7.384986107,48.102530621,QIXnJ
A1610030,A161003001,2017-05-11,10788.0,2026-06-01T04:56:12Z,16,Donnée validée,10,Expertisée,20,Bonne,7.384986107,48.102530621,QIXnJ
A1610030,A161003001,2017-05-12,10864.0,2026-06-01T04:56:12Z,16,Donnée validée,10,Expertisée,20,Bonne,7.384986107,48.102530621,QIXnJ
A1610030,A161003001,2017-05-13,11368.0,2026-06-01T04:56:12Z,16,Donnée validée,10,Expertisée,20,Bonne,7.384986107,48.102530621,QIXnJ
A1610030,A161003001,2017-05-14,11139.0,2026-06-01T04:56:12Z,16,Donnée validée,10,Expertisée,20,Bonne,7.384986107,48.102530621,QIXnJ
A1610030,A161003001,2017-05-15,12128.0,2026-06-01T04:56:12Z,16,Donnée validée,10,Expertisée,20,Bonne,7.384986107,48.102530621,QIXnJ
A1610030,A161003001,2017-05-16,10974.0,2026-06-01T04:56:12Z,16,Donnée validée,10,Expertisée,20,Bonne,7.384986107,48.102530621,QIXnJ
A1610030,A161003001,2017-05-17,9166.0,2026-06-01T04:56:12Z,16,Donnée validée,10,Expertisée,20,Bonne,7.384986107,48.102530621,QIXnJ
A1610030,A161003001,2017-05-18,10953.0,2026-06-01T04:56:12Z,16,Donnée validée,10,Expertisée,20,Bonne,7.384986107,48.102530621,QIXnJ
A1610030,A161003001,2017-05-19,14051.0,2026-06-01T04:56:12Z,16,Donnée validée,10,Expertisée,20,Bonne,7.384986107,48.102530621,QIXnJ
A1610030,A161003001,2017-05-20,14116.0,2026-06-01T04:56:12Z,16,Donnée validée,10,Expertisée,20,Bonne,7.384986107,48.102530621,QIXnJ
A1610030,A161003001,2017-05-21,10768.0,2026-06-01T04:56:12Z,16,Donnée validée,10,Expertisée,20,Bonne,7.384986107,48.102530621,QIXnJ
A1610030,A161003001,2017-05-22,9094.0,2026-06-01T04:56:12Z,16,Donnée validée,10,Expertisée,20,Bonne,7.384986107,48.102530621,QIXnJ
A1610030,A161003001,2017-05-23,8281.0,2026-06-01T04:56:12Z,16,Donnée validée,10,Expertisée,20,Bonne,7.384986107,48.102530621,QIXnJ
A1610030,A161003001,2017-05-24,7246.0,2026-06-01T04:56:12Z,16,Donnée validée,10,Expertisée,20,Bonne,7.384986107,48.102530621,QIXnJ
A1610030,A161003001,2017-05-25,6786.0,2026-06-01T04:56:12Z,16,Donnée validée,10,Expertisée,20,Bonne,7.384986107,48.102530621,QIXnJ
A1610030,A161003001,2017-05-26,6240.0,2026-06-01T04:56:12Z,16,Donnée validée,10,Expertisée,20,Bonne,7.384986107,48.102530621,QIXnJ
A1610030,A161003001,2017-05-27,6341.0,2026-06-01T04:56:12Z,16,Donnée validée,10,Expertisée,20,Bonne,7.384986107,48.102530621,QIXnJ
A1610030,A161003001,2017-05-28,5645.0,2026-06-01T04:56:12Z,16,Donnée validée,10,Expertisée,20,Bonne,7.384986107,48.102530621,QIXnJ
A1610030,A161003001,2017-05-29,5278.0,2026-06-01T04:56:12Z,16,Donnée validée,10,Expertisée,20,Bonne,7.384986107,48.102530621,QIXnJ
A1610030,A161003001,2017-05-30,4988.0,2026-06-01T04:56:12Z,16,Donnée validée,10,Expertisée,20,Bonne,7.384986107,48.102530621,QIXnJ
A1610030,A161003001,2017-05-31,4960.0,2026-06-01T04:56:12Z,16,Donnée validée,10,Expertisée,20,Bonne,7.384986107,48.102530621,QIXnJ
A1610030,A161003001,2017-06-01,7614.0,2026-06-01T04:56:12Z,16,Donnée validée,10,Expertisée,20,Bonne,7.384986107,48.102530621,QIXnJ
A1610030,A161003001,2017-06-02,7590.0,2026-06-01T04:56:12Z,16,Donnée validée,10,Expertisée,20,Bonne,7.384986107,48.102530621,QIXnJ
A1610030,A161003001,2017-06-03,8382.0,2026-06-01T04:56:12Z,16,Donnée validée,10,Expertisée,20,Bonne,7.384986107,48.102530621,QIXnJ
A1610030,A161003001,2017-06-04,10525.0,2026-06-01T04:56:12Z,16,Donnée validée,10,Expertisée,20,Bonne,7.384986107,48.102530621,QIXnJ
A1610030,A161003001,2017-06-05,8495.0,2026-06-01T04:56:12Z,16,Donnée validée,10,Expertisée,20,Bonne,7.384986107,48.102530621,QIXnJ
A1610030,A161003001,2017-06-06,6465.0,2026-06-01T04:56:12Z,16,Donnée validée,10,Expertisée,20,Bonne,7.384986107,48.102530621,QIXnJ
A1610030,A161003001,2017-06-07,8339.0,2026-06-01T04:56:12Z,16,Donnée validée,10,Expertisée,20,Bonne,7.384986107,48.102530621,QIXnJ
A1610030,A161003001,2017-06-08,7787.0,2026-06-01T04:56:12Z,16,Donnée validée,10,Expertisée,20,Bonne,7.384986107,48.102530621,QIXnJ
A1610030,A161003001,2017-06-09,7688.0,2026-06-01T04:56:12Z,16,Donnée validée,10,Expertisée,20,Bonne,7.384986107,48.102530621,QIXnJ
A1610030,A161003001,2017-06-10,5883.0,2026-06-01T04:56:12Z,16,Donnée validée,10,Expertisée,20,Bonne,7.384986107,48.102530621,QIXnJ
A1610030,A161003001,2017-06-11,5379.0,2026-06-01T04:56:12Z,16,Donnée validée,10,Expertisée,20,Bonne,7.384986107,48.102530621,QIXnJ
A1610030,A161003001,2017-06-12,4596.0,2026-06-01T04:56:12Z,16,Donnée validée,10,Expertisée,20,Bonne,7.384986107,48.102530621,QIXnJ
A1610030,A161003001,2017-06-13,4485.0,2026-06-01T04:56:12Z,16,Donnée validée,10,Expertisée,20,Bonne,7.384986107,48.102530621,QIXnJ
A1610030,A161003001,2017-06-14,3814.0,2026-06-01T04:56:12Z,16,Donnée validée,10,Expertisée,20,Bonne,7.384986107,48.102530621,QIXnJ
A1610030,A161003001,2017-06-15,3923.0,2026-06-01T04:56:12Z,16,Donnée validée,10,Expertisée,20,Bonne,7.384986107,48.102530621,QIXnJ
A1610030,A161003001,2017-06-16,3874.0,2026-06-01T04:56:12Z,16,Donnée validée,10,Expertisée,20,Bonne,7.384986107,48.102530621,QIXnJ
A1610030,A161003001,2017-06-17,3343.0,2026-06-01T04:56:12Z,16,Donnée validée,10,Expertisée,20,Bonne,7.384986107,48.102530621,QIXnJ
A1610030,A161003001,2017-06-18,2769.0,2026-06-01T04:56:12Z,16,Donnée validée,10,Expertisée,20,Bonne,7.384986107,48.102530621,QIXnJ
A1610030,A161003001,2017-06-19,3408.0,2026-06-01T04:56:12Z,16,Donnée validée,10,Expertisée,20,Bonne,7.384986107,48.102530621,QIXnJ
A1610030,A161003001,2017-06-20,2530.0,2026-06-01T04:56:12Z,16,Donnée validée,10,Expertisée,20,Bonne,7.384986107,48.102530621,QIXnJ
A1610030,A161003001,2017-06-21,4958.0,2026-06-01T04:56:12Z,16,Donnée validée,10,Expertisée,20,Bonne,7.384986107,48.102530621,QIXnJ
A1610030,A161003001,2017-06-22,3184.0,2026-06-01T04:56:12Z,16,Donnée validée,10,Expertisée,20,Bonne,7.384986107,48.102530621,QIXnJ
A1610030,A161003001,2017-06-23,3283.0,2026-06-01T04:56:12Z,16,Donnée validée,10,Expertisée,20,Bonne,7.384986107,48.102530621,QIXnJ
A1610030,A161003001,2017-06-24,3270.0,2026-06-01T04:56:12Z,16,Donnée validée,10,Expertisée,20,Bonne,7.384986107,48.102530621,QIXnJ
A1610030,A161003001,2017-06-25,3550.0,2026-06-01T04:56:12Z,16,Donnée validée,10,Expertisée,20,Bonne,7.384986107,48.102530621,QIXnJ
A1610030,A161003001,2017-06-26,4745.0,2026-06-01T04:56:12Z,16,Donnée validée,10,Expertisée,20,Bonne,7.384986107,48.102530621,QIXnJ
A1610030,A161003001,2017-06-27,8725.0,2026-06-01T04:56:12Z,16,Donnée validée,10,Expertisée,20,Bonne,7.384986107,48.102530621,QIXnJ
A1610030,A161003001,2017-06-28,9751.0,2026-06-01T04:56:12Z,16,Donnée validée,10,Expertisée,20,Bonne,7.384986107,48.102530621,QIXnJ
A1610030,A161003001,2017-06-29,6866.0,2026-06-01T04:56:12Z,16,Donnée validée,10,Expertisée,20,Bonne,7.384986107,48.102530621,QIXnJ
A1610030,A161003001,2017-06-30,6848.0,2026-06-01T04:56:12Z,16,Donnée validée,10,Expertisée,20,Bonne,7.384986107,48.102530621,QIXnJ
A1610030,A161003001,2017-07-01,5640.0,2026-06-01T04:56:12Z,16,Donnée validée,10,Expertisée,20,Bonne,7.384986107,48.102530621,QIXnJ
A1610030,A161003001,2017-07-02,5175.0,2026-06-01T04:56:12Z,16,Donnée validée,10,Expertisée,20,Bonne,7.384986107,48.102530621,QIXnJ
A1610030,A161003001,2017-07-03,4738.0,2026-06-01T04:56:12Z,16,Donnée validée,10,Expertisée,20,Bonne,7.384986107,48.102530621,QIXnJ
A1610030,A161003001,2017-07-04,4496.0,2026-06-01T04:56:12Z,16,Donnée validée,10,Expertisée,20,Bonne,7.384986107,48.102530621,QIXnJ
A1610030,A161003001,2017-07-05,5032.0,2026-06-01T04:56:12Z,16,Donnée validée,10,Expertisée,20,Bonne,7.384986107,48.102530621,QIXnJ
A1610030,A161003001,2017-07-06,3841.0,2026-06-01T04:56:12Z,16,Donnée validée,10,Expertisée,20,Bonne,7.384986107,48.102530621,QIXnJ
A1610030,A161003001,2017-07-07,5301.0,2026-06-01T04:56:12Z,16,Donnée validée,10,Expertisée,20,Bonne,7.384986107,48.102530621,QIXnJ
A1610030,A161003001,2017-07-08,4848.0,2026-06-01T04:56:12Z,16,Donnée validée,10,Expertisée,20,Bonne,7.384986107,48.102530621,QIXnJ
A1610030,A161003001,2017-07-09,6644.0,2026-06-01T04:56:12Z,16,Donnée validée,10,Expertisée,20,Bonne,7.384986107,48.102530621,QIXnJ
A1610030,A161003001,2017-07-10,7546.0,2026-06-01T04:56:12Z,16,Donnée validée,10,Expertisée,20,Bonne,7.384986107,48.102530621,QIXnJ
A1610030,A161003001,2017-07-11,6553.0,2026-06-01T04:56:12Z,16,Donnée validée,10,Expertisée,20,Bonne,7.384986107,48.102530621,QIXnJ
A1610030,A161003001,2017-07-12,5566.0,2026-06-01T04:56:12Z,16,Donnée validée,10,Expertisée,20,Bonne,7.384986107,48.102530621,QIXnJ
A1610030,A161003001,2017-07-13,5689.0,2026-06-01T04:56:12Z,16,Donnée validée,10,Expertisée,20,Bonne,7.384986107,48.102530621,QIXnJ
A1610030,A161003001,2017-07-14,7900.0,2026-06-01T04:56:12Z,16,Donnée validée,10,Expertisée,20,Bonne,7.384986107,48.102530621,QIXnJ
A1610030,A161003001,2017-07-15,5251.0,2026-06-01T04:56:12Z,16,Donnée validée,10,Expertisée,20,Bonne,7.384986107,48.102530621,QIXnJ
A1610030,A161003001,2017-07-16,5009.0,2026-06-01T04:56:12Z,16,Donnée validée,10,Expertisée,20,Bonne,7.384986107,48.102530621,QIXnJ
A1610030,A161003001,2017-07-17,4895.0,2026-06-01T04:56:12Z,16,Donnée validée,10,Expertisée,20,Bonne,7.384986107,48.102530621,QIXnJ
A1610030,A161003001,2017-07-18,5202.0,2026-06-01T04:56:12Z,16,Donnée validée,10,Expertisée,20,Bonne,7.384986107,48.102530621,QIXnJ
A1610030,A161003001,2017-07-19,4860.0,2026-06-01T04:56:12Z,16,Donnée validée,10,Expertisée,20,Bonne,7.384986107,48.102530621,QIXnJ
A1610030,A161003001,2017-07-20,6301.0,2026-06-01T04:56:12Z,16,Donnée validée,10,Expertisée,20,Bonne,7.384986107,48.102530621,QIXnJ
A1610030,A161003001,2017-07-21,5056.0,2026-06-01T04:56:12Z,16,Donnée validée,10,Expertisée,20,Bonne,7.384986107,48.102530621,QIXnJ
A1610030,A161003001,2017-07-22,6186.0,2026-06-01T04:56:12Z,16,Donnée validée,10,Expertisée,20,Bonne,7.384986107,48.102530621,QIXnJ
A1610030,A161003001,2017-07-23,5700.0,2026-06-01T04:56:12Z,16,Donnée validée,10,Expertisée,20,Bonne,7.384986107,48.102530621,QIXnJ
A1610030,A161003001,2017-07-24,5613.0,2026-06-01T04:56:12Z,16,Donnée validée,10,Expertisée,20,Bonne,7.384986107,48.102530621,QIXnJ
A1610030,A161003001,2017-07-25,5601.0,2026-06-01T04:56:12Z,16,Donnée validée,10,Expertisée,20,Bonne,7.384986107,48.102530621,QIXnJ
A1610030,A161003001,2017-07-26,5931.0,2026-06-01T04:56:12Z,16,Donnée validée,10,Expertisée,20,Bonne,7.384986107,48.102530621,QIXnJ
A1610030,A161003001,2017-07-27,5126.0,2026-06-01T04:56:12Z,16,Donnée validée,10,Expertisée,20,Bonne,7.384986107,48.102530621,QIXnJ
A1610030,A161003001,2017-07-28,5009.0,2026-06-01T04:56:12Z,16,Donnée validée,10,Expertisée,20,Bonne,7.384986107,48.102530621,QIXnJ
A1610030,A161003001,2017-07-29,4812.0,2026-06-01T04:56:12Z,16,Donnée validée,10,Expertisée,20,Bonne,7.384986107,48.102530621,QIXnJ
A1610030,A161003001,2017-07-30,4497.0,2026-06-01T04:56:12Z,16,Donnée validée,10,Expertisée,20,Bonne,7.384986107,48.102530621,QIXnJ
A1610030,A161003001,2017-07-31,4648.0,2026-06-01T04:56:12Z,16,Donnée validée,10,Expertisée,20,Bonne,7.384986107,48.102530621,QIXnJ
A1610030,A161003001,2017-08-01,7539.0,2026-06-01T04:56:12Z,16,Donnée validée,10,Expertisée,20,Bonne,7.384986107,48.102530621,QIXnJ
A1610030,A161003001,2017-08-02,9417.0,2026-06-01T04:56:12Z,16,Donnée validée,10,Expertisée,20,Bonne,7.384986107,48.102530621,QIXnJ
A1610030,A161003001,2017-08-03,7419.0,2026-06-01T04:56:12Z,16,Donnée validée,10,Expertisée,20,Bonne,7.384986107,48.102530621,QIXnJ
A1610030,A161003001,2017-08-04,5733.0,2026-06-01T04:56:12Z,16,Donnée validée,10,Expertisée,20,Bonne,7.384986107,48.102530621,QIXnJ
A1610030,A161003001,2017-08-05,4931.0,2026-06-01T04:56:12Z,16,Donnée validée,10,Expertisée,20,Bonne,7.384986107,48.102530621,QIXnJ
A1610030,A161003001,2017-08-06,4554.0,2026-06-01T04:56:12Z,16,Donnée validée,10,Expertisée,20,Bonne,7.384986107,48.102530621,QIXnJ
A1610030,A161003001,2017-08-07,4499.0,2026-06-01T04:56:12Z,16,Donnée validée,10,Expertisée,20,Bonne,7.384986107,48.102530621,QIXnJ
A1610030,A161003001,2017-08-08,4706.0,2026-06-01T04:56:12Z,16,Donnée validée,10,Expertisée,20,Bonne,7.384986107,48.102530621,QIXnJ
A1610030,A161003001,2017-08-09,4943.0,2026-06-01T04:56:12Z,16,Donnée validée,10,Expertisée,20,Bonne,7.384986107,48.102530621,QIXnJ
A1610030,A161003001,2017-08-10,7872.0,2026-06-01T04:56:12Z,16,Donnée validée,10,Expertisée,20,Bonne,7.384986107,48.102530621,QIXnJ
A1610030,A161003001,2017-08-11,6113.0,2026-06-01T04:56:12Z,16,Donnée validée,10,Expertisée,20,Bonne,7.384986107,48.102530621,QIXnJ
A1610030,A161003001,2017-08-12,6042.0,2026-06-01T04:56:12Z,16,Donnée validée,10,Expertisée,20,Bonne,7.384986107,48.102530621,QIXnJ
A1610030,A161003001,2017-08-13,5370.0,2026-06-01T04:56:12Z,16,Donnée validée,10,Expertisée,20,Bonne,7.384986107,48.102530621,QIXnJ
A1610030,A161003001,2017-08-14,5150.0,2026-06-01T04:56:12Z,16,Donnée validée,10,Expertisée,20,Bonne,7.384986107,48.102530621,QIXnJ
A1610030,A161003001,2017-08-15,4927.0,2026-06-01T04:56:12Z,16,Donnée validée,10,Expertisée,20,Bonne,7.384986107,48.102530621,QIXnJ
A1610030,A161003001,2017-08-16,4702.0,2026-06-01T04:56:12Z,16,Donnée validée,10,Expertisée,20,Bonne,7.384986107,48.102530621,QIXnJ
A1610030,A161003001,2017-08-17,4452.0,2026-06-01T04:56:12Z,16,Donnée validée,10,Expertisée,20,Bonne,7.384986107,48.102530621,QIXnJ
A1610030,A161003001,2017-08-18,4364.0,2026-06-01T04:56:12Z,16,Donnée validée,10,Expertisée,20,Bonne,7.384986107,48.102530621,QIXnJ
A1610030,A161003001,2017-08-19,5465.0,2026-06-01T04:56:12Z,16,Donnée validée,10,Expertisée,20,Bonne,7.384986107,48.102530621,QIXnJ
A1610030,A161003001,2017-08-20,5436.0,2026-06-01T04:56:12Z,16,Donnée validée,10,Expertisée,20,Bonne,7.384986107,48.102530621,QIXnJ
A1610030,A161003001,2017-08-21,4617.0,2026-06-01T04:56:12Z,16,Donnée validée,10,Expertisée,20,Bonne,7.384986107,48.102530621,QIXnJ
A1610030,A161003001,2017-08-22,4226.0,2026-06-01T04:56:12Z,16,Donnée validée,10,Expertisée,20,Bonne,7.384986107,48.102530621,QIXnJ
A1610030,A161003001,2017-08-23,3882.0,2026-06-01T04:56:12Z,16,Donnée validée,10,Expertisée,20,Bonne,7.384986107,48.102530621,QIXnJ
A1610030,A161003001,2017-08-24,3869.0,2026-06-01T04:56:12Z,16,Donnée validée,10,Expertisée,20,Bonne,7.384986107,48.102530621,QIXnJ
A1610030,A161003001,2017-08-25,3910.0,2026-06-01T04:56:12Z,16,Donnée validée,10,Expertisée,20,Bonne,7.384986107,48.102530621,QIXnJ
A1610030,A161003001,2017-08-26,3796.0,2026-06-01T04:56:12Z,16,Donnée validée,10,Expertisée,20,Bonne,7.384986107,48.102530621,QIXnJ
A1610030,A161003001,2017-08-27,3955.0,2026-06-01T04:56:12Z,16,Donnée validée,10,Expertisée,20,Bonne,7.384986107,48.102530621,QIXnJ
A1610030,A161003001,2017-08-28,3748.0,2026-06-01T04:56:12Z,16,Donnée validée,10,Expertisée,20,Bonne,7.384986107,48.102530621,QIXnJ
A1610030,A161003001,2017-08-29,3591.0,2026-06-01T04:56:12Z,16,Donnée validée,10,Expertisée,20,Bonne,7.384986107,48.102530621,QIXnJ
A1610030,A161003001,2017-08-30,7742.0,2026-06-01T04:56:12Z,16,Donnée validée,10,Expertisée,20,Bonne,7.384986107,48.102530621,QIXnJ
A1610030,A161003001,2017-08-31,4056.0,2026-06-01T04:56:12Z,16,Donnée validée,10,Expertisée,20,Bonne,7.384986107,48.102530621,QIXnJ
A1610030,A161003001,2017-09-01,4298.0,2026-06-01T04:56:12Z,16,Donnée validée,10,Expertisée,20,Bonne,7.384986107,48.102530621,QIXnJ
A1610030,A161003001,2017-09-02,4434.0,2026-06-01T04:56:12Z,16,Donnée validée,10,Expertisée,20,Bonne,7.384986107,48.102530621,QIXnJ
A1610030,A161003001,2017-09-03,5182.0,2026-06-01T04:56:12Z,16,Donnée validée,10,Expertisée,20,Bonne,7.384986107,48.102530621,QIXnJ
A1610030,A161003001,2017-09-04,5570.0,2026-06-01T04:56:12Z,16,Donnée validée,10,Expertisée,20,Bonne,7.384986107,48.102530621,QIXnJ
A1610030,A161003001,2017-09-05,2812.0,2026-06-01T04:56:12Z,16,Donnée validée,10,Expertisée,20,Bonne,7.384986107,48.102530621,QIXnJ
A1610030,A161003001,2017-09-06,2604.0,2026-06-01T04:56:12Z,16,Donnée validée,10,Expertisée,20,Bonne,7.384986107,48.102530621,QIXnJ
A1610030,A161003001,2017-09-07,4284.0,2026-06-01T04:56:12Z,16,Donnée validée,10,Expertisée,20,Bonne,7.384986107,48.102530621,QIXnJ
A1610030,A161003001,2017-09-08,4310.0,2026-06-01T04:56:12Z,16,Donnée validée,10,Expertisée,20,Bonne,7.384986107,48.102530621,QIXnJ
A1610030,A161003001,2017-09-09,4350.0,2026-06-01T04:56:12Z,16,Donnée validée,10,Expertisée,20,Bonne,7.384986107,48.102530621,QIXnJ
A1610030,A161003001,2017-09-10,4520.0,2026-06-01T04:56:12Z,16,Donnée validée,10,Expertisée,20,Bonne,7.384986107,48.102530621,QIXnJ
A1610030,A161003001,2017-09-11,4730.0,2026-06-01T04:56:12Z,16,Donnée validée,10,Expertisée,20,Bonne,7.384986107,48.102530621,QIXnJ
A1610030,A161003001,2017-09-12,4918.0,2026-06-01T04:56:12Z,16,Donnée validée,10,Expertisée,20,Bonne,7.384986107,48.102530621,QIXnJ
A1610030,A161003001,2017-09-13,5177.0,2026-06-01T04:56:12Z,16,Donnée validée,10,Expertisée,20,Bonne,7.384986107,48.102530621,QIXnJ
A1610030,A161003001,2017-09-14,5763.0,2026-06-01T04:56:12Z,16,Donnée validée,10,Expertisée,20,Bonne,7.384986107,48.102530621,QIXnJ
A1610030,A161003001,2017-09-15,10830.0,2026-06-01T04:56:12Z,16,Donnée validée,10,Expertisée,20,Bonne,7.384986107,48.102530621,QIXnJ
A1610030,A161003001,2017-09-16,10451.0,2026-06-01T04:56:12Z,16,Donnée validée,10,Expertisée,20,Bonne,7.384986107,48.102530621,QIXnJ
A1610030,A161003001,2017-09-17,7571.0,2026-06-01T04:56:12Z,16,Donnée validée,10,Expertisée,20,Bonne,7.384986107,48.102530621,QIXnJ
A1610030,A161003001,2017-09-18,7787.0,2026-06-01T04:56:12Z,16,Donnée validée,10,Expertisée,20,Bonne,7.384986107,48.102530621,QIXnJ
A1610030,A161003001,2017-09-19,8481.0,2026-06-01T04:56:12Z,16,Donnée validée,10,Expertisée,20,Bonne,7.384986107,48.102530621,QIXnJ
A1610030,A161003001,2017-09-20,7359.0,2026-06-01T04:56:12Z,16,Donnée validée,10,Expertisée,20,Bonne,7.384986107,48.102530621,QIXnJ
A1610030,A161003001,2017-09-21,6821.0,2026-06-01T04:56:12Z,16,Donnée validée,10,Expertisée,20,Bonne,7.384986107,48.102530621,QIXnJ
A1610030,A161003001,2017-09-22,6243.0,2026-06-01T04:56:12Z,16,Donnée validée,10,Expertisée,20,Bonne,7.384986107,48.102530621,QIXnJ
A1610030,A161003001,2017-09-23,6032.0,2026-06-01T04:56:12Z,16,Donnée validée,10,Expertisée,20,Bonne,7.384986107,48.102530621,QIXnJ
A1610030,A161003001,2017-09-24,5781.0,2026-06-01T04:56:12Z,16,Donnée validée,10,Expertisée,20,Bonne,7.384986107,48.102530621,QIXnJ
A1610030,A161003001,2017-09-25,5580.0,2026-06-01T04:56:12Z,16,Donnée validée,10,Expertisée,20,Bonne,7.384986107,48.102530621,QIXnJ
A1610030,A161003001,2017-09-26,5451.0,2026-06-01T04:56:12Z,16,Donnée validée,10,Expertisée,20,Bonne,7.384986107,48.102530621,QIXnJ
A1610030,A161003001,2017-09-27,7116.0,2026-06-01T04:56:12Z,16,Donnée validée,10,Expertisée,20,Bonne,7.384986107,48.102530621,QIXnJ
A1610030,A161003001,2017-09-28,5136.0,2026-06-01T04:56:12Z,16,Donnée validée,10,Expertisée,20,Bonne,7.384986107,48.102530621,QIXnJ
A1610030,A161003001,2017-09-29,5107.0,2026-06-01T04:56:12Z,16,Donnée validée,10,Expertisée,20,Bonne,7.384986107,48.102530621,QIXnJ
A1610030,A161003001,2017-09-30,6205.0,2026-06-01T04:56:12Z,16,Donnée validée,10,Expertisée,20,Bonne,7.384986107,48.102530621,QIXnJ
A1610030,A161003001,2017-10-01,5191.0,2026-06-01T04:56:12Z,16,Donnée validée,10,Expertisée,20,Bonne,7.384986107,48.102530621,QIXnJ
A1610030,A161003001,2017-10-02,5027.0,2026-06-01T04:56:12Z,16,Donnée validée,10,Expertisée,20,Bonne,7.384986107,48.102530621,QIXnJ
A1610030,A161003001,2017-10-03,9783.0,2026-06-01T04:56:12Z,16,Donnée validée,10,Expertisée,20,Bonne,7.384986107,48.102530621,QIXnJ
A1610030,A161003001,2017-10-04,7774.0,2026-06-01T04:56:12Z,16,Donnée validée,10,Expertisée,20,Bonne,7.384986107,48.102530621,QIXnJ
A1610030,A161003001,2017-10-05,6751.0,2026-06-01T04:56:12Z,16,Donnée validée,10,Expertisée,20,Bonne,7.384986107,48.102530621,QIXnJ
A1610030,A161003001,2017-10-06,6506.0,2026-06-01T04:56:12Z,16,Donnée validée,10,Expertisée,20,Bonne,7.384986107,48.102530621,QIXnJ
A1610030,A161003001,2017-10-07,6131.0,2026-06-01T04:56:12Z,16,Donnée validée,10,Expertisée,20,Bonne,7.384986107,48.102530621,QIXnJ
A1610030,A161003001,2017-10-08,5924.0,2026-06-01T04:56:12Z,16,Donnée validée,10,Expertisée,20,Bonne,7.384986107,48.102530621,QIXnJ
A1610030,A161003001,2017-10-09,5938.0,2026-06-01T04:56:12Z,16,Donnée validée,10,Expertisée,20,Bonne,7.384986107,48.102530621,QIXnJ
A1610030,A161003001,2017-10-10,5895.0,2026-06-01T04:56:12Z,16,Donnée validée,10,Expertisée,20,Bonne,7.384986107,48.102530621,QIXnJ
A1610030,A161003001,2017-10-11,5895.0,2026-06-01T04:56:12Z,16,Donnée validée,10,Expertisée,20,Bonne,7.384986107,48.102530621,QIXnJ
A1610030,A161003001,2017-10-12,5597.0,2026-06-01T04:56:12Z,16,Donnée validée,10,Expertisée,20,Bonne,7.384986107,48.102530621,QIXnJ
A1610030,A161003001,2017-10-13,5107.0,2026-06-01T04:56:12Z,16,Donnée validée,10,Expertisée,20,Bonne,7.384986107,48.102530621,QIXnJ
A1610030,A161003001,2017-10-14,5383.0,2026-06-01T04:56:12Z,16,Donnée validée,10,Expertisée,20,Bonne,7.384986107,48.102530621,QIXnJ
A1610030,A161003001,2017-10-15,5001.0,2026-06-01T04:56:12Z,16,Donnée validée,10,Expertisée,20,Bonne,7.384986107,48.102530621,QIXnJ
A1610030,A161003001,2017-10-16,5080.0,2026-06-01T04:56:12Z,16,Donnée validée,10,Expertisée,20,Bonne,7.384986107,48.102530621,QIXnJ
A1610030,A161003001,2017-10-17,4946.0,2026-06-01T04:56:12Z,16,Donnée validée,10,Expertisée,20,Bonne,7.384986107,48.102530621,QIXnJ
A1610030,A161003001,2017-10-18,5020.0,2026-06-01T04:56:12Z,16,Donnée validée,10,Expertisée,20,Bonne,7.384986107,48.102530621,QIXnJ
A1610030,A161003001,2017-10-19,4823.0,2026-06-01T04:56:12Z,16,Donnée validée,10,Expertisée,20,Bonne,7.384986107,48.102530621,QIXnJ
A1610030,A161003001,2017-10-20,4719.0,2026-06-01T04:56:12Z,16,Donnée validée,10,Expertisée,20,Bonne,7.384986107,48.102530621,QIXnJ
A1610030,A161003001,2017-10-21,4622.0,2026-06-01T04:56:12Z,16,Donnée validée,10,Expertisée,20,Bonne,7.384986107,48.102530621,QIXnJ
A1610030,A161003001,2017-10-22,4575.0,2026-06-01T04:56:12Z,16,Donnée validée,10,Expertisée,20,Bonne,7.384986107,48.102530621,QIXnJ
A1610030,A161003001,2017-10-23,4588.0,2026-06-01T04:56:12Z,16,Donnée validée,10,Expertisée,20,Bonne,7.384986107,48.102530621,QIXnJ
A1610030,A161003001,2017-10-24,4884.0,2026-06-01T04:56:12Z,16,Donnée validée,10,Expertisée,20,Bonne,7.384986107,48.102530621,QIXnJ
A1610030,A161003001,2017-10-25,4963.0,2026-06-01T04:56:12Z,16,Donnée validée,10,Expertisée,20,Bonne,7.384986107,48.102530621,QIXnJ
A1610030,A161003001,2017-10-26,5186.0,2026-06-01T04:56:12Z,16,Donnée validée,10,Expertisée,20,Bonne,7.384986107,48.102530621,QIXnJ
A1610030,A161003001,2017-10-27,4760.0,2026-06-01T04:56:12Z,16,Donnée validée,10,Expertisée,20,Bonne,7.384986107,48.102530621,QIXnJ
A1610030,A161003001,2017-10-28,4520.0,2026-06-01T04:56:12Z,16,Donnée validée,10,Expertisée,20,Bonne,7.384986107,48.102530621,QIXnJ
A1610030,A161003001,2017-10-29,4610.0,2026-06-01T04:56:12Z,16,Donnée validée,10,Expertisée,20,Bonne,7.384986107,48.102530621,QIXnJ
A1610030,A161003001,2017-10-30,5330.0,2026-06-01T04:56:12Z,16,Donnée validée,10,Expertisée,20,Bonne,7.384986107,48.102530621,QIXnJ
A1610030,A161003001,2017-10-31,5210.0,2026-06-01T04:56:12Z,16,Donnée validée,10,Expertisée,20,Bonne,7.384986107,48.102530621,QIXnJ
A1610030,A161003001,2017-11-01,5151.0,2026-06-01T04:56:12Z,16,Donnée validée,10,Expertisée,20,Bonne,7.384986107,48.102530621,QIXnJ
A1610030,A161003001,2017-11-02,4970.0,2026-06-01T04:56:12Z,16,Donnée validée,10,Expertisée,20,Bonne,7.384986107,48.102530621,QIXnJ
A1610030,A161003001,2017-11-03,4880.0,2026-06-01T04:56:12Z,16,Donnée validée,10,Expertisée,20,Bonne,7.384986107,48.102530621,QIXnJ
A1610030,A161003001,2017-11-04,4340.0,2026-06-01T04:56:12Z,16,Donnée validée,10,Expertisée,20,Bonne,7.384986107,48.102530621,QIXnJ
A1610030,A161003001,2017-11-05,5900.0,2026-06-01T04:56:12Z,16,Donnée validée,10,Expertisée,20,Bonne,7.384986107,48.102530621,QIXnJ
A1610030,A161003001,2017-11-06,6200.0,2026-06-01T04:56:12Z,16,Donnée validée,10,Expertisée,20,Bonne,7.384986107,48.102530621,QIXnJ
A1610030,A161003001,2017-11-07,6230.0,2026-06-01T04:56:12Z,16,Donnée validée,10,Expertisée,20,Bonne,7.384986107,48.102530621,QIXnJ
A1610030,A161003001,2017-11-08,5374.0,2026-06-01T04:56:12Z,16,Donnée validée,10,Expertisée,20,Bonne,7.384986107,48.102530621,QIXnJ
A1610030,A161003001,2017-11-09,5586.0,2026-06-01T04:56:12Z,16,Donnée validée,10,Expertisée,20,Bonne,7.384986107,48.102530621,QIXnJ
A1610030,A161003001,2017-11-10,5589.0,2026-06-01T04:56:12Z,16,Donnée validée,10,Expertisée,20,Bonne,7.384986107,48.102530621,QIXnJ
A1610030,A161003001,2017-11-11,6513.0,2026-06-01T04:56:12Z,16,Donnée validée,10,Expertisée,20,Bonne,7.384986107,48.102530621,QIXnJ
A1610030,A161003001,2017-11-12,56920.0,2026-06-01T04:56:12Z,16,Donnée validée,10,Expertisée,20,Bonne,7.384986107,48.102530621,QIXnJ
A1610030,A161003001,2017-11-13,68653.0,2026-06-01T04:56:12Z,16,Donnée validée,10,Expertisée,20,Bonne,7.384986107,48.102530621,QIXnJ
A1610030,A161003001,2017-11-14,42766.0,2026-06-01T04:56:12Z,16,Donnée validée,10,Expertisée,20,Bonne,7.384986107,48.102530621,QIXnJ
A1610030,A161003001,2017-11-15,25706.0,2026-06-01T04:56:12Z,16,Donnée validée,10,Expertisée,20,Bonne,7.384986107,48.102530621,QIXnJ
A1610030,A161003001,2017-11-16,20120.0,2026-06-01T04:56:12Z,16,Donnée validée,10,Expertisée,20,Bonne,7.384986107,48.102530621,QIXnJ
A1610030,A161003001,2017-11-17,17425.0,2026-06-01T04:56:12Z,16,Donnée validée,10,Expertisée,20,Bonne,7.384986107,48.102530621,QIXnJ
A1610030,A161003001,2017-11-18,12340.0,2026-06-01T04:56:12Z,16,Donnée validée,10,Expertisée,20,Bonne,7.384986107,48.102530621,QIXnJ
A1610030,A161003001,2017-11-19,11210.0,2026-06-01T04:56:12Z,16,Donnée validée,10,Expertisée,20,Bonne,7.384986107,48.102530621,QIXnJ
A1610030,A161003001,2017-11-20,10620.0,2026-06-01T04:56:12Z,16,Donnée validée,10,Expertisée,20,Bonne,7.384986107,48.102530621,QIXnJ
A1610030,A161003001,2017-11-21,9456.0,2026-06-01T04:56:12Z,16,Donnée validée,10,Expertisée,20,Bonne,7.384986107,48.102530621,QIXnJ
A1610030,A161003001,2017-11-22,9420.0,2026-06-01T04:56:12Z,16,Donnée validée,10,Expertisée,20,Bonne,7.384986107,48.102530621,QIXnJ
A1610030,A161003001,2017-11-23,8912.0,2026-06-01T04:56:12Z,16,Donnée validée,10,Expertisée,20,Bonne,7.384986107,48.102530621,QIXnJ
A1610030,A161003001,2017-11-24,8528.0,2026-06-01T04:56:12Z,16,Donnée validée,10,Expertisée,20,Bonne,7.384986107,48.102530621,QIXnJ
A1610030,A161003001,2017-11-25,19924.0,2026-06-01T04:56:12Z,16,Donnée validée,10,Expertisée,20,Bonne,7.384986107,48.102530621,QIXnJ
A1610030,A161003001,2017-11-26,23599.0,2026-06-01T04:56:12Z,16,Donnée validée,10,Expertisée,20,Bonne,7.384986107,48.102530621,QIXnJ
A1610030,A161003001,2017-11-27,20002.0,2026-06-01T04:56:12Z,16,Donnée validée,10,Expertisée,20,Bonne,7.384986107,48.102530621,QIXnJ
A1610030,A161003001,2017-11-28,18442.0,2026-06-01T04:56:12Z,16,Donnée validée,10,Expertisée,20,Bonne,7.384986107,48.102530621,QIXnJ
A1610030,A161003001,2017-11-29,23109.0,2026-06-01T04:56:12Z,16,Donnée validée,10,Expertisée,20,Bonne,7.384986107,48.102530621,QIXnJ
A1610030,A161003001,2017-11-30,21371.0,2026-06-01T04:56:12Z,16,Donnée validée,10,Expertisée,20,Bonne,7.384986107,48.102530621,QIXnJ
A1610030,A161003001,2017-12-01,15952.0,2026-06-01T04:56:12Z,16,Donnée validée,10,Expertisée,20,Bonne,7.384986107,48.102530621,QIXnJ
A1610030,A161003001,2017-12-02,14216.0,2026-06-01T04:56:12Z,16,Donnée validée,10,Expertisée,20,Bonne,7.384986107,48.102530621,QIXnJ
A1610030,A161003001,2017-12-03,12563.0,2026-06-01T04:56:12Z,16,Donnée validée,10,Expertisée,20,Bonne,7.384986107,48.102530621,QIXnJ
A1610030,A161003001,2017-12-04,16935.0,2026-06-01T04:56:12Z,16,Donnée validée,10,Expertisée,20,Bonne,7.384986107,48.102530621,QIXnJ
A1610030,A161003001,2017-12-05,10165.0,2026-06-01T04:56:12Z,16,Donnée validée,10,Expertisée,20,Bonne,7.384986107,48.102530621,QIXnJ
A1610030,A161003001,2017-12-06,9616.0,2026-06-01T04:56:12Z,16,Donnée validée,10,Expertisée,20,Bonne,7.384986107,48.102530621,QIXnJ
A1610030,A161003001,2017-12-07,9264.0,2026-06-01T04:56:12Z,16,Donnée validée,10,Expertisée,20,Bonne,7.384986107,48.102530621,QIXnJ
A1610030,A161003001,2017-12-08,13928.0,2026-06-01T04:56:12Z,16,Donnée validée,10,Expertisée,20,Bonne,7.384986107,48.102530621,QIXnJ
A1610030,A161003001,2017-12-09,15787.0,2026-06-01T04:56:12Z,16,Donnée validée,10,Expertisée,20,Bonne,7.384986107,48.102530621,QIXnJ
A1610030,A161003001,2017-12-10,22840.0,2026-06-01T04:56:12Z,16,Donnée validée,10,Expertisée,20,Bonne,7.384986107,48.102530621,QIXnJ
A1610030,A161003001,2017-12-11,94750.0,2026-06-01T04:56:12Z,16,Donnée validée,10,Expertisée,20,Bonne,7.384986107,48.102530621,QIXnJ
A1610030,A161003001,2017-12-12,92084.0,2026-06-01T04:56:12Z,16,Donnée validée,10,Expertisée,20,Bonne,7.384986107,48.102530621,QIXnJ
A1610030,A161003001,2017-12-13,63693.0,2026-06-01T04:56:12Z,16,Donnée validée,10,Expertisée,20,Bonne,7.384986107,48.102530621,QIXnJ
A1610030,A161003001,2017-12-14,78240.0,2026-06-01T04:56:12Z,16,Donnée validée,10,Expertisée,20,Bonne,7.384986107,48.102530621,QIXnJ
A1610030,A161003001,2017-12-15,97726.0,2026-06-01T04:56:12Z,16,Donnée validée,10,Expertisée,20,Bonne,7.384986107,48.102530621,QIXnJ
A1610030,A161003001,2017-12-16,93448.0,2026-06-01T04:56:12Z,16,Donnée validée,10,Expertisée,20,Bonne,7.384986107,48.102530621,QIXnJ
A1610030,A161003001,2017-12-17,50635.0,2026-06-01T04:56:12Z,16,Donnée validée,10,Expertisée,20,Bonne,7.384986107,48.102530621,QIXnJ
A1610030,A161003001,2017-12-18,32747.0,2026-06-01T04:56:12Z,16,Donnée validée,10,Expertisée,20,Bonne,7.384986107,48.102530621,QIXnJ
A1610030,A161003001,2017-12-19,26042.0,2026-06-01T04:56:12Z,16,Donnée validée,10,Expertisée,20,Bonne,7.384986107,48.102530621,QIXnJ
A1610030,A161003001,2017-12-20,20757.0,2026-06-01T04:56:12Z,16,Donnée validée,10,Expertisée,20,Bonne,7.384986107,48.102530621,QIXnJ
A1610030,A161003001,2017-12-21,19826.0,2026-06-01T04:56:12Z,16,Donnée validée,10,Expertisée,20,Bonne,7.384986107,48.102530621,QIXnJ
A1610030,A161003001,2017-12-22,17621.0,2026-06-01T04:56:12Z,16,Donnée validée,10,Expertisée,20,Bonne,7.384986107,48.102530621,QIXnJ
A1610030,A161003001,2017-12-23,17474.0,2026-06-01T04:56:12Z,16,Donnée validée,10,Expertisée,20,Bonne,7.384986107,48.102530621,QIXnJ
A1610030,A161003001,2017-12-24,17050.0,2026-06-01T04:56:12Z,16,Donnée validée,10,Expertisée,20,Bonne,7.384986107,48.102530621,QIXnJ
A1610030,A161003001,2017-12-25,16080.0,2026-06-01T04:56:12Z,16,Donnée validée,10,Expertisée,20,Bonne,7.384986107,48.102530621,QIXnJ
A1610030,A161003001,2017-12-26,15256.0,2026-06-01T04:56:12Z,16,Donnée validée,10,Expertisée,20,Bonne,7.384986107,48.102530621,QIXnJ
A1610030,A161003001,2017-12-27,19426.0,2026-06-01T04:56:12Z,16,Donnée validée,10,Expertisée,20,Bonne,7.384986107,48.102530621,QIXnJ
A1610030,A161003001,2017-12-28,20953.0,2026-06-01T04:56:12Z,16,Donnée validée,10,Expertisée,20,Bonne,7.384986107,48.102530621,QIXnJ
A1610030,A161003001,2017-12-29,18753.0,2026-06-01T04:56:12Z,16,Donnée validée,10,Expertisée,20,Bonne,7.384986107,48.102530621,QIXnJ
A1610030,A161003001,2017-12-30,24138.0,2026-06-01T04:56:12Z,16,Donnée validée,10,Expertisée,20,Bonne,7.384986107,48.102530621,QIXnJ
A1610030,A161003001,2017-12-31,54725.0,2026-06-01T04:56:12Z,16,Donnée validée,10,Expertisée,20,Bonne,7.384986107,48.102530621,QIXnJ
A1610030,A161003001,2018-01-01,58344.0,2026-06-01T04:56:12Z,16,Donnée validée,10,Expertisée,20,Bonne,7.384986107,48.102530621,QIXnJ
A1610030,A161003001,2018-01-02,69773.0,2026-06-01T04:56:12Z,16,Donnée validée,10,Expertisée,20,Bonne,7.384986107,48.102530621,QIXnJ
A1610030,A161003001,2018-01-03,122039.0,2026-06-01T04:56:12Z,16,Donnée validée,10,Expertisée,20,Bonne,7.384986107,48.102530621,QIXnJ
A1610030,A161003001,2018-01-04,145418.0,2026-06-01T04:56:12Z,16,Donnée validée,10,Expertisée,20,Bonne,7.384986107,48.102530621,QIXnJ
A1610030,A161003001,2018-01-05,210040.0,2026-06-01T04:56:12Z,16,Donnée validée,10,Expertisée,20,Bonne,7.384986107,48.102530621,QIXnJ
A1610030,A161003001,2018-01-06,208846.0,2026-06-01T04:56:12Z,16,Donnée validée,10,Expertisée,20,Bonne,7.384986107,48.102530621,QIXnJ
A1610030,A161003001,2018-01-07,147234.0,2026-06-01T04:56:12Z,16,Donnée validée,10,Expertisée,20,Bonne,7.384986107,48.102530621,QIXnJ
A1610030,A161003001,2018-01-08,92007.0,2026-06-01T04:56:12Z,16,Donnée validée,10,Expertisée,20,Bonne,7.384986107,48.102530621,QIXnJ
A1610030,A161003001,2018-01-09,59432.0,2026-06-01T04:56:12Z,16,Donnée validée,10,Expertisée,20,Bonne,7.384986107,48.102530621,QIXnJ
A1610030,A161003001,2018-01-10,44816.0,2026-06-01T04:56:12Z,16,Donnée validée,10,Expertisée,20,Bonne,7.384986107,48.102530621,QIXnJ
A1610030,A161003001,2018-01-11,37062.0,2026-06-01T04:56:12Z,16,Donnée validée,10,Expertisée,20,Bonne,7.384986107,48.102530621,QIXnJ
A1610030,A161003001,2018-01-12,31017.0,2026-06-01T04:56:12Z,16,Donnée validée,10,Expertisée,20,Bonne,7.384986107,48.102530621,QIXnJ
A1610030,A161003001,2018-01-13,26058.0,2026-06-01T04:56:12Z,16,Donnée validée,10,Expertisée,20,Bonne,7.384986107,48.102530621,QIXnJ
A1610030,A161003001,2018-01-14,22818.0,2026-06-01T04:56:12Z,16,Donnée validée,10,Expertisée,20,Bonne,7.384986107,48.102530621,QIXnJ
A1610030,A161003001,2018-01-15,20447.0,2026-06-01T04:56:12Z,16,Donnée validée,10,Expertisée,20,Bonne,7.384986107,48.102530621,QIXnJ
A1610030,A161003001,2018-01-16,93073.0,2026-06-01T04:56:12Z,16,Donnée validée,10,Expertisée,20,Bonne,7.384986107,48.102530621,QIXnJ
A1610030,A161003001,2018-01-17,117921.0,2026-06-01T04:56:12Z,16,Donnée validée,10,Expertisée,20,Bonne,7.384986107,48.102530621,QIXnJ
A1610030,A161003001,2018-01-18,120273.0,2026-06-01T04:56:12Z,16,Donnée validée,10,Expertisée,20,Bonne,7.384986107,48.102530621,QIXnJ
A1610030,A161003001,2018-01-19,164110.0,2026-06-01T04:56:12Z,16,Donnée validée,10,Expertisée,20,Bonne,7.384986107,48.102530621,QIXnJ
A1610030,A161003001,2018-01-20,164450.0,2026-06-01T04:56:12Z,16,Donnée validée,10,Expertisée,20,Bonne,7.384986107,48.102530621,QIXnJ
A1610030,A161003001,2018-01-21,134255.0,2026-06-01T04:56:12Z,16,Donnée validée,10,Expertisée,20,Bonne,7.384986107,48.102530621,QIXnJ
A1610030,A161003001,2018-01-22,140178.0,2026-06-01T04:56:12Z,16,Donnée validée,10,Expertisée,20,Bonne,7.384986107,48.102530621,QIXnJ
A1610030,A161003001,2018-01-23,170485.0,2026-06-01T04:56:12Z,16,Donnée validée,10,Expertisée,20,Bonne,7.384986107,48.102530621,QIXnJ
A1610030,A161003001,2018-01-24,157565.0,2026-06-01T04:56:12Z,16,Donnée validée,10,Expertisée,20,Bonne,7.384986107,48.102530621,QIXnJ
A1610030,A161003001,2018-01-25,95381.0,2026-06-01T04:56:12Z,16,Donnée validée,10,Expertisée,20,Bonne,7.384986107,48.102530621,QIXnJ
A1610030,A161003001,2018-01-26,69248.0,2026-06-01T04:56:12Z,16,Donnée validée,10,Expertisée,20,Bonne,7.384986107,48.102530621,QIXnJ
A1610030,A161003001,2018-01-27,75716.0,2026-06-01T04:56:12Z,16,Donnée validée,10,Expertisée,20,Bonne,7.384986107,48.102530621,QIXnJ
A1610030,A161003001,2018-01-28,70772.0,2026-06-01T04:56:12Z,16,Donnée validée,10,Expertisée,20,Bonne,7.384986107,48.102530621,QIXnJ
A1610030,A161003001,2018-01-29,52906.0,2026-06-01T04:56:12Z,16,Donnée validée,10,Expertisée,20,Bonne,7.384986107,48.102530621,QIXnJ
A1610030,A161003001,2018-01-30,42927.0,2026-06-01T04:56:12Z,16,Donnée validée,10,Expertisée,20,Bonne,7.384986107,48.102530621,QIXnJ
A1610030,A161003001,2018-01-31,36760.0,2026-06-01T04:56:12Z,16,Donnée validée,10,Expertisée,20,Bonne,7.384986107,48.102530621,QIXnJ
A1610030,A161003001,2018-02-01,88195.0,2026-06-01T04:56:12Z,16,Donnée validée,10,Expertisée,20,Bonne,7.384986107,48.102530621,QIXnJ
A1610030,A161003001,2018-02-02,87607.0,2026-06-01T04:56:12Z,16,Donnée validée,10,Expertisée,20,Bonne,7.384986107,48.102530621,QIXnJ
A1610030,A161003001,2018-02-03,56895.0,2026-06-01T04:56:12Z,16,Donnée validée,10,Expertisée,20,Bonne,7.384986107,48.102530621,QIXnJ
A1610030,A161003001,2018-02-04,43394.0,2026-06-01T04:56:12Z,16,Donnée validée,10,Expertisée,20,Bonne,7.384986107,48.102530621,QIXnJ
A1610030,A161003001,2018-02-05,35276.0,2026-06-01T04:56:12Z,16,Donnée validée,10,Expertisée,20,Bonne,7.384986107,48.102530621,QIXnJ
A1610030,A161003001,2018-02-06,29335.0,2026-06-01T04:56:12Z,16,Donnée validée,10,Expertisée,20,Bonne,7.384986107,48.102530621,QIXnJ
A1610030,A161003001,2018-02-07,30311.0,2026-06-01T04:56:12Z,16,Donnée validée,10,Expertisée,20,Bonne,7.384986107,48.102530621,QIXnJ
A1610030,A161003001,2018-02-08,22462.0,2026-06-01T04:56:12Z,16,Donnée validée,10,Expertisée,20,Bonne,7.384986107,48.102530621,QIXnJ
A1610030,A161003001,2018-02-09,21397.0,2026-06-01T04:56:12Z,16,Donnée validée,10,Expertisée,20,Bonne,7.384986107,48.102530621,QIXnJ
A1610030,A161003001,2018-02-10,19517.0,2026-06-01T04:56:12Z,16,Donnée validée,10,Expertisée,20,Bonne,7.384986107,48.102530621,QIXnJ
A1610030,A161003001,2018-02-11,17647.0,2026-06-01T04:56:12Z,16,Donnée validée,10,Expertisée,20,Bonne,7.384986107,48.102530621,QIXnJ
A1610030,A161003001,2018-02-12,16970.0,2026-06-01T04:56:12Z,16,Donnée validée,10,Expertisée,20,Bonne,7.384986107,48.102530621,QIXnJ
A1610030,A161003001,2018-02-13,16802.0,2026-06-01T04:56:12Z,16,Donnée validée,10,Expertisée,20,Bonne,7.384986107,48.102530621,QIXnJ
A1610030,A161003001,2018-02-14,15474.0,2026-06-01T04:56:12Z,16,Donnée validée,10,Expertisée,20,Bonne,7.384986107,48.102530621,QIXnJ
A1610030,A161003001,2018-02-15,14449.0,2026-06-01T04:56:12Z,16,Donnée validée,10,Expertisée,20,Bonne,7.384986107,48.102530621,QIXnJ
A1610030,A161003001,2018-02-16,29739.0,2026-06-01T04:56:12Z,16,Donnée validée,10,Expertisée,20,Bonne,7.384986107,48.102530621,QIXnJ
A1610030,A161003001,2018-02-17,69901.0,2026-06-01T04:56:12Z,16,Donnée validée,10,Expertisée,20,Bonne,7.384986107,48.102530621,QIXnJ
A1610030,A161003001,2018-02-18,90351.0,2026-06-01T04:56:12Z,16,Donnée validée,10,Expertisée,20,Bonne,7.384986107,48.102530621,QIXnJ
A1610030,A161003001,2018-02-19,66439.0,2026-06-01T04:56:12Z,16,Donnée validée,10,Expertisée,20,Bonne,7.384986107,48.102530621,QIXnJ
A1610030,A161003001,2018-02-20,42646.0,2026-06-01T04:56:12Z,16,Donnée validée,10,Expertisée,20,Bonne,7.384986107,48.102530621,QIXnJ
A1610030,A161003001,2018-02-21,33976.0,2026-06-01T04:56:12Z,16,Donnée validée,10,Expertisée,20,Bonne,7.384986107,48.102530621,QIXnJ
A1610030,A161003001,2018-02-22,27343.0,2026-06-01T04:56:12Z,16,Donnée validée,10,Expertisée,20,Bonne,7.384986107,48.102530621,QIXnJ
A1610030,A161003001,2018-02-23,23630.0,2026-06-01T04:56:12Z,16,Donnée validée,10,Expertisée,20,Bonne,7.384986107,48.102530621,QIXnJ
A1610030,A161003001,2018-02-24,20966.0,2026-06-01T04:56:12Z,16,Donnée validée,10,Expertisée,20,Bonne,7.384986107,48.102530621,QIXnJ
A1610030,A161003001,2018-02-25,18909.0,2026-06-01T04:56:12Z,16,Donnée validée,10,Expertisée,20,Bonne,7.384986107,48.102530621,QIXnJ
A1610030,A161003001,2018-02-26,16802.0,2026-06-01T04:56:12Z,16,Donnée validée,10,Expertisée,20,Bonne,7.384986107,48.102530621,QIXnJ
A1610030,A161003001,2018-02-27,15667.0,2026-06-01T04:56:12Z,16,Donnée validée,10,Expertisée,20,Bonne,7.384986107,48.102530621,QIXnJ
A1610030,A161003001,2018-02-28,16340.0,2026-06-01T04:56:12Z,16,Donnée validée,10,Expertisée,20,Bonne,7.384986107,48.102530621,QIXnJ
A1610030,A161003001,2018-03-01,14995.0,2026-06-01T04:56:12Z,16,Donnée validée,10,Expertisée,20,Bonne,7.384986107,48.102530621,QIXnJ
A1610030,A161003001,2018-03-02,14071.0,2026-06-01T04:56:12Z,16,Donnée validée,10,Expertisée,20,Bonne,7.384986107,48.102530621,QIXnJ
A1610030,A161003001,2018-03-03,13315.0,2026-06-01T04:56:12Z,16,Donnée validée,10,Expertisée,20,Bonne,7.384986107,48.102530621,QIXnJ
A1610030,A161003001,2018-03-04,13315.0,2026-06-01T04:56:12Z,16,Donnée validée,10,Expertisée,20,Bonne,7.384986107,48.102530621,QIXnJ
A1610030,A161003001,2018-03-05,14743.0,2026-06-01T04:56:12Z,16,Donnée validée,10,Expertisée,20,Bonne,7.384986107,48.102530621,QIXnJ
A1610030,A161003001,2018-03-06,14071.0,2026-06-01T04:56:12Z,16,Donnée validée,10,Expertisée,20,Bonne,7.384986107,48.102530621,QIXnJ
A1610030,A161003001,2018-03-07,13651.0,2026-06-01T04:56:12Z,16,Donnée validée,10,Expertisée,20,Bonne,7.384986107,48.102530621,QIXnJ
A1610030,A161003001,2018-03-08,14071.0,2026-06-01T04:56:12Z,16,Donnée validée,10,Expertisée,20,Bonne,7.384986107,48.102530621,QIXnJ
A1610030,A161003001,2018-03-09,13777.0,2026-06-01T04:56:12Z,16,Donnée validée,10,Expertisée,20,Bonne,7.384986107,48.102530621,QIXnJ
A1610030,A161003001,2018-03-10,15465.0,2026-06-01T04:56:12Z,16,Donnée validée,10,Expertisée,20,Bonne,7.384986107,48.102530621,QIXnJ
A1610030,A161003001,2018-03-11,19965.0,2026-06-01T04:56:12Z,16,Donnée validée,10,Expertisée,20,Bonne,7.384986107,48.102530621,QIXnJ
A1610030,A161003001,2018-03-12,22852.0,2026-06-01T04:56:12Z,16,Donnée validée,10,Expertisée,20,Bonne,7.384986107,48.102530621,QIXnJ
A1610030,A161003001,2018-03-13,49671.0,2026-06-01T04:56:12Z,16,Donnée validée,10,Expertisée,20,Bonne,7.384986107,48.102530621,QIXnJ
A1610030,A161003001,2018-03-14,54414.0,2026-06-01T04:56:12Z,16,Donnée validée,10,Expertisée,20,Bonne,7.384986107,48.102530621,QIXnJ
A1610030,A161003001,2018-03-15,48206.0,2026-06-01T04:56:12Z,16,Donnée validée,10,Expertisée,20,Bonne,7.384986107,48.102530621,QIXnJ
A1610030,A161003001,2018-03-16,37818.0,2026-06-01T04:56:12Z,16,Donnée validée,10,Expertisée,20,Bonne,7.384986107,48.102530621,QIXnJ
A1610030,A161003001,2018-03-17,30873.0,2026-06-01T04:56:12Z,16,Donnée validée,10,Expertisée,20,Bonne,7.384986107,48.102530621,QIXnJ
A1610030,A161003001,2018-03-18,27599.0,2026-06-01T04:56:12Z,16,Donnée validée,10,Expertisée,20,Bonne,7.384986107,48.102530621,QIXnJ
A1610030,A161003001,2018-03-19,25681.0,2026-06-01T04:56:12Z,16,Donnée validée,10,Expertisée,20,Bonne,7.384986107,48.102530621,QIXnJ
A1610030,A161003001,2018-03-20,23160.0,2026-06-01T04:56:12Z,16,Donnée validée,10,Expertisée,20,Bonne,7.384986107,48.102530621,QIXnJ
A1610030,A161003001,2018-03-21,21658.0,2026-06-01T04:56:12Z,16,Donnée validée,10,Expertisée,20,Bonne,7.384986107,48.102530621,QIXnJ
A1610030,A161003001,2018-03-22,19784.0,2026-06-01T04:56:12Z,16,Donnée validée,10,Expertisée,20,Bonne,7.384986107,48.102530621,QIXnJ
A1610030,A161003001,2018-03-23,18473.0,2026-06-01T04:56:12Z,16,Donnée validée,10,Expertisée,20,Bonne,7.384986107,48.102530621,QIXnJ
A1610030,A161003001,2018-03-24,17516.0,2026-06-01T04:56:12Z,16,Donnée validée,10,Expertisée,20,Bonne,7.384986107,48.102530621,QIXnJ
A1610030,A161003001,2018-03-25,16445.0,2026-06-01T04:56:12Z,16,Donnée validée,10,Expertisée,20,Bonne,7.384986107,48.102530621,QIXnJ
A1610030,A161003001,2018-03-26,15012.0,2026-06-01T04:56:12Z,16,Donnée validée,10,Expertisée,20,Bonne,7.384986107,48.102530621,QIXnJ
A1610030,A161003001,2018-03-27,13939.0,2026-06-01T04:56:12Z,16,Donnée validée,10,Expertisée,20,Bonne,7.384986107,48.102530621,QIXnJ
A1610030,A161003001,2018-03-28,17222.0,2026-06-01T04:56:12Z,16,Donnée validée,10,Expertisée,20,Bonne,7.384986107,48.102530621,QIXnJ
A1610030,A161003001,2018-03-29,35941.0,2026-06-01T04:56:12Z,16,Donnée validée,10,Expertisée,20,Bonne,7.384986107,48.102530621,QIXnJ
A1610030,A161003001,2018-03-30,33548.0,2026-06-01T04:56:12Z,16,Donnée validée,10,Expertisée,20,Bonne,7.384986107,48.102530621,QIXnJ
A1610030,A161003001,2018-03-31,31437.0,2026-06-01T04:56:12Z,16,Donnée validée,10,Expertisée,20,Bonne,7.384986107,48.102530621,QIXnJ
A1610030,A161003001,2018-04-01,29548.0,2026-06-01T04:56:12Z,16,Donnée validée,10,Expertisée,20,Bonne,7.384986107,48.102530621,QIXnJ
A1610030,A161003001,2018-04-02,26442.0,2026-06-01T04:56:12Z,16,Donnée validée,10,Expertisée,20,Bonne,7.384986107,48.102530621,QIXnJ
A1610030,A161003001,2018-04-03,23596.0,2026-06-01T04:56:12Z,16,Donnée validée,10,Expertisée,20,Bonne,7.384986107,48.102530621,QIXnJ
A1610030,A161003001,2018-04-04,22602.0,2026-06-01T04:56:12Z,16,Donnée validée,10,Expertisée,20,Bonne,7.384986107,48.102530621,QIXnJ
A1610030,A161003001,2018-04-05,29032.0,2026-06-01T04:56:12Z,16,Donnée validée,10,Expertisée,20,Bonne,7.384986107,48.102530621,QIXnJ
A1610030,A161003001,2018-04-06,28980.0,2026-06-01T04:56:12Z,16,Donnée validée,10,Expertisée,20,Bonne,7.384986107,48.102530621,QIXnJ
A1610030,A161003001,2018-04-07,27129.0,2026-06-01T04:56:12Z,16,Donnée validée,10,Expertisée,20,Bonne,7.384986107,48.102530621,QIXnJ
A1610030,A161003001,2018-04-08,24494.0,2026-06-01T04:56:12Z,16,Donnée validée,10,Expertisée,20,Bonne,7.384986107,48.102530621,QIXnJ
A1610030,A161003001,2018-04-09,22879.0,2026-06-01T04:56:12Z,16,Donnée validée,10,Expertisée,20,Bonne,7.384986107,48.102530621,QIXnJ
A1610030,A161003001,2018-04-10,21573.0,2026-06-01T04:56:12Z,16,Donnée validée,10,Expertisée,20,Bonne,7.384986107,48.102530621,QIXnJ
A1610030,A161003001,2018-04-11,20498.0,2026-06-01T04:56:12Z,16,Donnée validée,10,Expertisée,20,Bonne,7.384986107,48.102530621,QIXnJ
A1610030,A161003001,2018-04-12,18316.0,2026-06-01T04:56:12Z,16,Donnée validée,10,Expertisée,20,Bonne,7.384986107,48.102530621,QIXnJ
A1610030,A161003001,2018-04-13,19283.0,2026-06-01T04:56:12Z,16,Donnée validée,10,Expertisée,20,Bonne,7.384986107,48.102530621,QIXnJ
A1610030,A161003001,2018-04-14,17570.0,2026-06-01T04:56:12Z,16,Donnée validée,10,Expertisée,20,Bonne,7.384986107,48.102530621,QIXnJ
A1610030,A161003001,2018-04-15,15079.0,2026-06-01T04:56:12Z,16,Donnée validée,10,Expertisée,20,Bonne,7.384986107,48.102530621,QIXnJ
A1610030,A161003001,2018-04-16,14827.0,2026-06-01T04:56:12Z,16,Donnée validée,10,Expertisée,20,Bonne,7.384986107,48.102530621,QIXnJ
A1610030,A161003001,2018-04-17,13890.0,2026-06-01T04:56:12Z,16,Donnée validée,10,Expertisée,20,Bonne,7.384986107,48.102530621,QIXnJ
A1610030,A161003001,2018-04-18,12562.0,2026-06-01T04:56:12Z,16,Donnée validée,10,Expertisée,20,Bonne,7.384986107,48.102530621,QIXnJ
A1610030,A161003001,2018-04-19,11692.0,2026-06-01T04:56:12Z,16,Donnée validée,10,Expertisée,20,Bonne,7.384986107,48.102530621,QIXnJ
A1610030,A161003001,2018-04-20,10463.0,2026-06-01T04:56:12Z,16,Donnée validée,10,Expertisée,20,Bonne,7.384986107,48.102530621,QIXnJ
A1610030,A161003001,2018-04-21,9780.0,2026-06-01T04:56:12Z,16,Donnée validée,10,Expertisée,20,Bonne,7.384986107,48.102530621,QIXnJ
A1610030,A161003001,2018-04-22,9478.0,2026-06-01T04:56:12Z,16,Donnée validée,10,Expertisée,20,Bonne,7.384986107,48.102530621,QIXnJ
A1610030,A161003001,2018-04-23,10390.0,2026-06-01T04:56:12Z,16,Donnée validée,10,Expertisée,20,Bonne,7.384986107,48.102530621,QIXnJ
A1610030,A161003001,2018-04-24,9733.0,2026-06-01T04:56:12Z,16,Donnée validée,10,Expertisée,20,Bonne,7.384986107,48.102530621,QIXnJ
A1610030,A161003001,2018-04-25,9003.0,2026-06-01T04:56:12Z,16,Donnée validée,10,Expertisée,20,Bonne,7.384986107,48.102530621,QIXnJ
A1610030,A161003001,2018-04-26,8331.0,2026-06-01T04:56:12Z,16,Donnée validée,10,Expertisée,20,Bonne,7.384986107,48.102530621,QIXnJ
A1610030,A161003001,2018-04-27,7944.0,2026-06-01T04:56:12Z,16,Donnée validée,10,Expertisée,20,Bonne,7.384986107,48.102530621,QIXnJ
A1610030,A161003001,2018-04-28,7579.0,2026-06-01T04:56:12Z,16,Donnée validée,10,Expertisée,20,Bonne,7.384986107,48.102530621,QIXnJ
A1610030,A161003001,2018-04-29,7689.0,2026-06-01T04:56:12Z,16,Donnée validée,10,Expertisée,20,Bonne,7.384986107,48.102530621,QIXnJ
A1610030,A161003001,2018-04-30,7324.0,2026-06-01T04:56:12Z,16,Donnée validée,10,Expertisée,20,Bonne,7.384986107,48.102530621,QIXnJ
A1610030,A161003001,2018-05-01,6959.0,2026-06-01T04:56:12Z,16,Donnée validée,10,Expertisée,20,Bonne,7.384986107,48.102530621,QIXnJ
A1610030,A161003001,2018-05-02,6398.0,2026-06-01T04:56:12Z,16,Donnée validée,10,Expertisée,20,Bonne,7.384986107,48.102530621,QIXnJ
A1610030,A161003001,2018-05-03,7762.0,2026-06-01T04:56:12Z,16,Donnée validée,10,Expertisée,20,Bonne,7.384986107,48.102530621,QIXnJ
A1610030,A161003001,2018-05-04,7579.0,2026-06-01T04:56:12Z,16,Donnée validée,10,Expertisée,20,Bonne,7.384986107,48.102530621,QIXnJ
A1610030,A161003001,2018-05-05,7125.0,2026-06-01T04:56:12Z,16,Donnée validée,10,Expertisée,20,Bonne,7.384986107,48.102530621,QIXnJ
A1610030,A161003001,2018-05-06,6542.0,2026-06-01T04:56:12Z,16,Donnée validée,10,Expertisée,20,Bonne,7.384986107,48.102530621,QIXnJ
A1610030,A161003001,2018-05-07,6338.0,2026-06-01T04:56:12Z,16,Donnée validée,10,Expertisée,20,Bonne,7.384986107,48.102530621,QIXnJ
A1610030,A161003001,2018-05-08,5772.0,2026-06-01T04:56:12Z,16,Donnée validée,10,Expertisée,20,Bonne,7.384986107,48.102530621,QIXnJ
A1610030,A161003001,2018-05-09,5311.0,2026-06-01T04:56:12Z,16,Donnée validée,10,Expertisée,20,Bonne,7.384986107,48.102530621,QIXnJ
A1610030,A161003001,2018-05-10,10427.0,2026-06-01T04:56:12Z,16,Donnée validée,10,Expertisée,20,Bonne,7.384986107,48.102530621,QIXnJ
A1610030,A161003001,2018-05-11,8812.0,2026-06-01T04:56:12Z,16,Donnée validée,10,Expertisée,20,Bonne,7.384986107,48.102530621,QIXnJ
A1610030,A161003001,2018-05-12,7908.0,2026-06-01T04:56:12Z,16,Donnée validée,10,Expertisée,20,Bonne,7.384986107,48.102530621,QIXnJ
A1610030,A161003001,2018-05-13,8675.0,2026-06-01T04:56:12Z,16,Donnée validée,10,Expertisée,20,Bonne,7.384986107,48.102530621,QIXnJ
A1610030,A161003001,2018-05-14,19657.0,2026-06-01T04:56:12Z,16,Donnée validée,10,Expertisée,20,Bonne,7.384986107,48.102530621,QIXnJ
A1610030,A161003001,2018-05-15,20919.0,2026-06-01T04:56:12Z,16,Donnée validée,10,Expertisée,20,Bonne,7.384986107,48.102530621,QIXnJ
A1610030,A161003001,2018-05-16,19563.0,2026-06-01T04:56:12Z,16,Donnée validée,10,Expertisée,20,Bonne,7.384986107,48.102530621,QIXnJ
A1610030,A161003001,2018-05-17,17264.0,2026-06-01T04:56:12Z,16,Donnée validée,10,Expertisée,20,Bonne,7.384986107,48.102530621,QIXnJ
A1610030,A161003001,2018-05-18,14516.0,2026-06-01T04:56:12Z,16,Donnée validée,10,Expertisée,20,Bonne,7.384986107,48.102530621,QIXnJ
A1610030,A161003001,2018-05-19,11566.0,2026-06-01T04:56:12Z,16,Donnée validée,10,Expertisée,20,Bonne,7.384986107,48.102530621,QIXnJ
A1610030,A161003001,2018-05-20,10462.0,2026-06-01T04:56:12Z,16,Donnée validée,10,Expertisée,20,Bonne,7.384986107,48.102530621,QIXnJ
A1610030,A161003001,2018-05-21,11466.0,2026-06-01T04:56:12Z,16,Donnée validée,10,Expertisée,20,Bonne,7.384986107,48.102530621,QIXnJ
A1610030,A161003001,2018-05-22,9094.0,2026-06-01T04:56:12Z,16,Donnée validée,10,Expertisée,20,Bonne,7.384986107,48.102530621,QIXnJ
A1610030,A161003001,2018-05-23,8675.0,2026-06-01T04:56:12Z,16,Donnée validée,10,Expertisée,20,Bonne,7.384986107,48.102530621,QIXnJ
A1610030,A161003001,2018-05-24,10668.0,2026-06-01T04:56:12Z,16,Donnée validée,10,Expertisée,20,Bonne,7.384986107,48.102530621,QIXnJ
A1610030,A161003001,2018-05-25,10116.0,2026-06-01T04:56:12Z,16,Donnée validée,10,Expertisée,20,Bonne,7.384986107,48.102530621,QIXnJ
A1610030,A161003001,2018-05-26,8569.0,2026-06-01T04:56:12Z,16,Donnée validée,10,Expertisée,20,Bonne,7.384986107,48.102530621,QIXnJ
A1610030,A161003001,2018-05-27,7105.0,2026-06-01T04:56:12Z,16,Donnée validée,10,Expertisée,20,Bonne,7.384986107,48.102530621,QIXnJ
A1610030,A161003001,2018-05-28,7616.0,2026-06-01T04:56:12Z,16,Donnée validée,10,Expertisée,20,Bonne,7.384986107,48.102530621,QIXnJ
A1610030,A161003001,2018-05-29,7547.0,2026-06-01T04:56:12Z,16,Donnée validée,10,Expertisée,20,Bonne,7.384986107,48.102530621,QIXnJ
A1610030,A161003001,2018-05-30,13189.0,2026-06-01T04:56:12Z,16,Donnée validée,10,Expertisée,20,Bonne,7.384986107,48.102530621,QIXnJ
A1610030,A161003001,2018-05-31,35686.0,2026-06-01T04:56:12Z,16,Donnée validée,10,Expertisée,20,Bonne,7.384986107,48.102530621,QIXnJ
A1610030,A161003001,2018-06-01,26710.0,2026-06-01T04:56:12Z,16,Donnée validée,10,Expertisée,20,Bonne,7.384986107,48.102530621,QIXnJ
A1610030,A161003001,2018-06-02,15881.0,2026-06-01T04:56:12Z,16,Donnée validée,10,Expertisée,20,Bonne,7.384986107,48.102530621,QIXnJ
A1610030,A161003001,2018-06-03,12221.0,2026-06-01T04:56:12Z,16,Donnée validée,10,Expertisée,20,Bonne,7.384986107,48.102530621,QIXnJ
A1610030,A161003001,2018-06-04,10599.0,2026-06-01T04:56:12Z,16,Donnée validée,10,Expertisée,20,Bonne,7.384986107,48.102530621,QIXnJ
A1610030,A161003001,2018-06-05,61123.0,2026-06-01T04:56:12Z,16,Donnée validée,10,Expertisée,20,Bonne,7.384986107,48.102530621,QIXnJ
A1610030,A161003001,2018-06-06,55796.0,2026-06-01T04:56:12Z,16,Donnée validée,10,Expertisée,20,Bonne,7.384986107,48.102530621,QIXnJ
A1610030,A161003001,2018-06-07,30414.0,2026-06-01T04:56:12Z,16,Donnée validée,10,Expertisée,20,Bonne,7.384986107,48.102530621,QIXnJ
A1610030,A161003001,2018-06-08,17012.0,2026-06-01T04:56:12Z,16,Donnée validée,10,Expertisée,20,Bonne,7.384986107,48.102530621,QIXnJ
A1610030,A161003001,2018-06-09,31591.0,2026-06-01T04:56:12Z,16,Donnée validée,10,Expertisée,20,Bonne,7.384986107,48.102530621,QIXnJ
A1610030,A161003001,2018-06-10,33792.0,2026-06-01T04:56:12Z,16,Donnée validée,10,Expertisée,20,Bonne,7.384986107,48.102530621,QIXnJ
A1610030,A161003001,2018-06-11,23350.0,2026-06-01T04:56:12Z,16,Donnée validée,10,Expertisée,20,Bonne,7.384986107,48.102530621,QIXnJ
A1610030,A161003001,2018-06-12,26426.0,2026-06-01T04:56:12Z,16,Donnée validée,10,Expertisée,20,Bonne,7.384986107,48.102530621,QIXnJ
A1610030,A161003001,2018-06-13,43402.0,2026-06-01T04:56:12Z,16,Donnée validée,10,Expertisée,20,Bonne,7.384986107,48.102530621,QIXnJ
A1610030,A161003001,2018-06-14,41089.0,2026-06-01T04:56:12Z,16,Donnée validée,10,Expertisée,20,Bonne,7.384986107,48.102530621,QIXnJ
A1610030,A161003001,2018-06-15,23954.0,2026-06-01T04:56:12Z,16,Donnée validée,10,Expertisée,20,Bonne,7.384986107,48.102530621,QIXnJ
A1610030,A161003001,2018-06-16,17312.0,2026-06-01T04:56:12Z,16,Donnée validée,10,Expertisée,20,Bonne,7.384986107,48.102530621,QIXnJ
A1610030,A161003001,2018-06-17,14473.0,2026-06-01T04:56:12Z,16,Donnée validée,10,Expertisée,20,Bonne,7.384986107,48.102530621,QIXnJ
A1610030,A161003001,2018-06-18,11128.0,2026-06-01T04:56:12Z,16,Donnée validée,10,Expertisée,20,Bonne,7.384986107,48.102530621,QIXnJ
A1610030,A161003001,2018-06-19,10503.0,2026-06-01T04:56:12Z,16,Donnée validée,10,Expertisée,20,Bonne,7.384986107,48.102530621,QIXnJ
A1610030,A161003001,2018-06-20,9521.0,2026-06-01T04:56:12Z,16,Donnée validée,10,Expertisée,20,Bonne,7.384986107,48.102530621,QIXnJ
A1610030,A161003001,2018-06-21,8619.0,2026-06-01T04:56:12Z,16,Donnée validée,10,Expertisée,20,Bonne,7.384986107,48.102530621,QIXnJ
A1610030,A161003001,2018-06-22,7816.0,2026-06-01T04:56:12Z,16,Donnée validée,10,Expertisée,20,Bonne,7.384986107,48.102530621,QIXnJ
A1610030,A161003001,2018-06-23,7268.0,2026-06-01T04:56:12Z,16,Donnée validée,10,Expertisée,20,Bonne,7.384986107,48.102530621,QIXnJ
A1610030,A161003001,2018-06-24,6903.0,2026-06-01T04:56:12Z,16,Donnée validée,10,Expertisée,20,Bonne,7.384986107,48.102530621,QIXnJ
A1610030,A161003001,2018-06-25,6519.0,2026-06-01T04:56:12Z,16,Donnée validée,10,Expertisée,20,Bonne,7.384986107,48.102530621,QIXnJ
A1610030,A161003001,2018-06-26,6209.0,2026-06-01T04:56:12Z,16,Donnée validée,10,Expertisée,20,Bonne,7.384986107,48.102530621,QIXnJ
A1610030,A161003001,2018-06-27,5797.0,2026-06-01T04:56:12Z,16,Donnée validée,10,Expertisée,20,Bonne,7.384986107,48.102530621,QIXnJ
A1610030,A161003001,2018-06-28,6301.0,2026-06-01T04:56:12Z,16,Donnée validée,10,Expertisée,20,Bonne,7.384986107,48.102530621,QIXnJ
A1610030,A161003001,2018-06-29,6062.0,2026-06-01T04:56:12Z,16,Donnée validée,10,Expertisée,20,Bonne,7.384986107,48.102530621,QIXnJ
A1610030,A161003001,2018-06-30,6317.0,2026-06-01T04:56:12Z,16,Donnée validée,10,Expertisée,20,Bonne,7.384986107,48.102530621,QIXnJ
A1610030,A161003001,2018-07-01,6001.0,2026-06-01T04:56:12Z,16,Donnée validée,10,Expertisée,20,Bonne,7.384986107,48.102530621,QIXnJ
A1610030,A161003001,2018-07-02,5743.0,2026-06-01T04:56:12Z,16,Donnée validée,10,Expertisée,20,Bonne,7.384986107,48.102530621,QIXnJ
A1610030,A161003001,2018-07-03,5599.0,2026-06-01T04:56:12Z,16,Donnée validée,10,Expertisée,20,Bonne,7.384986107,48.102530621,QIXnJ
A1610030,A161003001,2018-07-04,6152.0,2026-06-01T04:56:12Z,16,Donnée validée,10,Expertisée,20,Bonne,7.384986107,48.102530621,QIXnJ
A1610030,A161003001,2018-07-05,7406.0,2026-06-01T04:56:12Z,16,Donnée validée,10,Expertisée,20,Bonne,7.384986107,48.102530621,QIXnJ
A1610030,A161003001,2018-07-06,7443.0,2026-06-01T04:56:12Z,16,Donnée validée,10,Expertisée,20,Bonne,7.384986107,48.102530621,QIXnJ
A1610030,A161003001,2018-07-07,8819.0,2026-06-01T04:56:12Z,16,Donnée validée,10,Expertisée,20,Bonne,7.384986107,48.102530621,QIXnJ
A1610030,A161003001,2018-07-08,7495.0,2026-06-01T04:56:12Z,16,Donnée validée,10,Expertisée,20,Bonne,7.384986107,48.102530621,QIXnJ
A1610030,A161003001,2018-07-09,6402.0,2026-06-01T04:56:12Z,16,Donnée validée,10,Expertisée,20,Bonne,7.384986107,48.102530621,QIXnJ
A1610030,A161003001,2018-07-10,5728.0,2026-06-01T04:56:12Z,16,Donnée validée,10,Expertisée,20,Bonne,7.384986107,48.102530621,QIXnJ
A1610030,A161003001,2018-07-11,5790.0,2026-06-01T04:56:12Z,16,Donnée validée,10,Expertisée,20,Bonne,7.384986107,48.102530621,QIXnJ
A1610030,A161003001,2018-07-12,6080.0,2026-06-01T04:56:12Z,16,Donnée validée,10,Expertisée,20,Bonne,7.384986107,48.102530621,QIXnJ
A1610030,A161003001,2018-07-13,6190.0,2026-06-01T04:56:12Z,16,Donnée validée,10,Expertisée,20,Bonne,7.384986107,48.102530621,QIXnJ
A1610030,A161003001,2018-07-14,6224.0,2026-06-01T04:56:12Z,16,Donnée validée,10,Expertisée,20,Bonne,7.384986107,48.102530621,QIXnJ
A1610030,A161003001,2018-07-15,6077.0,2026-06-01T04:56:12Z,16,Donnée validée,10,Expertisée,20,Bonne,7.384986107,48.102530621,QIXnJ
A1610030,A161003001,2018-07-16,6476.0,2026-06-01T04:56:12Z,16,Donnée validée,10,Expertisée,20,Bonne,7.384986107,48.102530621,QIXnJ
A1610030,A161003001,2018-07-17,5233.0,2026-06-01T04:56:12Z,16,Donnée validée,10,Expertisée,20,Bonne,7.384986107,48.102530621,QIXnJ
A1610030,A161003001,2018-07-18,4377.0,2026-06-01T04:56:12Z,16,Donnée validée,10,Expertisée,20,Bonne,7.384986107,48.102530621,QIXnJ
A1610030,A161003001,2018-07-19,3402.0,2026-06-01T04:56:12Z,16,Donnée validée,10,Expertisée,20,Bonne,7.384986107,48.102530621,QIXnJ
A1610030,A161003001,2018-07-20,10526.0,2026-06-01T04:56:12Z,16,Donnée validée,10,Expertisée,20,Bonne,7.384986107,48.102530621,QIXnJ
A1610030,A161003001,2018-07-21,8003.0,2026-06-01T04:56:12Z,16,Donnée validée,10,Expertisée,20,Bonne,7.384986107,48.102530621,QIXnJ
A1610030,A161003001,2018-07-22,7746.0,2026-06-01T04:56:12Z,16,Donnée validée,10,Expertisée,20,Bonne,7.384986107,48.102530621,QIXnJ
A1610030,A161003001,2018-07-23,6003.0,2026-06-01T04:56:12Z,16,Donnée validée,10,Expertisée,20,Bonne,7.384986107,48.102530621,QIXnJ
A1610030,A161003001,2018-07-24,5195.0,2026-06-01T04:56:12Z,16,Donnée validée,10,Expertisée,20,Bonne,7.384986107,48.102530621,QIXnJ
A1610030,A161003001,2018-07-25,4568.0,2026-06-01T04:56:12Z,16,Donnée validée,10,Expertisée,20,Bonne,7.384986107,48.102530621,QIXnJ
A1610030,A161003001,2018-07-26,4526.0,2026-06-01T04:56:12Z,16,Donnée validée,10,Expertisée,20,Bonne,7.384986107,48.102530621,QIXnJ
A1610030,A161003001,2018-07-27,4151.0,2026-06-01T04:56:12Z,16,Donnée validée,10,Expertisée,20,Bonne,7.384986107,48.102530621,QIXnJ
A1610030,A161003001,2018-07-28,4149.0,2026-06-01T04:56:12Z,16,Donnée validée,10,Expertisée,20,Bonne,7.384986107,48.102530621,QIXnJ
A1610030,A161003001,2018-07-29,4356.0,2026-06-01T04:56:12Z,16,Donnée validée,10,Expertisée,20,Bonne,7.384986107,48.102530621,QIXnJ
A1610030,A161003001,2018-07-30,4375.0,2026-06-01T04:56:12Z,16,Donnée validée,10,Expertisée,20,Bonne,7.384986107,48.102530621,QIXnJ
A1610030,A161003001,2018-07-31,3829.0,2026-06-01T04:56:12Z,16,Donnée validée,10,Expertisée,20,Bonne,7.384986107,48.102530621,QIXnJ
A1610030,A161003001,2018-08-01,3417.0,2026-06-01T04:56:12Z,16,Donnée validée,10,Expertisée,20,Bonne,7.384986107,48.102530621,QIXnJ
A1610030,A161003001,2018-08-02,3826.0,2026-06-01T04:56:12Z,16,Donnée validée,10,Expertisée,20,Bonne,7.384986107,48.102530621,QIXnJ
A1610030,A161003001,2018-08-03,4047.0,2026-06-01T04:56:12Z,16,Donnée validée,10,Expertisée,20,Bonne,7.384986107,48.102530621,QIXnJ
A1610030,A161003001,2018-08-04,3491.0,2026-06-01T04:56:12Z,16,Donnée validée,10,Expertisée,20,Bonne,7.384986107,48.102530621,QIXnJ
A1610030,A161003001,2018-08-05,2988.0,2026-06-01T04:56:12Z,16,Donnée validée,10,Expertisée,20,Bonne,7.384986107,48.102530621,QIXnJ
A1610030,A161003001,2018-08-06,2904.0,2026-06-01T04:56:12Z,16,Donnée validée,10,Expertisée,20,Bonne,7.384986107,48.102530621,QIXnJ
A1610030,A161003001,2018-08-07,3060.0,2026-06-01T04:56:12Z,16,Donnée validée,10,Expertisée,20,Bonne,7.384986107,48.102530621,QIXnJ
A1610030,A161003001,2018-08-08,4361.0,2026-06-01T04:56:12Z,16,Donnée validée,10,Expertisée,20,Bonne,7.384986107,48.102530621,QIXnJ
A1610030,A161003001,2018-08-09,4292.0,2026-06-01T04:56:12Z,16,Donnée validée,10,Expertisée,20,Bonne,7.384986107,48.102530621,QIXnJ
A1610030,A161003001,2018-08-10,3816.0,2026-06-01T04:56:12Z,16,Donnée validée,10,Expertisée,20,Bonne,7.384986107,48.102530621,QIXnJ
A1610030,A161003001,2018-08-11,3940.0,2026-06-01T04:56:12Z,16,Donnée validée,10,Expertisée,20,Bonne,7.384986107,48.102530621,QIXnJ
A1610030,A161003001,2018-08-12,3939.0,2026-06-01T04:56:12Z,16,Donnée validée,10,Expertisée,20,Bonne,7.384986107,48.102530621,QIXnJ
A1610030,A161003001,2018-08-13,4191.0,2026-06-01T04:56:12Z,16,Donnée validée,10,Expertisée,20,Bonne,7.384986107,48.102530621,QIXnJ
A1610030,A161003001,2018-08-14,4387.0,2026-06-01T04:56:12Z,16,Donnée validée,10,Expertisée,20,Bonne,7.384986107,48.102530621,QIXnJ
A1610030,A161003001,2018-08-15,5153.0,2026-06-01T04:56:12Z,16,Donnée validée,10,Expertisée,20,Bonne,7.384986107,48.102530621,QIXnJ
A1610030,A161003001,2018-08-16,4468.0,2026-06-01T04:56:12Z,16,Donnée validée,10,Expertisée,20,Bonne,7.384986107,48.102530621,QIXnJ
A1610030,A161003001,2018-08-17,10371.0,2026-06-01T04:56:12Z,16,Donnée validée,10,Expertisée,20,Bonne,7.384986107,48.102530621,QIXnJ
A1610030,A161003001,2018-08-18,4857.0,2026-06-01T04:56:12Z,16,Donnée validée,10,Expertisée,20,Bonne,7.384986107,48.102530621,QIXnJ
A1610030,A161003001,2018-08-19,4340.0,2026-06-01T04:56:12Z,16,Donnée validée,10,Expertisée,20,Bonne,7.384986107,48.102530621,QIXnJ
A1610030,A161003001,2018-08-20,4182.0,2026-06-01T04:56:12Z,16,Donnée validée,10,Expertisée,20,Bonne,7.384986107,48.102530621,QIXnJ
A1610030,A161003001,2018-08-21,4134.0,2026-06-01T04:56:12Z,16,Donnée validée,10,Expertisée,20,Bonne,7.384986107,48.102530621,QIXnJ
A1610030,A161003001,2018-08-22,4211.0,2026-06-01T04:56:12Z,16,Donnée validée,10,Expertisée,20,Bonne,7.384986107,48.102530621,QIXnJ
A1610030,A161003001,2018-08-23,9339.0,2026-06-01T04:56:12Z,16,Donnée validée,10,Expertisée,20,Bonne,7.384986107,48.102530621,QIXnJ
A1610030,A161003001,2018-08-24,4499.0,2026-06-01T04:56:12Z,16,Donnée validée,10,Expertisée,20,Bonne,7.384986107,48.102530621,QIXnJ
A1610030,A161003001,2018-08-25,4719.0,2026-06-01T04:56:12Z,16,Donnée validée,10,Expertisée,20,Bonne,7.384986107,48.102530621,QIXnJ
A1610030,A161003001,2018-08-26,5172.0,2026-06-01T04:56:12Z,16,Donnée validée,10,Expertisée,20,Bonne,7.384986107,48.102530621,QIXnJ
A1610030,A161003001,2018-08-27,5039.0,2026-06-01T04:56:12Z,16,Donnée validée,10,Expertisée,20,Bonne,7.384986107,48.102530621,QIXnJ
A1610030,A161003001,2018-08-28,4820.0,2026-06-01T04:56:12Z,16,Donnée validée,10,Expertisée,20,Bonne,7.384986107,48.102530621,QIXnJ
A1610030,A161003001,2018-08-29,4829.0,2026-06-01T04:56:12Z,16,Donnée validée,10,Expertisée,20,Bonne,7.384986107,48.102530621,QIXnJ
A1610030,A161003001,2018-08-30,6129.0,2026-06-01T04:56:12Z,16,Donnée validée,10,Expertisée,20,Bonne,7.384986107,48.102530621,QIXnJ
A1610030,A161003001,2018-08-31,6865.0,2026-06-01T04:56:12Z,16,Donnée validée,10,Expertisée,20,Bonne,7.384986107,48.102530621,QIXnJ
A1610030,A161003001,2018-09-01,6847.0,2026-06-01T04:56:12Z,16,Donnée validée,10,Expertisée,20,Bonne,7.384986107,48.102530621,QIXnJ
A1610030,A161003001,2018-09-02,6511.0,2026-06-01T04:56:12Z,16,Donnée validée,10,Expertisée,20,Bonne,7.384986107,48.102530621,QIXnJ
A1610030,A161003001,2018-09-03,5919.0,2026-06-01T04:56:12Z,16,Donnée validée,10,Expertisée,20,Bonne,7.384986107,48.102530621,QIXnJ
A1610030,A161003001,2018-09-04,5797.0,2026-06-01T04:56:12Z,16,Donnée validée,10,Expertisée,20,Bonne,7.384986107,48.102530621,QIXnJ
A1610030,A161003001,2018-09-05,5771.0,2026-06-01T04:56:12Z,16,Donnée validée,10,Expertisée,20,Bonne,7.384986107,48.102530621,QIXnJ
A1610030,A161003001,2018-09-06,5772.0,2026-06-01T04:56:12Z,16,Donnée validée,10,Expertisée,20,Bonne,7.384986107,48.102530621,QIXnJ
A1610030,A161003001,2018-09-07,5816.0,2026-06-01T04:56:12Z,16,Donnée validée,10,Expertisée,20,Bonne,7.384986107,48.102530621,QIXnJ
A1610030,A161003001,2018-09-08,5677.0,2026-06-01T04:56:12Z,16,Donnée validée,10,Expertisée,20,Bonne,7.384986107,48.102530621,QIXnJ
A1610030,A161003001,2018-09-09,5626.0,2026-06-01T04:56:12Z,16,Donnée validée,10,Expertisée,20,Bonne,7.384986107,48.102530621,QIXnJ
A1610030,A161003001,2018-09-10,5585.0,2026-06-01T04:56:12Z,16,Donnée validée,10,Expertisée,20,Bonne,7.384986107,48.102530621,QIXnJ
A1610030,A161003001,2018-09-11,5387.0,2026-06-01T04:56:12Z,16,Donnée validée,10,Expertisée,20,Bonne,7.384986107,48.102530621,QIXnJ
A1610030,A161003001,2018-09-12,5448.0,2026-06-01T04:56:12Z,16,Donnée validée,10,Expertisée,20,Bonne,7.384986107,48.102530621,QIXnJ
A1610030,A161003001,2018-09-13,9160.0,2026-06-01T04:56:12Z,16,Donnée validée,10,Expertisée,20,Bonne,7.384986107,48.102530621,QIXnJ
A1610030,A161003001,2018-09-14,8042.0,2026-06-01T04:56:12Z,16,Donnée validée,10,Expertisée,20,Bonne,7.384986107,48.102530621,QIXnJ
A1610030,A161003001,2018-09-15,6604.0,2026-06-01T04:56:12Z,16,Donnée validée,10,Expertisée,20,Bonne,7.384986107,48.102530621,QIXnJ
A1610030,A161003001,2018-09-16,6066.0,2026-06-01T04:56:12Z,16,Donnée validée,10,Expertisée,20,Bonne,7.384986107,48.102530621,QIXnJ
A1610030,A161003001,2018-09-17,6091.0,2026-06-01T04:56:12Z,16,Donnée validée,10,Expertisée,20,Bonne,7.384986107,48.102530621,QIXnJ
A1610030,A161003001,2018-09-18,15446.0,2026-06-01T04:56:12Z,16,Donnée validée,10,Expertisée,20,Bonne,7.384986107,48.102530621,QIXnJ
A1610030,A161003001,2018-09-19,7546.0,2026-06-01T04:56:12Z,16,Donnée validée,10,Expertisée,20,Bonne,7.384986107,48.102530621,QIXnJ
A1610030,A161003001,2018-09-20,6366.0,2026-06-01T04:56:12Z,16,Donnée validée,10,Expertisée,20,Bonne,7.384986107,48.102530621,QIXnJ
A1610030,A161003001,2018-09-21,6242.0,2026-06-01T04:56:12Z,16,Donnée validée,10,Expertisée,20,Bonne,7.384986107,48.102530621,QIXnJ
A1610030,A161003001,2018-09-22,6179.0,2026-06-01T04:56:12Z,16,Donnée validée,10,Expertisée,20,Bonne,7.384986107,48.102530621,QIXnJ
A1610030,A161003001,2018-09-23,10023.0,2026-06-01T04:56:12Z,16,Donnée validée,10,Expertisée,20,Bonne,7.384986107,48.102530621,QIXnJ
A1610030,A161003001,2018-09-24,8568.0,2026-06-01T04:56:12Z,16,Donnée validée,10,Expertisée,20,Bonne,7.384986107,48.102530621,QIXnJ
A1610030,A161003001,2018-09-25,7372.0,2026-06-01T04:56:12Z,16,Donnée validée,10,Expertisée,20,Bonne,7.384986107,48.102530621,QIXnJ
A1610030,A161003001,2018-09-26,6980.0,2026-06-01T04:56:12Z,16,Donnée validée,10,Expertisée,20,Bonne,7.384986107,48.102530621,QIXnJ
A1610030,A161003001,2018-09-27,6639.0,2026-06-01T04:56:12Z,16,Donnée validée,10,Expertisée,20,Bonne,7.384986107,48.102530621,QIXnJ
A1610030,A161003001,2018-09-28,6607.0,2026-06-01T04:56:12Z,16,Donnée validée,10,Expertisée,20,Bonne,7.384986107,48.102530621,QIXnJ
A1610030,A161003001,2018-09-29,6264.0,2026-06-01T04:56:12Z,16,Donnée validée,10,Expertisée,20,Bonne,7.384986107,48.102530621,QIXnJ
A1610030,A161003001,2018-09-30,6410.0,2026-06-01T04:56:12Z,16,Donnée validée,10,Expertisée,20,Bonne,7.384986107,48.102530621,QIXnJ
A1610030,A161003001,2018-10-01,6375.0,2026-06-01T04:56:12Z,16,Donnée validée,10,Expertisée,20,Bonne,7.384986107,48.102530621,QIXnJ
A1610030,A161003001,2018-10-02,5804.0,2026-06-01T04:56:12Z,16,Donnée validée,10,Expertisée,20,Bonne,7.384986107,48.102530621,QIXnJ
A1610030,A161003001,2018-10-03,5894.0,2026-06-01T04:56:12Z,16,Donnée validée,10,Expertisée,20,Bonne,7.384986107,48.102530621,QIXnJ
A1610030,A161003001,2018-10-04,5938.0,2026-06-01T04:56:12Z,16,Donnée validée,10,Expertisée,20,Bonne,7.384986107,48.102530621,QIXnJ
A1610030,A161003001,2018-10-05,5905.0,2026-06-01T04:56:12Z,16,Donnée validée,10,Expertisée,20,Bonne,7.384986107,48.102530621,QIXnJ
A1610030,A161003001,2018-10-06,5762.0,2026-06-01T04:56:12Z,16,Donnée validée,10,Expertisée,20,Bonne,7.384986107,48.102530621,QIXnJ
A1610030,A161003001,2018-10-07,5694.0,2026-06-01T04:56:12Z,16,Donnée validée,10,Expertisée,20,Bonne,7.384986107,48.102530621,QIXnJ
A1610030,A161003001,2018-10-08,5989.0,2026-06-01T04:56:12Z,16,Donnée validée,10,Expertisée,20,Bonne,7.384986107,48.102530621,QIXnJ
A1610030,A161003001,2018-10-09,6099.0,2026-06-01T04:56:12Z,16,Donnée validée,10,Expertisée,20,Bonne,7.384986107,48.102530621,QIXnJ
A1610030,A161003001,2018-10-10,5960.0,2026-06-01T04:56:12Z,16,Donnée validée,10,Expertisée,20,Bonne,7.384986107,48.102530621,QIXnJ
A1610030,A161003001,2018-10-11,5745.0,2026-06-01T04:56:12Z,16,Donnée validée,10,Expertisée,20,Bonne,7.384986107,48.102530621,QIXnJ
A1610030,A161003001,2018-10-12,5674.0,2026-06-01T04:56:12Z,16,Donnée validée,10,Expertisée,20,Bonne,7.384986107,48.102530621,QIXnJ
A1610030,A161003001,2018-10-13,5603.0,2026-06-01T04:56:12Z,16,Donnée validée,10,Expertisée,20,Bonne,7.384986107,48.102530621,QIXnJ
A1610030,A161003001,2018-10-14,5683.0,2026-06-01T04:56:12Z,16,Donnée validée,10,Expertisée,20,Bonne,7.384986107,48.102530621,QIXnJ
A1610030,A161003001,2018-10-15,5687.0,2026-06-01T04:56:12Z,16,Donnée validée,10,Expertisée,20,Bonne,7.384986107,48.102530621,QIXnJ
A1610030,A161003001,2018-10-16,5687.0,2026-06-01T04:56:12Z,16,Donnée validée,10,Expertisée,20,Bonne,7.384986107,48.102530621,QIXnJ
A1610030,A161003001,2018-10-17,7007.0,2026-06-01T04:56:12Z,16,Donnée validée,10,Expertisée,20,Bonne,7.384986107,48.102530621,QIXnJ
A1610030,A161003001,2018-10-18,4281.0,2026-06-01T04:56:12Z,16,Donnée validée,10,Expertisée,20,Bonne,7.384986107,48.102530621,QIXnJ
A1610030,A161003001,2018-10-19,4461.0,2026-06-01T04:56:12Z,16,Donnée validée,10,Expertisée,20,Bonne,7.384986107,48.102530621,QIXnJ
A1610030,A161003001,2018-10-20,4538.0,2026-06-01T04:56:12Z,16,Donnée validée,10,Expertisée,20,Bonne,7.384986107,48.102530621,QIXnJ
A1610030,A161003001,2018-10-21,4466.0,2026-06-01T04:56:12Z,16,Donnée validée,10,Expertisée,20,Bonne,7.384986107,48.102530621,QIXnJ
A1610030,A161003001,2018-10-22,4945.0,2026-06-01T04:56:12Z,16,Donnée validée,10,Expertisée,20,Bonne,7.384986107,48.102530621,QIXnJ
A1610030,A161003001,2018-10-23,4298.0,2026-06-01T04:56:12Z,16,Donnée validée,10,Expertisée,20,Bonne,7.384986107,48.102530621,QIXnJ
A1610030,A161003001,2018-10-24,4805.0,2026-06-01T04:56:12Z,16,Donnée validée,10,Expertisée,20,Bonne,7.384986107,48.102530621,QIXnJ
A1610030,A161003001,2018-10-25,3918.0,2026-06-01T04:56:12Z,16,Donnée validée,10,Expertisée,20,Bonne,7.384986107,48.102530621,QIXnJ
A1610030,A161003001,2018-10-26,3443.0,2026-06-01T04:56:12Z,16,Donnée validée,10,Expertisée,20,Bonne,7.384986107,48.102530621,QIXnJ
A1610030,A161003001,2018-10-27,3475.0,2026-06-01T04:56:12Z,16,Donnée validée,10,Expertisée,20,Bonne,7.384986107,48.102530621,QIXnJ
A1610030,A161003001,2018-10-28,6922.0,2026-06-01T04:56:12Z,16,Donnée validée,10,Expertisée,20,Bonne,7.384986107,48.102530621,QIXnJ
A1610030,A161003001,2018-10-29,6910.0,2026-06-01T04:56:12Z,16,Donnée validée,10,Expertisée,20,Bonne,7.384986107,48.102530621,QIXnJ
A1610030,A161003001,2018-10-30,5717.0,2026-06-01T04:56:12Z,16,Donnée validée,10,Expertisée,20,Bonne,7.384986107,48.102530621,QIXnJ
A1610030,A161003001,2018-10-31,4662.0,2026-06-01T04:56:12Z,16,Donnée validée,10,Expertisée,20,Bonne,7.384986107,48.102530621,QIXnJ
A1610030,A161003001,2018-11-01,5060.0,2026-06-01T04:56:12Z,16,Donnée validée,10,Expertisée,20,Bonne,7.384986107,48.102530621,QIXnJ
A1610030,A161003001,2018-11-02,4914.0,2026-06-01T04:56:12Z,16,Donnée validée,10,Expertisée,20,Bonne,7.384986107,48.102530621,QIXnJ
A1610030,A161003001,2018-11-03,4695.0,2026-06-01T04:56:12Z,16,Donnée validée,10,Expertisée,20,Bonne,7.384986107,48.102530621,QIXnJ
A1610030,A161003001,2018-11-04,4805.0,2026-06-01T04:56:12Z,16,Donnée validée,10,Expertisée,20,Bonne,7.384986107,48.102530621,QIXnJ
A1610030,A161003001,2018-11-05,6594.0,2026-06-01T04:56:12Z,16,Donnée validée,10,Expertisée,20,Bonne,7.384986107,48.102530621,QIXnJ
A1610030,A161003001,2018-11-06,4622.0,2026-06-01T04:56:12Z,16,Donnée validée,10,Expertisée,20,Bonne,7.384986107,48.102530621,QIXnJ
A1610030,A161003001,2018-11-07,4513.0,2026-06-01T04:56:12Z,16,Donnée validée,10,Expertisée,20,Bonne,7.384986107,48.102530621,QIXnJ
A1610030,A161003001,2018-11-08,5133.0,2026-06-01T04:56:12Z,16,Donnée validée,10,Expertisée,20,Bonne,7.384986107,48.102530621,QIXnJ
A1610030,A161003001,2018-11-09,5133.0,2026-06-01T04:56:12Z,16,Donnée validée,10,Expertisée,20,Bonne,7.384986107,48.102530621,QIXnJ
A1610030,A161003001,2018-11-10,4914.0,2026-06-01T04:56:12Z,16,Donnée validée,10,Expertisée,20,Bonne,7.384986107,48.102530621,QIXnJ
A1610030,A161003001,2018-11-11,6046.0,2026-06-01T04:56:12Z,16,Donnée validée,10,Expertisée,20,Bonne,7.384986107,48.102530621,QIXnJ
A1610030,A161003001,2018-11-12,6374.0,2026-06-01T04:56:12Z,16,Donnée validée,10,Expertisée,20,Bonne,7.384986107,48.102530621,QIXnJ
A1610030,A161003001,2018-11-13,6009.0,2026-06-01T04:56:12Z,16,Donnée validée,10,Expertisée,20,Bonne,7.384986107,48.102530621,QIXnJ
A1610030,A161003001,2018-11-14,5206.0,2026-06-01T04:56:12Z,16,Donnée validée,10,Expertisée,20,Bonne,7.384986107,48.102530621,QIXnJ
A1610030,A161003001,2018-11-15,5097.0,2026-06-01T04:56:12Z,16,Donnée validée,10,Expertisée,20,Bonne,7.384986107,48.102530621,QIXnJ
A1610030,A161003001,2018-11-16,4951.0,2026-06-01T04:56:12Z,16,Donnée validée,10,Expertisée,20,Bonne,7.384986107,48.102530621,QIXnJ
A1610030,A161003001,2018-11-17,4951.0,2026-06-01T04:56:12Z,16,Donnée validée,10,Expertisée,20,Bonne,7.384986107,48.102530621,QIXnJ
A1610030,A161003001,2018-11-18,4914.0,2026-06-01T04:56:12Z,16,Donnée validée,10,Expertisée,20,Bonne,7.384986107,48.102530621,QIXnJ
A1610030,A161003001,2018-11-19,4987.0,2026-06-01T04:56:12Z,16,Donnée validée,10,Expertisée,20,Bonne,7.384986107,48.102530621,QIXnJ
A1610030,A161003001,2018-11-20,5024.0,2026-06-01T04:56:12Z,16,Donnée validée,10,Expertisée,20,Bonne,7.384986107,48.102530621,QIXnJ
A1610030,A161003001,2018-11-21,5352.0,2026-06-01T04:56:12Z,16,Donnée validée,10,Expertisée,20,Bonne,7.384986107,48.102530621,QIXnJ
A1610030,A161003001,2018-11-22,5279.0,2026-06-01T04:56:12Z,16,Donnée validée,10,Expertisée,20,Bonne,7.384986107,48.102530621,QIXnJ
A1610030,A161003001,2018-11-23,5352.0,2026-06-01T04:56:12Z,16,Donnée validée,10,Expertisée,20,Bonne,7.384986107,48.102530621,QIXnJ
A1610030,A161003001,2018-11-24,6411.0,2026-06-01T04:56:12Z,16,Donnée validée,10,Expertisée,20,Bonne,7.384986107,48.102530621,QIXnJ
A1610030,A161003001,2018-11-25,6594.0,2026-06-01T04:56:12Z,16,Donnée validée,10,Expertisée,20,Bonne,7.384986107,48.102530621,QIXnJ
A1610030,A161003001,2018-11-26,5912.0,2026-06-01T04:56:12Z,16,Donnée validée,10,Expertisée,20,Bonne,7.384986107,48.102530621,QIXnJ
A1610030,A161003001,2018-11-27,5900.0,2026-06-01T04:56:12Z,16,Donnée validée,10,Expertisée,20,Bonne,7.384986107,48.102530621,QIXnJ
A1610030,A161003001,2018-11-28,5900.0,2026-06-01T04:56:12Z,16,Donnée validée,10,Expertisée,20,Bonne,7.384986107,48.102530621,QIXnJ
A1610030,A161003001,2018-11-29,5754.0,2026-06-01T04:56:12Z,16,Donnée validée,10,Expertisée,20,Bonne,7.384986107,48.102530621,QIXnJ
A1610030,A161003001,2018-11-30,5973.0,2026-06-01T04:56:12Z,16,Donnée validée,10,Expertisée,20,Bonne,7.384986107,48.102530621,QIXnJ
A1610030,A161003001,2018-12-01,6119.0,2026-06-01T04:56:12Z,16,Donnée validée,10,Expertisée,20,Bonne,7.384986107,48.102530621,QIXnJ
A1610030,A161003001,2018-12-02,7871.0,2026-06-01T04:56:12Z,16,Donnée validée,10,Expertisée,20,Bonne,7.384986107,48.102530621,QIXnJ
A1610030,A161003001,2018-12-03,17012.0,2026-06-01T04:56:12Z,16,Donnée validée,10,Expertisée,20,Bonne,7.384986107,48.102530621,QIXnJ
A1610030,A161003001,2018-12-04,22555.0,2026-06-01T04:56:12Z,16,Donnée validée,10,Expertisée,20,Bonne,7.384986107,48.102530621,QIXnJ
A1610030,A161003001,2018-12-05,18161.0,2026-06-01T04:56:12Z,16,Donnée validée,10,Expertisée,20,Bonne,7.384986107,48.102530621,QIXnJ
A1610030,A161003001,2018-12-06,11613.0,2026-06-01T04:56:12Z,16,Donnée validée,10,Expertisée,20,Bonne,7.384986107,48.102530621,QIXnJ
A1610030,A161003001,2018-12-07,9451.0,2026-06-01T04:56:12Z,16,Donnée validée,10,Expertisée,20,Bonne,7.384986107,48.102530621,QIXnJ
A1610030,A161003001,2018-12-08,15718.0,2026-06-01T04:56:12Z,16,Donnée validée,10,Expertisée,20,Bonne,7.384986107,48.102530621,QIXnJ
A1610030,A161003001,2018-12-09,53005.0,2026-06-01T04:56:12Z,16,Donnée validée,10,Expertisée,20,Bonne,7.384986107,48.102530621,QIXnJ
A1610030,A161003001,2018-12-10,68791.0,2026-06-01T04:56:12Z,16,Donnée validée,10,Expertisée,20,Bonne,7.384986107,48.102530621,QIXnJ
A1610030,A161003001,2018-12-11,46205.0,2026-06-01T04:56:12Z,16,Donnée validée,10,Expertisée,20,Bonne,7.384986107,48.102530621,QIXnJ
A1610030,A161003001,2018-12-12,30689.0,2026-06-01T04:56:12Z,16,Donnée validée,10,Expertisée,20,Bonne,7.384986107,48.102530621,QIXnJ
A1610030,A161003001,2018-12-13,20052.0,2026-06-01T04:56:12Z,16,Donnée validée,10,Expertisée,20,Bonne,7.384986107,48.102530621,QIXnJ
A1610030,A161003001,2018-12-14,16172.0,2026-06-01T04:56:12Z,16,Donnée validée,10,Expertisée,20,Bonne,7.384986107,48.102530621,QIXnJ
A1610030,A161003001,2018-12-15,12943.0,2026-06-01T04:56:12Z,16,Donnée validée,10,Expertisée,20,Bonne,7.384986107,48.102530621,QIXnJ
A1610030,A161003001,2018-12-16,11844.0,2026-06-01T04:56:12Z,16,Donnée validée,10,Expertisée,20,Bonne,7.384986107,48.102530621,QIXnJ
A1610030,A161003001,2018-12-17,11256.0,2026-06-01T04:56:12Z,16,Donnée validée,10,Expertisée,20,Bonne,7.384986107,48.102530621,QIXnJ
A1610030,A161003001,2018-12-18,10542.0,2026-06-01T04:56:12Z,16,Donnée validée,10,Expertisée,20,Bonne,7.384986107,48.102530621,QIXnJ
A1610030,A161003001,2018-12-19,10098.0,2026-06-01T04:56:12Z,16,Donnée validée,10,Expertisée,20,Bonne,7.384986107,48.102530621,QIXnJ
A1610030,A161003001,2018-12-20,10208.0,2026-06-01T04:56:12Z,16,Donnée validée,10,Expertisée,20,Bonne,7.384986107,48.102530621,QIXnJ
A1610030,A161003001,2018-12-21,29318.0,2026-06-01T04:56:12Z,16,Donnée validée,10,Expertisée,20,Bonne,7.384986107,48.102530621,QIXnJ
A1610030,A161003001,2018-12-22,83817.0,2026-06-01T04:56:12Z,16,Donnée validée,10,Expertisée,20,Bonne,7.384986107,48.102530621,QIXnJ
A1610030,A161003001,2018-12-23,81269.0,2026-06-01T04:56:12Z,16,Donnée validée,10,Expertisée,20,Bonne,7.384986107,48.102530621,QIXnJ
A1610030,A161003001,2018-12-24,86888.0,2026-06-01T04:56:12Z,16,Donnée validée,10,Expertisée,20,Bonne,7.384986107,48.102530621,QIXnJ
A1610030,A161003001,2018-12-25,85255.0,2026-06-01T04:56:12Z,16,Donnée validée,10,Expertisée,20,Bonne,7.384986107,48.102530621,QIXnJ
A1610030,A161003001,2018-12-26,54696.0,2026-06-01T04:56:12Z,16,Donnée validée,10,Expertisée,20,Bonne,7.384986107,48.102530621,QIXnJ
A1610030,A161003001,2018-12-27,37279.0,2026-06-01T04:56:12Z,16,Donnée validée,10,Expertisée,20,Bonne,7.384986107,48.102530621,QIXnJ
A1610030,A161003001,2018-12-28,26380.0,2026-06-01T04:56:12Z,16,Donnée validée,10,Expertisée,20,Bonne,7.384986107,48.102530621,QIXnJ
A1610030,A161003001,2018-12-29,20124.0,2026-06-01T04:56:12Z,16,Donnée validée,10,Expertisée,20,Bonne,7.384986107,48.102530621,QIXnJ
A1610030,A161003001,2018-12-30,16634.0,2026-06-01T04:56:12Z,16,Donnée validée,10,Expertisée,20,Bonne,7.384986107,48.102530621,QIXnJ
A1610030,A161003001,2018-12-31,14383.0,2026-06-01T04:56:12Z,16,Donnée validée,10,Expertisée,20,Bonne,7.384986107,48.102530621,QIXnJ
A1610030,A161003001,2019-01-01,12643.0,2026-06-01T04:56:12Z,16,Donnée validée,10,Expertisée,20,Bonne,7.384986107,48.102530621,QIXnJ
A1610030,A161003001,2019-01-02,11298.0,2026-06-01T04:56:12Z,16,Donnée validée,10,Expertisée,20,Bonne,7.384986107,48.102530621,QIXnJ
A1610030,A161003001,2019-01-03,10668.0,2026-06-01T04:56:12Z,16,Donnée validée,10,Expertisée,20,Bonne,7.384986107,48.102530621,QIXnJ
A1610030,A161003001,2019-01-04,9660.0,2026-06-01T04:56:12Z,16,Donnée validée,10,Expertisée,20,Bonne,7.384986107,48.102530621,QIXnJ
A1610030,A161003001,2019-01-05,8796.0,2026-06-01T04:56:12Z,16,Donnée validée,10,Expertisée,20,Bonne,7.384986107,48.102530621,QIXnJ
A1610030,A161003001,2019-01-06,8346.0,2026-06-01T04:56:12Z,16,Donnée validée,10,Expertisée,20,Bonne,7.384986107,48.102530621,QIXnJ
A1610030,A161003001,2019-01-07,7817.0,2026-06-01T04:56:12Z,16,Donnée validée,10,Expertisée,20,Bonne,7.384986107,48.102530621,QIXnJ
A1610030,A161003001,2019-01-08,7616.0,2026-06-01T04:56:12Z,16,Donnée validée,10,Expertisée,20,Bonne,7.384986107,48.102530621,QIXnJ
A1610030,A161003001,2019-01-09,8894.0,2026-06-01T04:56:12Z,16,Donnée validée,10,Expertisée,20,Bonne,7.384986107,48.102530621,QIXnJ
A1610030,A161003001,2019-01-10,10962.0,2026-06-01T04:56:12Z,16,Donnée validée,10,Expertisée,20,Bonne,7.384986107,48.102530621,QIXnJ
A1610030,A161003001,2019-01-11,8529.0,2026-06-01T04:56:12Z,16,Donnée validée,10,Expertisée,20,Bonne,7.384986107,48.102530621,QIXnJ
A1610030,A161003001,2019-01-12,8090.0,2026-06-01T04:56:12Z,16,Donnée validée,10,Expertisée,20,Bonne,7.384986107,48.102530621,QIXnJ
A1610030,A161003001,2019-01-13,12739.0,2026-06-01T04:56:12Z,16,Donnée validée,10,Expertisée,20,Bonne,7.384986107,48.102530621,QIXnJ
A1610030,A161003001,2019-01-14,45845.0,2026-06-01T04:56:12Z,16,Donnée validée,10,Expertisée,20,Bonne,7.384986107,48.102530621,QIXnJ
A1610030,A161003001,2019-01-15,45281.0,2026-06-01T04:56:12Z,16,Donnée validée,10,Expertisée,20,Bonne,7.384986107,48.102530621,QIXnJ
A1610030,A161003001,2019-01-16,32461.0,2026-06-01T04:56:12Z,16,Donnée validée,10,Expertisée,20,Bonne,7.384986107,48.102530621,QIXnJ
A1610030,A161003001,2019-01-17,22602.0,2026-06-01T04:56:12Z,16,Donnée validée,10,Expertisée,20,Bonne,7.384986107,48.102530621,QIXnJ
A1610030,A161003001,2019-01-18,22134.0,2026-06-01T04:56:12Z,16,Donnée validée,10,Expertisée,20,Bonne,7.384986107,48.102530621,QIXnJ
A1610030,A161003001,2019-01-19,20031.0,2026-06-01T04:56:12Z,16,Donnée validée,10,Expertisée,20,Bonne,7.384986107,48.102530621,QIXnJ
A1610030,A161003001,2019-01-20,17991.0,2026-06-01T04:56:12Z,16,Donnée validée,10,Expertisée,20,Bonne,7.384986107,48.102530621,QIXnJ
A1610030,A161003001,2019-01-21,16067.0,2026-06-01T04:56:12Z,16,Donnée validée,10,Expertisée,20,Bonne,7.384986107,48.102530621,QIXnJ
A1610030,A161003001,2019-01-22,14365.0,2026-06-01T04:56:12Z,16,Donnée validée,10,Expertisée,20,Bonne,7.384986107,48.102530621,QIXnJ
A1610030,A161003001,2019-01-23,13357.0,2026-06-01T04:56:12Z,16,Donnée validée,10,Expertisée,20,Bonne,7.384986107,48.102530621,QIXnJ
A1610030,A161003001,2019-01-24,12685.0,2026-06-01T04:56:12Z,16,Donnée validée,10,Expertisée,20,Bonne,7.384986107,48.102530621,QIXnJ
A1610030,A161003001,2019-01-25,11256.0,2026-06-01T04:56:12Z,16,Donnée validée,10,Expertisée,20,Bonne,7.384986107,48.102530621,QIXnJ
A1610030,A161003001,2019-01-26,11088.0,2026-06-01T04:56:12Z,16,Donnée validée,10,Expertisée,20,Bonne,7.384986107,48.102530621,QIXnJ
A1610030,A161003001,2019-01-27,10463.0,2026-06-01T04:56:12Z,16,Donnée validée,10,Expertisée,20,Bonne,7.384986107,48.102530621,QIXnJ
A1610030,A161003001,2019-01-28,14743.0,2026-06-01T04:56:12Z,16,Donnée validée,10,Expertisée,20,Bonne,7.384986107,48.102530621,QIXnJ
A1610030,A161003001,2019-01-29,15878.0,2026-06-01T04:56:12Z,16,Donnée validée,10,Expertisée,20,Bonne,7.384986107,48.102530621,QIXnJ
A1610030,A161003001,2019-01-30,13803.0,2026-06-01T04:56:12Z,16,Donnée validée,10,Expertisée,20,Bonne,7.384986107,48.102530621,QIXnJ
A1610030,A161003001,2019-01-31,13638.0,2026-06-01T04:56:12Z,16,Donnée validée,10,Expertisée,20,Bonne,7.384986107,48.102530621,QIXnJ
A1610030,A161003001,2019-02-01,18428.0,2026-06-01T04:56:12Z,16,Donnée validée,10,Expertisée,20,Bonne,7.384986107,48.102530621,QIXnJ
A1610030,A161003001,2019-02-02,31386.0,2026-06-01T04:56:12Z,16,Donnée validée,10,Expertisée,20,Bonne,7.384986107,48.102530621,QIXnJ
A1610030,A161003001,2019-02-03,29543.0,2026-06-01T04:56:12Z,16,Donnée validée,10,Expertisée,20,Bonne,7.384986107,48.102530621,QIXnJ
A1610030,A161003001,2019-02-04,25251.0,2026-06-01T04:56:12Z,16,Donnée validée,10,Expertisée,20,Bonne,7.384986107,48.102530621,QIXnJ
A1610030,A161003001,2019-02-05,21153.0,2026-06-01T04:56:12Z,16,Donnée validée,10,Expertisée,20,Bonne,7.384986107,48.102530621,QIXnJ
A1610030,A161003001,2019-02-06,18032.0,2026-06-01T04:56:12Z,16,Donnée validée,10,Expertisée,20,Bonne,7.384986107,48.102530621,QIXnJ
A1610030,A161003001,2019-02-07,16130.0,2026-06-01T04:56:12Z,16,Donnée validée,10,Expertisée,20,Bonne,7.384986107,48.102530621,QIXnJ
A1610030,A161003001,2019-02-08,16970.0,2026-06-01T04:56:12Z,16,Donnée validée,10,Expertisée,20,Bonne,7.384986107,48.102530621,QIXnJ
A1610030,A161003001,2019-02-09,20638.0,2026-06-01T04:56:12Z,16,Donnée validée,10,Expertisée,20,Bonne,7.384986107,48.102530621,QIXnJ
A1610030,A161003001,2019-02-10,37477.0,2026-06-01T04:56:12Z,16,Donnée validée,10,Expertisée,20,Bonne,7.384986107,48.102530621,QIXnJ
A1610030,A161003001,2019-02-11,55542.0,2026-06-01T04:56:12Z,16,Donnée validée,10,Expertisée,20,Bonne,7.384986107,48.102530621,QIXnJ
A1610030,A161003001,2019-02-12,53230.0,2026-06-01T04:56:12Z,16,Donnée validée,10,Expertisée,20,Bonne,7.384986107,48.102530621,QIXnJ
A1610030,A161003001,2019-02-13,39012.0,2026-06-01T04:56:12Z,16,Donnée validée,10,Expertisée,20,Bonne,7.384986107,48.102530621,QIXnJ
A1610030,A161003001,2019-02-14,30209.0,2026-06-01T04:56:12Z,16,Donnée validée,10,Expertisée,20,Bonne,7.384986107,48.102530621,QIXnJ
A1610030,A161003001,2019-02-15,23957.0,2026-06-01T04:56:12Z,16,Donnée validée,10,Expertisée,20,Bonne,7.384986107,48.102530621,QIXnJ
A1610030,A161003001,2019-02-16,20498.0,2026-06-01T04:56:12Z,16,Donnée validée,10,Expertisée,20,Bonne,7.384986107,48.102530621,QIXnJ
A1610030,A161003001,2019-02-17,19143.0,2026-06-01T04:56:12Z,16,Donnée validée,10,Expertisée,20,Bonne,7.384986107,48.102530621,QIXnJ
A1610030,A161003001,2019-02-18,18628.0,2026-06-01T04:56:12Z,16,Donnée validée,10,Expertisée,20,Bonne,7.384986107,48.102530621,QIXnJ
A1610030,A161003001,2019-02-19,18067.0,2026-06-01T04:56:12Z,16,Donnée validée,10,Expertisée,20,Bonne,7.384986107,48.102530621,QIXnJ
A1610030,A161003001,2019-02-20,16911.0,2026-06-01T04:56:12Z,16,Donnée validée,10,Expertisée,20,Bonne,7.384986107,48.102530621,QIXnJ
A1610030,A161003001,2019-02-21,15920.0,2026-06-01T04:56:12Z,16,Donnée validée,10,Expertisée,20,Bonne,7.384986107,48.102530621,QIXnJ
A1610030,A161003001,2019-02-22,14869.0,2026-06-01T04:56:12Z,16,Donnée validée,10,Expertisée,20,Bonne,7.384986107,48.102530621,QIXnJ
A1610030,A161003001,2019-02-23,14449.0,2026-06-01T04:56:12Z,16,Donnée validée,10,Expertisée,20,Bonne,7.384986107,48.102530621,QIXnJ
A1610030,A161003001,2019-02-24,14239.0,2026-06-01T04:56:12Z,16,Donnée validée,10,Expertisée,20,Bonne,7.384986107,48.102530621,QIXnJ
A1610030,A161003001,2019-02-25,13517.0,2026-06-01T04:56:12Z,16,Donnée validée,10,Expertisée,20,Bonne,7.384986107,48.102530621,QIXnJ
A1610030,A161003001,2019-02-26,12565.0,2026-06-01T04:56:12Z,16,Donnée validée,10,Expertisée,20,Bonne,7.384986107,48.102530621,QIXnJ
A1610030,A161003001,2019-02-27,12222.0,2026-06-01T04:56:12Z,16,Donnée validée,10,Expertisée,20,Bonne,7.384986107,48.102530621,QIXnJ
A1610030,A161003001,2019-02-28,12012.0,2026-06-01T04:56:12Z,16,Donnée validée,10,Expertisée,20,Bonne,7.384986107,48.102530621,QIXnJ
A1610030,A161003001,2019-03-01,20255.0,2026-06-01T04:56:12Z,16,Donnée validée,10,Expertisée,20,Bonne,7.384986107,48.102530621,QIXnJ
A1610030,A161003001,2019-03-02,22649.0,2026-06-01T04:56:12Z,16,Donnée validée,10,Expertisée,20,Bonne,7.384986107,48.102530621,QIXnJ
A1610030,A161003001,2019-03-03,20031.0,2026-06-01T04:56:12Z,16,Donnée validée,10,Expertisée,20,Bonne,7.384986107,48.102530621,QIXnJ
A1610030,A161003001,2019-03-04,19563.0,2026-06-01T04:56:12Z,16,Donnée validée,10,Expertisée,20,Bonne,7.384986107,48.102530621,QIXnJ
A1610030,A161003001,2019-03-05,23163.0,2026-06-01T04:56:12Z,16,Donnée validée,10,Expertisée,20,Bonne,7.384986107,48.102530621,QIXnJ
A1610030,A161003001,2019-03-06,22789.0,2026-06-01T04:56:12Z,16,Donnée validée,10,Expertisée,20,Bonne,7.384986107,48.102530621,QIXnJ
A1610030,A161003001,2019-03-07,23303.0,2026-06-01T04:56:12Z,16,Donnée validée,10,Expertisée,20,Bonne,7.384986107,48.102530621,QIXnJ
A1610030,A161003001,2019-03-08,28469.0,2026-06-01T04:56:12Z,16,Donnée validée,10,Expertisée,20,Bonne,7.384986107,48.102530621,QIXnJ
A1610030,A161003001,2019-03-09,28110.0,2026-06-01T04:56:12Z,16,Donnée validée,10,Expertisée,20,Bonne,7.384986107,48.102530621,QIXnJ
A1610030,A161003001,2019-03-10,91200.0,2026-06-01T04:56:12Z,16,Donnée validée,10,Expertisée,20,Bonne,7.384986107,48.102530621,QIXnJ
A1610030,A161003001,2019-03-11,94793.0,2026-06-01T04:56:12Z,16,Donnée validée,10,Expertisée,20,Bonne,7.384986107,48.102530621,QIXnJ
A1610030,A161003001,2019-03-12,71687.0,2026-06-01T04:56:12Z,16,Donnée validée,10,Expertisée,20,Bonne,7.384986107,48.102530621,QIXnJ
A1610030,A161003001,2019-03-13,50468.0,2026-06-01T04:56:12Z,16,Donnée validée,10,Expertisée,20,Bonne,7.384986107,48.102530621,QIXnJ
A1610030,A161003001,2019-03-14,66961.0,2026-06-01T04:56:12Z,16,Donnée validée,10,Expertisée,20,Bonne,7.384986107,48.102530621,QIXnJ
A1610030,A161003001,2019-03-15,119881.0,2026-06-01T04:56:12Z,16,Donnée validée,10,Expertisée,20,Bonne,7.384986107,48.102530621,QIXnJ
A1610030,A161003001,2019-03-16,129812.0,2026-06-01T04:56:12Z,16,Donnée validée,10,Expertisée,20,Bonne,7.384986107,48.102530621,QIXnJ
A1610030,A161003001,2019-03-17,123279.0,2026-06-01T04:56:12Z,16,Donnée validée,10,Expertisée,20,Bonne,7.384986107,48.102530621,QIXnJ
A1610030,A161003001,2019-03-18,83295.0,2026-06-01T04:56:12Z,16,Donnée validée,10,Expertisée,20,Bonne,7.384986107,48.102530621,QIXnJ
A1610030,A161003001,2019-03-19,59207.0,2026-06-01T04:56:12Z,16,Donnée validée,10,Expertisée,20,Bonne,7.384986107,48.102530621,QIXnJ
A1610030,A161003001,2019-03-20,41746.0,2026-06-01T04:56:12Z,16,Donnée validée,10,Expertisée,20,Bonne,7.384986107,48.102530621,QIXnJ
A1610030,A161003001,2019-03-21,41828.0,2026-06-01T04:56:12Z,16,Donnée validée,10,Expertisée,20,Bonne,7.384986107,48.102530621,QIXnJ
A1610030,A161003001,2019-03-22,29799.0,2026-06-01T04:56:12Z,16,Donnée validée,10,Expertisée,20,Bonne,7.384986107,48.102530621,QIXnJ
A1610030,A161003001,2019-03-23,24398.0,2026-06-01T04:56:12Z,16,Donnée validée,10,Expertisée,20,Bonne,7.384986107,48.102530621,QIXnJ
A1610030,A161003001,2019-03-24,21377.0,2026-06-01T04:56:12Z,16,Donnée validée,10,Expertisée,20,Bonne,7.384986107,48.102530621,QIXnJ
A1610030,A161003001,2019-03-25,19330.0,2026-06-01T04:56:12Z,16,Donnée validée,10,Expertisée,20,Bonne,7.384986107,48.102530621,QIXnJ
A1610030,A161003001,2019-03-26,17264.0,2026-06-01T04:56:12Z,16,Donnée validée,10,Expertisée,20,Bonne,7.384986107,48.102530621,QIXnJ
A1610030,A161003001,2019-03-27,15247.0,2026-06-01T04:56:12Z,16,Donnée validée,10,Expertisée,20,Bonne,7.384986107,48.102530621,QIXnJ
A1610030,A161003001,2019-03-28,14399.0,2026-06-01T04:56:12Z,16,Donnée validée,10,Expertisée,20,Bonne,7.384986107,48.102530621,QIXnJ
A1610030,A161003001,2019-03-29,13987.0,2026-06-01T04:56:12Z,16,Donnée validée,10,Expertisée,20,Bonne,7.384986107,48.102530621,QIXnJ
A1610030,A161003001,2019-03-30,12533.0,2026-06-01T04:56:12Z,16,Donnée validée,10,Expertisée,20,Bonne,7.384986107,48.102530621,QIXnJ
A1610030,A161003001,2019-03-31,11272.0,2026-06-01T04:56:12Z,16,Donnée validée,10,Expertisée,20,Bonne,7.384986107,48.102530621,QIXnJ
A1610030,A161003001,2019-04-01,11004.0,2026-06-01T04:56:12Z,16,Donnée validée,10,Expertisée,20,Bonne,7.384986107,48.102530621,QIXnJ
A1610030,A161003001,2019-04-02,10390.0,2026-06-01T04:56:12Z,16,Donnée validée,10,Expertisée,20,Bonne,7.384986107,48.102530621,QIXnJ
A1610030,A161003001,2019-04-03,11676.0,2026-06-01T04:56:12Z,16,Donnée validée,10,Expertisée,20,Bonne,7.384986107,48.102530621,QIXnJ
A1610030,A161003001,2019-04-04,18348.0,2026-06-01T04:56:12Z,16,Donnée validée,10,Expertisée,20,Bonne,7.384986107,48.102530621,QIXnJ
A1610030,A161003001,2019-04-05,17647.0,2026-06-01T04:56:12Z,16,Donnée validée,10,Expertisée,20,Bonne,7.384986107,48.102530621,QIXnJ
A1610030,A161003001,2019-04-06,15499.0,2026-06-01T04:56:12Z,16,Donnée validée,10,Expertisée,20,Bonne,7.384986107,48.102530621,QIXnJ
A1610030,A161003001,2019-04-07,14617.0,2026-06-01T04:56:12Z,16,Donnée validée,10,Expertisée,20,Bonne,7.384986107,48.102530621,QIXnJ
A1610030,A161003001,2019-04-08,13441.0,2026-06-01T04:56:12Z,16,Donnée validée,10,Expertisée,20,Bonne,7.384986107,48.102530621,QIXnJ
A1610030,A161003001,2019-04-09,11172.0,2026-06-01T04:56:12Z,16,Donnée validée,10,Expertisée,20,Bonne,7.384986107,48.102530621,QIXnJ
A1610030,A161003001,2019-04-10,12264.0,2026-06-01T04:56:12Z,16,Donnée validée,10,Expertisée,20,Bonne,7.384986107,48.102530621,QIXnJ
A1610030,A161003001,2019-04-11,12138.0,2026-06-01T04:56:12Z,16,Donnée validée,10,Expertisée,20,Bonne,7.384986107,48.102530621,QIXnJ
A1610030,A161003001,2019-04-12,11802.0,2026-06-01T04:56:12Z,16,Donnée validée,10,Expertisée,20,Bonne,7.384986107,48.102530621,QIXnJ
A1610030,A161003001,2019-04-13,10584.0,2026-06-01T04:56:12Z,16,Donnée validée,10,Expertisée,20,Bonne,7.384986107,48.102530621,QIXnJ
A1610030,A161003001,2019-04-14,10135.0,2026-06-01T04:56:12Z,16,Donnée validée,10,Expertisée,20,Bonne,7.384986107,48.102530621,QIXnJ
A1610030,A161003001,2019-04-15,9952.0,2026-06-01T04:56:12Z,16,Donnée validée,10,Expertisée,20,Bonne,7.384986107,48.102530621,QIXnJ
A1610030,A161003001,2019-04-16,9624.0,2026-06-01T04:56:12Z,16,Donnée validée,10,Expertisée,20,Bonne,7.384986107,48.102530621,QIXnJ
A1610030,A161003001,2019-04-17,9843.0,2026-06-01T04:56:12Z,16,Donnée validée,10,Expertisée,20,Bonne,7.384986107,48.102530621,QIXnJ
A1610030,A161003001,2019-04-18,9624.0,2026-06-01T04:56:12Z,16,Donnée validée,10,Expertisée,20,Bonne,7.384986107,48.102530621,QIXnJ
A1610030,A161003001,2019-04-19,8492.0,2026-06-01T04:56:12Z,16,Donnée validée,10,Expertisée,20,Bonne,7.384986107,48.102530621,QIXnJ
A1610030,A161003001,2019-04-20,8857.0,2026-06-01T04:56:12Z,16,Donnée validée,10,Expertisée,20,Bonne,7.384986107,48.102530621,QIXnJ
A1610030,A161003001,2019-04-21,8273.0,2026-06-01T04:56:12Z,16,Donnée validée,10,Expertisée,20,Bonne,7.384986107,48.102530621,QIXnJ
A1610030,A161003001,2019-04-22,7470.0,2026-06-01T04:56:12Z,16,Donnée validée,10,Expertisée,20,Bonne,7.384986107,48.102530621,QIXnJ
A1610030,A161003001,2019-04-23,8675.0,2026-06-01T04:56:12Z,16,Donnée validée,10,Expertisée,20,Bonne,7.384986107,48.102530621,QIXnJ
A1610030,A161003001,2019-04-24,7543.0,2026-06-01T04:56:12Z,16,Donnée validée,10,Expertisée,20,Bonne,7.384986107,48.102530621,QIXnJ
A1610030,A161003001,2019-04-25,10920.0,2026-06-01T04:56:12Z,16,Donnée validée,10,Expertisée,20,Bonne,7.384986107,48.102530621,QIXnJ
A1610030,A161003001,2019-04-26,10208.0,2026-06-01T04:56:12Z,16,Donnée validée,10,Expertisée,20,Bonne,7.384986107,48.102530621,QIXnJ
A1610030,A161003001,2019-04-27,9697.0,2026-06-01T04:56:12Z,16,Donnée validée,10,Expertisée,20,Bonne,7.384986107,48.102530621,QIXnJ
A1610030,A161003001,2019-04-28,11886.0,2026-06-01T04:56:12Z,16,Donnée validée,10,Expertisée,20,Bonne,7.384986107,48.102530621,QIXnJ
A1610030,A161003001,2019-04-29,11886.0,2026-06-01T04:56:12Z,16,Donnée validée,10,Expertisée,20,Bonne,7.384986107,48.102530621,QIXnJ
A1610030,A161003001,2019-04-30,10836.0,2026-06-01T04:56:12Z,16,Donnée validée,10,Expertisée,20,Bonne,7.384986107,48.102530621,QIXnJ
A1610030,A161003001,2019-05-01,9587.0,2026-06-01T04:56:12Z,16,Donnée validée,10,Expertisée,20,Bonne,7.384986107,48.102530621,QIXnJ
A1610030,A161003001,2019-05-02,9222.0,2026-06-01T04:56:12Z,16,Donnée validée,10,Expertisée,20,Bonne,7.384986107,48.102530621,QIXnJ
A1610030,A161003001,2019-05-03,9697.0,2026-06-01T04:56:12Z,16,Donnée validée,10,Expertisée,20,Bonne,7.384986107,48.102530621,QIXnJ
A1610030,A161003001,2019-05-04,14281.0,2026-06-01T04:56:12Z,16,Donnée validée,10,Expertisée,20,Bonne,7.384986107,48.102530621,QIXnJ
A1610030,A161003001,2019-05-05,14281.0,2026-06-01T04:56:12Z,16,Donnée validée,10,Expertisée,20,Bonne,7.384986107,48.102530621,QIXnJ
A1610030,A161003001,2019-05-06,11928.0,2026-06-01T04:56:12Z,16,Donnée validée,10,Expertisée,20,Bonne,7.384986107,48.102530621,QIXnJ
A1610030,A161003001,2019-05-07,10794.0,2026-06-01T04:56:12Z,16,Donnée validée,10,Expertisée,20,Bonne,7.384986107,48.102530621,QIXnJ
A1610030,A161003001,2019-05-08,15331.0,2026-06-01T04:56:12Z,16,Donnée validée,10,Expertisée,20,Bonne,7.384986107,48.102530621,QIXnJ
A1610030,A161003001,2019-05-09,21059.0,2026-06-01T04:56:12Z,16,Donnée validée,10,Expertisée,20,Bonne,7.384986107,48.102530621,QIXnJ
A1610030,A161003001,2019-05-10,22555.0,2026-06-01T04:56:12Z,16,Donnée validée,10,Expertisée,20,Bonne,7.384986107,48.102530621,QIXnJ
A1610030,A161003001,2019-05-11,19984.0,2026-06-01T04:56:12Z,16,Donnée validée,10,Expertisée,20,Bonne,7.384986107,48.102530621,QIXnJ
A1610030,A161003001,2019-05-12,19049.0,2026-06-01T04:56:12Z,16,Donnée validée,10,Expertisée,20,Bonne,7.384986107,48.102530621,QIXnJ
A1610030,A161003001,2019-05-13,17306.0,2026-06-01T04:56:12Z,16,Donnée validée,10,Expertisée,20,Bonne,7.384986107,48.102530621,QIXnJ
A1610030,A161003001,2019-05-14,15667.0,2026-06-01T04:56:12Z,16,Donnée validée,10,Expertisée,20,Bonne,7.384986107,48.102530621,QIXnJ
A1610030,A161003001,2019-05-15,14377.0,2026-06-01T04:56:12Z,16,Donnée validée,10,Expertisée,20,Bonne,7.384986107,48.102530621,QIXnJ
A1610030,A161003001,2019-05-16,13315.0,2026-06-01T04:56:12Z,16,Donnée validée,10,Expertisée,20,Bonne,7.384986107,48.102530621,QIXnJ
A1610030,A161003001,2019-05-17,12811.0,2026-06-01T04:56:12Z,16,Donnée validée,10,Expertisée,20,Bonne,7.384986107,48.102530621,QIXnJ
A1610030,A161003001,2019-05-18,11592.0,2026-06-01T04:56:12Z,16,Donnée validée,10,Expertisée,20,Bonne,7.384986107,48.102530621,QIXnJ
A1610030,A161003001,2019-05-19,11802.0,2026-06-01T04:56:12Z,16,Donnée validée,10,Expertisée,20,Bonne,7.384986107,48.102530621,QIXnJ
A1610030,A161003001,2019-05-20,14795.0,2026-06-01T04:56:12Z,16,Donnée validée,10,Expertisée,20,Bonne,7.384986107,48.102530621,QIXnJ
A1610030,A161003001,2019-05-21,23163.0,2026-06-01T04:56:12Z,16,Donnée validée,10,Expertisée,20,Bonne,7.384986107,48.102530621,QIXnJ
A1610030,A161003001,2019-05-22,15777.0,2026-06-01T04:56:12Z,16,Donnée validée,10,Expertisée,20,Bonne,7.384986107,48.102530621,QIXnJ
A1610030,A161003001,2019-05-23,13525.0,2026-06-01T04:56:12Z,16,Donnée validée,10,Expertisée,20,Bonne,7.384986107,48.102530621,QIXnJ
A1610030,A161003001,2019-05-24,11015.0,2026-06-01T04:56:12Z,16,Donnée validée,10,Expertisée,20,Bonne,7.384986107,48.102530621,QIXnJ
A1610030,A161003001,2019-05-25,9587.0,2026-06-01T04:56:12Z,16,Donnée validée,10,Expertisée,20,Bonne,7.384986107,48.102530621,QIXnJ
A1610030,A161003001,2019-05-26,9295.0,2026-06-01T04:56:12Z,16,Donnée validée,10,Expertisée,20,Bonne,7.384986107,48.102530621,QIXnJ
A1610030,A161003001,2019-05-27,8326.0,2026-06-01T04:56:12Z,16,Donnée validée,10,Expertisée,20,Bonne,7.384986107,48.102530621,QIXnJ
A1610030,A161003001,2019-05-28,8967.0,2026-06-01T04:56:12Z,16,Donnée validée,10,Expertisée,20,Bonne,7.384986107,48.102530621,QIXnJ
A1610030,A161003001,2019-05-29,8845.0,2026-06-01T04:56:12Z,16,Donnée validée,10,Expertisée,20,Bonne,7.384986107,48.102530621,QIXnJ
A1610030,A161003001,2019-05-30,7981.0,2026-06-01T04:56:12Z,16,Donnée validée,10,Expertisée,20,Bonne,7.384986107,48.102530621,QIXnJ
A1610030,A161003001,2019-05-31,7033.0,2026-06-01T04:56:12Z,16,Donnée validée,10,Expertisée,20,Bonne,7.384986107,48.102530621,QIXnJ
A1610030,A161003001,2019-06-01,6448.0,2026-06-01T04:56:12Z,16,Donnée validée,10,Expertisée,20,Bonne,7.384986107,48.102530621,QIXnJ
A1610030,A161003001,2019-06-02,5617.0,2026-06-01T04:56:12Z,16,Donnée validée,10,Expertisée,20,Bonne,7.384986107,48.102530621,QIXnJ
A1610030,A161003001,2019-06-03,5754.0,2026-06-01T04:56:12Z,16,Donnée validée,10,Expertisée,20,Bonne,7.384986107,48.102530621,QIXnJ
A1610030,A161003001,2019-06-04,4836.0,2026-06-01T04:56:12Z,16,Donnée validée,10,Expertisée,20,Bonne,7.384986107,48.102530621,QIXnJ
A1610030,A161003001,2019-06-05,4744.0,2026-06-01T04:56:12Z,16,Donnée validée,10,Expertisée,20,Bonne,7.384986107,48.102530621,QIXnJ
A1610030,A161003001,2019-06-06,3534.0,2026-06-01T04:56:12Z,16,Donnée validée,10,Expertisée,20,Bonne,7.384986107,48.102530621,QIXnJ
A1610030,A161003001,2019-06-07,4674.0,2026-06-01T04:56:12Z,16,Donnée validée,10,Expertisée,20,Bonne,7.384986107,48.102530621,QIXnJ
A1610030,A161003001,2019-06-08,4708.0,2026-06-01T04:56:12Z,16,Donnée validée,10,Expertisée,20,Bonne,7.384986107,48.102530621,QIXnJ
A1610030,A161003001,2019-06-09,4048.0,2026-06-01T04:56:12Z,16,Donnée validée,10,Expertisée,20,Bonne,7.384986107,48.102530621,QIXnJ
A1610030,A161003001,2019-06-10,11368.0,2026-06-01T04:56:12Z,16,Donnée validée,10,Expertisée,20,Bonne,7.384986107,48.102530621,QIXnJ
A1610030,A161003001,2019-06-11,20391.0,2026-06-01T04:56:12Z,16,Donnée validée,10,Expertisée,20,Bonne,7.384986107,48.102530621,QIXnJ
A1610030,A161003001,2019-06-12,16944.0,2026-06-01T04:56:12Z,16,Donnée validée,10,Expertisée,20,Bonne,7.384986107,48.102530621,QIXnJ
A1610030,A161003001,2019-06-13,9808.0,2026-06-01T04:56:12Z,16,Donnée validée,10,Expertisée,20,Bonne,7.384986107,48.102530621,QIXnJ
A1610030,A161003001,2019-06-14,7137.0,2026-06-01T04:56:12Z,16,Donnée validée,10,Expertisée,20,Bonne,7.384986107,48.102530621,QIXnJ
A1610030,A161003001,2019-06-15,18982.0,2026-06-01T04:56:12Z,16,Donnée validée,10,Expertisée,20,Bonne,7.384986107,48.102530621,QIXnJ
A1610030,A161003001,2019-06-16,9922.0,2026-06-01T04:56:12Z,16,Donnée validée,10,Expertisée,20,Bonne,7.384986107,48.102530621,QIXnJ
A1610030,A161003001,2019-06-17,8033.0,2026-06-01T04:56:12Z,16,Donnée validée,10,Expertisée,20,Bonne,7.384986107,48.102530621,QIXnJ
A1610030,A161003001,2019-06-18,6039.0,2026-06-01T04:56:12Z,16,Donnée validée,10,Expertisée,20,Bonne,7.384986107,48.102530621,QIXnJ
A1610030,A161003001,2019-06-19,4934.0,2026-06-01T04:56:12Z,16,Donnée validée,10,Expertisée,20,Bonne,7.384986107,48.102530621,QIXnJ
A1610030,A161003001,2019-06-20,4088.0,2026-06-01T04:56:12Z,16,Donnée validée,10,Expertisée,20,Bonne,7.384986107,48.102530621,QIXnJ
A1610030,A161003001,2019-06-21,4948.0,2026-06-01T04:56:12Z,16,Donnée validée,10,Expertisée,20,Bonne,7.384986107,48.102530621,QIXnJ
A1610030,A161003001,2019-06-22,10990.0,2026-06-01T04:56:12Z,16,Donnée validée,10,Expertisée,20,Bonne,7.384986107,48.102530621,QIXnJ
A1610030,A161003001,2019-06-23,5300.0,2026-06-01T04:56:12Z,16,Donnée validée,10,Expertisée,20,Bonne,7.384986107,48.102530621,QIXnJ
A1610030,A161003001,2019-06-24,5370.0,2026-06-01T04:56:12Z,16,Donnée validée,10,Expertisée,20,Bonne,7.384986107,48.102530621,QIXnJ
A1610030,A161003001,2019-06-25,4517.0,2026-06-01T04:56:12Z,16,Donnée validée,10,Expertisée,20,Bonne,7.384986107,48.102530621,QIXnJ
A1610030,A161003001,2019-06-26,4802.0,2026-06-01T04:56:12Z,16,Donnée validée,10,Expertisée,20,Bonne,7.384986107,48.102530621,QIXnJ
A1610030,A161003001,2019-06-27,5210.0,2026-06-01T04:56:12Z,16,Donnée validée,10,Expertisée,20,Bonne,7.384986107,48.102530621,QIXnJ
A1610030,A161003001,2019-06-28,5076.0,2026-06-01T04:56:12Z,16,Donnée validée,10,Expertisée,20,Bonne,7.384986107,48.102530621,QIXnJ
A1610030,A161003001,2019-06-29,5372.0,2026-06-01T04:56:12Z,16,Donnée validée,10,Expertisée,20,Bonne,7.384986107,48.102530621,QIXnJ
A1610030,A161003001,2019-06-30,5027.0,2026-06-01T04:56:12Z,16,Donnée validée,10,Expertisée,20,Bonne,7.384986107,48.102530621,QIXnJ
A1610030,A161003001,2019-07-01,4621.0,2026-06-01T04:56:12Z,16,Donnée validée,10,Expertisée,20,Bonne,7.384986107,48.102530621,QIXnJ
A1610030,A161003001,2019-07-02,4508.0,2026-06-01T04:56:12Z,16,Donnée validée,10,Expertisée,20,Bonne,7.384986107,48.102530621,QIXnJ
A1610030,A161003001,2019-07-03,4364.0,2026-06-01T04:56:12Z,16,Donnée validée,10,Expertisée,20,Bonne,7.384986107,48.102530621,QIXnJ
A1610030,A161003001,2019-07-04,4218.0,2026-06-01T04:56:12Z,16,Donnée validée,10,Expertisée,20,Bonne,7.384986107,48.102530621,QIXnJ
A1610030,A161003001,2019-07-05,4212.0,2026-06-01T04:56:12Z,16,Donnée validée,10,Expertisée,20,Bonne,7.384986107,48.102530621,QIXnJ
A1610030,A161003001,2019-07-06,4969.0,2026-06-01T04:56:12Z,16,Donnée validée,10,Expertisée,20,Bonne,7.384986107,48.102530621,QIXnJ
A1610030,A161003001,2019-07-07,5592.0,2026-06-01T04:56:12Z,16,Donnée validée,10,Expertisée,20,Bonne,7.384986107,48.102530621,QIXnJ
A1610030,A161003001,2019-07-08,5830.0,2026-06-01T04:56:12Z,16,Donnée validée,10,Expertisée,20,Bonne,7.384986107,48.102530621,QIXnJ
A1610030,A161003001,2019-07-09,5264.0,2026-06-01T04:56:12Z,16,Donnée validée,10,Expertisée,20,Bonne,7.384986107,48.102530621,QIXnJ
A1610030,A161003001,2019-07-10,4602.0,2026-06-01T04:56:12Z,16,Donnée validée,10,Expertisée,20,Bonne,7.384986107,48.102530621,QIXnJ
A1610030,A161003001,2019-07-11,4671.0,2026-06-01T04:56:12Z,16,Donnée validée,10,Expertisée,20,Bonne,7.384986107,48.102530621,QIXnJ
A1610030,A161003001,2019-07-12,4619.0,2026-06-01T04:56:12Z,16,Donnée validée,10,Expertisée,20,Bonne,7.384986107,48.102530621,QIXnJ
A1610030,A161003001,2019-07-13,5113.0,2026-06-01T04:56:12Z,16,Donnée validée,10,Expertisée,20,Bonne,7.384986107,48.102530621,QIXnJ
A1610030,A161003001,2019-07-14,4855.0,2026-06-01T04:56:12Z,16,Donnée validée,10,Expertisée,20,Bonne,7.384986107,48.102530621,QIXnJ
A1610030,A161003001,2019-07-15,5131.0,2026-06-01T04:56:12Z,16,Donnée validée,10,Expertisée,20,Bonne,7.384986107,48.102530621,QIXnJ
A1610030,A161003001,2019-07-16,5097.0,2026-06-01T04:56:12Z,16,Donnée validée,10,Expertisée,20,Bonne,7.384986107,48.102530621,QIXnJ
A1610030,A161003001,2019-07-17,4752.0,2026-06-01T04:56:12Z,16,Donnée validée,10,Expertisée,20,Bonne,7.384986107,48.102530621,QIXnJ
A1610030,A161003001,2019-07-18,4591.0,2026-06-01T04:56:12Z,16,Donnée validée,10,Expertisée,20,Bonne,7.384986107,48.102530621,QIXnJ
A1610030,A161003001,2019-07-19,4552.0,2026-06-01T04:56:12Z,16,Donnée validée,10,Expertisée,20,Bonne,7.384986107,48.102530621,QIXnJ
A1610030,A161003001,2019-07-20,4671.0,2026-06-01T04:56:12Z,16,Donnée validée,10,Expertisée,20,Bonne,7.384986107,48.102530621,QIXnJ
A1610030,A161003001,2019-07-21,8924.0,2026-06-01T04:56:12Z,16,Donnée validée,10,Expertisée,20,Bonne,7.384986107,48.102530621,QIXnJ
A1610030,A161003001,2019-07-22,4295.0,2026-06-01T04:56:12Z,16,Donnée validée,10,Expertisée,20,Bonne,7.384986107,48.102530621,QIXnJ
A1610030,A161003001,2019-07-23,4140.0,2026-06-01T04:56:12Z,16,Donnée validée,10,Expertisée,20,Bonne,7.384986107,48.102530621,QIXnJ
A1610030,A161003001,2019-07-24,3855.0,2026-06-01T04:56:12Z,16,Donnée validée,10,Expertisée,20,Bonne,7.384986107,48.102530621,QIXnJ
A1610030,A161003001,2019-07-25,3792.0,2026-06-01T04:56:12Z,16,Donnée validée,10,Expertisée,20,Bonne,7.384986107,48.102530621,QIXnJ
A1610030,A161003001,2019-07-26,5827.0,2026-06-01T04:56:12Z,16,Donnée validée,10,Expertisée,20,Bonne,7.384986107,48.102530621,QIXnJ
A1610030,A161003001,2019-07-27,25756.0,2026-06-01T04:56:12Z,16,Donnée validée,10,Expertisée,20,Bonne,7.384986107,48.102530621,QIXnJ
A1610030,A161003001,2019-07-28,20533.0,2026-06-01T04:56:12Z,16,Donnée validée,10,Expertisée,20,Bonne,7.384986107,48.102530621,QIXnJ
A1610030,A161003001,2019-07-29,13105.0,2026-06-01T04:56:12Z,16,Donnée validée,10,Expertisée,20,Bonne,7.384986107,48.102530621,QIXnJ
A1610030,A161003001,2019-07-30,8041.0,2026-06-01T04:56:12Z,16,Donnée validée,10,Expertisée,20,Bonne,7.384986107,48.102530621,QIXnJ
A1610030,A161003001,2019-07-31,6338.0,2026-06-01T04:56:12Z,16,Donnée validée,10,Expertisée,20,Bonne,7.384986107,48.102530621,QIXnJ
A1610030,A161003001,2019-08-01,5498.0,2026-06-01T04:56:12Z,16,Donnée validée,10,Expertisée,20,Bonne,7.384986107,48.102530621,QIXnJ
A1610030,A161003001,2019-08-02,4964.0,2026-06-01T04:56:12Z,16,Donnée validée,10,Expertisée,20,Bonne,7.384986107,48.102530621,QIXnJ
A1610030,A161003001,2019-08-03,4768.0,2026-06-01T04:56:12Z,16,Donnée validée,10,Expertisée,20,Bonne,7.384986107,48.102530621,QIXnJ
A1610030,A161003001,2019-08-04,4586.0,2026-06-01T04:56:12Z,16,Donnée validée,10,Expertisée,20,Bonne,7.384986107,48.102530621,QIXnJ
A1610030,A161003001,2019-08-05,4367.0,2026-06-01T04:56:12Z,16,Donnée validée,10,Expertisée,20,Bonne,7.384986107,48.102530621,QIXnJ
A1610030,A161003001,2019-08-06,13609.0,2026-06-01T04:56:12Z,16,Donnée validée,10,Expertisée,20,Bonne,7.384986107,48.102530621,QIXnJ
A1610030,A161003001,2019-08-07,18348.0,2026-06-01T04:56:12Z,16,Donnée validée,10,Expertisée,20,Bonne,7.384986107,48.102530621,QIXnJ
A1610030,A161003001,2019-08-08,10542.0,2026-06-01T04:56:12Z,16,Donnée validée,10,Expertisée,20,Bonne,7.384986107,48.102530621,QIXnJ
A1610030,A161003001,2019-08-09,9295.0,2026-06-01T04:56:12Z,16,Donnée validée,10,Expertisée,20,Bonne,7.384986107,48.102530621,QIXnJ
A1610030,A161003001,2019-08-10,12475.0,2026-06-01T04:56:12Z,16,Donnée validée,10,Expertisée,20,Bonne,7.384986107,48.102530621,QIXnJ
A1610030,A161003001,2019-08-11,10878.0,2026-06-01T04:56:12Z,16,Donnée validée,10,Expertisée,20,Bonne,7.384986107,48.102530621,QIXnJ
A1610030,A161003001,2019-08-12,12307.0,2026-06-01T04:56:12Z,16,Donnée validée,10,Expertisée,20,Bonne,7.384986107,48.102530621,QIXnJ
A1610030,A161003001,2019-08-13,9259.0,2026-06-01T04:56:12Z,16,Donnée validée,10,Expertisée,20,Bonne,7.384986107,48.102530621,QIXnJ
A1610030,A161003001,2019-08-14,8090.0,2026-06-01T04:56:12Z,16,Donnée validée,10,Expertisée,20,Bonne,7.384986107,48.102530621,QIXnJ
A1610030,A161003001,2019-08-15,7178.0,2026-06-01T04:56:12Z,16,Donnée validée,10,Expertisée,20,Bonne,7.384986107,48.102530621,QIXnJ
A1610030,A161003001,2019-08-16,6813.0,2026-06-01T04:56:12Z,16,Donnée validée,10,Expertisée,20,Bonne,7.384986107,48.102530621,QIXnJ
A1610030,A161003001,2019-08-17,6301.0,2026-06-01T04:56:12Z,16,Donnée validée,10,Expertisée,20,Bonne,7.384986107,48.102530621,QIXnJ
A1610030,A161003001,2019-08-18,6338.0,2026-06-01T04:56:12Z,16,Donnée validée,10,Expertisée,20,Bonne,7.384986107,48.102530621,QIXnJ
A1610030,A161003001,2019-08-19,12138.0,2026-06-01T04:56:12Z,16,Donnée validée,10,Expertisée,20,Bonne,7.384986107,48.102530621,QIXnJ
A1610030,A161003001,2019-08-20,11937.0,2026-06-01T04:56:12Z,16,Donnée validée,10,Expertisée,20,Bonne,7.384986107,48.102530621,QIXnJ
A1610030,A161003001,2019-08-21,10626.0,2026-06-01T04:56:12Z,16,Donnée validée,10,Expertisée,20,Bonne,7.384986107,48.102530621,QIXnJ
A1610030,A161003001,2019-08-22,10171.0,2026-06-01T04:56:12Z,16,Donnée validée,10,Expertisée,20,Bonne,7.384986107,48.102530621,QIXnJ
A1610030,A161003001,2019-08-23,7981.0,2026-06-01T04:56:12Z,16,Donnée validée,10,Expertisée,20,Bonne,7.384986107,48.102530621,QIXnJ
A1610030,A161003001,2019-08-24,7397.0,2026-06-01T04:56:12Z,16,Donnée validée,10,Expertisée,20,Bonne,7.384986107,48.102530621,QIXnJ
A1610030,A161003001,2019-08-25,6946.0,2026-06-01T04:56:12Z,16,Donnée validée,10,Expertisée,20,Bonne,7.384986107,48.102530621,QIXnJ
A1610030,A161003001,2019-08-26,6594.0,2026-06-01T04:56:12Z,16,Donnée validée,10,Expertisée,20,Bonne,7.384986107,48.102530621,QIXnJ
A1610030,A161003001,2019-08-27,6338.0,2026-06-01T04:56:12Z,16,Donnée validée,10,Expertisée,20,Bonne,7.384986107,48.102530621,QIXnJ
A1610030,A161003001,2019-08-28,6265.0,2026-06-01T04:56:12Z,16,Donnée validée,10,Expertisée,20,Bonne,7.384986107,48.102530621,QIXnJ
A1610030,A161003001,2019-08-29,5644.0,2026-06-01T04:56:12Z,16,Donnée validée,10,Expertisée,20,Bonne,7.384986107,48.102530621,QIXnJ
A1610030,A161003001,2019-08-30,5681.0,2026-06-01T04:56:12Z,16,Donnée validée,10,Expertisée,20,Bonne,7.384986107,48.102530621,QIXnJ
A1610030,A161003001,2019-08-31,5389.0,2026-06-01T04:56:12Z,16,Donnée validée,10,Expertisée,20,Bonne,7.384986107,48.102530621,QIXnJ
A1610030,A161003001,2019-09-01,5790.0,2026-06-01T04:56:12Z,16,Donnée validée,10,Expertisée,20,Bonne,7.384986107,48.102530621,QIXnJ
A1610030,A161003001,2019-09-02,5170.0,2026-06-01T04:56:12Z,16,Donnée validée,10,Expertisée,20,Bonne,7.384986107,48.102530621,QIXnJ
A1610030,A161003001,2019-09-03,4987.0,2026-06-01T04:56:12Z,16,Donnée validée,10,Expertisée,20,Bonne,7.384986107,48.102530621,QIXnJ
A1610030,A161003001,2019-09-04,4914.0,2026-06-01T04:56:12Z,16,Donnée validée,10,Expertisée,20,Bonne,7.384986107,48.102530621,QIXnJ
A1610030,A161003001,2019-09-05,4951.0,2026-06-01T04:56:12Z,16,Donnée validée,10,Expertisée,20,Bonne,7.384986107,48.102530621,QIXnJ
A1610030,A161003001,2019-09-06,5389.0,2026-06-01T04:56:12Z,16,Donnée validée,10,Expertisée,20,Bonne,7.384986107,48.102530621,QIXnJ
A1610030,A161003001,2019-09-07,6301.0,2026-06-01T04:56:12Z,16,Donnée validée,10,Expertisée,20,Bonne,7.384986107,48.102530621,QIXnJ
A1610030,A161003001,2019-09-08,5903.0,2026-06-01T04:56:12Z,16,Donnée validée,10,Expertisée,20,Bonne,7.384986107,48.102530621,QIXnJ
A1610030,A161003001,2019-09-09,9186.0,2026-06-01T04:56:12Z,16,Donnée validée,10,Expertisée,20,Bonne,7.384986107,48.102530621,QIXnJ
A1610030,A161003001,2019-09-10,7105.0,2026-06-01T04:56:12Z,16,Donnée validée,10,Expertisée,20,Bonne,7.384986107,48.102530621,QIXnJ
A1610030,A161003001,2019-09-11,6265.0,2026-06-01T04:56:12Z,16,Donnée validée,10,Expertisée,20,Bonne,7.384986107,48.102530621,QIXnJ
A1610030,A161003001,2019-09-12,6046.0,2026-06-01T04:56:12Z,16,Donnée validée,10,Expertisée,20,Bonne,7.384986107,48.102530621,QIXnJ
A1610030,A161003001,2019-09-13,6009.0,2026-06-01T04:56:12Z,16,Donnée validée,10,Expertisée,20,Bonne,7.384986107,48.102530621,QIXnJ
A1610030,A161003001,2019-09-14,6009.0,2026-06-01T04:56:12Z,16,Donnée validée,10,Expertisée,20,Bonne,7.384986107,48.102530621,QIXnJ
A1610030,A161003001,2019-09-15,5964.0,2026-06-01T04:56:12Z,16,Donnée validée,10,Expertisée,20,Bonne,7.384986107,48.102530621,QIXnJ
A1610030,A161003001,2019-09-16,5389.0,2026-06-01T04:56:12Z,16,Donnée validée,10,Expertisée,20,Bonne,7.384986107,48.102530621,QIXnJ
A1610030,A161003001,2019-09-17,5060.0,2026-06-01T04:56:12Z,16,Donnée validée,10,Expertisée,20,Bonne,7.384986107,48.102530621,QIXnJ
A1610030,A161003001,2019-09-18,4768.0,2026-06-01T04:56:12Z,16,Donnée validée,10,Expertisée,20,Bonne,7.384986107,48.102530621,QIXnJ
A1610030,A161003001,2019-09-19,4440.0,2026-06-01T04:56:12Z,16,Donnée validée,10,Expertisée,20,Bonne,7.384986107,48.102530621,QIXnJ
A1610030,A161003001,2019-09-20,4267.0,2026-06-01T04:56:12Z,16,Donnée validée,10,Expertisée,20,Bonne,7.384986107,48.102530621,QIXnJ
A1610030,A161003001,2019-09-21,4267.0,2026-06-01T04:56:12Z,16,Donnée validée,10,Expertisée,20,Bonne,7.384986107,48.102530621,QIXnJ
A1610030,A161003001,2019-09-22,6594.0,2026-06-01T04:56:12Z,16,Donnée validée,10,Expertisée,20,Bonne,7.384986107,48.102530621,QIXnJ
A1610030,A161003001,2019-09-23,7616.0,2026-06-01T04:56:12Z,16,Donnée validée,10,Expertisée,20,Bonne,7.384986107,48.102530621,QIXnJ
A1610030,A161003001,2019-09-24,6776.0,2026-06-01T04:56:12Z,16,Donnée validée,10,Expertisée,20,Bonne,7.384986107,48.102530621,QIXnJ
A1610030,A161003001,2019-09-25,5279.0,2026-06-01T04:56:12Z,16,Donnée validée,10,Expertisée,20,Bonne,7.384986107,48.102530621,QIXnJ
A1610030,A161003001,2019-09-26,5060.0,2026-06-01T04:56:12Z,16,Donnée validée,10,Expertisée,20,Bonne,7.384986107,48.102530621,QIXnJ
A1610030,A161003001,2019-09-27,4876.0,2026-06-01T04:56:12Z,16,Donnée validée,10,Expertisée,20,Bonne,7.384986107,48.102530621,QIXnJ
A1610030,A161003001,2019-09-28,5133.0,2026-06-01T04:56:12Z,16,Donnée validée,10,Expertisée,20,Bonne,7.384986107,48.102530621,QIXnJ
A1610030,A161003001,2019-09-29,5170.0,2026-06-01T04:56:12Z,16,Donnée validée,10,Expertisée,20,Bonne,7.384986107,48.102530621,QIXnJ
A1610030,A161003001,2019-09-30,4914.0,2026-06-01T04:56:12Z,16,Donnée validée,10,Expertisée,20,Bonne,7.384986107,48.102530621,QIXnJ
A1610030,A161003001,2019-10-01,4841.0,2026-06-01T04:56:12Z,16,Donnée validée,10,Expertisée,20,Bonne,7.384986107,48.102530621,QIXnJ
A1610030,A161003001,2019-10-02,5717.0,2026-06-01T04:56:12Z,16,Donnée validée,10,Expertisée,20,Bonne,7.384986107,48.102530621,QIXnJ
A1610030,A161003001,2019-10-03,6046.0,2026-06-01T04:56:12Z,16,Donnée validée,10,Expertisée,20,Bonne,7.384986107,48.102530621,QIXnJ
A1610030,A161003001,2019-10-04,6301.0,2026-06-01T04:56:12Z,16,Donnée validée,10,Expertisée,20,Bonne,7.384986107,48.102530621,QIXnJ
A1610030,A161003001,2019-10-05,6853.0,2026-06-01T04:56:12Z,16,Donnée validée,10,Expertisée,20,Bonne,7.384986107,48.102530621,QIXnJ
A1610030,A161003001,2019-10-06,8236.0,2026-06-01T04:56:12Z,16,Donnée validée,10,Expertisée,20,Bonne,7.384986107,48.102530621,QIXnJ
A1610030,A161003001,2019-10-07,8382.0,2026-06-01T04:56:12Z,16,Donnée validée,10,Expertisée,20,Bonne,7.384986107,48.102530621,QIXnJ
A1610030,A161003001,2019-10-08,8675.0,2026-06-01T04:56:12Z,16,Donnée validée,10,Expertisée,20,Bonne,7.384986107,48.102530621,QIXnJ
A1610030,A161003001,2019-10-09,7068.0,2026-06-01T04:56:12Z,16,Donnée validée,10,Expertisée,20,Bonne,7.384986107,48.102530621,QIXnJ
A1610030,A161003001,2019-10-10,9368.0,2026-06-01T04:56:12Z,16,Donnée validée,10,Expertisée,20,Bonne,7.384986107,48.102530621,QIXnJ
A1610030,A161003001,2019-10-11,9879.0,2026-06-01T04:56:12Z,16,Donnée validée,10,Expertisée,20,Bonne,7.384986107,48.102530621,QIXnJ
A1610030,A161003001,2019-10-12,11046.0,2026-06-01T04:56:12Z,16,Donnée validée,10,Expertisée,20,Bonne,7.384986107,48.102530621,QIXnJ
A1610030,A161003001,2019-10-13,9733.0,2026-06-01T04:56:12Z,16,Donnée validée,10,Expertisée,20,Bonne,7.384986107,48.102530621,QIXnJ
A1610030,A161003001,2019-10-14,8163.0,2026-06-01T04:56:12Z,16,Donnée validée,10,Expertisée,20,Bonne,7.384986107,48.102530621,QIXnJ
A1610030,A161003001,2019-10-15,7324.0,2026-06-01T04:56:12Z,16,Donnée validée,10,Expertisée,20,Bonne,7.384986107,48.102530621,QIXnJ
A1610030,A161003001,2019-10-16,8054.0,2026-06-01T04:56:12Z,16,Donnée validée,10,Expertisée,20,Bonne,7.384986107,48.102530621,QIXnJ
A1610030,A161003001,2019-10-17,8163.0,2026-06-01T04:56:12Z,16,Donnée validée,10,Expertisée,20,Bonne,7.384986107,48.102530621,QIXnJ
A1610030,A161003001,2019-10-18,7871.0,2026-06-01T04:56:12Z,16,Donnée validée,10,Expertisée,20,Bonne,7.384986107,48.102530621,QIXnJ
A1610030,A161003001,2019-10-19,27650.0,2026-06-01T04:56:12Z,16,Donnée validée,10,Expertisée,20,Bonne,7.384986107,48.102530621,QIXnJ
A1610030,A161003001,2019-10-20,51934.0,2026-06-01T04:56:12Z,16,Donnée validée,10,Expertisée,20,Bonne,7.384986107,48.102530621,QIXnJ
A1610030,A161003001,2019-10-21,39872.0,2026-06-01T04:56:12Z,16,Donnée validée,10,Expertisée,20,Bonne,7.384986107,48.102530621,QIXnJ
A1610030,A161003001,2019-10-22,31386.0,2026-06-01T04:56:12Z,16,Donnée validée,10,Expertisée,20,Bonne,7.384986107,48.102530621,QIXnJ
A1610030,A161003001,2019-10-23,26297.0,2026-06-01T04:56:12Z,16,Donnée validée,10,Expertisée,20,Bonne,7.384986107,48.102530621,QIXnJ
A1610030,A161003001,2019-10-24,18974.0,2026-06-01T04:56:12Z,16,Donnée validée,10,Expertisée,20,Bonne,7.384986107,48.102530621,QIXnJ
A1610030,A161003001,2019-10-25,15331.0,2026-06-01T04:56:12Z,16,Donnée validée,10,Expertisée,20,Bonne,7.384986107,48.102530621,QIXnJ
A1610030,A161003001,2019-10-26,12853.0,2026-06-01T04:56:12Z,16,Donnée validée,10,Expertisée,20,Bonne,7.384986107,48.102530621,QIXnJ
A1610030,A161003001,2019-10-27,11718.0,2026-06-01T04:56:12Z,16,Donnée validée,10,Expertisée,20,Bonne,7.384986107,48.102530621,QIXnJ
A1610030,A161003001,2019-10-28,10794.0,2026-06-01T04:56:12Z,16,Donnée validée,10,Expertisée,20,Bonne,7.384986107,48.102530621,QIXnJ
A1610030,A161003001,2019-10-29,8975.0,2026-06-01T04:56:12Z,16,Donnée validée,10,Expertisée,20,Bonne,7.384986107,48.102530621,QIXnJ
A1610030,A161003001,2019-10-30,8565.0,2026-06-01T04:56:12Z,16,Donnée validée,10,Expertisée,20,Bonne,7.384986107,48.102530621,QIXnJ
A1610030,A161003001,2019-10-31,12264.0,2026-06-01T04:56:12Z,16,Donnée validée,10,Expertisée,20,Bonne,7.384986107,48.102530621,QIXnJ
A1610030,A161003001,2019-11-01,11173.0,2026-06-01T04:56:12Z,16,Donnée validée,10,Expertisée,20,Bonne,7.384986107,48.102530621,QIXnJ
A1610030,A161003001,2019-11-02,14950.0,2026-06-01T04:56:12Z,16,Donnée validée,10,Expertisée,20,Bonne,7.384986107,48.102530621,QIXnJ
A1610030,A161003001,2019-11-03,32768.0,2026-06-01T04:56:12Z,16,Donnée validée,10,Expertisée,20,Bonne,7.384986107,48.102530621,QIXnJ
A1610030,A161003001,2019-11-04,48043.0,2026-06-01T04:56:12Z,16,Donnée validée,10,Expertisée,20,Bonne,7.384986107,48.102530621,QIXnJ
A1610030,A161003001,2019-11-05,49791.0,2026-06-01T04:56:12Z,16,Donnée validée,10,Expertisée,20,Bonne,7.384986107,48.102530621,QIXnJ
A1610030,A161003001,2019-11-06,45957.0,2026-06-01T04:56:12Z,16,Donnée validée,10,Expertisée,20,Bonne,7.384986107,48.102530621,QIXnJ
A1610030,A161003001,2019-11-07,35464.0,2026-06-01T04:56:12Z,16,Donnée validée,10,Expertisée,20,Bonne,7.384986107,48.102530621,QIXnJ
A1610030,A161003001,2019-11-08,27803.0,2026-06-01T04:56:12Z,16,Donnée validée,10,Expertisée,20,Bonne,7.384986107,48.102530621,QIXnJ
A1610030,A161003001,2019-11-09,23116.0,2026-06-01T04:56:12Z,16,Donnée validée,10,Expertisée,20,Bonne,7.384986107,48.102530621,QIXnJ
A1610030,A161003001,2019-11-10,19308.0,2026-06-01T04:56:12Z,16,Donnée validée,10,Expertisée,20,Bonne,7.384986107,48.102530621,QIXnJ
A1610030,A161003001,2019-11-11,16970.0,2026-06-01T04:56:12Z,16,Donnée validée,10,Expertisée,20,Bonne,7.384986107,48.102530621,QIXnJ
A1610030,A161003001,2019-11-12,15313.0,2026-06-01T04:56:12Z,16,Donnée validée,10,Expertisée,20,Bonne,7.384986107,48.102530621,QIXnJ
A1610030,A161003001,2019-11-13,14533.0,2026-06-01T04:56:12Z,16,Donnée validée,10,Expertisée,20,Bonne,7.384986107,48.102530621,QIXnJ
A1610030,A161003001,2019-11-14,15920.0,2026-06-01T04:56:12Z,16,Donnée validée,10,Expertisée,20,Bonne,7.384986107,48.102530621,QIXnJ
A1610030,A161003001,2019-11-15,11970.0,2026-06-01T04:56:12Z,16,Donnée validée,10,Expertisée,20,Bonne,7.384986107,48.102530621,QIXnJ
A1610030,A161003001,2019-11-16,11298.0,2026-06-01T04:56:12Z,16,Donnée validée,10,Expertisée,20,Bonne,7.384986107,48.102530621,QIXnJ
A1610030,A161003001,2019-11-17,11046.0,2026-06-01T04:56:12Z,16,Donnée validée,10,Expertisée,20,Bonne,7.384986107,48.102530621,QIXnJ
A1610030,A161003001,2019-11-18,15049.0,2026-06-01T04:56:12Z,16,Donnée validée,10,Expertisée,20,Bonne,7.384986107,48.102530621,QIXnJ
A1610030,A161003001,2019-11-19,18909.0,2026-06-01T04:56:12Z,16,Donnée validée,10,Expertisée,20,Bonne,7.384986107,48.102530621,QIXnJ
A1610030,A161003001,2019-11-20,17600.0,2026-06-01T04:56:12Z,16,Donnée validée,10,Expertisée,20,Bonne,7.384986107,48.102530621,QIXnJ
A1610030,A161003001,2019-11-21,14407.0,2026-06-01T04:56:12Z,16,Donnée validée,10,Expertisée,20,Bonne,7.384986107,48.102530621,QIXnJ
A1610030,A161003001,2019-11-22,13418.0,2026-06-01T04:56:12Z,16,Donnée validée,10,Expertisée,20,Bonne,7.384986107,48.102530621,QIXnJ
A1610030,A161003001,2019-11-23,12643.0,2026-06-01T04:56:12Z,16,Donnée validée,10,Expertisée,20,Bonne,7.384986107,48.102530621,QIXnJ
A1610030,A161003001,2019-11-24,12186.0,2026-06-01T04:56:12Z,16,Donnée validée,10,Expertisée,20,Bonne,7.384986107,48.102530621,QIXnJ
A1610030,A161003001,2019-11-25,11592.0,2026-06-01T04:56:12Z,16,Donnée validée,10,Expertisée,20,Bonne,7.384986107,48.102530621,QIXnJ
A1610030,A161003001,2019-11-26,10390.0,2026-06-01T04:56:12Z,16,Donnée validée,10,Expertisée,20,Bonne,7.384986107,48.102530621,QIXnJ
A1610030,A161003001,2019-11-27,10281.0,2026-06-01T04:56:12Z,16,Donnée validée,10,Expertisée,20,Bonne,7.384986107,48.102530621,QIXnJ
A1610030,A161003001,2019-11-28,17306.0,2026-06-01T04:56:12Z,16,Donnée validée,10,Expertisée,20,Bonne,7.384986107,48.102530621,QIXnJ
A1610030,A161003001,2019-11-29,56525.0,2026-06-01T04:56:12Z,16,Donnée validée,10,Expertisée,20,Bonne,7.384986107,48.102530621,QIXnJ
A1610030,A161003001,2019-11-30,59996.0,2026-06-01T04:56:12Z,16,Donnée validée,10,Expertisée,20,Bonne,7.384986107,48.102530621,QIXnJ
A1610030,A161003001,2019-12-01,55316.0,2026-06-01T04:56:12Z,16,Donnée validée,10,Expertisée,20,Bonne,7.384986107,48.102530621,QIXnJ
A1610030,A161003001,2019-12-02,41367.0,2026-06-01T04:56:12Z,16,Donnée validée,10,Expertisée,20,Bonne,7.384986107,48.102530621,QIXnJ
A1610030,A161003001,2019-12-03,29595.0,2026-06-01T04:56:12Z,16,Donnée validée,10,Expertisée,20,Bonne,7.384986107,48.102530621,QIXnJ
A1610030,A161003001,2019-12-04,23334.0,2026-06-01T04:56:12Z,16,Donnée validée,10,Expertisée,20,Bonne,7.384986107,48.102530621,QIXnJ
A1610030,A161003001,2019-12-05,20592.0,2026-06-01T04:56:12Z,16,Donnée validée,10,Expertisée,20,Bonne,7.384986107,48.102530621,QIXnJ
A1610030,A161003001,2019-12-06,17981.0,2026-06-01T04:56:12Z,16,Donnée validée,10,Expertisée,20,Bonne,7.384986107,48.102530621,QIXnJ
A1610030,A161003001,2019-12-07,16130.0,2026-06-01T04:56:12Z,16,Donnée validée,10,Expertisée,20,Bonne,7.384986107,48.102530621,QIXnJ
A1610030,A161003001,2019-12-08,15625.0,2026-06-01T04:56:12Z,16,Donnée validée,10,Expertisée,20,Bonne,7.384986107,48.102530621,QIXnJ
A1610030,A161003001,2019-12-09,25173.0,2026-06-01T04:56:12Z,16,Donnée validée,10,Expertisée,20,Bonne,7.384986107,48.102530621,QIXnJ
A1610030,A161003001,2019-12-10,45450.0,2026-06-01T04:56:12Z,16,Donnée validée,10,Expertisée,20,Bonne,7.384986107,48.102530621,QIXnJ
A1610030,A161003001,2019-12-11,41981.0,2026-06-01T04:56:12Z,16,Donnée validée,10,Expertisée,20,Bonne,7.384986107,48.102530621,QIXnJ
A1610030,A161003001,2019-12-12,33843.0,2026-06-01T04:56:12Z,16,Donnée validée,10,Expertisée,20,Bonne,7.384986107,48.102530621,QIXnJ
A1610030,A161003001,2019-12-13,55974.0,2026-06-01T04:56:12Z,16,Donnée validée,10,Expertisée,20,Bonne,7.384986107,48.102530621,QIXnJ
A1610030,A161003001,2019-12-14,66047.0,2026-06-01T04:56:12Z,16,Donnée validée,10,Expertisée,20,Bonne,7.384986107,48.102530621,QIXnJ
A1610030,A161003001,2019-12-15,90220.0,2026-06-01T04:56:12Z,16,Donnée validée,10,Expertisée,20,Bonne,7.384986107,48.102530621,QIXnJ
A1610030,A161003001,2019-12-16,113217.0,2026-06-01T04:56:12Z,16,Donnée validée,10,Expertisée,20,Bonne,7.384986107,48.102530621,QIXnJ
A1610030,A161003001,2019-12-17,85742.0,2026-06-01T04:56:12Z,16,Donnée validée,10,Expertisée,20,Bonne,7.384986107,48.102530621,QIXnJ
A1610030,A161003001,2019-12-18,58406.0,2026-06-01T04:56:12Z,16,Donnée validée,10,Expertisée,20,Bonne,7.384986107,48.102530621,QIXnJ
A1610030,A161003001,2019-12-19,42083.0,2026-06-01T04:56:12Z,16,Donnée validée,10,Expertisée,20,Bonne,7.384986107,48.102530621,QIXnJ
A1610030,A161003001,2019-12-20,36863.0,2026-06-01T04:56:12Z,16,Donnée validée,10,Expertisée,20,Bonne,7.384986107,48.102530621,QIXnJ
A1610030,A161003001,2019-12-21,40599.0,2026-06-01T04:56:12Z,16,Donnée validée,10,Expertisée,20,Bonne,7.384986107,48.102530621,QIXnJ
A1610030,A161003001,2019-12-22,55767.0,2026-06-01T04:56:12Z,16,Donnée validée,10,Expertisée,20,Bonne,7.384986107,48.102530621,QIXnJ
A1610030,A161003001,2019-12-23,87149.0,2026-06-01T04:56:12Z,16,Donnée validée,10,Expertisée,20,Bonne,7.384986107,48.102530621,QIXnJ
A1610030,A161003001,2019-12-24,88587.0,2026-06-01T04:56:12Z,16,Donnée validée,10,Expertisée,20,Bonne,7.384986107,48.102530621,QIXnJ
A1610030,A161003001,2019-12-25,87280.0,2026-06-01T04:56:12Z,16,Donnée validée,10,Expertisée,20,Bonne,7.384986107,48.102530621,QIXnJ
A1610030,A161003001,2019-12-26,83033.0,2026-06-01T04:56:12Z,16,Donnée validée,10,Expertisée,20,Bonne,7.384986107,48.102530621,QIXnJ
A1610030,A161003001,2019-12-27,65916.0,2026-06-01T04:56:12Z,16,Donnée validée,10,Expertisée,20,Bonne,7.384986107,48.102530621,QIXnJ
A1610030,A161003001,2019-12-28,66112.0,2026-06-01T04:56:12Z,16,Donnée validée,10,Expertisée,20,Bonne,7.384986107,48.102530621,QIXnJ
A1610030,A161003001,2019-12-29,56613.0,2026-06-01T04:56:12Z,16,Donnée validée,10,Expertisée,20,Bonne,7.384986107,48.102530621,QIXnJ
A1610030,A161003001,2019-12-30,42969.0,2026-06-01T04:56:12Z,16,Donnée validée,10,Expertisée,20,Bonne,7.384986107,48.102530621,QIXnJ
A1610030,A161003001,2019-12-31,35378.0,2026-06-01T04:56:12Z,16,Donnée validée,10,Expertisée,20,Bonne,7.384986107,48.102530621,QIXnJ
A1610030,A161003001,2020-01-01,29339.0,2026-06-01T04:56:12Z,16,Donnée validée,10,Expertisée,20,Bonne,7.384986107,48.102530621,QIXnJ
A1610030,A161003001,2020-01-02,26063.0,2026-06-01T04:56:12Z,16,Donnée validée,10,Expertisée,20,Bonne,7.384986107,48.102530621,QIXnJ
A1610030,A161003001,2020-01-03,22836.0,2026-06-01T04:56:12Z,16,Donnée validée,10,Expertisée,20,Bonne,7.384986107,48.102530621,QIXnJ
A1610030,A161003001,2020-01-04,20451.0,2026-06-01T04:56:12Z,16,Donnée validée,10,Expertisée,20,Bonne,7.384986107,48.102530621,QIXnJ
A1610030,A161003001,2020-01-05,19330.0,2026-06-01T04:56:12Z,16,Donnée validée,10,Expertisée,20,Bonne,7.384986107,48.102530621,QIXnJ
A1610030,A161003001,2020-01-06,17054.0,2026-06-01T04:56:12Z,16,Donnée validée,10,Expertisée,20,Bonne,7.384986107,48.102530621,QIXnJ
A1610030,A161003001,2020-01-07,16424.0,2026-06-01T04:56:12Z,16,Donnée validée,10,Expertisée,20,Bonne,7.384986107,48.102530621,QIXnJ
A1610030,A161003001,2020-01-08,15331.0,2026-06-01T04:56:12Z,16,Donnée validée,10,Expertisée,20,Bonne,7.384986107,48.102530621,QIXnJ
A1610030,A161003001,2020-01-09,13987.0,2026-06-01T04:56:12Z,16,Donnée validée,10,Expertisée,20,Bonne,7.384986107,48.102530621,QIXnJ
A1610030,A161003001,2020-01-10,13651.0,2026-06-01T04:56:12Z,16,Donnée validée,10,Expertisée,20,Bonne,7.384986107,48.102530621,QIXnJ
A1610030,A161003001,2020-01-11,13063.0,2026-06-01T04:56:12Z,16,Donnée validée,10,Expertisée,20,Bonne,7.384986107,48.102530621,QIXnJ
A1610030,A161003001,2020-01-12,12433.0,2026-06-01T04:56:12Z,16,Donnée validée,10,Expertisée,20,Bonne,7.384986107,48.102530621,QIXnJ
A1610030,A161003001,2020-01-13,14575.0,2026-06-01T04:56:12Z,16,Donnée validée,10,Expertisée,20,Bonne,7.384986107,48.102530621,QIXnJ
A1610030,A161003001,2020-01-14,13693.0,2026-06-01T04:56:12Z,16,Donnée validée,10,Expertisée,20,Bonne,7.384986107,48.102530621,QIXnJ
A1610030,A161003001,2020-01-15,11696.0,2026-06-01T04:56:12Z,16,Donnée validée,10,Expertisée,20,Bonne,7.384986107,48.102530621,QIXnJ
A1610030,A161003001,2020-01-16,10668.0,2026-06-01T04:56:12Z,16,Donnée validée,10,Expertisée,20,Bonne,7.384986107,48.102530621,QIXnJ
A1610030,A161003001,2020-01-17,10626.0,2026-06-01T04:56:12Z,16,Donnée validée,10,Expertisée,20,Bonne,7.384986107,48.102530621,QIXnJ
A1610030,A161003001,2020-01-18,11130.0,2026-06-01T04:56:12Z,16,Donnée validée,10,Expertisée,20,Bonne,7.384986107,48.102530621,QIXnJ
A1610030,A161003001,2020-01-19,10752.0,2026-06-01T04:56:12Z,16,Donnée validée,10,Expertisée,20,Bonne,7.384986107,48.102530621,QIXnJ
A1610030,A161003001,2020-01-20,10135.0,2026-06-01T04:56:12Z,16,Donnée validée,10,Expertisée,20,Bonne,7.384986107,48.102530621,QIXnJ
A1610030,A161003001,2020-01-21,9660.0,2026-06-01T04:56:12Z,16,Donnée validée,10,Expertisée,20,Bonne,7.384986107,48.102530621,QIXnJ
A1610030,A161003001,2020-01-22,9624.0,2026-06-01T04:56:12Z,16,Donnée validée,10,Expertisée,20,Bonne,7.384986107,48.102530621,QIXnJ
A1610030,A161003001,2020-01-23,9478.0,2026-06-01T04:56:12Z,16,Donnée validée,10,Expertisée,20,Bonne,7.384986107,48.102530621,QIXnJ
A1610030,A161003001,2020-01-24,9076.0,2026-06-01T04:56:12Z,16,Donnée validée,10,Expertisée,20,Bonne,7.384986107,48.102530621,QIXnJ
A1610030,A161003001,2020-01-25,8967.0,2026-06-01T04:56:12Z,16,Donnée validée,10,Expertisée,20,Bonne,7.384986107,48.102530621,QIXnJ
A1610030,A161003001,2020-01-26,8941.0,2026-06-01T04:56:12Z,16,Donnée validée,10,Expertisée,20,Bonne,7.384986107,48.102530621,QIXnJ
A1610030,A161003001,2020-01-27,8742.0,2026-06-01T04:56:12Z,16,Donnée validée,10,Expertisée,20,Bonne,7.384986107,48.102530621,QIXnJ
A1610030,A161003001,2020-01-28,18909.0,2026-06-01T04:56:12Z,16,Donnée validée,10,Expertisée,20,Bonne,7.384986107,48.102530621,QIXnJ
A1610030,A161003001,2020-01-29,32922.0,2026-06-01T04:56:12Z,16,Donnée validée,10,Expertisée,20,Bonne,7.384986107,48.102530621,QIXnJ
A1610030,A161003001,2020-01-30,32603.0,2026-06-01T04:56:12Z,16,Donnée validée,10,Expertisée,20,Bonne,7.384986107,48.102530621,QIXnJ
A1610030,A161003001,2020-01-31,38859.0,2026-06-01T04:56:12Z,16,Donnée validée,10,Expertisée,20,Bonne,7.384986107,48.102530621,QIXnJ
A1610030,A161003001,2020-02-01,38859.0,2026-06-01T04:56:12Z,16,Donnée validée,10,Expertisée,20,Bonne,7.384986107,48.102530621,QIXnJ
A1610030,A161003001,2020-02-02,57966.0,2026-06-01T04:56:12Z,16,Donnée validée,10,Expertisée,20,Bonne,7.384986107,48.102530621,QIXnJ
A1610030,A161003001,2020-02-03,123034.0,2026-06-01T04:56:12Z,16,Donnée validée,10,Expertisée,20,Bonne,7.384986107,48.102530621,QIXnJ
A1610030,A161003001,2020-02-04,138828.0,2026-06-01T04:56:12Z,16,Donnée validée,10,Expertisée,20,Bonne,7.384986107,48.102530621,QIXnJ
A1610030,A161003001,2020-02-05,130818.0,2026-06-01T04:56:12Z,16,Donnée validée,10,Expertisée,20,Bonne,7.384986107,48.102530621,QIXnJ
A1610030,A161003001,2020-02-06,90645.0,2026-06-01T04:56:12Z,16,Donnée validée,10,Expertisée,20,Bonne,7.384986107,48.102530621,QIXnJ
A1610030,A161003001,2020-02-07,61857.0,2026-06-01T04:56:12Z,16,Donnée validée,10,Expertisée,20,Bonne,7.384986107,48.102530621,QIXnJ
A1610030,A161003001,2020-02-08,46880.0,2026-06-01T04:56:12Z,16,Donnée validée,10,Expertisée,20,Bonne,7.384986107,48.102530621,QIXnJ
A1610030,A161003001,2020-02-09,36168.0,2026-06-01T04:56:12Z,16,Donnée validée,10,Expertisée,20,Bonne,7.384986107,48.102530621,QIXnJ
A1610030,A161003001,2020-02-10,40190.0,2026-06-01T04:56:12Z,16,Donnée validée,10,Expertisée,20,Bonne,7.384986107,48.102530621,QIXnJ
A1610030,A161003001,2020-02-11,68072.0,2026-06-01T04:56:12Z,16,Donnée validée,10,Expertisée,20,Bonne,7.384986107,48.102530621,QIXnJ
A1610030,A161003001,2020-02-12,74475.0,2026-06-01T04:56:12Z,16,Donnée validée,10,Expertisée,20,Bonne,7.384986107,48.102530621,QIXnJ
A1610030,A161003001,2020-02-13,65759.0,2026-06-01T04:56:12Z,16,Donnée validée,10,Expertisée,20,Bonne,7.384986107,48.102530621,QIXnJ
A1610030,A161003001,2020-02-14,99497.0,2026-06-01T04:56:12Z,16,Donnée validée,10,Expertisée,20,Bonne,7.384986107,48.102530621,QIXnJ
A1610030,A161003001,2020-02-15,96296.0,2026-06-01T04:56:12Z,16,Donnée validée,10,Expertisée,20,Bonne,7.384986107,48.102530621,QIXnJ
A1610030,A161003001,2020-02-16,65894.0,2026-06-01T04:56:12Z,16,Donnée validée,10,Expertisée,20,Bonne,7.384986107,48.102530621,QIXnJ
A1610030,A161003001,2020-02-17,50674.0,2026-06-01T04:56:12Z,16,Donnée validée,10,Expertisée,20,Bonne,7.384986107,48.102530621,QIXnJ
A1610030,A161003001,2020-02-18,54301.0,2026-06-01T04:56:12Z,16,Donnée validée,10,Expertisée,20,Bonne,7.384986107,48.102530621,QIXnJ
A1610030,A161003001,2020-02-19,52836.0,2026-06-01T04:56:12Z,16,Donnée validée,10,Expertisée,20,Bonne,7.384986107,48.102530621,QIXnJ
A1610030,A161003001,2020-02-20,51821.0,2026-06-01T04:56:12Z,16,Donnée validée,10,Expertisée,20,Bonne,7.384986107,48.102530621,QIXnJ
A1610030,A161003001,2020-02-21,44266.0,2026-06-01T04:56:12Z,16,Donnée validée,10,Expertisée,20,Bonne,7.384986107,48.102530621,QIXnJ
A1610030,A161003001,2020-02-22,37413.0,2026-06-01T04:56:12Z,16,Donnée validée,10,Expertisée,20,Bonne,7.384986107,48.102530621,QIXnJ
A1610030,A161003001,2020-02-23,32095.0,2026-06-01T04:56:12Z,16,Donnée validée,10,Expertisée,20,Bonne,7.384986107,48.102530621,QIXnJ
A1610030,A161003001,2020-02-24,28544.0,2026-06-01T04:56:12Z,16,Donnée validée,10,Expertisée,20,Bonne,7.384986107,48.102530621,QIXnJ
A1610030,A161003001,2020-02-25,27701.0,2026-06-01T04:56:12Z,16,Donnée validée,10,Expertisée,20,Bonne,7.384986107,48.102530621,QIXnJ
A1610030,A161003001,2020-02-26,32870.0,2026-06-01T04:56:12Z,16,Donnée validée,10,Expertisée,20,Bonne,7.384986107,48.102530621,QIXnJ
A1610030,A161003001,2020-02-27,39883.0,2026-06-01T04:56:12Z,16,Donnée validée,10,Expertisée,20,Bonne,7.384986107,48.102530621,QIXnJ
A1610030,A161003001,2020-02-28,54640.0,2026-06-01T04:56:12Z,16,Donnée validée,10,Expertisée,20,Bonne,7.384986107,48.102530621,QIXnJ
A1610030,A161003001,2020-02-29,46465.0,2026-06-01T04:56:12Z,16,Donnée validée,10,Expertisée,20,Bonne,7.384986107,48.102530621,QIXnJ
A1610030,A161003001,2020-03-01,45563.0,2026-06-01T04:56:12Z,16,Donnée validée,10,Expertisée,20,Bonne,7.384986107,48.102530621,QIXnJ
A1610030,A161003001,2020-03-02,46803.0,2026-06-01T04:56:12Z,16,Donnée validée,10,Expertisée,20,Bonne,7.384986107,48.102530621,QIXnJ
A1610030,A161003001,2020-03-03,52723.0,2026-06-01T04:56:12Z,16,Donnée validée,10,Expertisée,20,Bonne,7.384986107,48.102530621,QIXnJ
A1610030,A161003001,2020-03-04,50423.0,2026-06-01T04:56:12Z,16,Donnée validée,10,Expertisée,20,Bonne,7.384986107,48.102530621,QIXnJ
A1610030,A161003001,2020-03-05,91331.0,2026-06-01T04:56:12Z,16,Donnée validée,10,Expertisée,20,Bonne,7.384986107,48.102530621,QIXnJ
A1610030,A161003001,2020-03-06,147681.0,2026-06-01T04:56:12Z,16,Donnée validée,10,Expertisée,20,Bonne,7.384986107,48.102530621,QIXnJ
A1610030,A161003001,2020-03-07,148432.0,2026-06-01T04:56:12Z,16,Donnée validée,10,Expertisée,20,Bonne,7.384986107,48.102530621,QIXnJ
A1610030,A161003001,2020-03-08,101294.0,2026-06-01T04:56:12Z,16,Donnée validée,10,Expertisée,20,Bonne,7.384986107,48.102530621,QIXnJ
A1610030,A161003001,2020-03-09,69313.0,2026-06-01T04:56:12Z,16,Donnée validée,10,Expertisée,20,Bonne,7.384986107,48.102530621,QIXnJ
A1610030,A161003001,2020-03-10,65372.0,2026-06-01T04:56:12Z,16,Donnée validée,10,Expertisée,20,Bonne,7.384986107,48.102530621,QIXnJ
A1610030,A161003001,2020-03-11,64511.0,2026-06-01T04:56:12Z,16,Donnée validée,10,Expertisée,20,Bonne,7.384986107,48.102530621,QIXnJ
A1610030,A161003001,2020-03-12,66308.0,2026-06-01T04:56:12Z,16,Donnée validée,10,Expertisée,20,Bonne,7.384986107,48.102530621,QIXnJ
A1610030,A161003001,2020-03-13,58981.0,2026-06-01T04:56:12Z,16,Donnée validée,10,Expertisée,20,Bonne,7.384986107,48.102530621,QIXnJ
A1610030,A161003001,2020-03-14,51958.0,2026-06-01T04:56:12Z,16,Donnée validée,10,Expertisée,20,Bonne,7.384986107,48.102530621,QIXnJ
A1610030,A161003001,2020-03-15,42118.0,2026-06-01T04:56:12Z,16,Donnée validée,10,Expertisée,20,Bonne,7.384986107,48.102530621,QIXnJ
A1610030,A161003001,2020-03-16,34969.0,2026-06-01T04:56:12Z,16,Donnée validée,10,Expertisée,20,Bonne,7.384986107,48.102530621,QIXnJ
A1610030,A161003001,2020-03-17,29197.0,2026-06-01T04:56:12Z,16,Donnée validée,10,Expertisée,20,Bonne,7.384986107,48.102530621,QIXnJ
A1610030,A161003001,2020-03-18,25126.0,2026-06-01T04:56:12Z,16,Donnée validée,10,Expertisée,20,Bonne,7.384986107,48.102530621,QIXnJ
A1610030,A161003001,2020-03-19,22549.0,2026-06-01T04:56:12Z,16,Donnée validée,10,Expertisée,20,Bonne,7.384986107,48.102530621,QIXnJ
A1610030,A161003001,2020-03-20,20264.0,2026-06-01T04:56:12Z,16,Donnée validée,10,Expertisée,20,Bonne,7.384986107,48.102530621,QIXnJ
A1610030,A161003001,2020-03-21,18395.0,2026-06-01T04:56:12Z,16,Donnée validée,10,Expertisée,20,Bonne,7.384986107,48.102530621,QIXnJ
A1610030,A161003001,2020-03-22,17054.0,2026-06-01T04:56:12Z,16,Donnée validée,10,Expertisée,20,Bonne,7.384986107,48.102530621,QIXnJ
A1610030,A161003001,2020-03-23,16102.0,2026-06-01T04:56:12Z,16,Donnée validée,10,Expertisée,20,Bonne,7.384986107,48.102530621,QIXnJ
A1610030,A161003001,2020-03-24,14656.0,2026-06-01T04:56:12Z,16,Donnée validée,10,Expertisée,20,Bonne,7.384986107,48.102530621,QIXnJ
A1610030,A161003001,2020-03-25,13603.0,2026-06-01T04:56:12Z,16,Donnée validée,10,Expertisée,20,Bonne,7.384986107,48.102530621,QIXnJ
A1610030,A161003001,2020-03-26,13021.0,2026-06-01T04:56:12Z,16,Donnée validée,10,Expertisée,20,Bonne,7.384986107,48.102530621,QIXnJ
A1610030,A161003001,2020-03-27,12853.0,2026-06-01T04:56:12Z,16,Donnée validée,10,Expertisée,20,Bonne,7.384986107,48.102530621,QIXnJ
A1610030,A161003001,2020-03-28,11970.0,2026-06-01T04:56:12Z,16,Donnée validée,10,Expertisée,20,Bonne,7.384986107,48.102530621,QIXnJ
A1610030,A161003001,2020-03-29,11004.0,2026-06-01T04:56:12Z,16,Donnée validée,10,Expertisée,20,Bonne,7.384986107,48.102530621,QIXnJ
A1610030,A161003001,2020-03-30,11802.0,2026-06-01T04:56:12Z,16,Donnée validée,10,Expertisée,20,Bonne,7.384986107,48.102530621,QIXnJ
A1610030,A161003001,2020-03-31,11340.0,2026-06-01T04:56:12Z,16,Donnée validée,10,Expertisée,20,Bonne,7.384986107,48.102530621,QIXnJ
A1610030,A161003001,2020-04-01,10281.0,2026-06-01T04:56:12Z,16,Donnée validée,10,Expertisée,20,Bonne,7.384986107,48.102530621,QIXnJ
A1610030,A161003001,2020-04-02,9720.0,2026-06-01T04:56:12Z,16,Donnée validée,10,Expertisée,20,Bonne,7.384986107,48.102530621,QIXnJ
A1610030,A161003001,2020-04-03,9482.0,2026-06-01T04:56:12Z,16,Donnée validée,10,Expertisée,20,Bonne,7.384986107,48.102530621,QIXnJ
A1610030,A161003001,2020-04-04,9077.0,2026-06-01T04:56:12Z,16,Donnée validée,10,Expertisée,20,Bonne,7.384986107,48.102530621,QIXnJ
A1610030,A161003001,2020-04-05,8936.0,2026-06-01T04:56:12Z,16,Donnée validée,10,Expertisée,20,Bonne,7.384986107,48.102530621,QIXnJ
A1610030,A161003001,2020-04-06,8004.0,2026-06-01T04:56:12Z,16,Donnée validée,10,Expertisée,20,Bonne,7.384986107,48.102530621,QIXnJ
A1610030,A161003001,2020-04-07,9465.0,2026-06-01T04:56:12Z,16,Donnée validée,10,Expertisée,20,Bonne,7.384986107,48.102530621,QIXnJ
A1610030,A161003001,2020-04-08,6964.0,2026-06-01T04:56:12Z,16,Donnée validée,10,Expertisée,20,Bonne,7.384986107,48.102530621,QIXnJ
A1610030,A161003001,2020-04-09,8547.0,2026-06-01T04:56:12Z,16,Donnée validée,10,Expertisée,20,Bonne,7.384986107,48.102530621,QIXnJ
A1610030,A161003001,2020-04-10,5882.0,2026-06-01T04:56:12Z,16,Donnée validée,10,Expertisée,20,Bonne,7.384986107,48.102530621,QIXnJ
A1610030,A161003001,2020-04-11,8031.0,2026-06-01T04:56:12Z,16,Donnée validée,10,Expertisée,20,Bonne,7.384986107,48.102530621,QIXnJ
A1610030,A161003001,2020-04-12,4986.0,2026-06-01T04:56:12Z,16,Donnée validée,10,Expertisée,20,Bonne,7.384986107,48.102530621,QIXnJ
A1610030,A161003001,2020-04-13,4863.0,2026-06-01T04:56:12Z,16,Donnée validée,10,Expertisée,20,Bonne,7.384986107,48.102530621,QIXnJ
A1610030,A161003001,2020-04-14,4609.0,2026-06-01T04:56:12Z,16,Donnée validée,10,Expertisée,20,Bonne,7.384986107,48.102530621,QIXnJ
A1610030,A161003001,2020-04-15,6157.0,2026-06-01T04:56:12Z,16,Donnée validée,10,Expertisée,20,Bonne,7.384986107,48.102530621,QIXnJ
A1610030,A161003001,2020-04-16,5846.0,2026-06-01T04:56:12Z,16,Donnée validée,10,Expertisée,20,Bonne,7.384986107,48.102530621,QIXnJ
A1610030,A161003001,2020-04-17,5229.0,2026-06-01T04:56:12Z,16,Donnée validée,10,Expertisée,20,Bonne,7.384986107,48.102530621,QIXnJ
A1610030,A161003001,2020-04-18,4978.0,2026-06-01T04:56:12Z,16,Donnée validée,10,Expertisée,20,Bonne,7.384986107,48.102530621,QIXnJ
A1610030,A161003001,2020-04-19,4622.0,2026-06-01T04:56:12Z,16,Donnée validée,10,Expertisée,20,Bonne,7.384986107,48.102530621,QIXnJ
A1610030,A161003001,2020-04-20,5105.0,2026-06-01T04:56:12Z,16,Donnée validée,10,Expertisée,20,Bonne,7.384986107,48.102530621,QIXnJ
A1610030,A161003001,2020-04-21,4747.0,2026-06-01T04:56:12Z,16,Donnée validée,10,Expertisée,20,Bonne,7.384986107,48.102530621,QIXnJ
A1610030,A161003001,2020-04-22,4996.0,2026-06-01T04:56:12Z,16,Donnée validée,10,Expertisée,20,Bonne,7.384986107,48.102530621,QIXnJ
A1610030,A161003001,2020-04-23,4903.0,2026-06-01T04:56:12Z,16,Donnée validée,10,Expertisée,20,Bonne,7.384986107,48.102530621,QIXnJ
A1610030,A161003001,2020-04-24,4530.0,2026-06-01T04:56:12Z,16,Donnée validée,10,Expertisée,20,Bonne,7.384986107,48.102530621,QIXnJ
A1610030,A161003001,2020-04-25,4350.0,2026-06-01T04:56:12Z,16,Donnée validée,10,Expertisée,20,Bonne,7.384986107,48.102530621,QIXnJ
A1610030,A161003001,2020-04-26,4136.0,2026-06-01T04:56:12Z,16,Donnée validée,10,Expertisée,20,Bonne,7.384986107,48.102530621,QIXnJ
A1610030,A161003001,2020-04-27,5580.0,2026-06-01T04:56:12Z,16,Donnée validée,10,Expertisée,20,Bonne,7.384986107,48.102530621,QIXnJ
A1610030,A161003001,2020-04-28,5218.0,2026-06-01T04:56:12Z,16,Donnée validée,10,Expertisée,20,Bonne,7.384986107,48.102530621,QIXnJ
A1610030,A161003001,2020-04-29,5313.0,2026-06-01T04:56:12Z,16,Donnée validée,10,Expertisée,20,Bonne,7.384986107,48.102530621,QIXnJ
A1610030,A161003001,2020-04-30,5984.0,2026-06-01T04:56:12Z,16,Donnée validée,10,Expertisée,20,Bonne,7.384986107,48.102530621,QIXnJ
A1610030,A161003001,2020-05-01,7201.0,2026-06-01T04:56:12Z,16,Donnée validée,10,Expertisée,20,Bonne,7.384986107,48.102530621,QIXnJ
A1610030,A161003001,2020-05-02,7555.0,2026-06-01T04:56:12Z,16,Donnée validée,10,Expertisée,20,Bonne,7.384986107,48.102530621,QIXnJ
A1610030,A161003001,2020-05-03,8261.0,2026-06-01T04:56:12Z,16,Donnée validée,10,Expertisée,20,Bonne,7.384986107,48.102530621,QIXnJ
A1610030,A161003001,2020-05-04,7482.0,2026-06-01T04:56:12Z,16,Donnée validée,10,Expertisée,20,Bonne,7.384986107,48.102530621,QIXnJ
A1610030,A161003001,2020-05-05,6308.0,2026-06-01T04:56:12Z,16,Donnée validée,10,Expertisée,20,Bonne,7.384986107,48.102530621,QIXnJ
A1610030,A161003001,2020-05-06,5938.0,2026-06-01T04:56:12Z,16,Donnée validée,10,Expertisée,20,Bonne,7.384986107,48.102530621,QIXnJ
A1610030,A161003001,2020-05-07,5813.0,2026-06-01T04:56:12Z,16,Donnée validée,10,Expertisée,20,Bonne,7.384986107,48.102530621,QIXnJ
A1610030,A161003001,2020-05-08,5010.0,2026-06-01T04:56:12Z,16,Donnée validée,10,Expertisée,20,Bonne,7.384986107,48.102530621,QIXnJ
A1610030,A161003001,2020-05-09,4927.0,2026-06-01T04:56:12Z,16,Donnée validée,10,Expertisée,20,Bonne,7.384986107,48.102530621,QIXnJ
A1610030,A161003001,2020-05-10,4762.0,2026-06-01T04:56:12Z,16,Donnée validée,10,Expertisée,20,Bonne,7.384986107,48.102530621,QIXnJ
A1610030,A161003001,2020-05-11,13107.0,2026-06-01T04:56:12Z,16,Donnée validée,10,Expertisée,20,Bonne,7.384986107,48.102530621,QIXnJ
A1610030,A161003001,2020-05-12,19591.0,2026-06-01T04:56:12Z,16,Donnée validée,10,Expertisée,20,Bonne,7.384986107,48.102530621,QIXnJ
A1610030,A161003001,2020-05-13,12713.0,2026-06-01T04:56:12Z,16,Donnée validée,10,Expertisée,20,Bonne,7.384986107,48.102530621,QIXnJ
A1610030,A161003001,2020-05-14,14580.0,2026-06-01T04:56:12Z,16,Donnée validée,10,Expertisée,20,Bonne,7.384986107,48.102530621,QIXnJ
A1610030,A161003001,2020-05-15,14258.0,2026-06-01T04:56:12Z,16,Donnée validée,10,Expertisée,20,Bonne,7.384986107,48.102530621,QIXnJ
A1610030,A161003001,2020-05-16,10443.0,2026-06-01T04:56:12Z,16,Donnée validée,10,Expertisée,20,Bonne,7.384986107,48.102530621,QIXnJ
A1610030,A161003001,2020-05-17,8523.0,2026-06-01T04:56:12Z,16,Donnée validée,10,Expertisée,20,Bonne,7.384986107,48.102530621,QIXnJ
A1610030,A161003001,2020-05-18,8422.0,2026-06-01T04:56:12Z,16,Donnée validée,10,Expertisée,20,Bonne,7.384986107,48.102530621,QIXnJ
A1610030,A161003001,2020-05-19,6462.0,2026-06-01T04:56:12Z,16,Donnée validée,10,Expertisée,20,Bonne,7.384986107,48.102530621,QIXnJ
A1610030,A161003001,2020-05-20,6891.0,2026-06-01T04:56:12Z,16,Donnée validée,10,Expertisée,20,Bonne,7.384986107,48.102530621,QIXnJ
A1610030,A161003001,2020-05-21,5232.0,2026-06-01T04:56:12Z,16,Donnée validée,10,Expertisée,20,Bonne,7.384986107,48.102530621,QIXnJ
A1610030,A161003001,2020-05-22,6054.0,2026-06-01T04:56:12Z,16,Donnée validée,10,Expertisée,20,Bonne,7.384986107,48.102530621,QIXnJ
A1610030,A161003001,2020-05-23,13546.0,2026-06-01T04:56:12Z,16,Donnée validée,10,Expertisée,20,Bonne,7.384986107,48.102530621,QIXnJ
A1610030,A161003001,2020-05-24,15932.0,2026-06-01T04:56:12Z,16,Donnée validée,10,Expertisée,20,Bonne,7.384986107,48.102530621,QIXnJ
A1610030,A161003001,2020-05-25,9919.0,2026-06-01T04:56:12Z,16,Donnée validée,10,Expertisée,20,Bonne,7.384986107,48.102530621,QIXnJ
A1610030,A161003001,2020-05-26,6740.0,2026-06-01T04:56:12Z,16,Donnée validée,10,Expertisée,20,Bonne,7.384986107,48.102530621,QIXnJ
A1610030,A161003001,2020-05-27,5719.0,2026-06-01T04:56:12Z,16,Donnée validée,10,Expertisée,20,Bonne,7.384986107,48.102530621,QIXnJ
A1610030,A161003001,2020-05-28,5074.0,2026-06-01T04:56:12Z,16,Donnée validée,10,Expertisée,20,Bonne,7.384986107,48.102530621,QIXnJ
A1610030,A161003001,2020-05-29,4698.0,2026-06-01T04:56:12Z,16,Donnée validée,10,Expertisée,20,Bonne,7.384986107,48.102530621,QIXnJ
A1610030,A161003001,2020-05-30,4426.0,2026-06-01T04:56:12Z,16,Donnée validée,10,Expertisée,20,Bonne,7.384986107,48.102530621,QIXnJ
A1610030,A161003001,2020-05-31,4206.0,2026-06-01T04:56:12Z,16,Donnée validée,10,Expertisée,20,Bonne,7.384986107,48.102530621,QIXnJ
A1610030,A161003001,2020-06-01,3902.0,2026-06-01T04:56:12Z,16,Donnée validée,10,Expertisée,20,Bonne,7.384986107,48.102530621,QIXnJ
A1610030,A161003001,2020-06-02,3507.0,2026-06-01T04:56:12Z,16,Donnée validée,10,Expertisée,20,Bonne,7.384986107,48.102530621,QIXnJ
A1610030,A161003001,2020-06-03,5880.0,2026-06-01T04:56:12Z,16,Donnée validée,10,Expertisée,20,Bonne,7.384986107,48.102530621,QIXnJ
A1610030,A161003001,2020-06-04,5387.0,2026-06-01T04:56:12Z,16,Donnée validée,10,Expertisée,20,Bonne,7.384986107,48.102530621,QIXnJ
A1610030,A161003001,2020-06-05,7023.0,2026-06-01T04:56:12Z,16,Donnée validée,10,Expertisée,20,Bonne,7.384986107,48.102530621,QIXnJ
A1610030,A161003001,2020-06-06,7628.0,2026-06-01T04:56:12Z,16,Donnée validée,10,Expertisée,20,Bonne,7.384986107,48.102530621,QIXnJ
A1610030,A161003001,2020-06-07,10650.0,2026-06-01T04:56:12Z,16,Donnée validée,10,Expertisée,20,Bonne,7.384986107,48.102530621,QIXnJ
A1610030,A161003001,2020-06-08,10407.0,2026-06-01T04:56:12Z,16,Donnée validée,10,Expertisée,20,Bonne,7.384986107,48.102530621,QIXnJ
A1610030,A161003001,2020-06-09,7981.0,2026-06-01T04:56:12Z,16,Donnée validée,10,Expertisée,20,Bonne,7.384986107,48.102530621,QIXnJ
A1610030,A161003001,2020-06-10,7108.0,2026-06-01T04:56:12Z,16,Donnée validée,10,Expertisée,20,Bonne,7.384986107,48.102530621,QIXnJ
A1610030,A161003001,2020-06-11,8416.0,2026-06-01T04:56:12Z,16,Donnée validée,10,Expertisée,20,Bonne,7.384986107,48.102530621,QIXnJ
A1610030,A161003001,2020-06-12,8868.0,2026-06-01T04:56:12Z,16,Donnée validée,10,Expertisée,20,Bonne,7.384986107,48.102530621,QIXnJ
A1610030,A161003001,2020-06-13,8679.0,2026-06-01T04:56:12Z,16,Donnée validée,10,Expertisée,20,Bonne,7.384986107,48.102530621,QIXnJ
A1610030,A161003001,2020-06-14,9086.0,2026-06-01T04:56:12Z,16,Donnée validée,10,Expertisée,20,Bonne,7.384986107,48.102530621,QIXnJ
A1610030,A161003001,2020-06-15,9021.0,2026-06-01T04:56:12Z,16,Donnée validée,10,Expertisée,20,Bonne,7.384986107,48.102530621,QIXnJ
A1610030,A161003001,2020-06-16,7081.0,2026-06-01T04:56:12Z,16,Donnée validée,10,Expertisée,20,Bonne,7.384986107,48.102530621,QIXnJ
A1610030,A161003001,2020-06-17,24795.0,2026-06-01T04:56:12Z,16,Donnée validée,10,Expertisée,20,Bonne,7.384986107,48.102530621,QIXnJ
A1610030,A161003001,2020-06-18,26382.0,2026-06-01T04:56:12Z,16,Donnée validée,10,Expertisée,20,Bonne,7.384986107,48.102530621,QIXnJ
A1610030,A161003001,2020-06-19,22317.0,2026-06-01T04:56:12Z,16,Donnée validée,10,Expertisée,20,Bonne,7.384986107,48.102530621,QIXnJ
A1610030,A161003001,2020-06-20,19005.0,2026-06-01T04:56:12Z,16,Donnée validée,10,Expertisée,20,Bonne,7.384986107,48.102530621,QIXnJ
A1610030,A161003001,2020-06-21,12581.0,2026-06-01T04:56:12Z,16,Donnée validée,10,Expertisée,20,Bonne,7.384986107,48.102530621,QIXnJ
A1610030,A161003001,2020-06-22,10835.0,2026-06-01T04:56:12Z,16,Donnée validée,10,Expertisée,20,Bonne,7.384986107,48.102530621,QIXnJ
A1610030,A161003001,2020-06-23,8945.0,2026-06-01T04:56:12Z,16,Donnée validée,10,Expertisée,20,Bonne,7.384986107,48.102530621,QIXnJ
A1610030,A161003001,2020-06-24,7795.0,2026-06-01T04:56:12Z,16,Donnée validée,10,Expertisée,20,Bonne,7.384986107,48.102530621,QIXnJ
A1610030,A161003001,2020-06-25,12874.0,2026-06-01T04:56:12Z,16,Donnée validée,10,Expertisée,20,Bonne,7.384986107,48.102530621,QIXnJ
A1610030,A161003001,2020-06-26,6294.0,2026-06-01T04:56:12Z,16,Donnée validée,10,Expertisée,20,Bonne,7.384986107,48.102530621,QIXnJ
A1610030,A161003001,2020-06-27,5363.0,2026-06-01T04:56:12Z,16,Donnée validée,10,Expertisée,20,Bonne,7.384986107,48.102530621,QIXnJ
A1610030,A161003001,2020-06-28,9005.0,2026-06-01T04:56:12Z,16,Donnée validée,10,Expertisée,20,Bonne,7.384986107,48.102530621,QIXnJ
A1610030,A161003001,2020-06-29,11524.0,2026-06-01T04:56:12Z,16,Donnée validée,10,Expertisée,20,Bonne,7.384986107,48.102530621,QIXnJ
A1610030,A161003001,2020-06-30,8264.0,2026-06-01T04:56:12Z,16,Donnée validée,10,Expertisée,20,Bonne,7.384986107,48.102530621,QIXnJ
A1610030,A161003001,2020-07-01,5246.0,2026-06-01T04:56:12Z,16,Donnée validée,10,Expertisée,20,Bonne,7.384986107,48.102530621,QIXnJ
A1610030,A161003001,2020-07-02,5460.0,2026-06-01T04:56:12Z,16,Donnée validée,10,Expertisée,20,Bonne,7.384986107,48.102530621,QIXnJ
A1610030,A161003001,2020-07-03,5402.0,2026-06-01T04:56:12Z,16,Donnée validée,10,Expertisée,20,Bonne,7.384986107,48.102530621,QIXnJ
A1610030,A161003001,2020-07-04,4418.0,2026-06-01T04:56:12Z,16,Donnée validée,10,Expertisée,20,Bonne,7.384986107,48.102530621,QIXnJ
A1610030,A161003001,2020-07-05,3724.0,2026-06-01T04:56:12Z,16,Donnée validée,10,Expertisée,20,Bonne,7.384986107,48.102530621,QIXnJ
A1610030,A161003001,2020-07-06,3562.0,2026-06-01T04:56:12Z,16,Donnée validée,10,Expertisée,20,Bonne,7.384986107,48.102530621,QIXnJ
A1610030,A161003001,2020-07-07,6191.0,2026-06-01T04:56:12Z,16,Donnée validée,10,Expertisée,20,Bonne,7.384986107,48.102530621,QIXnJ
A1610030,A161003001,2020-07-08,5529.0,2026-06-01T04:56:12Z,16,Donnée validée,10,Expertisée,20,Bonne,7.384986107,48.102530621,QIXnJ
A1610030,A161003001,2020-07-09,5170.0,2026-06-01T04:56:12Z,16,Donnée validée,10,Expertisée,20,Bonne,7.384986107,48.102530621,QIXnJ
A1610030,A161003001,2020-07-10,4695.0,2026-06-01T04:56:12Z,16,Donnée validée,10,Expertisée,20,Bonne,7.384986107,48.102530621,QIXnJ
A1610030,A161003001,2020-07-11,5352.0,2026-06-01T04:56:12Z,16,Donnée validée,10,Expertisée,20,Bonne,7.384986107,48.102530621,QIXnJ
A1610030,A161003001,2020-07-12,4768.0,2026-06-01T04:56:12Z,16,Donnée validée,10,Expertisée,20,Bonne,7.384986107,48.102530621,QIXnJ
A1610030,A161003001,2020-07-13,6521.0,2026-06-01T04:56:12Z,16,Donnée validée,10,Expertisée,20,Bonne,7.384986107,48.102530621,QIXnJ
A1610030,A161003001,2020-07-14,4768.0,2026-06-01T04:56:12Z,16,Donnée validée,10,Expertisée,20,Bonne,7.384986107,48.102530621,QIXnJ
A1610030,A161003001,2020-07-15,5131.0,2026-06-01T04:56:12Z,16,Donnée validée,10,Expertisée,20,Bonne,7.384986107,48.102530621,QIXnJ
A1610030,A161003001,2020-07-16,5271.0,2026-06-01T04:56:12Z,16,Donnée validée,10,Expertisée,20,Bonne,7.384986107,48.102530621,QIXnJ
A1610030,A161003001,2020-07-17,5559.0,2026-06-01T04:56:12Z,16,Donnée validée,10,Expertisée,20,Bonne,7.384986107,48.102530621,QIXnJ
A1610030,A161003001,2020-07-18,5081.0,2026-06-01T04:56:12Z,16,Donnée validée,10,Expertisée,20,Bonne,7.384986107,48.102530621,QIXnJ
A1610030,A161003001,2020-07-19,4892.0,2026-06-01T04:56:12Z,16,Donnée validée,10,Expertisée,20,Bonne,7.384986107,48.102530621,QIXnJ
A1610030,A161003001,2020-07-20,4017.0,2026-06-01T04:56:12Z,16,Donnée validée,10,Expertisée,20,Bonne,7.384986107,48.102530621,QIXnJ
A1610030,A161003001,2020-07-21,4733.0,2026-06-01T04:56:12Z,16,Donnée validée,10,Expertisée,20,Bonne,7.384986107,48.102530621,QIXnJ
A1610030,A161003001,2020-07-22,4263.0,2026-06-01T04:56:12Z,16,Donnée validée,10,Expertisée,20,Bonne,7.384986107,48.102530621,QIXnJ
A1610030,A161003001,2020-07-23,4287.0,2026-06-01T04:56:12Z,16,Donnée validée,10,Expertisée,20,Bonne,7.384986107,48.102530621,QIXnJ
A1610030,A161003001,2020-07-24,4382.0,2026-06-01T04:56:12Z,16,Donnée validée,10,Expertisée,20,Bonne,7.384986107,48.102530621,QIXnJ
A1610030,A161003001,2020-07-25,5987.0,2026-06-01T04:56:12Z,16,Donnée validée,10,Expertisée,20,Bonne,7.384986107,48.102530621,QIXnJ
A1610030,A161003001,2020-07-26,4412.0,2026-06-01T04:56:12Z,16,Donnée validée,10,Expertisée,20,Bonne,7.384986107,48.102530621,QIXnJ
A1610030,A161003001,2020-07-27,4269.0,2026-06-01T04:56:12Z,16,Donnée validée,10,Expertisée,20,Bonne,7.384986107,48.102530621,QIXnJ
A1610030,A161003001,2020-07-28,4340.0,2026-06-01T04:56:12Z,16,Donnée validée,10,Expertisée,20,Bonne,7.384986107,48.102530621,QIXnJ
A1610030,A161003001,2020-07-29,4337.0,2026-06-01T04:56:12Z,16,Donnée validée,10,Expertisée,20,Bonne,7.384986107,48.102530621,QIXnJ
A1610030,A161003001,2020-07-30,4467.0,2026-06-01T04:56:12Z,16,Donnée validée,10,Expertisée,20,Bonne,7.384986107,48.102530621,QIXnJ
A1610030,A161003001,2020-07-31,4283.0,2026-06-01T04:56:12Z,16,Donnée validée,10,Expertisée,20,Bonne,7.384986107,48.102530621,QIXnJ
A1610030,A161003001,2020-08-01,14362.0,2026-06-01T04:56:12Z,16,Donnée validée,10,Expertisée,20,Bonne,7.384986107,48.102530621,QIXnJ
A1610030,A161003001,2020-08-02,6688.0,2026-06-01T04:56:12Z,16,Donnée validée,10,Expertisée,20,Bonne,7.384986107,48.102530621,QIXnJ
A1610030,A161003001,2020-08-03,14066.0,2026-06-01T04:56:12Z,16,Donnée validée,10,Expertisée,20,Bonne,7.384986107,48.102530621,QIXnJ
A1610030,A161003001,2020-08-04,12650.0,2026-06-01T04:56:12Z,16,Donnée validée,10,Expertisée,20,Bonne,7.384986107,48.102530621,QIXnJ
A1610030,A161003001,2020-08-05,6125.0,2026-06-01T04:56:12Z,16,Donnée validée,10,Expertisée,20,Bonne,7.384986107,48.102530621,QIXnJ
A1610030,A161003001,2020-08-06,5600.0,2026-06-01T04:56:12Z,16,Donnée validée,10,Expertisée,20,Bonne,7.384986107,48.102530621,QIXnJ
A1610030,A161003001,2020-08-07,5392.0,2026-06-01T04:56:12Z,16,Donnée validée,10,Expertisée,20,Bonne,7.384986107,48.102530621,QIXnJ
A1610030,A161003001,2020-08-08,5023.0,2026-06-01T04:56:12Z,16,Donnée validée,10,Expertisée,20,Bonne,7.384986107,48.102530621,QIXnJ
A1610030,A161003001,2020-08-09,4692.0,2026-06-01T04:56:12Z,16,Donnée validée,10,Expertisée,20,Bonne,7.384986107,48.102530621,QIXnJ
A1610030,A161003001,2020-08-10,4330.0,2026-06-01T04:56:12Z,16,Donnée validée,10,Expertisée,20,Bonne,7.384986107,48.102530621,QIXnJ
A1610030,A161003001,2020-08-11,4045.0,2026-06-01T04:56:12Z,16,Donnée validée,10,Expertisée,20,Bonne,7.384986107,48.102530621,QIXnJ
A1610030,A161003001,2020-08-12,3950.0,2026-06-01T04:56:12Z,16,Donnée validée,10,Expertisée,20,Bonne,7.384986107,48.102530621,QIXnJ
A1610030,A161003001,2020-08-13,4235.0,2026-06-01T04:56:12Z,16,Donnée validée,10,Expertisée,20,Bonne,7.384986107,48.102530621,QIXnJ
A1610030,A161003001,2020-08-14,4108.0,2026-06-01T04:56:12Z,16,Donnée validée,10,Expertisée,20,Bonne,7.384986107,48.102530621,QIXnJ
A1610030,A161003001,2020-08-15,4914.0,2026-06-01T04:56:12Z,16,Donnée validée,10,Expertisée,20,Bonne,7.384986107,48.102530621,QIXnJ
A1610030,A161003001,2020-08-16,4602.0,2026-06-01T04:56:12Z,16,Donnée validée,10,Expertisée,20,Bonne,7.384986107,48.102530621,QIXnJ
A1610030,A161003001,2020-08-17,5644.0,2026-06-01T04:56:12Z,16,Donnée validée,10,Expertisée,20,Bonne,7.384986107,48.102530621,QIXnJ
A1610030,A161003001,2020-08-18,7470.0,2026-06-01T04:56:12Z,16,Donnée validée,10,Expertisée,20,Bonne,7.384986107,48.102530621,QIXnJ
A1610030,A161003001,2020-08-19,4805.0,2026-06-01T04:56:12Z,16,Donnée validée,10,Expertisée,20,Bonne,7.384986107,48.102530621,QIXnJ
A1610030,A161003001,2020-08-20,4440.0,2026-06-01T04:56:12Z,16,Donnée validée,10,Expertisée,20,Bonne,7.384986107,48.102530621,QIXnJ
A1610030,A161003001,2020-08-21,4298.0,2026-06-01T04:56:12Z,16,Donnée validée,10,Expertisée,20,Bonne,7.384986107,48.102530621,QIXnJ
A1610030,A161003001,2020-08-22,4172.0,2026-06-01T04:56:12Z,16,Donnée validée,10,Expertisée,20,Bonne,7.384986107,48.102530621,QIXnJ
A1610030,A161003001,2020-08-23,4172.0,2026-06-01T04:56:12Z,16,Donnée validée,10,Expertisée,20,Bonne,7.384986107,48.102530621,QIXnJ
A1610030,A161003001,2020-08-24,4140.0,2026-06-01T04:56:12Z,16,Donnée validée,10,Expertisée,20,Bonne,7.384986107,48.102530621,QIXnJ
A1610030,A161003001,2020-08-25,4330.0,2026-06-01T04:56:12Z,16,Donnée validée,10,Expertisée,20,Bonne,7.384986107,48.102530621,QIXnJ
A1610030,A161003001,2020-08-26,4403.0,2026-06-01T04:56:12Z,16,Donnée validée,10,Expertisée,20,Bonne,7.384986107,48.102530621,QIXnJ
A1610030,A161003001,2020-08-27,4140.0,2026-06-01T04:56:12Z,16,Donnée validée,10,Expertisée,20,Bonne,7.384986107,48.102530621,QIXnJ
A1610030,A161003001,2020-08-28,9587.0,2026-06-01T04:56:12Z,16,Donnée validée,10,Expertisée,20,Bonne,7.384986107,48.102530621,QIXnJ
A1610030,A161003001,2020-08-29,5316.0,2026-06-01T04:56:12Z,16,Donnée validée,10,Expertisée,20,Bonne,7.384986107,48.102530621,QIXnJ
A1610030,A161003001,2020-08-30,8638.0,2026-06-01T04:56:12Z,16,Donnée validée,10,Expertisée,20,Bonne,7.384986107,48.102530621,QIXnJ
A1610030,A161003001,2020-08-31,7324.0,2026-06-01T04:56:12Z,16,Donnée validée,10,Expertisée,20,Bonne,7.384986107,48.102530621,QIXnJ
A1610030,A161003001,2020-09-01,6776.0,2026-06-01T04:56:12Z,16,Donnée validée,10,Expertisée,20,Bonne,7.384986107,48.102530621,QIXnJ
A1610030,A161003001,2020-09-02,5644.0,2026-06-01T04:56:12Z,16,Donnée validée,10,Expertisée,20,Bonne,7.384986107,48.102530621,QIXnJ
A1610030,A161003001,2020-09-03,5644.0,2026-06-01T04:56:12Z,16,Donnée validée,10,Expertisée,20,Bonne,7.384986107,48.102530621,QIXnJ
A1610030,A161003001,2020-09-04,5425.0,2026-06-01T04:56:12Z,16,Donnée validée,10,Expertisée,20,Bonne,7.384986107,48.102530621,QIXnJ
A1610030,A161003001,2020-09-05,5316.0,2026-06-01T04:56:12Z,16,Donnée validée,10,Expertisée,20,Bonne,7.384986107,48.102530621,QIXnJ
A1610030,A161003001,2020-09-06,5316.0,2026-06-01T04:56:12Z,16,Donnée validée,10,Expertisée,20,Bonne,7.384986107,48.102530621,QIXnJ
A1610030,A161003001,2020-09-07,5206.0,2026-06-01T04:56:12Z,16,Donnée validée,10,Expertisée,20,Bonne,7.384986107,48.102530621,QIXnJ
A1610030,A161003001,2020-09-08,5279.0,2026-06-01T04:56:12Z,16,Donnée validée,10,Expertisée,20,Bonne,7.384986107,48.102530621,QIXnJ
A1610030,A161003001,2020-09-09,5279.0,2026-06-01T04:56:12Z,16,Donnée validée,10,Expertisée,20,Bonne,7.384986107,48.102530621,QIXnJ
A1610030,A161003001,2020-09-10,5206.0,2026-06-01T04:56:12Z,16,Donnée validée,10,Expertisée,20,Bonne,7.384986107,48.102530621,QIXnJ
A1610030,A161003001,2020-09-11,5133.0,2026-06-01T04:56:12Z,16,Donnée validée,10,Expertisée,20,Bonne,7.384986107,48.102530621,QIXnJ
A1610030,A161003001,2020-09-12,5060.0,2026-06-01T04:56:12Z,16,Donnée validée,10,Expertisée,20,Bonne,7.384986107,48.102530621,QIXnJ
A1610030,A161003001,2020-09-13,4951.0,2026-06-01T04:56:12Z,16,Donnée validée,10,Expertisée,20,Bonne,7.384986107,48.102530621,QIXnJ
A1610030,A161003001,2020-09-14,4841.0,2026-06-01T04:56:12Z,16,Donnée validée,10,Expertisée,20,Bonne,7.384986107,48.102530621,QIXnJ
A1610030,A161003001,2020-09-15,4476.0,2026-06-01T04:56:12Z,16,Donnée validée,10,Expertisée,20,Bonne,7.384986107,48.102530621,QIXnJ
A1610030,A161003001,2020-09-16,4382.0,2026-06-01T04:56:12Z,16,Donnée validée,10,Expertisée,20,Bonne,7.384986107,48.102530621,QIXnJ
A1610030,A161003001,2020-09-17,4361.0,2026-06-01T04:56:12Z,16,Donnée validée,10,Expertisée,20,Bonne,7.384986107,48.102530621,QIXnJ
A1610030,A161003001,2020-09-18,4379.0,2026-06-01T04:56:12Z,16,Donnée validée,10,Expertisée,20,Bonne,7.384986107,48.102530621,QIXnJ
A1610030,A161003001,2020-09-19,4357.0,2026-06-01T04:56:12Z,16,Donnée validée,10,Expertisée,20,Bonne,7.384986107,48.102530621,QIXnJ
A1610030,A161003001,2020-09-20,4407.0,2026-06-01T04:56:12Z,16,Donnée validée,10,Expertisée,20,Bonne,7.384986107,48.102530621,QIXnJ
A1610030,A161003001,2020-09-21,4422.0,2026-06-01T04:56:12Z,16,Donnée validée,10,Expertisée,20,Bonne,7.384986107,48.102530621,QIXnJ
A1610030,A161003001,2020-09-22,4539.0,2026-06-01T04:56:12Z,16,Donnée validée,10,Expertisée,20,Bonne,7.384986107,48.102530621,QIXnJ
A1610030,A161003001,2020-09-23,4487.0,2026-06-01T04:56:12Z,16,Donnée validée,10,Expertisée,20,Bonne,7.384986107,48.102530621,QIXnJ
A1610030,A161003001,2020-09-24,4749.0,2026-06-01T04:56:12Z,16,Donnée validée,10,Expertisée,20,Bonne,7.384986107,48.102530621,QIXnJ
A1610030,A161003001,2020-09-25,6955.0,2026-06-01T04:56:12Z,16,Donnée validée,10,Expertisée,20,Bonne,7.384986107,48.102530621,QIXnJ
A1610030,A161003001,2020-09-26,6763.0,2026-06-01T04:56:12Z,16,Donnée validée,10,Expertisée,20,Bonne,7.384986107,48.102530621,QIXnJ
A1610030,A161003001,2020-09-27,9357.0,2026-06-01T04:56:12Z,16,Donnée validée,10,Expertisée,20,Bonne,7.384986107,48.102530621,QIXnJ
A1610030,A161003001,2020-09-28,9427.0,2026-06-01T04:56:12Z,16,Donnée validée,10,Expertisée,20,Bonne,7.384986107,48.102530621,QIXnJ
A1610030,A161003001,2020-09-29,8165.0,2026-06-01T04:56:12Z,16,Donnée validée,10,Expertisée,20,Bonne,7.384986107,48.102530621,QIXnJ
A1610030,A161003001,2020-09-30,7736.0,2026-06-01T04:56:12Z,16,Donnée validée,10,Expertisée,20,Bonne,7.384986107,48.102530621,QIXnJ
A1610030,A161003001,2020-10-01,7465.0,2026-06-01T04:56:12Z,16,Donnée validée,10,Expertisée,20,Bonne,7.384986107,48.102530621,QIXnJ
A1610030,A161003001,2020-10-02,7201.0,2026-06-01T04:56:12Z,16,Donnée validée,10,Expertisée,20,Bonne,7.384986107,48.102530621,QIXnJ
A1610030,A161003001,2020-10-03,10797.0,2026-06-01T04:56:12Z,16,Donnée validée,10,Expertisée,20,Bonne,7.384986107,48.102530621,QIXnJ
A1610030,A161003001,2020-10-04,15466.0,2026-06-01T04:56:12Z,16,Donnée validée,10,Expertisée,20,Bonne,7.384986107,48.102530621,QIXnJ
A1610030,A161003001,2020-10-05,15471.0,2026-06-01T04:56:12Z,16,Donnée validée,10,Expertisée,20,Bonne,7.384986107,48.102530621,QIXnJ
A1610030,A161003001,2020-10-06,25122.0,2026-06-01T04:56:12Z,16,Donnée validée,10,Expertisée,20,Bonne,7.384986107,48.102530621,QIXnJ
A1610030,A161003001,2020-10-07,44446.0,2026-06-01T04:56:12Z,16,Donnée validée,10,Expertisée,20,Bonne,7.384986107,48.102530621,QIXnJ
A1610030,A161003001,2020-10-08,46943.0,2026-06-01T04:56:12Z,16,Donnée validée,10,Expertisée,20,Bonne,7.384986107,48.102530621,QIXnJ
A1610030,A161003001,2020-10-09,36512.0,2026-06-01T04:56:12Z,16,Donnée validée,10,Expertisée,20,Bonne,7.384986107,48.102530621,QIXnJ
A1610030,A161003001,2020-10-10,24746.0,2026-06-01T04:56:12Z,16,Donnée validée,10,Expertisée,20,Bonne,7.384986107,48.102530621,QIXnJ
A1610030,A161003001,2020-10-11,19946.0,2026-06-01T04:56:12Z,16,Donnée validée,10,Expertisée,20,Bonne,7.384986107,48.102530621,QIXnJ
A1610030,A161003001,2020-10-12,17418.0,2026-06-01T04:56:12Z,16,Donnée validée,10,Expertisée,20,Bonne,7.384986107,48.102530621,QIXnJ
A1610030,A161003001,2020-10-13,13163.0,2026-06-01T04:56:12Z,16,Donnée validée,10,Expertisée,20,Bonne,7.384986107,48.102530621,QIXnJ
A1610030,A161003001,2020-10-14,11683.0,2026-06-01T04:56:12Z,16,Donnée validée,10,Expertisée,20,Bonne,7.384986107,48.102530621,QIXnJ
A1610030,A161003001,2020-10-15,10145.0,2026-06-01T04:56:12Z,16,Donnée validée,10,Expertisée,20,Bonne,7.384986107,48.102530621,QIXnJ
A1610030,A161003001,2020-10-16,8805.0,2026-06-01T04:56:12Z,16,Donnée validée,10,Expertisée,20,Bonne,7.384986107,48.102530621,QIXnJ
A1610030,A161003001,2020-10-17,7948.0,2026-06-01T04:56:12Z,16,Donnée validée,10,Expertisée,20,Bonne,7.384986107,48.102530621,QIXnJ
A1610030,A161003001,2020-10-18,7777.0,2026-06-01T04:56:12Z,16,Donnée validée,10,Expertisée,20,Bonne,7.384986107,48.102530621,QIXnJ
A1610030,A161003001,2020-10-19,7318.0,2026-06-01T04:56:12Z,16,Donnée validée,10,Expertisée,20,Bonne,7.384986107,48.102530621,QIXnJ
A1610030,A161003001,2020-10-20,6025.0,2026-06-01T04:56:12Z,16,Donnée validée,10,Expertisée,20,Bonne,7.384986107,48.102530621,QIXnJ
A1610030,A161003001,2020-10-21,4808.0,2026-06-01T04:56:12Z,16,Donnée validée,10,Expertisée,20,Bonne,7.384986107,48.102530621,QIXnJ
A1610030,A161003001,2020-10-22,4634.0,2026-06-01T04:56:12Z,16,Donnée validée,10,Expertisée,20,Bonne,7.384986107,48.102530621,QIXnJ
A1610030,A161003001,2020-10-23,6580.0,2026-06-01T04:56:12Z,16,Donnée validée,10,Expertisée,20,Bonne,7.384986107,48.102530621,QIXnJ
A1610030,A161003001,2020-10-24,13566.0,2026-06-01T04:56:12Z,16,Donnée validée,10,Expertisée,20,Bonne,7.384986107,48.102530621,QIXnJ
A1610030,A161003001,2020-10-25,13008.0,2026-06-01T04:56:12Z,16,Donnée validée,10,Expertisée,20,Bonne,7.384986107,48.102530621,QIXnJ
A1610030,A161003001,2020-10-26,12728.0,2026-06-01T04:56:12Z,16,Donnée validée,10,Expertisée,20,Bonne,7.384986107,48.102530621,QIXnJ
A1610030,A161003001,2020-10-27,14076.0,2026-06-01T04:56:12Z,16,Donnée validée,10,Expertisée,20,Bonne,7.384986107,48.102530621,QIXnJ
A1610030,A161003001,2020-10-28,13127.0,2026-06-01T04:56:12Z,16,Donnée validée,10,Expertisée,20,Bonne,7.384986107,48.102530621,QIXnJ
A1610030,A161003001,2020-10-29,16747.0,2026-06-01T04:56:12Z,16,Donnée validée,10,Expertisée,20,Bonne,7.384986107,48.102530621,QIXnJ
A1610030,A161003001,2020-10-30,19490.0,2026-06-01T04:56:12Z,16,Donnée validée,10,Expertisée,20,Bonne,7.384986107,48.102530621,QIXnJ
A1610030,A161003001,2020-10-31,19231.0,2026-06-01T04:56:12Z,16,Donnée validée,10,Expertisée,20,Bonne,7.384986107,48.102530621,QIXnJ
A1610030,A161003001,2020-11-01,16514.0,2026-06-01T04:56:12Z,16,Donnée validée,10,Expertisée,20,Bonne,7.384986107,48.102530621,QIXnJ
A1610030,A161003001,2020-11-02,15837.0,2026-06-01T04:56:12Z,16,Donnée validée,10,Expertisée,20,Bonne,7.384986107,48.102530621,QIXnJ
A1610030,A161003001,2020-11-03,17005.0,2026-06-01T04:56:12Z,16,Donnée validée,10,Expertisée,20,Bonne,7.384986107,48.102530621,QIXnJ
A1610030,A161003001,2020-11-04,15125.0,2026-06-01T04:56:12Z,16,Donnée validée,10,Expertisée,20,Bonne,7.384986107,48.102530621,QIXnJ
A1610030,A161003001,2020-11-05,13829.0,2026-06-01T04:56:12Z,16,Donnée validée,10,Expertisée,20,Bonne,7.384986107,48.102530621,QIXnJ
A1610030,A161003001,2020-11-06,12307.0,2026-06-01T04:56:12Z,16,Donnée validée,10,Expertisée,20,Bonne,7.384986107,48.102530621,QIXnJ
A1610030,A161003001,2020-11-07,10311.0,2026-06-01T04:56:12Z,16,Donnée validée,10,Expertisée,20,Bonne,7.384986107,48.102530621,QIXnJ
A1610030,A161003001,2020-11-08,9432.0,2026-06-01T04:56:12Z,16,Donnée validée,10,Expertisée,20,Bonne,7.384986107,48.102530621,QIXnJ
A1610030,A161003001,2020-11-09,8384.0,2026-06-01T04:56:12Z,16,Donnée validée,10,Expertisée,20,Bonne,7.384986107,48.102530621,QIXnJ
A1610030,A161003001,2020-11-10,9670.0,2026-06-01T04:56:12Z,16,Donnée validée,10,Expertisée,20,Bonne,7.384986107,48.102530621,QIXnJ
A1610030,A161003001,2020-11-11,6738.0,2026-06-01T04:56:12Z,16,Donnée validée,10,Expertisée,20,Bonne,7.384986107,48.102530621,QIXnJ
A1610030,A161003001,2020-11-12,6518.0,2026-06-01T04:56:12Z,16,Donnée validée,10,Expertisée,20,Bonne,7.384986107,48.102530621,QIXnJ
A1610030,A161003001,2020-11-13,6097.0,2026-06-01T04:56:12Z,16,Donnée validée,10,Expertisée,20,Bonne,7.384986107,48.102530621,QIXnJ
A1610030,A161003001,2020-11-14,5796.0,2026-06-01T04:56:12Z,16,Donnée validée,10,Expertisée,20,Bonne,7.384986107,48.102530621,QIXnJ
A1610030,A161003001,2020-11-15,5377.0,2026-06-01T04:56:12Z,16,Donnée validée,10,Expertisée,20,Bonne,7.384986107,48.102530621,QIXnJ
A1610030,A161003001,2020-11-16,5605.0,2026-06-01T04:56:12Z,16,Donnée validée,10,Expertisée,20,Bonne,7.384986107,48.102530621,QIXnJ
A1610030,A161003001,2020-11-17,5548.0,2026-06-01T04:56:12Z,16,Donnée validée,10,Expertisée,20,Bonne,7.384986107,48.102530621,QIXnJ
A1610030,A161003001,2020-11-18,5114.0,2026-06-01T04:56:12Z,16,Donnée validée,10,Expertisée,20,Bonne,7.384986107,48.102530621,QIXnJ
A1610030,A161003001,2020-11-19,4385.0,2026-06-01T04:56:12Z,16,Donnée validée,10,Expertisée,20,Bonne,7.384986107,48.102530621,QIXnJ
A1610030,A161003001,2020-11-20,4760.0,2026-06-01T04:56:12Z,16,Donnée validée,10,Expertisée,20,Bonne,7.384986107,48.102530621,QIXnJ
A1610030,A161003001,2020-11-21,4820.0,2026-06-01T04:56:12Z,16,Donnée validée,10,Expertisée,20,Bonne,7.384986107,48.102530621,QIXnJ
A1610030,A161003001,2020-11-22,4858.0,2026-06-01T04:56:12Z,16,Donnée validée,10,Expertisée,20,Bonne,7.384986107,48.102530621,QIXnJ
A1610030,A161003001,2020-11-23,4809.0,2026-06-01T04:56:12Z,16,Donnée validée,10,Expertisée,20,Bonne,7.384986107,48.102530621,QIXnJ
A1610030,A161003001,2020-11-24,4992.0,2026-06-01T04:56:12Z,16,Donnée validée,10,Expertisée,20,Bonne,7.384986107,48.102530621,QIXnJ
A1610030,A161003001,2020-11-25,4755.0,2026-06-01T04:56:12Z,16,Donnée validée,10,Expertisée,20,Bonne,7.384986107,48.102530621,QIXnJ
A1610030,A161003001,2020-11-26,4757.0,2026-06-01T04:56:12Z,16,Donnée validée,10,Expertisée,20,Bonne,7.384986107,48.102530621,QIXnJ
A1610030,A161003001,2020-11-27,4711.0,2026-06-01T04:56:12Z,16,Donnée validée,10,Expertisée,20,Bonne,7.384986107,48.102530621,QIXnJ
A1610030,A161003001,2020-11-28,4494.0,2026-06-01T04:56:12Z,16,Donnée validée,10,Expertisée,20,Bonne,7.384986107,48.102530621,QIXnJ
A1610030,A161003001,2020-11-29,4154.0,2026-06-01T04:56:12Z,16,Donnée validée,10,Expertisée,20,Bonne,7.384986107,48.102530621,QIXnJ
A1610030,A161003001,2020-11-30,4095.0,2026-06-01T04:56:12Z,16,Donnée validée,10,Expertisée,20,Bonne,7.384986107,48.102530621,QIXnJ
A1610030,A161003001,2020-12-01,4153.0,2026-06-01T04:56:12Z,16,Donnée validée,10,Expertisée,20,Bonne,7.384986107,48.102530621,QIXnJ
A1610030,A161003001,2020-12-02,4164.0,2026-06-01T04:56:12Z,16,Donnée validée,10,Expertisée,20,Bonne,7.384986107,48.102530621,QIXnJ
A1610030,A161003001,2020-12-03,4291.0,2026-06-01T04:56:12Z,16,Donnée validée,10,Expertisée,20,Bonne,7.384986107,48.102530621,QIXnJ
A1610030,A161003001,2020-12-04,8863.0,2026-06-01T04:56:12Z,16,Donnée validée,10,Expertisée,20,Bonne,7.384986107,48.102530621,QIXnJ
A1610030,A161003001,2020-12-05,11614.0,2026-06-01T04:56:12Z,16,Donnée validée,10,Expertisée,20,Bonne,7.384986107,48.102530621,QIXnJ
A1610030,A161003001,2020-12-06,11600.0,2026-06-01T04:56:12Z,16,Donnée validée,10,Expertisée,20,Bonne,7.384986107,48.102530621,QIXnJ
A1610030,A161003001,2020-12-07,9198.0,2026-06-01T04:56:12Z,16,Donnée validée,10,Expertisée,20,Bonne,7.384986107,48.102530621,QIXnJ
A1610030,A161003001,2020-12-08,8550.0,2026-06-01T04:56:12Z,16,Donnée validée,10,Expertisée,20,Bonne,7.384986107,48.102530621,QIXnJ
A1610030,A161003001,2020-12-09,7147.0,2026-06-01T04:56:12Z,16,Donnée validée,10,Expertisée,20,Bonne,7.384986107,48.102530621,QIXnJ
A1610030,A161003001,2020-12-10,6639.0,2026-06-01T04:56:12Z,16,Donnée validée,10,Expertisée,20,Bonne,7.384986107,48.102530621,QIXnJ
A1610030,A161003001,2020-12-11,6281.0,2026-06-01T04:56:12Z,16,Donnée validée,10,Expertisée,20,Bonne,7.384986107,48.102530621,QIXnJ
A1610030,A161003001,2020-12-12,9780.0,2026-06-01T04:56:12Z,16,Donnée validée,10,Expertisée,20,Bonne,7.384986107,48.102530621,QIXnJ
A1610030,A161003001,2020-12-13,12626.0,2026-06-01T04:56:12Z,16,Donnée validée,10,Expertisée,20,Bonne,7.384986107,48.102530621,QIXnJ
A1610030,A161003001,2020-12-14,12627.0,2026-06-01T04:56:12Z,16,Donnée validée,10,Expertisée,20,Bonne,7.384986107,48.102530621,QIXnJ
A1610030,A161003001,2020-12-15,12043.0,2026-06-01T04:56:12Z,16,Donnée validée,10,Expertisée,20,Bonne,7.384986107,48.102530621,QIXnJ
A1610030,A161003001,2020-12-16,12722.0,2026-06-01T04:56:12Z,16,Donnée validée,10,Expertisée,20,Bonne,7.384986107,48.102530621,QIXnJ
A1610030,A161003001,2020-12-17,12555.0,2026-06-01T04:56:12Z,16,Donnée validée,10,Expertisée,20,Bonne,7.384986107,48.102530621,QIXnJ
A1610030,A161003001,2020-12-18,11762.0,2026-06-01T04:56:12Z,16,Donnée validée,10,Expertisée,20,Bonne,7.384986107,48.102530621,QIXnJ
A1610030,A161003001,2020-12-19,10588.0,2026-06-01T04:56:12Z,16,Donnée validée,10,Expertisée,20,Bonne,7.384986107,48.102530621,QIXnJ
A1610030,A161003001,2020-12-20,10642.0,2026-06-01T04:56:12Z,16,Donnée validée,10,Expertisée,20,Bonne,7.384986107,48.102530621,QIXnJ
A1610030,A161003001,2020-12-21,11017.0,2026-06-01T04:56:12Z,16,Donnée validée,10,Expertisée,20,Bonne,7.384986107,48.102530621,QIXnJ
A1610030,A161003001,2020-12-22,14553.0,2026-06-01T04:56:12Z,16,Donnée validée,10,Expertisée,20,Bonne,7.384986107,48.102530621,QIXnJ
A1610030,A161003001,2020-12-23,25245.0,2026-06-01T04:56:12Z,16,Donnée validée,10,Expertisée,20,Bonne,7.384986107,48.102530621,QIXnJ
A1610030,A161003001,2020-12-24,44726.0,2026-06-01T04:56:12Z,16,Donnée validée,10,Expertisée,20,Bonne,7.384986107,48.102530621,QIXnJ
A1610030,A161003001,2020-12-25,53382.0,2026-06-01T04:56:12Z,16,Donnée validée,10,Expertisée,20,Bonne,7.384986107,48.102530621,QIXnJ
A1610030,A161003001,2020-12-26,44422.0,2026-06-01T04:56:12Z,16,Donnée validée,10,Expertisée,20,Bonne,7.384986107,48.102530621,QIXnJ
A1610030,A161003001,2020-12-27,31532.0,2026-06-01T04:56:12Z,16,Donnée validée,10,Expertisée,20,Bonne,7.384986107,48.102530621,QIXnJ
A1610030,A161003001,2020-12-28,36249.0,2026-06-01T04:56:12Z,16,Donnée validée,10,Expertisée,20,Bonne,7.384986107,48.102530621,QIXnJ
A1610030,A161003001,2020-12-29,47310.0,2026-06-01T04:56:12Z,16,Donnée validée,10,Expertisée,20,Bonne,7.384986107,48.102530621,QIXnJ
A1610030,A161003001,2020-12-30,46164.0,2026-06-01T04:56:12Z,16,Donnée validée,10,Expertisée,20,Bonne,7.384986107,48.102530621,QIXnJ
A1610030,A161003001,2020-12-31,33631.0,2026-06-01T04:56:12Z,16,Donnée validée,10,Expertisée,20,Bonne,7.384986107,48.102530621,QIXnJ
A1610030,A161003001,2021-01-01,26933.0,2026-06-01T04:56:12Z,16,Donnée validée,10,Expertisée,20,Bonne,7.384986107,48.102530621,QIXnJ
A1610030,A161003001,2021-01-02,24285.0,2026-06-01T04:56:12Z,16,Donnée validée,10,Expertisée,20,Bonne,7.384986107,48.102530621,QIXnJ
A1610030,A161003001,2021-01-03,21125.0,2026-06-01T04:56:12Z,16,Donnée validée,10,Expertisée,20,Bonne,7.384986107,48.102530621,QIXnJ
A1610030,A161003001,2021-01-04,17558.0,2026-06-01T04:56:12Z,16,Donnée validée,10,Expertisée,20,Bonne,7.384986107,48.102530621,QIXnJ
A1610030,A161003001,2021-01-05,15878.0,2026-06-01T04:56:12Z,16,Donnée validée,10,Expertisée,20,Bonne,7.384986107,48.102530621,QIXnJ
A1610030,A161003001,2021-01-06,15037.0,2026-06-01T04:56:12Z,16,Donnée validée,10,Expertisée,20,Bonne,7.384986107,48.102530621,QIXnJ
A1610030,A161003001,2021-01-07,13452.0,2026-06-01T04:56:12Z,16,Donnée validée,10,Expertisée,20,Bonne,7.384986107,48.102530621,QIXnJ
A1610030,A161003001,2021-01-08,13399.0,2026-06-01T04:56:12Z,16,Donnée validée,10,Expertisée,20,Bonne,7.384986107,48.102530621,QIXnJ
A1610030,A161003001,2021-01-09,12685.0,2026-06-01T04:56:12Z,16,Donnée validée,10,Expertisée,20,Bonne,7.384986107,48.102530621,QIXnJ
A1610030,A161003001,2021-01-10,10920.0,2026-06-01T04:56:12Z,16,Donnée validée,10,Expertisée,20,Bonne,7.384986107,48.102530621,QIXnJ
A1610030,A161003001,2021-01-11,10171.0,2026-06-01T04:56:12Z,16,Donnée validée,10,Expertisée,20,Bonne,7.384986107,48.102530621,QIXnJ
A1610030,A161003001,2021-01-12,10208.0,2026-06-01T04:56:12Z,16,Donnée validée,10,Expertisée,20,Bonne,7.384986107,48.102530621,QIXnJ
A1610030,A161003001,2021-01-13,11298.0,2026-06-01T04:56:12Z,16,Donnée validée,10,Expertisée,20,Bonne,7.384986107,48.102530621,QIXnJ
A1610030,A161003001,2021-01-14,55936.0,2026-06-01T04:56:12Z,16,Donnée validée,10,Expertisée,20,Bonne,7.384986107,48.102530621,QIXnJ
A1610030,A161003001,2021-01-15,73233.0,2026-06-01T04:56:12Z,16,Donnée validée,10,Expertisée,20,Bonne,7.384986107,48.102530621,QIXnJ
A1610030,A161003001,2021-01-16,52526.0,2026-06-01T04:56:12Z,16,Donnée validée,10,Expertisée,20,Bonne,7.384986107,48.102530621,QIXnJ
A1610030,A161003001,2021-01-17,33771.0,2026-06-01T04:56:12Z,16,Donnée validée,10,Expertisée,20,Bonne,7.384986107,48.102530621,QIXnJ
A1610030,A161003001,2021-01-18,27701.0,2026-06-01T04:56:12Z,16,Donnée validée,10,Expertisée,20,Bonne,7.384986107,48.102530621,QIXnJ
A1610030,A161003001,2021-01-19,25807.0,2026-06-01T04:56:12Z,16,Donnée validée,10,Expertisée,20,Bonne,7.384986107,48.102530621,QIXnJ
A1610030,A161003001,2021-01-20,22742.0,2026-06-01T04:56:12Z,16,Donnée validée,10,Expertisée,20,Bonne,7.384986107,48.102530621,QIXnJ
A1610030,A161003001,2021-01-21,33749.0,2026-06-01T04:56:12Z,16,Donnée validée,10,Expertisée,20,Bonne,7.384986107,48.102530621,QIXnJ
A1610030,A161003001,2021-01-22,97864.0,2026-06-01T04:56:12Z,16,Donnée validée,10,Expertisée,20,Bonne,7.384986107,48.102530621,QIXnJ
A1610030,A161003001,2021-01-23,111453.0,2026-06-01T04:56:12Z,16,Donnée validée,10,Expertisée,20,Bonne,7.384986107,48.102530621,QIXnJ
A1610030,A161003001,2021-01-24,110865.0,2026-06-01T04:56:12Z,16,Donnée validée,10,Expertisée,20,Bonne,7.384986107,48.102530621,QIXnJ
A1610030,A161003001,2021-01-25,82609.0,2026-06-01T04:56:12Z,16,Donnée validée,10,Expertisée,20,Bonne,7.384986107,48.102530621,QIXnJ
A1610030,A161003001,2021-01-26,55993.0,2026-06-01T04:56:12Z,16,Donnée validée,10,Expertisée,20,Bonne,7.384986107,48.102530621,QIXnJ
A1610030,A161003001,2021-01-27,40676.0,2026-06-01T04:56:12Z,16,Donnée validée,10,Expertisée,20,Bonne,7.384986107,48.102530621,QIXnJ
A1610030,A161003001,2021-01-28,66373.0,2026-06-01T04:56:12Z,16,Donnée validée,10,Expertisée,20,Bonne,7.384986107,48.102530621,QIXnJ
A1610030,A161003001,2021-01-29,140984.0,2026-06-01T04:56:12Z,16,Donnée validée,10,Expertisée,20,Bonne,7.384986107,48.102530621,QIXnJ
A1610030,A161003001,2021-01-30,164195.0,2026-06-01T04:56:12Z,16,Donnée validée,10,Expertisée,20,Bonne,7.384986107,48.102530621,QIXnJ
A1610030,A161003001,2021-01-31,162155.0,2026-06-01T04:56:12Z,16,Donnée validée,10,Expertisée,20,Bonne,7.384986107,48.102530621,QIXnJ
A1610030,A161003001,2021-02-01,136928.0,2026-06-01T04:56:12Z,16,Donnée validée,10,Expertisée,20,Bonne,7.384986107,48.102530621,QIXnJ
A1610030,A161003001,2021-02-02,131659.0,2026-06-01T04:56:12Z,16,Donnée validée,10,Expertisée,20,Bonne,7.384986107,48.102530621,QIXnJ
A1610030,A161003001,2021-02-03,152950.0,2026-06-01T04:56:12Z,16,Donnée validée,10,Expertisée,20,Bonne,7.384986107,48.102530621,QIXnJ
A1610030,A161003001,2021-02-04,164197.0,2026-06-01T04:56:12Z,16,Donnée validée,10,Expertisée,20,Bonne,7.384986107,48.102530621,QIXnJ
A1610030,A161003001,2021-02-05,144356.0,2026-06-01T04:56:12Z,16,Donnée validée,10,Expertisée,20,Bonne,7.384986107,48.102530621,QIXnJ
A1610030,A161003001,2021-02-06,100688.0,2026-06-01T04:56:12Z,16,Donnée validée,10,Expertisée,20,Bonne,7.384986107,48.102530621,QIXnJ
A1610030,A161003001,2021-02-07,75148.0,2026-06-01T04:56:12Z,16,Donnée validée,10,Expertisée,20,Bonne,7.384986107,48.102530621,QIXnJ
A1610030,A161003001,2021-02-08,60500.0,2026-06-01T04:56:12Z,16,Donnée validée,10,Expertisée,20,Bonne,7.384986107,48.102530621,QIXnJ
A1610030,A161003001,2021-02-09,47561.0,2026-06-01T04:56:12Z,16,Donnée validée,10,Expertisée,20,Bonne,7.384986107,48.102530621,QIXnJ
A1610030,A161003001,2021-02-10,39456.0,2026-06-01T04:56:12Z,16,Donnée validée,10,Expertisée,20,Bonne,7.384986107,48.102530621,QIXnJ
A1610030,A161003001,2021-02-11,34277.0,2026-06-01T04:56:12Z,16,Donnée validée,10,Expertisée,20,Bonne,7.384986107,48.102530621,QIXnJ
A1610030,A161003001,2021-02-12,27530.0,2026-06-01T04:56:12Z,16,Donnée validée,10,Expertisée,20,Bonne,7.384986107,48.102530621,QIXnJ
A1610030,A161003001,2021-02-13,23682.0,2026-06-01T04:56:12Z,16,Donnée validée,10,Expertisée,20,Bonne,7.384986107,48.102530621,QIXnJ
A1610030,A161003001,2021-02-14,20271.0,2026-06-01T04:56:12Z,16,Donnée validée,10,Expertisée,20,Bonne,7.384986107,48.102530621,QIXnJ
A1610030,A161003001,2021-02-15,17908.0,2026-06-01T04:56:12Z,16,Donnée validée,10,Expertisée,20,Bonne,7.384986107,48.102530621,QIXnJ
A1610030,A161003001,2021-02-16,16267.0,2026-06-01T04:56:12Z,16,Donnée validée,10,Expertisée,20,Bonne,7.384986107,48.102530621,QIXnJ
A1610030,A161003001,2021-02-17,23979.0,2026-06-01T04:56:12Z,16,Donnée validée,10,Expertisée,20,Bonne,7.384986107,48.102530621,QIXnJ
A1610030,A161003001,2021-02-18,23341.0,2026-06-01T04:56:12Z,16,Donnée validée,10,Expertisée,20,Bonne,7.384986107,48.102530621,QIXnJ
A1610030,A161003001,2021-02-19,19877.0,2026-06-01T04:56:12Z,16,Donnée validée,10,Expertisée,20,Bonne,7.384986107,48.102530621,QIXnJ
A1610030,A161003001,2021-02-20,19353.0,2026-06-01T04:56:12Z,16,Donnée validée,10,Expertisée,20,Bonne,7.384986107,48.102530621,QIXnJ
A1610030,A161003001,2021-02-21,17377.0,2026-06-01T04:56:12Z,16,Donnée validée,10,Expertisée,20,Bonne,7.384986107,48.102530621,QIXnJ
A1610030,A161003001,2021-02-22,16242.0,2026-06-01T04:56:12Z,16,Donnée validée,10,Expertisée,20,Bonne,7.384986107,48.102530621,QIXnJ
A1610030,A161003001,2021-02-23,14954.0,2026-06-01T04:56:12Z,16,Donnée validée,10,Expertisée,20,Bonne,7.384986107,48.102530621,QIXnJ
A1610030,A161003001,2021-02-24,13800.0,2026-06-01T04:56:12Z,16,Donnée validée,10,Expertisée,20,Bonne,7.384986107,48.102530621,QIXnJ
A1610030,A161003001,2021-02-25,12956.0,2026-06-01T04:56:12Z,16,Donnée validée,10,Expertisée,20,Bonne,7.384986107,48.102530621,QIXnJ
A1610030,A161003001,2021-02-26,12211.0,2026-06-01T04:56:12Z,16,Donnée validée,10,Expertisée,20,Bonne,7.384986107,48.102530621,QIXnJ
A1610030,A161003001,2021-02-27,11780.0,2026-06-01T04:56:12Z,16,Donnée validée,10,Expertisée,20,Bonne,7.384986107,48.102530621,QIXnJ
A1610030,A161003001,2021-02-28,10831.0,2026-06-01T04:56:12Z,16,Donnée validée,10,Expertisée,20,Bonne,7.384986107,48.102530621,QIXnJ
A1610030,A161003001,2021-03-01,11292.0,2026-06-01T04:56:12Z,16,Donnée validée,10,Expertisée,20,Bonne,7.384986107,48.102530621,QIXnJ
A1610030,A161003001,2021-03-02,9673.0,2026-06-01T04:56:12Z,16,Donnée validée,10,Expertisée,20,Bonne,7.384986107,48.102530621,QIXnJ
A1610030,A161003001,2021-03-03,9390.0,2026-06-01T04:56:12Z,16,Donnée validée,10,Expertisée,20,Bonne,7.384986107,48.102530621,QIXnJ
A1610030,A161003001,2021-03-04,9322.0,2026-06-01T04:56:12Z,16,Donnée validée,10,Expertisée,20,Bonne,7.384986107,48.102530621,QIXnJ
A1610030,A161003001,2021-03-05,8866.0,2026-06-01T04:56:12Z,16,Donnée validée,10,Expertisée,20,Bonne,7.384986107,48.102530621,QIXnJ
A1610030,A161003001,2021-03-06,8399.0,2026-06-01T04:56:12Z,16,Donnée validée,10,Expertisée,20,Bonne,7.384986107,48.102530621,QIXnJ
A1610030,A161003001,2021-03-07,7848.0,2026-06-01T04:56:12Z,16,Donnée validée,10,Expertisée,20,Bonne,7.384986107,48.102530621,QIXnJ
A1610030,A161003001,2021-03-08,8234.0,2026-06-01T04:56:12Z,16,Donnée validée,10,Expertisée,20,Bonne,7.384986107,48.102530621,QIXnJ
A1610030,A161003001,2021-03-09,7953.0,2026-06-01T04:56:12Z,16,Donnée validée,10,Expertisée,20,Bonne,7.384986107,48.102530621,QIXnJ
A1610030,A161003001,2021-03-10,8515.0,2026-06-01T04:56:12Z,16,Donnée validée,10,Expertisée,20,Bonne,7.384986107,48.102530621,QIXnJ
A1610030,A161003001,2021-03-11,7953.0,2026-06-01T04:56:12Z,16,Donnée validée,10,Expertisée,20,Bonne,7.384986107,48.102530621,QIXnJ
A1610030,A161003001,2021-03-12,18112.0,2026-06-01T04:56:12Z,16,Donnée validée,10,Expertisée,20,Bonne,7.384986107,48.102530621,QIXnJ
A1610030,A161003001,2021-03-13,21798.0,2026-06-01T04:56:12Z,16,Donnée validée,10,Expertisée,20,Bonne,7.384986107,48.102530621,QIXnJ
A1610030,A161003001,2021-03-14,58438.0,2026-06-01T04:56:12Z,16,Donnée validée,10,Expertisée,20,Bonne,7.384986107,48.102530621,QIXnJ
A1610030,A161003001,2021-03-15,65135.0,2026-06-01T04:56:12Z,16,Donnée validée,10,Expertisée,20,Bonne,7.384986107,48.102530621,QIXnJ
A1610030,A161003001,2021-03-16,63720.0,2026-06-01T04:56:12Z,16,Donnée validée,10,Expertisée,20,Bonne,7.384986107,48.102530621,QIXnJ
A1610030,A161003001,2021-03-17,47790.0,2026-06-01T04:56:12Z,16,Donnée validée,10,Expertisée,20,Bonne,7.384986107,48.102530621,QIXnJ
A1610030,A161003001,2021-03-18,38462.0,2026-06-01T04:56:12Z,16,Donnée validée,10,Expertisée,20,Bonne,7.384986107,48.102530621,QIXnJ
A1610030,A161003001,2021-03-19,32698.0,2026-06-01T04:56:12Z,16,Donnée validée,10,Expertisée,20,Bonne,7.384986107,48.102530621,QIXnJ
A1610030,A161003001,2021-03-20,26986.0,2026-06-01T04:56:12Z,16,Donnée validée,10,Expertisée,20,Bonne,7.384986107,48.102530621,QIXnJ
A1610030,A161003001,2021-03-21,22642.0,2026-06-01T04:56:12Z,16,Donnée validée,10,Expertisée,20,Bonne,7.384986107,48.102530621,QIXnJ
A1610030,A161003001,2021-03-22,22184.0,2026-06-01T04:56:12Z,16,Donnée validée,10,Expertisée,20,Bonne,7.384986107,48.102530621,QIXnJ
A1610030,A161003001,2021-03-23,16956.0,2026-06-01T04:56:12Z,16,Donnée validée,10,Expertisée,20,Bonne,7.384986107,48.102530621,QIXnJ
A1610030,A161003001,2021-03-24,14810.0,2026-06-01T04:56:12Z,16,Donnée validée,10,Expertisée,20,Bonne,7.384986107,48.102530621,QIXnJ
A1610030,A161003001,2021-03-25,15250.0,2026-06-01T04:56:12Z,16,Donnée validée,10,Expertisée,20,Bonne,7.384986107,48.102530621,QIXnJ
A1610030,A161003001,2021-03-26,13389.0,2026-06-01T04:56:12Z,16,Donnée validée,10,Expertisée,20,Bonne,7.384986107,48.102530621,QIXnJ
A1610030,A161003001,2021-03-27,17066.0,2026-06-01T04:56:12Z,16,Donnée validée,10,Expertisée,20,Bonne,7.384986107,48.102530621,QIXnJ
A1610030,A161003001,2021-03-28,17011.0,2026-06-01T04:56:12Z,16,Donnée validée,10,Expertisée,20,Bonne,7.384986107,48.102530621,QIXnJ
A1610030,A161003001,2021-03-29,16681.0,2026-06-01T04:56:12Z,16,Donnée validée,10,Expertisée,20,Bonne,7.384986107,48.102530621,QIXnJ
A1610030,A161003001,2021-03-30,15250.0,2026-06-01T04:56:12Z,16,Donnée validée,10,Expertisée,20,Bonne,7.384986107,48.102530621,QIXnJ
A1610030,A161003001,2021-03-31,14045.0,2026-06-01T04:56:12Z,16,Donnée validée,10,Expertisée,20,Bonne,7.384986107,48.102530621,QIXnJ
A1610030,A161003001,2021-04-01,13651.0,2026-06-01T04:56:12Z,16,Donnée validée,10,Expertisée,20,Bonne,7.384986107,48.102530621,QIXnJ
A1610030,A161003001,2021-04-02,12232.0,2026-06-01T04:56:12Z,16,Donnée validée,10,Expertisée,20,Bonne,7.384986107,48.102530621,QIXnJ
A1610030,A161003001,2021-04-03,11423.0,2026-06-01T04:56:12Z,16,Donnée validée,10,Expertisée,20,Bonne,7.384986107,48.102530621,QIXnJ
A1610030,A161003001,2021-04-04,10637.0,2026-06-01T04:56:12Z,16,Donnée validée,10,Expertisée,20,Bonne,7.384986107,48.102530621,QIXnJ
A1610030,A161003001,2021-04-05,9779.0,2026-06-01T04:56:12Z,16,Donnée validée,10,Expertisée,20,Bonne,7.384986107,48.102530621,QIXnJ
A1610030,A161003001,2021-04-06,10024.0,2026-06-01T04:56:12Z,16,Donnée validée,10,Expertisée,20,Bonne,7.384986107,48.102530621,QIXnJ
A1610030,A161003001,2021-04-07,10060.0,2026-06-01T04:56:12Z,16,Donnée validée,10,Expertisée,20,Bonne,7.384986107,48.102530621,QIXnJ
A1610030,A161003001,2021-04-08,9498.0,2026-06-01T04:56:12Z,16,Donnée validée,10,Expertisée,20,Bonne,7.384986107,48.102530621,QIXnJ
A1610030,A161003001,2021-04-09,9744.0,2026-06-01T04:56:12Z,16,Donnée validée,10,Expertisée,20,Bonne,7.384986107,48.102530621,QIXnJ
A1610030,A161003001,2021-04-10,8199.0,2026-06-01T04:56:12Z,16,Donnée validée,10,Expertisée,20,Bonne,7.384986107,48.102530621,QIXnJ
A1610030,A161003001,2021-04-11,7777.0,2026-06-01T04:56:12Z,16,Donnée validée,10,Expertisée,20,Bonne,7.384986107,48.102530621,QIXnJ
A1610030,A161003001,2021-04-12,10855.0,2026-06-01T04:56:12Z,16,Donnée validée,10,Expertisée,20,Bonne,7.384986107,48.102530621,QIXnJ
A1610030,A161003001,2021-04-13,10095.0,2026-06-01T04:56:12Z,16,Donnée validée,10,Expertisée,20,Bonne,7.384986107,48.102530621,QIXnJ
A1610030,A161003001,2021-04-14,8831.0,2026-06-01T04:56:12Z,16,Donnée validée,10,Expertisée,20,Bonne,7.384986107,48.102530621,QIXnJ
A1610030,A161003001,2021-04-15,7707.0,2026-06-01T04:56:12Z,16,Donnée validée,10,Expertisée,20,Bonne,7.384986107,48.102530621,QIXnJ
A1610030,A161003001,2021-04-16,7286.0,2026-06-01T04:56:12Z,16,Donnée validée,10,Expertisée,20,Bonne,7.384986107,48.102530621,QIXnJ
A1610030,A161003001,2021-04-17,6827.0,2026-06-01T04:56:12Z,16,Donnée validée,10,Expertisée,20,Bonne,7.384986107,48.102530621,QIXnJ
A1610030,A161003001,2021-04-18,6759.0,2026-06-01T04:56:12Z,16,Donnée validée,10,Expertisée,20,Bonne,7.384986107,48.102530621,QIXnJ
A1610030,A161003001,2021-04-19,6268.0,2026-06-01T04:56:12Z,16,Donnée validée,10,Expertisée,20,Bonne,7.384986107,48.102530621,QIXnJ
A1610030,A161003001,2021-04-20,5952.0,2026-06-01T04:56:12Z,16,Donnée validée,10,Expertisée,20,Bonne,7.384986107,48.102530621,QIXnJ
A1610030,A161003001,2021-04-21,6478.0,2026-06-01T04:56:12Z,16,Donnée validée,10,Expertisée,20,Bonne,7.384986107,48.102530621,QIXnJ
A1610030,A161003001,2021-04-22,6549.0,2026-06-01T04:56:12Z,16,Donnée validée,10,Expertisée,20,Bonne,7.384986107,48.102530621,QIXnJ
A1610030,A161003001,2021-04-23,5048.0,2026-06-01T04:56:12Z,16,Donnée validée,10,Expertisée,20,Bonne,7.384986107,48.102530621,QIXnJ
A1610030,A161003001,2021-04-24,8164.0,2026-06-01T04:56:12Z,16,Donnée validée,10,Expertisée,20,Bonne,7.384986107,48.102530621,QIXnJ
A1610030,A161003001,2021-04-25,7918.0,2026-06-01T04:56:12Z,16,Donnée validée,10,Expertisée,20,Bonne,7.384986107,48.102530621,QIXnJ
A1610030,A161003001,2021-04-26,7672.0,2026-06-01T04:56:12Z,16,Donnée validée,10,Expertisée,20,Bonne,7.384986107,48.102530621,QIXnJ
A1610030,A161003001,2021-04-27,7637.0,2026-06-01T04:56:12Z,16,Donnée validée,10,Expertisée,20,Bonne,7.384986107,48.102530621,QIXnJ
A1610030,A161003001,2021-04-28,7461.0,2026-06-01T04:56:12Z,16,Donnée validée,10,Expertisée,20,Bonne,7.384986107,48.102530621,QIXnJ
A1610030,A161003001,2021-04-29,8164.0,2026-06-01T04:56:12Z,16,Donnée validée,10,Expertisée,20,Bonne,7.384986107,48.102530621,QIXnJ
A1610030,A161003001,2021-04-30,10986.0,2026-06-01T04:56:12Z,16,Donnée validée,10,Expertisée,20,Bonne,7.384986107,48.102530621,QIXnJ
A1610030,A161003001,2021-05-01,10024.0,2026-06-01T04:56:12Z,16,Donnée validée,10,Expertisée,20,Bonne,7.384986107,48.102530621,QIXnJ
A1610030,A161003001,2021-05-02,12778.0,2026-06-01T04:56:12Z,16,Donnée validée,10,Expertisée,20,Bonne,7.384986107,48.102530621,QIXnJ
A1610030,A161003001,2021-05-03,12253.0,2026-06-01T04:56:12Z,16,Donnée validée,10,Expertisée,20,Bonne,7.384986107,48.102530621,QIXnJ
A1610030,A161003001,2021-05-04,9954.0,2026-06-01T04:56:12Z,16,Donnée validée,10,Expertisée,20,Bonne,7.384986107,48.102530621,QIXnJ
A1610030,A161003001,2021-05-05,19157.0,2026-06-01T04:56:12Z,16,Donnée validée,10,Expertisée,20,Bonne,7.384986107,48.102530621,QIXnJ
A1610030,A161003001,2021-05-06,24910.0,2026-06-01T04:56:12Z,16,Donnée validée,10,Expertisée,20,Bonne,7.384986107,48.102530621,QIXnJ
A1610030,A161003001,2021-05-07,83698.0,2026-06-01T04:56:12Z,16,Donnée validée,10,Expertisée,20,Bonne,7.384986107,48.102530621,QIXnJ
A1610030,A161003001,2021-05-08,83954.0,2026-06-01T04:56:12Z,16,Donnée validée,10,Expertisée,20,Bonne,7.384986107,48.102530621,QIXnJ
A1610030,A161003001,2021-05-09,50751.0,2026-06-01T04:56:12Z,16,Donnée validée,10,Expertisée,20,Bonne,7.384986107,48.102530621,QIXnJ
A1610030,A161003001,2021-05-10,34829.0,2026-06-01T04:56:12Z,16,Donnée validée,10,Expertisée,20,Bonne,7.384986107,48.102530621,QIXnJ
A1610030,A161003001,2021-05-11,64310.0,2026-06-01T04:56:12Z,16,Donnée validée,10,Expertisée,20,Bonne,7.384986107,48.102530621,QIXnJ
A1610030,A161003001,2021-05-12,70559.0,2026-06-01T04:56:12Z,16,Donnée validée,10,Expertisée,20,Bonne,7.384986107,48.102530621,QIXnJ
A1610030,A161003001,2021-05-13,54040.0,2026-06-01T04:56:12Z,16,Donnée validée,10,Expertisée,20,Bonne,7.384986107,48.102530621,QIXnJ
A1610030,A161003001,2021-05-14,40061.0,2026-06-01T04:56:12Z,16,Donnée validée,10,Expertisée,20,Bonne,7.384986107,48.102530621,QIXnJ
A1610030,A161003001,2021-05-15,32081.0,2026-06-01T04:56:12Z,16,Donnée validée,10,Expertisée,20,Bonne,7.384986107,48.102530621,QIXnJ
A1610030,A161003001,2021-05-16,32646.0,2026-06-01T04:56:12Z,16,Donnée validée,10,Expertisée,20,Bonne,7.384986107,48.102530621,QIXnJ
A1610030,A161003001,2021-05-17,82955.0,2026-06-01T04:56:12Z,16,Donnée validée,10,Expertisée,20,Bonne,7.384986107,48.102530621,QIXnJ
A1610030,A161003001,2021-05-18,102656.0,2026-06-01T04:56:12Z,16,Donnée validée,10,Expertisée,20,Bonne,7.384986107,48.102530621,QIXnJ
A1610030,A161003001,2021-05-19,100114.0,2026-06-01T04:56:12Z,16,Donnée validée,10,Expertisée,20,Bonne,7.384986107,48.102530621,QIXnJ
A1610030,A161003001,2021-05-20,73730.0,2026-06-01T04:56:12Z,16,Donnée validée,10,Expertisée,20,Bonne,7.384986107,48.102530621,QIXnJ
A1610030,A161003001,2021-05-21,57235.0,2026-06-01T04:56:12Z,16,Donnée validée,10,Expertisée,20,Bonne,7.384986107,48.102530621,QIXnJ
A1610030,A161003001,2021-05-22,62364.0,2026-06-01T04:56:12Z,16,Donnée validée,10,Expertisée,20,Bonne,7.384986107,48.102530621,QIXnJ
A1610030,A161003001,2021-05-23,56587.0,2026-06-01T04:56:12Z,16,Donnée validée,10,Expertisée,20,Bonne,7.384986107,48.102530621,QIXnJ
A1610030,A161003001,2021-05-24,39109.0,2026-06-01T04:56:12Z,16,Donnée validée,10,Expertisée,20,Bonne,7.384986107,48.102530621,QIXnJ
A1610030,A161003001,2021-05-25,32279.0,2026-06-01T04:56:12Z,16,Donnée validée,10,Expertisée,20,Bonne,7.384986107,48.102530621,QIXnJ
A1610030,A161003001,2021-05-26,28878.0,2026-06-01T04:56:12Z,16,Donnée validée,10,Expertisée,20,Bonne,7.384986107,48.102530621,QIXnJ
A1610030,A161003001,2021-05-27,29502.0,2026-06-01T04:56:12Z,16,Donnée validée,10,Expertisée,20,Bonne,7.384986107,48.102530621,QIXnJ
A1610030,A161003001,2021-05-28,28517.0,2026-06-01T04:56:12Z,16,Donnée validée,10,Expertisée,20,Bonne,7.384986107,48.102530621,QIXnJ
A1610030,A161003001,2021-05-29,25023.0,2026-06-01T04:56:12Z,16,Donnée validée,10,Expertisée,20,Bonne,7.384986107,48.102530621,QIXnJ
A1610030,A161003001,2021-05-30,21523.0,2026-06-01T04:56:12Z,16,Donnée validée,10,Expertisée,20,Bonne,7.384986107,48.102530621,QIXnJ
A1610030,A161003001,2021-05-31,18717.0,2026-06-01T04:56:12Z,16,Donnée validée,10,Expertisée,20,Bonne,7.384986107,48.102530621,QIXnJ
A1610030,A161003001,2021-06-01,16406.0,2026-06-01T04:56:12Z,16,Donnée validée,10,Expertisée,20,Bonne,7.384986107,48.102530621,QIXnJ
A1610030,A161003001,2021-06-02,14650.0,2026-06-01T04:56:12Z,16,Donnée validée,10,Expertisée,20,Bonne,7.384986107,48.102530621,QIXnJ
A1610030,A161003001,2021-06-03,15856.0,2026-06-01T04:56:12Z,16,Donnée validée,10,Expertisée,20,Bonne,7.384986107,48.102530621,QIXnJ
A1610030,A161003001,2021-06-04,22789.0,2026-06-01T04:56:12Z,16,Donnée validée,10,Expertisée,20,Bonne,7.384986107,48.102530621,QIXnJ
A1610030,A161003001,2021-06-05,17837.0,2026-06-01T04:56:12Z,16,Donnée validée,10,Expertisée,20,Bonne,7.384986107,48.102530621,QIXnJ
A1610030,A161003001,2021-06-06,16837.0,2026-06-01T04:56:12Z,16,Donnée validée,10,Expertisée,20,Bonne,7.384986107,48.102530621,QIXnJ
A1610030,A161003001,2021-06-07,14207.0,2026-06-01T04:56:12Z,16,Donnée validée,10,Expertisée,20,Bonne,7.384986107,48.102530621,QIXnJ
A1610030,A161003001,2021-06-08,14001.0,2026-06-01T04:56:12Z,16,Donnée validée,10,Expertisée,20,Bonne,7.384986107,48.102530621,QIXnJ
A1610030,A161003001,2021-06-09,38305.0,2026-06-01T04:56:12Z,16,Donnée validée,10,Expertisée,20,Bonne,7.384986107,48.102530621,QIXnJ
A1610030,A161003001,2021-06-10,34837.0,2026-06-01T04:56:12Z,16,Donnée validée,10,Expertisée,20,Bonne,7.384986107,48.102530621,QIXnJ
A1610030,A161003001,2021-06-11,25045.0,2026-06-01T04:56:12Z,16,Donnée validée,10,Expertisée,20,Bonne,7.384986107,48.102530621,QIXnJ
A1610030,A161003001,2021-06-12,18929.0,2026-06-01T04:56:12Z,16,Donnée validée,10,Expertisée,20,Bonne,7.384986107,48.102530621,QIXnJ
A1610030,A161003001,2021-06-13,15301.0,2026-06-01T04:56:12Z,16,Donnée validée,10,Expertisée,20,Bonne,7.384986107,48.102530621,QIXnJ
A1610030,A161003001,2021-06-14,12946.0,2026-06-01T04:56:12Z,16,Donnée validée,10,Expertisée,20,Bonne,7.384986107,48.102530621,QIXnJ
A1610030,A161003001,2021-06-15,11380.0,2026-06-01T04:56:12Z,16,Donnée validée,10,Expertisée,20,Bonne,7.384986107,48.102530621,QIXnJ
A1610030,A161003001,2021-06-16,10208.0,2026-06-01T04:56:12Z,16,Donnée validée,10,Expertisée,20,Bonne,7.384986107,48.102530621,QIXnJ
A1610030,A161003001,2021-06-17,9305.0,2026-06-01T04:56:12Z,16,Donnée validée,10,Expertisée,20,Bonne,7.384986107,48.102530621,QIXnJ
A1610030,A161003001,2021-06-18,8872.0,2026-06-01T04:56:12Z,16,Donnée validée,10,Expertisée,20,Bonne,7.384986107,48.102530621,QIXnJ
A1610030,A161003001,2021-06-19,8157.0,2026-06-01T04:56:12Z,16,Donnée validée,10,Expertisée,20,Bonne,7.384986107,48.102530621,QIXnJ
A1610030,A161003001,2021-06-20,17837.0,2026-06-01T04:56:12Z,16,Donnée validée,10,Expertisée,20,Bonne,7.384986107,48.102530621,QIXnJ
A1610030,A161003001,2021-06-21,29607.0,2026-06-01T04:56:12Z,16,Donnée validée,10,Expertisée,20,Bonne,7.384986107,48.102530621,QIXnJ
A1610030,A161003001,2021-06-22,17506.0,2026-06-01T04:56:12Z,16,Donnée validée,10,Expertisée,20,Bonne,7.384986107,48.102530621,QIXnJ
A1610030,A161003001,2021-06-23,15369.0,2026-06-01T04:56:12Z,16,Donnée validée,10,Expertisée,20,Bonne,7.384986107,48.102530621,QIXnJ
A1610030,A161003001,2021-06-24,13695.0,2026-06-01T04:56:12Z,16,Donnée validée,10,Expertisée,20,Bonne,7.384986107,48.102530621,QIXnJ
A1610030,A161003001,2021-06-25,13040.0,2026-06-01T04:56:12Z,16,Donnée validée,10,Expertisée,20,Bonne,7.384986107,48.102530621,QIXnJ
A1610030,A161003001,2021-06-26,10165.0,2026-06-01T04:56:12Z,16,Donnée validée,10,Expertisée,20,Bonne,7.384986107,48.102530621,QIXnJ
A1610030,A161003001,2021-06-27,8772.0,2026-06-01T04:56:12Z,16,Donnée validée,10,Expertisée,20,Bonne,7.384986107,48.102530621,QIXnJ
A1610030,A161003001,2021-06-28,13477.0,2026-06-01T04:56:12Z,16,Donnée validée,10,Expertisée,20,Bonne,7.384986107,48.102530621,QIXnJ
A1610030,A161003001,2021-06-29,24605.0,2026-06-01T04:56:12Z,16,Donnée validée,10,Expertisée,20,Bonne,7.384986107,48.102530621,QIXnJ
A1610030,A161003001,2021-06-30,31807.0,2026-06-01T04:56:12Z,16,Donnée validée,10,Expertisée,20,Bonne,7.384986107,48.102530621,QIXnJ
A1610030,A161003001,2021-07-01,21388.0,2026-06-01T04:56:12Z,16,Donnée validée,10,Expertisée,20,Bonne,7.384986107,48.102530621,QIXnJ
A1610030,A161003001,2021-07-02,19540.0,2026-06-01T04:56:12Z,16,Donnée validée,10,Expertisée,20,Bonne,7.384986107,48.102530621,QIXnJ
A1610030,A161003001,2021-07-03,14700.0,2026-06-01T04:56:12Z,16,Donnée validée,10,Expertisée,20,Bonne,7.384986107,48.102530621,QIXnJ
A1610030,A161003001,2021-07-04,13083.0,2026-06-01T04:56:12Z,16,Donnée validée,10,Expertisée,20,Bonne,7.384986107,48.102530621,QIXnJ
A1610030,A161003001,2021-07-05,16626.0,2026-06-01T04:56:12Z,16,Donnée validée,10,Expertisée,20,Bonne,7.384986107,48.102530621,QIXnJ
A1610030,A161003001,2021-07-06,22569.0,2026-06-01T04:56:12Z,16,Donnée validée,10,Expertisée,20,Bonne,7.384986107,48.102530621,QIXnJ
A1610030,A161003001,2021-07-07,29345.0,2026-06-01T04:56:12Z,16,Donnée validée,10,Expertisée,20,Bonne,7.384986107,48.102530621,QIXnJ
A1610030,A161003001,2021-07-08,26109.0,2026-06-01T04:56:12Z,16,Donnée validée,10,Expertisée,20,Bonne,7.384986107,48.102530621,QIXnJ
A1610030,A161003001,2021-07-09,21331.0,2026-06-01T04:56:12Z,16,Donnée validée,10,Expertisée,20,Bonne,7.384986107,48.102530621,QIXnJ
A1610030,A161003001,2021-07-10,17892.0,2026-06-01T04:56:12Z,16,Donnée validée,10,Expertisée,20,Bonne,7.384986107,48.102530621,QIXnJ
A1610030,A161003001,2021-07-11,21303.0,2026-06-01T04:56:12Z,16,Donnée validée,10,Expertisée,20,Bonne,7.384986107,48.102530621,QIXnJ
A1610030,A161003001,2021-07-12,19263.0,2026-06-01T04:56:12Z,16,Donnée validée,10,Expertisée,20,Bonne,7.384986107,48.102530621,QIXnJ
A1610030,A161003001,2021-07-13,91009.0,2026-06-01T04:56:12Z,16,Donnée validée,10,Expertisée,20,Bonne,7.384986107,48.102530621,QIXnJ
A1610030,A161003001,2021-07-14,96733.0,2026-06-01T04:56:12Z,16,Donnée validée,10,Expertisée,20,Bonne,7.384986107,48.102530621,QIXnJ
A1610030,A161003001,2021-07-15,101192.0,2026-06-01T04:56:12Z,16,Donnée validée,10,Expertisée,20,Bonne,7.384986107,48.102530621,QIXnJ
A1610030,A161003001,2021-07-16,111642.0,2026-06-01T04:56:12Z,16,Donnée validée,10,Expertisée,20,Bonne,7.384986107,48.102530621,QIXnJ
A1610030,A161003001,2021-07-17,107071.0,2026-06-01T04:56:12Z,16,Donnée validée,10,Expertisée,20,Bonne,7.384986107,48.102530621,QIXnJ
A1610030,A161003001,2021-07-18,70323.0,2026-06-01T04:56:12Z,16,Donnée validée,10,Expertisée,20,Bonne,7.384986107,48.102530621,QIXnJ
A1610030,A161003001,2021-07-19,49955.0,2026-06-01T04:56:12Z,16,Donnée validée,10,Expertisée,20,Bonne,7.384986107,48.102530621,QIXnJ
A1610030,A161003001,2021-07-20,39209.0,2026-06-01T04:56:12Z,16,Donnée validée,10,Expertisée,20,Bonne,7.384986107,48.102530621,QIXnJ
A1610030,A161003001,2021-07-21,31257.0,2026-06-01T04:56:12Z,16,Donnée validée,10,Expertisée,20,Bonne,7.384986107,48.102530621,QIXnJ
A1610030,A161003001,2021-07-22,26672.0,2026-06-01T04:56:12Z,16,Donnée validée,10,Expertisée,20,Bonne,7.384986107,48.102530621,QIXnJ
A1610030,A161003001,2021-07-23,24770.0,2026-06-01T04:56:12Z,16,Donnée validée,10,Expertisée,20,Bonne,7.384986107,48.102530621,QIXnJ
A1610030,A161003001,2021-07-24,21303.0,2026-06-01T04:56:12Z,16,Donnée validée,10,Expertisée,20,Bonne,7.384986107,48.102530621,QIXnJ
A1610030,A161003001,2021-07-25,26724.0,2026-06-01T04:56:12Z,16,Donnée validée,10,Expertisée,20,Bonne,7.384986107,48.102530621,QIXnJ
A1610030,A161003001,2021-07-26,22514.0,2026-06-01T04:56:12Z,16,Donnée validée,10,Expertisée,20,Bonne,7.384986107,48.102530621,QIXnJ
A1610030,A161003001,2021-07-27,18847.0,2026-06-01T04:56:12Z,16,Donnée validée,10,Expertisée,20,Bonne,7.384986107,48.102530621,QIXnJ
A1610030,A161003001,2021-07-28,15746.0,2026-06-01T04:56:12Z,16,Donnée validée,10,Expertisée,20,Bonne,7.384986107,48.102530621,QIXnJ
A1610030,A161003001,2021-07-29,14755.0,2026-06-01T04:56:12Z,16,Donnée validée,10,Expertisée,20,Bonne,7.384986107,48.102530621,QIXnJ
A1610030,A161003001,2021-07-30,13608.0,2026-06-01T04:56:12Z,16,Donnée validée,10,Expertisée,20,Bonne,7.384986107,48.102530621,QIXnJ
A1610030,A161003001,2021-07-31,13127.0,2026-06-01T04:56:12Z,16,Donnée validée,10,Expertisée,20,Bonne,7.384986107,48.102530621,QIXnJ
A1610030,A161003001,2021-08-01,14968.0,2026-06-01T04:56:12Z,16,Donnée validée,10,Expertisée,20,Bonne,7.384986107,48.102530621,QIXnJ
A1610030,A161003001,2021-08-02,17892.0,2026-06-01T04:56:12Z,16,Donnée validée,10,Expertisée,20,Bonne,7.384986107,48.102530621,QIXnJ
A1610030,A161003001,2021-08-03,15250.0,2026-06-01T04:56:12Z,16,Donnée validée,10,Expertisée,20,Bonne,7.384986107,48.102530621,QIXnJ
A1610030,A161003001,2021-08-04,14482.0,2026-06-01T04:56:12Z,16,Donnée validée,10,Expertisée,20,Bonne,7.384986107,48.102530621,QIXnJ
A1610030,A161003001,2021-08-05,14263.0,2026-06-01T04:56:12Z,16,Donnée validée,10,Expertisée,20,Bonne,7.384986107,48.102530621,QIXnJ
A1610030,A161003001,2021-08-06,17396.0,2026-06-01T04:56:12Z,16,Donnée validée,10,Expertisée,20,Bonne,7.384986107,48.102530621,QIXnJ
A1610030,A161003001,2021-08-07,21853.0,2026-06-01T04:56:12Z,16,Donnée validée,10,Expertisée,20,Bonne,7.384986107,48.102530621,QIXnJ
A1610030,A161003001,2021-08-08,36104.0,2026-06-01T04:56:12Z,16,Donnée validée,10,Expertisée,20,Bonne,7.384986107,48.102530621,QIXnJ
A1610030,A161003001,2021-08-09,25631.0,2026-06-01T04:56:12Z,16,Donnée validée,10,Expertisée,20,Bonne,7.384986107,48.102530621,QIXnJ
A1610030,A161003001,2021-08-10,17231.0,2026-06-01T04:56:12Z,16,Donnée validée,10,Expertisée,20,Bonne,7.384986107,48.102530621,QIXnJ
A1610030,A161003001,2021-08-11,14045.0,2026-06-01T04:56:12Z,16,Donnée validée,10,Expertisée,20,Bonne,7.384986107,48.102530621,QIXnJ
A1610030,A161003001,2021-08-12,14307.0,2026-06-01T04:56:12Z,16,Donnée validée,10,Expertisée,20,Bonne,7.384986107,48.102530621,QIXnJ
A1610030,A161003001,2021-08-13,11161.0,2026-06-01T04:56:12Z,16,Donnée validée,10,Expertisée,20,Bonne,7.384986107,48.102530621,QIXnJ
A1610030,A161003001,2021-08-14,9863.0,2026-06-01T04:56:12Z,16,Donnée validée,10,Expertisée,20,Bonne,7.384986107,48.102530621,QIXnJ
A1610030,A161003001,2021-08-15,9287.0,2026-06-01T04:56:12Z,16,Donnée validée,10,Expertisée,20,Bonne,7.384986107,48.102530621,QIXnJ
A1610030,A161003001,2021-08-16,12690.0,2026-06-01T04:56:12Z,16,Donnée validée,10,Expertisée,20,Bonne,7.384986107,48.102530621,QIXnJ
A1610030,A161003001,2021-08-17,8269.0,2026-06-01T04:56:12Z,16,Donnée validée,10,Expertisée,20,Bonne,7.384986107,48.102530621,QIXnJ
A1610030,A161003001,2021-08-18,8234.0,2026-06-01T04:56:12Z,16,Donnée validée,10,Expertisée,20,Bonne,7.384986107,48.102530621,QIXnJ
A1610030,A161003001,2021-08-19,7988.0,2026-06-01T04:56:12Z,16,Donnée validée,10,Expertisée,20,Bonne,7.384986107,48.102530621,QIXnJ
A1610030,A161003001,2021-08-20,8199.0,2026-06-01T04:56:12Z,16,Donnée validée,10,Expertisée,20,Bonne,7.384986107,48.102530621,QIXnJ
A1610030,A161003001,2021-08-21,7918.0,2026-06-01T04:56:12Z,16,Donnée validée,10,Expertisée,20,Bonne,7.384986107,48.102530621,QIXnJ
A1610030,A161003001,2021-08-22,8339.0,2026-06-01T04:56:12Z,16,Donnée validée,10,Expertisée,20,Bonne,7.384986107,48.102530621,QIXnJ
A1610030,A161003001,2021-08-23,8936.0,2026-06-01T04:56:12Z,16,Donnée validée,10,Expertisée,20,Bonne,7.384986107,48.102530621,QIXnJ
A1610030,A161003001,2021-08-24,8550.0,2026-06-01T04:56:12Z,16,Donnée validée,10,Expertisée,20,Bonne,7.384986107,48.102530621,QIXnJ
A1610030,A161003001,2021-08-25,8374.0,2026-06-01T04:56:12Z,16,Donnée validée,10,Expertisée,20,Bonne,7.384986107,48.102530621,QIXnJ
A1610030,A161003001,2021-08-26,8058.0,2026-06-01T04:56:12Z,16,Donnée validée,10,Expertisée,20,Bonne,7.384986107,48.102530621,QIXnJ
A1610030,A161003001,2021-08-27,8023.0,2026-06-01T04:56:12Z,16,Donnée validée,10,Expertisée,20,Bonne,7.384986107,48.102530621,QIXnJ
A1610030,A161003001,2021-08-28,8129.0,2026-06-01T04:56:12Z,16,Donnée validée,10,Expertisée,20,Bonne,7.384986107,48.102530621,QIXnJ
A1610030,A161003001,2021-08-29,8304.0,2026-06-01T04:56:12Z,16,Donnée validée,10,Expertisée,20,Bonne,7.384986107,48.102530621,QIXnJ
A1610030,A161003001,2021-08-30,7777.0,2026-06-01T04:56:12Z,16,Donnée validée,10,Expertisée,20,Bonne,7.384986107,48.102530621,QIXnJ
A1610030,A161003001,2021-08-31,8023.0,2026-06-01T04:56:12Z,16,Donnée validée,10,Expertisée,20,Bonne,7.384986107,48.102530621,QIXnJ
A1610030,A161003001,2021-09-01,7251.0,2026-06-01T04:56:12Z,16,Donnée validée,8,Calculée,20,Bonne,7.384986107,48.102530621,QIXnJ
A1610030,A161003001,2021-09-02,6443.0,2026-06-01T04:56:12Z,16,Donnée validée,8,Calculée,20,Bonne,7.384986107,48.102530621,QIXnJ
A1610030,A161003001,2021-09-03,6057.0,2026-06-01T04:56:12Z,16,Donnée validée,8,Calculée,20,Bonne,7.384986107,48.102530621,QIXnJ
A1610030,A161003001,2021-09-04,5741.0,2026-06-01T04:56:12Z,16,Donnée validée,8,Calculée,20,Bonne,7.384986107,48.102530621,QIXnJ
A1610030,A161003001,2021-09-05,5425.0,2026-06-01T04:56:12Z,16,Donnée validée,8,Calculée,20,Bonne,7.384986107,48.102530621,QIXnJ
A1610030,A161003001,2021-09-06,6373.0,2026-06-01T04:56:12Z,16,Donnée validée,8,Calculée,20,Bonne,7.384986107,48.102530621,QIXnJ
A1610030,A161003001,2021-09-07,6443.0,2026-06-01T04:56:12Z,16,Donnée validée,8,Calculée,20,Bonne,7.384986107,48.102530621,QIXnJ
A1610030,A161003001,2021-09-08,7426.0,2026-06-01T04:56:12Z,16,Donnée validée,8,Calculée,20,Bonne,7.384986107,48.102530621,QIXnJ
A1610030,A161003001,2021-09-09,7497.0,2026-06-01T04:56:12Z,16,Donnée validée,8,Calculée,20,Bonne,7.384986107,48.102530621,QIXnJ
A1610030,A161003001,2021-09-10,7356.0,2026-06-01T04:56:12Z,16,Donnée validée,8,Calculée,20,Bonne,7.384986107,48.102530621,QIXnJ
A1610030,A161003001,2021-09-11,12384.0,2026-06-01T04:56:12Z,16,Donnée validée,8,Calculée,20,Bonne,7.384986107,48.102530621,QIXnJ
A1610030,A161003001,2021-09-12,7567.0,2026-06-01T04:56:12Z,16,Donnée validée,8,Calculée,20,Bonne,7.384986107,48.102530621,QIXnJ
A1610030,A161003001,2021-09-13,7426.0,2026-06-01T04:56:12Z,16,Donnée validée,8,Calculée,20,Bonne,7.384986107,48.102530621,QIXnJ
A1610030,A161003001,2021-09-14,7426.0,2026-06-01T04:56:12Z,16,Donnée validée,8,Calculée,20,Bonne,7.384986107,48.102530621,QIXnJ
A1610030,A161003001,2021-09-15,7602.0,2026-06-01T04:56:12Z,16,Donnée validée,8,Calculée,20,Bonne,7.384986107,48.102530621,QIXnJ
A1610030,A161003001,2021-09-16,8129.0,2026-06-01T04:56:12Z,16,Donnée validée,8,Calculée,20,Bonne,7.384986107,48.102530621,QIXnJ
A1610030,A161003001,2021-09-17,8199.0,2026-06-01T04:56:12Z,16,Donnée validée,8,Calculée,20,Bonne,7.384986107,48.102530621,QIXnJ
A1610030,A161003001,2021-09-18,7953.0,2026-06-01T04:56:12Z,16,Donnée validée,8,Calculée,20,Bonne,7.384986107,48.102530621,QIXnJ
A1610030,A161003001,2021-09-19,7988.0,2026-06-01T04:56:12Z,16,Donnée validée,8,Calculée,20,Bonne,7.384986107,48.102530621,QIXnJ
A1610030,A161003001,2021-09-20,8901.0,2026-06-01T04:56:12Z,16,Donnée validée,10,Expertisée,20,Bonne,7.384986107,48.102530621,QIXnJ
A1610030,A161003001,2021-09-21,8831.0,2026-06-01T04:56:12Z,16,Donnée validée,10,Expertisée,20,Bonne,7.384986107,48.102530621,QIXnJ
A1610030,A161003001,2021-09-22,8023.0,2026-06-01T04:56:12Z,16,Donnée validée,10,Expertisée,20,Bonne,7.384986107,48.102530621,QIXnJ
A1610030,A161003001,2021-09-23,7953.0,2026-06-01T04:56:12Z,16,Donnée validée,10,Expertisée,20,Bonne,7.384986107,48.102530621,QIXnJ
A1610030,A161003001,2021-09-24,7848.0,2026-06-01T04:56:12Z,16,Donnée validée,10,Expertisée,20,Bonne,7.384986107,48.102530621,QIXnJ
A1610030,A161003001,2021-09-25,7883.0,2026-06-01T04:56:12Z,16,Donnée validée,10,Expertisée,20,Bonne,7.384986107,48.102530621,QIXnJ
A1610030,A161003001,2021-09-26,7918.0,2026-06-01T04:56:12Z,16,Donnée validée,10,Expertisée,20,Bonne,7.384986107,48.102530621,QIXnJ
A1610030,A161003001,2021-09-27,8761.0,2026-06-01T04:56:12Z,16,Donnée validée,10,Expertisée,20,Bonne,7.384986107,48.102530621,QIXnJ
A1610030,A161003001,2021-09-28,8129.0,2026-06-01T04:56:12Z,16,Donnée validée,10,Expertisée,20,Bonne,7.384986107,48.102530621,QIXnJ
A1610030,A161003001,2021-09-29,8093.0,2026-06-01T04:56:12Z,16,Donnée validée,10,Expertisée,20,Bonne,7.384986107,48.102530621,QIXnJ
A1610030,A161003001,2021-09-30,8164.0,2026-06-01T04:56:12Z,16,Donnée validée,10,Expertisée,20,Bonne,7.384986107,48.102530621,QIXnJ
A1610030,A161003001,2021-10-01,7855.0,2026-06-01T04:56:12Z,16,Donnée validée,10,Expertisée,20,Bonne,7.384986107,48.102530621,QIXnJ
A1610030,A161003001,2021-10-02,7777.0,2026-06-01T04:56:12Z,16,Donnée validée,10,Expertisée,20,Bonne,7.384986107,48.102530621,QIXnJ
A1610030,A161003001,2021-10-03,7742.0,2026-06-01T04:56:12Z,16,Donnée validée,10,Expertisée,20,Bonne,7.384986107,48.102530621,QIXnJ
A1610030,A161003001,2021-10-04,9919.0,2026-06-01T04:56:12Z,16,Donnée validée,10,Expertisée,20,Bonne,7.384986107,48.102530621,QIXnJ
A1610030,A161003001,2021-10-05,10768.0,2026-06-01T04:56:12Z,16,Donnée validée,10,Expertisée,20,Bonne,7.384986107,48.102530621,QIXnJ
A1610030,A161003001,2021-10-06,10024.0,2026-06-01T04:56:12Z,16,Donnée validée,10,Expertisée,20,Bonne,7.384986107,48.102530621,QIXnJ
A1610030,A161003001,2021-10-07,10060.0,2026-06-01T04:56:12Z,16,Donnée validée,10,Expertisée,20,Bonne,7.384986107,48.102530621,QIXnJ
A1610030,A161003001,2021-10-08,9638.0,2026-06-01T04:56:12Z,16,Donnée validée,10,Expertisée,20,Bonne,7.384986107,48.102530621,QIXnJ
A1610030,A161003001,2021-10-09,9112.0,2026-06-01T04:56:12Z,16,Donnée validée,10,Expertisée,20,Bonne,7.384986107,48.102530621,QIXnJ
A1610030,A161003001,2021-10-10,8690.0,2026-06-01T04:56:12Z,16,Donnée validée,10,Expertisée,20,Bonne,7.384986107,48.102530621,QIXnJ
A1610030,A161003001,2021-10-11,8445.0,2026-06-01T04:56:12Z,16,Donnée validée,8,Calculée,20,Bonne,7.384986107,48.102530621,QIXnJ
A1610030,A161003001,2021-10-12,8409.0,2026-06-01T04:56:12Z,16,Donnée validée,8,Calculée,20,Bonne,7.384986107,48.102530621,QIXnJ
A1610030,A161003001,2021-10-13,8409.0,2026-06-01T04:56:12Z,16,Donnée validée,8,Calculée,20,Bonne,7.384986107,48.102530621,QIXnJ
A1610030,A161003001,2021-10-14,8409.0,2026-06-01T04:56:12Z,16,Donnée validée,8,Calculée,20,Bonne,7.384986107,48.102530621,QIXnJ
A1610030,A161003001,2021-10-15,8445.0,2026-06-01T04:56:12Z,16,Donnée validée,8,Calculée,20,Bonne,7.384986107,48.102530621,QIXnJ
A1610030,A161003001,2021-10-16,8339.0,2026-06-01T04:56:12Z,16,Donnée validée,8,Calculée,20,Bonne,7.384986107,48.102530621,QIXnJ
A1610030,A161003001,2021-10-17,8339.0,2026-06-01T04:56:12Z,16,Donnée validée,8,Calculée,20,Bonne,7.384986107,48.102530621,QIXnJ
A1610030,A161003001,2021-10-18,8409.0,2026-06-01T04:56:12Z,16,Donnée validée,8,Calculée,20,Bonne,7.384986107,48.102530621,QIXnJ
A1610030,A161003001,2021-10-19,8761.0,2026-06-01T04:56:12Z,16,Donnée validée,8,Calculée,20,Bonne,7.384986107,48.102530621,QIXnJ
A1610030,A161003001,2021-10-20,8620.0,2026-06-01T04:56:12Z,16,Donnée validée,8,Calculée,20,Bonne,7.384986107,48.102530621,QIXnJ
A1610030,A161003001,2021-10-21,8269.0,2026-06-01T04:56:12Z,16,Donnée validée,8,Calculée,20,Bonne,7.384986107,48.102530621,QIXnJ
A1610030,A161003001,2021-10-22,8480.0,2026-06-01T04:56:12Z,16,Donnée validée,8,Calculée,20,Bonne,7.384986107,48.102530621,QIXnJ
A1610030,A161003001,2021-10-23,8287.0,2026-06-01T04:56:12Z,16,Donnée validée,8,Calculée,20,Bonne,7.384986107,48.102530621,QIXnJ
A1610030,A161003001,2021-10-24,8058.0,2026-06-01T04:56:12Z,16,Donnée validée,8,Calculée,20,Bonne,7.384986107,48.102530621,QIXnJ
A1610030,A161003001,2021-10-25,8234.0,2026-06-01T04:56:12Z,16,Donnée validée,8,Calculée,20,Bonne,7.384986107,48.102530621,QIXnJ
A1610030,A161003001,2021-10-26,7918.0,2026-06-01T04:56:12Z,16,Donnée validée,8,Calculée,20,Bonne,7.384986107,48.102530621,QIXnJ
A1610030,A161003001,2021-10-27,7883.0,2026-06-01T04:56:12Z,16,Donnée validée,8,Calculée,20,Bonne,7.384986107,48.102530621,QIXnJ
A1610030,A161003001,2021-10-28,7988.0,2026-06-01T04:56:12Z,16,Donnée validée,8,Calculée,20,Bonne,7.384986107,48.102530621,QIXnJ
A1610030,A161003001,2021-10-29,7918.0,2026-06-01T04:56:12Z,16,Donnée validée,8,Calculée,20,Bonne,7.384986107,48.102530621,QIXnJ
A1610030,A161003001,2021-10-30,8093.0,2026-06-01T04:56:12Z,16,Donnée validée,8,Calculée,20,Bonne,7.384986107,48.102530621,QIXnJ
A1610030,A161003001,2021-10-31,8480.0,2026-06-01T04:56:12Z,16,Donnée validée,8,Calculée,20,Bonne,7.384986107,48.102530621,QIXnJ
A1610030,A161003001,2021-11-01,9964.0,2026-06-01T04:56:12Z,16,Donnée validée,8,Calculée,20,Bonne,7.384986107,48.102530621,QIXnJ
A1610030,A161003001,2021-11-02,11860.0,2026-06-01T04:56:12Z,16,Donnée validée,8,Calculée,20,Bonne,7.384986107,48.102530621,QIXnJ
A1610030,A161003001,2021-11-03,17231.0,2026-06-01T04:56:12Z,16,Donnée validée,8,Calculée,20,Bonne,7.384986107,48.102530621,QIXnJ
A1610030,A161003001,2021-11-04,18222.0,2026-06-01T04:56:12Z,16,Donnée validée,8,Calculée,20,Bonne,7.384986107,48.102530621,QIXnJ
A1610030,A161003001,2021-11-05,16736.0,2026-06-01T04:56:12Z,16,Donnée validée,8,Calculée,20,Bonne,7.384986107,48.102530621,QIXnJ
A1610030,A161003001,2021-11-06,15140.0,2026-06-01T04:56:12Z,16,Donnée validée,8,Calculée,20,Bonne,7.384986107,48.102530621,QIXnJ
A1610030,A161003001,2021-11-07,13468.0,2026-06-01T04:56:12Z,16,Donnée validée,8,Calculée,20,Bonne,7.384986107,48.102530621,QIXnJ
A1610030,A161003001,2021-11-08,12166.0,2026-06-01T04:56:12Z,16,Donnée validée,8,Calculée,20,Bonne,7.384986107,48.102530621,QIXnJ
A1610030,A161003001,2021-11-09,11249.0,2026-06-01T04:56:12Z,16,Donnée validée,8,Calculée,20,Bonne,7.384986107,48.102530621,QIXnJ
A1610030,A161003001,2021-11-10,10724.0,2026-06-01T04:56:12Z,16,Donnée validée,8,Calculée,20,Bonne,7.384986107,48.102530621,QIXnJ
A1610030,A161003001,2021-11-11,10375.0,2026-06-01T04:56:12Z,16,Donnée validée,8,Calculée,20,Bonne,7.384986107,48.102530621,QIXnJ
A1610030,A161003001,2021-11-12,9989.0,2026-06-01T04:56:12Z,16,Donnée validée,8,Calculée,20,Bonne,7.384986107,48.102530621,QIXnJ
A1610030,A161003001,2021-11-13,9849.0,2026-06-01T04:56:12Z,16,Donnée validée,8,Calculée,20,Bonne,7.384986107,48.102530621,QIXnJ
A1610030,A161003001,2021-11-14,10095.0,2026-06-01T04:56:12Z,16,Donnée validée,8,Calculée,20,Bonne,7.384986107,48.102530621,QIXnJ
A1610030,A161003001,2021-11-15,12778.0,2026-06-01T04:56:12Z,16,Donnée validée,8,Calculée,20,Bonne,7.384986107,48.102530621,QIXnJ
A1610030,A161003001,2021-11-16,9498.0,2026-06-01T04:56:12Z,16,Donnée validée,8,Calculée,20,Bonne,7.384986107,48.102530621,QIXnJ
A1610030,A161003001,2021-11-17,9357.0,2026-06-01T04:56:12Z,16,Donnée validée,8,Calculée,20,Bonne,7.384986107,48.102530621,QIXnJ
A1610030,A161003001,2021-11-18,9182.0,2026-06-01T04:56:12Z,16,Donnée validée,8,Calculée,20,Bonne,7.384986107,48.102530621,QIXnJ
A1610030,A161003001,2021-11-19,8761.0,2026-06-01T04:56:12Z,16,Donnée validée,8,Calculée,20,Bonne,7.384986107,48.102530621,QIXnJ
A1610030,A161003001,2021-11-20,8585.0,2026-06-01T04:56:12Z,16,Donnée validée,8,Calculée,20,Bonne,7.384986107,48.102530621,QIXnJ
A1610030,A161003001,2021-11-21,8620.0,2026-06-01T04:56:12Z,16,Donnée validée,8,Calculée,20,Bonne,7.384986107,48.102530621,QIXnJ
A1610030,A161003001,2021-11-22,8690.0,2026-06-01T04:56:12Z,16,Donnée validée,8,Calculée,20,Bonne,7.384986107,48.102530621,QIXnJ
A1610030,A161003001,2021-11-23,8620.0,2026-06-01T04:56:12Z,16,Donnée validée,8,Calculée,20,Bonne,7.384986107,48.102530621,QIXnJ
A1610030,A161003001,2021-11-24,8585.0,2026-06-01T04:56:12Z,16,Donnée validée,8,Calculée,20,Bonne,7.384986107,48.102530621,QIXnJ
A1610030,A161003001,2021-11-25,8445.0,2026-06-01T04:56:12Z,16,Donnée validée,8,Calculée,20,Bonne,7.384986107,48.102530621,QIXnJ
A1610030,A161003001,2021-11-26,8515.0,2026-06-01T04:56:12Z,16,Donnée validée,8,Calculée,20,Bonne,7.384986107,48.102530621,QIXnJ
A1610030,A161003001,2021-11-27,9638.0,2026-06-01T04:56:12Z,16,Donnée validée,8,Calculée,20,Bonne,7.384986107,48.102530621,QIXnJ
A1610030,A161003001,2021-11-28,10060.0,2026-06-01T04:56:12Z,16,Donnée validée,8,Calculée,20,Bonne,7.384986107,48.102530621,QIXnJ
A1610030,A161003001,2021-11-29,12821.0,2026-06-01T04:56:12Z,16,Donnée validée,8,Calculée,20,Bonne,7.384986107,48.102530621,QIXnJ
A1610030,A161003001,2021-11-30,9322.0,2026-06-01T04:56:12Z,16,Donnée validée,8,Calculée,20,Bonne,7.384986107,48.102530621,QIXnJ
A1610030,A161003001,2021-12-01,8257.0,2026-06-01T04:56:12Z,16,Donnée validée,8,Calculée,20,Bonne,7.384986107,48.102530621,QIXnJ
A1610030,A161003001,2021-12-02,23449.0,2026-06-01T04:56:12Z,16,Donnée validée,8,Calculée,20,Bonne,7.384986107,48.102530621,QIXnJ
A1610030,A161003001,2021-12-03,23386.0,2026-06-01T04:56:12Z,16,Donnée validée,8,Calculée,20,Bonne,7.384986107,48.102530621,QIXnJ
A1610030,A161003001,2021-12-04,40244.0,2026-06-01T04:56:12Z,16,Donnée validée,8,Calculée,20,Bonne,7.384986107,48.102530621,QIXnJ
A1610030,A161003001,2021-12-05,71973.0,2026-06-01T04:56:12Z,16,Donnée validée,8,Calculée,20,Bonne,7.384986107,48.102530621,QIXnJ
A1610030,A161003001,2021-12-06,64293.0,2026-06-01T04:56:12Z,16,Donnée validée,8,Calculée,20,Bonne,7.384986107,48.102530621,QIXnJ
A1610030,A161003001,2021-12-07,34637.0,2026-06-01T04:56:12Z,16,Donnée validée,8,Calculée,20,Bonne,7.384986107,48.102530621,QIXnJ
A1610030,A161003001,2021-12-08,29449.0,2026-06-01T04:56:12Z,16,Donnée validée,8,Calculée,20,Bonne,7.384986107,48.102530621,QIXnJ
A1610030,A161003001,2021-12-09,29659.0,2026-06-01T04:56:12Z,16,Donnée validée,8,Calculée,20,Bonne,7.384986107,48.102530621,QIXnJ
A1610030,A161003001,2021-12-10,25552.0,2026-06-01T04:56:12Z,16,Donnée validée,8,Calculée,20,Bonne,7.384986107,48.102530621,QIXnJ
A1610030,A161003001,2021-12-11,39039.0,2026-06-01T04:56:12Z,16,Donnée validée,8,Calculée,20,Bonne,7.384986107,48.102530621,QIXnJ
A1610030,A161003001,2021-12-12,37650.0,2026-06-01T04:56:12Z,16,Donnée validée,8,Calculée,20,Bonne,7.384986107,48.102530621,QIXnJ
A1610030,A161003001,2021-12-13,26672.0,2026-06-01T04:56:12Z,16,Donnée validée,8,Calculée,20,Bonne,7.384986107,48.102530621,QIXnJ
A1610030,A161003001,2021-12-14,22393.0,2026-06-01T04:56:12Z,16,Donnée validée,8,Calculée,20,Bonne,7.384986107,48.102530621,QIXnJ
A1610030,A161003001,2021-12-15,22459.0,2026-06-01T04:56:12Z,16,Donnée validée,8,Calculée,20,Bonne,7.384986107,48.102530621,QIXnJ
A1610030,A161003001,2021-12-16,22294.0,2026-06-01T04:56:12Z,16,Donnée validée,8,Calculée,20,Bonne,7.384986107,48.102530621,QIXnJ
A1610030,A161003001,2021-12-17,20670.0,2026-06-01T04:56:12Z,16,Donnée validée,8,Calculée,20,Bonne,7.384986107,48.102530621,QIXnJ
A1610030,A161003001,2021-12-18,19112.0,2026-06-01T04:56:12Z,16,Donnée validée,8,Calculée,20,Bonne,7.384986107,48.102530621,QIXnJ
A1610030,A161003001,2021-12-19,16140.0,2026-06-01T04:56:12Z,16,Donnée validée,8,Calculée,20,Bonne,7.384986107,48.102530621,QIXnJ
A1610030,A161003001,2021-12-20,18112.0,2026-06-01T04:56:12Z,16,Donnée validée,8,Calculée,20,Bonne,7.384986107,48.102530621,QIXnJ
A1610030,A161003001,2021-12-21,14154.0,2026-06-01T04:56:12Z,16,Donnée validée,8,Calculée,20,Bonne,7.384986107,48.102530621,QIXnJ
A1610030,A161003001,2021-12-22,13294.0,2026-06-01T04:56:12Z,16,Donnée validée,8,Calculée,20,Bonne,7.384986107,48.102530621,QIXnJ
A1610030,A161003001,2021-12-23,12821.0,2026-06-01T04:56:12Z,16,Donnée validée,8,Calculée,20,Bonne,7.384986107,48.102530621,QIXnJ
A1610030,A161003001,2021-12-24,13171.0,2026-06-01T04:56:12Z,16,Donnée validée,8,Calculée,20,Bonne,7.384986107,48.102530621,QIXnJ
A1610030,A161003001,2021-12-25,15635.0,2026-06-01T04:56:12Z,16,Donnée validée,8,Calculée,20,Bonne,7.384986107,48.102530621,QIXnJ
A1610030,A161003001,2021-12-26,20063.0,2026-06-01T04:56:12Z,16,Donnée validée,8,Calculée,20,Bonne,7.384986107,48.102530621,QIXnJ
A1610030,A161003001,2021-12-27,27183.0,2026-06-01T04:56:12Z,16,Donnée validée,8,Calculée,20,Bonne,7.384986107,48.102530621,QIXnJ
A1610030,A161003001,2021-12-28,47912.0,2026-06-01T04:56:12Z,16,Donnée validée,8,Calculée,20,Bonne,7.384986107,48.102530621,QIXnJ
A1610030,A161003001,2021-12-29,68554.0,2026-06-01T04:56:12Z,16,Donnée validée,8,Calculée,20,Bonne,7.384986107,48.102530621,QIXnJ
A1610030,A161003001,2021-12-30,92806.0,2026-06-01T04:56:12Z,16,Donnée validée,8,Calculée,20,Bonne,7.384986107,48.102530621,QIXnJ
A1610030,A161003001,2021-12-31,72327.0,2026-06-01T04:56:12Z,16,Donnée validée,8,Calculée,20,Bonne,7.384986107,48.102530621,QIXnJ
A1610030,A161003001,2022-01-01,52048.0,2026-06-01T04:56:12Z,16,Donnée validée,8,Calculée,20,Bonne,7.384986107,48.102530621,QIXnJ
A1610030,A161003001,2022-01-02,38504.0,2026-06-01T04:56:12Z,16,Donnée validée,8,Calculée,20,Bonne,7.384986107,48.102530621,QIXnJ
A1610030,A161003001,2022-01-03,30969.0,2026-06-01T04:56:12Z,16,Donnée validée,8,Calculée,20,Bonne,7.384986107,48.102530621,QIXnJ
A1610030,A161003001,2022-01-04,37336.0,2026-06-01T04:56:12Z,16,Donnée validée,8,Calculée,20,Bonne,7.384986107,48.102530621,QIXnJ
A1610030,A161003001,2022-01-05,56705.0,2026-06-01T04:56:12Z,16,Donnée validée,8,Calculée,20,Bonne,7.384986107,48.102530621,QIXnJ
A1610030,A161003001,2022-01-06,54597.0,2026-06-01T04:56:12Z,16,Donnée validée,8,Calculée,20,Bonne,7.384986107,48.102530621,QIXnJ
A1610030,A161003001,2022-01-07,40428.0,2026-06-01T04:56:12Z,16,Donnée validée,8,Calculée,20,Bonne,7.384986107,48.102530621,QIXnJ
A1610030,A161003001,2022-01-08,38358.0,2026-06-01T04:56:12Z,16,Donnée validée,8,Calculée,20,Bonne,7.384986107,48.102530621,QIXnJ
A1610030,A161003001,2022-01-09,74155.0,2026-06-01T04:56:12Z,16,Donnée validée,8,Calculée,20,Bonne,7.384986107,48.102530621,QIXnJ
A1610030,A161003001,2022-01-10,74390.0,2026-06-01T04:56:12Z,16,Donnée validée,8,Calculée,20,Bonne,7.384986107,48.102530621,QIXnJ
A1610030,A161003001,2022-01-11,54022.0,2026-06-01T04:56:12Z,16,Donnée validée,8,Calculée,20,Bonne,7.384986107,48.102530621,QIXnJ
A1610030,A161003001,2022-01-12,40046.0,2026-06-01T04:56:12Z,16,Donnée validée,8,Calculée,20,Bonne,7.384986107,48.102530621,QIXnJ
A1610030,A161003001,2022-01-13,32908.0,2026-06-01T04:56:12Z,16,Donnée validée,8,Calculée,20,Bonne,7.384986107,48.102530621,QIXnJ
A1610030,A161003001,2022-01-14,28506.0,2026-06-01T04:56:12Z,16,Donnée validée,8,Calculée,20,Bonne,7.384986107,48.102530621,QIXnJ
A1610030,A161003001,2022-01-15,26067.0,2026-06-01T04:56:12Z,16,Donnée validée,8,Calculée,20,Bonne,7.384986107,48.102530621,QIXnJ
A1610030,A161003001,2022-01-16,24485.0,2026-06-01T04:56:12Z,16,Donnée validée,8,Calculée,20,Bonne,7.384986107,48.102530621,QIXnJ
A1610030,A161003001,2022-01-17,21138.0,2026-06-01T04:56:12Z,16,Donnée validée,8,Calculée,20,Bonne,7.384986107,48.102530621,QIXnJ
A1610030,A161003001,2022-01-18,18937.0,2026-06-01T04:56:12Z,16,Donnée validée,8,Calculée,20,Bonne,7.384986107,48.102530621,QIXnJ
A1610030,A161003001,2022-01-19,20313.0,2026-06-01T04:56:12Z,16,Donnée validée,8,Calculée,20,Bonne,7.384986107,48.102530621,QIXnJ
A1610030,A161003001,2022-01-20,16984.0,2026-06-01T04:56:12Z,16,Donnée validée,8,Calculée,20,Bonne,7.384986107,48.102530621,QIXnJ
A1610030,A161003001,2022-01-21,15652.0,2026-06-01T04:56:12Z,16,Donnée validée,8,Calculée,20,Bonne,7.384986107,48.102530621,QIXnJ
A1610030,A161003001,2022-01-22,14489.0,2026-06-01T04:56:12Z,16,Donnée validée,8,Calculée,20,Bonne,7.384986107,48.102530621,QIXnJ
A1610030,A161003001,2022-01-23,13599.0,2026-06-01T04:56:12Z,16,Donnée validée,8,Calculée,20,Bonne,7.384986107,48.102530621,QIXnJ
A1610030,A161003001,2022-01-24,22899.0,2026-06-01T04:56:12Z,16,Donnée validée,8,Calculée,20,Bonne,7.384986107,48.102530621,QIXnJ
A1610030,A161003001,2022-01-25,12734.0,2026-06-01T04:56:12Z,16,Donnée validée,8,Calculée,20,Bonne,7.384986107,48.102530621,QIXnJ
A1610030,A161003001,2022-01-26,12376.0,2026-06-01T04:56:12Z,16,Donnée validée,8,Calculée,20,Bonne,7.384986107,48.102530621,QIXnJ
A1610030,A161003001,2022-01-27,12009.0,2026-06-01T04:56:12Z,16,Donnée validée,8,Calculée,20,Bonne,7.384986107,48.102530621,QIXnJ
A1610030,A161003001,2022-01-28,11511.0,2026-06-01T04:56:12Z,16,Donnée validée,8,Calculée,20,Bonne,7.384986107,48.102530621,QIXnJ
A1610030,A161003001,2022-01-29,11074.0,2026-06-01T04:56:12Z,16,Donnée validée,8,Calculée,20,Bonne,7.384986107,48.102530621,QIXnJ
A1610030,A161003001,2022-01-30,10812.0,2026-06-01T04:56:12Z,16,Donnée validée,8,Calculée,20,Bonne,7.384986107,48.102530621,QIXnJ
A1610030,A161003001,2022-01-31,11685.0,2026-06-01T04:56:12Z,16,Donnée validée,8,Calculée,20,Bonne,7.384986107,48.102530621,QIXnJ
A1610030,A161003001,2022-02-01,11685.0,2026-06-01T04:56:12Z,16,Donnée validée,8,Calculée,20,Bonne,7.384986107,48.102530621,QIXnJ
A1610030,A161003001,2022-02-02,14755.0,2026-06-01T04:56:12Z,16,Donnée validée,8,Calculée,20,Bonne,7.384986107,48.102530621,QIXnJ
A1610030,A161003001,2022-02-03,20533.0,2026-06-01T04:56:12Z,16,Donnée validée,8,Calculée,20,Bonne,7.384986107,48.102530621,QIXnJ
A1610030,A161003001,2022-02-04,19817.0,2026-06-01T04:56:12Z,16,Donnée validée,8,Calculée,20,Bonne,7.384986107,48.102530621,QIXnJ
A1610030,A161003001,2022-02-05,18937.0,2026-06-01T04:56:12Z,16,Donnée validée,8,Calculée,20,Bonne,7.384986107,48.102530621,QIXnJ
A1610030,A161003001,2022-02-06,24385.0,2026-06-01T04:56:12Z,16,Donnée validée,8,Calculée,20,Bonne,7.384986107,48.102530621,QIXnJ
A1610030,A161003001,2022-02-07,62954.0,2026-06-01T04:56:12Z,16,Donnée validée,8,Calculée,20,Bonne,7.384986107,48.102530621,QIXnJ
A1610030,A161003001,2022-02-08,60890.0,2026-06-01T04:56:12Z,16,Donnée validée,8,Calculée,20,Bonne,7.384986107,48.102530621,QIXnJ
A1610030,A161003001,2022-02-09,41240.0,2026-06-01T04:56:12Z,16,Donnée validée,8,Calculée,20,Bonne,7.384986107,48.102530621,QIXnJ
A1610030,A161003001,2022-02-10,32384.0,2026-06-01T04:56:12Z,16,Donnée validée,8,Calculée,20,Bonne,7.384986107,48.102530621,QIXnJ
A1610030,A161003001,2022-02-11,28230.0,2026-06-01T04:56:12Z,16,Donnée validée,8,Calculée,20,Bonne,7.384986107,48.102530621,QIXnJ
A1610030,A161003001,2022-02-12,29187.0,2026-06-01T04:56:12Z,16,Donnée validée,8,Calculée,20,Bonne,7.384986107,48.102530621,QIXnJ
A1610030,A161003001,2022-02-13,25119.0,2026-06-01T04:56:12Z,16,Donnée validée,8,Calculée,20,Bonne,7.384986107,48.102530621,QIXnJ
A1610030,A161003001,2022-02-14,21835.0,2026-06-01T04:56:12Z,16,Donnée validée,8,Calculée,20,Bonne,7.384986107,48.102530621,QIXnJ
A1610030,A161003001,2022-02-15,20533.0,2026-06-01T04:56:12Z,16,Donnée validée,8,Calculée,20,Bonne,7.384986107,48.102530621,QIXnJ
A1610030,A161003001,2022-02-16,21725.0,2026-06-01T04:56:12Z,16,Donnée validée,8,Calculée,20,Bonne,7.384986107,48.102530621,QIXnJ
A1610030,A161003001,2022-02-17,54877.0,2026-06-01T04:56:12Z,16,Donnée validée,8,Calculée,20,Bonne,7.384986107,48.102530621,QIXnJ
A1610030,A161003001,2022-02-18,54936.0,2026-06-01T04:56:12Z,16,Donnée validée,8,Calculée,20,Bonne,7.384986107,48.102530621,QIXnJ
A1610030,A161003001,2022-02-19,48209.0,2026-06-01T04:56:12Z,16,Donnée validée,8,Calculée,20,Bonne,7.384986107,48.102530621,QIXnJ
A1610030,A161003001,2022-02-20,38515.0,2026-06-01T04:56:12Z,16,Donnée validée,8,Calculée,20,Bonne,7.384986107,48.102530621,QIXnJ
A1610030,A161003001,2022-02-21,56292.0,2026-06-01T04:56:12Z,16,Donnée validée,8,Calculée,20,Bonne,7.384986107,48.102530621,QIXnJ
A1610030,A161003001,2022-02-22,63248.0,2026-06-01T04:56:12Z,16,Donnée validée,8,Calculée,20,Bonne,7.384986107,48.102530621,QIXnJ
A1610030,A161003001,2022-02-23,57047.0,2026-06-01T04:56:12Z,16,Donnée validée,8,Calculée,20,Bonne,7.384986107,48.102530621,QIXnJ
A1610030,A161003001,2022-02-24,51694.0,2026-06-01T04:56:12Z,16,Donnée validée,8,Calculée,20,Bonne,7.384986107,48.102530621,QIXnJ
A1610030,A161003001,2022-02-25,43420.0,2026-06-01T04:56:12Z,16,Donnée validée,8,Calculée,20,Bonne,7.384986107,48.102530621,QIXnJ
A1610030,A161003001,2022-02-26,36209.0,2026-06-01T04:56:12Z,16,Donnée validée,8,Calculée,20,Bonne,7.384986107,48.102530621,QIXnJ
A1610030,A161003001,2022-02-27,30008.0,2026-06-01T04:56:12Z,16,Donnée validée,8,Calculée,20,Bonne,7.384986107,48.102530621,QIXnJ
A1610030,A161003001,2022-02-28,25819.0,2026-06-01T04:56:12Z,16,Donnée validée,8,Calculée,20,Bonne,7.384986107,48.102530621,QIXnJ
A1610030,A161003001,2022-03-01,23174.0,2026-06-01T04:56:12Z,16,Donnée validée,8,Calculée,20,Bonne,7.384986107,48.102530621,QIXnJ
A1610030,A161003001,2022-03-02,20038.0,2026-06-01T04:56:12Z,16,Donnée validée,8,Calculée,20,Bonne,7.384986107,48.102530621,QIXnJ
A1610030,A161003001,2022-03-03,17887.0,2026-06-01T04:56:12Z,16,Donnée validée,8,Calculée,20,Bonne,7.384986107,48.102530621,QIXnJ
A1610030,A161003001,2022-03-04,16296.0,2026-06-01T04:56:12Z,16,Donnée validée,8,Calculée,20,Bonne,7.384986107,48.102530621,QIXnJ
A1610030,A161003001,2022-03-05,14810.0,2026-06-01T04:56:12Z,16,Donnée validée,8,Calculée,20,Bonne,7.384986107,48.102530621,QIXnJ
A1610030,A161003001,2022-03-06,13918.0,2026-06-01T04:56:12Z,16,Donnée validée,8,Calculée,20,Bonne,7.384986107,48.102530621,QIXnJ
A1610030,A161003001,2022-03-07,12996.0,2026-06-01T04:56:12Z,16,Donnée validée,8,Calculée,20,Bonne,7.384986107,48.102530621,QIXnJ
A1610030,A161003001,2022-03-08,12012.0,2026-06-01T04:56:12Z,16,Donnée validée,8,Calculée,20,Bonne,7.384986107,48.102530621,QIXnJ
A1610030,A161003001,2022-03-09,11598.0,2026-06-01T04:56:12Z,16,Donnée validée,8,Calculée,20,Bonne,7.384986107,48.102530621,QIXnJ
A1610030,A161003001,2022-03-10,10855.0,2026-06-01T04:56:12Z,16,Donnée validée,8,Calculée,20,Bonne,7.384986107,48.102530621,QIXnJ
A1610030,A161003001,2022-03-11,10287.0,2026-06-01T04:56:12Z,16,Donnée validée,8,Calculée,20,Bonne,7.384986107,48.102530621,QIXnJ
A1610030,A161003001,2022-03-12,9849.0,2026-06-01T04:56:12Z,16,Donnée validée,8,Calculée,20,Bonne,7.384986107,48.102530621,QIXnJ
A1610030,A161003001,2022-03-13,9473.0,2026-06-01T04:56:12Z,16,Donnée validée,8,Calculée,20,Bonne,7.384986107,48.102530621,QIXnJ
A1610030,A161003001,2022-03-14,9322.0,2026-06-01T04:56:12Z,16,Donnée validée,8,Calculée,20,Bonne,7.384986107,48.102530621,QIXnJ
A1610030,A161003001,2022-03-15,9313.0,2026-06-01T04:56:12Z,16,Donnée validée,8,Calculée,20,Bonne,7.384986107,48.102530621,QIXnJ
A1610030,A161003001,2022-03-16,9112.0,2026-06-01T04:56:12Z,16,Donnée validée,8,Calculée,20,Bonne,7.384986107,48.102530621,QIXnJ
A1610030,A161003001,2022-03-17,8901.0,2026-06-01T04:56:12Z,16,Donnée validée,8,Calculée,20,Bonne,7.384986107,48.102530621,QIXnJ
A1610030,A161003001,2022-03-18,8831.0,2026-06-01T04:56:12Z,16,Donnée validée,8,Calculée,20,Bonne,7.384986107,48.102530621,QIXnJ
A1610030,A161003001,2022-03-19,7988.0,2026-06-01T04:56:12Z,16,Donnée validée,8,Calculée,20,Bonne,7.384986107,48.102530621,QIXnJ
A1610030,A161003001,2022-03-20,8199.0,2026-06-01T04:56:12Z,16,Donnée validée,8,Calculée,20,Bonne,7.384986107,48.102530621,QIXnJ
A1610030,A161003001,2022-03-21,8091.0,2026-06-01T04:56:12Z,16,Donnée validée,8,Calculée,20,Bonne,7.384986107,48.102530621,QIXnJ
A1610030,A161003001,2022-03-22,7640.0,2026-06-01T04:56:12Z,16,Donnée validée,8,Calculée,20,Bonne,7.384986107,48.102530621,QIXnJ
A1610030,A161003001,2022-03-23,7131.0,2026-06-01T04:56:12Z,16,Donnée validée,8,Calculée,20,Bonne,7.384986107,48.102530621,QIXnJ
A1610030,A161003001,2022-03-24,6865.0,2026-06-01T04:56:12Z,16,Donnée validée,8,Calculée,20,Bonne,7.384986107,48.102530621,QIXnJ
A1610030,A161003001,2022-03-25,6615.0,2026-06-01T04:56:12Z,16,Donnée validée,8,Calculée,20,Bonne,7.384986107,48.102530621,QIXnJ
A1610030,A161003001,2022-03-26,6408.0,2026-06-01T04:56:12Z,16,Donnée validée,8,Calculée,20,Bonne,7.384986107,48.102530621,QIXnJ
A1610030,A161003001,2022-03-27,6242.0,2026-06-01T04:56:12Z,16,Donnée validée,8,Calculée,20,Bonne,7.384986107,48.102530621,QIXnJ
A1610030,A161003001,2022-03-28,6127.0,2026-06-01T04:56:12Z,16,Donnée validée,8,Calculée,20,Bonne,7.384986107,48.102530621,QIXnJ
A1610030,A161003001,2022-03-29,5776.0,2026-06-01T04:56:12Z,16,Donnée validée,8,Calculée,20,Bonne,7.384986107,48.102530621,QIXnJ
A1610030,A161003001,2022-03-30,6127.0,2026-06-01T04:56:12Z,16,Donnée validée,8,Calculée,20,Bonne,7.384986107,48.102530621,QIXnJ
A1610030,A161003001,2022-03-31,8620.0,2026-06-01T04:56:12Z,16,Donnée validée,8,Calculée,20,Bonne,7.384986107,48.102530621,QIXnJ
A1610030,A161003001,2022-04-01,10943.0,2026-06-01T04:56:12Z,16,Donnée validée,8,Calculée,20,Bonne,7.384986107,48.102530621,QIXnJ
A1610030,A161003001,2022-04-02,10768.0,2026-06-01T04:56:12Z,16,Donnée validée,8,Calculée,20,Bonne,7.384986107,48.102530621,QIXnJ
A1610030,A161003001,2022-04-03,10200.0,2026-06-01T04:56:12Z,16,Donnée validée,8,Calculée,20,Bonne,7.384986107,48.102530621,QIXnJ
A1610030,A161003001,2022-04-04,8862.0,2026-06-01T04:56:12Z,16,Donnée validée,8,Calculée,20,Bonne,7.384986107,48.102530621,QIXnJ
A1610030,A161003001,2022-04-05,8354.0,2026-06-01T04:56:12Z,16,Donnée validée,8,Calculée,20,Bonne,7.384986107,48.102530621,QIXnJ
A1610030,A161003001,2022-04-06,8515.0,2026-06-01T04:56:12Z,16,Donnée validée,8,Calculée,20,Bonne,7.384986107,48.102530621,QIXnJ
A1610030,A161003001,2022-04-07,11380.0,2026-06-01T04:56:12Z,16,Donnée validée,8,Calculée,20,Bonne,7.384986107,48.102530621,QIXnJ
A1610030,A161003001,2022-04-08,96999.0,2026-06-01T04:56:12Z,16,Donnée validée,8,Calculée,20,Bonne,7.384986107,48.102530621,QIXnJ
A1610030,A161003001,2022-04-09,128680.0,2026-06-01T04:56:12Z,16,Donnée validée,8,Calculée,20,Bonne,7.384986107,48.102530621,QIXnJ
A1610030,A161003001,2022-04-10,125219.0,2026-06-01T04:56:12Z,16,Donnée validée,8,Calculée,20,Bonne,7.384986107,48.102530621,QIXnJ
A1610030,A161003001,2022-04-11,66746.0,2026-06-01T04:56:12Z,16,Donnée validée,8,Calculée,20,Bonne,7.384986107,48.102530621,QIXnJ
A1610030,A161003001,2022-04-12,43676.0,2026-06-01T04:56:12Z,16,Donnée validée,8,Calculée,20,Bonne,7.384986107,48.102530621,QIXnJ
A1610030,A161003001,2022-04-13,34375.0,2026-06-01T04:56:12Z,16,Donnée validée,8,Calculée,20,Bonne,7.384986107,48.102530621,QIXnJ
A1610030,A161003001,2022-04-14,27074.0,2026-06-01T04:56:12Z,16,Donnée validée,8,Calculée,20,Bonne,7.384986107,48.102530621,QIXnJ
A1610030,A161003001,2022-04-15,22459.0,2026-06-01T04:56:12Z,16,Donnée validée,8,Calculée,20,Bonne,7.384986107,48.102530621,QIXnJ
A1610030,A161003001,2022-04-16,18772.0,2026-06-01T04:56:12Z,16,Donnée validée,8,Calculée,20,Bonne,7.384986107,48.102530621,QIXnJ
A1610030,A161003001,2022-04-17,16184.0,2026-06-01T04:56:12Z,16,Donnée validée,8,Calculée,20,Bonne,7.384986107,48.102530621,QIXnJ
A1610030,A161003001,2022-04-18,14368.0,2026-06-01T04:56:12Z,16,Donnée validée,8,Calculée,20,Bonne,7.384986107,48.102530621,QIXnJ
A1610030,A161003001,2022-04-19,13127.0,2026-06-01T04:56:12Z,16,Donnée validée,8,Calculée,20,Bonne,7.384986107,48.102530621,QIXnJ
A1610030,A161003001,2022-04-20,12441.0,2026-06-01T04:56:12Z,16,Donnée validée,8,Calculée,20,Bonne,7.384986107,48.102530621,QIXnJ
A1610030,A161003001,2022-04-21,10833.0,2026-06-01T04:56:12Z,16,Donnée validée,8,Calculée,20,Bonne,7.384986107,48.102530621,QIXnJ
A1610030,A161003001,2022-04-22,11467.0,2026-06-01T04:56:12Z,16,Donnée validée,8,Calculée,20,Bonne,7.384986107,48.102530621,QIXnJ
A1610030,A161003001,2022-04-23,9568.0,2026-06-01T04:56:12Z,16,Donnée validée,8,Calculée,20,Bonne,7.384986107,48.102530621,QIXnJ
A1610030,A161003001,2022-04-24,11380.0,2026-06-01T04:56:12Z,16,Donnée validée,8,Calculée,20,Bonne,7.384986107,48.102530621,QIXnJ
A1610030,A161003001,2022-04-25,17781.0,2026-06-01T04:56:12Z,16,Donnée validée,8,Calculée,20,Bonne,7.384986107,48.102530621,QIXnJ
A1610030,A161003001,2022-04-26,19983.0,2026-06-01T04:56:12Z,16,Donnée validée,8,Calculée,20,Bonne,7.384986107,48.102530621,QIXnJ
A1610030,A161003001,2022-04-27,18992.0,2026-06-01T04:56:12Z,16,Donnée validée,8,Calculée,20,Bonne,7.384986107,48.102530621,QIXnJ
A1610030,A161003001,2022-04-28,13054.0,2026-06-01T04:56:12Z,16,Donnée validée,8,Calculée,20,Bonne,7.384986107,48.102530621,QIXnJ
A1610030,A161003001,2022-04-29,10203.0,2026-06-01T04:56:12Z,16,Donnée validée,8,Calculée,20,Bonne,7.384986107,48.102530621,QIXnJ
A1610030,A161003001,2022-04-30,9760.0,2026-06-01T04:56:12Z,16,Donnée validée,8,Calculée,20,Bonne,7.384986107,48.102530621,QIXnJ
A1610030,A161003001,2022-05-01,9919.0,2026-06-01T04:56:12Z,16,Donnée validée,8,Calculée,20,Bonne,7.384986107,48.102530621,QIXnJ
A1610030,A161003001,2022-05-02,8258.0,2026-06-01T04:56:12Z,16,Donnée validée,8,Calculée,20,Bonne,7.384986107,48.102530621,QIXnJ
A1610030,A161003001,2022-05-03,7417.0,2026-06-01T04:56:12Z,16,Donnée validée,8,Calculée,20,Bonne,7.384986107,48.102530621,QIXnJ
A1610030,A161003001,2022-05-04,9647.0,2026-06-01T04:56:12Z,16,Donnée validée,8,Calculée,20,Bonne,7.384986107,48.102530621,QIXnJ
A1610030,A161003001,2022-05-05,12470.0,2026-06-01T04:56:12Z,16,Donnée validée,8,Calculée,20,Bonne,7.384986107,48.102530621,QIXnJ
A1610030,A161003001,2022-05-06,13182.0,2026-06-01T04:56:12Z,16,Donnée validée,8,Calculée,20,Bonne,7.384986107,48.102530621,QIXnJ
A1610030,A161003001,2022-05-07,9688.0,2026-06-01T04:56:12Z,16,Donnée validée,8,Calculée,20,Bonne,7.384986107,48.102530621,QIXnJ
A1610030,A161003001,2022-05-08,8778.0,2026-06-01T04:56:12Z,16,Donnée validée,8,Calculée,20,Bonne,7.384986107,48.102530621,QIXnJ
A1610030,A161003001,2022-05-09,7703.0,2026-06-01T04:56:12Z,16,Donnée validée,8,Calculée,20,Bonne,7.384986107,48.102530621,QIXnJ
A1610030,A161003001,2022-05-10,7257.0,2026-06-01T04:56:12Z,16,Donnée validée,8,Calculée,20,Bonne,7.384986107,48.102530621,QIXnJ
A1610030,A161003001,2022-05-11,6645.0,2026-06-01T04:56:12Z,16,Donnée validée,8,Calculée,20,Bonne,7.384986107,48.102530621,QIXnJ
A1610030,A161003001,2022-05-12,6809.0,2026-06-01T04:56:12Z,16,Donnée validée,8,Calculée,20,Bonne,7.384986107,48.102530621,QIXnJ
A1610030,A161003001,2022-05-13,6136.0,2026-06-01T04:56:12Z,16,Donnée validée,8,Calculée,20,Bonne,7.384986107,48.102530621,QIXnJ
A1610030,A161003001,2022-05-14,6094.0,2026-06-01T04:56:12Z,16,Donnée validée,8,Calculée,20,Bonne,7.384986107,48.102530621,QIXnJ
A1610030,A161003001,2022-05-15,5492.0,2026-06-01T04:56:12Z,16,Donnée validée,8,Calculée,20,Bonne,7.384986107,48.102530621,QIXnJ
A1610030,A161003001,2022-05-16,4994.0,2026-06-01T04:56:12Z,16,Donnée validée,8,Calculée,20,Bonne,7.384986107,48.102530621,QIXnJ
A1610030,A161003001,2022-05-17,4776.0,2026-06-01T04:56:12Z,16,Donnée validée,8,Calculée,20,Bonne,7.384986107,48.102530621,QIXnJ
A1610030,A161003001,2022-05-18,5167.0,2026-06-01T04:56:12Z,16,Donnée validée,8,Calculée,20,Bonne,7.384986107,48.102530621,QIXnJ
A1610030,A161003001,2022-05-19,5189.0,2026-06-01T04:56:12Z,16,Donnée validée,8,Calculée,20,Bonne,7.384986107,48.102530621,QIXnJ
A1610030,A161003001,2022-05-20,7105.0,2026-06-01T04:56:12Z,16,Donnée validée,8,Calculée,20,Bonne,7.384986107,48.102530621,QIXnJ
A1610030,A161003001,2022-05-21,4707.0,2026-06-01T04:56:12Z,16,Donnée validée,8,Calculée,20,Bonne,7.384986107,48.102530621,QIXnJ
A1610030,A161003001,2022-05-22,5141.0,2026-06-01T04:56:12Z,16,Donnée validée,8,Calculée,20,Bonne,7.384986107,48.102530621,QIXnJ
A1610030,A161003001,2022-05-23,4735.0,2026-06-01T04:56:12Z,16,Donnée validée,8,Calculée,20,Bonne,7.384986107,48.102530621,QIXnJ
A1610030,A161003001,2022-05-24,6601.0,2026-06-01T04:56:12Z,16,Donnée validée,8,Calculée,20,Bonne,7.384986107,48.102530621,QIXnJ
A1610030,A161003001,2022-05-25,5380.0,2026-06-01T04:56:12Z,16,Donnée validée,8,Calculée,20,Bonne,7.384986107,48.102530621,QIXnJ
A1610030,A161003001,2022-05-26,4843.0,2026-06-01T04:56:12Z,16,Donnée validée,8,Calculée,20,Bonne,7.384986107,48.102530621,QIXnJ
A1610030,A161003001,2022-05-27,4456.0,2026-06-01T04:56:12Z,16,Donnée validée,8,Calculée,20,Bonne,7.384986107,48.102530621,QIXnJ
A1610030,A161003001,2022-05-28,4364.0,2026-06-01T04:56:12Z,16,Donnée validée,8,Calculée,20,Bonne,7.384986107,48.102530621,QIXnJ
A1610030,A161003001,2022-05-29,4238.0,2026-06-01T04:56:12Z,16,Donnée validée,8,Calculée,20,Bonne,7.384986107,48.102530621,QIXnJ
A1610030,A161003001,2022-05-30,4255.0,2026-06-01T04:56:12Z,16,Donnée validée,8,Calculée,20,Bonne,7.384986107,48.102530621,QIXnJ
A1610030,A161003001,2022-05-31,4332.0,2026-06-01T04:56:12Z,16,Donnée validée,8,Calculée,20,Bonne,7.384986107,48.102530621,QIXnJ
A1610030,A161003001,2022-06-01,4457.0,2026-06-01T04:56:12Z,16,Donnée validée,8,Calculée,20,Bonne,7.384986107,48.102530621,QIXnJ
A1610030,A161003001,2022-06-02,4650.0,2026-06-01T04:56:12Z,16,Donnée validée,8,Calculée,20,Bonne,7.384986107,48.102530621,QIXnJ
A1610030,A161003001,2022-06-03,4773.0,2026-06-01T04:56:12Z,16,Donnée validée,8,Calculée,20,Bonne,7.384986107,48.102530621,QIXnJ
A1610030,A161003001,2022-06-04,4749.0,2026-06-01T04:56:12Z,16,Donnée validée,8,Calculée,20,Bonne,7.384986107,48.102530621,QIXnJ
A1610030,A161003001,2022-06-05,8730.0,2026-06-01T04:56:12Z,16,Donnée validée,8,Calculée,20,Bonne,7.384986107,48.102530621,QIXnJ
A1610030,A161003001,2022-06-06,4885.0,2026-06-01T04:56:12Z,16,Donnée validée,8,Calculée,20,Bonne,7.384986107,48.102530621,QIXnJ
A1610030,A161003001,2022-06-07,4855.0,2026-06-01T04:56:12Z,16,Donnée validée,8,Calculée,20,Bonne,7.384986107,48.102530621,QIXnJ
A1610030,A161003001,2022-06-08,5243.0,2026-06-01T04:56:12Z,16,Donnée validée,8,Calculée,20,Bonne,7.384986107,48.102530621,QIXnJ
A1610030,A161003001,2022-06-09,5323.0,2026-06-01T04:56:12Z,16,Donnée validée,8,Calculée,20,Bonne,7.384986107,48.102530621,QIXnJ
A1610030,A161003001,2022-06-10,5513.0,2026-06-01T04:56:12Z,16,Donnée validée,8,Calculée,20,Bonne,7.384986107,48.102530621,QIXnJ
A1610030,A161003001,2022-06-11,5046.0,2026-06-01T04:56:12Z,16,Donnée validée,8,Calculée,20,Bonne,7.384986107,48.102530621,QIXnJ
A1610030,A161003001,2022-06-12,4457.0,2026-06-01T04:56:12Z,16,Donnée validée,8,Calculée,20,Bonne,7.384986107,48.102530621,QIXnJ
A1610030,A161003001,2022-06-13,5639.0,2026-06-01T04:56:12Z,16,Donnée validée,8,Calculée,20,Bonne,7.384986107,48.102530621,QIXnJ
A1610030,A161003001,2022-06-14,4317.0,2026-06-01T04:56:12Z,16,Donnée validée,8,Calculée,20,Bonne,7.384986107,48.102530621,QIXnJ
A1610030,A161003001,2022-06-15,4154.0,2026-06-01T04:56:12Z,16,Donnée validée,8,Calculée,20,Bonne,7.384986107,48.102530621,QIXnJ
A1610030,A161003001,2022-06-16,4477.0,2026-06-01T04:56:12Z,16,Donnée validée,8,Calculée,20,Bonne,7.384986107,48.102530621,QIXnJ
A1610030,A161003001,2022-06-17,4135.0,2026-06-01T04:56:12Z,16,Donnée validée,8,Calculée,20,Bonne,7.384986107,48.102530621,QIXnJ
A1610030,A161003001,2022-06-18,4591.0,2026-06-01T04:56:12Z,16,Donnée validée,8,Calculée,20,Bonne,7.384986107,48.102530621,QIXnJ
A1610030,A161003001,2022-06-19,4420.0,2026-06-01T04:56:12Z,16,Donnée validée,8,Calculée,20,Bonne,7.384986107,48.102530621,QIXnJ
A1610030,A161003001,2022-06-20,4363.0,2026-06-01T04:56:12Z,16,Donnée validée,8,Calculée,20,Bonne,7.384986107,48.102530621,QIXnJ
A1610030,A161003001,2022-06-21,5162.0,2026-06-01T04:56:12Z,16,Donnée validée,8,Calculée,20,Bonne,7.384986107,48.102530621,QIXnJ
A1610030,A161003001,2022-06-22,7532.0,2026-06-01T04:56:12Z,16,Donnée validée,8,Calculée,20,Bonne,7.384986107,48.102530621,QIXnJ
A1610030,A161003001,2022-06-23,15360.0,2026-06-01T04:56:12Z,16,Donnée validée,8,Calculée,20,Bonne,7.384986107,48.102530621,QIXnJ
A1610030,A161003001,2022-06-24,7918.0,2026-06-01T04:56:12Z,16,Donnée validée,8,Calculée,20,Bonne,7.384986107,48.102530621,QIXnJ
A1610030,A161003001,2022-06-25,7699.0,2026-06-01T04:56:12Z,16,Donnée validée,8,Calculée,20,Bonne,7.384986107,48.102530621,QIXnJ
A1610030,A161003001,2022-06-26,26934.0,2026-06-01T04:56:12Z,16,Donnée validée,8,Calculée,20,Bonne,7.384986107,48.102530621,QIXnJ
A1610030,A161003001,2022-06-27,25362.0,2026-06-01T04:56:12Z,16,Donnée validée,8,Calculée,20,Bonne,7.384986107,48.102530621,QIXnJ
A1610030,A161003001,2022-06-28,13405.0,2026-06-01T04:56:12Z,16,Donnée validée,8,Calculée,20,Bonne,7.384986107,48.102530621,QIXnJ
A1610030,A161003001,2022-06-29,8409.0,2026-06-01T04:56:12Z,16,Donnée validée,8,Calculée,20,Bonne,7.384986107,48.102530621,QIXnJ
A1610030,A161003001,2022-06-30,7391.0,2026-06-01T04:56:12Z,16,Donnée validée,8,Calculée,20,Bonne,7.384986107,48.102530621,QIXnJ
A1610030,A161003001,2022-07-01,9744.0,2026-06-01T04:56:12Z,16,Donnée validée,8,Calculée,20,Bonne,7.384986107,48.102530621,QIXnJ
A1610030,A161003001,2022-07-02,9586.0,2026-06-01T04:56:12Z,16,Donnée validée,8,Calculée,20,Bonne,7.384986107,48.102530621,QIXnJ
A1610030,A161003001,2022-07-03,7507.0,2026-06-01T04:56:12Z,16,Donnée validée,8,Calculée,20,Bonne,7.384986107,48.102530621,QIXnJ
A1610030,A161003001,2022-07-04,6875.0,2026-06-01T04:56:12Z,16,Donnée validée,8,Calculée,20,Bonne,7.384986107,48.102530621,QIXnJ
A1610030,A161003001,2022-07-05,6717.0,2026-06-01T04:56:12Z,16,Donnée validée,8,Calculée,20,Bonne,7.384986107,48.102530621,QIXnJ
A1610030,A161003001,2022-07-06,6336.0,2026-06-01T04:56:12Z,16,Donnée validée,8,Calculée,20,Bonne,7.384986107,48.102530621,QIXnJ
A1610030,A161003001,2022-07-07,6238.0,2026-06-01T04:56:12Z,16,Donnée validée,8,Calculée,20,Bonne,7.384986107,48.102530621,QIXnJ
A1610030,A161003001,2022-07-08,6351.0,2026-06-01T04:56:12Z,16,Donnée validée,8,Calculée,20,Bonne,7.384986107,48.102530621,QIXnJ
A1610030,A161003001,2022-07-09,6042.0,2026-06-01T04:56:12Z,16,Donnée validée,8,Calculée,20,Bonne,7.384986107,48.102530621,QIXnJ
A1610030,A161003001,2022-07-10,5663.0,2026-06-01T04:56:12Z,16,Donnée validée,8,Calculée,20,Bonne,7.384986107,48.102530621,QIXnJ
A1610030,A161003001,2022-07-11,5495.0,2026-06-01T04:56:12Z,16,Donnée validée,8,Calculée,20,Bonne,7.384986107,48.102530621,QIXnJ
A1610030,A161003001,2022-07-12,5431.0,2026-06-01T04:56:12Z,16,Donnée validée,8,Calculée,20,Bonne,7.384986107,48.102530621,QIXnJ
A1610030,A161003001,2022-07-13,5287.0,2026-06-01T04:56:12Z,16,Donnée validée,8,Calculée,20,Bonne,7.384986107,48.102530621,QIXnJ
A1610030,A161003001,2022-07-14,5150.0,2026-06-01T04:56:12Z,16,Donnée validée,8,Calculée,20,Bonne,7.384986107,48.102530621,QIXnJ
A1610030,A161003001,2022-07-15,5013.0,2026-06-01T04:56:12Z,16,Donnée validée,8,Calculée,20,Bonne,7.384986107,48.102530621,QIXnJ
A1610030,A161003001,2022-07-16,5077.0,2026-06-01T04:56:12Z,16,Donnée validée,8,Calculée,20,Bonne,7.384986107,48.102530621,QIXnJ
A1610030,A161003001,2022-07-17,4940.0,2026-06-01T04:56:12Z,16,Donnée validée,8,Calculée,20,Bonne,7.384986107,48.102530621,QIXnJ
A1610030,A161003001,2022-07-18,4805.0,2026-06-01T04:56:12Z,16,Donnée validée,8,Calculée,20,Bonne,7.384986107,48.102530621,QIXnJ
A1610030,A161003001,2022-07-19,4809.0,2026-06-01T04:56:12Z,16,Donnée validée,8,Calculée,20,Bonne,7.384986107,48.102530621,QIXnJ
A1610030,A161003001,2022-07-20,19701.0,2026-06-01T04:56:12Z,16,Donnée validée,8,Calculée,20,Bonne,7.384986107,48.102530621,QIXnJ
A1610030,A161003001,2022-07-21,7846.0,2026-06-01T04:56:12Z,16,Donnée validée,8,Calculée,20,Bonne,7.384986107,48.102530621,QIXnJ
A1610030,A161003001,2022-07-22,5572.0,2026-06-01T04:56:12Z,16,Donnée validée,8,Calculée,20,Bonne,7.384986107,48.102530621,QIXnJ
A1610030,A161003001,2022-07-23,4973.0,2026-06-01T04:56:12Z,16,Donnée validée,8,Calculée,20,Bonne,7.384986107,48.102530621,QIXnJ
A1610030,A161003001,2022-07-24,5092.0,2026-06-01T04:56:12Z,16,Donnée validée,8,Calculée,20,Bonne,7.384986107,48.102530621,QIXnJ
A1610030,A161003001,2022-07-25,5241.0,2026-06-01T04:56:12Z,16,Donnée validée,8,Calculée,20,Bonne,7.384986107,48.102530621,QIXnJ
A1610030,A161003001,2022-07-26,4848.0,2026-06-01T04:56:12Z,16,Donnée validée,8,Calculée,20,Bonne,7.384986107,48.102530621,QIXnJ
A1610030,A161003001,2022-07-27,5276.0,2026-06-01T04:56:12Z,16,Donnée validée,8,Calculée,20,Bonne,7.384986107,48.102530621,QIXnJ
A1610030,A161003001,2022-07-28,5122.0,2026-06-01T04:56:12Z,16,Donnée validée,8,Calculée,20,Bonne,7.384986107,48.102530621,QIXnJ
A1610030,A161003001,2022-07-29,5390.0,2026-06-01T04:56:12Z,16,Donnée validée,8,Calculée,20,Bonne,7.384986107,48.102530621,QIXnJ
A1610030,A161003001,2022-07-30,5361.0,2026-06-01T04:56:12Z,16,Donnée validée,8,Calculée,20,Bonne,7.384986107,48.102530621,QIXnJ
A1610030,A161003001,2022-07-31,5460.0,2026-06-01T04:56:12Z,16,Donnée validée,8,Calculée,20,Bonne,7.384986107,48.102530621,QIXnJ
A1610030,A161003001,2022-08-01,5133.0,2026-06-01T04:56:12Z,16,Donnée validée,8,Calculée,20,Bonne,7.384986107,48.102530621,QIXnJ
A1610030,A161003001,2022-08-02,5133.0,2026-06-01T04:56:12Z,16,Donnée validée,8,Calculée,20,Bonne,7.384986107,48.102530621,QIXnJ
A1610030,A161003001,2022-08-03,5076.0,2026-06-01T04:56:12Z,16,Donnée validée,8,Calculée,20,Bonne,7.384986107,48.102530621,QIXnJ
A1610030,A161003001,2022-08-04,5055.0,2026-06-01T04:56:12Z,16,Donnée validée,8,Calculée,20,Bonne,7.384986107,48.102530621,QIXnJ
A1610030,A161003001,2022-08-05,5162.0,2026-06-01T04:56:12Z,16,Donnée validée,8,Calculée,20,Bonne,7.384986107,48.102530621,QIXnJ
A1610030,A161003001,2022-08-06,5276.0,2026-06-01T04:56:12Z,16,Donnée validée,8,Calculée,20,Bonne,7.384986107,48.102530621,QIXnJ
A1610030,A161003001,2022-08-07,5133.0,2026-06-01T04:56:12Z,16,Donnée validée,8,Calculée,20,Bonne,7.384986107,48.102530621,QIXnJ
A1610030,A161003001,2022-08-08,4876.0,2026-06-01T04:56:12Z,16,Donnée validée,8,Calculée,20,Bonne,7.384986107,48.102530621,QIXnJ
A1610030,A161003001,2022-08-09,4635.0,2026-06-01T04:56:12Z,16,Donnée validée,8,Calculée,20,Bonne,7.384986107,48.102530621,QIXnJ
A1610030,A161003001,2022-08-10,5105.0,2026-06-01T04:56:12Z,16,Donnée validée,8,Calculée,20,Bonne,7.384986107,48.102530621,QIXnJ
A1610030,A161003001,2022-08-11,4848.0,2026-06-01T04:56:12Z,16,Donnée validée,8,Calculée,20,Bonne,7.384986107,48.102530621,QIXnJ
A1610030,A161003001,2022-08-12,4876.0,2026-06-01T04:56:12Z,16,Donnée validée,8,Calculée,20,Bonne,7.384986107,48.102530621,QIXnJ
A1610030,A161003001,2022-08-13,5304.0,2026-06-01T04:56:12Z,16,Donnée validée,8,Calculée,20,Bonne,7.384986107,48.102530621,QIXnJ
A1610030,A161003001,2022-08-14,5133.0,2026-06-01T04:56:12Z,16,Donnée validée,8,Calculée,20,Bonne,7.384986107,48.102530621,QIXnJ
A1610030,A161003001,2022-08-15,4872.0,2026-06-01T04:56:12Z,16,Donnée validée,8,Calculée,20,Bonne,7.384986107,48.102530621,QIXnJ
A1610030,A161003001,2022-08-16,5776.0,2026-06-01T04:56:12Z,16,Donnée validée,8,Calculée,20,Bonne,7.384986107,48.102530621,QIXnJ
A1610030,A161003001,2022-08-17,6057.0,2026-06-01T04:56:12Z,16,Donnée validée,8,Calculée,20,Bonne,7.384986107,48.102530621,QIXnJ
A1610030,A161003001,2022-08-18,6303.0,2026-06-01T04:56:12Z,16,Donnée validée,8,Calculée,20,Bonne,7.384986107,48.102530621,QIXnJ
A1610030,A161003001,2022-08-19,7918.0,2026-06-01T04:56:12Z,16,Donnée validée,8,Calculée,20,Bonne,7.384986107,48.102530621,QIXnJ
A1610030,A161003001,2022-08-20,12909.0,2026-06-01T04:56:12Z,16,Donnée validée,8,Calculée,20,Bonne,7.384986107,48.102530621,QIXnJ
A1610030,A161003001,2022-08-21,6322.0,2026-06-01T04:56:12Z,16,Donnée validée,8,Calculée,20,Bonne,7.384986107,48.102530621,QIXnJ
A1610030,A161003001,2022-08-22,5566.0,2026-06-01T04:56:12Z,16,Donnée validée,8,Calculée,20,Bonne,7.384986107,48.102530621,QIXnJ
A1610030,A161003001,2022-08-23,5133.0,2026-06-01T04:56:12Z,16,Donnée validée,8,Calculée,20,Bonne,7.384986107,48.102530621,QIXnJ
A1610030,A161003001,2022-08-24,5304.0,2026-06-01T04:56:12Z,16,Donnée validée,8,Calculée,20,Bonne,7.384986107,48.102530621,QIXnJ
A1610030,A161003001,2022-08-25,5882.0,2026-06-01T04:56:12Z,16,Donnée validée,8,Calculée,20,Bonne,7.384986107,48.102530621,QIXnJ
A1610030,A161003001,2022-08-26,5361.0,2026-06-01T04:56:12Z,16,Donnée validée,8,Calculée,20,Bonne,7.384986107,48.102530621,QIXnJ
A1610030,A161003001,2022-08-27,6584.0,2026-06-01T04:56:12Z,16,Donnée validée,8,Calculée,20,Bonne,7.384986107,48.102530621,QIXnJ
A1610030,A161003001,2022-08-28,7883.0,2026-06-01T04:56:12Z,16,Donnée validée,8,Calculée,20,Bonne,7.384986107,48.102530621,QIXnJ
A1610030,A161003001,2022-08-29,5276.0,2026-06-01T04:56:12Z,16,Donnée validée,8,Calculée,20,Bonne,7.384986107,48.102530621,QIXnJ
A1610030,A161003001,2022-08-30,5276.0,2026-06-01T04:56:12Z,16,Donnée validée,8,Calculée,20,Bonne,7.384986107,48.102530621,QIXnJ
A1610030,A161003001,2022-08-31,9182.0,2026-06-01T04:56:12Z,16,Donnée validée,8,Calculée,20,Bonne,7.384986107,48.102530621,QIXnJ
A1610030,A161003001,2022-09-01,5276.0,2026-06-01T04:56:12Z,16,Donnée validée,8,Calculée,20,Bonne,7.384986107,48.102530621,QIXnJ
A1610030,A161003001,2022-09-02,5052.0,2026-06-01T04:56:12Z,16,Donnée validée,8,Calculée,20,Bonne,7.384986107,48.102530621,QIXnJ
A1610030,A161003001,2022-09-03,7862.0,2026-06-01T04:56:12Z,16,Donnée validée,8,Calculée,20,Bonne,7.384986107,48.102530621,QIXnJ
A1610030,A161003001,2022-09-04,7688.0,2026-06-01T04:56:12Z,16,Donnée validée,8,Calculée,20,Bonne,7.384986107,48.102530621,QIXnJ
A1610030,A161003001,2022-09-05,7124.0,2026-06-01T04:56:12Z,16,Donnée validée,8,Calculée,20,Bonne,7.384986107,48.102530621,QIXnJ
A1610030,A161003001,2022-09-06,6085.0,2026-06-01T04:56:12Z,16,Donnée validée,8,Calculée,20,Bonne,7.384986107,48.102530621,QIXnJ
A1610030,A161003001,2022-09-07,8551.0,2026-06-01T04:56:12Z,16,Donnée validée,8,Calculée,20,Bonne,7.384986107,48.102530621,QIXnJ
A1610030,A161003001,2022-09-08,6519.0,2026-06-01T04:56:12Z,16,Donnée validée,8,Calculée,20,Bonne,7.384986107,48.102530621,QIXnJ
A1610030,A161003001,2022-09-09,6980.0,2026-06-01T04:56:12Z,16,Donnée validée,8,Calculée,20,Bonne,7.384986107,48.102530621,QIXnJ
A1610030,A161003001,2022-09-10,6249.0,2026-06-01T04:56:12Z,16,Donnée validée,8,Calculée,20,Bonne,7.384986107,48.102530621,QIXnJ
A1610030,A161003001,2022-09-11,6115.0,2026-06-01T04:56:12Z,16,Donnée validée,8,Calculée,20,Bonne,7.384986107,48.102530621,QIXnJ
A1610030,A161003001,2022-09-12,6086.0,2026-06-01T04:56:12Z,16,Donnée validée,8,Calculée,20,Bonne,7.384986107,48.102530621,QIXnJ
A1610030,A161003001,2022-09-13,5705.0,2026-06-01T04:56:12Z,16,Donnée validée,8,Calculée,20,Bonne,7.384986107,48.102530621,QIXnJ
A1610030,A161003001,2022-09-14,6065.0,2026-06-01T04:56:12Z,16,Donnée validée,8,Calculée,20,Bonne,7.384986107,48.102530621,QIXnJ
A1610030,A161003001,2022-09-15,6047.0,2026-06-01T04:56:12Z,16,Donnée validée,8,Calculée,20,Bonne,7.384986107,48.102530621,QIXnJ
A1610030,A161003001,2022-09-16,6555.0,2026-06-01T04:56:12Z,16,Donnée validée,8,Calculée,20,Bonne,7.384986107,48.102530621,QIXnJ
A1610030,A161003001,2022-09-17,6815.0,2026-06-01T04:56:12Z,16,Donnée validée,8,Calculée,20,Bonne,7.384986107,48.102530621,QIXnJ
A1610030,A161003001,2022-09-18,6366.0,2026-06-01T04:56:12Z,16,Donnée validée,8,Calculée,20,Bonne,7.384986107,48.102530621,QIXnJ
A1610030,A161003001,2022-09-19,6161.0,2026-06-01T04:56:12Z,16,Donnée validée,8,Calculée,20,Bonne,7.384986107,48.102530621,QIXnJ
A1610030,A161003001,2022-09-20,6417.0,2026-06-01T04:56:12Z,16,Donnée validée,8,Calculée,20,Bonne,7.384986107,48.102530621,QIXnJ
A1610030,A161003001,2022-09-21,6594.0,2026-06-01T04:56:12Z,16,Donnée validée,8,Calculée,20,Bonne,7.384986107,48.102530621,QIXnJ
A1610030,A161003001,2022-09-22,6531.0,2026-06-01T04:56:12Z,16,Donnée validée,8,Calculée,20,Bonne,7.384986107,48.102530621,QIXnJ
A1610030,A161003001,2022-09-23,6469.0,2026-06-01T04:56:12Z,16,Donnée validée,8,Calculée,20,Bonne,7.384986107,48.102530621,QIXnJ
A1610030,A161003001,2022-09-24,6897.0,2026-06-01T04:56:12Z,16,Donnée validée,8,Calculée,20,Bonne,7.384986107,48.102530621,QIXnJ
A1610030,A161003001,2022-09-25,7323.0,2026-06-01T04:56:12Z,16,Donnée validée,8,Calculée,20,Bonne,7.384986107,48.102530621,QIXnJ
A1610030,A161003001,2022-09-26,7256.0,2026-06-01T04:56:12Z,16,Donnée validée,8,Calculée,20,Bonne,7.384986107,48.102530621,QIXnJ
A1610030,A161003001,2022-09-27,7441.0,2026-06-01T04:56:12Z,16,Donnée validée,8,Calculée,20,Bonne,7.384986107,48.102530621,QIXnJ
A1610030,A161003001,2022-09-28,16713.0,2026-06-01T04:56:12Z,16,Donnée validée,8,Calculée,20,Bonne,7.384986107,48.102530621,QIXnJ
A1610030,A161003001,2022-09-29,17541.0,2026-06-01T04:56:12Z,16,Donnée validée,8,Calculée,20,Bonne,7.384986107,48.102530621,QIXnJ
A1610030,A161003001,2022-09-30,13422.0,2026-06-01T04:56:12Z,16,Donnée validée,8,Calculée,20,Bonne,7.384986107,48.102530621,QIXnJ
A1610030,A161003001,2022-10-01,10357.0,2026-06-01T04:56:12Z,16,Donnée validée,8,Calculée,20,Bonne,7.384986107,48.102530621,QIXnJ
A1610030,A161003001,2022-10-02,13277.0,2026-06-01T04:56:12Z,16,Donnée validée,8,Calculée,20,Bonne,7.384986107,48.102530621,QIXnJ
A1610030,A161003001,2022-10-03,16119.0,2026-06-01T04:56:12Z,16,Donnée validée,8,Calculée,20,Bonne,7.384986107,48.102530621,QIXnJ
A1610030,A161003001,2022-10-04,15900.0,2026-06-01T04:56:12Z,16,Donnée validée,8,Calculée,20,Bonne,7.384986107,48.102530621,QIXnJ
A1610030,A161003001,2022-10-05,12328.0,2026-06-01T04:56:12Z,16,Donnée validée,8,Calculée,20,Bonne,7.384986107,48.102530621,QIXnJ
A1610030,A161003001,2022-10-06,9525.0,2026-06-01T04:56:12Z,16,Donnée validée,8,Calculée,20,Bonne,7.384986107,48.102530621,QIXnJ
A1610030,A161003001,2022-10-07,8547.0,2026-06-01T04:56:12Z,16,Donnée validée,8,Calculée,20,Bonne,7.384986107,48.102530621,QIXnJ
A1610030,A161003001,2022-10-08,8308.0,2026-06-01T04:56:12Z,16,Donnée validée,8,Calculée,20,Bonne,7.384986107,48.102530621,QIXnJ
A1610030,A161003001,2022-10-09,8076.0,2026-06-01T04:56:12Z,16,Donnée validée,8,Calculée,20,Bonne,7.384986107,48.102530621,QIXnJ
A1610030,A161003001,2022-10-10,7809.0,2026-06-01T04:56:12Z,16,Donnée validée,8,Calculée,20,Bonne,7.384986107,48.102530621,QIXnJ
A1610030,A161003001,2022-10-11,8913.0,2026-06-01T04:56:12Z,16,Donnée validée,8,Calculée,20,Bonne,7.384986107,48.102530621,QIXnJ
A1610030,A161003001,2022-10-12,8988.0,2026-06-01T04:56:12Z,16,Donnée validée,8,Calculée,20,Bonne,7.384986107,48.102530621,QIXnJ
A1610030,A161003001,2022-10-13,7170.0,2026-06-01T04:56:12Z,16,Donnée validée,8,Calculée,20,Bonne,7.384986107,48.102530621,QIXnJ
A1610030,A161003001,2022-10-14,6661.0,2026-06-01T04:56:12Z,16,Donnée validée,8,Calculée,20,Bonne,7.384986107,48.102530621,QIXnJ
A1610030,A161003001,2022-10-15,18534.0,2026-06-01T04:56:12Z,16,Donnée validée,8,Calculée,20,Bonne,7.384986107,48.102530621,QIXnJ
A1610030,A161003001,2022-10-16,19144.0,2026-06-01T04:56:12Z,16,Donnée validée,8,Calculée,20,Bonne,7.384986107,48.102530621,QIXnJ
A1610030,A161003001,2022-10-17,16406.0,2026-06-01T04:56:12Z,16,Donnée validée,8,Calculée,20,Bonne,7.384986107,48.102530621,QIXnJ
A1610030,A161003001,2022-10-18,12835.0,2026-06-01T04:56:12Z,16,Donnée validée,8,Calculée,20,Bonne,7.384986107,48.102530621,QIXnJ
A1610030,A161003001,2022-10-19,10796.0,2026-06-01T04:56:12Z,16,Donnée validée,8,Calculée,20,Bonne,7.384986107,48.102530621,QIXnJ
A1610030,A161003001,2022-10-20,9251.0,2026-06-01T04:56:12Z,16,Donnée validée,8,Calculée,20,Bonne,7.384986107,48.102530621,QIXnJ
A1610030,A161003001,2022-10-21,33464.0,2026-06-01T04:56:12Z,16,Donnée validée,8,Calculée,20,Bonne,7.384986107,48.102530621,QIXnJ
A1610030,A161003001,2022-10-22,53098.0,2026-06-01T04:56:12Z,16,Donnée validée,8,Calculée,20,Bonne,7.384986107,48.102530621,QIXnJ
A1610030,A161003001,2022-10-23,44118.0,2026-06-01T04:56:12Z,16,Donnée validée,8,Calculée,20,Bonne,7.384986107,48.102530621,QIXnJ
A1610030,A161003001,2022-10-24,26895.0,2026-06-01T04:56:12Z,16,Donnée validée,8,Calculée,20,Bonne,7.384986107,48.102530621,QIXnJ
A1610030,A161003001,2022-10-25,23206.0,2026-06-01T04:56:12Z,16,Donnée validée,8,Calculée,20,Bonne,7.384986107,48.102530621,QIXnJ
A1610030,A161003001,2022-10-26,21134.0,2026-06-01T04:56:12Z,16,Donnée validée,8,Calculée,20,Bonne,7.384986107,48.102530621,QIXnJ
A1610030,A161003001,2022-10-27,17684.0,2026-06-01T04:56:12Z,16,Donnée validée,8,Calculée,20,Bonne,7.384986107,48.102530621,QIXnJ
A1610030,A161003001,2022-10-28,14897.0,2026-06-01T04:56:12Z,16,Donnée validée,8,Calculée,20,Bonne,7.384986107,48.102530621,QIXnJ
A1610030,A161003001,2022-10-29,11112.0,2026-06-01T04:56:12Z,16,Donnée validée,8,Calculée,20,Bonne,7.384986107,48.102530621,QIXnJ
A1610030,A161003001,2022-10-30,9786.0,2026-06-01T04:56:12Z,16,Donnée validée,8,Calculée,20,Bonne,7.384986107,48.102530621,QIXnJ
A1610030,A161003001,2022-10-31,9168.0,2026-06-01T04:56:12Z,16,Donnée validée,8,Calculée,20,Bonne,7.384986107,48.102530621,QIXnJ
A1610030,A161003001,2022-11-01,8676.0,2026-06-01T04:56:12Z,16,Donnée validée,8,Calculée,20,Bonne,7.384986107,48.102530621,QIXnJ
A1610030,A161003001,2022-11-02,8835.0,2026-06-01T04:56:12Z,16,Donnée validée,8,Calculée,20,Bonne,7.384986107,48.102530621,QIXnJ
A1610030,A161003001,2022-11-03,8669.0,2026-06-01T04:56:12Z,16,Donnée validée,8,Calculée,20,Bonne,7.384986107,48.102530621,QIXnJ
A1610030,A161003001,2022-11-04,10150.0,2026-06-01T04:56:12Z,16,Donnée validée,8,Calculée,20,Bonne,7.384986107,48.102530621,QIXnJ
A1610030,A161003001,2022-11-05,10186.0,2026-06-01T04:56:12Z,16,Donnée validée,8,Calculée,20,Bonne,7.384986107,48.102530621,QIXnJ
A1610030,A161003001,2022-11-06,9103.0,2026-06-01T04:56:12Z,16,Donnée validée,8,Calculée,20,Bonne,7.384986107,48.102530621,QIXnJ
A1610030,A161003001,2022-11-07,7810.0,2026-06-01T04:56:12Z,16,Donnée validée,8,Calculée,20,Bonne,7.384986107,48.102530621,QIXnJ
A1610030,A161003001,2022-11-08,7113.0,2026-06-01T04:56:12Z,16,Donnée validée,8,Calculée,20,Bonne,7.384986107,48.102530621,QIXnJ
A1610030,A161003001,2022-11-09,7090.0,2026-06-01T04:56:12Z,16,Donnée validée,8,Calculée,20,Bonne,7.384986107,48.102530621,QIXnJ
A1610030,A161003001,2022-11-10,11840.0,2026-06-01T04:56:12Z,16,Donnée validée,8,Calculée,20,Bonne,7.384986107,48.102530621,QIXnJ
A1610030,A161003001,2022-11-11,11405.0,2026-06-01T04:56:12Z,16,Donnée validée,8,Calculée,20,Bonne,7.384986107,48.102530621,QIXnJ
A1610030,A161003001,2022-11-12,8436.0,2026-06-01T04:56:12Z,16,Donnée validée,8,Calculée,20,Bonne,7.384986107,48.102530621,QIXnJ
A1610030,A161003001,2022-11-13,7705.0,2026-06-01T04:56:12Z,16,Donnée validée,8,Calculée,20,Bonne,7.384986107,48.102530621,QIXnJ
A1610030,A161003001,2022-11-14,6975.0,2026-06-01T04:56:12Z,16,Donnée validée,8,Calculée,20,Bonne,7.384986107,48.102530621,QIXnJ
A1610030,A161003001,2022-11-15,6347.0,2026-06-01T04:56:12Z,16,Donnée validée,8,Calculée,20,Bonne,7.384986107,48.102530621,QIXnJ
A1610030,A161003001,2022-11-16,11427.0,2026-06-01T04:56:12Z,16,Donnée validée,8,Calculée,20,Bonne,7.384986107,48.102530621,QIXnJ
A1610030,A161003001,2022-11-17,12330.0,2026-06-01T04:56:12Z,16,Donnée validée,8,Calculée,20,Bonne,7.384986107,48.102530621,QIXnJ
A1610030,A161003001,2022-11-18,29026.0,2026-06-01T04:56:12Z,16,Donnée validée,8,Calculée,20,Bonne,7.384986107,48.102530621,QIXnJ
A1610030,A161003001,2022-11-19,32330.0,2026-06-01T04:56:12Z,16,Donnée validée,8,Calculée,20,Bonne,7.384986107,48.102530621,QIXnJ
A1610030,A161003001,2022-11-20,28144.0,2026-06-01T04:56:12Z,16,Donnée validée,8,Calculée,20,Bonne,7.384986107,48.102530621,QIXnJ
A1610030,A161003001,2022-11-21,26849.0,2026-06-01T04:56:12Z,16,Donnée validée,8,Calculée,20,Bonne,7.384986107,48.102530621,QIXnJ
A1610030,A161003001,2022-11-22,30998.0,2026-06-01T04:56:12Z,16,Donnée validée,8,Calculée,20,Bonne,7.384986107,48.102530621,QIXnJ
A1610030,A161003001,2022-11-23,29637.0,2026-06-01T04:56:12Z,16,Donnée validée,8,Calculée,20,Bonne,7.384986107,48.102530621,QIXnJ
A1610030,A161003001,2022-11-24,30072.0,2026-06-01T04:56:12Z,16,Donnée validée,8,Calculée,20,Bonne,7.384986107,48.102530621,QIXnJ
A1610030,A161003001,2022-11-25,28816.0,2026-06-01T04:56:12Z,16,Donnée validée,8,Calculée,20,Bonne,7.384986107,48.102530621,QIXnJ
A1610030,A161003001,2022-11-26,24609.0,2026-06-01T04:56:12Z,16,Donnée validée,8,Calculée,20,Bonne,7.384986107,48.102530621,QIXnJ
A1610030,A161003001,2022-11-27,20326.0,2026-06-01T04:56:12Z,16,Donnée validée,8,Calculée,20,Bonne,7.384986107,48.102530621,QIXnJ
A1610030,A161003001,2022-11-28,17262.0,2026-06-01T04:56:12Z,16,Donnée validée,8,Calculée,20,Bonne,7.384986107,48.102530621,QIXnJ
A1610030,A161003001,2022-11-29,16273.0,2026-06-01T04:56:12Z,16,Donnée validée,8,Calculée,20,Bonne,7.384986107,48.102530621,QIXnJ
A1610030,A161003001,2022-11-30,14261.0,2026-06-01T04:56:12Z,16,Donnée validée,8,Calculée,20,Bonne,7.384986107,48.102530621,QIXnJ
A1610030,A161003001,2022-12-01,12381.0,2026-06-01T04:56:12Z,16,Donnée validée,8,Calculée,20,Bonne,7.384986107,48.102530621,QIXnJ
A1610030,A161003001,2022-12-02,11775.0,2026-06-01T04:56:12Z,16,Donnée validée,8,Calculée,20,Bonne,7.384986107,48.102530621,QIXnJ
A1610030,A161003001,2022-12-03,9924.0,2026-06-01T04:56:12Z,16,Donnée validée,8,Calculée,20,Bonne,7.384986107,48.102530621,QIXnJ
A1610030,A161003001,2022-12-04,9191.0,2026-06-01T04:56:12Z,16,Donnée validée,8,Calculée,20,Bonne,7.384986107,48.102530621,QIXnJ
A1610030,A161003001,2022-12-05,9052.0,2026-06-01T04:56:12Z,16,Donnée validée,8,Calculée,20,Bonne,7.384986107,48.102530621,QIXnJ
A1610030,A161003001,2022-12-06,8143.0,2026-06-01T04:56:12Z,16,Donnée validée,8,Calculée,20,Bonne,7.384986107,48.102530621,QIXnJ
A1610030,A161003001,2022-12-07,7724.0,2026-06-01T04:56:12Z,16,Donnée validée,8,Calculée,20,Bonne,7.384986107,48.102530621,QIXnJ
A1610030,A161003001,2022-12-08,7234.0,2026-06-01T04:56:12Z,16,Donnée validée,8,Calculée,20,Bonne,7.384986107,48.102530621,QIXnJ
A1610030,A161003001,2022-12-09,6869.0,2026-06-01T04:56:12Z,16,Donnée validée,8,Calculée,20,Bonne,7.384986107,48.102530621,QIXnJ
A1610030,A161003001,2022-12-10,6608.0,2026-06-01T04:56:12Z,16,Donnée validée,8,Calculée,20,Bonne,7.384986107,48.102530621,QIXnJ
A1610030,A161003001,2022-12-11,6576.0,2026-06-01T04:56:12Z,16,Donnée validée,8,Calculée,20,Bonne,7.384986107,48.102530621,QIXnJ
A1610030,A161003001,2022-12-12,6264.0,2026-06-01T04:56:12Z,16,Donnée validée,8,Calculée,20,Bonne,7.384986107,48.102530621,QIXnJ
A1610030,A161003001,2022-12-13,5845.0,2026-06-01T04:56:12Z,16,Donnée validée,8,Calculée,20,Bonne,7.384986107,48.102530621,QIXnJ
A1610030,A161003001,2022-12-14,7430.0,2026-06-01T04:56:12Z,16,Donnée validée,8,Calculée,20,Bonne,7.384986107,48.102530621,QIXnJ
A1610030,A161003001,2022-12-15,21863.0,2026-06-01T04:56:12Z,16,Donnée validée,8,Calculée,20,Bonne,7.384986107,48.102530621,QIXnJ
A1610030,A161003001,2022-12-16,21534.0,2026-06-01T04:56:12Z,16,Donnée validée,8,Calculée,20,Bonne,7.384986107,48.102530621,QIXnJ
A1610030,A161003001,2022-12-17,13357.0,2026-06-01T04:56:12Z,16,Donnée validée,8,Calculée,20,Bonne,7.384986107,48.102530621,QIXnJ
A1610030,A161003001,2022-12-18,9931.0,2026-06-01T04:56:12Z,16,Donnée validée,8,Calculée,20,Bonne,7.384986107,48.102530621,QIXnJ
A1610030,A161003001,2022-12-19,8776.0,2026-06-01T04:56:12Z,16,Donnée validée,8,Calculée,20,Bonne,7.384986107,48.102530621,QIXnJ
A1610030,A161003001,2022-12-20,9168.0,2026-06-01T04:56:12Z,16,Donnée validée,8,Calculée,20,Bonne,7.384986107,48.102530621,QIXnJ
A1610030,A161003001,2022-12-21,17324.0,2026-06-01T04:56:12Z,16,Donnée validée,8,Calculée,20,Bonne,7.384986107,48.102530621,QIXnJ
A1610030,A161003001,2022-12-22,24922.0,2026-06-01T04:56:12Z,16,Donnée validée,8,Calculée,20,Bonne,7.384986107,48.102530621,QIXnJ
A1610030,A161003001,2022-12-23,65362.0,2026-06-01T04:56:12Z,16,Donnée validée,8,Calculée,20,Bonne,7.384986107,48.102530621,QIXnJ
A1610030,A161003001,2022-12-24,101252.0,2026-06-01T04:56:12Z,16,Donnée validée,8,Calculée,20,Bonne,7.384986107,48.102530621,QIXnJ
A1610030,A161003001,2022-12-25,86877.0,2026-06-01T04:56:12Z,16,Donnée validée,8,Calculée,20,Bonne,7.384986107,48.102530621,QIXnJ
A1610030,A161003001,2022-12-26,48367.0,2026-06-01T04:56:12Z,16,Donnée validée,8,Calculée,20,Bonne,7.384986107,48.102530621,QIXnJ
A1610030,A161003001,2022-12-27,43920.0,2026-06-01T04:56:12Z,16,Donnée validée,8,Calculée,20,Bonne,7.384986107,48.102530621,QIXnJ
A1610030,A161003001,2022-12-28,44393.0,2026-06-01T04:56:12Z,16,Donnée validée,8,Calculée,20,Bonne,7.384986107,48.102530621,QIXnJ
A1610030,A161003001,2022-12-29,37795.0,2026-06-01T04:56:12Z,16,Donnée validée,8,Calculée,20,Bonne,7.384986107,48.102530621,QIXnJ
A1610030,A161003001,2022-12-30,29836.0,2026-06-01T04:56:12Z,16,Donnée validée,8,Calculée,20,Bonne,7.384986107,48.102530621,QIXnJ
A1610030,A161003001,2022-12-31,38906.0,2026-06-01T04:56:12Z,16,Donnée validée,8,Calculée,20,Bonne,7.384986107,48.102530621,QIXnJ
A1610030,A161003001,2023-01-01,38017.0,2026-06-01T04:56:12Z,16,Donnée validée,8,Calculée,20,Bonne,7.384986107,48.102530621,QIXnJ
A1610030,A161003001,2023-01-02,31943.0,2026-06-01T04:56:12Z,16,Donnée validée,8,Calculée,20,Bonne,7.384986107,48.102530621,QIXnJ
A1610030,A161003001,2023-01-03,27074.0,2026-06-01T04:56:12Z,16,Donnée validée,8,Calculée,20,Bonne,7.384986107,48.102530621,QIXnJ
A1610030,A161003001,2023-01-04,22170.0,2026-06-01T04:56:12Z,16,Donnée validée,8,Calculée,20,Bonne,7.384986107,48.102530621,QIXnJ
A1610030,A161003001,2023-01-05,19675.0,2026-06-01T04:56:12Z,16,Donnée validée,8,Calculée,20,Bonne,7.384986107,48.102530621,QIXnJ
A1610030,A161003001,2023-01-06,20199.0,2026-06-01T04:56:12Z,16,Donnée validée,8,Calculée,20,Bonne,7.384986107,48.102530621,QIXnJ
A1610030,A161003001,2023-01-07,19096.0,2026-06-01T04:56:12Z,16,Donnée validée,8,Calculée,20,Bonne,7.384986107,48.102530621,QIXnJ
A1610030,A161003001,2023-01-08,22302.0,2026-06-01T04:56:12Z,16,Donnée validée,8,Calculée,20,Bonne,7.384986107,48.102530621,QIXnJ
A1610030,A161003001,2023-01-09,60486.0,2026-06-01T04:56:12Z,16,Donnée validée,8,Calculée,20,Bonne,7.384986107,48.102530621,QIXnJ
A1610030,A161003001,2023-01-10,61907.0,2026-06-01T04:56:12Z,16,Donnée validée,8,Calculée,20,Bonne,7.384986107,48.102530621,QIXnJ
A1610030,A161003001,2023-01-11,55604.0,2026-06-01T04:56:12Z,16,Donnée validée,8,Calculée,20,Bonne,7.384986107,48.102530621,QIXnJ
A1610030,A161003001,2023-01-12,55138.0,2026-06-01T04:56:12Z,16,Donnée validée,8,Calculée,20,Bonne,7.384986107,48.102530621,QIXnJ
A1610030,A161003001,2023-01-13,50838.0,2026-06-01T04:56:12Z,16,Donnée validée,8,Calculée,20,Bonne,7.384986107,48.102530621,QIXnJ
A1610030,A161003001,2023-01-14,50313.0,2026-06-01T04:56:12Z,16,Donnée validée,8,Calculée,20,Bonne,7.384986107,48.102530621,QIXnJ
A1610030,A161003001,2023-01-15,92987.0,2026-06-01T04:56:12Z,16,Donnée validée,8,Calculée,20,Bonne,7.384986107,48.102530621,QIXnJ
A1610030,A161003001,2023-01-16,82540.0,2026-06-01T04:56:12Z,16,Donnée validée,8,Calculée,20,Bonne,7.384986107,48.102530621,QIXnJ
A1610030,A161003001,2023-01-17,78084.0,2026-06-01T04:56:12Z,16,Donnée validée,8,Calculée,20,Bonne,7.384986107,48.102530621,QIXnJ
A1610030,A161003001,2023-01-18,59470.0,2026-06-01T04:56:12Z,16,Donnée validée,8,Calculée,20,Bonne,7.384986107,48.102530621,QIXnJ
A1610030,A161003001,2023-01-19,50425.0,2026-06-01T04:56:12Z,16,Donnée validée,8,Calculée,20,Bonne,7.384986107,48.102530621,QIXnJ
A1610030,A161003001,2023-01-20,40614.0,2026-06-01T04:56:12Z,16,Donnée validée,8,Calculée,20,Bonne,7.384986107,48.102530621,QIXnJ
A1610030,A161003001,2023-01-21,32601.0,2026-06-01T04:56:12Z,16,Donnée validée,8,Calculée,20,Bonne,7.384986107,48.102530621,QIXnJ
A1610030,A161003001,2023-01-22,26199.0,2026-06-01T04:56:12Z,16,Donnée validée,8,Calculée,20,Bonne,7.384986107,48.102530621,QIXnJ
A1610030,A161003001,2023-01-23,22929.0,2026-06-01T04:56:12Z,16,Donnée validée,8,Calculée,20,Bonne,7.384986107,48.102530621,QIXnJ
A1610030,A161003001,2023-01-24,20279.0,2026-06-01T04:56:12Z,16,Donnée validée,8,Calculée,20,Bonne,7.384986107,48.102530621,QIXnJ
A1610030,A161003001,2023-01-25,18192.0,2026-06-01T04:56:12Z,16,Donnée validée,8,Calculée,20,Bonne,7.384986107,48.102530621,QIXnJ
A1610030,A161003001,2023-01-26,17885.0,2026-06-01T04:56:12Z,16,Donnée validée,8,Calculée,20,Bonne,7.384986107,48.102530621,QIXnJ
A1610030,A161003001,2023-01-27,17220.0,2026-06-01T04:56:12Z,16,Donnée validée,8,Calculée,20,Bonne,7.384986107,48.102530621,QIXnJ
A1610030,A161003001,2023-01-28,15791.0,2026-06-01T04:56:12Z,16,Donnée validée,8,Calculée,20,Bonne,7.384986107,48.102530621,QIXnJ
A1610030,A161003001,2023-01-29,14048.0,2026-06-01T04:56:12Z,16,Donnée validée,8,Calculée,20,Bonne,7.384986107,48.102530621,QIXnJ
A1610030,A161003001,2023-01-30,14863.0,2026-06-01T04:56:12Z,16,Donnée validée,8,Calculée,20,Bonne,7.384986107,48.102530621,QIXnJ
A1610030,A161003001,2023-01-31,13912.0,2026-06-01T04:56:12Z,16,Donnée validée,8,Calculée,20,Bonne,7.384986107,48.102530621,QIXnJ
A1610030,A161003001,2023-02-01,11565.0,2026-06-01T04:56:12Z,16,Donnée validée,8,Calculée,20,Bonne,7.384986107,48.102530621,QIXnJ
A1610030,A161003001,2023-02-02,11169.0,2026-06-01T04:56:12Z,16,Donnée validée,8,Calculée,20,Bonne,7.384986107,48.102530621,QIXnJ
A1610030,A161003001,2023-02-03,10899.0,2026-06-01T04:56:12Z,16,Donnée validée,8,Calculée,20,Bonne,7.384986107,48.102530621,QIXnJ
A1610030,A161003001,2023-02-04,11205.0,2026-06-01T04:56:12Z,16,Donnée validée,8,Calculée,20,Bonne,7.384986107,48.102530621,QIXnJ
A1610030,A161003001,2023-02-05,11380.0,2026-06-01T04:56:12Z,16,Donnée validée,8,Calculée,20,Bonne,7.384986107,48.102530621,QIXnJ
A1610030,A161003001,2023-02-06,11554.0,2026-06-01T04:56:12Z,16,Donnée validée,8,Calculée,20,Bonne,7.384986107,48.102530621,QIXnJ
A1610030,A161003001,2023-02-07,11336.0,2026-06-01T04:56:12Z,16,Donnée validée,8,Calculée,20,Bonne,7.384986107,48.102530621,QIXnJ
A1610030,A161003001,2023-02-08,10986.0,2026-06-01T04:56:12Z,16,Donnée validée,8,Calculée,20,Bonne,7.384986107,48.102530621,QIXnJ
A1610030,A161003001,2023-02-09,10550.0,2026-06-01T04:56:12Z,16,Donnée validée,8,Calculée,20,Bonne,7.384986107,48.102530621,QIXnJ
A1610030,A161003001,2023-02-10,10040.0,2026-06-01T04:56:12Z,16,Donnée validée,8,Calculée,20,Bonne,7.384986107,48.102530621,QIXnJ
A1610030,A161003001,2023-02-11,9577.0,2026-06-01T04:56:12Z,16,Donnée validée,8,Calculée,20,Bonne,7.384986107,48.102530621,QIXnJ
A1610030,A161003001,2023-02-12,9248.0,2026-06-01T04:56:12Z,16,Donnée validée,8,Calculée,20,Bonne,7.384986107,48.102530621,QIXnJ
A1610030,A161003001,2023-02-13,8914.0,2026-06-01T04:56:12Z,16,Donnée validée,8,Calculée,20,Bonne,7.384986107,48.102530621,QIXnJ
A1610030,A161003001,2023-02-14,8713.0,2026-06-01T04:56:12Z,16,Donnée validée,8,Calculée,20,Bonne,7.384986107,48.102530621,QIXnJ
A1610030,A161003001,2023-02-15,8585.0,2026-06-01T04:56:12Z,16,Donnée validée,8,Calculée,20,Bonne,7.384986107,48.102530621,QIXnJ
A1610030,A161003001,2023-02-16,8397.0,2026-06-01T04:56:12Z,16,Donnée validée,8,Calculée,20,Bonne,7.384986107,48.102530621,QIXnJ
A1610030,A161003001,2023-02-17,7374.0,2026-06-01T04:56:12Z,16,Donnée validée,8,Calculée,20,Bonne,7.384986107,48.102530621,QIXnJ
A1610030,A161003001,2023-02-18,7356.0,2026-06-01T04:56:12Z,16,Donnée validée,8,Calculée,20,Bonne,7.384986107,48.102530621,QIXnJ
A1610030,A161003001,2023-02-19,7777.0,2026-06-01T04:56:12Z,16,Donnée validée,8,Calculée,20,Bonne,7.384986107,48.102530621,QIXnJ
A1610030,A161003001,2023-02-20,7848.0,2026-06-01T04:56:12Z,16,Donnée validée,8,Calculée,20,Bonne,7.384986107,48.102530621,QIXnJ
A1610030,A161003001,2023-02-21,7848.0,2026-06-01T04:56:12Z,16,Donnée validée,8,Calculée,20,Bonne,7.384986107,48.102530621,QIXnJ
A1610030,A161003001,2023-02-22,7672.0,2026-06-01T04:56:12Z,16,Donnée validée,8,Calculée,20,Bonne,7.384986107,48.102530621,QIXnJ
A1610030,A161003001,2023-02-23,7497.0,2026-06-01T04:56:12Z,16,Donnée validée,8,Calculée,20,Bonne,7.384986107,48.102530621,QIXnJ
A1610030,A161003001,2023-02-24,7216.0,2026-06-01T04:56:12Z,16,Donnée validée,8,Calculée,20,Bonne,7.384986107,48.102530621,QIXnJ
A1610030,A161003001,2023-02-25,7181.0,2026-06-01T04:56:12Z,16,Donnée validée,8,Calculée,20,Bonne,7.384986107,48.102530621,QIXnJ
A1610030,A161003001,2023-02-26,7356.0,2026-06-01T04:56:12Z,16,Donnée validée,8,Calculée,20,Bonne,7.384986107,48.102530621,QIXnJ
A1610030,A161003001,2023-02-27,6877.0,2026-06-01T04:56:12Z,16,Donnée validée,8,Calculée,20,Bonne,7.384986107,48.102530621,QIXnJ
A1610030,A161003001,2023-02-28,6272.0,2026-06-01T04:56:12Z,16,Donnée validée,8,Calculée,20,Bonne,7.384986107,48.102530621,QIXnJ
A1610030,A161003001,2023-03-01,6092.0,2026-06-01T04:56:12Z,16,Donnée validée,8,Calculée,20,Bonne,7.384986107,48.102530621,QIXnJ
A1610030,A161003001,2023-03-02,5842.0,2026-06-01T04:56:12Z,16,Donnée validée,8,Calculée,20,Bonne,7.384986107,48.102530621,QIXnJ
A1610030,A161003001,2023-03-03,5601.0,2026-06-01T04:56:12Z,16,Donnée validée,8,Calculée,20,Bonne,7.384986107,48.102530621,QIXnJ
A1610030,A161003001,2023-03-04,5304.0,2026-06-01T04:56:12Z,16,Donnée validée,8,Calculée,20,Bonne,7.384986107,48.102530621,QIXnJ
A1610030,A161003001,2023-03-05,5085.0,2026-06-01T04:56:12Z,16,Donnée validée,8,Calculée,20,Bonne,7.384986107,48.102530621,QIXnJ
A1610030,A161003001,2023-03-06,4934.0,2026-06-01T04:56:12Z,16,Donnée validée,8,Calculée,20,Bonne,7.384986107,48.102530621,QIXnJ
A1610030,A161003001,2023-03-07,4762.0,2026-06-01T04:56:12Z,16,Donnée validée,8,Calculée,20,Bonne,7.384986107,48.102530621,QIXnJ
A1610030,A161003001,2023-03-08,4905.0,2026-06-01T04:56:12Z,16,Donnée validée,8,Calculée,20,Bonne,7.384986107,48.102530621,QIXnJ
A1610030,A161003001,2023-03-09,20652.0,2026-06-01T04:56:12Z,16,Donnée validée,8,Calculée,20,Bonne,7.384986107,48.102530621,QIXnJ
A1610030,A161003001,2023-03-10,33327.0,2026-06-01T04:56:12Z,16,Donnée validée,8,Calculée,20,Bonne,7.384986107,48.102530621,QIXnJ
A1610030,A161003001,2023-03-11,42078.0,2026-06-01T04:56:12Z,16,Donnée validée,8,Calculée,20,Bonne,7.384986107,48.102530621,QIXnJ
A1610030,A161003001,2023-03-12,37395.0,2026-06-01T04:56:12Z,16,Donnée validée,8,Calculée,20,Bonne,7.384986107,48.102530621,QIXnJ
A1610030,A161003001,2023-03-13,29733.0,2026-06-01T04:56:12Z,16,Donnée validée,8,Calculée,20,Bonne,7.384986107,48.102530621,QIXnJ
A1610030,A161003001,2023-03-14,65253.0,2026-06-01T04:56:12Z,16,Donnée validée,8,Calculée,20,Bonne,7.384986107,48.102530621,QIXnJ
A1610030,A161003001,2023-03-15,65253.0,2026-06-01T04:56:12Z,16,Donnée validée,8,Calculée,20,Bonne,7.384986107,48.102530621,QIXnJ
A1610030,A161003001,2023-03-16,49290.0,2026-06-01T04:56:12Z,16,Donnée validée,8,Calculée,20,Bonne,7.384986107,48.102530621,QIXnJ
A1610030,A161003001,2023-03-17,37467.0,2026-06-01T04:56:12Z,16,Donnée validée,8,Calculée,20,Bonne,7.384986107,48.102530621,QIXnJ
A1610030,A161003001,2023-03-18,29902.0,2026-06-01T04:56:12Z,16,Donnée validée,8,Calculée,20,Bonne,7.384986107,48.102530621,QIXnJ
A1610030,A161003001,2023-03-19,23614.0,2026-06-01T04:56:12Z,16,Donnée validée,8,Calculée,20,Bonne,7.384986107,48.102530621,QIXnJ
A1610030,A161003001,2023-03-20,24990.0,2026-06-01T04:56:12Z,16,Donnée validée,8,Calculée,20,Bonne,7.384986107,48.102530621,QIXnJ
A1610030,A161003001,2023-03-21,16967.0,2026-06-01T04:56:12Z,16,Donnée validée,8,Calculée,20,Bonne,7.384986107,48.102530621,QIXnJ
A1610030,A161003001,2023-03-22,14221.0,2026-06-01T04:56:12Z,16,Donnée validée,8,Calculée,20,Bonne,7.384986107,48.102530621,QIXnJ
A1610030,A161003001,2023-03-23,12764.0,2026-06-01T04:56:12Z,16,Donnée validée,8,Calculée,20,Bonne,7.384986107,48.102530621,QIXnJ
A1610030,A161003001,2023-03-24,14496.0,2026-06-01T04:56:12Z,16,Donnée validée,8,Calculée,20,Bonne,7.384986107,48.102530621,QIXnJ
A1610030,A161003001,2023-03-25,31726.0,2026-06-01T04:56:12Z,16,Donnée validée,8,Calculée,20,Bonne,7.384986107,48.102530621,QIXnJ
A1610030,A161003001,2023-03-26,37519.0,2026-06-01T04:56:12Z,16,Donnée validée,8,Calculée,20,Bonne,7.384986107,48.102530621,QIXnJ
A1610030,A161003001,2023-03-27,34323.0,2026-06-01T04:56:12Z,16,Donnée validée,8,Calculée,20,Bonne,7.384986107,48.102530621,QIXnJ
A1610030,A161003001,2023-03-28,31231.0,2026-06-01T04:56:12Z,16,Donnée validée,8,Calculée,20,Bonne,7.384986107,48.102530621,QIXnJ
A1610030,A161003001,2023-03-29,27002.0,2026-06-01T04:56:12Z,16,Donnée validée,8,Calculée,20,Bonne,7.384986107,48.102530621,QIXnJ
A1610030,A161003001,2023-03-30,23221.0,2026-06-01T04:56:12Z,16,Donnée validée,8,Calculée,20,Bonne,7.384986107,48.102530621,QIXnJ
A1610030,A161003001,2023-03-31,25362.0,2026-06-01T04:56:12Z,16,Donnée validée,8,Calculée,20,Bonne,7.384986107,48.102530621,QIXnJ
A1610030,A161003001,2023-04-01,94137.0,2026-06-01T04:56:12Z,16,Donnée validée,8,Calculée,20,Bonne,7.384986107,48.102530621,QIXnJ
A1610030,A161003001,2023-04-02,86283.0,2026-06-01T04:56:12Z,16,Donnée validée,8,Calculée,20,Bonne,7.384986107,48.102530621,QIXnJ
A1610030,A161003001,2023-04-03,68672.0,2026-06-01T04:56:12Z,16,Donnée validée,8,Calculée,20,Bonne,7.384986107,48.102530621,QIXnJ
A1610030,A161003001,2023-04-04,51576.0,2026-06-01T04:56:12Z,16,Donnée validée,8,Calculée,20,Bonne,7.384986107,48.102530621,QIXnJ
A1610030,A161003001,2023-04-05,40807.0,2026-06-01T04:56:12Z,16,Donnée validée,8,Calculée,20,Bonne,7.384986107,48.102530621,QIXnJ
A1610030,A161003001,2023-04-06,33043.0,2026-06-01T04:56:12Z,16,Donnée validée,8,Calculée,20,Bonne,7.384986107,48.102530621,QIXnJ
A1610030,A161003001,2023-04-07,27128.0,2026-06-01T04:56:12Z,16,Donnée validée,8,Calculée,20,Bonne,7.384986107,48.102530621,QIXnJ
A1610030,A161003001,2023-04-08,28821.0,2026-06-01T04:56:12Z,16,Donnée validée,8,Calculée,20,Bonne,7.384986107,48.102530621,QIXnJ
A1610030,A161003001,2023-04-09,24189.0,2026-06-01T04:56:12Z,16,Donnée validée,8,Calculée,20,Bonne,7.384986107,48.102530621,QIXnJ
A1610030,A161003001,2023-04-10,19719.0,2026-06-01T04:56:12Z,16,Donnée validée,8,Calculée,20,Bonne,7.384986107,48.102530621,QIXnJ
A1610030,A161003001,2023-04-11,17616.0,2026-06-01T04:56:12Z,16,Donnée validée,8,Calculée,20,Bonne,7.384986107,48.102530621,QIXnJ
A1610030,A161003001,2023-04-12,19983.0,2026-06-01T04:56:12Z,16,Donnée validée,8,Calculée,20,Bonne,7.384986107,48.102530621,QIXnJ
A1610030,A161003001,2023-04-13,28349.0,2026-06-01T04:56:12Z,16,Donnée validée,8,Calculée,20,Bonne,7.384986107,48.102530621,QIXnJ
A1610030,A161003001,2023-04-14,27759.0,2026-06-01T04:56:12Z,16,Donnée validée,8,Calculée,20,Bonne,7.384986107,48.102530621,QIXnJ
A1610030,A161003001,2023-04-15,22803.0,2026-06-01T04:56:12Z,16,Donnée validée,8,Calculée,20,Bonne,7.384986107,48.102530621,QIXnJ
A1610030,A161003001,2023-04-16,20677.0,2026-06-01T04:56:12Z,16,Donnée validée,8,Calculée,20,Bonne,7.384986107,48.102530621,QIXnJ
A1610030,A161003001,2023-04-17,19553.0,2026-06-01T04:56:12Z,16,Donnée validée,8,Calculée,20,Bonne,7.384986107,48.102530621,QIXnJ
A1610030,A161003001,2023-04-18,18882.0,2026-06-01T04:56:12Z,16,Donnée validée,8,Calculée,20,Bonne,7.384986107,48.102530621,QIXnJ
A1610030,A161003001,2023-04-19,16956.0,2026-06-01T04:56:12Z,16,Donnée validée,8,Calculée,20,Bonne,7.384986107,48.102530621,QIXnJ
A1610030,A161003001,2023-04-20,15305.0,2026-06-01T04:56:12Z,16,Donnée validée,8,Calculée,20,Bonne,7.384986107,48.102530621,QIXnJ
A1610030,A161003001,2023-04-21,14345.0,2026-06-01T04:56:12Z,16,Donnée validée,8,Calculée,20,Bonne,7.384986107,48.102530621,QIXnJ
A1610030,A161003001,2023-04-22,13542.0,2026-06-01T04:56:12Z,16,Donnée validée,8,Calculée,20,Bonne,7.384986107,48.102530621,QIXnJ
A1610030,A161003001,2023-04-23,12420.0,2026-06-01T04:56:12Z,16,Donnée validée,8,Calculée,20,Bonne,7.384986107,48.102530621,QIXnJ
A1610030,A161003001,2023-04-24,12603.0,2026-06-01T04:56:12Z,16,Donnée validée,8,Calculée,20,Bonne,7.384986107,48.102530621,QIXnJ
A1610030,A161003001,2023-04-25,12912.0,2026-06-01T04:56:12Z,16,Donnée validée,8,Calculée,20,Bonne,7.384986107,48.102530621,QIXnJ
A1610030,A161003001,2023-04-26,13171.0,2026-06-01T04:56:12Z,16,Donnée validée,8,Calculée,20,Bonne,7.384986107,48.102530621,QIXnJ
A1610030,A161003001,2023-04-27,12341.0,2026-06-01T04:56:12Z,16,Donnée validée,8,Calculée,20,Bonne,7.384986107,48.102530621,QIXnJ
A1610030,A161003001,2023-04-28,13883.0,2026-06-01T04:56:12Z,16,Donnée validée,8,Calculée,20,Bonne,7.384986107,48.102530621,QIXnJ
A1610030,A161003001,2023-04-29,26410.0,2026-06-01T04:56:12Z,16,Donnée validée,8,Calculée,20,Bonne,7.384986107,48.102530621,QIXnJ
A1610030,A161003001,2023-04-30,23297.0,2026-06-01T04:56:12Z,16,Donnée validée,8,Calculée,20,Bonne,7.384986107,48.102530621,QIXnJ
A1610030,A161003001,2023-05-01,16255.0,2026-06-01T04:56:12Z,16,Donnée validée,8,Calculée,20,Bonne,7.384986107,48.102530621,QIXnJ
A1610030,A161003001,2023-05-02,14606.0,2026-06-01T04:56:12Z,16,Donnée validée,8,Calculée,20,Bonne,7.384986107,48.102530621,QIXnJ
A1610030,A161003001,2023-05-03,13634.0,2026-06-01T04:56:12Z,16,Donnée validée,8,Calculée,20,Bonne,7.384986107,48.102530621,QIXnJ
A1610030,A161003001,2023-05-04,12268.0,2026-06-01T04:56:12Z,16,Donnée validée,8,Calculée,20,Bonne,7.384986107,48.102530621,QIXnJ
A1610030,A161003001,2023-05-05,12296.0,2026-06-01T04:56:12Z,16,Donnée validée,8,Calculée,20,Bonne,7.384986107,48.102530621,QIXnJ
A1610030,A161003001,2023-05-06,18371.0,2026-06-01T04:56:12Z,16,Donnée validée,8,Calculée,20,Bonne,7.384986107,48.102530621,QIXnJ
A1610030,A161003001,2023-05-07,14734.0,2026-06-01T04:56:12Z,16,Donnée validée,8,Calculée,20,Bonne,7.384986107,48.102530621,QIXnJ
A1610030,A161003001,2023-05-08,12435.0,2026-06-01T04:56:12Z,16,Donnée validée,8,Calculée,20,Bonne,7.384986107,48.102530621,QIXnJ
A1610030,A161003001,2023-05-09,13044.0,2026-06-01T04:56:12Z,16,Donnée validée,8,Calculée,20,Bonne,7.384986107,48.102530621,QIXnJ
A1610030,A161003001,2023-05-10,27806.0,2026-06-01T04:56:12Z,16,Donnée validée,8,Calculée,20,Bonne,7.384986107,48.102530621,QIXnJ
A1610030,A161003001,2023-05-11,27491.0,2026-06-01T04:56:12Z,16,Donnée validée,8,Calculée,20,Bonne,7.384986107,48.102530621,QIXnJ
A1610030,A161003001,2023-05-12,18452.0,2026-06-01T04:56:12Z,16,Donnée validée,8,Calculée,20,Bonne,7.384986107,48.102530621,QIXnJ
A1610030,A161003001,2023-05-13,17128.0,2026-06-01T04:56:12Z,16,Donnée validée,8,Calculée,20,Bonne,7.384986107,48.102530621,QIXnJ
A1610030,A161003001,2023-05-14,14380.0,2026-06-01T04:56:12Z,16,Donnée validée,8,Calculée,20,Bonne,7.384986107,48.102530621,QIXnJ
A1610030,A161003001,2023-05-15,14411.0,2026-06-01T04:56:12Z,16,Donnée validée,8,Calculée,20,Bonne,7.384986107,48.102530621,QIXnJ
A1610030,A161003001,2023-05-16,14409.0,2026-06-01T04:56:12Z,16,Donnée validée,8,Calculée,20,Bonne,7.384986107,48.102530621,QIXnJ
A1610030,A161003001,2023-05-17,12911.0,2026-06-01T04:56:12Z,16,Donnée validée,8,Calculée,20,Bonne,7.384986107,48.102530621,QIXnJ
A1610030,A161003001,2023-05-18,11767.0,2026-06-01T04:56:12Z,16,Donnée validée,8,Calculée,20,Bonne,7.384986107,48.102530621,QIXnJ
A1610030,A161003001,2023-05-19,10619.0,2026-06-01T04:56:12Z,16,Donnée validée,8,Calculée,20,Bonne,7.384986107,48.102530621,QIXnJ
A1610030,A161003001,2023-05-20,9862.0,2026-06-01T04:56:12Z,16,Donnée validée,8,Calculée,20,Bonne,7.384986107,48.102530621,QIXnJ
A1610030,A161003001,2023-05-21,9361.0,2026-06-01T04:56:12Z,16,Donnée validée,8,Calculée,20,Bonne,7.384986107,48.102530621,QIXnJ
A1610030,A161003001,2023-05-22,8716.0,2026-06-01T04:56:12Z,16,Donnée validée,8,Calculée,20,Bonne,7.384986107,48.102530621,QIXnJ
A1610030,A161003001,2023-05-23,11185.0,2026-06-01T04:56:12Z,16,Donnée validée,8,Calculée,20,Bonne,7.384986107,48.102530621,QIXnJ
A1610030,A161003001,2023-05-24,8246.0,2026-06-01T04:56:12Z,16,Donnée validée,8,Calculée,20,Bonne,7.384986107,48.102530621,QIXnJ
A1610030,A161003001,2023-05-25,7676.0,2026-06-01T04:56:12Z,16,Donnée validée,8,Calculée,20,Bonne,7.384986107,48.102530621,QIXnJ
A1610030,A161003001,2023-05-26,7348.0,2026-06-01T04:56:12Z,16,Donnée validée,8,Calculée,20,Bonne,7.384986107,48.102530621,QIXnJ
A1610030,A161003001,2023-05-27,6778.0,2026-06-01T04:56:12Z,16,Donnée validée,8,Calculée,20,Bonne,7.384986107,48.102530621,QIXnJ
A1610030,A161003001,2023-05-28,6211.0,2026-06-01T04:56:12Z,16,Donnée validée,8,Calculée,20,Bonne,7.384986107,48.102530621,QIXnJ
A1610030,A161003001,2023-05-29,5640.0,2026-06-01T04:56:12Z,16,Donnée validée,8,Calculée,20,Bonne,7.384986107,48.102530621,QIXnJ
A1610030,A161003001,2023-05-30,5298.0,2026-06-01T04:56:12Z,16,Donnée validée,8,Calculée,20,Bonne,7.384986107,48.102530621,QIXnJ
A1610030,A161003001,2023-05-31,4922.0,2026-06-01T04:56:12Z,16,Donnée validée,8,Calculée,20,Bonne,7.384986107,48.102530621,QIXnJ
A1610030,A161003001,2023-06-01,4659.0,2026-06-01T04:56:12Z,16,Donnée validée,8,Calculée,20,Bonne,7.384986107,48.102530621,QIXnJ
A1610030,A161003001,2023-06-02,4366.0,2026-06-01T04:56:12Z,16,Donnée validée,8,Calculée,20,Bonne,7.384986107,48.102530621,QIXnJ
A1610030,A161003001,2023-06-03,4330.0,2026-06-01T04:56:12Z,16,Donnée validée,8,Calculée,20,Bonne,7.384986107,48.102530621,QIXnJ
A1610030,A161003001,2023-06-04,4267.0,2026-06-01T04:56:12Z,16,Donnée validée,8,Calculée,20,Bonne,7.384986107,48.102530621,QIXnJ
A1610030,A161003001,2023-06-05,5570.0,2026-06-01T04:56:12Z,16,Donnée validée,8,Calculée,20,Bonne,7.384986107,48.102530621,QIXnJ
A1610030,A161003001,2023-06-06,5570.0,2026-06-01T04:56:12Z,16,Donnée validée,8,Calculée,20,Bonne,7.384986107,48.102530621,QIXnJ
A1610030,A161003001,2023-06-07,5556.0,2026-06-01T04:56:12Z,16,Donnée validée,8,Calculée,20,Bonne,7.384986107,48.102530621,QIXnJ
A1610030,A161003001,2023-06-08,5571.0,2026-06-01T04:56:12Z,16,Donnée validée,8,Calculée,20,Bonne,7.384986107,48.102530621,QIXnJ
A1610030,A161003001,2023-06-09,5301.0,2026-06-01T04:56:12Z,16,Donnée validée,8,Calculée,20,Bonne,7.384986107,48.102530621,QIXnJ
A1610030,A161003001,2023-06-10,5089.0,2026-06-01T04:56:12Z,16,Donnée validée,8,Calculée,20,Bonne,7.384986107,48.102530621,QIXnJ
A1610030,A161003001,2023-06-11,4874.0,2026-06-01T04:56:12Z,16,Donnée validée,8,Calculée,20,Bonne,7.384986107,48.102530621,QIXnJ
A1610030,A161003001,2023-06-12,4974.0,2026-06-01T04:56:12Z,16,Donnée validée,8,Calculée,20,Bonne,7.384986107,48.102530621,QIXnJ
A1610030,A161003001,2023-06-13,4709.0,2026-06-01T04:56:12Z,16,Donnée validée,8,Calculée,20,Bonne,7.384986107,48.102530621,QIXnJ
A1610030,A161003001,2023-06-14,4720.0,2026-06-01T04:56:12Z,16,Donnée validée,8,Calculée,20,Bonne,7.384986107,48.102530621,QIXnJ
A1610030,A161003001,2023-06-15,4656.0,2026-06-01T04:56:12Z,16,Donnée validée,8,Calculée,20,Bonne,7.384986107,48.102530621,QIXnJ
A1610030,A161003001,2023-06-16,4472.0,2026-06-01T04:56:12Z,16,Donnée validée,8,Calculée,20,Bonne,7.384986107,48.102530621,QIXnJ
A1610030,A161003001,2023-06-17,4146.0,2026-06-01T04:56:12Z,16,Donnée validée,8,Calculée,20,Bonne,7.384986107,48.102530621,QIXnJ
A1610030,A161003001,2023-06-18,4020.0,2026-06-01T04:56:12Z,16,Donnée validée,8,Calculée,20,Bonne,7.384986107,48.102530621,QIXnJ
A1610030,A161003001,2023-06-19,4338.0,2026-06-01T04:56:12Z,16,Donnée validée,8,Calculée,20,Bonne,7.384986107,48.102530621,QIXnJ
A1610030,A161003001,2023-06-20,4337.0,2026-06-01T04:56:12Z,16,Donnée validée,8,Calculée,20,Bonne,7.384986107,48.102530621,QIXnJ
A1610030,A161003001,2023-06-21,4541.0,2026-06-01T04:56:12Z,16,Donnée validée,8,Calculée,20,Bonne,7.384986107,48.102530621,QIXnJ
A1610030,A161003001,2023-06-22,6441.0,2026-06-01T04:56:12Z,16,Donnée validée,8,Calculée,20,Bonne,7.384986107,48.102530621,QIXnJ
A1610030,A161003001,2023-06-23,6573.0,2026-06-01T04:56:12Z,16,Donnée validée,8,Calculée,20,Bonne,7.384986107,48.102530621,QIXnJ
A1610030,A161003001,2023-06-24,6022.0,2026-06-01T04:56:12Z,16,Donnée validée,8,Calculée,20,Bonne,7.384986107,48.102530621,QIXnJ
A1610030,A161003001,2023-06-25,4631.0,2026-06-01T04:56:12Z,16,Donnée validée,8,Calculée,20,Bonne,7.384986107,48.102530621,QIXnJ
A1610030,A161003001,2023-06-26,4138.0,2026-06-01T04:56:12Z,16,Donnée validée,8,Calculée,20,Bonne,7.384986107,48.102530621,QIXnJ
A1610030,A161003001,2023-06-27,3904.0,2026-06-01T04:56:12Z,16,Donnée validée,8,Calculée,20,Bonne,7.384986107,48.102530621,QIXnJ
A1610030,A161003001,2023-06-28,3841.0,2026-06-01T04:56:12Z,16,Donnée validée,8,Calculée,20,Bonne,7.384986107,48.102530621,QIXnJ
A1610030,A161003001,2023-06-29,4331.0,2026-06-01T04:56:12Z,16,Donnée validée,8,Calculée,20,Bonne,7.384986107,48.102530621,QIXnJ
A1610030,A161003001,2023-06-30,17250.0,2026-06-01T04:56:12Z,16,Donnée validée,8,Calculée,20,Bonne,7.384986107,48.102530621,QIXnJ
A1610030,A161003001,2023-07-01,10339.0,2026-06-01T04:56:12Z,16,Donnée validée,8,Calculée,20,Bonne,7.384986107,48.102530621,QIXnJ
A1610030,A161003001,2023-07-02,6442.0,2026-06-01T04:56:12Z,16,Donnée validée,8,Calculée,20,Bonne,7.384986107,48.102530621,QIXnJ
A1610030,A161003001,2023-07-03,5519.0,2026-06-01T04:56:12Z,16,Donnée validée,8,Calculée,20,Bonne,7.384986107,48.102530621,QIXnJ
A1610030,A161003001,2023-07-04,5234.0,2026-06-01T04:56:12Z,16,Donnée validée,8,Calculée,20,Bonne,7.384986107,48.102530621,QIXnJ
A1610030,A161003001,2023-07-05,5283.0,2026-06-01T04:56:12Z,16,Donnée validée,8,Calculée,20,Bonne,7.384986107,48.102530621,QIXnJ
A1610030,A161003001,2023-07-06,5334.0,2026-06-01T04:56:12Z,16,Donnée validée,8,Calculée,20,Bonne,7.384986107,48.102530621,QIXnJ
A1610030,A161003001,2023-07-07,5242.0,2026-06-01T04:56:12Z,16,Donnée validée,8,Calculée,20,Bonne,7.384986107,48.102530621,QIXnJ
A1610030,A161003001,2023-07-08,7626.0,2026-06-01T04:56:12Z,16,Donnée validée,8,Calculée,20,Bonne,7.384986107,48.102530621,QIXnJ
A1610030,A161003001,2023-07-09,7694.0,2026-06-01T04:56:12Z,16,Donnée validée,8,Calculée,20,Bonne,7.384986107,48.102530621,QIXnJ
A1610030,A161003001,2023-07-10,10656.0,2026-06-01T04:56:12Z,16,Donnée validée,8,Calculée,20,Bonne,7.384986107,48.102530621,QIXnJ
A1610030,A161003001,2023-07-11,8318.0,2026-06-01T04:56:12Z,16,Donnée validée,8,Calculée,20,Bonne,7.384986107,48.102530621,QIXnJ
A1610030,A161003001,2023-07-12,15318.0,2026-06-01T04:56:12Z,16,Donnée validée,8,Calculée,20,Bonne,7.384986107,48.102530621,QIXnJ
A1610030,A161003001,2023-07-13,12808.0,2026-06-01T04:56:12Z,16,Donnée validée,8,Calculée,20,Bonne,7.384986107,48.102530621,QIXnJ
A1610030,A161003001,2023-07-14,8009.0,2026-06-01T04:56:12Z,16,Donnée validée,8,Calculée,20,Bonne,7.384986107,48.102530621,QIXnJ
A1610030,A161003001,2023-07-15,6367.0,2026-06-01T04:56:12Z,16,Donnée validée,8,Calculée,20,Bonne,7.384986107,48.102530621,QIXnJ
A1610030,A161003001,2023-07-16,6958.0,2026-06-01T04:56:12Z,16,Donnée validée,8,Calculée,20,Bonne,7.384986107,48.102530621,QIXnJ
A1610030,A161003001,2023-07-17,6637.0,2026-06-01T04:56:12Z,16,Donnée validée,8,Calculée,20,Bonne,7.384986107,48.102530621,QIXnJ
A1610030,A161003001,2023-07-18,6666.0,2026-06-01T04:56:12Z,16,Donnée validée,8,Calculée,20,Bonne,7.384986107,48.102530621,QIXnJ
A1610030,A161003001,2023-07-19,6630.0,2026-06-01T04:56:12Z,16,Donnée validée,8,Calculée,20,Bonne,7.384986107,48.102530621,QIXnJ
A1610030,A161003001,2023-07-20,6591.0,2026-06-01T04:56:12Z,16,Donnée validée,8,Calculée,20,Bonne,7.384986107,48.102530621,QIXnJ
A1610030,A161003001,2023-07-21,5305.0,2026-06-01T04:56:12Z,16,Donnée validée,8,Calculée,20,Bonne,7.384986107,48.102530621,QIXnJ
A1610030,A161003001,2023-07-22,5248.0,2026-06-01T04:56:12Z,16,Donnée validée,8,Calculée,20,Bonne,7.384986107,48.102530621,QIXnJ
A1610030,A161003001,2023-07-23,4822.0,2026-06-01T04:56:12Z,16,Donnée validée,8,Calculée,20,Bonne,7.384986107,48.102530621,QIXnJ
A1610030,A161003001,2023-07-24,11210.0,2026-06-01T04:56:12Z,16,Donnée validée,8,Calculée,20,Bonne,7.384986107,48.102530621,QIXnJ
A1610030,A161003001,2023-07-25,9327.0,2026-06-01T04:56:12Z,16,Donnée validée,8,Calculée,20,Bonne,7.384986107,48.102530621,QIXnJ
A1610030,A161003001,2023-07-26,8167.0,2026-06-01T04:56:12Z,16,Donnée validée,8,Calculée,20,Bonne,7.384986107,48.102530621,QIXnJ
A1610030,A161003001,2023-07-27,6696.0,2026-06-01T04:56:12Z,16,Donnée validée,8,Calculée,20,Bonne,7.384986107,48.102530621,QIXnJ
A1610030,A161003001,2023-07-28,6592.0,2026-06-01T04:56:12Z,16,Donnée validée,8,Calculée,20,Bonne,7.384986107,48.102530621,QIXnJ
A1610030,A161003001,2023-07-29,5851.0,2026-06-01T04:56:12Z,16,Donnée validée,8,Calculée,20,Bonne,7.384986107,48.102530621,QIXnJ
A1610030,A161003001,2023-07-30,5892.0,2026-06-01T04:56:12Z,16,Donnée validée,8,Calculée,20,Bonne,7.384986107,48.102530621,QIXnJ
A1610030,A161003001,2023-07-31,5928.0,2026-06-01T04:56:12Z,16,Donnée validée,8,Calculée,20,Bonne,7.384986107,48.102530621,QIXnJ
A1610030,A161003001,2023-08-01,7930.0,2026-06-01T04:56:12Z,16,Donnée validée,8,Calculée,20,Bonne,7.384986107,48.102530621,QIXnJ
A1610030,A161003001,2023-08-02,7721.0,2026-06-01T04:56:12Z,16,Donnée validée,8,Calculée,20,Bonne,7.384986107,48.102530621,QIXnJ
A1610030,A161003001,2023-08-03,9091.0,2026-06-01T04:56:12Z,16,Donnée validée,8,Calculée,20,Bonne,7.384986107,48.102530621,QIXnJ
A1610030,A161003001,2023-08-04,8846.0,2026-06-01T04:56:12Z,16,Donnée validée,8,Calculée,20,Bonne,7.384986107,48.102530621,QIXnJ
A1610030,A161003001,2023-08-05,10877.0,2026-06-01T04:56:12Z,16,Donnée validée,8,Calculée,20,Bonne,7.384986107,48.102530621,QIXnJ
A1610030,A161003001,2023-08-06,10017.0,2026-06-01T04:56:12Z,16,Donnée validée,8,Calculée,20,Bonne,7.384986107,48.102530621,QIXnJ
A1610030,A161003001,2023-08-07,11054.0,2026-06-01T04:56:12Z,16,Donnée validée,8,Calculée,20,Bonne,7.384986107,48.102530621,QIXnJ
A1610030,A161003001,2023-08-08,11186.0,2026-06-01T04:56:12Z,16,Donnée validée,8,Calculée,20,Bonne,7.384986107,48.102530621,QIXnJ
A1610030,A161003001,2023-08-09,9694.0,2026-06-01T04:56:12Z,16,Donnée validée,8,Calculée,20,Bonne,7.384986107,48.102530621,QIXnJ
A1610030,A161003001,2023-08-10,8506.0,2026-06-01T04:56:12Z,16,Donnée validée,8,Calculée,20,Bonne,7.384986107,48.102530621,QIXnJ
A1610030,A161003001,2023-08-11,7903.0,2026-06-01T04:56:12Z,16,Donnée validée,8,Calculée,20,Bonne,7.384986107,48.102530621,QIXnJ
A1610030,A161003001,2023-08-12,7015.0,2026-06-01T04:56:12Z,16,Donnée validée,8,Calculée,20,Bonne,7.384986107,48.102530621,QIXnJ
A1610030,A161003001,2023-08-13,6399.0,2026-06-01T04:56:12Z,16,Donnée validée,8,Calculée,20,Bonne,7.384986107,48.102530621,QIXnJ
A1610030,A161003001,2023-08-14,6646.0,2026-06-01T04:56:12Z,16,Donnée validée,8,Calculée,20,Bonne,7.384986107,48.102530621,QIXnJ
A1610030,A161003001,2023-08-15,6787.0,2026-06-01T04:56:12Z,16,Donnée validée,8,Calculée,20,Bonne,7.384986107,48.102530621,QIXnJ
A1610030,A161003001,2023-08-16,5946.0,2026-06-01T04:56:12Z,16,Donnée validée,8,Calculée,20,Bonne,7.384986107,48.102530621,QIXnJ
A1610030,A161003001,2023-08-17,5490.0,2026-06-01T04:56:12Z,16,Donnée validée,8,Calculée,20,Bonne,7.384986107,48.102530621,QIXnJ
A1610030,A161003001,2023-08-18,5281.0,2026-06-01T04:56:12Z,16,Donnée validée,8,Calculée,20,Bonne,7.384986107,48.102530621,QIXnJ
A1610030,A161003001,2023-08-19,5046.0,2026-06-01T04:56:12Z,16,Donnée validée,8,Calculée,20,Bonne,7.384986107,48.102530621,QIXnJ
A1610030,A161003001,2023-08-20,5189.0,2026-06-01T04:56:12Z,16,Donnée validée,8,Calculée,20,Bonne,7.384986107,48.102530621,QIXnJ
A1610030,A161003001,2023-08-21,5019.0,2026-06-01T04:56:12Z,16,Donnée validée,8,Calculée,20,Bonne,7.384986107,48.102530621,QIXnJ
A1610030,A161003001,2023-08-22,4837.0,2026-06-01T04:56:12Z,16,Donnée validée,8,Calculée,20,Bonne,7.384986107,48.102530621,QIXnJ
A1610030,A161003001,2023-08-23,4926.0,2026-06-01T04:56:12Z,16,Donnée validée,8,Calculée,20,Bonne,7.384986107,48.102530621,QIXnJ
A1610030,A161003001,2023-08-24,8073.0,2026-06-01T04:56:12Z,16,Donnée validée,8,Calculée,20,Bonne,7.384986107,48.102530621,QIXnJ
A1610030,A161003001,2023-08-25,13241.0,2026-06-01T04:56:12Z,16,Donnée validée,8,Calculée,20,Bonne,7.384986107,48.102530621,QIXnJ
A1610030,A161003001,2023-08-26,7043.0,2026-06-01T04:56:12Z,16,Donnée validée,8,Calculée,20,Bonne,7.384986107,48.102530621,QIXnJ
A1610030,A161003001,2023-08-27,6600.0,2026-06-01T04:56:12Z,16,Donnée validée,8,Calculée,20,Bonne,7.384986107,48.102530621,QIXnJ
A1610030,A161003001,2023-08-28,6680.0,2026-06-01T04:56:12Z,16,Donnée validée,8,Calculée,20,Bonne,7.384986107,48.102530621,QIXnJ
A1610030,A161003001,2023-08-29,7080.0,2026-06-01T04:56:12Z,16,Donnée validée,8,Calculée,20,Bonne,7.384986107,48.102530621,QIXnJ
A1610030,A161003001,2023-08-30,7271.0,2026-06-01T04:56:12Z,16,Donnée validée,8,Calculée,20,Bonne,7.384986107,48.102530621,QIXnJ
A1610030,A161003001,2023-08-31,6549.0,2026-06-01T04:56:12Z,16,Donnée validée,8,Calculée,20,Bonne,7.384986107,48.102530621,QIXnJ
A1610030,A161003001,2023-09-01,6176.0,2026-06-01T04:56:12Z,16,Donnée validée,8,Calculée,20,Bonne,7.384986107,48.102530621,QIXnJ
A1610030,A161003001,2023-09-02,5784.0,2026-06-01T04:56:12Z,16,Donnée validée,8,Calculée,20,Bonne,7.384986107,48.102530621,QIXnJ
A1610030,A161003001,2023-09-03,5903.0,2026-06-01T04:56:12Z,16,Donnée validée,8,Calculée,20,Bonne,7.384986107,48.102530621,QIXnJ
A1610030,A161003001,2023-09-04,6471.0,2026-06-01T04:56:12Z,16,Donnée validée,8,Calculée,20,Bonne,7.384986107,48.102530621,QIXnJ
A1610030,A161003001,2023-09-05,5826.0,2026-06-01T04:56:12Z,16,Donnée validée,8,Calculée,20,Bonne,7.384986107,48.102530621,QIXnJ
A1610030,A161003001,2023-09-06,6010.0,2026-06-01T04:56:12Z,16,Donnée validée,8,Calculée,20,Bonne,7.384986107,48.102530621,QIXnJ
A1610030,A161003001,2023-09-07,5737.0,2026-06-01T04:56:12Z,16,Donnée validée,8,Calculée,20,Bonne,7.384986107,48.102530621,QIXnJ
A1610030,A161003001,2023-09-08,5401.0,2026-06-01T04:56:12Z,16,Donnée validée,8,Calculée,20,Bonne,7.384986107,48.102530621,QIXnJ
A1610030,A161003001,2023-09-09,5303.0,2026-06-01T04:56:12Z,16,Donnée validée,8,Calculée,20,Bonne,7.384986107,48.102530621,QIXnJ
A1610030,A161003001,2023-09-10,5086.0,2026-06-01T04:56:12Z,16,Donnée validée,8,Calculée,20,Bonne,7.384986107,48.102530621,QIXnJ
A1610030,A161003001,2023-09-11,5210.0,2026-06-01T04:56:12Z,16,Donnée validée,8,Calculée,20,Bonne,7.384986107,48.102530621,QIXnJ
A1610030,A161003001,2023-09-12,5063.0,2026-06-01T04:56:12Z,16,Donnée validée,8,Calculée,20,Bonne,7.384986107,48.102530621,QIXnJ
A1610030,A161003001,2023-09-13,5626.0,2026-06-01T04:56:12Z,16,Donnée validée,8,Calculée,20,Bonne,7.384986107,48.102530621,QIXnJ
A1610030,A161003001,2023-09-14,5959.0,2026-06-01T04:56:12Z,16,Donnée validée,8,Calculée,20,Bonne,7.384986107,48.102530621,QIXnJ
A1610030,A161003001,2023-09-15,6311.0,2026-06-01T04:56:12Z,16,Donnée validée,8,Calculée,20,Bonne,7.384986107,48.102530621,QIXnJ
A1610030,A161003001,2023-09-16,5948.0,2026-06-01T04:56:12Z,16,Donnée validée,8,Calculée,20,Bonne,7.384986107,48.102530621,QIXnJ
A1610030,A161003001,2023-09-17,5871.0,2026-06-01T04:56:12Z,16,Donnée validée,8,Calculée,20,Bonne,7.384986107,48.102530621,QIXnJ
A1610030,A161003001,2023-09-18,9450.0,2026-06-01T04:56:12Z,16,Donnée validée,8,Calculée,20,Bonne,7.384986107,48.102530621,QIXnJ
A1610030,A161003001,2023-09-19,7970.0,2026-06-01T04:56:12Z,16,Donnée validée,8,Calculée,20,Bonne,7.384986107,48.102530621,QIXnJ
A1610030,A161003001,2023-09-20,6871.0,2026-06-01T04:56:12Z,16,Donnée validée,8,Calculée,20,Bonne,7.384986107,48.102530621,QIXnJ
A1610030,A161003001,2023-09-21,5770.0,2026-06-01T04:56:12Z,16,Donnée validée,8,Calculée,20,Bonne,7.384986107,48.102530621,QIXnJ
A1610030,A161003001,2023-09-22,6066.0,2026-06-01T04:56:12Z,16,Donnée validée,8,Calculée,20,Bonne,7.384986107,48.102530621,QIXnJ
A1610030,A161003001,2023-09-23,6217.0,2026-06-01T04:56:12Z,16,Donnée validée,8,Calculée,20,Bonne,7.384986107,48.102530621,QIXnJ
A1610030,A161003001,2023-09-24,6187.0,2026-06-01T04:56:12Z,16,Donnée validée,8,Calculée,20,Bonne,7.384986107,48.102530621,QIXnJ
A1610030,A161003001,2023-09-25,6030.0,2026-06-01T04:56:12Z,16,Donnée validée,8,Calculée,20,Bonne,7.384986107,48.102530621,QIXnJ
A1610030,A161003001,2023-09-26,5903.0,2026-06-01T04:56:12Z,16,Donnée validée,8,Calculée,20,Bonne,7.384986107,48.102530621,QIXnJ
A1610030,A161003001,2023-09-27,5607.0,2026-06-01T04:56:12Z,16,Donnée validée,8,Calculée,20,Bonne,7.384986107,48.102530621,QIXnJ
A1610030,A161003001,2023-09-28,5614.0,2026-06-01T04:56:12Z,16,Donnée validée,8,Calculée,20,Bonne,7.384986107,48.102530621,QIXnJ
A1610030,A161003001,2023-09-29,5624.0,2026-06-01T04:56:12Z,16,Donnée validée,8,Calculée,20,Bonne,7.384986107,48.102530621,QIXnJ
A1610030,A161003001,2023-09-30,5472.0,2026-06-01T04:56:12Z,16,Donnée validée,8,Calculée,20,Bonne,7.384986107,48.102530621,QIXnJ
A1610030,A161003001,2023-10-01,5556.0,2026-06-01T04:56:12Z,16,Donnée validée,8,Calculée,20,Bonne,7.384986107,48.102530621,QIXnJ
A1610030,A161003001,2023-10-02,5522.0,2026-06-01T04:56:12Z,16,Donnée validée,8,Calculée,20,Bonne,7.384986107,48.102530621,QIXnJ
A1610030,A161003001,2023-10-03,5511.0,2026-06-01T04:56:12Z,16,Donnée validée,8,Calculée,20,Bonne,7.384986107,48.102530621,QIXnJ
A1610030,A161003001,2023-10-04,5553.0,2026-06-01T04:56:12Z,16,Donnée validée,8,Calculée,20,Bonne,7.384986107,48.102530621,QIXnJ
A1610030,A161003001,2023-10-05,5538.0,2026-06-01T04:56:12Z,16,Donnée validée,8,Calculée,20,Bonne,7.384986107,48.102530621,QIXnJ
A1610030,A161003001,2023-10-06,5799.0,2026-06-01T04:56:12Z,16,Donnée validée,8,Calculée,20,Bonne,7.384986107,48.102530621,QIXnJ
A1610030,A161003001,2023-10-07,5804.0,2026-06-01T04:56:12Z,16,Donnée validée,8,Calculée,20,Bonne,7.384986107,48.102530621,QIXnJ
A1610030,A161003001,2023-10-08,5607.0,2026-06-01T04:56:12Z,16,Donnée validée,8,Calculée,20,Bonne,7.384986107,48.102530621,QIXnJ
A1610030,A161003001,2023-10-09,5697.0,2026-06-01T04:56:12Z,16,Donnée validée,8,Calculée,20,Bonne,7.384986107,48.102530621,QIXnJ
A1610030,A161003001,2023-10-10,5595.0,2026-06-01T04:56:12Z,16,Donnée validée,8,Calculée,20,Bonne,7.384986107,48.102530621,QIXnJ
A1610030,A161003001,2023-10-11,5460.0,2026-06-01T04:56:12Z,16,Donnée validée,8,Calculée,20,Bonne,7.384986107,48.102530621,QIXnJ
A1610030,A161003001,2023-10-12,5361.0,2026-06-01T04:56:12Z,16,Donnée validée,8,Calculée,20,Bonne,7.384986107,48.102530621,QIXnJ
A1610030,A161003001,2023-10-13,5361.0,2026-06-01T04:56:12Z,16,Donnée validée,8,Calculée,20,Bonne,7.384986107,48.102530621,QIXnJ
A1610030,A161003001,2023-10-14,5460.0,2026-06-01T04:56:12Z,16,Donnée validée,8,Calculée,20,Bonne,7.384986107,48.102530621,QIXnJ
A1610030,A161003001,2023-10-15,5566.0,2026-06-01T04:56:12Z,16,Donnée validée,8,Calculée,20,Bonne,7.384986107,48.102530621,QIXnJ
A1610030,A161003001,2023-10-16,8023.0,2026-06-01T04:56:12Z,16,Donnée validée,8,Calculée,20,Bonne,7.384986107,48.102530621,QIXnJ
A1610030,A161003001,2023-10-17,5776.0,2026-06-01T04:56:12Z,16,Donnée validée,8,Calculée,20,Bonne,7.384986107,48.102530621,QIXnJ
A1610030,A161003001,2023-10-18,5776.0,2026-06-01T04:56:12Z,16,Donnée validée,8,Calculée,20,Bonne,7.384986107,48.102530621,QIXnJ
A1610030,A161003001,2023-10-19,6994.0,2026-06-01T04:56:12Z,16,Donnée validée,8,Calculée,20,Bonne,7.384986107,48.102530621,QIXnJ
A1610030,A161003001,2023-10-20,8234.0,2026-06-01T04:56:12Z,16,Donnée validée,8,Calculée,20,Bonne,7.384986107,48.102530621,QIXnJ
A1610030,A161003001,2023-10-21,8023.0,2026-06-01T04:56:12Z,16,Donnée validée,8,Calculée,20,Bonne,7.384986107,48.102530621,QIXnJ
A1610030,A161003001,2023-10-22,7567.0,2026-06-01T04:56:12Z,16,Donnée validée,8,Calculée,20,Bonne,7.384986107,48.102530621,QIXnJ
A1610030,A161003001,2023-10-23,10130.0,2026-06-01T04:56:12Z,16,Donnée validée,8,Calculée,20,Bonne,7.384986107,48.102530621,QIXnJ
A1610030,A161003001,2023-10-24,10042.0,2026-06-01T04:56:12Z,16,Donnée validée,8,Calculée,20,Bonne,7.384986107,48.102530621,QIXnJ
A1610030,A161003001,2023-10-25,12122.0,2026-06-01T04:56:12Z,16,Donnée validée,8,Calculée,20,Bonne,7.384986107,48.102530621,QIXnJ
A1610030,A161003001,2023-10-26,13783.0,2026-06-01T04:56:12Z,16,Donnée validée,8,Calculée,20,Bonne,7.384986107,48.102530621,QIXnJ
A1610030,A161003001,2023-10-27,18222.0,2026-06-01T04:56:12Z,16,Donnée validée,8,Calculée,20,Bonne,7.384986107,48.102530621,QIXnJ
A1610030,A161003001,2023-10-28,23064.0,2026-06-01T04:56:12Z,16,Donnée validée,8,Calculée,20,Bonne,7.384986107,48.102530621,QIXnJ
A1610030,A161003001,2023-10-29,21182.0,2026-06-01T04:56:12Z,16,Donnée validée,8,Calculée,20,Bonne,7.384986107,48.102530621,QIXnJ
A1610030,A161003001,2023-10-30,16736.0,2026-06-01T04:56:12Z,16,Donnée validée,8,Calculée,20,Bonne,7.384986107,48.102530621,QIXnJ
A1610030,A161003001,2023-10-31,16901.0,2026-06-01T04:56:12Z,16,Donnée validée,8,Calculée,20,Bonne,7.384986107,48.102530621,QIXnJ
A1610030,A161003001,2023-11-01,16956.0,2026-06-01T04:56:12Z,16,Donnée validée,8,Calculée,20,Bonne,7.384986107,48.102530621,QIXnJ
A1610030,A161003001,2023-11-02,22404.0,2026-06-01T04:56:12Z,16,Donnée validée,8,Calculée,20,Bonne,7.384986107,48.102530621,QIXnJ
A1610030,A161003001,2023-11-03,25572.0,2026-06-01T04:56:12Z,16,Donnée validée,8,Calculée,20,Bonne,7.384986107,48.102530621,QIXnJ
A1610030,A161003001,2023-11-04,22807.0,2026-06-01T04:56:12Z,16,Donnée validée,8,Calculée,20,Bonne,7.384986107,48.102530621,QIXnJ
A1610030,A161003001,2023-11-05,29672.0,2026-06-01T04:56:12Z,16,Donnée validée,8,Calculée,20,Bonne,7.384986107,48.102530621,QIXnJ
A1610030,A161003001,2023-11-06,37572.0,2026-06-01T04:56:12Z,16,Donnée validée,8,Calculée,20,Bonne,7.384986107,48.102530621,QIXnJ
A1610030,A161003001,2023-11-07,35476.0,2026-06-01T04:56:12Z,16,Donnée validée,8,Calculée,20,Bonne,7.384986107,48.102530621,QIXnJ
A1610030,A161003001,2023-11-08,33065.0,2026-06-01T04:56:12Z,16,Donnée validée,8,Calculée,20,Bonne,7.384986107,48.102530621,QIXnJ
A1610030,A161003001,2023-11-09,30759.0,2026-06-01T04:56:12Z,16,Donnée validée,8,Calculée,20,Bonne,7.384986107,48.102530621,QIXnJ
A1610030,A161003001,2023-11-10,45338.0,2026-06-01T04:56:12Z,16,Donnée validée,8,Calculée,20,Bonne,7.384986107,48.102530621,QIXnJ
A1610030,A161003001,2023-11-11,58002.0,2026-06-01T04:56:12Z,16,Donnée validée,8,Calculée,20,Bonne,7.384986107,48.102530621,QIXnJ
A1610030,A161003001,2023-11-12,57589.0,2026-06-01T04:56:12Z,16,Donnée validée,8,Calculée,20,Bonne,7.384986107,48.102530621,QIXnJ
A1610030,A161003001,2023-11-13,95135.0,2026-06-01T04:56:12Z,16,Donnée validée,8,Calculée,20,Bonne,7.384986107,48.102530621,QIXnJ
A1610030,A161003001,2023-11-14,160476.0,2026-06-01T04:56:12Z,16,Donnée validée,8,Calculée,20,Bonne,7.384986107,48.102530621,QIXnJ
A1610030,A161003001,2023-11-15,160833.0,2026-06-01T04:56:12Z,16,Donnée validée,8,Calculée,20,Bonne,7.384986107,48.102530621,QIXnJ
A1610030,A161003001,2023-11-16,119042.0,2026-06-01T04:56:12Z,16,Donnée validée,8,Calculée,20,Bonne,7.384986107,48.102530621,QIXnJ
A1610030,A161003001,2023-11-17,127927.0,2026-06-01T04:56:12Z,16,Donnée validée,8,Calculée,20,Bonne,7.384986107,48.102530621,QIXnJ
A1610030,A161003001,2023-11-18,126232.0,2026-06-01T04:56:12Z,16,Donnée validée,8,Calculée,20,Bonne,7.384986107,48.102530621,QIXnJ
A1610030,A161003001,2023-11-19,78677.0,2026-06-01T04:56:12Z,16,Donnée validée,8,Calculée,20,Bonne,7.384986107,48.102530621,QIXnJ
A1610030,A161003001,2023-11-20,68657.0,2026-06-01T04:56:12Z,16,Donnée validée,8,Calculée,20,Bonne,7.384986107,48.102530621,QIXnJ
A1610030,A161003001,2023-11-21,59467.0,2026-06-01T04:56:12Z,16,Donnée validée,8,Calculée,20,Bonne,7.384986107,48.102530621,QIXnJ
A1610030,A161003001,2023-11-22,54502.0,2026-06-01T04:56:12Z,16,Donnée validée,8,Calculée,20,Bonne,7.384986107,48.102530621,QIXnJ
A1610030,A161003001,2023-11-23,43825.0,2026-06-01T04:56:12Z,16,Donnée validée,8,Calculée,20,Bonne,7.384986107,48.102530621,QIXnJ
A1610030,A161003001,2023-11-24,36390.0,2026-06-01T04:56:12Z,16,Donnée validée,8,Calculée,20,Bonne,7.384986107,48.102530621,QIXnJ
A1610030,A161003001,2023-11-25,32038.0,2026-06-01T04:56:12Z,16,Donnée validée,8,Calculée,20,Bonne,7.384986107,48.102530621,QIXnJ
A1610030,A161003001,2023-11-26,26200.0,2026-06-01T04:56:12Z,16,Donnée validée,8,Calculée,20,Bonne,7.384986107,48.102530621,QIXnJ
A1610030,A161003001,2023-11-27,23786.0,2026-06-01T04:56:12Z,16,Donnée validée,8,Calculée,20,Bonne,7.384986107,48.102530621,QIXnJ
A1610030,A161003001,2023-11-28,38170.0,2026-06-01T04:56:12Z,16,Donnée validée,8,Calculée,20,Bonne,7.384986107,48.102530621,QIXnJ
A1610030,A161003001,2023-11-29,39144.0,2026-06-01T04:56:12Z,16,Donnée validée,8,Calculée,20,Bonne,7.384986107,48.102530621,QIXnJ
A1610030,A161003001,2023-11-30,30503.0,2026-06-01T04:56:12Z,16,Donnée validée,8,Calculée,20,Bonne,7.384986107,48.102530621,QIXnJ
A1610030,A161003001,2023-12-01,56882.0,2026-06-01T04:56:12Z,16,Donnée validée,8,Calculée,20,Bonne,7.384986107,48.102530621,QIXnJ
A1610030,A161003001,2023-12-02,56882.0,2026-06-01T04:56:12Z,16,Donnée validée,8,Calculée,20,Bonne,7.384986107,48.102530621,QIXnJ
A1610030,A161003001,2023-12-03,40010.0,2026-06-01T04:56:12Z,16,Donnée validée,8,Calculée,20,Bonne,7.384986107,48.102530621,QIXnJ
A1610030,A161003001,2023-12-04,30104.0,2026-06-01T04:56:12Z,16,Donnée validée,8,Calculée,20,Bonne,7.384986107,48.102530621,QIXnJ
A1610030,A161003001,2023-12-05,30497.0,2026-06-01T04:56:12Z,16,Donnée validée,8,Calculée,20,Bonne,7.384986107,48.102530621,QIXnJ
A1610030,A161003001,2023-12-06,40768.0,2026-06-01T04:56:12Z,16,Donnée validée,8,Calculée,20,Bonne,7.384986107,48.102530621,QIXnJ
A1610030,A161003001,2023-12-07,39634.0,2026-06-01T04:56:12Z,16,Donnée validée,8,Calculée,20,Bonne,7.384986107,48.102530621,QIXnJ
A1610030,A161003001,2023-12-08,33222.0,2026-06-01T04:56:12Z,16,Donnée validée,8,Calculée,20,Bonne,7.384986107,48.102530621,QIXnJ
A1610030,A161003001,2023-12-09,32531.0,2026-06-01T04:56:12Z,16,Donnée validée,8,Calculée,20,Bonne,7.384986107,48.102530621,QIXnJ
A1610030,A161003001,2023-12-10,73565.0,2026-06-01T04:56:12Z,16,Donnée validée,8,Calculée,20,Bonne,7.384986107,48.102530621,QIXnJ
A1610030,A161003001,2023-12-11,90010.0,2026-06-01T04:56:12Z,16,Donnée validée,8,Calculée,20,Bonne,7.384986107,48.102530621,QIXnJ
A1610030,A161003001,2023-12-12,95335.0,2026-06-01T04:56:12Z,16,Donnée validée,8,Calculée,20,Bonne,7.384986107,48.102530621,QIXnJ
A1610030,A161003001,2023-12-13,120094.0,2026-06-01T04:56:12Z,16,Donnée validée,8,Calculée,20,Bonne,7.384986107,48.102530621,QIXnJ
A1610030,A161003001,2023-12-14,119007.0,2026-06-01T04:56:12Z,16,Donnée validée,8,Calculée,20,Bonne,7.384986107,48.102530621,QIXnJ
A1610030,A161003001,2023-12-15,98197.0,2026-06-01T04:56:12Z,16,Donnée validée,8,Calculée,20,Bonne,7.384986107,48.102530621,QIXnJ
A1610030,A161003001,2023-12-16,68778.0,2026-06-01T04:56:12Z,16,Donnée validée,8,Calculée,20,Bonne,7.384986107,48.102530621,QIXnJ
A1610030,A161003001,2023-12-17,50928.0,2026-06-01T04:56:12Z,16,Donnée validée,8,Calculée,20,Bonne,7.384986107,48.102530621,QIXnJ
A1610030,A161003001,2023-12-18,41869.0,2026-06-01T04:56:12Z,16,Donnée validée,8,Calculée,20,Bonne,7.384986107,48.102530621,QIXnJ
A1610030,A161003001,2023-12-19,35371.0,2026-06-01T04:56:12Z,16,Donnée validée,8,Calculée,20,Bonne,7.384986107,48.102530621,QIXnJ
A1610030,A161003001,2023-12-20,31336.0,2026-06-01T04:56:12Z,16,Donnée validée,8,Calculée,20,Bonne,7.384986107,48.102530621,QIXnJ
A1610030,A161003001,2023-12-21,33117.0,2026-06-01T04:56:12Z,16,Donnée validée,8,Calculée,20,Bonne,7.384986107,48.102530621,QIXnJ
A1610030,A161003001,2023-12-22,65724.0,2026-06-01T04:56:12Z,16,Donnée validée,8,Calculée,20,Bonne,7.384986107,48.102530621,QIXnJ
A1610030,A161003001,2023-12-23,105785.0,2026-06-01T04:56:12Z,16,Donnée validée,8,Calculée,20,Bonne,7.384986107,48.102530621,QIXnJ
A1610030,A161003001,2023-12-24,106117.0,2026-06-01T04:56:12Z,16,Donnée validée,8,Calculée,20,Bonne,7.384986107,48.102530621,QIXnJ
A1610030,A161003001,2023-12-25,78629.0,2026-06-01T04:56:12Z,16,Donnée validée,8,Calculée,20,Bonne,7.384986107,48.102530621,QIXnJ
A1610030,A161003001,2023-12-26,58120.0,2026-06-01T04:56:12Z,16,Donnée validée,8,Calculée,20,Bonne,7.384986107,48.102530621,QIXnJ
A1610030,A161003001,2023-12-27,44588.0,2026-06-01T04:56:12Z,16,Donnée validée,8,Calculée,20,Bonne,7.384986107,48.102530621,QIXnJ
A1610030,A161003001,2023-12-28,38462.0,2026-06-01T04:56:12Z,16,Donnée validée,8,Calculée,20,Bonne,7.384986107,48.102530621,QIXnJ
A1610030,A161003001,2023-12-29,33379.0,2026-06-01T04:56:12Z,16,Donnée validée,8,Calculée,20,Bonne,7.384986107,48.102530621,QIXnJ
A1610030,A161003001,2023-12-30,31969.0,2026-06-01T04:56:12Z,16,Donnée validée,8,Calculée,20,Bonne,7.384986107,48.102530621,QIXnJ
A1610030,A161003001,2023-12-31,31912.0,2026-06-01T04:56:12Z,16,Donnée validée,8,Calculée,20,Bonne,7.384986107,48.102530621,QIXnJ
A1610030,A161003001,2024-01-01,34585.0,2026-06-01T04:56:12Z,16,Donnée validée,8,Calculée,20,Bonne,7.384986107,48.102530621,QIXnJ
A1610030,A161003001,2024-01-02,59829.0,2026-06-01T04:56:12Z,16,Donnée validée,8,Calculée,20,Bonne,7.384986107,48.102530621,QIXnJ
A1610030,A161003001,2024-01-03,130133.0,2026-06-01T04:56:12Z,16,Donnée validée,8,Calculée,20,Bonne,7.384986107,48.102530621,QIXnJ
A1610030,A161003001,2024-01-04,135265.0,2026-06-01T04:56:12Z,16,Donnée validée,8,Calculée,20,Bonne,7.384986107,48.102530621,QIXnJ
A1610030,A161003001,2024-01-05,133539.0,2026-06-01T04:56:12Z,16,Donnée validée,8,Calculée,20,Bonne,7.384986107,48.102530621,QIXnJ
A1610030,A161003001,2024-01-06,97864.0,2026-06-01T04:56:12Z,16,Donnée validée,8,Calculée,20,Bonne,7.384986107,48.102530621,QIXnJ
A1610030,A161003001,2024-01-07,67041.0,2026-06-01T04:56:12Z,16,Donnée validée,8,Calculée,20,Bonne,7.384986107,48.102530621,QIXnJ
A1610030,A161003001,2024-01-08,54877.0,2026-06-01T04:56:12Z,16,Donnée validée,8,Calculée,20,Bonne,7.384986107,48.102530621,QIXnJ
A1610030,A161003001,2024-01-09,47240.0,2026-06-01T04:56:12Z,16,Donnée validée,8,Calculée,20,Bonne,7.384986107,48.102530621,QIXnJ
A1610030,A161003001,2024-01-10,39563.0,2026-06-01T04:56:12Z,16,Donnée validée,8,Calculée,20,Bonne,7.384986107,48.102530621,QIXnJ
A1610030,A161003001,2024-01-11,33327.0,2026-06-01T04:56:12Z,16,Donnée validée,8,Calculée,20,Bonne,7.384986107,48.102530621,QIXnJ
A1610030,A161003001,2024-01-12,29449.0,2026-06-01T04:56:12Z,16,Donnée validée,8,Calculée,20,Bonne,7.384986107,48.102530621,QIXnJ
A1610030,A161003001,2024-01-13,26620.0,2026-06-01T04:56:12Z,16,Donnée validée,8,Calculée,20,Bonne,7.384986107,48.102530621,QIXnJ
A1610030,A161003001,2024-01-14,24385.0,2026-06-01T04:56:12Z,16,Donnée validée,8,Calculée,20,Bonne,7.384986107,48.102530621,QIXnJ
A1610030,A161003001,2024-01-15,22789.0,2026-06-01T04:56:12Z,16,Donnée validée,8,Calculée,20,Bonne,7.384986107,48.102530621,QIXnJ
A1610030,A161003001,2024-01-16,21248.0,2026-06-01T04:56:12Z,16,Donnée validée,8,Calculée,20,Bonne,7.384986107,48.102530621,QIXnJ
A1610030,A161003001,2024-01-17,41816.0,2026-06-01T04:56:12Z,16,Donnée validée,8,Calculée,20,Bonne,7.384986107,48.102530621,QIXnJ
A1610030,A161003001,2024-01-18,121492.0,2026-06-01T04:56:12Z,16,Donnée validée,8,Calculée,20,Bonne,7.384986107,48.102530621,QIXnJ
A1610030,A161003001,2024-01-19,131942.0,2026-06-01T04:56:12Z,16,Donnée validée,8,Calculée,20,Bonne,7.384986107,48.102530621,QIXnJ
A1610030,A161003001,2024-01-20,105585.0,2026-06-01T04:56:12Z,16,Donnée validée,8,Calculée,20,Bonne,7.384986107,48.102530621,QIXnJ
A1610030,A161003001,2024-01-21,61922.0,2026-06-01T04:56:12Z,16,Donnée validée,8,Calculée,20,Bonne,7.384986107,48.102530621,QIXnJ
A1610030,A161003001,2024-01-22,56828.0,2026-06-01T04:56:12Z,16,Donnée validée,8,Calculée,20,Bonne,7.384986107,48.102530621,QIXnJ
A1610030,A161003001,2024-01-23,103389.0,2026-06-01T04:56:12Z,16,Donnée validée,8,Calculée,20,Bonne,7.384986107,48.102530621,QIXnJ
A1610030,A161003001,2024-01-24,98264.0,2026-06-01T04:56:12Z,16,Donnée validée,8,Calculée,20,Bonne,7.384986107,48.102530621,QIXnJ
A1610030,A161003001,2024-01-25,84401.0,2026-06-01T04:56:12Z,16,Donnée validée,8,Calculée,20,Bonne,7.384986107,48.102530621,QIXnJ
A1610030,A161003001,2024-01-26,84486.0,2026-06-01T04:56:12Z,16,Donnée validée,8,Calculée,20,Bonne,7.384986107,48.102530621,QIXnJ
A1610030,A161003001,2024-01-27,66314.0,2026-06-01T04:56:12Z,16,Donnée validée,8,Calculée,20,Bonne,7.384986107,48.102530621,QIXnJ
A1610030,A161003001,2024-01-28,55133.0,2026-06-01T04:56:12Z,16,Donnée validée,8,Calculée,20,Bonne,7.384986107,48.102530621,QIXnJ
A1610030,A161003001,2024-01-29,47423.0,2026-06-01T04:56:12Z,16,Donnée validée,8,Calculée,20,Bonne,7.384986107,48.102530621,QIXnJ
A1610030,A161003001,2024-01-30,40419.0,2026-06-01T04:56:12Z,16,Donnée validée,8,Calculée,20,Bonne,7.384986107,48.102530621,QIXnJ
A1610030,A161003001,2024-01-31,34952.0,2026-06-01T04:56:12Z,16,Donnée validée,8,Calculée,20,Bonne,7.384986107,48.102530621,QIXnJ
A1610030,A161003001,2024-02-01,31179.0,2026-06-01T04:56:12Z,16,Donnée validée,8,Calculée,20,Bonne,7.384986107,48.102530621,QIXnJ
A1610030,A161003001,2024-02-02,28611.0,2026-06-01T04:56:12Z,16,Donnée validée,8,Calculée,20,Bonne,7.384986107,48.102530621,QIXnJ
A1610030,A161003001,2024-02-03,26043.0,2026-06-01T04:56:12Z,16,Donnée validée,8,Calculée,20,Bonne,7.384986107,48.102530621,QIXnJ
A1610030,A161003001,2024-02-04,23732.0,2026-06-01T04:56:12Z,16,Donnée validée,8,Calculée,20,Bonne,7.384986107,48.102530621,QIXnJ
A1610030,A161003001,2024-02-05,22178.0,2026-06-01T04:56:12Z,16,Donnée validée,8,Calculée,20,Bonne,7.384986107,48.102530621,QIXnJ
A1610030,A161003001,2024-02-06,21138.0,2026-06-01T04:56:12Z,16,Donnée validée,8,Calculée,20,Bonne,7.384986107,48.102530621,QIXnJ
A1610030,A161003001,2024-02-07,22789.0,2026-06-01T04:56:12Z,16,Donnée validée,8,Calculée,20,Bonne,7.384986107,48.102530621,QIXnJ
A1610030,A161003001,2024-02-08,35423.0,2026-06-01T04:56:12Z,16,Donnée validée,8,Calculée,20,Bonne,7.384986107,48.102530621,QIXnJ
A1610030,A161003001,2024-02-09,37519.0,2026-06-01T04:56:12Z,16,Donnée validée,8,Calculée,20,Bonne,7.384986107,48.102530621,QIXnJ
A1610030,A161003001,2024-02-10,40925.0,2026-06-01T04:56:12Z,16,Donnée validée,8,Calculée,20,Bonne,7.384986107,48.102530621,QIXnJ
A1610030,A161003001,2024-02-11,40034.0,2026-06-01T04:56:12Z,16,Donnée validée,8,Calculée,20,Bonne,7.384986107,48.102530621,QIXnJ
A1610030,A161003001,2024-02-12,39825.0,2026-06-01T04:56:12Z,16,Donnée validée,8,Calculée,20,Bonne,7.384986107,48.102530621,QIXnJ
A1610030,A161003001,2024-02-13,38567.0,2026-06-01T04:56:12Z,16,Donnée validée,8,Calculée,20,Bonne,7.384986107,48.102530621,QIXnJ
A1610030,A161003001,2024-02-14,34061.0,2026-06-01T04:56:12Z,16,Donnée validée,8,Calculée,20,Bonne,7.384986107,48.102530621,QIXnJ
A1610030,A161003001,2024-02-15,30393.0,2026-06-01T04:56:12Z,16,Donnée validée,8,Calculée,20,Bonne,7.384986107,48.102530621,QIXnJ
A1610030,A161003001,2024-02-16,28131.0,2026-06-01T04:56:12Z,16,Donnée validée,8,Calculée,20,Bonne,7.384986107,48.102530621,QIXnJ
A1610030,A161003001,2024-02-17,25519.0,2026-06-01T04:56:12Z,16,Donnée validée,8,Calculée,20,Bonne,7.384986107,48.102530621,QIXnJ
A1610030,A161003001,2024-02-18,24275.0,2026-06-01T04:56:12Z,16,Donnée validée,8,Calculée,20,Bonne,7.384986107,48.102530621,QIXnJ
A1610030,A161003001,2024-02-19,23559.0,2026-06-01T04:56:12Z,16,Donnée validée,8,Calculée,20,Bonne,7.384986107,48.102530621,QIXnJ
A1610030,A161003001,2024-02-20,24550.0,2026-06-01T04:56:12Z,16,Donnée validée,8,Calculée,20,Bonne,7.384986107,48.102530621,QIXnJ
A1610030,A161003001,2024-02-21,23779.0,2026-06-01T04:56:12Z,16,Donnée validée,8,Calculée,20,Bonne,7.384986107,48.102530621,QIXnJ
A1610030,A161003001,2024-02-22,62818.0,2026-06-01T04:56:12Z,16,Donnée validée,8,Calculée,20,Bonne,7.384986107,48.102530621,QIXnJ
A1610030,A161003001,2024-02-23,101458.0,2026-06-01T04:56:12Z,16,Donnée validée,8,Calculée,20,Bonne,7.384986107,48.102530621,QIXnJ
A1610030,A161003001,2024-02-24,97498.0,2026-06-01T04:56:12Z,16,Donnée validée,8,Calculée,20,Bonne,7.384986107,48.102530621,QIXnJ
A1610030,A161003001,2024-02-25,68975.0,2026-06-01T04:56:12Z,16,Donnée validée,8,Calculée,20,Bonne,7.384986107,48.102530621,QIXnJ
A1610030,A161003001,2024-02-26,63484.0,2026-06-01T04:56:12Z,16,Donnée validée,8,Calculée,20,Bonne,7.384986107,48.102530621,QIXnJ
A1610030,A161003001,2024-02-27,62423.0,2026-06-01T04:56:12Z,16,Donnée validée,8,Calculée,20,Bonne,7.384986107,48.102530621,QIXnJ
A1610030,A161003001,2024-02-28,49247.0,2026-06-01T04:56:12Z,16,Donnée validée,8,Calculée,20,Bonne,7.384986107,48.102530621,QIXnJ
A1610030,A161003001,2024-02-29,41096.0,2026-06-01T04:56:12Z,16,Donnée validée,8,Calculée,20,Bonne,7.384986107,48.102530621,QIXnJ
A1610030,A161003001,2024-03-01,36681.0,2026-06-01T04:56:12Z,16,Donnée validée,8,Calculée,20,Bonne,7.384986107,48.102530621,QIXnJ
A1610030,A161003001,2024-03-02,33013.0,2026-06-01T04:56:12Z,16,Donnée validée,8,Calculée,20,Bonne,7.384986107,48.102530621,QIXnJ
A1610030,A161003001,2024-03-03,30131.0,2026-06-01T04:56:12Z,16,Donnée validée,8,Calculée,20,Bonne,7.384986107,48.102530621,QIXnJ
A1610030,A161003001,2024-03-04,27443.0,2026-06-01T04:56:12Z,16,Donnée validée,8,Calculée,20,Bonne,7.384986107,48.102530621,QIXnJ
A1610030,A161003001,2024-03-05,24330.0,2026-06-01T04:56:12Z,16,Donnée validée,8,Calculée,20,Bonne,7.384986107,48.102530621,QIXnJ
A1610030,A161003001,2024-03-06,22129.0,2026-06-01T04:56:12Z,16,Donnée validée,8,Calculée,20,Bonne,7.384986107,48.102530621,QIXnJ
A1610030,A161003001,2024-03-07,20588.0,2026-06-01T04:56:12Z,16,Donnée validée,8,Calculée,20,Bonne,7.384986107,48.102530621,QIXnJ
A1610030,A161003001,2024-03-08,19542.0,2026-06-01T04:56:12Z,16,Donnée validée,8,Calculée,20,Bonne,7.384986107,48.102530621,QIXnJ
A1610030,A161003001,2024-03-09,18937.0,2026-06-01T04:56:12Z,16,Donnée validée,8,Calculée,20,Bonne,7.384986107,48.102530621,QIXnJ
A1610030,A161003001,2024-03-10,17837.0,2026-06-01T04:56:12Z,16,Donnée validée,8,Calculée,20,Bonne,7.384986107,48.102530621,QIXnJ
A1610030,A161003001,2024-03-11,17837.0,2026-06-01T04:56:12Z,16,Donnée validée,8,Calculée,20,Bonne,7.384986107,48.102530621,QIXnJ
A1610030,A161003001,2024-03-12,17011.0,2026-06-01T04:56:12Z,16,Donnée validée,8,Calculée,20,Bonne,7.384986107,48.102530621,QIXnJ
A1610030,A161003001,2024-03-13,19432.0,2026-06-01T04:56:12Z,16,Donnée validée,8,Calculée,20,Bonne,7.384986107,48.102530621,QIXnJ
A1610030,A161003001,2024-03-14,19047.0,2026-06-01T04:56:12Z,16,Donnée validée,8,Calculée,20,Bonne,7.384986107,48.102530621,QIXnJ
A1610030,A161003001,2024-03-15,17176.0,2026-06-01T04:56:12Z,16,Donnée validée,8,Calculée,20,Bonne,7.384986107,48.102530621,QIXnJ
A1610030,A161003001,2024-03-16,24715.0,2026-06-01T04:56:12Z,16,Donnée validée,8,Calculée,20,Bonne,7.384986107,48.102530621,QIXnJ
A1610030,A161003001,2024-03-17,26305.0,2026-06-01T04:56:12Z,16,Donnée validée,8,Calculée,20,Bonne,7.384986107,48.102530621,QIXnJ
A1610030,A161003001,2024-03-18,48314.0,2026-06-01T04:56:12Z,16,Donnée validée,8,Calculée,20,Bonne,7.384986107,48.102530621,QIXnJ
A1610030,A161003001,2024-03-19,58945.0,2026-06-01T04:56:12Z,16,Donnée validée,8,Calculée,20,Bonne,7.384986107,48.102530621,QIXnJ
A1610030,A161003001,2024-03-20,42366.0,2026-06-01T04:56:12Z,16,Donnée validée,8,Calculée,20,Bonne,7.384986107,48.102530621,QIXnJ
A1610030,A161003001,2024-03-21,33327.0,2026-06-01T04:56:12Z,16,Donnée validée,8,Calculée,20,Bonne,7.384986107,48.102530621,QIXnJ
A1610030,A161003001,2024-03-22,29502.0,2026-06-01T04:56:12Z,16,Donnée validée,8,Calculée,20,Bonne,7.384986107,48.102530621,QIXnJ
A1610030,A161003001,2024-03-23,25886.0,2026-06-01T04:56:12Z,16,Donnée validée,8,Calculée,20,Bonne,7.384986107,48.102530621,QIXnJ
A1610030,A161003001,2024-03-24,27248.0,2026-06-01T04:56:12Z,16,Donnée validée,8,Calculée,20,Bonne,7.384986107,48.102530621,QIXnJ
A1610030,A161003001,2024-03-25,33275.0,2026-06-01T04:56:12Z,16,Donnée validée,8,Calculée,20,Bonne,7.384986107,48.102530621,QIXnJ
A1610030,A161003001,2024-03-26,29449.0,2026-06-01T04:56:12Z,16,Donnée validée,8,Calculée,20,Bonne,7.384986107,48.102530621,QIXnJ
A1610030,A161003001,2024-03-27,25519.0,2026-06-01T04:56:12Z,16,Donnée validée,8,Calculée,20,Bonne,7.384986107,48.102530621,QIXnJ
A1610030,A161003001,2024-03-28,23119.0,2026-06-01T04:56:12Z,16,Donnée validée,8,Calculée,20,Bonne,7.384986107,48.102530621,QIXnJ
A1610030,A161003001,2024-03-29,23779.0,2026-06-01T04:56:12Z,16,Donnée validée,8,Calculée,20,Bonne,7.384986107,48.102530621,QIXnJ
A1610030,A161003001,2024-03-30,23284.0,2026-06-01T04:56:12Z,16,Donnée validée,8,Calculée,20,Bonne,7.384986107,48.102530621,QIXnJ
A1610030,A161003001,2024-03-31,22294.0,2026-06-01T04:56:12Z,16,Donnée validée,8,Calculée,20,Bonne,7.384986107,48.102530621,QIXnJ
A1610030,A161003001,2024-04-01,46246.0,2026-06-01T04:56:12Z,16,Donnée validée,8,Calculée,20,Bonne,7.384986107,48.102530621,QIXnJ
A1610030,A161003001,2024-04-02,48157.0,2026-06-01T04:56:12Z,16,Donnée validée,8,Calculée,20,Bonne,7.384986107,48.102530621,QIXnJ
A1610030,A161003001,2024-04-03,45799.0,2026-06-01T04:56:12Z,16,Donnée validée,8,Calculée,20,Bonne,7.384986107,48.102530621,QIXnJ
A1610030,A161003001,2024-04-04,51635.0,2026-06-01T04:56:12Z,16,Donnée validée,8,Calculée,20,Bonne,7.384986107,48.102530621,QIXnJ
A1610030,A161003001,2024-04-05,52519.0,2026-06-01T04:56:12Z,16,Donnée validée,8,Calculée,20,Bonne,7.384986107,48.102530621,QIXnJ
A1610030,A161003001,2024-04-06,45537.0,2026-06-01T04:56:12Z,16,Donnée validée,8,Calculée,20,Bonne,7.384986107,48.102530621,QIXnJ
A1610030,A161003001,2024-04-07,38724.0,2026-06-01T04:56:12Z,16,Donnée validée,8,Calculée,20,Bonne,7.384986107,48.102530621,QIXnJ
A1610030,A161003001,2024-04-08,33222.0,2026-06-01T04:56:12Z,16,Donnée validée,8,Calculée,20,Bonne,7.384986107,48.102530621,QIXnJ
A1610030,A161003001,2024-04-09,29083.0,2026-06-01T04:56:12Z,16,Donnée validée,8,Calculée,20,Bonne,7.384986107,48.102530621,QIXnJ
A1610030,A161003001,2024-04-10,28087.0,2026-06-01T04:56:12Z,16,Donnée validée,8,Calculée,20,Bonne,7.384986107,48.102530621,QIXnJ
A1610030,A161003001,2024-04-11,24385.0,2026-06-01T04:56:12Z,16,Donnée validée,8,Calculée,20,Bonne,7.384986107,48.102530621,QIXnJ
A1610030,A161003001,2024-04-12,22404.0,2026-06-01T04:56:12Z,16,Donnée validée,8,Calculée,20,Bonne,7.384986107,48.102530621,QIXnJ
A1610030,A161003001,2024-04-13,20698.0,2026-06-01T04:56:12Z,16,Donnée validée,8,Calculée,20,Bonne,7.384986107,48.102530621,QIXnJ
A1610030,A161003001,2024-04-14,19322.0,2026-06-01T04:56:12Z,16,Donnée validée,8,Calculée,20,Bonne,7.384986107,48.102530621,QIXnJ
A1610030,A161003001,2024-04-15,18277.0,2026-06-01T04:56:12Z,16,Donnée validée,8,Calculée,20,Bonne,7.384986107,48.102530621,QIXnJ
A1610030,A161003001,2024-04-16,19432.0,2026-06-01T04:56:12Z,16,Donnée validée,8,Calculée,20,Bonne,7.384986107,48.102530621,QIXnJ
A1610030,A161003001,2024-04-17,22074.0,2026-06-01T04:56:12Z,16,Donnée validée,8,Calculée,20,Bonne,7.384986107,48.102530621,QIXnJ
A1610030,A161003001,2024-04-18,21798.0,2026-06-01T04:56:12Z,16,Donnée validée,8,Calculée,20,Bonne,7.384986107,48.102530621,QIXnJ
A1610030,A161003001,2024-04-19,19762.0,2026-06-01T04:56:12Z,16,Donnée validée,8,Calculée,20,Bonne,7.384986107,48.102530621,QIXnJ
A1610030,A161003001,2024-04-20,26829.0,2026-06-01T04:56:12Z,16,Donnée validée,8,Calculée,20,Bonne,7.384986107,48.102530621,QIXnJ
A1610030,A161003001,2024-04-21,27144.0,2026-06-01T04:56:12Z,16,Donnée validée,8,Calculée,20,Bonne,7.384986107,48.102530621,QIXnJ
A1610030,A161003001,2024-04-22,28401.0,2026-06-01T04:56:12Z,16,Donnée validée,8,Calculée,20,Bonne,7.384986107,48.102530621,QIXnJ
A1610030,A161003001,2024-04-23,26829.0,2026-06-01T04:56:12Z,16,Donnée validée,8,Calculée,20,Bonne,7.384986107,48.102530621,QIXnJ
A1610030,A161003001,2024-04-24,24110.0,2026-06-01T04:56:12Z,16,Donnée validée,8,Calculée,20,Bonne,7.384986107,48.102530621,QIXnJ
A1610030,A161003001,2024-04-25,21798.0,2026-06-01T04:56:12Z,16,Donnée validée,8,Calculée,20,Bonne,7.384986107,48.102530621,QIXnJ
A1610030,A161003001,2024-04-26,21166.0,2026-06-01T04:56:12Z,16,Donnée validée,8,Calculée,20,Bonne,7.384986107,48.102530621,QIXnJ
A1610030,A161003001,2024-04-27,25045.0,2026-06-01T04:56:12Z,16,Donnée validée,8,Calculée,20,Bonne,7.384986107,48.102530621,QIXnJ
A1610030,A161003001,2024-04-28,23174.0,2026-06-01T04:56:12Z,16,Donnée validée,8,Calculée,20,Bonne,7.384986107,48.102530621,QIXnJ
A1610030,A161003001,2024-04-29,23119.0,2026-06-01T04:56:12Z,16,Donnée validée,8,Calculée,20,Bonne,7.384986107,48.102530621,QIXnJ
A1610030,A161003001,2024-04-30,25310.0,2026-06-01T04:56:12Z,16,Donnée validée,8,Calculée,20,Bonne,7.384986107,48.102530621,QIXnJ
A1610030,A161003001,2024-05-01,19762.0,2026-06-01T04:56:12Z,16,Donnée validée,8,Calculée,20,Bonne,7.384986107,48.102530621,QIXnJ
A1610030,A161003001,2024-05-02,28454.0,2026-06-01T04:56:12Z,16,Donnée validée,8,Calculée,20,Bonne,7.384986107,48.102530621,QIXnJ
A1610030,A161003001,2024-05-03,22129.0,2026-06-01T04:56:12Z,16,Donnée validée,8,Calculée,20,Bonne,7.384986107,48.102530621,QIXnJ
A1610030,A161003001,2024-05-04,20808.0,2026-06-01T04:56:12Z,16,Donnée validée,8,Calculée,20,Bonne,7.384986107,48.102530621,QIXnJ
A1610030,A161003001,2024-05-05,21798.0,2026-06-01T04:56:12Z,16,Donnée validée,8,Calculée,20,Bonne,7.384986107,48.102530621,QIXnJ
A1610030,A161003001,2024-05-06,33056.0,2026-06-01T04:56:12Z,16,Donnée validée,8,Calculée,20,Bonne,7.384986107,48.102530621,QIXnJ
A1610030,A161003001,2024-05-07,35406.0,2026-06-01T04:56:12Z,16,Donnée validée,8,Calculée,20,Bonne,7.384986107,48.102530621,QIXnJ
A1610030,A161003001,2024-05-08,29572.0,2026-06-01T04:56:12Z,16,Donnée validée,8,Calculée,20,Bonne,7.384986107,48.102530621,QIXnJ
A1610030,A161003001,2024-05-09,26567.0,2026-06-01T04:56:12Z,16,Donnée validée,8,Calculée,20,Bonne,7.384986107,48.102530621,QIXnJ
A1610030,A161003001,2024-05-10,22547.0,2026-06-01T04:56:12Z,16,Donnée validée,8,Calculée,20,Bonne,7.384986107,48.102530621,QIXnJ
A1610030,A161003001,2024-05-11,20525.0,2026-06-01T04:56:12Z,16,Donnée validée,8,Calculée,20,Bonne,7.384986107,48.102530621,QIXnJ
A1610030,A161003001,2024-05-12,18265.0,2026-06-01T04:56:12Z,16,Donnée validée,8,Calculée,20,Bonne,7.384986107,48.102530621,QIXnJ
A1610030,A161003001,2024-05-13,17457.0,2026-06-01T04:56:12Z,16,Donnée validée,8,Calculée,20,Bonne,7.384986107,48.102530621,QIXnJ
A1610030,A161003001,2024-05-14,17019.0,2026-06-01T04:56:12Z,16,Donnée validée,8,Calculée,20,Bonne,7.384986107,48.102530621,QIXnJ
A1610030,A161003001,2024-05-15,24345.0,2026-06-01T04:56:12Z,16,Donnée validée,8,Calculée,20,Bonne,7.384986107,48.102530621,QIXnJ
A1610030,A161003001,2024-05-16,28607.0,2026-06-01T04:56:12Z,16,Donnée validée,8,Calculée,20,Bonne,7.384986107,48.102530621,QIXnJ
A1610030,A161003001,2024-05-17,45768.0,2026-06-01T04:56:12Z,16,Donnée validée,8,Calculée,20,Bonne,7.384986107,48.102530621,QIXnJ
A1610030,A161003001,2024-05-18,46446.0,2026-06-01T04:56:12Z,16,Donnée validée,8,Calculée,20,Bonne,7.384986107,48.102530621,QIXnJ
A1610030,A161003001,2024-05-19,34686.0,2026-06-01T04:56:12Z,16,Donnée validée,8,Calculée,20,Bonne,7.384986107,48.102530621,QIXnJ
A1610030,A161003001,2024-05-20,29324.0,2026-06-01T04:56:12Z,16,Donnée validée,8,Calculée,20,Bonne,7.384986107,48.102530621,QIXnJ
A1610030,A161003001,2024-05-21,37512.0,2026-06-01T04:56:12Z,16,Donnée validée,8,Calculée,20,Bonne,7.384986107,48.102530621,QIXnJ
A1610030,A161003001,2024-05-22,35255.0,2026-06-01T04:56:12Z,16,Donnée validée,8,Calculée,20,Bonne,7.384986107,48.102530621,QIXnJ
A1610030,A161003001,2024-05-23,28999.0,2026-06-01T04:56:12Z,16,Donnée validée,8,Calculée,20,Bonne,7.384986107,48.102530621,QIXnJ
A1610030,A161003001,2024-05-24,33885.0,2026-06-01T04:56:12Z,16,Donnée validée,8,Calculée,20,Bonne,7.384986107,48.102530621,QIXnJ
A1610030,A161003001,2024-05-25,33344.0,2026-06-01T04:56:12Z,16,Donnée validée,8,Calculée,20,Bonne,7.384986107,48.102530621,QIXnJ
A1610030,A161003001,2024-05-26,29667.0,2026-06-01T04:56:12Z,16,Donnée validée,8,Calculée,20,Bonne,7.384986107,48.102530621,QIXnJ
A1610030,A161003001,2024-05-27,26397.0,2026-06-01T04:56:12Z,16,Donnée validée,8,Calculée,20,Bonne,7.384986107,48.102530621,QIXnJ
A1610030,A161003001,2024-05-28,23909.0,2026-06-01T04:56:12Z,16,Donnée validée,8,Calculée,20,Bonne,7.384986107,48.102530621,QIXnJ
A1610030,A161003001,2024-05-29,23058.0,2026-06-01T04:56:12Z,16,Donnée validée,8,Calculée,20,Bonne,7.384986107,48.102530621,QIXnJ
A1610030,A161003001,2024-05-30,23682.0,2026-06-01T04:56:12Z,16,Donnée validée,8,Calculée,20,Bonne,7.384986107,48.102530621,QIXnJ
A1610030,A161003001,2024-05-31,24163.0,2026-06-01T04:56:12Z,16,Donnée validée,8,Calculée,20,Bonne,7.384986107,48.102530621,QIXnJ
A1610030,A161003001,2024-06-01,30474.0,2026-06-01T04:56:12Z,16,Donnée validée,8,Calculée,20,Bonne,7.384986107,48.102530621,QIXnJ
A1610030,A161003001,2024-06-02,28573.0,2026-06-01T04:56:12Z,16,Donnée validée,8,Calculée,20,Bonne,7.384986107,48.102530621,QIXnJ
A1610030,A161003001,2024-06-03,38082.0,2026-06-01T04:56:12Z,16,Donnée validée,8,Calculée,20,Bonne,7.384986107,48.102530621,QIXnJ
A1610030,A161003001,2024-06-04,36816.0,2026-06-01T04:56:12Z,16,Donnée validée,8,Calculée,20,Bonne,7.384986107,48.102530621,QIXnJ
A1610030,A161003001,2024-06-05,30560.0,2026-06-01T04:56:12Z,16,Donnée validée,8,Calculée,20,Bonne,7.384986107,48.102530621,QIXnJ
A1610030,A161003001,2024-06-06,25212.0,2026-06-01T04:56:12Z,16,Donnée validée,8,Calculée,20,Bonne,7.384986107,48.102530621,QIXnJ
A1610030,A161003001,2024-06-07,21267.0,2026-06-01T04:56:12Z,16,Donnée validée,8,Calculée,20,Bonne,7.384986107,48.102530621,QIXnJ
A1610030,A161003001,2024-06-08,19634.0,2026-06-01T04:56:12Z,16,Donnée validée,8,Calculée,20,Bonne,7.384986107,48.102530621,QIXnJ
A1610030,A161003001,2024-06-09,20988.0,2026-06-01T04:56:12Z,16,Donnée validée,8,Calculée,20,Bonne,7.384986107,48.102530621,QIXnJ
A1610030,A161003001,2024-06-10,20430.0,2026-06-01T04:56:12Z,16,Donnée validée,8,Calculée,20,Bonne,7.384986107,48.102530621,QIXnJ
A1610030,A161003001,2024-06-11,17769.0,2026-06-01T04:56:12Z,16,Donnée validée,8,Calculée,20,Bonne,7.384986107,48.102530621,QIXnJ
A1610030,A161003001,2024-06-12,16206.0,2026-06-01T04:56:12Z,16,Donnée validée,8,Calculée,20,Bonne,7.384986107,48.102530621,QIXnJ
A1610030,A161003001,2024-06-13,15024.0,2026-06-01T04:56:12Z,16,Donnée validée,8,Calculée,20,Bonne,7.384986107,48.102530621,QIXnJ
A1610030,A161003001,2024-06-14,13760.0,2026-06-01T04:56:12Z,16,Donnée validée,8,Calculée,20,Bonne,7.384986107,48.102530621,QIXnJ
A1610030,A161003001,2024-06-15,24705.0,2026-06-01T04:56:12Z,16,Donnée validée,8,Calculée,20,Bonne,7.384986107,48.102530621,QIXnJ
A1610030,A161003001,2024-06-16,24594.0,2026-06-01T04:56:12Z,16,Donnée validée,8,Calculée,20,Bonne,7.384986107,48.102530621,QIXnJ
A1610030,A161003001,2024-06-17,17260.0,2026-06-01T04:56:12Z,16,Donnée validée,8,Calculée,20,Bonne,7.384986107,48.102530621,QIXnJ
A1610030,A161003001,2024-06-18,14905.0,2026-06-01T04:56:12Z,16,Donnée validée,8,Calculée,20,Bonne,7.384986107,48.102530621,QIXnJ
A1610030,A161003001,2024-06-19,14840.0,2026-06-01T04:56:12Z,16,Donnée validée,8,Calculée,20,Bonne,7.384986107,48.102530621,QIXnJ
A1610030,A161003001,2024-06-20,13660.0,2026-06-01T04:56:12Z,16,Donnée validée,8,Calculée,20,Bonne,7.384986107,48.102530621,QIXnJ
A1610030,A161003001,2024-06-21,12504.0,2026-06-01T04:56:12Z,16,Donnée validée,8,Calculée,20,Bonne,7.384986107,48.102530621,QIXnJ
A1610030,A161003001,2024-06-22,14988.0,2026-06-01T04:56:12Z,16,Donnée validée,8,Calculée,20,Bonne,7.384986107,48.102530621,QIXnJ
A1610030,A161003001,2024-06-23,14171.0,2026-06-01T04:56:12Z,16,Donnée validée,8,Calculée,20,Bonne,7.384986107,48.102530621,QIXnJ
A1610030,A161003001,2024-06-24,13808.0,2026-06-01T04:56:12Z,16,Donnée validée,8,Calculée,20,Bonne,7.384986107,48.102530621,QIXnJ
A1610030,A161003001,2024-06-25,12131.0,2026-06-01T04:56:12Z,16,Donnée validée,8,Calculée,20,Bonne,7.384986107,48.102530621,QIXnJ
A1610030,A161003001,2024-06-26,9995.0,2026-06-01T04:56:12Z,16,Donnée validée,8,Calculée,20,Bonne,7.384986107,48.102530621,QIXnJ
A1610030,A161003001,2024-06-27,15506.0,2026-06-01T04:56:12Z,16,Donnée validée,8,Calculée,20,Bonne,7.384986107,48.102530621,QIXnJ
A1610030,A161003001,2024-06-28,14047.0,2026-06-01T04:56:12Z,16,Donnée validée,8,Calculée,20,Bonne,7.384986107,48.102530621,QIXnJ
A1610030,A161003001,2024-06-29,14222.0,2026-06-01T04:56:12Z,16,Donnée validée,8,Calculée,20,Bonne,7.384986107,48.102530621,QIXnJ
A1610030,A161003001,2024-06-30,13236.0,2026-06-01T04:56:12Z,16,Donnée validée,8,Calculée,20,Bonne,7.384986107,48.102530621,QIXnJ
A1610030,A161003001,2024-07-01,13152.0,2026-06-01T04:56:12Z,16,Donnée validée,8,Calculée,20,Bonne,7.384986107,48.102530621,QIXnJ
A1610030,A161003001,2024-07-02,12470.0,2026-06-01T04:56:12Z,16,Donnée validée,8,Calculée,20,Bonne,7.384986107,48.102530621,QIXnJ
A1610030,A161003001,2024-07-03,12495.0,2026-06-01T04:56:12Z,16,Donnée validée,8,Calculée,20,Bonne,7.384986107,48.102530621,QIXnJ
A1610030,A161003001,2024-07-04,12897.0,2026-06-01T04:56:12Z,16,Donnée validée,8,Calculée,20,Bonne,7.384986107,48.102530621,QIXnJ
A1610030,A161003001,2024-07-05,12781.0,2026-06-01T04:56:12Z,16,Donnée validée,8,Calculée,20,Bonne,7.384986107,48.102530621,QIXnJ
A1610030,A161003001,2024-07-06,12535.0,2026-06-01T04:56:12Z,16,Donnée validée,8,Calculée,20,Bonne,7.384986107,48.102530621,QIXnJ
A1610030,A161003001,2024-07-07,20733.0,2026-06-01T04:56:12Z,16,Donnée validée,8,Calculée,20,Bonne,7.384986107,48.102530621,QIXnJ
A1610030,A161003001,2024-07-08,19143.0,2026-06-01T04:56:12Z,16,Donnée validée,8,Calculée,20,Bonne,7.384986107,48.102530621,QIXnJ
A1610030,A161003001,2024-07-09,15253.0,2026-06-01T04:56:12Z,16,Donnée validée,8,Calculée,20,Bonne,7.384986107,48.102530621,QIXnJ
A1610030,A161003001,2024-07-10,12619.0,2026-06-01T04:56:12Z,16,Donnée validée,8,Calculée,20,Bonne,7.384986107,48.102530621,QIXnJ
A1610030,A161003001,2024-07-11,11628.0,2026-06-01T04:56:12Z,16,Donnée validée,8,Calculée,20,Bonne,7.384986107,48.102530621,QIXnJ
A1610030,A161003001,2024-07-12,10802.0,2026-06-01T04:56:12Z,16,Donnée validée,8,Calculée,20,Bonne,7.384986107,48.102530621,QIXnJ
A1610030,A161003001,2024-07-13,13410.0,2026-06-01T04:56:12Z,16,Donnée validée,8,Calculée,20,Bonne,7.384986107,48.102530621,QIXnJ
A1610030,A161003001,2024-07-14,12585.0,2026-06-01T04:56:12Z,16,Donnée validée,8,Calculée,20,Bonne,7.384986107,48.102530621,QIXnJ
A1610030,A161003001,2024-07-15,10090.0,2026-06-01T04:56:12Z,16,Donnée validée,8,Calculée,20,Bonne,7.384986107,48.102530621,QIXnJ
A1610030,A161003001,2024-07-16,15317.0,2026-06-01T04:56:12Z,16,Donnée validée,8,Calculée,20,Bonne,7.384986107,48.102530621,QIXnJ
A1610030,A161003001,2024-07-17,11244.0,2026-06-01T04:56:12Z,16,Donnée validée,8,Calculée,20,Bonne,7.384986107,48.102530621,QIXnJ
A1610030,A161003001,2024-07-18,8401.0,2026-06-01T04:56:12Z,16,Donnée validée,8,Calculée,20,Bonne,7.384986107,48.102530621,QIXnJ
A1610030,A161003001,2024-07-19,7324.0,2026-06-01T04:56:12Z,16,Donnée validée,8,Calculée,20,Bonne,7.384986107,48.102530621,QIXnJ
A1610030,A161003001,2024-07-20,6561.0,2026-06-01T04:56:12Z,16,Donnée validée,8,Calculée,20,Bonne,7.384986107,48.102530621,QIXnJ
A1610030,A161003001,2024-07-21,6124.0,2026-06-01T04:56:12Z,16,Donnée validée,8,Calculée,20,Bonne,7.384986107,48.102530621,QIXnJ
A1610030,A161003001,2024-07-22,6690.0,2026-06-01T04:56:12Z,16,Donnée validée,8,Calculée,20,Bonne,7.384986107,48.102530621,QIXnJ
A1610030,A161003001,2024-07-23,6138.0,2026-06-01T04:56:12Z,16,Donnée validée,8,Calculée,20,Bonne,7.384986107,48.102530621,QIXnJ
A1610030,A161003001,2024-07-24,5936.0,2026-06-01T04:56:12Z,16,Donnée validée,8,Calculée,20,Bonne,7.384986107,48.102530621,QIXnJ
A1610030,A161003001,2024-07-25,6992.0,2026-06-01T04:56:12Z,16,Donnée validée,8,Calculée,20,Bonne,7.384986107,48.102530621,QIXnJ
A1610030,A161003001,2024-07-26,6908.0,2026-06-01T04:56:12Z,16,Donnée validée,8,Calculée,20,Bonne,7.384986107,48.102530621,QIXnJ
A1610030,A161003001,2024-07-27,6771.0,2026-06-01T04:56:12Z,16,Donnée validée,8,Calculée,20,Bonne,7.384986107,48.102530621,QIXnJ
A1610030,A161003001,2024-07-28,7272.0,2026-06-01T04:56:12Z,16,Donnée validée,8,Calculée,20,Bonne,7.384986107,48.102530621,QIXnJ
A1610030,A161003001,2024-07-29,7236.0,2026-06-01T04:56:12Z,16,Donnée validée,8,Calculée,20,Bonne,7.384986107,48.102530621,QIXnJ
A1610030,A161003001,2024-07-30,6884.0,2026-06-01T04:56:12Z,16,Donnée validée,8,Calculée,20,Bonne,7.384986107,48.102530621,QIXnJ
A1610030,A161003001,2024-07-31,7028.0,2026-06-01T04:56:12Z,16,Donnée validée,8,Calculée,20,Bonne,7.384986107,48.102530621,QIXnJ
A1610030,A161003001,2024-08-01,12658.0,2026-06-01T04:56:12Z,16,Donnée validée,8,Calculée,20,Bonne,7.384986107,48.102530621,QIXnJ
A1610030,A161003001,2024-08-02,30339.0,2026-06-01T04:56:12Z,16,Donnée validée,8,Calculée,20,Bonne,7.384986107,48.102530621,QIXnJ
A1610030,A161003001,2024-08-03,14572.0,2026-06-01T04:56:12Z,16,Donnée validée,8,Calculée,20,Bonne,7.384986107,48.102530621,QIXnJ
A1610030,A161003001,2024-08-04,9855.0,2026-06-01T04:56:12Z,16,Donnée validée,8,Calculée,20,Bonne,7.384986107,48.102530621,QIXnJ
A1610030,A161003001,2024-08-05,8951.0,2026-06-01T04:56:12Z,16,Donnée validée,8,Calculée,20,Bonne,7.384986107,48.102530621,QIXnJ
A1610030,A161003001,2024-08-06,8670.0,2026-06-01T04:56:12Z,16,Donnée validée,8,Calculée,20,Bonne,7.384986107,48.102530621,QIXnJ
A1610030,A161003001,2024-08-07,9564.0,2026-06-01T04:56:12Z,16,Donnée validée,8,Calculée,20,Bonne,7.384986107,48.102530621,QIXnJ
A1610030,A161003001,2024-08-08,9306.0,2026-06-01T04:56:12Z,16,Donnée validée,8,Calculée,20,Bonne,7.384986107,48.102530621,QIXnJ
A1610030,A161003001,2024-08-09,8509.0,2026-06-01T04:56:12Z,16,Donnée validée,8,Calculée,20,Bonne,7.384986107,48.102530621,QIXnJ
A1610030,A161003001,2024-08-10,7758.0,2026-06-01T04:56:12Z,16,Donnée validée,8,Calculée,20,Bonne,7.384986107,48.102530621,QIXnJ
A1610030,A161003001,2024-08-11,7345.0,2026-06-01T04:56:12Z,16,Donnée validée,8,Calculée,20,Bonne,7.384986107,48.102530621,QIXnJ
A1610030,A161003001,2024-08-12,7320.0,2026-06-01T04:56:12Z,16,Donnée validée,8,Calculée,20,Bonne,7.384986107,48.102530621,QIXnJ
A1610030,A161003001,2024-08-13,8992.0,2026-06-01T04:56:12Z,16,Donnée validée,8,Calculée,20,Bonne,7.384986107,48.102530621,QIXnJ
A1610030,A161003001,2024-08-14,8660.0,2026-06-01T04:56:12Z,16,Donnée validée,8,Calculée,20,Bonne,7.384986107,48.102530621,QIXnJ
A1610030,A161003001,2024-08-15,8584.0,2026-06-01T04:56:12Z,16,Donnée validée,8,Calculée,20,Bonne,7.384986107,48.102530621,QIXnJ
A1610030,A161003001,2024-08-16,10109.0,2026-06-01T04:56:12Z,16,Donnée validée,8,Calculée,20,Bonne,7.384986107,48.102530621,QIXnJ
A1610030,A161003001,2024-08-17,7492.0,2026-06-01T04:56:12Z,16,Donnée validée,8,Calculée,20,Bonne,7.384986107,48.102530621,QIXnJ
A1610030,A161003001,2024-08-18,12105.0,2026-06-01T04:56:12Z,16,Donnée validée,8,Calculée,20,Bonne,7.384986107,48.102530621,QIXnJ
A1610030,A161003001,2024-08-19,8479.0,2026-06-01T04:56:12Z,16,Donnée validée,8,Calculée,20,Bonne,7.384986107,48.102530621,QIXnJ
A1610030,A161003001,2024-08-20,7804.0,2026-06-01T04:56:12Z,16,Donnée validée,8,Calculée,20,Bonne,7.384986107,48.102530621,QIXnJ
A1610030,A161003001,2024-08-21,7423.0,2026-06-01T04:56:12Z,16,Donnée validée,8,Calculée,20,Bonne,7.384986107,48.102530621,QIXnJ
A1610030,A161003001,2024-08-22,7212.0,2026-06-01T04:56:12Z,16,Donnée validée,8,Calculée,20,Bonne,7.384986107,48.102530621,QIXnJ
A1610030,A161003001,2024-08-23,6964.0,2026-06-01T04:56:12Z,16,Donnée validée,8,Calculée,20,Bonne,7.384986107,48.102530621,QIXnJ
A1610030,A161003001,2024-08-24,6857.0,2026-06-01T04:56:12Z,16,Donnée validée,8,Calculée,20,Bonne,7.384986107,48.102530621,QIXnJ
A1610030,A161003001,2024-08-25,10950.0,2026-06-01T04:56:12Z,16,Donnée validée,8,Calculée,20,Bonne,7.384986107,48.102530621,QIXnJ
A1610030,A161003001,2024-08-26,9156.0,2026-06-01T04:56:12Z,16,Donnée validée,8,Calculée,20,Bonne,7.384986107,48.102530621,QIXnJ
A1610030,A161003001,2024-08-27,7708.0,2026-06-01T04:56:12Z,16,Donnée validée,8,Calculée,20,Bonne,7.384986107,48.102530621,QIXnJ
A1610030,A161003001,2024-08-28,7426.0,2026-06-01T04:56:12Z,16,Donnée validée,8,Calculée,20,Bonne,7.384986107,48.102530621,QIXnJ
A1610030,A161003001,2024-08-29,7111.0,2026-06-01T04:56:12Z,16,Donnée validée,8,Calculée,20,Bonne,7.384986107,48.102530621,QIXnJ
A1610030,A161003001,2024-08-30,7076.0,2026-06-01T04:56:12Z,16,Donnée validée,8,Calculée,20,Bonne,7.384986107,48.102530621,QIXnJ
A1610030,A161003001,2024-08-31,7009.0,2026-06-01T04:56:12Z,16,Donnée validée,8,Calculée,20,Bonne,7.384986107,48.102530621,QIXnJ
A1610030,A161003001,2024-09-01,7095.0,2026-06-01T04:56:12Z,16,Donnée validée,8,Calculée,20,Bonne,7.384986107,48.102530621,QIXnJ
A1610030,A161003001,2024-09-02,13907.0,2026-06-01T04:56:12Z,16,Donnée validée,8,Calculée,20,Bonne,7.384986107,48.102530621,QIXnJ
A1610030,A161003001,2024-09-03,11286.0,2026-06-01T04:56:12Z,16,Donnée validée,8,Calculée,20,Bonne,7.384986107,48.102530621,QIXnJ
A1610030,A161003001,2024-09-04,10000.0,2026-06-01T04:56:12Z,16,Donnée validée,8,Calculée,20,Bonne,7.384986107,48.102530621,QIXnJ
A1610030,A161003001,2024-09-05,18221.0,2026-06-01T04:56:12Z,16,Donnée validée,8,Calculée,20,Bonne,7.384986107,48.102530621,QIXnJ
A1610030,A161003001,2024-09-06,13352.0,2026-06-01T04:56:12Z,16,Donnée validée,8,Calculée,20,Bonne,7.384986107,48.102530621,QIXnJ
A1610030,A161003001,2024-09-07,10552.0,2026-06-01T04:56:12Z,16,Donnée validée,8,Calculée,20,Bonne,7.384986107,48.102530621,QIXnJ
A1610030,A161003001,2024-09-08,11251.0,2026-06-01T04:56:12Z,16,Donnée validée,8,Calculée,20,Bonne,7.384986107,48.102530621,QIXnJ
A1610030,A161003001,2024-09-09,10948.0,2026-06-01T04:56:12Z,16,Donnée validée,8,Calculée,20,Bonne,7.384986107,48.102530621,QIXnJ
A1610030,A161003001,2024-09-10,17028.0,2026-06-01T04:56:12Z,16,Donnée validée,8,Calculée,20,Bonne,7.384986107,48.102530621,QIXnJ
A1610030,A161003001,2024-09-11,16044.0,2026-06-01T04:56:12Z,16,Donnée validée,8,Calculée,20,Bonne,7.384986107,48.102530621,QIXnJ
A1610030,A161003001,2024-09-12,18061.0,2026-06-01T04:56:12Z,16,Donnée validée,8,Calculée,20,Bonne,7.384986107,48.102530621,QIXnJ
A1610030,A161003001,2024-09-13,15365.0,2026-06-01T04:56:12Z,16,Donnée validée,8,Calculée,20,Bonne,7.384986107,48.102530621,QIXnJ
A1610030,A161003001,2024-09-14,14035.0,2026-06-01T04:56:12Z,16,Donnée validée,8,Calculée,20,Bonne,7.384986107,48.102530621,QIXnJ
A1610030,A161003001,2024-09-15,12919.0,2026-06-01T04:56:12Z,16,Donnée validée,8,Calculée,20,Bonne,7.384986107,48.102530621,QIXnJ
A1610030,A161003001,2024-09-16,12736.0,2026-06-01T04:56:12Z,16,Donnée validée,8,Calculée,20,Bonne,7.384986107,48.102530621,QIXnJ
A1610030,A161003001,2024-09-17,11826.0,2026-06-01T04:56:12Z,16,Donnée validée,8,Calculée,20,Bonne,7.384986107,48.102530621,QIXnJ
A1610030,A161003001,2024-09-18,10117.0,2026-06-01T04:56:12Z,16,Donnée validée,8,Calculée,20,Bonne,7.384986107,48.102530621,QIXnJ
A1610030,A161003001,2024-09-19,9259.0,2026-06-01T04:56:12Z,16,Donnée validée,8,Calculée,20,Bonne,7.384986107,48.102530621,QIXnJ
A1610030,A161003001,2024-09-20,8743.0,2026-06-01T04:56:12Z,16,Donnée validée,8,Calculée,20,Bonne,7.384986107,48.102530621,QIXnJ
A1610030,A161003001,2024-09-21,8376.0,2026-06-01T04:56:12Z,16,Donnée validée,8,Calculée,20,Bonne,7.384986107,48.102530621,QIXnJ
A1610030,A161003001,2024-09-22,8109.0,2026-06-01T04:56:12Z,16,Donnée validée,8,Calculée,20,Bonne,7.384986107,48.102530621,QIXnJ
A1610030,A161003001,2024-09-23,9326.0,2026-06-01T04:56:12Z,16,Donnée validée,8,Calculée,20,Bonne,7.384986107,48.102530621,QIXnJ
A1610030,A161003001,2024-09-24,8638.0,2026-06-01T04:56:12Z,16,Donnée validée,8,Calculée,20,Bonne,7.384986107,48.102530621,QIXnJ
A1610030,A161003001,2024-09-25,8143.0,2026-06-01T04:56:12Z,16,Donnée validée,8,Calculée,20,Bonne,7.384986107,48.102530621,QIXnJ
A1610030,A161003001,2024-09-26,30638.0,2026-06-01T04:56:12Z,16,Donnée validée,8,Calculée,20,Bonne,7.384986107,48.102530621,QIXnJ
A1610030,A161003001,2024-09-27,52407.0,2026-06-01T04:56:12Z,16,Donnée validée,8,Calculée,20,Bonne,7.384986107,48.102530621,QIXnJ
A1610030,A161003001,2024-09-28,51997.0,2026-06-01T04:56:12Z,16,Donnée validée,8,Calculée,20,Bonne,7.384986107,48.102530621,QIXnJ
A1610030,A161003001,2024-09-29,40074.0,2026-06-01T04:56:12Z,16,Donnée validée,8,Calculée,20,Bonne,7.384986107,48.102530621,QIXnJ
A1610030,A161003001,2024-09-30,32701.0,2026-06-01T04:56:12Z,16,Donnée validée,8,Calculée,20,Bonne,7.384986107,48.102530621,QIXnJ
A1610030,A161003001,2024-10-01,27506.0,2026-06-01T04:56:12Z,16,Donnée validée,8,Calculée,20,Bonne,7.384986107,48.102530621,QIXnJ
A1610030,A161003001,2024-10-02,72051.0,2026-06-01T04:56:12Z,16,Donnée validée,8,Calculée,20,Bonne,7.384986107,48.102530621,QIXnJ
A1610030,A161003001,2024-10-03,67399.0,2026-06-01T04:56:12Z,16,Donnée validée,8,Calculée,20,Bonne,7.384986107,48.102530621,QIXnJ
A1610030,A161003001,2024-10-04,35154.0,2026-06-01T04:56:12Z,16,Donnée validée,8,Calculée,20,Bonne,7.384986107,48.102530621,QIXnJ
A1610030,A161003001,2024-10-05,27069.0,2026-06-01T04:56:12Z,16,Donnée validée,8,Calculée,20,Bonne,7.384986107,48.102530621,QIXnJ
A1610030,A161003001,2024-10-06,22557.0,2026-06-01T04:56:12Z,16,Donnée validée,8,Calculée,20,Bonne,7.384986107,48.102530621,QIXnJ
A1610030,A161003001,2024-10-07,30376.0,2026-06-01T04:56:12Z,16,Donnée validée,8,Calculée,20,Bonne,7.384986107,48.102530621,QIXnJ
A1610030,A161003001,2024-10-08,88422.0,2026-06-01T04:56:12Z,16,Donnée validée,8,Calculée,20,Bonne,7.384986107,48.102530621,QIXnJ
A1610030,A161003001,2024-10-09,87823.0,2026-06-01T04:56:12Z,16,Donnée validée,8,Calculée,20,Bonne,7.384986107,48.102530621,QIXnJ
A1610030,A161003001,2024-10-10,64641.0,2026-06-01T04:56:12Z,16,Donnée validée,10,Expertisée,20,Bonne,7.384986107,48.102530621,QIXnJ
A1610030,A161003001,2024-10-11,56833.0,2026-06-01T04:56:12Z,16,Donnée validée,10,Expertisée,20,Bonne,7.384986107,48.102530621,QIXnJ
A1610030,A161003001,2024-10-12,50780.0,2026-06-01T04:56:12Z,16,Donnée validée,10,Expertisée,20,Bonne,7.384986107,48.102530621,QIXnJ
A1610030,A161003001,2024-10-13,42030.0,2026-06-01T04:56:12Z,16,Donnée validée,10,Expertisée,20,Bonne,7.384986107,48.102530621,QIXnJ
A1610030,A161003001,2024-10-14,40475.0,2026-06-01T04:56:12Z,16,Donnée validée,10,Expertisée,20,Bonne,7.384986107,48.102530621,QIXnJ
A1610030,A161003001,2024-10-15,32073.0,2026-06-01T04:56:12Z,16,Donnée validée,10,Expertisée,20,Bonne,7.384986107,48.102530621,QIXnJ
A1610030,A161003001,2024-10-16,29859.0,2026-06-01T04:56:12Z,16,Donnée validée,10,Expertisée,20,Bonne,7.384986107,48.102530621,QIXnJ
A1610030,A161003001,2024-10-17,27738.0,2026-06-01T04:56:12Z,16,Donnée validée,10,Expertisée,20,Bonne,7.384986107,48.102530621,QIXnJ
A1610030,A161003001,2024-10-18,24181.0,2026-06-01T04:56:12Z,16,Donnée validée,8,Calculée,20,Bonne,7.384986107,48.102530621,QIXnJ
A1610030,A161003001,2024-10-19,20115.0,2026-06-01T04:56:12Z,16,Donnée validée,8,Calculée,20,Bonne,7.384986107,48.102530621,QIXnJ
A1610030,A161003001,2024-10-20,17391.0,2026-06-01T04:56:12Z,16,Donnée validée,8,Calculée,20,Bonne,7.384986107,48.102530621,QIXnJ
A1610030,A161003001,2024-10-21,15228.0,2026-06-01T04:56:12Z,16,Donnée validée,8,Calculée,20,Bonne,7.384986107,48.102530621,QIXnJ
A1610030,A161003001,2024-10-22,14039.0,2026-06-01T04:56:12Z,16,Donnée validée,8,Calculée,20,Bonne,7.384986107,48.102530621,QIXnJ
A1610030,A161003001,2024-10-23,13230.0,2026-06-01T04:56:12Z,16,Donnée validée,8,Calculée,20,Bonne,7.384986107,48.102530621,QIXnJ
A1610030,A161003001,2024-10-24,12783.0,2026-06-01T04:56:12Z,16,Donnée validée,8,Calculée,20,Bonne,7.384986107,48.102530621,QIXnJ
A1610030,A161003001,2024-10-25,12921.0,2026-06-01T04:56:12Z,16,Donnée validée,8,Calculée,20,Bonne,7.384986107,48.102530621,QIXnJ
A1610030,A161003001,2024-10-26,12768.0,2026-06-01T04:56:12Z,16,Donnée validée,8,Calculée,20,Bonne,7.384986107,48.102530621,QIXnJ
A1610030,A161003001,2024-10-27,11691.0,2026-06-01T04:56:12Z,16,Donnée validée,8,Calculée,20,Bonne,7.384986107,48.102530621,QIXnJ
A1610030,A161003001,2024-10-28,11171.0,2026-06-01T04:56:12Z,16,Donnée validée,8,Calculée,20,Bonne,7.384986107,48.102530621,QIXnJ
A1610030,A161003001,2024-10-29,10666.0,2026-06-01T04:56:12Z,16,Donnée validée,8,Calculée,20,Bonne,7.384986107,48.102530621,QIXnJ
A1610030,A161003001,2024-10-30,9673.0,2026-06-01T04:56:12Z,16,Donnée validée,8,Calculée,20,Bonne,7.384986107,48.102530621,QIXnJ
A1610030,A161003001,2024-10-31,9217.0,2026-06-01T04:56:12Z,16,Donnée validée,8,Calculée,20,Bonne,7.384986107,48.102530621,QIXnJ
A1610030,A161003001,2024-11-01,9252.0,2026-06-01T04:56:12Z,16,Donnée validée,8,Calculée,20,Bonne,7.384986107,48.102530621,QIXnJ
A1610030,A161003001,2024-11-02,8831.0,2026-06-01T04:56:12Z,16,Donnée validée,8,Calculée,20,Bonne,7.384986107,48.102530621,QIXnJ
A1610030,A161003001,2024-11-03,8374.0,2026-06-01T04:56:12Z,16,Donnée validée,8,Calculée,20,Bonne,7.384986107,48.102530621,QIXnJ
A1610030,A161003001,2024-11-04,8234.0,2026-06-01T04:56:12Z,16,Donnée validée,8,Calculée,20,Bonne,7.384986107,48.102530621,QIXnJ
A1610030,A161003001,2024-11-05,8620.0,2026-06-01T04:56:12Z,16,Donnée validée,8,Calculée,20,Bonne,7.384986107,48.102530621,QIXnJ
A1610030,A161003001,2024-11-06,8199.0,2026-06-01T04:56:12Z,16,Donnée validée,8,Calculée,20,Bonne,7.384986107,48.102530621,QIXnJ
A1610030,A161003001,2024-11-07,8023.0,2026-06-01T04:56:12Z,16,Donnée validée,8,Calculée,20,Bonne,7.384986107,48.102530621,QIXnJ
A1610030,A161003001,2024-11-08,8445.0,2026-06-01T04:56:12Z,16,Donnée validée,8,Calculée,20,Bonne,7.384986107,48.102530621,QIXnJ
A1610030,A161003001,2024-11-09,7532.0,2026-06-01T04:56:12Z,16,Donnée validée,8,Calculée,20,Bonne,7.384986107,48.102530621,QIXnJ
A1610030,A161003001,2024-11-10,7356.0,2026-06-01T04:56:12Z,16,Donnée validée,8,Calculée,20,Bonne,7.384986107,48.102530621,QIXnJ
A1610030,A161003001,2024-11-11,7286.0,2026-06-01T04:56:12Z,16,Donnée validée,8,Calculée,20,Bonne,7.384986107,48.102530621,QIXnJ
A1610030,A161003001,2024-11-12,7391.0,2026-06-01T04:56:12Z,16,Donnée validée,8,Calculée,20,Bonne,7.384986107,48.102530621,QIXnJ
A1610030,A161003001,2024-11-13,7918.0,2026-06-01T04:56:12Z,16,Donnée validée,8,Calculée,20,Bonne,7.384986107,48.102530621,QIXnJ
A1610030,A161003001,2024-11-14,6970.0,2026-06-01T04:56:12Z,16,Donnée validée,8,Calculée,20,Bonne,7.384986107,48.102530621,QIXnJ
A1610030,A161003001,2024-11-15,6935.0,2026-06-01T04:56:12Z,16,Donnée validée,8,Calculée,20,Bonne,7.384986107,48.102530621,QIXnJ
A1610030,A161003001,2024-11-16,6514.0,2026-06-01T04:56:12Z,16,Donnée validée,8,Calculée,20,Bonne,7.384986107,48.102530621,QIXnJ
A1610030,A161003001,2024-11-17,6514.0,2026-06-01T04:56:12Z,16,Donnée validée,8,Calculée,20,Bonne,7.384986107,48.102530621,QIXnJ
A1610030,A161003001,2024-11-18,6514.0,2026-06-01T04:56:12Z,16,Donnée validée,8,Calculée,20,Bonne,7.384986107,48.102530621,QIXnJ
A1610030,A161003001,2024-11-19,10681.0,2026-06-01T04:56:12Z,16,Donnée validée,8,Calculée,20,Bonne,7.384986107,48.102530621,QIXnJ
A1610030,A161003001,2024-11-20,63602.0,2026-06-01T04:56:12Z,16,Donnée validée,8,Calculée,20,Bonne,7.384986107,48.102530621,QIXnJ
A1610030,A161003001,2024-11-21,59770.0,2026-06-01T04:56:12Z,16,Donnée validée,8,Calculée,20,Bonne,7.384986107,48.102530621,QIXnJ
A1610030,A161003001,2024-11-22,34899.0,2026-06-01T04:56:12Z,16,Donnée validée,8,Calculée,20,Bonne,7.384986107,48.102530621,QIXnJ
A1610030,A161003001,2024-11-23,27458.0,2026-06-01T04:56:12Z,16,Donnée validée,8,Calculée,20,Bonne,7.384986107,48.102530621,QIXnJ
A1610030,A161003001,2024-11-24,28349.0,2026-06-01T04:56:12Z,16,Donnée validée,8,Calculée,20,Bonne,7.384986107,48.102530621,QIXnJ
A1610030,A161003001,2024-11-25,37048.0,2026-06-01T04:56:12Z,16,Donnée validée,8,Calculée,20,Bonne,7.384986107,48.102530621,QIXnJ
A1610030,A161003001,2024-11-26,63248.0,2026-06-01T04:56:12Z,16,Donnée validée,8,Calculée,20,Bonne,7.384986107,48.102530621,QIXnJ
A1610030,A161003001,2024-11-27,61598.0,2026-06-01T04:56:12Z,16,Donnée validée,8,Calculée,20,Bonne,7.384986107,48.102530621,QIXnJ
A1610030,A161003001,2024-11-28,47371.0,2026-06-01T04:56:12Z,16,Donnée validée,8,Calculée,20,Bonne,7.384986107,48.102530621,QIXnJ
A1610030,A161003001,2024-11-29,57412.0,2026-06-01T04:56:12Z,16,Donnée validée,8,Calculée,20,Bonne,7.384986107,48.102530621,QIXnJ
A1610030,A161003001,2024-11-30,46742.0,2026-06-01T04:56:12Z,16,Donnée validée,8,Calculée,20,Bonne,7.384986107,48.102530621,QIXnJ
A1610030,A161003001,2024-12-01,34952.0,2026-06-01T04:56:12Z,16,Donnée validée,8,Calculée,20,Bonne,7.384986107,48.102530621,QIXnJ
A1610030,A161003001,2024-12-02,29764.0,2026-06-01T04:56:12Z,16,Donnée validée,8,Calculée,20,Bonne,7.384986107,48.102530621,QIXnJ
A1610030,A161003001,2024-12-03,38200.0,2026-06-01T04:56:12Z,16,Donnée validée,8,Calculée,20,Bonne,7.384986107,48.102530621,QIXnJ
A1610030,A161003001,2024-12-04,36576.0,2026-06-01T04:56:12Z,16,Donnée validée,8,Calculée,20,Bonne,7.384986107,48.102530621,QIXnJ
A1610030,A161003001,2024-12-05,28401.0,2026-06-01T04:56:12Z,16,Donnée validée,8,Calculée,20,Bonne,7.384986107,48.102530621,QIXnJ
A1610030,A161003001,2024-12-06,58591.0,2026-06-01T04:56:12Z,16,Donnée validée,8,Calculée,20,Bonne,7.384986107,48.102530621,QIXnJ
A1610030,A161003001,2024-12-07,59004.0,2026-06-01T04:56:12Z,16,Donnée validée,8,Calculée,20,Bonne,7.384986107,48.102530621,QIXnJ
A1610030,A161003001,2024-12-08,66255.0,2026-06-01T04:56:12Z,16,Donnée validée,8,Calculée,20,Bonne,7.384986107,48.102530621,QIXnJ
A1610030,A161003001,2024-12-09,57648.0,2026-06-01T04:56:12Z,16,Donnée validée,8,Calculée,20,Bonne,7.384986107,48.102530621,QIXnJ
A1610030,A161003001,2024-12-10,42550.0,2026-06-01T04:56:12Z,16,Donnée validée,8,Calculée,20,Bonne,7.384986107,48.102530621,QIXnJ
A1610030,A161003001,2024-12-11,34794.0,2026-06-01T04:56:12Z,16,Donnée validée,8,Calculée,20,Bonne,7.384986107,48.102530621,QIXnJ
A1610030,A161003001,2024-12-12,29554.0,2026-06-01T04:56:12Z,16,Donnée validée,8,Calculée,20,Bonne,7.384986107,48.102530621,QIXnJ
A1610030,A161003001,2024-12-13,25781.0,2026-06-01T04:56:12Z,16,Donnée validée,8,Calculée,20,Bonne,7.384986107,48.102530621,QIXnJ
A1610030,A161003001,2024-12-14,22624.0,2026-06-01T04:56:12Z,16,Donnée validée,8,Calculée,20,Bonne,7.384986107,48.102530621,QIXnJ
A1610030,A161003001,2024-12-15,21028.0,2026-06-01T04:56:12Z,16,Donnée validée,8,Calculée,20,Bonne,7.384986107,48.102530621,QIXnJ
A1610030,A161003001,2024-12-16,19432.0,2026-06-01T04:56:12Z,16,Donnée validée,8,Calculée,20,Bonne,7.384986107,48.102530621,QIXnJ
A1610030,A161003001,2024-12-17,17561.0,2026-06-01T04:56:12Z,16,Donnée validée,8,Calculée,20,Bonne,7.384986107,48.102530621,QIXnJ
A1610030,A161003001,2024-12-18,17396.0,2026-06-01T04:56:12Z,16,Donnée validée,8,Calculée,20,Bonne,7.384986107,48.102530621,QIXnJ
A1610030,A161003001,2024-12-19,18992.0,2026-06-01T04:56:12Z,16,Donnée validée,8,Calculée,20,Bonne,7.384986107,48.102530621,QIXnJ
A1610030,A161003001,2024-12-20,25991.0,2026-06-01T04:56:12Z,16,Donnée validée,8,Calculée,20,Bonne,7.384986107,48.102530621,QIXnJ
A1610030,A161003001,2024-12-21,25519.0,2026-06-01T04:56:12Z,16,Donnée validée,8,Calculée,20,Bonne,7.384986107,48.102530621,QIXnJ
A1610030,A161003001,2024-12-22,91342.0,2026-06-01T04:56:12Z,16,Donnée validée,8,Calculée,20,Bonne,7.384986107,48.102530621,QIXnJ
A1610030,A161003001,2024-12-23,98596.0,2026-06-01T04:56:12Z,16,Donnée validée,8,Calculée,20,Bonne,7.384986107,48.102530621,QIXnJ
A1610030,A161003001,2024-12-24,90476.0,2026-06-01T04:56:12Z,16,Donnée validée,8,Calculée,20,Bonne,7.384986107,48.102530621,QIXnJ
A1610030,A161003001,2024-12-25,64663.0,2026-06-01T04:56:12Z,16,Donnée validée,8,Calculée,20,Bonne,7.384986107,48.102530621,QIXnJ
A1610030,A161003001,2024-12-26,45117.0,2026-06-01T04:56:12Z,16,Donnée validée,8,Calculée,20,Bonne,7.384986107,48.102530621,QIXnJ
A1610030,A161003001,2024-12-27,36943.0,2026-06-01T04:56:12Z,16,Donnée validée,8,Calculée,20,Bonne,7.384986107,48.102530621,QIXnJ
A1610030,A161003001,2024-12-28,31493.0,2026-06-01T04:56:12Z,16,Donnée validée,8,Calculée,20,Bonne,7.384986107,48.102530621,QIXnJ
A1610030,A161003001,2024-12-29,27668.0,2026-06-01T04:56:12Z,16,Donnée validée,8,Calculée,20,Bonne,7.384986107,48.102530621,QIXnJ
A1610030,A161003001,2024-12-30,24825.0,2026-06-01T04:56:12Z,16,Donnée validée,8,Calculée,20,Bonne,7.384986107,48.102530621,QIXnJ
A1610030,A161003001,2024-12-31,22294.0,2026-06-01T04:56:12Z,16,Donnée validée,8,Calculée,20,Bonne,7.384986107,48.102530621,QIXnJ
A1610030,A161003001,2025-01-01,20698.0,2026-06-01T04:56:12Z,16,Donnée validée,8,Calculée,20,Bonne,7.384986107,48.102530621,QIXnJ
A1610030,A161003001,2025-01-02,28978.0,2026-06-01T04:56:12Z,16,Donnée validée,8,Calculée,20,Bonne,7.384986107,48.102530621,QIXnJ
A1610030,A161003001,2025-01-03,57059.0,2026-06-01T04:56:12Z,16,Donnée validée,8,Calculée,20,Bonne,7.384986107,48.102530621,QIXnJ
A1610030,A161003001,2025-01-04,51399.0,2026-06-01T04:56:12Z,16,Donnée validée,8,Calculée,20,Bonne,7.384986107,48.102530621,QIXnJ
A1610030,A161003001,2025-01-05,108336.0,2026-06-01T04:56:12Z,16,Donnée validée,8,Calculée,20,Bonne,7.384986107,48.102530621,QIXnJ
A1610030,A161003001,2025-01-06,127482.0,2026-06-01T04:56:12Z,16,Donnée validée,8,Calculée,20,Bonne,7.384986107,48.102530621,QIXnJ
A1610030,A161003001,2025-01-07,110543.0,2026-06-01T04:56:12Z,16,Donnée validée,8,Calculée,20,Bonne,7.384986107,48.102530621,QIXnJ
A1610030,A161003001,2025-01-08,107460.0,2026-06-01T04:56:12Z,16,Donnée validée,8,Calculée,20,Bonne,7.384986107,48.102530621,QIXnJ
A1610030,A161003001,2025-01-09,149380.0,2026-06-01T04:56:12Z,16,Donnée validée,8,Calculée,20,Bonne,7.384986107,48.102530621,QIXnJ
A1610030,A161003001,2025-01-10,152039.0,2026-06-01T04:56:12Z,16,Donnée validée,8,Calculée,20,Bonne,7.384986107,48.102530621,QIXnJ
A1610030,A161003001,2025-01-11,128947.0,2026-06-01T04:56:12Z,16,Donnée validée,8,Calculée,20,Bonne,7.384986107,48.102530621,QIXnJ
A1610030,A161003001,2025-01-12,80389.0,2026-06-01T04:56:12Z,16,Donnée validée,8,Calculée,20,Bonne,7.384986107,48.102530621,QIXnJ
A1610030,A161003001,2025-01-13,58297.0,2026-06-01T04:56:12Z,16,Donnée validée,8,Calculée,20,Bonne,7.384986107,48.102530621,QIXnJ
A1610030,A161003001,2025-01-14,48104.0,2026-06-01T04:56:12Z,16,Donnée validée,8,Calculée,20,Bonne,7.384986107,48.102530621,QIXnJ
A1610030,A161003001,2025-01-15,38358.0,2026-06-01T04:56:12Z,16,Donnée validée,8,Calculée,20,Bonne,7.384986107,48.102530621,QIXnJ
A1610030,A161003001,2025-01-16,33851.0,2026-06-01T04:56:12Z,16,Donnée validée,8,Calculée,20,Bonne,7.384986107,48.102530621,QIXnJ
A1610030,A161003001,2025-01-17,30131.0,2026-06-01T04:56:12Z,16,Donnée validée,8,Calculée,20,Bonne,7.384986107,48.102530621,QIXnJ
A1610030,A161003001,2025-01-18,27196.0,2026-06-01T04:56:12Z,16,Donnée validée,8,Calculée,20,Bonne,7.384986107,48.102530621,QIXnJ
A1610030,A161003001,2025-01-19,25152.0,2026-06-01T04:56:12Z,16,Donnée validée,8,Calculée,20,Bonne,7.384986107,48.102530621,QIXnJ
A1610030,A161003001,2025-01-20,23229.0,2026-06-01T04:56:12Z,16,Donnée validée,8,Calculée,20,Bonne,7.384986107,48.102530621,QIXnJ
A1610030,A161003001,2025-01-21,21743.0,2026-06-01T04:56:12Z,16,Donnée validée,8,Calculée,20,Bonne,7.384986107,48.102530621,QIXnJ
A1610030,A161003001,2025-01-22,19817.0,2026-06-01T04:56:12Z,16,Donnée validée,8,Calculée,20,Bonne,7.384986107,48.102530621,QIXnJ
A1610030,A161003001,2025-01-23,23779.0,2026-06-01T04:56:12Z,16,Donnée validée,8,Calculée,20,Bonne,7.384986107,48.102530621,QIXnJ
A1610030,A161003001,2025-01-24,23834.0,2026-06-01T04:56:12Z,16,Donnée validée,8,Calculée,20,Bonne,7.384986107,48.102530621,QIXnJ
A1610030,A161003001,2025-01-25,20918.0,2026-06-01T04:56:12Z,16,Donnée validée,8,Calculée,20,Bonne,7.384986107,48.102530621,QIXnJ
A1610030,A161003001,2025-01-26,20093.0,2026-06-01T04:56:12Z,16,Donnée validée,8,Calculée,20,Bonne,7.384986107,48.102530621,QIXnJ
A1610030,A161003001,2025-01-27,34061.0,2026-06-01T04:56:12Z,16,Donnée validée,8,Calculée,20,Bonne,7.384986107,48.102530621,QIXnJ
A1610030,A161003001,2025-01-28,41292.0,2026-06-01T04:56:12Z,16,Donnée validée,8,Calculée,20,Bonne,7.384986107,48.102530621,QIXnJ
A1610030,A161003001,2025-01-29,71030.0,2026-06-01T04:56:12Z,16,Donnée validée,8,Calculée,20,Bonne,7.384986107,48.102530621,QIXnJ
A1610030,A161003001,2025-01-30,71030.0,2026-06-01T04:56:12Z,16,Donnée validée,8,Calculée,20,Bonne,7.384986107,48.102530621,QIXnJ
A1610030,A161003001,2025-01-31,56174.0,2026-06-01T04:56:12Z,16,Donnée validée,8,Calculée,20,Bonne,7.384986107,48.102530621,QIXnJ
A1610030,A161003001,2025-02-01,46016.0,2026-06-01T04:56:12Z,16,Donnée validée,8,Calculée,20,Bonne,7.384986107,48.102530621,QIXnJ
A1610030,A161003001,2025-02-02,39074.0,2026-06-01T04:56:12Z,16,Donnée validée,8,Calculée,20,Bonne,7.384986107,48.102530621,QIXnJ
A1610030,A161003001,2025-02-03,33668.0,2026-06-01T04:56:12Z,16,Donnée validée,8,Calculée,20,Bonne,7.384986107,48.102530621,QIXnJ
A1610030,A161003001,2025-02-04,29240.0,2026-06-01T04:56:12Z,16,Donnée validée,8,Calculée,20,Bonne,7.384986107,48.102530621,QIXnJ
A1610030,A161003001,2025-02-05,25991.0,2026-06-01T04:56:12Z,16,Donnée validée,8,Calculée,20,Bonne,7.384986107,48.102530621,QIXnJ
A1610030,A161003001,2025-02-06,23458.0,2026-06-01T04:56:12Z,16,Donnée validée,8,Calculée,20,Bonne,7.384986107,48.102530621,QIXnJ
A1610030,A161003001,2025-02-07,21798.0,2026-06-01T04:56:12Z,16,Donnée validée,8,Calculée,20,Bonne,7.384986107,48.102530621,QIXnJ
A1610030,A161003001,2025-02-08,20478.0,2026-06-01T04:56:12Z,16,Donnée validée,8,Calculée,20,Bonne,7.384986107,48.102530621,QIXnJ
A1610030,A161003001,2025-02-09,18772.0,2026-06-01T04:56:12Z,16,Donnée validée,8,Calculée,20,Bonne,7.384986107,48.102530621,QIXnJ
A1610030,A161003001,2025-02-10,19872.0,2026-06-01T04:56:12Z,16,Donnée validée,8,Calculée,20,Bonne,7.384986107,48.102530621,QIXnJ
A1610030,A161003001,2025-02-11,32331.0,2026-06-01T04:56:12Z,16,Donnée validée,8,Calculée,20,Bonne,7.384986107,48.102530621,QIXnJ
A1610030,A161003001,2025-02-12,32960.0,2026-06-01T04:56:12Z,16,Donnée validée,8,Calculée,20,Bonne,7.384986107,48.102530621,QIXnJ
A1610030,A161003001,2025-02-13,51517.0,2026-06-01T04:56:12Z,16,Donnée validée,8,Calculée,20,Bonne,7.384986107,48.102530621,QIXnJ
A1610030,A161003001,2025-02-14,66137.0,2026-06-01T04:56:12Z,16,Donnée validée,8,Calculée,20,Bonne,7.384986107,48.102530621,QIXnJ
A1610030,A161003001,2025-02-15,52637.0,2026-06-01T04:56:12Z,16,Donnée validée,8,Calculée,20,Bonne,7.384986107,48.102530621,QIXnJ
A1610030,A161003001,2025-02-16,40663.0,2026-06-01T04:56:12Z,16,Donnée validée,8,Calculée,20,Bonne,7.384986107,48.102530621,QIXnJ
A1610030,A161003001,2025-02-17,35083.0,2026-06-01T04:56:12Z,16,Donnée validée,8,Calculée,20,Bonne,7.384986107,48.102530621,QIXnJ
A1610030,A161003001,2025-02-18,30445.0,2026-06-01T04:56:12Z,16,Donnée validée,8,Calculée,20,Bonne,7.384986107,48.102530621,QIXnJ
A1610030,A161003001,2025-02-19,26829.0,2026-06-01T04:56:12Z,16,Donnée validée,8,Calculée,20,Bonne,7.384986107,48.102530621,QIXnJ
A1610030,A161003001,2025-02-20,24220.0,2026-06-01T04:56:12Z,16,Donnée validée,8,Calculée,20,Bonne,7.384986107,48.102530621,QIXnJ
A1610030,A161003001,2025-02-21,22844.0,2026-06-01T04:56:12Z,16,Donnée validée,8,Calculée,20,Bonne,7.384986107,48.102530621,QIXnJ
A1610030,A161003001,2025-02-22,20753.0,2026-06-01T04:56:12Z,16,Donnée validée,8,Calculée,20,Bonne,7.384986107,48.102530621,QIXnJ
A1610030,A161003001,2025-02-23,19707.0,2026-06-01T04:56:12Z,16,Donnée validée,8,Calculée,20,Bonne,7.384986107,48.102530621,QIXnJ
A1610030,A161003001,2025-02-24,18222.0,2026-06-01T04:56:12Z,16,Donnée validée,8,Calculée,20,Bonne,7.384986107,48.102530621,QIXnJ
A1610030,A161003001,2025-02-25,23174.0,2026-06-01T04:56:12Z,16,Donnée validée,8,Calculée,20,Bonne,7.384986107,48.102530621,QIXnJ
A1610030,A161003001,2025-02-26,37519.0,2026-06-01T04:56:12Z,16,Donnée validée,8,Calculée,20,Bonne,7.384986107,48.102530621,QIXnJ
A1610030,A161003001,2025-02-27,37331.0,2026-06-01T04:56:12Z,16,Donnée validée,8,Calculée,20,Bonne,7.384986107,48.102530621,QIXnJ
A1610030,A161003001,2025-02-28,31545.0,2026-06-01T04:56:12Z,16,Donnée validée,8,Calculée,20,Bonne,7.384986107,48.102530621,QIXnJ
A1610030,A161003001,2025-03-01,28323.0,2026-06-01T04:56:12Z,16,Donnée validée,8,Calculée,20,Bonne,7.384986107,48.102530621,QIXnJ
A1610030,A161003001,2025-03-02,25428.0,2026-06-01T04:56:12Z,16,Donnée validée,8,Calculée,20,Bonne,7.384986107,48.102530621,QIXnJ
A1610030,A161003001,2025-03-03,22338.0,2026-06-01T04:56:12Z,16,Donnée validée,8,Calculée,20,Bonne,7.384986107,48.102530621,QIXnJ
A1610030,A161003001,2025-03-04,20533.0,2026-06-01T04:56:12Z,16,Donnée validée,8,Calculée,20,Bonne,7.384986107,48.102530621,QIXnJ
A1610030,A161003001,2025-03-05,18662.0,2026-06-01T04:56:12Z,16,Donnée validée,8,Calculée,20,Bonne,7.384986107,48.102530621,QIXnJ
A1610030,A161003001,2025-03-06,17726.0,2026-06-01T04:56:12Z,16,Donnée validée,8,Calculée,20,Bonne,7.384986107,48.102530621,QIXnJ
A1610030,A161003001,2025-03-07,18882.0,2026-06-01T04:56:12Z,16,Donnée validée,8,Calculée,20,Bonne,7.384986107,48.102530621,QIXnJ
A1610030,A161003001,2025-03-08,16736.0,2026-06-01T04:56:12Z,16,Donnée validée,8,Calculée,20,Bonne,7.384986107,48.102530621,QIXnJ
A1610030,A161003001,2025-03-09,16013.0,2026-06-01T04:56:12Z,16,Donnée validée,8,Calculée,20,Bonne,7.384986107,48.102530621,QIXnJ
A1610030,A161003001,2025-03-10,16791.0,2026-06-01T04:56:12Z,16,Donnée validée,8,Calculée,20,Bonne,7.384986107,48.102530621,QIXnJ
A1610030,A161003001,2025-03-11,16186.0,2026-06-01T04:56:12Z,16,Donnée validée,8,Calculée,20,Bonne,7.384986107,48.102530621,QIXnJ
A1610030,A161003001,2025-03-12,25759.0,2026-06-01T04:56:12Z,16,Donnée validée,8,Calculée,20,Bonne,7.384986107,48.102530621,QIXnJ
A1610030,A161003001,2025-03-13,30393.0,2026-06-01T04:56:12Z,16,Donnée validée,8,Calculée,20,Bonne,7.384986107,48.102530621,QIXnJ
A1610030,A161003001,2025-03-14,28768.0,2026-06-01T04:56:12Z,16,Donnée validée,8,Calculée,20,Bonne,7.384986107,48.102530621,QIXnJ
A1610030,A161003001,2025-03-15,23312.0,2026-06-01T04:56:12Z,16,Donnée validée,8,Calculée,20,Bonne,7.384986107,48.102530621,QIXnJ
A1610030,A161003001,2025-03-16,20340.0,2026-06-01T04:56:12Z,16,Donnée validée,8,Calculée,20,Bonne,7.384986107,48.102530621,QIXnJ
A1610030,A161003001,2025-03-17,19817.0,2026-06-01T04:56:12Z,16,Donnée validée,8,Calculée,20,Bonne,7.384986107,48.102530621,QIXnJ
A1610030,A161003001,2025-03-18,19322.0,2026-06-01T04:56:12Z,16,Donnée validée,8,Calculée,20,Bonne,7.384986107,48.102530621,QIXnJ
A1610030,A161003001,2025-03-19,18112.0,2026-06-01T04:56:12Z,16,Donnée validée,8,Calculée,20,Bonne,7.384986107,48.102530621,QIXnJ
A1610030,A161003001,2025-03-20,16546.0,2026-06-01T04:56:12Z,16,Donnée validée,8,Calculée,20,Bonne,7.384986107,48.102530621,QIXnJ
A1610030,A161003001,2025-03-21,16571.0,2026-06-01T04:56:12Z,16,Donnée validée,8,Calculée,20,Bonne,7.384986107,48.102530621,QIXnJ
A1610030,A161003001,2025-03-22,14975.0,2026-06-01T04:56:12Z,16,Donnée validée,8,Calculée,20,Bonne,7.384986107,48.102530621,QIXnJ
A1610030,A161003001,2025-03-23,14438.0,2026-06-01T04:56:12Z,16,Donnée validée,8,Calculée,20,Bonne,7.384986107,48.102530621,QIXnJ
A1610030,A161003001,2025-03-24,20588.0,2026-06-01T04:56:12Z,16,Donnée validée,8,Calculée,20,Bonne,7.384986107,48.102530621,QIXnJ
A1610030,A161003001,2025-03-25,13608.0,2026-06-01T04:56:12Z,16,Donnée validée,8,Calculée,20,Bonne,7.384986107,48.102530621,QIXnJ
A1610030,A161003001,2025-03-26,14350.0,2026-06-01T04:56:12Z,16,Donnée validée,8,Calculée,20,Bonne,7.384986107,48.102530621,QIXnJ
A1610030,A161003001,2025-03-27,13608.0,2026-06-01T04:56:12Z,16,Donnée validée,8,Calculée,20,Bonne,7.384986107,48.102530621,QIXnJ
A1610030,A161003001,2025-03-28,12384.0,2026-06-01T04:56:12Z,16,Donnée validée,8,Calculée,20,Bonne,7.384986107,48.102530621,QIXnJ
A1610030,A161003001,2025-03-29,11948.0,2026-06-01T04:56:12Z,16,Donnée validée,8,Calculée,20,Bonne,7.384986107,48.102530621,QIXnJ
A1610030,A161003001,2025-03-30,11685.0,2026-06-01T04:56:12Z,16,Donnée validée,8,Calculée,20,Bonne,7.384986107,48.102530621,QIXnJ
A1610030,A161003001,2025-03-31,11205.0,2026-06-01T04:56:12Z,16,Donnée validée,8,Calculée,20,Bonne,7.384986107,48.102530621,QIXnJ
A1610030,A161003001,2025-04-01,12666.0,2026-06-01T04:56:12Z,16,Donnée validée,8,Calculée,20,Bonne,7.384986107,48.102530621,QIXnJ
A1610030,A161003001,2025-04-02,11245.0,2026-06-01T04:56:12Z,16,Donnée validée,8,Calculée,20,Bonne,7.384986107,48.102530621,QIXnJ
A1610030,A161003001,2025-04-03,10657.0,2026-06-01T04:56:12Z,16,Donnée validée,8,Calculée,20,Bonne,7.384986107,48.102530621,QIXnJ
A1610030,A161003001,2025-04-04,10377.0,2026-06-01T04:56:12Z,16,Donnée validée,8,Calculée,20,Bonne,7.384986107,48.102530621,QIXnJ
A1610030,A161003001,2025-04-05,10112.0,2026-06-01T04:56:12Z,16,Donnée validée,8,Calculée,20,Bonne,7.384986107,48.102530621,QIXnJ
A1610030,A161003001,2025-04-06,9292.0,2026-06-01T04:56:12Z,16,Donnée validée,8,Calculée,20,Bonne,7.384986107,48.102530621,QIXnJ
A1610030,A161003001,2025-04-07,9231.0,2026-06-01T04:56:12Z,16,Donnée validée,8,Calculée,20,Bonne,7.384986107,48.102530621,QIXnJ
A1610030,A161003001,2025-04-08,9283.0,2026-06-01T04:56:12Z,16,Donnée validée,8,Calculée,20,Bonne,7.384986107,48.102530621,QIXnJ
A1610030,A161003001,2025-04-09,9017.0,2026-06-01T04:56:12Z,16,Donnée validée,8,Calculée,20,Bonne,7.384986107,48.102530621,QIXnJ
A1610030,A161003001,2025-04-10,9003.0,2026-06-01T04:56:12Z,16,Donnée validée,8,Calculée,20,Bonne,7.384986107,48.102530621,QIXnJ
A1610030,A161003001,2025-04-11,8911.0,2026-06-01T04:56:12Z,16,Donnée validée,8,Calculée,20,Bonne,7.384986107,48.102530621,QIXnJ
A1610030,A161003001,2025-04-12,8569.0,2026-06-01T04:56:12Z,16,Donnée validée,8,Calculée,20,Bonne,7.384986107,48.102530621,QIXnJ
A1610030,A161003001,2025-04-13,9296.0,2026-06-01T04:56:12Z,16,Donnée validée,8,Calculée,20,Bonne,7.384986107,48.102530621,QIXnJ
A1610030,A161003001,2025-04-14,8960.0,2026-06-01T04:56:12Z,16,Donnée validée,8,Calculée,20,Bonne,7.384986107,48.102530621,QIXnJ
A1610030,A161003001,2025-04-15,9779.0,2026-06-01T04:56:12Z,16,Donnée validée,8,Calculée,20,Bonne,7.384986107,48.102530621,QIXnJ
A1610030,A161003001,2025-04-16,13722.0,2026-06-01T04:56:12Z,16,Donnée validée,8,Calculée,20,Bonne,7.384986107,48.102530621,QIXnJ
A1610030,A161003001,2025-04-17,15811.0,2026-06-01T04:56:12Z,16,Donnée validée,8,Calculée,20,Bonne,7.384986107,48.102530621,QIXnJ
A1610030,A161003001,2025-04-18,18320.0,2026-06-01T04:56:12Z,16,Donnée validée,8,Calculée,20,Bonne,7.384986107,48.102530621,QIXnJ
A1610030,A161003001,2025-04-19,14518.0,2026-06-01T04:56:12Z,16,Donnée validée,8,Calculée,20,Bonne,7.384986107,48.102530621,QIXnJ
A1610030,A161003001,2025-04-20,12097.0,2026-06-01T04:56:12Z,16,Donnée validée,8,Calculée,20,Bonne,7.384986107,48.102530621,QIXnJ
A1610030,A161003001,2025-04-21,11341.0,2026-06-01T04:56:12Z,16,Donnée validée,8,Calculée,20,Bonne,7.384986107,48.102530621,QIXnJ
A1610030,A161003001,2025-04-22,10806.0,2026-06-01T04:56:12Z,16,Donnée validée,8,Calculée,20,Bonne,7.384986107,48.102530621,QIXnJ
A1610030,A161003001,2025-04-23,10431.0,2026-06-01T04:56:12Z,16,Donnée validée,8,Calculée,20,Bonne,7.384986107,48.102530621,QIXnJ
A1610030,A161003001,2025-04-24,10398.0,2026-06-01T04:56:12Z,16,Donnée validée,8,Calculée,20,Bonne,7.384986107,48.102530621,QIXnJ
A1610030,A161003001,2025-04-25,12173.0,2026-06-01T04:56:12Z,16,Donnée validée,8,Calculée,20,Bonne,7.384986107,48.102530621,QIXnJ
A1610030,A161003001,2025-04-26,13892.0,2026-06-01T04:56:12Z,16,Donnée validée,8,Calculée,20,Bonne,7.384986107,48.102530621,QIXnJ
A1610030,A161003001,2025-04-27,12878.0,2026-06-01T04:56:12Z,16,Donnée validée,8,Calculée,20,Bonne,7.384986107,48.102530621,QIXnJ
A1610030,A161003001,2025-04-28,11107.0,2026-06-01T04:56:12Z,16,Donnée validée,8,Calculée,20,Bonne,7.384986107,48.102530621,QIXnJ
A1610030,A161003001,2025-04-29,10067.0,2026-06-01T04:56:12Z,16,Donnée validée,8,Calculée,20,Bonne,7.384986107,48.102530621,QIXnJ
A1610030,A161003001,2025-04-30,9493.0,2026-06-01T04:56:12Z,16,Donnée validée,8,Calculée,20,Bonne,7.384986107,48.102530621,QIXnJ
A1610030,A161003001,2025-05-01,9168.0,2026-06-01T04:56:12Z,16,Donnée validée,8,Calculée,20,Bonne,7.384986107,48.102530621,QIXnJ
A1610030,A161003001,2025-05-02,8702.0,2026-06-01T04:56:12Z,16,Donnée validée,8,Calculée,20,Bonne,7.384986107,48.102530621,QIXnJ
A1610030,A161003001,2025-05-03,8588.0,2026-06-01T04:56:12Z,16,Donnée validée,8,Calculée,20,Bonne,7.384986107,48.102530621,QIXnJ
A1610030,A161003001,2025-05-04,9240.0,2026-06-01T04:56:12Z,16,Donnée validée,8,Calculée,20,Bonne,7.384986107,48.102530621,QIXnJ
A1610030,A161003001,2025-05-05,9186.0,2026-06-01T04:56:12Z,16,Donnée validée,8,Calculée,20,Bonne,7.384986107,48.102530621,QIXnJ
A1610030,A161003001,2025-05-06,9960.0,2026-06-01T04:56:12Z,16,Donnée validée,8,Calculée,20,Bonne,7.384986107,48.102530621,QIXnJ
A1610030,A161003001,2025-05-07,9959.0,2026-06-01T04:56:12Z,16,Donnée validée,8,Calculée,20,Bonne,7.384986107,48.102530621,QIXnJ
A1610030,A161003001,2025-05-08,8954.0,2026-06-01T04:56:12Z,16,Donnée validée,8,Calculée,20,Bonne,7.384986107,48.102530621,QIXnJ
A1610030,A161003001,2025-05-09,8704.0,2026-06-01T04:56:12Z,16,Donnée validée,8,Calculée,20,Bonne,7.384986107,48.102530621,QIXnJ
A1610030,A161003001,2025-05-10,8350.0,2026-06-01T04:56:12Z,16,Donnée validée,8,Calculée,20,Bonne,7.384986107,48.102530621,QIXnJ
A1610030,A161003001,2025-05-11,8097.0,2026-06-01T04:56:12Z,16,Donnée validée,8,Calculée,20,Bonne,7.384986107,48.102530621,QIXnJ
A1610030,A161003001,2025-05-12,7665.0,2026-06-01T04:56:12Z,16,Donnée validée,8,Calculée,20,Bonne,7.384986107,48.102530621,QIXnJ
A1610030,A161003001,2025-05-13,9901.0,2026-06-01T04:56:12Z,16,Donnée validée,8,Calculée,20,Bonne,7.384986107,48.102530621,QIXnJ
A1610030,A161003001,2025-05-14,9841.0,2026-06-01T04:56:12Z,16,Donnée validée,8,Calculée,20,Bonne,7.384986107,48.102530621,QIXnJ
A1610030,A161003001,2025-05-15,7922.0,2026-06-01T04:56:12Z,16,Donnée validée,8,Calculée,20,Bonne,7.384986107,48.102530621,QIXnJ
A1610030,A161003001,2025-05-16,7421.0,2026-06-01T04:56:12Z,16,Donnée validée,8,Calculée,20,Bonne,7.384986107,48.102530621,QIXnJ
A1610030,A161003001,2025-05-17,7130.0,2026-06-01T04:56:12Z,16,Donnée validée,8,Calculée,20,Bonne,7.384986107,48.102530621,QIXnJ
A1610030,A161003001,2025-05-18,6946.0,2026-06-01T04:56:12Z,16,Donnée validée,8,Calculée,20,Bonne,7.384986107,48.102530621,QIXnJ
A1610030,A161003001,2025-05-19,7999.0,2026-06-01T04:56:12Z,16,Donnée validée,8,Calculée,20,Bonne,7.384986107,48.102530621,QIXnJ
A1610030,A161003001,2025-05-20,8690.0,2026-06-01T04:56:12Z,16,Donnée validée,8,Calculée,20,Bonne,7.384986107,48.102530621,QIXnJ
A1610030,A161003001,2025-05-21,10244.0,2026-06-01T04:56:12Z,16,Donnée validée,8,Calculée,20,Bonne,7.384986107,48.102530621,QIXnJ
A1610030,A161003001,2025-05-22,9998.0,2026-06-01T04:56:12Z,16,Donnée validée,8,Calculée,20,Bonne,7.384986107,48.102530621,QIXnJ
A1610030,A161003001,2025-05-23,9603.0,2026-06-01T04:56:12Z,16,Donnée validée,8,Calculée,20,Bonne,7.384986107,48.102530621,QIXnJ
A1610030,A161003001,2025-05-24,9329.0,2026-06-01T04:56:12Z,16,Donnée validée,8,Calculée,20,Bonne,7.384986107,48.102530621,QIXnJ
A1610030,A161003001,2025-05-25,8725.0,2026-06-01T04:56:12Z,16,Donnée validée,8,Calculée,20,Bonne,7.384986107,48.102530621,QIXnJ
A1610030,A161003001,2025-05-26,8480.0,2026-06-01T04:56:12Z,16,Donnée validée,8,Calculée,20,Bonne,7.384986107,48.102530621,QIXnJ
A1610030,A161003001,2025-05-27,8515.0,2026-06-01T04:56:12Z,16,Donnée validée,8,Calculée,20,Bonne,7.384986107,48.102530621,QIXnJ
A1610030,A161003001,2025-05-28,7637.0,2026-06-01T04:56:12Z,16,Donnée validée,8,Calculée,20,Bonne,7.384986107,48.102530621,QIXnJ
A1610030,A161003001,2025-05-29,8598.0,2026-06-01T04:56:12Z,16,Donnée validée,8,Calculée,20,Bonne,7.384986107,48.102530621,QIXnJ
A1610030,A161003001,2025-05-30,8620.0,2026-06-01T04:56:12Z,16,Donnée validée,8,Calculée,20,Bonne,7.384986107,48.102530621,QIXnJ
A1610030,A161003001,2025-05-31,15140.0,2026-06-01T04:56:12Z,16,Donnée validée,8,Calculée,20,Bonne,7.384986107,48.102530621,QIXnJ
A1610030,A161003001,2025-06-01,8550.0,2026-06-01T04:56:12Z,16,Donnée validée,8,Calculée,20,Bonne,7.384986107,48.102530621,QIXnJ
A1610030,A161003001,2025-06-02,12240.0,2026-06-01T04:56:12Z,16,Donnée validée,8,Calculée,20,Bonne,7.384986107,48.102530621,QIXnJ
A1610030,A161003001,2025-06-03,12516.0,2026-06-01T04:56:12Z,16,Donnée validée,8,Calculée,20,Bonne,7.384986107,48.102530621,QIXnJ
A1610030,A161003001,2025-06-04,14482.0,2026-06-01T04:56:12Z,16,Donnée validée,8,Calculée,20,Bonne,7.384986107,48.102530621,QIXnJ
A1610030,A161003001,2025-06-05,16571.0,2026-06-01T04:56:12Z,16,Donnée validée,8,Calculée,20,Bonne,7.384986107,48.102530621,QIXnJ
A1610030,A161003001,2025-06-06,14132.0,2026-06-01T04:56:12Z,16,Donnée validée,8,Calculée,20,Bonne,7.384986107,48.102530621,QIXnJ
A1610030,A161003001,2025-06-07,11817.0,2026-06-01T04:56:12Z,16,Donnée validée,8,Calculée,20,Bonne,7.384986107,48.102530621,QIXnJ
A1610030,A161003001,2025-06-08,13826.0,2026-06-01T04:56:12Z,16,Donnée validée,8,Calculée,20,Bonne,7.384986107,48.102530621,QIXnJ
A1610030,A161003001,2025-06-09,12650.0,2026-06-01T04:56:12Z,16,Donnée validée,8,Calculée,20,Bonne,7.384986107,48.102530621,QIXnJ
A1610030,A161003001,2025-06-10,10177.0,2026-06-01T04:56:12Z,16,Donnée validée,8,Calculée,20,Bonne,7.384986107,48.102530621,QIXnJ
A1610030,A161003001,2025-06-11,9196.0,2026-06-01T04:56:12Z,16,Donnée validée,8,Calculée,20,Bonne,7.384986107,48.102530621,QIXnJ
A1610030,A161003001,2025-06-12,8204.0,2026-06-01T04:56:12Z,16,Donnée validée,8,Calculée,20,Bonne,7.384986107,48.102530621,QIXnJ
A1610030,A161003001,2025-06-13,7813.0,2026-06-01T04:56:12Z,16,Donnée validée,8,Calculée,20,Bonne,7.384986107,48.102530621,QIXnJ
A1610030,A161003001,2025-06-14,7005.0,2026-06-01T04:56:12Z,16,Donnée validée,8,Calculée,20,Bonne,7.384986107,48.102530621,QIXnJ
A1610030,A161003001,2025-06-15,15305.0,2026-06-01T04:56:12Z,16,Donnée validée,8,Calculée,20,Bonne,7.384986107,48.102530621,QIXnJ
A1610030,A161003001,2025-06-16,10244.0,2026-06-01T04:56:12Z,16,Donnée validée,8,Calculée,20,Bonne,7.384986107,48.102530621,QIXnJ
A1610030,A161003001,2025-06-17,9686.0,2026-06-01T04:56:12Z,16,Donnée validée,8,Calculée,20,Bonne,7.384986107,48.102530621,QIXnJ
A1610030,A161003001,2025-06-18,7519.0,2026-06-01T04:56:12Z,16,Donnée validée,8,Calculée,20,Bonne,7.384986107,48.102530621,QIXnJ
A1610030,A161003001,2025-06-19,7707.0,2026-06-01T04:56:12Z,16,Donnée validée,8,Calculée,20,Bonne,7.384986107,48.102530621,QIXnJ
A1610030,A161003001,2025-06-20,7321.0,2026-06-01T04:56:12Z,16,Donnée validée,8,Calculée,20,Bonne,7.384986107,48.102530621,QIXnJ
A1610030,A161003001,2025-06-21,6514.0,2026-06-01T04:56:12Z,16,Donnée validée,8,Calculée,20,Bonne,7.384986107,48.102530621,QIXnJ
A1610030,A161003001,2025-06-22,5917.0,2026-06-01T04:56:12Z,16,Donnée validée,8,Calculée,20,Bonne,7.384986107,48.102530621,QIXnJ
A1610030,A161003001,2025-06-23,5846.0,2026-06-01T04:56:12Z,16,Donnée validée,8,Calculée,20,Bonne,7.384986107,48.102530621,QIXnJ
A1610030,A161003001,2025-06-24,6092.0,2026-06-01T04:56:12Z,16,Donnée validée,8,Calculée,20,Bonne,7.384986107,48.102530621,QIXnJ
A1610030,A161003001,2025-06-25,6022.0,2026-06-01T04:56:12Z,16,Donnée validée,8,Calculée,20,Bonne,7.384986107,48.102530621,QIXnJ
A1610030,A161003001,2025-06-26,6127.0,2026-06-01T04:56:12Z,16,Donnée validée,8,Calculée,20,Bonne,7.384986107,48.102530621,QIXnJ
A1610030,A161003001,2025-06-27,5629.0,2026-06-01T04:56:12Z,16,Donnée validée,8,Calculée,20,Bonne,7.384986107,48.102530621,QIXnJ
A1610030,A161003001,2025-06-28,5520.0,2026-06-01T04:56:12Z,16,Donnée validée,8,Calculée,20,Bonne,7.384986107,48.102530621,QIXnJ
A1610030,A161003001,2025-06-29,5408.0,2026-06-01T04:56:12Z,16,Donnée validée,8,Calculée,20,Bonne,7.384986107,48.102530621,QIXnJ
A1610030,A161003001,2025-06-30,5172.0,2026-06-01T04:56:12Z,16,Donnée validée,8,Calculée,20,Bonne,7.384986107,48.102530621,QIXnJ
A1610030,A161003001,2025-07-01,5849.0,2026-06-01T04:56:12Z,16,Donnée validée,8,Calculée,20,Bonne,7.384986107,48.102530621,QIXnJ
A1610030,A161003001,2025-07-02,10984.0,2026-06-01T04:56:12Z,16,Donnée validée,8,Calculée,20,Bonne,7.384986107,48.102530621,QIXnJ
A1610030,A161003001,2025-07-03,6651.0,2026-06-01T04:56:12Z,16,Donnée validée,8,Calculée,20,Bonne,7.384986107,48.102530621,QIXnJ
A1610030,A161003001,2025-07-04,6713.0,2026-06-01T04:56:12Z,16,Donnée validée,8,Calculée,20,Bonne,7.384986107,48.102530621,QIXnJ
A1610030,A161003001,2025-07-05,6462.0,2026-06-01T04:56:12Z,16,Donnée validée,8,Calculée,20,Bonne,7.384986107,48.102530621,QIXnJ
A1610030,A161003001,2025-07-06,6136.0,2026-06-01T04:56:12Z,16,Donnée validée,8,Calculée,20,Bonne,7.384986107,48.102530621,QIXnJ
A1610030,A161003001,2025-07-07,7324.0,2026-06-01T04:56:12Z,16,Donnée validée,8,Calculée,20,Bonne,7.384986107,48.102530621,QIXnJ
A1610030,A161003001,2025-07-08,7635.0,2026-06-01T04:56:12Z,16,Donnée validée,8,Calculée,20,Bonne,7.384986107,48.102530621,QIXnJ
A1610030,A161003001,2025-07-09,7774.0,2026-06-01T04:56:12Z,16,Donnée validée,8,Calculée,20,Bonne,7.384986107,48.102530621,QIXnJ
A1610030,A161003001,2025-07-10,6881.0,2026-06-01T04:56:12Z,16,Donnée validée,8,Calculée,20,Bonne,7.384986107,48.102530621,QIXnJ
A1610030,A161003001,2025-07-11,6463.0,2026-06-01T04:56:12Z,16,Donnée validée,8,Calculée,20,Bonne,7.384986107,48.102530621,QIXnJ
A1610030,A161003001,2025-07-12,6422.0,2026-06-01T04:56:12Z,16,Donnée validée,8,Calculée,20,Bonne,7.384986107,48.102530621,QIXnJ
A1610030,A161003001,2025-07-13,6276.0,2026-06-01T04:56:12Z,16,Donnée validée,8,Calculée,20,Bonne,7.384986107,48.102530621,QIXnJ
A1610030,A161003001,2025-07-14,6548.0,2026-06-01T04:56:12Z,16,Donnée validée,8,Calculée,20,Bonne,7.384986107,48.102530621,QIXnJ
A1610030,A161003001,2025-07-15,6824.0,2026-06-01T04:56:12Z,16,Donnée validée,8,Calculée,20,Bonne,7.384986107,48.102530621,QIXnJ
A1610030,A161003001,2025-07-16,6293.0,2026-06-01T04:56:12Z,16,Donnée validée,8,Calculée,20,Bonne,7.384986107,48.102530621,QIXnJ
A1610030,A161003001,2025-07-17,6672.0,2026-06-01T04:56:12Z,16,Donnée validée,8,Calculée,20,Bonne,7.384986107,48.102530621,QIXnJ
A1610030,A161003001,2025-07-18,6385.0,2026-06-01T04:56:12Z,16,Donnée validée,8,Calculée,20,Bonne,7.384986107,48.102530621,QIXnJ
A1610030,A161003001,2025-07-19,5993.0,2026-06-01T04:56:12Z,16,Donnée validée,8,Calculée,20,Bonne,7.384986107,48.102530621,QIXnJ
A1610030,A161003001,2025-07-20,8512.0,2026-06-01T04:56:12Z,16,Donnée validée,8,Calculée,20,Bonne,7.384986107,48.102530621,QIXnJ
A1610030,A161003001,2025-07-21,11501.0,2026-06-01T04:56:12Z,16,Donnée validée,8,Calculée,20,Bonne,7.384986107,48.102530621,QIXnJ
A1610030,A161003001,2025-07-22,7346.0,2026-06-01T04:56:12Z,16,Donnée validée,8,Calculée,20,Bonne,7.384986107,48.102530621,QIXnJ
A1610030,A161003001,2025-07-23,6777.0,2026-06-01T04:56:12Z,16,Donnée validée,8,Calculée,20,Bonne,7.384986107,48.102530621,QIXnJ
A1610030,A161003001,2025-07-24,6701.0,2026-06-01T04:56:12Z,16,Donnée validée,8,Calculée,20,Bonne,7.384986107,48.102530621,QIXnJ
A1610030,A161003001,2025-07-25,6556.0,2026-06-01T04:56:12Z,16,Donnée validée,8,Calculée,20,Bonne,7.384986107,48.102530621,QIXnJ
A1610030,A161003001,2025-07-26,8936.0,2026-06-01T04:56:12Z,16,Donnée validée,8,Calculée,20,Bonne,7.384986107,48.102530621,QIXnJ
A1610030,A161003001,2025-07-27,19157.0,2026-06-01T04:56:12Z,16,Donnée validée,8,Calculée,20,Bonne,7.384986107,48.102530621,QIXnJ
A1610030,A161003001,2025-07-28,11904.0,2026-06-01T04:56:12Z,16,Donnée validée,8,Calculée,20,Bonne,7.384986107,48.102530621,QIXnJ
A1610030,A161003001,2025-07-29,8759.0,2026-06-01T04:56:12Z,16,Donnée validée,8,Calculée,20,Bonne,7.384986107,48.102530621,QIXnJ
A1610030,A161003001,2025-07-30,8339.0,2026-06-01T04:56:12Z,16,Donnée validée,8,Calculée,20,Bonne,7.384986107,48.102530621,QIXnJ
A1610030,A161003001,2025-07-31,7251.0,2026-06-01T04:56:12Z,16,Donnée validée,8,Calculée,20,Bonne,7.384986107,48.102530621,QIXnJ
A1610030,A161003001,2025-08-01,8585.0,2026-06-01T04:56:12Z,16,Donnée validée,8,Calculée,20,Bonne,7.384986107,48.102530621,QIXnJ
A1610030,A161003001,2025-08-02,14045.0,2026-06-01T04:56:12Z,16,Donnée validée,8,Calculée,20,Bonne,7.384986107,48.102530621,QIXnJ
A1610030,A161003001,2025-08-03,12384.0,2026-06-01T04:56:12Z,16,Donnée validée,8,Calculée,20,Bonne,7.384986107,48.102530621,QIXnJ
A1610030,A161003001,2025-08-04,9357.0,2026-06-01T04:56:12Z,16,Donnée validée,8,Calculée,20,Bonne,7.384986107,48.102530621,QIXnJ
A1610030,A161003001,2025-08-05,7782.0,2026-06-01T04:56:12Z,16,Donnée validée,8,Calculée,20,Bonne,7.384986107,48.102530621,QIXnJ
A1610030,A161003001,2025-08-06,7207.0,2026-06-01T04:56:12Z,16,Donnée validée,8,Calculée,20,Bonne,7.384986107,48.102530621,QIXnJ
A1610030,A161003001,2025-08-07,6760.0,2026-06-01T04:56:12Z,16,Donnée validée,8,Calculée,20,Bonne,7.384986107,48.102530621,QIXnJ
A1610030,A161003001,2025-08-08,6584.0,2026-06-01T04:56:12Z,16,Donnée validée,8,Calculée,20,Bonne,7.384986107,48.102530621,QIXnJ
A1610030,A161003001,2025-08-09,6478.0,2026-06-01T04:56:12Z,16,Donnée validée,8,Calculée,20,Bonne,7.384986107,48.102530621,QIXnJ
A1610030,A161003001,2025-08-10,6198.0,2026-06-01T04:56:12Z,16,Donnée validée,8,Calculée,20,Bonne,7.384986107,48.102530621,QIXnJ
A1610030,A161003001,2025-08-11,6198.0,2026-06-01T04:56:12Z,16,Donnée validée,8,Calculée,20,Bonne,7.384986107,48.102530621,QIXnJ
A1610030,A161003001,2025-08-12,6127.0,2026-06-01T04:56:12Z,16,Donnée validée,8,Calculée,20,Bonne,7.384986107,48.102530621,QIXnJ
A1610030,A161003001,2025-08-13,5814.0,2026-06-01T04:56:12Z,16,Donnée validée,8,Calculée,20,Bonne,7.384986107,48.102530621,QIXnJ
A1610030,A161003001,2025-08-14,5712.0,2026-06-01T04:56:12Z,16,Donnée validée,8,Calculée,20,Bonne,7.384986107,48.102530621,QIXnJ
A1610030,A161003001,2025-08-15,5495.0,2026-06-01T04:56:12Z,16,Donnée validée,8,Calculée,20,Bonne,7.384986107,48.102530621,QIXnJ
A1610030,A161003001,2025-08-16,5566.0,2026-06-01T04:56:12Z,16,Donnée validée,8,Calculée,20,Bonne,7.384986107,48.102530621,QIXnJ
A1610030,A161003001,2025-08-17,5636.0,2026-06-01T04:56:12Z,16,Donnée validée,8,Calculée,20,Bonne,7.384986107,48.102530621,QIXnJ
A1610030,A161003001,2025-08-18,5460.0,2026-06-01T04:56:12Z,16,Donnée validée,8,Calculée,20,Bonne,7.384986107,48.102530621,QIXnJ
A1610030,A161003001,2025-08-19,5530.0,2026-06-01T04:56:12Z,16,Donnée validée,8,Calculée,20,Bonne,7.384986107,48.102530621,QIXnJ
A1610030,A161003001,2025-08-20,11511.0,2026-06-01T04:56:12Z,16,Donnée validée,8,Calculée,20,Bonne,7.384986107,48.102530621,QIXnJ
A1610030,A161003001,2025-08-21,18607.0,2026-06-01T04:56:12Z,16,Donnée validée,8,Calculée,20,Bonne,7.384986107,48.102530621,QIXnJ
A1610030,A161003001,2025-08-22,12516.0,2026-06-01T04:56:12Z,16,Donnée validée,8,Calculée,20,Bonne,7.384986107,48.102530621,QIXnJ
A1610030,A161003001,2025-08-23,8585.0,2026-06-01T04:56:12Z,16,Donnée validée,8,Calculée,20,Bonne,7.384986107,48.102530621,QIXnJ
A1610030,A161003001,2025-08-24,7321.0,2026-06-01T04:56:12Z,16,Donnée validée,8,Calculée,20,Bonne,7.384986107,48.102530621,QIXnJ
A1610030,A161003001,2025-08-25,6689.0,2026-06-01T04:56:12Z,16,Donnée validée,8,Calculée,20,Bonne,7.384986107,48.102530621,QIXnJ
A1610030,A161003001,2025-08-26,6478.0,2026-06-01T04:56:12Z,16,Donnée validée,8,Calculée,20,Bonne,7.384986107,48.102530621,QIXnJ
A1610030,A161003001,2025-08-27,16571.0,2026-06-01T04:56:12Z,16,Donnée validée,8,Calculée,20,Bonne,7.384986107,48.102530621,QIXnJ
A1610030,A161003001,2025-08-28,29816.0,2026-06-01T04:56:12Z,16,Donnée validée,8,Calculée,20,Bonne,7.384986107,48.102530621,QIXnJ
A1610030,A161003001,2025-08-29,29371.0,2026-06-01T04:56:12Z,16,Donnée validée,8,Calculée,20,Bonne,7.384986107,48.102530621,QIXnJ
A1610030,A161003001,2025-08-30,21179.0,2026-06-01T04:56:12Z,16,Donnée validée,8,Calculée,20,Bonne,7.384986107,48.102530621,QIXnJ
A1610030,A161003001,2025-08-31,14810.0,2026-06-01T04:56:12Z,16,Donnée validée,8,Calculée,20,Bonne,7.384986107,48.102530621,QIXnJ
A1610030,A161003001,2025-09-01,24440.0,2026-06-01T04:56:12Z,16,Donnée validée,8,Calculée,20,Bonne,7.384986107,48.102530621,QIXnJ
A1610030,A161003001,2025-09-02,13040.0,2026-06-01T04:56:12Z,16,Donnée validée,8,Calculée,20,Bonne,7.384986107,48.102530621,QIXnJ
A1610030,A161003001,2025-09-03,12996.0,2026-06-01T04:56:12Z,16,Donnée validée,8,Calculée,20,Bonne,7.384986107,48.102530621,QIXnJ
A1610030,A161003001,2025-09-04,13215.0,2026-06-01T04:56:12Z,16,Donnée validée,8,Calculée,20,Bonne,7.384986107,48.102530621,QIXnJ
A1610030,A161003001,2025-09-05,13040.0,2026-06-01T04:56:12Z,16,Donnée validée,8,Calculée,20,Bonne,7.384986107,48.102530621,QIXnJ
A1610030,A161003001,2025-09-06,12909.0,2026-06-01T04:56:12Z,16,Donnée validée,8,Calculée,20,Bonne,7.384986107,48.102530621,QIXnJ
A1610030,A161003001,2025-09-07,10955.0,2026-06-01T04:56:12Z,16,Donnée validée,8,Calculée,20,Bonne,7.384986107,48.102530621,QIXnJ
A1610030,A161003001,2025-09-08,20973.0,2026-06-01T04:56:12Z,16,Donnée validée,8,Calculée,20,Bonne,7.384986107,48.102530621,QIXnJ
A1610030,A161003001,2025-09-09,26462.0,2026-06-01T04:56:12Z,16,Donnée validée,8,Calculée,20,Bonne,7.384986107,48.102530621,QIXnJ
A1610030,A161003001,2025-09-10,25362.0,2026-06-01T04:56:12Z,16,Donnée validée,8,Calculée,20,Bonne,7.384986107,48.102530621,QIXnJ
A1610030,A161003001,2025-09-11,15801.0,2026-06-01T04:56:12Z,16,Donnée validée,8,Calculée,20,Bonne,7.384986107,48.102530621,QIXnJ
A1610030,A161003001,2025-09-12,14176.0,2026-06-01T04:56:12Z,16,Donnée validée,8,Calculée,20,Bonne,7.384986107,48.102530621,QIXnJ
A1610030,A161003001,2025-09-13,14219.0,2026-06-01T04:56:12Z,16,Donnée validée,8,Calculée,20,Bonne,7.384986107,48.102530621,QIXnJ
A1610030,A161003001,2025-09-14,13608.0,2026-06-01T04:56:12Z,16,Donnée validée,8,Calculée,20,Bonne,7.384986107,48.102530621,QIXnJ
A1610030,A161003001,2025-09-15,15030.0,2026-06-01T04:56:12Z,16,Donnée validée,8,Calculée,20,Bonne,7.384986107,48.102530621,QIXnJ
A1610030,A161003001,2025-09-16,20258.0,2026-06-01T04:56:12Z,16,Donnée validée,8,Calculée,20,Bonne,7.384986107,48.102530621,QIXnJ
A1610030,A161003001,2025-09-17,19542.0,2026-06-01T04:56:12Z,16,Donnée validée,8,Calculée,20,Bonne,7.384986107,48.102530621,QIXnJ
A1610030,A161003001,2025-09-18,15966.0,2026-06-01T04:56:12Z,16,Donnée validée,8,Calculée,20,Bonne,7.384986107,48.102530621,QIXnJ
A1610030,A161003001,2025-09-19,13957.0,2026-06-01T04:56:12Z,16,Donnée validée,8,Calculée,20,Bonne,7.384986107,48.102530621,QIXnJ
A1610030,A161003001,2025-09-20,13040.0,2026-06-01T04:56:12Z,16,Donnée validée,8,Calculée,20,Bonne,7.384986107,48.102530621,QIXnJ
A1610030,A161003001,2025-09-21,24165.0,2026-06-01T04:56:12Z,16,Donnée validée,8,Calculée,20,Bonne,7.384986107,48.102530621,QIXnJ
A1610030,A161003001,2025-09-22,43860.0,2026-06-01T04:56:12Z,16,Donnée validée,8,Calculée,20,Bonne,7.384986107,48.102530621,QIXnJ
A1610030,A161003001,2025-09-23,50928.0,2026-06-01T04:56:12Z,16,Donnée validée,8,Calculée,20,Bonne,7.384986107,48.102530621,QIXnJ
A1610030,A161003001,2025-09-24,41030.0,2026-06-01T04:56:12Z,16,Donnée validée,8,Calculée,20,Bonne,7.384986107,48.102530621,QIXnJ
A1610030,A161003001,2025-09-25,40716.0,2026-06-01T04:56:12Z,16,Donnée validée,8,Calculée,20,Bonne,7.384986107,48.102530621,QIXnJ
A1610030,A161003001,2025-09-26,37676.0,2026-06-01T04:56:12Z,16,Donnée validée,8,Calculée,20,Bonne,7.384986107,48.102530621,QIXnJ
A1610030,A161003001,2025-09-27,28167.0,2026-06-01T04:56:12Z,16,Donnée validée,8,Calculée,20,Bonne,7.384986107,48.102530621,QIXnJ
A1610030,A161003001,2025-09-28,25759.0,2026-06-01T04:56:12Z,16,Donnée validée,8,Calculée,20,Bonne,7.384986107,48.102530621,QIXnJ
A1610030,A161003001,2025-09-29,21498.0,2026-06-01T04:56:12Z,16,Donnée validée,8,Calculée,20,Bonne,7.384986107,48.102530621,QIXnJ
A1610030,A161003001,2025-09-30,19119.0,2026-06-01T04:56:12Z,16,Donnée validée,8,Calculée,20,Bonne,7.384986107,48.102530621,QIXnJ
A1610030,A161003001,2025-10-01,16554.0,2026-06-01T04:56:12Z,16,Donnée validée,8,Calculée,20,Bonne,7.384986107,48.102530621,QIXnJ
A1610030,A161003001,2025-10-02,15101.0,2026-06-01T04:56:12Z,16,Donnée validée,8,Calculée,20,Bonne,7.384986107,48.102530621,QIXnJ
A1610030,A161003001,2025-10-03,13550.0,2026-06-01T04:56:12Z,16,Donnée validée,8,Calculée,20,Bonne,7.384986107,48.102530621,QIXnJ
A1610030,A161003001,2025-10-04,12613.0,2026-06-01T04:56:12Z,16,Donnée validée,8,Calculée,20,Bonne,7.384986107,48.102530621,QIXnJ
A1610030,A161003001,2025-10-05,14850.0,2026-06-01T04:56:12Z,16,Donnée validée,8,Calculée,20,Bonne,7.384986107,48.102530621,QIXnJ
A1610030,A161003001,2025-10-06,19585.0,2026-06-01T04:56:12Z,16,Donnée validée,8,Calculée,20,Bonne,7.384986107,48.102530621,QIXnJ
A1610030,A161003001,2025-10-07,20530.0,2026-06-01T04:56:12Z,16,Donnée validée,8,Calculée,20,Bonne,7.384986107,48.102530621,QIXnJ
A1610030,A161003001,2025-10-08,15738.0,2026-06-01T04:56:12Z,16,Donnée validée,8,Calculée,20,Bonne,7.384986107,48.102530621,QIXnJ
A1610030,A161003001,2025-10-09,14341.0,2026-06-01T04:56:12Z,16,Donnée validée,8,Calculée,20,Bonne,7.384986107,48.102530621,QIXnJ
A1610030,A161003001,2025-10-10,11033.0,2026-06-01T04:56:12Z,16,Donnée validée,8,Calculée,20,Bonne,7.384986107,48.102530621,QIXnJ
A1610030,A161003001,2025-10-11,9628.0,2026-06-01T04:56:12Z,16,Donnée validée,8,Calculée,20,Bonne,7.384986107,48.102530621,QIXnJ
A1610030,A161003001,2025-10-12,8759.0,2026-06-01T04:56:12Z,16,Donnée validée,8,Calculée,20,Bonne,7.384986107,48.102530621,QIXnJ
A1610030,A161003001,2025-10-13,8611.0,2026-06-01T04:56:12Z,16,Donnée validée,8,Calculée,20,Bonne,7.384986107,48.102530621,QIXnJ
A1610030,A161003001,2025-10-14,7843.0,2026-06-01T04:56:12Z,16,Donnée validée,8,Calculée,20,Bonne,7.384986107,48.102530621,QIXnJ
A1610030,A161003001,2025-10-15,7460.0,2026-06-01T04:56:12Z,16,Donnée validée,8,Calculée,20,Bonne,7.384986107,48.102530621,QIXnJ
A1610030,A161003001,2025-10-16,6745.0,2026-06-01T04:56:12Z,16,Donnée validée,8,Calculée,20,Bonne,7.384986107,48.102530621,QIXnJ
A1610030,A161003001,2025-10-17,6318.0,2026-06-01T04:56:12Z,16,Donnée validée,8,Calculée,20,Bonne,7.384986107,48.102530621,QIXnJ
A1610030,A161003001,2025-10-18,6273.0,2026-06-01T04:56:12Z,16,Donnée validée,8,Calculée,20,Bonne,7.384986107,48.102530621,QIXnJ
A1610030,A161003001,2025-10-19,6391.0,2026-06-01T04:56:12Z,16,Donnée validée,8,Calculée,20,Bonne,7.384986107,48.102530621,QIXnJ
A1610030,A161003001,2025-10-20,6590.0,2026-06-01T04:56:12Z,16,Donnée validée,8,Calculée,20,Bonne,7.384986107,48.102530621,QIXnJ
A1610030,A161003001,2025-10-21,7978.0,2026-06-01T04:56:12Z,16,Donnée validée,8,Calculée,20,Bonne,7.384986107,48.102530621,QIXnJ
A1610030,A161003001,2025-10-22,32410.0,2026-06-01T04:56:12Z,16,Donnée validée,8,Calculée,20,Bonne,7.384986107,48.102530621,QIXnJ
A1610030,A161003001,2025-10-23,90610.0,2026-06-01T04:56:12Z,16,Donnée validée,8,Calculée,20,Bonne,7.384986107,48.102530621,QIXnJ
A1610030,A161003001,2025-10-24,87118.0,2026-06-01T04:56:12Z,16,Donnée validée,8,Calculée,20,Bonne,7.384986107,48.102530621,QIXnJ
A1610030,A161003001,2025-10-25,72207.0,2026-06-01T04:56:12Z,16,Donnée validée,8,Calculée,20,Bonne,7.384986107,48.102530621,QIXnJ
A1610030,A161003001,2025-10-26,66502.0,2026-06-01T04:56:12Z,16,Donnée validée,8,Calculée,20,Bonne,7.384986107,48.102530621,QIXnJ
A1610030,A161003001,2025-10-27,86934.0,2026-06-01T04:56:12Z,16,Donnée validée,8,Calculée,20,Bonne,7.384986107,48.102530621,QIXnJ
A1610030,A161003001,2025-10-28,100066.0,2026-06-01T04:56:12Z,16,Donnée validée,8,Calculée,20,Bonne,7.384986107,48.102530621,QIXnJ
A1610030,A161003001,2025-10-29,90039.0,2026-06-01T04:56:12Z,16,Donnée validée,8,Calculée,20,Bonne,7.384986107,48.102530621,QIXnJ
A1610030,A161003001,2025-10-30,76993.0,2026-06-01T04:56:12Z,16,Donnée validée,8,Calculée,20,Bonne,7.384986107,48.102530621,QIXnJ
A1610030,A161003001,2025-10-31,68722.0,2026-06-01T04:56:12Z,16,Donnée validée,8,Calculée,20,Bonne,7.384986107,48.102530621,QIXnJ
A1610030,A161003001,2025-11-01,52711.0,2026-06-01T04:56:12Z,16,Donnée validée,8,Calculée,20,Bonne,7.384986107,48.102530621,QIXnJ
A1610030,A161003001,2025-11-02,63100.0,2026-06-01T04:56:12Z,16,Donnée validée,8,Calculée,20,Bonne,7.384986107,48.102530621,QIXnJ
A1610030,A161003001,2025-11-03,63542.0,2026-06-01T04:56:12Z,16,Donnée validée,8,Calculée,20,Bonne,7.384986107,48.102530621,QIXnJ
A1610030,A161003001,2025-11-04,53505.0,2026-06-01T04:56:12Z,16,Donnée validée,8,Calculée,20,Bonne,7.384986107,48.102530621,QIXnJ
A1610030,A161003001,2025-11-05,39797.0,2026-06-01T04:56:12Z,16,Donnée validée,8,Calculée,20,Bonne,7.384986107,48.102530621,QIXnJ
A1610030,A161003001,2025-11-06,33046.0,2026-06-01T04:56:12Z,16,Donnée validée,8,Calculée,20,Bonne,7.384986107,48.102530621,QIXnJ
A1610030,A161003001,2025-11-07,28535.0,2026-06-01T04:56:12Z,16,Donnée validée,8,Calculée,20,Bonne,7.384986107,48.102530621,QIXnJ
A1610030,A161003001,2025-11-08,25149.0,2026-06-01T04:56:12Z,16,Donnée validée,8,Calculée,20,Bonne,7.384986107,48.102530621,QIXnJ
A1610030,A161003001,2025-11-09,22148.0,2026-06-01T04:56:12Z,16,Donnée validée,8,Calculée,20,Bonne,7.384986107,48.102530621,QIXnJ
A1610030,A161003001,2025-11-10,19762.0,2026-06-01T04:56:12Z,16,Donnée validée,8,Calculée,20,Bonne,7.384986107,48.102530621,QIXnJ
A1610030,A161003001,2025-11-11,18222.0,2026-06-01T04:56:12Z,16,Donnée validée,8,Calculée,20,Bonne,7.384986107,48.102530621,QIXnJ
A1610030,A161003001,2025-11-12,17051.0,2026-06-01T04:56:12Z,16,Donnée validée,8,Calculée,20,Bonne,7.384986107,48.102530621,QIXnJ
A1610030,A161003001,2025-11-13,15589.0,2026-06-01T04:56:12Z,16,Donnée validée,8,Calculée,20,Bonne,7.384986107,48.102530621,QIXnJ
A1610030,A161003001,2025-11-14,14382.0,2026-06-01T04:56:12Z,16,Donnée validée,8,Calculée,20,Bonne,7.384986107,48.102530621,QIXnJ
A1610030,A161003001,2025-11-15,13520.0,2026-06-01T04:56:12Z,16,Donnée validée,8,Calculée,20,Bonne,7.384986107,48.102530621,QIXnJ
A1610030,A161003001,2025-11-16,14560.0,2026-06-01T04:56:12Z,16,Donnée validée,8,Calculée,20,Bonne,7.384986107,48.102530621,QIXnJ
A1610030,A161003001,2025-11-17,20808.0,2026-06-01T04:56:12Z,16,Donnée validée,8,Calculée,20,Bonne,7.384986107,48.102530621,QIXnJ
A1610030,A161003001,2025-11-18,34546.0,2026-06-01T04:56:12Z,16,Donnée validée,8,Calculée,20,Bonne,7.384986107,48.102530621,QIXnJ
A1610030,A161003001,2025-11-19,23876.0,2026-06-01T04:56:12Z,16,Donnée validée,8,Calculée,20,Bonne,7.384986107,48.102530621,QIXnJ
A1610030,A161003001,2025-11-20,17671.0,2026-06-01T04:56:12Z,16,Donnée validée,8,Calculée,20,Bonne,7.384986107,48.102530621,QIXnJ
A1610030,A161003001,2025-11-21,18277.0,2026-06-01T04:56:12Z,16,Donnée validée,8,Calculée,20,Bonne,7.384986107,48.102530621,QIXnJ
A1610030,A161003001,2025-11-22,16418.0,2026-06-01T04:56:12Z,16,Donnée validée,8,Calculée,20,Bonne,7.384986107,48.102530621,QIXnJ
A1610030,A161003001,2025-11-23,14176.0,2026-06-01T04:56:12Z,16,Donnée validée,8,Calculée,20,Bonne,7.384986107,48.102530621,QIXnJ
A1610030,A161003001,2025-11-24,48306.0,2026-06-01T04:56:12Z,16,Donnée validée,8,Calculée,20,Bonne,7.384986107,48.102530621,QIXnJ
A1610030,A161003001,2025-11-25,63324.0,2026-06-01T04:56:12Z,16,Donnée validée,8,Calculée,20,Bonne,7.384986107,48.102530621,QIXnJ
A1610030,A161003001,2025-11-26,59332.0,2026-06-01T04:56:12Z,16,Donnée validée,8,Calculée,20,Bonne,7.384986107,48.102530621,QIXnJ
A1610030,A161003001,2025-11-27,49797.0,2026-06-01T04:56:12Z,16,Donnée validée,8,Calculée,20,Bonne,7.384986107,48.102530621,QIXnJ
A1610030,A161003001,2025-11-28,36751.0,2026-06-01T04:56:12Z,16,Donnée validée,8,Calculée,20,Bonne,7.384986107,48.102530621,QIXnJ
A1610030,A161003001,2025-11-29,29581.0,2026-06-01T04:56:12Z,16,Donnée validée,8,Calculée,20,Bonne,7.384986107,48.102530621,QIXnJ
A1610030,A161003001,2025-11-30,27897.0,2026-06-01T04:56:12Z,16,Donnée validée,8,Calculée,20,Bonne,7.384986107,48.102530621,QIXnJ
A1610030,A161003001,2025-12-01,27897.0,2026-06-01T04:56:12Z,16,Donnée validée,8,Calculée,20,Bonne,7.384986107,48.102530621,QIXnJ
A1610030,A161003001,2025-12-02,23559.0,2026-06-01T04:56:12Z,16,Donnée validée,8,Calculée,20,Bonne,7.384986107,48.102530621,QIXnJ
A1610030,A161003001,2025-12-03,21303.0,2026-06-01T04:56:12Z,16,Donnée validée,8,Calculée,20,Bonne,7.384986107,48.102530621,QIXnJ
A1610030,A161003001,2025-12-04,20093.0,2026-06-01T04:56:12Z,16,Donnée validée,8,Calculée,20,Bonne,7.384986107,48.102530621,QIXnJ
A1610030,A161003001,2025-12-05,18558.0,2026-06-01T04:56:12Z,16,Donnée validée,8,Calculée,20,Bonne,7.384986107,48.102530621,QIXnJ
A1610030,A161003001,2025-12-06,17341.0,2026-06-01T04:56:12Z,16,Donnée validée,8,Calculée,20,Bonne,7.384986107,48.102530621,QIXnJ
A1610030,A161003001,2025-12-07,23357.0,2026-06-01T04:56:12Z,16,Donnée validée,8,Calculée,20,Bonne,7.384986107,48.102530621,QIXnJ
A1610030,A161003001,2025-12-08,50787.0,2026-06-01T04:56:12Z,16,Donnée validée,8,Calculée,20,Bonne,7.384986107,48.102530621,QIXnJ
A1610030,A161003001,2025-12-09,51048.0,2026-06-01T04:56:12Z,16,Donnée validée,8,Calculée,20,Bonne,7.384986107,48.102530621,QIXnJ
A1610030,A161003001,2025-12-10,40386.0,2026-06-01T04:56:12Z,16,Donnée validée,8,Calculée,20,Bonne,7.384986107,48.102530621,QIXnJ
A1610030,A161003001,2025-12-11,32262.0,2026-06-01T04:56:12Z,16,Donnée validée,8,Calculée,20,Bonne,7.384986107,48.102530621,QIXnJ
A1610030,A161003001,2025-12-12,27271.0,2026-06-01T04:56:12Z,16,Donnée validée,8,Calculée,20,Bonne,7.384986107,48.102530621,QIXnJ
A1610030,A161003001,2025-12-13,23813.0,2026-06-01T04:56:12Z,16,Donnée validée,8,Calculée,20,Bonne,7.384986107,48.102530621,QIXnJ
A1610030,A161003001,2025-12-14,20813.0,2026-06-01T04:56:12Z,16,Donnée validée,8,Calculée,20,Bonne,7.384986107,48.102530621,QIXnJ
A1610030,A161003001,2025-12-15,18980.0,2026-06-01T04:56:12Z,16,Donnée validée,8,Calculée,20,Bonne,7.384986107,48.102530621,QIXnJ
A1610030,A161003001,2025-12-16,17550.0,2026-06-01T04:56:12Z,16,Donnée validée,8,Calculée,20,Bonne,7.384986107,48.102530621,QIXnJ
A1610030,A161003001,2025-12-17,16204.0,2026-06-01T04:56:12Z,16,Donnée validée,8,Calculée,20,Bonne,7.384986107,48.102530621,QIXnJ
A1610030,A161003001,2025-12-18,15065.0,2026-06-01T04:56:12Z,16,Donnée validée,8,Calculée,20,Bonne,7.384986107,48.102530621,QIXnJ
A1610030,A161003001,2025-12-19,14004.0,2026-06-01T04:56:12Z,16,Donnée validée,8,Calculée,20,Bonne,7.384986107,48.102530621,QIXnJ
A1610030,A161003001,2025-12-20,13588.0,2026-06-01T04:56:12Z,16,Donnée validée,8,Calculée,20,Bonne,7.384986107,48.102530621,QIXnJ
A1610030,A161003001,2025-12-21,13783.0,2026-06-01T04:56:12Z,16,Donnée validée,8,Calculée,20,Bonne,7.384986107,48.102530621,QIXnJ
A1610030,A161003001,2025-12-22,13389.0,2026-06-01T04:56:12Z,16,Donnée validée,8,Calculée,20,Bonne,7.384986107,48.102530621,QIXnJ
A1610030,A161003001,2025-12-23,12341.0,2026-06-01T04:56:12Z,16,Donnée validée,8,Calculée,20,Bonne,7.384986107,48.102530621,QIXnJ
A1610030,A161003001,2025-12-24,11773.0,2026-06-01T04:56:12Z,16,Donnée validée,8,Calculée,20,Bonne,7.384986107,48.102530621,QIXnJ
A1610030,A161003001,2025-12-25,11205.0,2026-06-01T04:56:12Z,16,Donnée validée,8,Calculée,20,Bonne,7.384986107,48.102530621,QIXnJ
A1610030,A161003001,2025-12-26,10724.0,2026-06-01T04:56:12Z,16,Donnée validée,8,Calculée,20,Bonne,7.384986107,48.102530621,QIXnJ
A1610030,A161003001,2025-12-27,10593.0,2026-06-01T04:56:12Z,16,Donnée validée,8,Calculée,20,Bonne,7.384986107,48.102530621,QIXnJ
A1610030,A161003001,2025-12-28,10209.0,2026-06-01T04:56:12Z,16,Donnée validée,8,Calculée,20,Bonne,7.384986107,48.102530621,QIXnJ
A1610030,A161003001,2025-12-29,10081.0,2026-06-01T04:56:12Z,16,Donnée validée,8,Calculée,20,Bonne,7.384986107,48.102530621,QIXnJ
A1610030,A161003001,2025-12-30,9849.0,2026-06-01T04:56:12Z,16,Donnée validée,8,Calculée,20,Bonne,7.384986107,48.102530621,QIXnJ
A1610030,A161003001,2025-12-31,9814.0,2026-06-01T04:56:12Z,16,Donnée validée,8,Calculée,20,Bonne,7.384986107,48.102530621,QIXnJ
A1610030,A161003001,2026-01-01,9486.0,2026-06-01T04:56:12Z,16,Donnée validée,8,Calculée,20,Bonne,7.384986107,48.102530621,QIXnJ
A1610030,A161003001,2026-01-02,9568.0,2026-06-01T04:56:12Z,12,Donnée pré-validée,8,Calculée,20,Bonne,7.384986107,48.102530621,QIXnJ
A1610030,A161003001,2026-01-03,9603.0,2026-06-01T04:56:12Z,12,Donnée pré-validée,8,Calculée,20,Bonne,7.384986107,48.102530621,QIXnJ
A1610030,A161003001,2026-01-04,9515.0,2026-06-01T04:56:12Z,12,Donnée pré-validée,8,Calculée,20,Bonne,7.384986107,48.102530621,QIXnJ
A1610030,A161003001,2026-01-05,9392.0,2026-06-01T04:56:12Z,12,Donnée pré-validée,8,Calculée,20,Bonne,7.384986107,48.102530621,QIXnJ
A1610030,A161003001,2026-01-06,9112.0,2026-06-01T04:56:12Z,12,Donnée pré-validée,8,Calculée,20,Bonne,7.384986107,48.102530621,QIXnJ
A1610030,A161003001,2026-01-07,9147.0,2026-06-01T04:56:12Z,12,Donnée pré-validée,8,Calculée,20,Bonne,7.384986107,48.102530621,QIXnJ
A1610030,A161003001,2026-01-08,8655.0,2026-06-01T04:56:12Z,12,Donnée pré-validée,8,Calculée,20,Bonne,7.384986107,48.102530621,QIXnJ
A1610030,A161003001,2026-01-09,38240.0,2026-06-01T04:56:12Z,12,Donnée pré-validée,8,Calculée,20,Bonne,7.384986107,48.102530621,QIXnJ
A1610030,A161003001,2026-01-10,44203.0,2026-06-01T04:56:12Z,12,Donnée pré-validée,8,Calculée,20,Bonne,7.384986107,48.102530621,QIXnJ
A1610030,A161003001,2026-01-11,41459.0,2026-06-01T04:56:12Z,12,Donnée pré-validée,8,Calculée,20,Bonne,7.384986107,48.102530621,QIXnJ
A1610030,A161003001,2026-01-12,28636.0,2026-06-01T04:56:12Z,12,Donnée pré-validée,8,Calculée,20,Bonne,7.384986107,48.102530621,QIXnJ
A1610030,A161003001,2026-01-13,30377.0,2026-06-01T04:56:12Z,12,Donnée pré-validée,8,Calculée,20,Bonne,7.384986107,48.102530621,QIXnJ
A1610030,A161003001,2026-01-14,30641.0,2026-06-01T04:56:12Z,12,Donnée pré-validée,8,Calculée,20,Bonne,7.384986107,48.102530621,QIXnJ
A1610030,A161003001,2026-01-15,31221.0,2026-06-01T04:56:12Z,12,Donnée pré-validée,8,Calculée,20,Bonne,7.384986107,48.102530621,QIXnJ
A1610030,A161003001,2026-01-16,29638.0,2026-06-01T04:56:12Z,12,Donnée pré-validée,8,Calculée,20,Bonne,7.384986107,48.102530621,QIXnJ
A1610030,A161003001,2026-01-17,27250.0,2026-06-01T04:56:12Z,12,Donnée pré-validée,8,Calculée,20,Bonne,7.384986107,48.102530621,QIXnJ
A1610030,A161003001,2026-01-18,23866.0,2026-06-01T04:56:12Z,12,Donnée pré-validée,8,Calculée,20,Bonne,7.384986107,48.102530621,QIXnJ
A1610030,A161003001,2026-01-19,22019.0,2026-06-01T04:56:12Z,12,Donnée pré-validée,8,Calculée,20,Bonne,7.384986107,48.102530621,QIXnJ
A1610030,A161003001,2026-01-20,19707.0,2026-06-01T04:56:12Z,12,Donnée pré-validée,8,Calculée,20,Bonne,7.384986107,48.102530621,QIXnJ
A1610030,A161003001,2026-01-21,17451.0,2026-06-01T04:56:12Z,12,Donnée pré-validée,8,Calculée,20,Bonne,7.384986107,48.102530621,QIXnJ
A1610030,A161003001,2026-01-22,16461.0,2026-06-01T04:56:12Z,12,Donnée pré-validée,8,Calculée,20,Bonne,7.384986107,48.102530621,QIXnJ
A1610030,A161003001,2026-01-23,15621.0,2026-06-01T04:56:12Z,12,Donnée pré-validée,8,Calculée,20,Bonne,7.384986107,48.102530621,QIXnJ
A1610030,A161003001,2026-01-24,14394.0,2026-06-01T04:56:12Z,12,Donnée pré-validée,8,Calculée,20,Bonne,7.384986107,48.102530621,QIXnJ
A1610030,A161003001,2026-01-25,13658.0,2026-06-01T04:56:12Z,12,Donnée pré-validée,8,Calculée,20,Bonne,7.384986107,48.102530621,QIXnJ
A1610030,A161003001,2026-01-26,12934.0,2026-06-01T04:56:12Z,12,Donnée pré-validée,8,Calculée,20,Bonne,7.384986107,48.102530621,QIXnJ
A1610030,A161003001,2026-01-27,12341.0,2026-06-01T04:56:12Z,12,Donnée pré-validée,8,Calculée,20,Bonne,7.384986107,48.102530621,QIXnJ
A1610030,A161003001,2026-01-28,32330.0,2026-06-01T04:56:12Z,12,Donnée pré-validée,8,Calculée,20,Bonne,7.384986107,48.102530621,QIXnJ
A1610030,A161003001,2026-01-29,52006.0,2026-06-01T04:56:12Z,12,Donnée pré-validée,8,Calculée,20,Bonne,7.384986107,48.102530621,QIXnJ
A1610030,A161003001,2026-01-30,49601.0,2026-06-01T04:56:12Z,12,Donnée pré-validée,8,Calculée,20,Bonne,7.384986107,48.102530621,QIXnJ
A1610030,A161003001,2026-01-31,33438.0,2026-06-01T04:56:12Z,12,Donnée pré-validée,8,Calculée,20,Bonne,7.384986107,48.102530621,QIXnJ
A1610030,A161003001,2026-02-01,30052.0,2026-06-01T04:56:12Z,12,Donnée pré-validée,8,Calculée,20,Bonne,7.384986107,48.102530621,QIXnJ
A1610030,A161003001,2026-02-02,29609.0,2026-06-01T04:56:12Z,12,Donnée pré-validée,8,Calculée,20,Bonne,7.384986107,48.102530621,QIXnJ
A1610030,A161003001,2026-02-03,32805.0,2026-06-01T04:56:12Z,12,Donnée pré-validée,8,Calculée,20,Bonne,7.384986107,48.102530621,QIXnJ
A1610030,A161003001,2026-02-04,32857.0,2026-06-01T04:56:12Z,12,Donnée pré-validée,8,Calculée,20,Bonne,7.384986107,48.102530621,QIXnJ
A1610030,A161003001,2026-02-05,29686.0,2026-06-01T04:56:12Z,12,Donnée pré-validée,8,Calculée,20,Bonne,7.384986107,48.102530621,QIXnJ
A1610030,A161003001,2026-02-06,27045.0,2026-06-01T04:56:12Z,12,Donnée pré-validée,8,Calculée,20,Bonne,7.384986107,48.102530621,QIXnJ
A1610030,A161003001,2026-02-07,28530.0,2026-06-01T04:56:12Z,12,Donnée pré-validée,8,Calculée,20,Bonne,7.384986107,48.102530621,QIXnJ
A1610030,A161003001,2026-02-08,27633.0,2026-06-01T04:56:12Z,12,Donnée pré-validée,8,Calculée,20,Bonne,7.384986107,48.102530621,QIXnJ
A1610030,A161003001,2026-02-09,25818.0,2026-06-01T04:56:12Z,12,Donnée pré-validée,8,Calculée,20,Bonne,7.384986107,48.102530621,QIXnJ
A1610030,A161003001,2026-02-10,34578.0,2026-06-01T04:56:12Z,12,Donnée pré-validée,8,Calculée,20,Bonne,7.384986107,48.102530621,QIXnJ
A1610030,A161003001,2026-02-11,92408.0,2026-06-01T04:56:12Z,12,Donnée pré-validée,8,Calculée,20,Bonne,7.384986107,48.102530621,QIXnJ
A1610030,A161003001,2026-02-12,136664.0,2026-06-01T04:56:12Z,12,Donnée pré-validée,8,Calculée,20,Bonne,7.384986107,48.102530621,QIXnJ
A1610030,A161003001,2026-02-13,153070.0,2026-06-01T04:56:12Z,12,Donnée pré-validée,8,Calculée,20,Bonne,7.384986107,48.102530621,QIXnJ
A1610030,A161003001,2026-02-14,147364.0,2026-06-01T04:56:12Z,12,Donnée pré-validée,8,Calculée,20,Bonne,7.384986107,48.102530621,QIXnJ
A1610030,A161003001,2026-02-15,84897.0,2026-06-01T04:56:12Z,12,Donnée pré-validée,8,Calculée,20,Bonne,7.384986107,48.102530621,QIXnJ
A1610030,A161003001,2026-02-16,92089.0,2026-06-01T04:56:12Z,12,Donnée pré-validée,8,Calculée,20,Bonne,7.384986107,48.102530621,QIXnJ
A1610030,A161003001,2026-02-17,104239.0,2026-06-01T04:56:12Z,12,Donnée pré-validée,8,Calculée,20,Bonne,7.384986107,48.102530621,QIXnJ
A1610030,A161003001,2026-02-18,103380.0,2026-06-01T04:56:12Z,12,Donnée pré-validée,8,Calculée,20,Bonne,7.384986107,48.102530621,QIXnJ
A1610030,A161003001,2026-02-19,105773.0,2026-06-01T04:56:12Z,12,Donnée pré-validée,8,Calculée,20,Bonne,7.384986107,48.102530621,QIXnJ
A1610030,A161003001,2026-02-20,105834.0,2026-06-01T04:56:12Z,12,Donnée pré-validée,8,Calculée,20,Bonne,7.384986107,48.102530621,QIXnJ
A1610030,A161003001,2026-02-21,89094.0,2026-06-01T04:56:12Z,12,Donnée pré-validée,8,Calculée,20,Bonne,7.384986107,48.102530621,QIXnJ
A1610030,A161003001,2026-02-22,81595.0,2026-06-01T04:56:12Z,12,Donnée pré-validée,8,Calculée,20,Bonne,7.384986107,48.102530621,QIXnJ
A1610030,A161003001,2026-02-23,72314.0,2026-06-01T04:56:12Z,12,Donnée pré-validée,8,Calculée,20,Bonne,7.384986107,48.102530621,QIXnJ
A1610030,A161003001,2026-02-24,72514.0,2026-06-01T04:56:12Z,12,Donnée pré-validée,8,Calculée,20,Bonne,7.384986107,48.102530621,QIXnJ
A1610030,A161003001,2026-02-25,69985.0,2026-06-01T04:56:12Z,12,Donnée pré-validée,8,Calculée,20,Bonne,7.384986107,48.102530621,QIXnJ
A1610030,A161003001,2026-02-26,61017.0,2026-06-01T04:56:12Z,12,Donnée pré-validée,8,Calculée,20,Bonne,7.384986107,48.102530621,QIXnJ
A1610030,A161003001,2026-02-27,52224.0,2026-06-01T04:56:12Z,12,Donnée pré-validée,8,Calculée,20,Bonne,7.384986107,48.102530621,QIXnJ
A1610030,A161003001,2026-02-28,44968.0,2026-06-01T04:56:12Z,12,Donnée pré-validée,8,Calculée,20,Bonne,7.384986107,48.102530621,QIXnJ
A1610030,A161003001,2026-03-01,38905.0,2026-06-01T04:56:12Z,12,Donnée pré-validée,8,Calculée,20,Bonne,7.384986107,48.102530621,QIXnJ
A1610030,A161003001,2026-03-02,34493.0,2026-06-01T04:56:12Z,12,Donnée pré-validée,8,Calculée,20,Bonne,7.384986107,48.102530621,QIXnJ
A1610030,A161003001,2026-03-03,31362.0,2026-06-01T04:56:12Z,12,Donnée pré-validée,8,Calculée,20,Bonne,7.384986107,48.102530621,QIXnJ
A1610030,A161003001,2026-03-04,27316.0,2026-06-01T04:56:12Z,12,Donnée pré-validée,8,Calculée,20,Bonne,7.384986107,48.102530621,QIXnJ
A1610030,A161003001,2026-03-05,24880.0,2026-06-01T04:56:12Z,12,Donnée pré-validée,8,Calculée,20,Bonne,7.384986107,48.102530621,QIXnJ
A1610030,A161003001,2026-03-06,22184.0,2026-06-01T04:56:12Z,12,Donnée pré-validée,8,Calculée,20,Bonne,7.384986107,48.102530621,QIXnJ
A1610030,A161003001,2026-03-07,21028.0,2026-06-01T04:56:12Z,12,Donnée pré-validée,8,Calculée,20,Bonne,7.384986107,48.102530621,QIXnJ
A1610030,A161003001,2026-03-08,19099.0,2026-06-01T04:56:12Z,12,Donnée pré-validée,8,Calculée,20,Bonne,7.384986107,48.102530621,QIXnJ
A1610030,A161003001,2026-03-09,18002.0,2026-06-01T04:56:12Z,12,Donnée pré-validée,8,Calculée,20,Bonne,7.384986107,48.102530621,QIXnJ
A1610030,A161003001,2026-03-10,16901.0,2026-06-01T04:56:12Z,12,Donnée pré-validée,8,Calculée,20,Bonne,7.384986107,48.102530621,QIXnJ
A1610030,A161003001,2026-03-11,16076.0,2026-06-01T04:56:12Z,12,Donnée pré-validée,8,Calculée,20,Bonne,7.384986107,48.102530621,QIXnJ
A1610030,A161003001,2026-03-12,19377.0,2026-06-01T04:56:12Z,12,Donnée pré-validée,8,Calculée,20,Bonne,7.384986107,48.102530621,QIXnJ
A1610030,A161003001,2026-03-13,18519.0,2026-06-01T04:56:12Z,12,Donnée pré-validée,8,Calculée,20,Bonne,7.384986107,48.102530621,QIXnJ
A1610030,A161003001,2026-03-14,18167.0,2026-06-01T04:56:12Z,12,Donnée pré-validée,8,Calculée,20,Bonne,7.384986107,48.102530621,QIXnJ
A1610030,A161003001,2026-03-15,18387.0,2026-06-01T04:56:12Z,12,Donnée pré-validée,8,Calculée,20,Bonne,7.384986107,48.102530621,QIXnJ
A1610030,A161003001,2026-03-16,17088.0,2026-06-01T04:56:12Z,12,Donnée pré-validée,8,Calculée,20,Bonne,7.384986107,48.102530621,QIXnJ
A1610030,A161003001,2026-03-17,15507.0,2026-06-01T04:56:12Z,12,Donnée pré-validée,8,Calculée,20,Bonne,7.384986107,48.102530621,QIXnJ
A1610030,A161003001,2026-03-18,17451.0,2026-06-01T04:56:12Z,12,Donnée pré-validée,8,Calculée,20,Bonne,7.384986107,48.102530621,QIXnJ
A1610030,A161003001,2026-03-19,13378.0,2026-06-01T04:56:12Z,12,Donnée pré-validée,8,Calculée,20,Bonne,7.384986107,48.102530621,QIXnJ
A1610030,A161003001,2026-03-20,12384.0,2026-06-01T04:56:12Z,12,Donnée pré-validée,8,Calculée,20,Bonne,7.384986107,48.102530621,QIXnJ
A1610030,A161003001,2026-03-21,12079.0,2026-06-01T04:56:12Z,12,Donnée pré-validée,8,Calculée,20,Bonne,7.384986107,48.102530621,QIXnJ
A1610030,A161003001,2026-03-22,11642.0,2026-06-01T04:56:12Z,12,Donnée pré-validée,8,Calculée,20,Bonne,7.384986107,48.102530621,QIXnJ
A1610030,A161003001,2026-03-23,11554.0,2026-06-01T04:56:12Z,12,Donnée pré-validée,8,Calculée,20,Bonne,7.384986107,48.102530621,QIXnJ
A1610030,A161003001,2026-03-24,11380.0,2026-06-01T04:56:12Z,12,Donnée pré-validée,8,Calculée,20,Bonne,7.384986107,48.102530621,QIXnJ
A1610030,A161003001,2026-03-25,11030.0,2026-06-01T04:56:12Z,12,Donnée pré-validée,8,Calculée,20,Bonne,7.384986107,48.102530621,QIXnJ
A1610030,A161003001,2026-03-26,13432.0,2026-06-01T04:56:12Z,12,Donnée pré-validée,8,Calculée,20,Bonne,7.384986107,48.102530621,QIXnJ
A1610030,A161003001,2026-03-27,12203.0,2026-06-01T04:56:12Z,12,Donnée pré-validée,8,Calculée,20,Bonne,7.384986107,48.102530621,QIXnJ
A1610030,A161003001,2026-03-28,11024.0,2026-06-01T04:56:12Z,12,Donnée pré-validée,8,Calculée,20,Bonne,7.384986107,48.102530621,QIXnJ
A1610030,A161003001,2026-03-29,10743.0,2026-06-01T04:56:12Z,12,Donnée pré-validée,8,Calculée,20,Bonne,7.384986107,48.102530621,QIXnJ
A1610030,A161003001,2026-03-30,12284.0,2026-06-01T04:56:12Z,12,Donnée pré-validée,8,Calculée,20,Bonne,7.384986107,48.102530621,QIXnJ
A1610030,A161003001,2026-03-31,18563.0,2026-06-01T04:56:12Z,12,Donnée pré-validée,8,Calculée,20,Bonne,7.384986107,48.102530621,QIXnJ
A1610030,A161003001,2026-04-01,12257.0,2026-06-01T04:56:12Z,12,Donnée pré-validée,8,Calculée,20,Bonne,7.384986107,48.102530621,QIXnJ
A1610030,A161003001,2026-04-02,11243.0,2026-06-01T04:56:12Z,12,Donnée pré-validée,8,Calculée,20,Bonne,7.384986107,48.102530621,QIXnJ
A1610030,A161003001,2026-04-03,11047.0,2026-06-01T04:56:12Z,12,Donnée pré-validée,8,Calculée,20,Bonne,7.384986107,48.102530621,QIXnJ
A1610030,A161003001,2026-04-04,10102.0,2026-06-01T04:56:12Z,12,Donnée pré-validée,8,Calculée,20,Bonne,7.384986107,48.102530621,QIXnJ
A1610030,A161003001,2026-04-05,9685.0,2026-06-01T04:56:12Z,12,Donnée pré-validée,8,Calculée,20,Bonne,7.384986107,48.102530621,QIXnJ
A1610030,A161003001,2026-04-06,9257.0,2026-06-01T04:56:12Z,12,Donnée pré-validée,8,Calculée,20,Bonne,7.384986107,48.102530621,QIXnJ
A1610030,A161003001,2026-04-07,9469.0,2026-06-01T04:56:12Z,12,Donnée pré-validée,8,Calculée,20,Bonne,7.384986107,48.102530621,QIXnJ
A1610030,A161003001,2026-04-08,8902.0,2026-06-01T04:56:12Z,12,Donnée pré-validée,8,Calculée,20,Bonne,7.384986107,48.102530621,QIXnJ
A1610030,A161003001,2026-04-09,9166.0,2026-06-01T04:56:12Z,12,Donnée pré-validée,8,Calculée,20,Bonne,7.384986107,48.102530621,QIXnJ
A1610030,A161003001,2026-04-10,8875.0,2026-06-01T04:56:12Z,12,Donnée pré-validée,8,Calculée,20,Bonne,7.384986107,48.102530621,QIXnJ
A1610030,A161003001,2026-04-11,7988.0,2026-06-01T04:56:12Z,12,Donnée pré-validée,8,Calculée,20,Bonne,7.384986107,48.102530621,QIXnJ
A1610030,A161003001,2026-04-12,9621.0,2026-06-01T04:56:12Z,12,Donnée pré-validée,8,Calculée,20,Bonne,7.384986107,48.102530621,QIXnJ
A1610030,A161003001,2026-04-13,11362.0,2026-06-01T04:56:12Z,12,Donnée pré-validée,8,Calculée,20,Bonne,7.384986107,48.102530621,QIXnJ
A1610030,A161003001,2026-04-14,11361.0,2026-06-01T04:56:12Z,12,Donnée pré-validée,8,Calculée,20,Bonne,7.384986107,48.102530621,QIXnJ
A1610030,A161003001,2026-04-15,10822.0,2026-06-01T04:56:12Z,12,Donnée pré-validée,8,Calculée,20,Bonne,7.384986107,48.102530621,QIXnJ
A1610030,A161003001,2026-04-16,9856.0,2026-06-01T04:56:12Z,12,Donnée pré-validée,8,Calculée,20,Bonne,7.384986107,48.102530621,QIXnJ
A1610030,A161003001,2026-04-17,9247.0,2026-06-01T04:56:12Z,12,Donnée pré-validée,8,Calculée,20,Bonne,7.384986107,48.102530621,QIXnJ
A1610030,A161003001,2026-04-18,8778.0,2026-06-01T04:56:12Z,12,Donnée pré-validée,8,Calculée,20,Bonne,7.384986107,48.102530621,QIXnJ
A1610030,A161003001,2026-04-19,8255.0,2026-06-01T04:56:12Z,12,Donnée pré-validée,8,Calculée,20,Bonne,7.384986107,48.102530621,QIXnJ
A1610030,A161003001,2026-04-20,8280.0,2026-06-01T04:56:12Z,12,Donnée pré-validée,8,Calculée,20,Bonne,7.384986107,48.102530621,QIXnJ
A1610030,A161003001,2026-04-21,7663.0,2026-06-01T04:56:12Z,12,Donnée pré-validée,8,Calculée,20,Bonne,7.384986107,48.102530621,QIXnJ
A1610030,A161003001,2026-04-22,7532.0,2026-06-01T04:56:12Z,12,Donnée pré-validée,8,Calculée,20,Bonne,7.384986107,48.102530621,QIXnJ
A1610030,A161003001,2026-04-23,7532.0,2026-06-01T04:56:12Z,12,Donnée pré-validée,8,Calculée,20,Bonne,7.384986107,48.102530621,QIXnJ
A1610030,A161003001,2026-04-24,7005.0,2026-06-01T04:56:12Z,12,Donnée pré-validée,8,Calculée,20,Bonne,7.384986107,48.102530621,QIXnJ
A1610030,A161003001,2026-04-25,6724.0,2026-06-01T04:56:12Z,12,Donnée pré-validée,8,Calculée,20,Bonne,7.384986107,48.102530621,QIXnJ
A1610030,A161003001,2026-04-26,6619.0,2026-06-01T04:56:12Z,12,Donnée pré-validée,8,Calculée,20,Bonne,7.384986107,48.102530621,QIXnJ
A1610030,A161003001,2026-04-27,6432.0,2026-06-01T04:56:12Z,12,Donnée pré-validée,8,Calculée,20,Bonne,7.384986107,48.102530621,QIXnJ
A1610030,A161003001,2026-04-28,6443.0,2026-06-01T04:56:12Z,12,Donnée pré-validée,8,Calculée,20,Bonne,7.384986107,48.102530621,QIXnJ
A1610030,A161003001,2026-04-29,7918.0,2026-06-01T04:56:12Z,12,Donnée pré-validée,8,Calculée,20,Bonne,7.384986107,48.102530621,QIXnJ
A1610030,A161003001,2026-04-30,7988.0,2026-06-01T04:56:12Z,12,Donnée pré-validée,8,Calculée,20,Bonne,7.384986107,48.102530621,QIXnJ
A1610030,A161003001,2026-05-01,7779.0,2026-06-01T04:56:12Z,12,Donnée pré-validée,8,Calculée,20,Bonne,7.384986107,48.102530621,QIXnJ
A1610030,A161003001,2026-05-02,7742.0,2026-06-01T04:56:12Z,12,Donnée pré-validée,8,Calculée,20,Bonne,7.384986107,48.102530621,QIXnJ
A1610030,A161003001,2026-05-03,7497.0,2026-06-01T04:56:12Z,12,Donnée pré-validée,8,Calculée,20,Bonne,7.384986107,48.102530621,QIXnJ
A1610030,A161003001,2026-05-04,7181.0,2026-06-01T04:56:12Z,12,Donnée pré-validée,8,Calculée,20,Bonne,7.384986107,48.102530621,QIXnJ
A1610030,A161003001,2026-05-05,7619.0,2026-06-01T04:56:12Z,12,Donnée pré-validée,8,Calculée,20,Bonne,7.384986107,48.102530621,QIXnJ
A1610030,A161003001,2026-05-06,9708.0,2026-06-01T04:56:12Z,12,Donnée pré-validée,8,Calculée,20,Bonne,7.384986107,48.102530621,QIXnJ
A1610030,A161003001,2026-05-07,9884.0,2026-06-01T04:56:12Z,12,Donnée pré-validée,8,Calculée,20,Bonne,7.384986107,48.102530621,QIXnJ
A1610030,A161003001,2026-05-08,9456.0,2026-06-01T04:56:12Z,12,Donnée pré-validée,8,Calculée,20,Bonne,7.384986107,48.102530621,QIXnJ
A1610030,A161003001,2026-05-09,8002.0,2026-06-01T04:56:12Z,12,Donnée pré-validée,8,Calculée,20,Bonne,7.384986107,48.102530621,QIXnJ
A1610030,A161003001,2026-05-10,7385.0,2026-06-01T04:56:12Z,12,Donnée pré-validée,8,Calculée,20,Bonne,7.384986107,48.102530621,QIXnJ
A1610030,A161003001,2026-05-11,7382.0,2026-06-01T04:56:12Z,12,Donnée pré-validée,8,Calculée,20,Bonne,7.384986107,48.102530621,QIXnJ
A1610030,A161003001,2026-05-12,9498.0,2026-06-01T04:56:12Z,12,Donnée pré-validée,8,Calculée,20,Bonne,7.384986107,48.102530621,QIXnJ
A1610030,A161003001,2026-05-13,9155.0,2026-06-01T04:56:12Z,12,Donnée pré-validée,8,Calculée,20,Bonne,7.384986107,48.102530621,QIXnJ
A1610030,A161003001,2026-05-14,8502.0,2026-06-01T04:56:12Z,12,Donnée pré-validée,8,Calculée,20,Bonne,7.384986107,48.102530621,QIXnJ
A1610030,A161003001,2026-05-15,9603.0,2026-06-01T04:56:12Z,12,Donnée pré-validée,8,Calculée,20,Bonne,7.384986107,48.102530621,QIXnJ
A1610030,A161003001,2026-05-16,9498.0,2026-06-01T04:56:12Z,12,Donnée pré-validée,8,Calculée,20,Bonne,7.384986107,48.102530621,QIXnJ
A1610030,A161003001,2026-05-17,9327.0,2026-06-01T04:56:12Z,12,Donnée pré-validée,8,Calculée,20,Bonne,7.384986107,48.102530621,QIXnJ
A1610030,A161003001,2026-05-18,9568.0,2026-06-01T04:56:12Z,12,Donnée pré-validée,8,Calculée,20,Bonne,7.384986107,48.102530621,QIXnJ
A1610030,A161003001,2026-05-19,7742.0,2026-06-01T04:56:12Z,12,Donnée pré-validée,8,Calculée,20,Bonne,7.384986107,48.102530621,QIXnJ
A1610030,A161003001,2026-05-20,7813.0,2026-06-01T04:56:12Z,12,Donnée pré-validée,8,Calculée,20,Bonne,7.384986107,48.102530621,QIXnJ
A1610030,A161003001,2026-05-21,7181.0,2026-06-01T04:56:12Z,12,Donnée pré-validée,8,Calculée,20,Bonne,7.384986107,48.102530621,QIXnJ
A1610030,A161003001,2026-05-22,6799.0,2026-06-01T04:56:12Z,12,Donnée pré-validée,8,Calculée,20,Bonne,7.384986107,48.102530621,QIXnJ
A1610030,A161003001,2026-05-23,6303.0,2026-06-01T04:56:12Z,4,Donnée brute,8,Calculée,16,Non qualifiée,7.384986107,48.102530621,QIXnJ
A1610030,A161003001,2026-05-24,5741.0,2026-06-01T04:56:12Z,4,Donnée brute,8,Calculée,16,Non qualifiée,7.384986107,48.102530621,QIXnJ
A1610030,A161003001,2026-05-25,5304.0,2026-06-01T04:56:12Z,4,Donnée brute,8,Calculée,16,Non qualifiée,7.384986107,48.102530621,QIXnJ
A1610030,A161003001,2026-05-26,5019.0,2026-06-01T04:56:12Z,4,Donnée brute,8,Calculée,16,Non qualifiée,7.384986107,48.102530621,QIXnJ
A1610030,A161003001,2026-05-27,6443.0,2026-06-01T04:56:12Z,4,Donnée brute,8,Calculée,16,Non qualifiée,7.384986107,48.102530621,QIXnJ
A1610030,A161003001,2026-05-28,6654.0,2026-06-01T04:56:12Z,4,Donnée brute,8,Calculée,16,Non qualifiée,7.384986107,48.102530621,QIXnJ
A1610030,A161003001,2026-05-29,6549.0,2026-06-01T04:56:12Z,4,Donnée brute,8,Calculée,16,Non qualifiée,7.384986107,48.102530621,QIXnJ
A1610030,A161003001,2026-05-30,6549.0,2026-06-01T04:56:12Z,4,Donnée brute,8,Calculée,16,Non qualifiée,7.384986107,48.102530621,QIXnJ
A1610030,A161003001,2026-05-31,6268.0,2026-06-01T21:47:11Z,4,Donnée brute,8,Calculée,16,Non qualifiée,7.384986107,48.102530621,QIXnJ
A1610030,A161003001,2026-06-01,6478.0,2026-06-02T21:46:06Z,4,Donnée brute,8,Calculée,16,Non qualifiée,7.384986107,48.102530621,QIXnJ
A1610030,A161003001,2026-06-02,8585.0,2026-06-03T04:45:38Z,4,Donnée brute,8,Calculée,16,Non qualifiée,7.384986107,48.102530621,QIXnJ
