code_site,code_station,date_obs_elab,resultat_obs_elab,date_prod,code_statut,libelle_statut,code_methode,libelle_methode,code_qualification,libelle_qualification,longitude,latitude,grandeur_hydro_elab
A1610030,A161003001,2007-01-01,2416.0,2026-05-31T20:30:42Z,16,Donnée validée,10,Expertisée,20,Bonne,7.384986107,48.102530621,HIXnJ
A1610030,A161003001,2007-01-02,2727.0,2026-05-31T20:30:42Z,16,Donnée validée,10,Expertisée,20,Bonne,7.384986107,48.102530621,HIXnJ
A1610030,A161003001,2007-01-03,2738.0,2026-05-31T20:30:42Z,16,Donnée validée,10,Expertisée,20,Bonne,7.384986107,48.102530621,HIXnJ
A1610030,A161003001,2007-01-04,2363.0,2026-05-31T20:30:42Z,16,Donnée validée,10,Expertisée,20,Bonne,7.384986107,48.102530621,HIXnJ
A1610030,A161003001,2007-01-05,2223.0,2026-05-31T20:30:42Z,16,Donnée validée,10,Expertisée,20,Bonne,7.384986107,48.102530621,HIXnJ
A1610030,A161003001,2007-01-06,2137.0,2026-05-31T20:30:42Z,16,Donnée validée,10,Expertisée,20,Bonne,7.384986107,48.102530621,HIXnJ
A1610030,A161003001,2007-01-07,2186.0,2026-05-31T20:30:42Z,16,Donnée validée,10,Expertisée,20,Bonne,7.384986107,48.102530621,HIXnJ
A1610030,A161003001,2007-01-08,2299.0,2026-05-31T20:30:42Z,16,Donnée validée,10,Expertisée,20,Bonne,7.384986107,48.102530621,HIXnJ
A1610030,A161003001,2007-01-09,2432.0,2026-05-31T20:30:42Z,16,Donnée validée,10,Expertisée,20,Bonne,7.384986107,48.102530621,HIXnJ
A1610030,A161003001,2007-01-10,2426.0,2026-05-31T20:30:42Z,16,Donnée validée,10,Expertisée,20,Bonne,7.384986107,48.102530621,HIXnJ
A1610030,A161003001,2007-01-11,2206.0,2026-05-31T20:30:42Z,16,Donnée validée,10,Expertisée,20,Bonne,7.384986107,48.102530621,HIXnJ
A1610030,A161003001,2007-01-12,2247.0,2026-05-31T20:30:42Z,16,Donnée validée,10,Expertisée,20,Bonne,7.384986107,48.102530621,HIXnJ
A1610030,A161003001,2007-01-13,2231.0,2026-05-31T20:30:42Z,16,Donnée validée,10,Expertisée,20,Bonne,7.384986107,48.102530621,HIXnJ
A1610030,A161003001,2007-01-14,2061.0,2026-05-31T20:30:42Z,16,Donnée validée,10,Expertisée,20,Bonne,7.384986107,48.102530621,HIXnJ
A1610030,A161003001,2007-01-15,1921.0,2026-05-31T20:30:42Z,16,Donnée validée,10,Expertisée,20,Bonne,7.384986107,48.102530621,HIXnJ
A1610030,A161003001,2007-01-16,1803.0,2026-05-31T20:30:42Z,16,Donnée validée,10,Expertisée,20,Bonne,7.384986107,48.102530621,HIXnJ
A1610030,A161003001,2007-01-17,1720.0,2026-05-31T20:30:42Z,16,Donnée validée,10,Expertisée,20,Bonne,7.384986107,48.102530621,HIXnJ
A1610030,A161003001,2007-01-18,1859.0,2026-05-31T20:30:42Z,16,Donnée validée,10,Expertisée,20,Bonne,7.384986107,48.102530621,HIXnJ
A1610030,A161003001,2007-01-19,3471.0,2026-05-31T20:30:42Z,16,Donnée validée,10,Expertisée,20,Bonne,7.384986107,48.102530621,HIXnJ
A1610030,A161003001,2007-01-20,3527.0,2026-05-31T20:30:42Z,16,Donnée validée,10,Expertisée,20,Bonne,7.384986107,48.102530621,HIXnJ
A1610030,A161003001,2007-01-21,2927.0,2026-05-31T20:30:42Z,16,Donnée validée,10,Expertisée,20,Bonne,7.384986107,48.102530621,HIXnJ
A1610030,A161003001,2007-01-22,2597.0,2026-05-31T20:30:42Z,16,Donnée validée,10,Expertisée,20,Bonne,7.384986107,48.102530621,HIXnJ
A1610030,A161003001,2007-01-23,2320.0,2026-05-31T20:30:42Z,16,Donnée validée,10,Expertisée,20,Bonne,7.384986107,48.102530621,HIXnJ
A1610030,A161003001,2007-01-24,2254.0,2026-05-31T20:30:42Z,16,Donnée validée,10,Expertisée,20,Bonne,7.384986107,48.102530621,HIXnJ
A1610030,A161003001,2007-01-25,2018.0,2026-05-31T20:30:42Z,16,Donnée validée,10,Expertisée,20,Bonne,7.384986107,48.102530621,HIXnJ
A1610030,A161003001,2007-01-26,1869.0,2026-05-31T20:30:42Z,16,Donnée validée,10,Expertisée,20,Bonne,7.384986107,48.102530621,HIXnJ
A1610030,A161003001,2007-01-27,1777.0,2026-05-31T20:30:42Z,16,Donnée validée,10,Expertisée,20,Bonne,7.384986107,48.102530621,HIXnJ
A1610030,A161003001,2007-01-28,1693.0,2026-05-31T20:30:42Z,16,Donnée validée,10,Expertisée,20,Bonne,7.384986107,48.102530621,HIXnJ
A1610030,A161003001,2007-01-29,1663.0,2026-05-31T20:30:42Z,16,Donnée validée,10,Expertisée,20,Bonne,7.384986107,48.102530621,HIXnJ
A1610030,A161003001,2007-01-30,1661.0,2026-05-31T20:30:42Z,16,Donnée validée,10,Expertisée,20,Bonne,7.384986107,48.102530621,HIXnJ
A1610030,A161003001,2007-01-31,1631.0,2026-05-31T20:30:42Z,16,Donnée validée,10,Expertisée,20,Bonne,7.384986107,48.102530621,HIXnJ
A1610030,A161003001,2007-02-01,1569.0,2026-05-31T20:30:42Z,16,Donnée validée,10,Expertisée,20,Bonne,7.384986107,48.102530621,HIXnJ
A1610030,A161003001,2007-02-02,1513.0,2026-05-31T20:30:42Z,16,Donnée validée,10,Expertisée,20,Bonne,7.384986107,48.102530621,HIXnJ
A1610030,A161003001,2007-02-03,1484.0,2026-05-31T20:30:42Z,16,Donnée validée,10,Expertisée,20,Bonne,7.384986107,48.102530621,HIXnJ
A1610030,A161003001,2007-02-04,1469.0,2026-05-31T20:30:42Z,16,Donnée validée,10,Expertisée,20,Bonne,7.384986107,48.102530621,HIXnJ
A1610030,A161003001,2007-02-05,1446.0,2026-05-31T20:30:42Z,16,Donnée validée,10,Expertisée,20,Bonne,7.384986107,48.102530621,HIXnJ
A1610030,A161003001,2007-02-06,1509.0,2026-05-31T20:30:42Z,16,Donnée validée,10,Expertisée,20,Bonne,7.384986107,48.102530621,HIXnJ
A1610030,A161003001,2007-02-07,1521.0,2026-05-31T20:30:42Z,16,Donnée validée,10,Expertisée,20,Bonne,7.384986107,48.102530621,HIXnJ
A1610030,A161003001,2007-02-08,1836.0,2026-05-31T20:30:42Z,16,Donnée validée,10,Expertisée,20,Bonne,7.384986107,48.102530621,HIXnJ
A1610030,A161003001,2007-02-09,1998.0,2026-05-31T20:30:42Z,16,Donnée validée,10,Expertisée,20,Bonne,7.384986107,48.102530621,HIXnJ
A1610030,A161003001,2007-02-10,1916.0,2026-05-31T20:30:42Z,16,Donnée validée,10,Expertisée,20,Bonne,7.384986107,48.102530621,HIXnJ
A1610030,A161003001,2007-02-11,1934.0,2026-05-31T20:30:42Z,16,Donnée validée,10,Expertisée,20,Bonne,7.384986107,48.102530621,HIXnJ
A1610030,A161003001,2007-02-12,2620.0,2026-05-31T20:30:42Z,16,Donnée validée,10,Expertisée,20,Bonne,7.384986107,48.102530621,HIXnJ
A1610030,A161003001,2007-02-13,2915.0,2026-05-31T20:30:42Z,16,Donnée validée,10,Expertisée,20,Bonne,7.384986107,48.102530621,HIXnJ
A1610030,A161003001,2007-02-14,2890.0,2026-05-31T20:30:42Z,16,Donnée validée,10,Expertisée,20,Bonne,7.384986107,48.102530621,HIXnJ
A1610030,A161003001,2007-02-15,2911.0,2026-05-31T20:30:42Z,16,Donnée validée,10,Expertisée,20,Bonne,7.384986107,48.102530621,HIXnJ
A1610030,A161003001,2007-02-16,2866.0,2026-05-31T20:30:42Z,16,Donnée validée,10,Expertisée,20,Bonne,7.384986107,48.102530621,HIXnJ
A1610030,A161003001,2007-02-17,2412.0,2026-05-31T20:30:42Z,16,Donnée validée,10,Expertisée,20,Bonne,7.384986107,48.102530621,HIXnJ
A1610030,A161003001,2007-02-18,2141.0,2026-05-31T20:30:42Z,16,Donnée validée,10,Expertisée,20,Bonne,7.384986107,48.102530621,HIXnJ
A1610030,A161003001,2007-02-19,1914.0,2026-05-31T20:30:42Z,16,Donnée validée,10,Expertisée,20,Bonne,7.384986107,48.102530621,HIXnJ
A1610030,A161003001,2007-02-20,1756.0,2026-05-31T20:30:42Z,16,Donnée validée,10,Expertisée,20,Bonne,7.384986107,48.102530621,HIXnJ
A1610030,A161003001,2007-02-21,1688.0,2026-05-31T20:30:42Z,16,Donnée validée,10,Expertisée,20,Bonne,7.384986107,48.102530621,HIXnJ
A1610030,A161003001,2007-02-22,1622.0,2026-05-31T20:30:42Z,16,Donnée validée,10,Expertisée,20,Bonne,7.384986107,48.102530621,HIXnJ
A1610030,A161003001,2007-02-23,1575.0,2026-05-31T20:30:42Z,16,Donnée validée,10,Expertisée,20,Bonne,7.384986107,48.102530621,HIXnJ
A1610030,A161003001,2007-02-24,1543.0,2026-05-31T20:30:42Z,16,Donnée validée,10,Expertisée,20,Bonne,7.384986107,48.102530621,HIXnJ
A1610030,A161003001,2007-02-25,1779.0,2026-05-31T20:30:42Z,16,Donnée validée,10,Expertisée,20,Bonne,7.384986107,48.102530621,HIXnJ
A1610030,A161003001,2007-02-26,1958.0,2026-05-31T20:30:42Z,16,Donnée validée,10,Expertisée,20,Bonne,7.384986107,48.102530621,HIXnJ
A1610030,A161003001,2007-02-27,2050.0,2026-05-31T20:30:42Z,16,Donnée validée,10,Expertisée,20,Bonne,7.384986107,48.102530621,HIXnJ
A1610030,A161003001,2007-02-28,2272.0,2026-05-31T20:30:42Z,16,Donnée validée,10,Expertisée,20,Bonne,7.384986107,48.102530621,HIXnJ
A1610030,A161003001,2007-03-01,3452.0,2026-05-31T20:30:42Z,16,Donnée validée,10,Expertisée,20,Bonne,7.384986107,48.102530621,HIXnJ
A1610030,A161003001,2007-03-02,3903.0,2026-05-31T20:30:42Z,16,Donnée validée,10,Expertisée,20,Bonne,7.384986107,48.102530621,HIXnJ
A1610030,A161003001,2007-03-03,3826.0,2026-05-31T20:30:42Z,16,Donnée validée,10,Expertisée,20,Bonne,7.384986107,48.102530621,HIXnJ
A1610030,A161003001,2007-03-04,3712.0,2026-05-31T20:30:42Z,16,Donnée validée,10,Expertisée,20,Bonne,7.384986107,48.102530621,HIXnJ
A1610030,A161003001,2007-03-05,3093.0,2026-05-31T20:30:42Z,16,Donnée validée,10,Expertisée,20,Bonne,7.384986107,48.102530621,HIXnJ
A1610030,A161003001,2007-03-06,2568.0,2026-05-31T20:30:42Z,16,Donnée validée,10,Expertisée,20,Bonne,7.384986107,48.102530621,HIXnJ
A1610030,A161003001,2007-03-07,2288.0,2026-05-31T20:30:42Z,16,Donnée validée,10,Expertisée,20,Bonne,7.384986107,48.102530621,HIXnJ
A1610030,A161003001,2007-03-08,2155.0,2026-05-31T20:30:42Z,16,Donnée validée,10,Expertisée,20,Bonne,7.384986107,48.102530621,HIXnJ
A1610030,A161003001,2007-03-09,1966.0,2026-05-31T20:30:42Z,16,Donnée validée,10,Expertisée,20,Bonne,7.384986107,48.102530621,HIXnJ
A1610030,A161003001,2007-03-10,1815.0,2026-05-31T20:30:42Z,16,Donnée validée,10,Expertisée,20,Bonne,7.384986107,48.102530621,HIXnJ
A1610030,A161003001,2007-03-11,1756.0,2026-05-31T20:30:42Z,16,Donnée validée,10,Expertisée,20,Bonne,7.384986107,48.102530621,HIXnJ
A1610030,A161003001,2007-03-12,1701.0,2026-05-31T20:30:42Z,16,Donnée validée,10,Expertisée,20,Bonne,7.384986107,48.102530621,HIXnJ
A1610030,A161003001,2007-03-13,1676.0,2026-05-31T20:30:42Z,16,Donnée validée,10,Expertisée,20,Bonne,7.384986107,48.102530621,HIXnJ
A1610030,A161003001,2007-03-14,1609.0,2026-05-31T20:30:42Z,16,Donnée validée,10,Expertisée,20,Bonne,7.384986107,48.102530621,HIXnJ
A1610030,A161003001,2007-03-15,1556.0,2026-05-31T20:30:42Z,16,Donnée validée,10,Expertisée,20,Bonne,7.384986107,48.102530621,HIXnJ
A1610030,A161003001,2007-03-16,1516.0,2026-05-31T20:30:42Z,16,Donnée validée,10,Expertisée,20,Bonne,7.384986107,48.102530621,HIXnJ
A1610030,A161003001,2007-03-17,1478.0,2026-05-31T20:30:42Z,16,Donnée validée,10,Expertisée,20,Bonne,7.384986107,48.102530621,HIXnJ
A1610030,A161003001,2007-03-18,1479.0,2026-05-31T20:30:42Z,16,Donnée validée,10,Expertisée,20,Bonne,7.384986107,48.102530621,HIXnJ
A1610030,A161003001,2007-03-19,1703.0,2026-05-31T20:30:42Z,16,Donnée validée,10,Expertisée,20,Bonne,7.384986107,48.102530621,HIXnJ
A1610030,A161003001,2007-03-20,1697.0,2026-05-31T20:30:42Z,16,Donnée validée,10,Expertisée,20,Bonne,7.384986107,48.102530621,HIXnJ
A1610030,A161003001,2007-03-21,1647.0,2026-05-31T20:30:42Z,16,Donnée validée,10,Expertisée,20,Bonne,7.384986107,48.102530621,HIXnJ
A1610030,A161003001,2007-03-22,1639.0,2026-05-31T20:30:42Z,16,Donnée validée,10,Expertisée,20,Bonne,7.384986107,48.102530621,HIXnJ
A1610030,A161003001,2007-03-23,1712.0,2026-05-31T20:30:42Z,16,Donnée validée,10,Expertisée,20,Bonne,7.384986107,48.102530621,HIXnJ
A1610030,A161003001,2007-03-24,1756.0,2026-05-31T20:30:42Z,16,Donnée validée,10,Expertisée,20,Bonne,7.384986107,48.102530621,HIXnJ
A1610030,A161003001,2007-03-25,1828.0,2026-05-31T20:30:42Z,16,Donnée validée,10,Expertisée,20,Bonne,7.384986107,48.102530621,HIXnJ
A1610030,A161003001,2007-03-26,1803.0,2026-05-31T20:30:42Z,16,Donnée validée,10,Expertisée,20,Bonne,7.384986107,48.102530621,HIXnJ
A1610030,A161003001,2007-03-27,1729.0,2026-05-31T20:30:42Z,16,Donnée validée,10,Expertisée,20,Bonne,7.384986107,48.102530621,HIXnJ
A1610030,A161003001,2007-03-28,1713.0,2026-05-31T20:30:42Z,16,Donnée validée,10,Expertisée,20,Bonne,7.384986107,48.102530621,HIXnJ
A1610030,A161003001,2007-03-29,1689.0,2026-05-31T20:30:42Z,16,Donnée validée,10,Expertisée,20,Bonne,7.384986107,48.102530621,HIXnJ
A1610030,A161003001,2007-03-30,1637.0,2026-05-31T20:30:42Z,16,Donnée validée,10,Expertisée,20,Bonne,7.384986107,48.102530621,HIXnJ
A1610030,A161003001,2007-03-31,1612.0,2026-05-31T20:30:42Z,16,Donnée validée,10,Expertisée,20,Bonne,7.384986107,48.102530621,HIXnJ
A1610030,A161003001,2007-04-01,1588.0,2026-05-31T20:30:42Z,16,Donnée validée,10,Expertisée,20,Bonne,7.384986107,48.102530621,HIXnJ
A1610030,A161003001,2007-04-02,1540.0,2026-05-31T20:30:42Z,16,Donnée validée,10,Expertisée,20,Bonne,7.384986107,48.102530621,HIXnJ
A1610030,A161003001,2007-04-03,1501.0,2026-05-31T20:30:42Z,16,Donnée validée,10,Expertisée,20,Bonne,7.384986107,48.102530621,HIXnJ
A1610030,A161003001,2007-04-04,1480.0,2026-05-31T20:30:42Z,16,Donnée validée,10,Expertisée,20,Bonne,7.384986107,48.102530621,HIXnJ
A1610030,A161003001,2007-04-05,1472.0,2026-05-31T20:30:42Z,16,Donnée validée,10,Expertisée,20,Bonne,7.384986107,48.102530621,HIXnJ
A1610030,A161003001,2007-04-06,1446.0,2026-05-31T20:30:42Z,16,Donnée validée,10,Expertisée,20,Bonne,7.384986107,48.102530621,HIXnJ
A1610030,A161003001,2007-04-07,1431.0,2026-05-31T20:30:42Z,16,Donnée validée,10,Expertisée,20,Bonne,7.384986107,48.102530621,HIXnJ
A1610030,A161003001,2007-04-08,1404.0,2026-05-31T20:30:42Z,16,Donnée validée,10,Expertisée,20,Bonne,7.384986107,48.102530621,HIXnJ
A1610030,A161003001,2007-04-09,1390.0,2026-05-31T20:30:42Z,16,Donnée validée,10,Expertisée,20,Bonne,7.384986107,48.102530621,HIXnJ
A1610030,A161003001,2007-04-10,1387.0,2026-05-31T20:30:42Z,16,Donnée validée,10,Expertisée,20,Bonne,7.384986107,48.102530621,HIXnJ
A1610030,A161003001,2007-04-11,1365.0,2026-05-31T20:30:42Z,16,Donnée validée,10,Expertisée,20,Bonne,7.384986107,48.102530621,HIXnJ
A1610030,A161003001,2007-04-12,1365.0,2026-05-31T20:30:42Z,16,Donnée validée,10,Expertisée,20,Bonne,7.384986107,48.102530621,HIXnJ
A1610030,A161003001,2007-04-13,1352.0,2026-05-31T20:30:42Z,16,Donnée validée,10,Expertisée,20,Bonne,7.384986107,48.102530621,HIXnJ
A1610030,A161003001,2007-04-14,1336.0,2026-05-31T20:30:42Z,16,Donnée validée,10,Expertisée,20,Bonne,7.384986107,48.102530621,HIXnJ
A1610030,A161003001,2007-04-15,1346.0,2026-05-31T20:30:42Z,16,Donnée validée,10,Expertisée,20,Bonne,7.384986107,48.102530621,HIXnJ
A1610030,A161003001,2007-04-16,1330.0,2026-05-31T20:30:42Z,16,Donnée validée,10,Expertisée,20,Bonne,7.384986107,48.102530621,HIXnJ
A1610030,A161003001,2007-04-17,1323.0,2026-05-31T20:30:42Z,16,Donnée validée,10,Expertisée,20,Bonne,7.384986107,48.102530621,HIXnJ
A1610030,A161003001,2007-04-18,1311.0,2026-05-31T20:30:42Z,16,Donnée validée,10,Expertisée,20,Bonne,7.384986107,48.102530621,HIXnJ
A1610030,A161003001,2007-04-19,1317.0,2026-05-31T20:30:42Z,16,Donnée validée,10,Expertisée,20,Bonne,7.384986107,48.102530621,HIXnJ
A1610030,A161003001,2007-04-20,1312.0,2026-05-31T20:30:42Z,16,Donnée validée,10,Expertisée,20,Bonne,7.384986107,48.102530621,HIXnJ
A1610030,A161003001,2007-04-21,1312.0,2026-05-31T20:30:42Z,16,Donnée validée,10,Expertisée,20,Bonne,7.384986107,48.102530621,HIXnJ
A1610030,A161003001,2007-04-22,1296.0,2026-05-31T20:30:42Z,16,Donnée validée,10,Expertisée,20,Bonne,7.384986107,48.102530621,HIXnJ
A1610030,A161003001,2007-04-23,1284.0,2026-05-31T20:30:42Z,16,Donnée validée,10,Expertisée,20,Bonne,7.384986107,48.102530621,HIXnJ
A1610030,A161003001,2007-04-24,1270.0,2026-05-31T20:30:42Z,16,Donnée validée,10,Expertisée,20,Bonne,7.384986107,48.102530621,HIXnJ
A1610030,A161003001,2007-04-25,1248.0,2026-05-31T20:30:42Z,16,Donnée validée,10,Expertisée,20,Bonne,7.384986107,48.102530621,HIXnJ
A1610030,A161003001,2007-04-26,1256.0,2026-05-31T20:30:42Z,16,Donnée validée,10,Expertisée,20,Bonne,7.384986107,48.102530621,HIXnJ
A1610030,A161003001,2007-04-27,1300.0,2026-05-31T20:30:42Z,16,Donnée validée,10,Expertisée,20,Bonne,7.384986107,48.102530621,HIXnJ
A1610030,A161003001,2007-04-28,1279.0,2026-05-31T20:30:42Z,16,Donnée validée,10,Expertisée,20,Bonne,7.384986107,48.102530621,HIXnJ
A1610030,A161003001,2007-04-29,1299.0,2026-05-31T20:30:42Z,16,Donnée validée,10,Expertisée,20,Bonne,7.384986107,48.102530621,HIXnJ
A1610030,A161003001,2007-04-30,1300.0,2026-05-31T20:30:42Z,16,Donnée validée,10,Expertisée,20,Bonne,7.384986107,48.102530621,HIXnJ
A1610030,A161003001,2007-05-01,1263.0,2026-05-31T20:30:42Z,16,Donnée validée,10,Expertisée,20,Bonne,7.384986107,48.102530621,HIXnJ
A1610030,A161003001,2007-05-02,1235.0,2026-05-31T20:30:42Z,16,Donnée validée,10,Expertisée,20,Bonne,7.384986107,48.102530621,HIXnJ
A1610030,A161003001,2007-05-03,1251.0,2026-05-31T20:30:42Z,16,Donnée validée,10,Expertisée,20,Bonne,7.384986107,48.102530621,HIXnJ
A1610030,A161003001,2007-05-04,1251.0,2026-05-31T20:30:42Z,16,Donnée validée,10,Expertisée,20,Bonne,7.384986107,48.102530621,HIXnJ
A1610030,A161003001,2007-05-05,1252.0,2026-05-31T20:30:42Z,16,Donnée validée,10,Expertisée,20,Bonne,7.384986107,48.102530621,HIXnJ
A1610030,A161003001,2007-05-06,1262.0,2026-05-31T20:30:42Z,16,Donnée validée,10,Expertisée,20,Bonne,7.384986107,48.102530621,HIXnJ
A1610030,A161003001,2007-05-07,1253.0,2026-05-31T20:30:42Z,16,Donnée validée,10,Expertisée,20,Bonne,7.384986107,48.102530621,HIXnJ
A1610030,A161003001,2007-05-08,1317.0,2026-05-31T20:30:42Z,16,Donnée validée,10,Expertisée,20,Bonne,7.384986107,48.102530621,HIXnJ
A1610030,A161003001,2007-05-09,1431.0,2026-05-31T20:30:42Z,16,Donnée validée,10,Expertisée,20,Bonne,7.384986107,48.102530621,HIXnJ
A1610030,A161003001,2007-05-10,1418.0,2026-05-31T20:30:42Z,16,Donnée validée,10,Expertisée,20,Bonne,7.384986107,48.102530621,HIXnJ
A1610030,A161003001,2007-05-11,1338.0,2026-05-31T20:30:42Z,16,Donnée validée,10,Expertisée,20,Bonne,7.384986107,48.102530621,HIXnJ
A1610030,A161003001,2007-05-12,1299.0,2026-05-31T20:30:42Z,16,Donnée validée,10,Expertisée,20,Bonne,7.384986107,48.102530621,HIXnJ
A1610030,A161003001,2007-05-13,1284.0,2026-05-31T20:30:42Z,16,Donnée validée,10,Expertisée,20,Bonne,7.384986107,48.102530621,HIXnJ
A1610030,A161003001,2007-05-14,1453.0,2026-05-31T20:30:42Z,16,Donnée validée,10,Expertisée,20,Bonne,7.384986107,48.102530621,HIXnJ
A1610030,A161003001,2007-05-15,1478.0,2026-05-31T20:30:42Z,16,Donnée validée,10,Expertisée,20,Bonne,7.384986107,48.102530621,HIXnJ
A1610030,A161003001,2007-05-16,1355.0,2026-05-31T20:30:42Z,16,Donnée validée,10,Expertisée,20,Bonne,7.384986107,48.102530621,HIXnJ
A1610030,A161003001,2007-05-17,1533.0,2026-05-31T20:30:42Z,16,Donnée validée,10,Expertisée,20,Bonne,7.384986107,48.102530621,HIXnJ
A1610030,A161003001,2007-05-18,1566.0,2026-05-31T20:30:42Z,16,Donnée validée,10,Expertisée,20,Bonne,7.384986107,48.102530621,HIXnJ
A1610030,A161003001,2007-05-19,1520.0,2026-05-31T20:30:42Z,16,Donnée validée,10,Expertisée,20,Bonne,7.384986107,48.102530621,HIXnJ
A1610030,A161003001,2007-05-20,1440.0,2026-05-31T20:30:42Z,16,Donnée validée,10,Expertisée,20,Bonne,7.384986107,48.102530621,HIXnJ
A1610030,A161003001,2007-05-21,1404.0,2026-05-31T20:30:42Z,16,Donnée validée,10,Expertisée,20,Bonne,7.384986107,48.102530621,HIXnJ
A1610030,A161003001,2007-05-22,1380.0,2026-05-31T20:30:42Z,16,Donnée validée,10,Expertisée,20,Bonne,7.384986107,48.102530621,HIXnJ
A1610030,A161003001,2007-05-23,1343.0,2026-05-31T20:30:42Z,16,Donnée validée,10,Expertisée,20,Bonne,7.384986107,48.102530621,HIXnJ
A1610030,A161003001,2007-05-24,1405.0,2026-05-31T20:30:42Z,16,Donnée validée,10,Expertisée,20,Bonne,7.384986107,48.102530621,HIXnJ
A1610030,A161003001,2007-05-25,1344.0,2026-05-31T20:30:42Z,16,Donnée validée,10,Expertisée,20,Bonne,7.384986107,48.102530621,HIXnJ
A1610030,A161003001,2007-05-26,1282.0,2026-05-31T20:30:42Z,16,Donnée validée,10,Expertisée,20,Bonne,7.384986107,48.102530621,HIXnJ
A1610030,A161003001,2007-05-27,1280.0,2026-05-31T20:30:42Z,16,Donnée validée,10,Expertisée,20,Bonne,7.384986107,48.102530621,HIXnJ
A1610030,A161003001,2007-05-28,1374.0,2026-05-31T20:30:42Z,16,Donnée validée,10,Expertisée,20,Bonne,7.384986107,48.102530621,HIXnJ
A1610030,A161003001,2007-05-29,1307.0,2026-05-31T20:30:42Z,16,Donnée validée,10,Expertisée,20,Bonne,7.384986107,48.102530621,HIXnJ
A1610030,A161003001,2007-05-30,1298.0,2026-05-31T20:30:42Z,16,Donnée validée,10,Expertisée,20,Bonne,7.384986107,48.102530621,HIXnJ
A1610030,A161003001,2007-05-31,1350.0,2026-05-31T20:30:42Z,16,Donnée validée,10,Expertisée,20,Bonne,7.384986107,48.102530621,HIXnJ
A1610030,A161003001,2007-06-01,1480.0,2026-05-31T20:30:42Z,16,Donnée validée,10,Expertisée,20,Bonne,7.384986107,48.102530621,HIXnJ
A1610030,A161003001,2007-06-02,1439.0,2026-05-31T20:30:42Z,16,Donnée validée,10,Expertisée,20,Bonne,7.384986107,48.102530621,HIXnJ
A1610030,A161003001,2007-06-03,1387.0,2026-05-31T20:30:42Z,16,Donnée validée,10,Expertisée,20,Bonne,7.384986107,48.102530621,HIXnJ
A1610030,A161003001,2007-06-04,1355.0,2026-05-31T20:30:42Z,16,Donnée validée,10,Expertisée,20,Bonne,7.384986107,48.102530621,HIXnJ
A1610030,A161003001,2007-06-05,1316.0,2026-05-31T20:30:42Z,16,Donnée validée,10,Expertisée,20,Bonne,7.384986107,48.102530621,HIXnJ
A1610030,A161003001,2007-06-06,1297.0,2026-05-31T20:30:42Z,16,Donnée validée,10,Expertisée,20,Bonne,7.384986107,48.102530621,HIXnJ
A1610030,A161003001,2007-06-07,1448.0,2026-05-31T20:30:42Z,16,Donnée validée,10,Expertisée,20,Bonne,7.384986107,48.102530621,HIXnJ
A1610030,A161003001,2007-06-08,1601.0,2026-05-31T20:30:42Z,16,Donnée validée,10,Expertisée,20,Bonne,7.384986107,48.102530621,HIXnJ
A1610030,A161003001,2007-06-09,1499.0,2026-05-31T20:30:42Z,16,Donnée validée,10,Expertisée,20,Bonne,7.384986107,48.102530621,HIXnJ
A1610030,A161003001,2007-06-10,1446.0,2026-05-31T20:30:42Z,16,Donnée validée,10,Expertisée,20,Bonne,7.384986107,48.102530621,HIXnJ
A1610030,A161003001,2007-06-11,1724.0,2026-05-31T20:30:42Z,16,Donnée validée,10,Expertisée,20,Bonne,7.384986107,48.102530621,HIXnJ
A1610030,A161003001,2007-06-12,1708.0,2026-05-31T20:30:42Z,16,Donnée validée,10,Expertisée,20,Bonne,7.384986107,48.102530621,HIXnJ
A1610030,A161003001,2007-06-13,1664.0,2026-05-31T20:30:42Z,16,Donnée validée,10,Expertisée,20,Bonne,7.384986107,48.102530621,HIXnJ
A1610030,A161003001,2007-06-14,1426.0,2026-05-31T20:30:42Z,16,Donnée validée,10,Expertisée,20,Bonne,7.384986107,48.102530621,HIXnJ
A1610030,A161003001,2007-06-15,1421.0,2026-05-31T20:30:42Z,16,Donnée validée,10,Expertisée,20,Bonne,7.384986107,48.102530621,HIXnJ
A1610030,A161003001,2007-06-16,1477.0,2026-05-31T20:30:42Z,16,Donnée validée,10,Expertisée,20,Bonne,7.384986107,48.102530621,HIXnJ
A1610030,A161003001,2007-06-17,1518.0,2026-05-31T20:30:42Z,16,Donnée validée,10,Expertisée,20,Bonne,7.384986107,48.102530621,HIXnJ
A1610030,A161003001,2007-06-18,1795.0,2026-05-31T20:30:42Z,16,Donnée validée,10,Expertisée,20,Bonne,7.384986107,48.102530621,HIXnJ
A1610030,A161003001,2007-06-19,1722.0,2026-05-31T20:30:42Z,16,Donnée validée,10,Expertisée,20,Bonne,7.384986107,48.102530621,HIXnJ
A1610030,A161003001,2007-06-20,1682.0,2026-05-31T20:30:42Z,16,Donnée validée,10,Expertisée,20,Bonne,7.384986107,48.102530621,HIXnJ
A1610030,A161003001,2007-06-21,2529.0,2026-05-31T20:30:42Z,16,Donnée validée,10,Expertisée,20,Bonne,7.384986107,48.102530621,HIXnJ
A1610030,A161003001,2007-06-22,2518.0,2026-05-31T20:30:42Z,16,Donnée validée,10,Expertisée,20,Bonne,7.384986107,48.102530621,HIXnJ
A1610030,A161003001,2007-06-23,1985.0,2026-05-31T20:30:42Z,16,Donnée validée,10,Expertisée,20,Bonne,7.384986107,48.102530621,HIXnJ
A1610030,A161003001,2007-06-24,1772.0,2026-05-31T20:30:42Z,16,Donnée validée,10,Expertisée,20,Bonne,7.384986107,48.102530621,HIXnJ
A1610030,A161003001,2007-06-25,1640.0,2026-05-31T20:30:42Z,16,Donnée validée,10,Expertisée,20,Bonne,7.384986107,48.102530621,HIXnJ
A1610030,A161003001,2007-06-26,1993.0,2026-05-31T20:30:42Z,16,Donnée validée,10,Expertisée,20,Bonne,7.384986107,48.102530621,HIXnJ
A1610030,A161003001,2007-06-27,2095.0,2026-05-31T20:30:42Z,16,Donnée validée,10,Expertisée,20,Bonne,7.384986107,48.102530621,HIXnJ
A1610030,A161003001,2007-06-28,2020.0,2026-05-31T20:30:42Z,16,Donnée validée,10,Expertisée,20,Bonne,7.384986107,48.102530621,HIXnJ
A1610030,A161003001,2007-06-29,1885.0,2026-05-31T20:30:42Z,16,Donnée validée,10,Expertisée,20,Bonne,7.384986107,48.102530621,HIXnJ
A1610030,A161003001,2007-06-30,1754.0,2026-05-31T20:30:42Z,16,Donnée validée,10,Expertisée,20,Bonne,7.384986107,48.102530621,HIXnJ
A1610030,A161003001,2007-07-01,1642.0,2026-05-31T20:30:42Z,16,Donnée validée,10,Expertisée,20,Bonne,7.384986107,48.102530621,HIXnJ
A1610030,A161003001,2007-07-02,1622.0,2026-05-31T20:30:42Z,16,Donnée validée,10,Expertisée,20,Bonne,7.384986107,48.102530621,HIXnJ
A1610030,A161003001,2007-07-03,1623.0,2026-05-31T20:30:42Z,16,Donnée validée,10,Expertisée,20,Bonne,7.384986107,48.102530621,HIXnJ
A1610030,A161003001,2007-07-04,1802.0,2026-05-31T20:30:42Z,16,Donnée validée,10,Expertisée,20,Bonne,7.384986107,48.102530621,HIXnJ
A1610030,A161003001,2007-07-05,2141.0,2026-05-31T20:30:42Z,16,Donnée validée,10,Expertisée,20,Bonne,7.384986107,48.102530621,HIXnJ
A1610030,A161003001,2007-07-06,2141.0,2026-05-31T20:30:42Z,16,Donnée validée,10,Expertisée,20,Bonne,7.384986107,48.102530621,HIXnJ
A1610030,A161003001,2007-07-07,2105.0,2026-05-31T20:30:42Z,16,Donnée validée,10,Expertisée,20,Bonne,7.384986107,48.102530621,HIXnJ
A1610030,A161003001,2007-07-08,1932.0,2026-05-31T20:30:42Z,16,Donnée validée,10,Expertisée,20,Bonne,7.384986107,48.102530621,HIXnJ
A1610030,A161003001,2007-07-09,1811.0,2026-05-31T20:30:42Z,16,Donnée validée,10,Expertisée,20,Bonne,7.384986107,48.102530621,HIXnJ
A1610030,A161003001,2007-07-10,1741.0,2026-05-31T20:30:42Z,16,Donnée validée,10,Expertisée,20,Bonne,7.384986107,48.102530621,HIXnJ
A1610030,A161003001,2007-07-11,1733.0,2026-05-31T20:30:42Z,16,Donnée validée,10,Expertisée,20,Bonne,7.384986107,48.102530621,HIXnJ
A1610030,A161003001,2007-07-12,1724.0,2026-05-31T20:30:42Z,16,Donnée validée,10,Expertisée,20,Bonne,7.384986107,48.102530621,HIXnJ
A1610030,A161003001,2007-07-13,1657.0,2026-05-31T20:30:42Z,16,Donnée validée,10,Expertisée,20,Bonne,7.384986107,48.102530621,HIXnJ
A1610030,A161003001,2007-07-14,1562.0,2026-05-31T20:30:42Z,16,Donnée validée,10,Expertisée,20,Bonne,7.384986107,48.102530621,HIXnJ
A1610030,A161003001,2007-07-15,1489.0,2026-05-31T20:30:42Z,16,Donnée validée,10,Expertisée,20,Bonne,7.384986107,48.102530621,HIXnJ
A1610030,A161003001,2007-07-16,1441.0,2026-05-31T20:30:42Z,16,Donnée validée,10,Expertisée,20,Bonne,7.384986107,48.102530621,HIXnJ
A1610030,A161003001,2007-07-17,1404.0,2026-05-31T20:30:42Z,16,Donnée validée,10,Expertisée,20,Bonne,7.384986107,48.102530621,HIXnJ
A1610030,A161003001,2007-07-18,1611.0,2026-05-31T20:30:42Z,16,Donnée validée,10,Expertisée,20,Bonne,7.384986107,48.102530621,HIXnJ
A1610030,A161003001,2007-07-19,1557.0,2026-05-31T20:30:42Z,16,Donnée validée,10,Expertisée,20,Bonne,7.384986107,48.102530621,HIXnJ
A1610030,A161003001,2007-07-20,1529.0,2026-05-31T20:30:42Z,16,Donnée validée,10,Expertisée,20,Bonne,7.384986107,48.102530621,HIXnJ
A1610030,A161003001,2007-07-21,1418.0,2026-05-31T20:30:42Z,16,Donnée validée,10,Expertisée,20,Bonne,7.384986107,48.102530621,HIXnJ
A1610030,A161003001,2007-07-22,1376.0,2026-05-31T20:30:42Z,16,Donnée validée,10,Expertisée,20,Bonne,7.384986107,48.102530621,HIXnJ
A1610030,A161003001,2007-07-23,1438.0,2026-05-31T20:30:42Z,16,Donnée validée,10,Expertisée,20,Bonne,7.384986107,48.102530621,HIXnJ
A1610030,A161003001,2007-07-24,1576.0,2026-05-31T20:30:42Z,16,Donnée validée,10,Expertisée,20,Bonne,7.384986107,48.102530621,HIXnJ
A1610030,A161003001,2007-07-25,1514.0,2026-05-31T20:30:42Z,16,Donnée validée,10,Expertisée,20,Bonne,7.384986107,48.102530621,HIXnJ
A1610030,A161003001,2007-07-26,1443.0,2026-05-31T20:30:42Z,16,Donnée validée,10,Expertisée,20,Bonne,7.384986107,48.102530621,HIXnJ
A1610030,A161003001,2007-07-27,1402.0,2026-05-31T20:30:42Z,16,Donnée validée,10,Expertisée,20,Bonne,7.384986107,48.102530621,HIXnJ
A1610030,A161003001,2007-07-28,1350.0,2026-05-31T20:30:42Z,16,Donnée validée,10,Expertisée,20,Bonne,7.384986107,48.102530621,HIXnJ
A1610030,A161003001,2007-07-29,1401.0,2026-05-31T20:30:42Z,16,Donnée validée,10,Expertisée,20,Bonne,7.384986107,48.102530621,HIXnJ
A1610030,A161003001,2007-07-30,1500.0,2026-05-31T20:30:42Z,16,Donnée validée,10,Expertisée,20,Bonne,7.384986107,48.102530621,HIXnJ
A1610030,A161003001,2007-07-31,1472.0,2026-05-31T20:30:42Z,16,Donnée validée,10,Expertisée,20,Bonne,7.384986107,48.102530621,HIXnJ
A1610030,A161003001,2007-08-01,1390.0,2026-05-31T20:30:42Z,16,Donnée validée,10,Expertisée,20,Bonne,7.384986107,48.102530621,HIXnJ
A1610030,A161003001,2007-08-02,1369.0,2026-05-31T20:30:42Z,16,Donnée validée,10,Expertisée,20,Bonne,7.384986107,48.102530621,HIXnJ
A1610030,A161003001,2007-08-03,1422.0,2026-05-31T20:30:42Z,16,Donnée validée,10,Expertisée,20,Bonne,7.384986107,48.102530621,HIXnJ
A1610030,A161003001,2007-08-04,1391.0,2026-05-31T20:30:42Z,16,Donnée validée,10,Expertisée,20,Bonne,7.384986107,48.102530621,HIXnJ
A1610030,A161003001,2007-08-05,1345.0,2026-05-31T20:30:42Z,16,Donnée validée,10,Expertisée,20,Bonne,7.384986107,48.102530621,HIXnJ
A1610030,A161003001,2007-08-06,1338.0,2026-05-31T20:30:42Z,16,Donnée validée,10,Expertisée,20,Bonne,7.384986107,48.102530621,HIXnJ
A1610030,A161003001,2007-08-07,1854.0,2026-05-31T20:30:42Z,16,Donnée validée,10,Expertisée,20,Bonne,7.384986107,48.102530621,HIXnJ
A1610030,A161003001,2007-08-08,2462.0,2026-05-31T20:30:42Z,16,Donnée validée,10,Expertisée,20,Bonne,7.384986107,48.102530621,HIXnJ
A1610030,A161003001,2007-08-09,3357.0,2026-05-31T20:30:42Z,16,Donnée validée,10,Expertisée,20,Bonne,7.384986107,48.102530621,HIXnJ
A1610030,A161003001,2007-08-10,3780.0,2026-05-31T20:30:42Z,16,Donnée validée,10,Expertisée,20,Bonne,7.384986107,48.102530621,HIXnJ
A1610030,A161003001,2007-08-11,2872.0,2026-05-31T20:30:42Z,16,Donnée validée,10,Expertisée,20,Bonne,7.384986107,48.102530621,HIXnJ
A1610030,A161003001,2007-08-12,2042.0,2026-05-31T20:30:42Z,16,Donnée validée,10,Expertisée,20,Bonne,7.384986107,48.102530621,HIXnJ
A1610030,A161003001,2007-08-13,1829.0,2026-05-31T20:30:42Z,16,Donnée validée,10,Expertisée,20,Bonne,7.384986107,48.102530621,HIXnJ
A1610030,A161003001,2007-08-14,1679.0,2026-05-31T20:30:42Z,16,Donnée validée,10,Expertisée,20,Bonne,7.384986107,48.102530621,HIXnJ
A1610030,A161003001,2007-08-15,1568.0,2026-05-31T20:30:42Z,16,Donnée validée,10,Expertisée,20,Bonne,7.384986107,48.102530621,HIXnJ
A1610030,A161003001,2007-08-16,1477.0,2026-05-31T20:30:42Z,16,Donnée validée,10,Expertisée,20,Bonne,7.384986107,48.102530621,HIXnJ
A1610030,A161003001,2007-08-17,1462.0,2026-05-31T20:30:42Z,16,Donnée validée,10,Expertisée,20,Bonne,7.384986107,48.102530621,HIXnJ
A1610030,A161003001,2007-08-18,1393.0,2026-05-31T20:30:42Z,16,Donnée validée,10,Expertisée,20,Bonne,7.384986107,48.102530621,HIXnJ
A1610030,A161003001,2007-08-19,1365.0,2026-05-31T20:30:42Z,16,Donnée validée,10,Expertisée,20,Bonne,7.384986107,48.102530621,HIXnJ
A1610030,A161003001,2007-08-20,1336.0,2026-05-31T20:30:42Z,16,Donnée validée,10,Expertisée,20,Bonne,7.384986107,48.102530621,HIXnJ
A1610030,A161003001,2007-08-21,1493.0,2026-05-31T20:30:42Z,16,Donnée validée,10,Expertisée,20,Bonne,7.384986107,48.102530621,HIXnJ
A1610030,A161003001,2007-08-22,1480.0,2026-05-31T20:30:42Z,16,Donnée validée,10,Expertisée,20,Bonne,7.384986107,48.102530621,HIXnJ
A1610030,A161003001,2007-08-23,1358.0,2026-05-31T20:30:42Z,16,Donnée validée,10,Expertisée,20,Bonne,7.384986107,48.102530621,HIXnJ
A1610030,A161003001,2007-08-24,1320.0,2026-05-31T20:30:42Z,16,Donnée validée,10,Expertisée,20,Bonne,7.384986107,48.102530621,HIXnJ
A1610030,A161003001,2007-08-25,1304.0,2026-05-31T20:30:42Z,16,Donnée validée,10,Expertisée,20,Bonne,7.384986107,48.102530621,HIXnJ
A1610030,A161003001,2007-08-26,1274.0,2026-05-31T20:30:42Z,16,Donnée validée,10,Expertisée,20,Bonne,7.384986107,48.102530621,HIXnJ
A1610030,A161003001,2007-08-27,1258.0,2026-05-31T20:30:42Z,16,Donnée validée,10,Expertisée,20,Bonne,7.384986107,48.102530621,HIXnJ
A1610030,A161003001,2007-08-28,1272.0,2026-05-31T20:30:42Z,16,Donnée validée,10,Expertisée,20,Bonne,7.384986107,48.102530621,HIXnJ
A1610030,A161003001,2007-08-29,1311.0,2026-05-31T20:30:42Z,16,Donnée validée,10,Expertisée,20,Bonne,7.384986107,48.102530621,HIXnJ
A1610030,A161003001,2007-08-30,1374.0,2026-05-31T20:30:42Z,16,Donnée validée,10,Expertisée,20,Bonne,7.384986107,48.102530621,HIXnJ
A1610030,A161003001,2007-08-31,1370.0,2026-05-31T20:30:42Z,16,Donnée validée,10,Expertisée,20,Bonne,7.384986107,48.102530621,HIXnJ
A1610030,A161003001,2007-09-01,1299.0,2026-05-31T20:30:42Z,16,Donnée validée,10,Expertisée,20,Bonne,7.384986107,48.102530621,HIXnJ
A1610030,A161003001,2007-09-02,1269.0,2026-05-31T20:30:42Z,16,Donnée validée,10,Expertisée,20,Bonne,7.384986107,48.102530621,HIXnJ
A1610030,A161003001,2007-09-03,1259.0,2026-05-31T20:30:42Z,16,Donnée validée,10,Expertisée,20,Bonne,7.384986107,48.102530621,HIXnJ
A1610030,A161003001,2007-09-04,1272.0,2026-05-31T20:30:42Z,16,Donnée validée,10,Expertisée,20,Bonne,7.384986107,48.102530621,HIXnJ
A1610030,A161003001,2007-09-05,1257.0,2026-05-31T20:30:42Z,16,Donnée validée,10,Expertisée,20,Bonne,7.384986107,48.102530621,HIXnJ
A1610030,A161003001,2007-09-06,1249.0,2026-05-31T20:30:42Z,16,Donnée validée,10,Expertisée,20,Bonne,7.384986107,48.102530621,HIXnJ
A1610030,A161003001,2007-09-07,1245.0,2026-05-31T20:30:42Z,16,Donnée validée,10,Expertisée,20,Bonne,7.384986107,48.102530621,HIXnJ
A1610030,A161003001,2007-09-08,1239.0,2026-05-31T20:30:42Z,16,Donnée validée,10,Expertisée,20,Bonne,7.384986107,48.102530621,HIXnJ
A1610030,A161003001,2007-09-09,1233.0,2026-05-31T20:30:42Z,16,Donnée validée,10,Expertisée,20,Bonne,7.384986107,48.102530621,HIXnJ
A1610030,A161003001,2007-09-10,1226.0,2026-05-31T20:30:42Z,16,Donnée validée,10,Expertisée,20,Bonne,7.384986107,48.102530621,HIXnJ
A1610030,A161003001,2007-09-11,1222.0,2026-05-31T20:30:42Z,16,Donnée validée,10,Expertisée,20,Bonne,7.384986107,48.102530621,HIXnJ
A1610030,A161003001,2007-09-12,1213.0,2026-05-31T20:30:42Z,16,Donnée validée,10,Expertisée,20,Bonne,7.384986107,48.102530621,HIXnJ
A1610030,A161003001,2007-09-13,1206.0,2026-05-31T20:30:42Z,16,Donnée validée,10,Expertisée,20,Bonne,7.384986107,48.102530621,HIXnJ
A1610030,A161003001,2007-09-14,1208.0,2026-05-31T20:30:42Z,16,Donnée validée,10,Expertisée,20,Bonne,7.384986107,48.102530621,HIXnJ
A1610030,A161003001,2007-09-15,1209.0,2026-05-31T20:30:42Z,16,Donnée validée,10,Expertisée,20,Bonne,7.384986107,48.102530621,HIXnJ
A1610030,A161003001,2007-09-16,1205.0,2026-05-31T20:30:42Z,16,Donnée validée,10,Expertisée,20,Bonne,7.384986107,48.102530621,HIXnJ
A1610030,A161003001,2007-09-17,1304.0,2026-05-31T20:30:42Z,16,Donnée validée,10,Expertisée,20,Bonne,7.384986107,48.102530621,HIXnJ
A1610030,A161003001,2007-09-18,1364.0,2026-05-31T20:30:42Z,16,Donnée validée,10,Expertisée,20,Bonne,7.384986107,48.102530621,HIXnJ
A1610030,A161003001,2007-09-19,1333.0,2026-05-31T20:30:42Z,16,Donnée validée,10,Expertisée,20,Bonne,7.384986107,48.102530621,HIXnJ
A1610030,A161003001,2007-09-20,1248.0,2026-05-31T20:30:42Z,16,Donnée validée,10,Expertisée,20,Bonne,7.384986107,48.102530621,HIXnJ
A1610030,A161003001,2007-09-21,1234.0,2026-05-31T20:30:42Z,16,Donnée validée,10,Expertisée,20,Bonne,7.384986107,48.102530621,HIXnJ
A1610030,A161003001,2007-09-22,1229.0,2026-05-31T20:30:42Z,16,Donnée validée,10,Expertisée,20,Bonne,7.384986107,48.102530621,HIXnJ
A1610030,A161003001,2007-09-23,1212.0,2026-05-31T20:30:42Z,16,Donnée validée,10,Expertisée,20,Bonne,7.384986107,48.102530621,HIXnJ
A1610030,A161003001,2007-09-24,1205.0,2026-05-31T20:30:42Z,16,Donnée validée,10,Expertisée,20,Bonne,7.384986107,48.102530621,HIXnJ
A1610030,A161003001,2007-09-25,1200.0,2026-05-31T20:30:42Z,16,Donnée validée,10,Expertisée,20,Bonne,7.384986107,48.102530621,HIXnJ
A1610030,A161003001,2007-09-26,1197.0,2026-05-31T20:30:42Z,16,Donnée validée,10,Expertisée,20,Bonne,7.384986107,48.102530621,HIXnJ
A1610030,A161003001,2007-09-27,1301.0,2026-05-31T20:30:42Z,16,Donnée validée,10,Expertisée,20,Bonne,7.384986107,48.102530621,HIXnJ
A1610030,A161003001,2007-09-28,1298.0,2026-05-31T20:30:42Z,16,Donnée validée,10,Expertisée,20,Bonne,7.384986107,48.102530621,HIXnJ
A1610030,A161003001,2007-09-29,1292.0,2026-05-31T20:30:42Z,16,Donnée validée,10,Expertisée,20,Bonne,7.384986107,48.102530621,HIXnJ
A1610030,A161003001,2007-09-30,1289.0,2026-05-31T20:30:42Z,16,Donnée validée,10,Expertisée,20,Bonne,7.384986107,48.102530621,HIXnJ
A1610030,A161003001,2007-10-01,1255.0,2026-05-31T20:30:42Z,16,Donnée validée,10,Expertisée,20,Bonne,7.384986107,48.102530621,HIXnJ
A1610030,A161003001,2007-10-02,1239.0,2026-05-31T20:30:42Z,16,Donnée validée,10,Expertisée,20,Bonne,7.384986107,48.102530621,HIXnJ
A1610030,A161003001,2007-10-03,1226.0,2026-05-31T20:30:42Z,16,Donnée validée,10,Expertisée,20,Bonne,7.384986107,48.102530621,HIXnJ
A1610030,A161003001,2007-10-04,1222.0,2026-05-31T20:30:42Z,16,Donnée validée,10,Expertisée,20,Bonne,7.384986107,48.102530621,HIXnJ
A1610030,A161003001,2007-10-05,1205.0,2026-05-31T20:30:42Z,16,Donnée validée,10,Expertisée,20,Bonne,7.384986107,48.102530621,HIXnJ
A1610030,A161003001,2007-10-06,1187.0,2026-05-31T20:30:42Z,16,Donnée validée,10,Expertisée,20,Bonne,7.384986107,48.102530621,HIXnJ
A1610030,A161003001,2007-10-07,1180.0,2026-05-31T20:30:42Z,16,Donnée validée,10,Expertisée,20,Bonne,7.384986107,48.102530621,HIXnJ
A1610030,A161003001,2007-10-08,1186.0,2026-05-31T20:30:42Z,16,Donnée validée,10,Expertisée,20,Bonne,7.384986107,48.102530621,HIXnJ
A1610030,A161003001,2007-10-09,1183.0,2026-05-31T20:30:42Z,16,Donnée validée,10,Expertisée,20,Bonne,7.384986107,48.102530621,HIXnJ
A1610030,A161003001,2007-10-10,1180.0,2026-05-31T20:30:42Z,16,Donnée validée,10,Expertisée,20,Bonne,7.384986107,48.102530621,HIXnJ
A1610030,A161003001,2007-10-11,1163.0,2026-05-31T20:30:42Z,16,Donnée validée,10,Expertisée,20,Bonne,7.384986107,48.102530621,HIXnJ
A1610030,A161003001,2007-10-12,1166.0,2026-05-31T20:30:42Z,16,Donnée validée,10,Expertisée,20,Bonne,7.384986107,48.102530621,HIXnJ
A1610030,A161003001,2007-10-13,1160.0,2026-05-31T20:30:42Z,16,Donnée validée,10,Expertisée,20,Bonne,7.384986107,48.102530621,HIXnJ
A1610030,A161003001,2007-10-14,1168.0,2026-05-31T20:30:42Z,16,Donnée validée,10,Expertisée,20,Bonne,7.384986107,48.102530621,HIXnJ
A1610030,A161003001,2007-10-15,1164.0,2026-05-31T20:30:42Z,16,Donnée validée,10,Expertisée,20,Bonne,7.384986107,48.102530621,HIXnJ
A1610030,A161003001,2007-10-16,1165.0,2026-05-31T20:30:42Z,16,Donnée validée,10,Expertisée,20,Bonne,7.384986107,48.102530621,HIXnJ
A1610030,A161003001,2007-10-17,1162.0,2026-05-31T20:30:42Z,16,Donnée validée,10,Expertisée,20,Bonne,7.384986107,48.102530621,HIXnJ
A1610030,A161003001,2007-10-18,1166.0,2026-05-31T20:30:42Z,16,Donnée validée,10,Expertisée,20,Bonne,7.384986107,48.102530621,HIXnJ
A1610030,A161003001,2007-10-19,1166.0,2026-05-31T20:30:42Z,16,Donnée validée,10,Expertisée,20,Bonne,7.384986107,48.102530621,HIXnJ
A1610030,A161003001,2007-10-20,1163.0,2026-05-31T20:30:42Z,16,Donnée validée,10,Expertisée,20,Bonne,7.384986107,48.102530621,HIXnJ
A1610030,A161003001,2007-10-21,1157.0,2026-05-31T20:30:42Z,16,Donnée validée,10,Expertisée,20,Bonne,7.384986107,48.102530621,HIXnJ
A1610030,A161003001,2007-10-22,1160.0,2026-05-31T20:30:42Z,16,Donnée validée,10,Expertisée,20,Bonne,7.384986107,48.102530621,HIXnJ
A1610030,A161003001,2007-10-23,1159.0,2026-05-31T20:30:42Z,16,Donnée validée,10,Expertisée,20,Bonne,7.384986107,48.102530621,HIXnJ
A1610030,A161003001,2007-10-24,1154.0,2026-05-31T20:30:42Z,16,Donnée validée,10,Expertisée,20,Bonne,7.384986107,48.102530621,HIXnJ
A1610030,A161003001,2007-10-25,1149.0,2026-05-31T20:30:42Z,16,Donnée validée,10,Expertisée,20,Bonne,7.384986107,48.102530621,HIXnJ
A1610030,A161003001,2007-10-26,1146.0,2026-05-31T20:30:42Z,16,Donnée validée,10,Expertisée,20,Bonne,7.384986107,48.102530621,HIXnJ
A1610030,A161003001,2007-10-27,1147.0,2026-05-31T20:30:42Z,16,Donnée validée,10,Expertisée,20,Bonne,7.384986107,48.102530621,HIXnJ
A1610030,A161003001,2007-10-28,1147.0,2026-05-31T20:30:42Z,16,Donnée validée,10,Expertisée,20,Bonne,7.384986107,48.102530621,HIXnJ
A1610030,A161003001,2007-10-29,1154.0,2026-05-31T20:30:42Z,16,Donnée validée,10,Expertisée,20,Bonne,7.384986107,48.102530621,HIXnJ
A1610030,A161003001,2007-10-30,1164.0,2026-05-31T20:30:42Z,16,Donnée validée,10,Expertisée,20,Bonne,7.384986107,48.102530621,HIXnJ
A1610030,A161003001,2007-10-31,1137.0,2026-05-31T20:30:42Z,16,Donnée validée,10,Expertisée,20,Bonne,7.384986107,48.102530621,HIXnJ
A1610030,A161003001,2007-11-01,1132.0,2026-05-31T20:30:42Z,16,Donnée validée,10,Expertisée,20,Bonne,7.384986107,48.102530621,HIXnJ
A1610030,A161003001,2007-11-02,1135.0,2026-05-31T20:30:42Z,16,Donnée validée,10,Expertisée,20,Bonne,7.384986107,48.102530621,HIXnJ
A1610030,A161003001,2007-11-03,1133.0,2026-05-31T20:30:42Z,16,Donnée validée,10,Expertisée,20,Bonne,7.384986107,48.102530621,HIXnJ
A1610030,A161003001,2007-11-04,1132.0,2026-05-31T20:30:42Z,16,Donnée validée,10,Expertisée,20,Bonne,7.384986107,48.102530621,HIXnJ
A1610030,A161003001,2007-11-05,1138.0,2026-05-31T20:30:42Z,16,Donnée validée,10,Expertisée,20,Bonne,7.384986107,48.102530621,HIXnJ
A1610030,A161003001,2007-11-06,1134.0,2026-05-31T20:30:42Z,16,Donnée validée,10,Expertisée,20,Bonne,7.384986107,48.102530621,HIXnJ
A1610030,A161003001,2007-11-07,1134.0,2026-05-31T20:30:42Z,16,Donnée validée,10,Expertisée,20,Bonne,7.384986107,48.102530621,HIXnJ
A1610030,A161003001,2007-11-08,1131.0,2026-05-31T20:30:42Z,16,Donnée validée,10,Expertisée,20,Bonne,7.384986107,48.102530621,HIXnJ
A1610030,A161003001,2007-11-09,1179.0,2026-05-31T20:30:42Z,16,Donnée validée,10,Expertisée,20,Bonne,7.384986107,48.102530621,HIXnJ
A1610030,A161003001,2007-11-10,1183.0,2026-05-31T20:30:42Z,16,Donnée validée,10,Expertisée,20,Bonne,7.384986107,48.102530621,HIXnJ
A1610030,A161003001,2007-11-11,1396.0,2026-05-31T20:30:42Z,16,Donnée validée,10,Expertisée,20,Bonne,7.384986107,48.102530621,HIXnJ
A1610030,A161003001,2007-11-12,1605.0,2026-05-31T20:30:42Z,16,Donnée validée,10,Expertisée,20,Bonne,7.384986107,48.102530621,HIXnJ
A1610030,A161003001,2007-11-13,1563.0,2026-05-31T20:30:42Z,16,Donnée validée,10,Expertisée,20,Bonne,7.384986107,48.102530621,HIXnJ
A1610030,A161003001,2007-11-14,1402.0,2026-05-31T20:30:42Z,16,Donnée validée,10,Expertisée,20,Bonne,7.384986107,48.102530621,HIXnJ
A1610030,A161003001,2007-11-15,1406.0,2026-05-31T20:30:42Z,16,Donnée validée,10,Expertisée,20,Bonne,7.384986107,48.102530621,HIXnJ
A1610030,A161003001,2007-11-16,1342.0,2026-05-31T20:30:42Z,16,Donnée validée,10,Expertisée,20,Bonne,7.384986107,48.102530621,HIXnJ
A1610030,A161003001,2007-11-17,1312.0,2026-05-31T20:30:42Z,16,Donnée validée,10,Expertisée,20,Bonne,7.384986107,48.102530621,HIXnJ
A1610030,A161003001,2007-11-18,1283.0,2026-05-31T20:30:42Z,16,Donnée validée,10,Expertisée,20,Bonne,7.384986107,48.102530621,HIXnJ
A1610030,A161003001,2007-11-19,1264.0,2026-05-31T20:30:42Z,16,Donnée validée,10,Expertisée,20,Bonne,7.384986107,48.102530621,HIXnJ
A1610030,A161003001,2007-11-20,1260.0,2026-05-31T20:30:42Z,16,Donnée validée,10,Expertisée,20,Bonne,7.384986107,48.102530621,HIXnJ
A1610030,A161003001,2007-11-21,1308.0,2026-05-31T20:30:42Z,16,Donnée validée,10,Expertisée,20,Bonne,7.384986107,48.102530621,HIXnJ
A1610030,A161003001,2007-11-22,1576.0,2026-05-31T20:30:42Z,16,Donnée validée,10,Expertisée,20,Bonne,7.384986107,48.102530621,HIXnJ
A1610030,A161003001,2007-11-23,2073.0,2026-05-31T20:30:42Z,16,Donnée validée,10,Expertisée,20,Bonne,7.384986107,48.102530621,HIXnJ
A1610030,A161003001,2007-11-24,2100.0,2026-05-31T20:30:42Z,16,Donnée validée,10,Expertisée,20,Bonne,7.384986107,48.102530621,HIXnJ
A1610030,A161003001,2007-11-25,1825.0,2026-05-31T20:30:42Z,16,Donnée validée,10,Expertisée,20,Bonne,7.384986107,48.102530621,HIXnJ
A1610030,A161003001,2007-11-26,1623.0,2026-05-31T20:30:42Z,16,Donnée validée,10,Expertisée,20,Bonne,7.384986107,48.102530621,HIXnJ
A1610030,A161003001,2007-11-27,1525.0,2026-05-31T20:30:42Z,16,Donnée validée,10,Expertisée,20,Bonne,7.384986107,48.102530621,HIXnJ
A1610030,A161003001,2007-11-28,1444.0,2026-05-31T20:30:42Z,16,Donnée validée,10,Expertisée,20,Bonne,7.384986107,48.102530621,HIXnJ
A1610030,A161003001,2007-11-29,1408.0,2026-05-31T20:30:42Z,16,Donnée validée,10,Expertisée,20,Bonne,7.384986107,48.102530621,HIXnJ
A1610030,A161003001,2007-11-30,1379.0,2026-05-31T20:30:42Z,16,Donnée validée,10,Expertisée,20,Bonne,7.384986107,48.102530621,HIXnJ
A1610030,A161003001,2007-12-01,1360.0,2026-05-31T20:30:42Z,16,Donnée validée,10,Expertisée,20,Bonne,7.384986107,48.102530621,HIXnJ
A1610030,A161003001,2007-12-02,1504.0,2026-05-31T20:30:42Z,16,Donnée validée,10,Expertisée,20,Bonne,7.384986107,48.102530621,HIXnJ
A1610030,A161003001,2007-12-03,3195.0,2026-05-31T20:30:42Z,16,Donnée validée,10,Expertisée,20,Bonne,7.384986107,48.102530621,HIXnJ
A1610030,A161003001,2007-12-04,3179.0,2026-05-31T20:30:42Z,16,Donnée validée,10,Expertisée,20,Bonne,7.384986107,48.102530621,HIXnJ
A1610030,A161003001,2007-12-05,2618.0,2026-05-31T20:30:42Z,16,Donnée validée,10,Expertisée,20,Bonne,7.384986107,48.102530621,HIXnJ
A1610030,A161003001,2007-12-06,2119.0,2026-05-31T20:30:42Z,16,Donnée validée,10,Expertisée,20,Bonne,7.384986107,48.102530621,HIXnJ
A1610030,A161003001,2007-12-07,2774.0,2026-05-31T20:30:42Z,16,Donnée validée,10,Expertisée,20,Bonne,7.384986107,48.102530621,HIXnJ
A1610030,A161003001,2007-12-08,2828.0,2026-05-31T20:30:42Z,16,Donnée validée,10,Expertisée,20,Bonne,7.384986107,48.102530621,HIXnJ
A1610030,A161003001,2007-12-09,2629.0,2026-05-31T20:30:42Z,16,Donnée validée,10,Expertisée,20,Bonne,7.384986107,48.102530621,HIXnJ
A1610030,A161003001,2007-12-10,3104.0,2026-05-31T20:30:42Z,16,Donnée validée,10,Expertisée,20,Bonne,7.384986107,48.102530621,HIXnJ
A1610030,A161003001,2007-12-11,3198.0,2026-05-31T20:30:42Z,16,Donnée validée,10,Expertisée,20,Bonne,7.384986107,48.102530621,HIXnJ
A1610030,A161003001,2007-12-12,3006.0,2026-05-31T20:30:42Z,16,Donnée validée,10,Expertisée,20,Bonne,7.384986107,48.102530621,HIXnJ
A1610030,A161003001,2007-12-13,2485.0,2026-05-31T20:30:42Z,16,Donnée validée,10,Expertisée,20,Bonne,7.384986107,48.102530621,HIXnJ
A1610030,A161003001,2007-12-14,2095.0,2026-05-31T20:30:42Z,16,Donnée validée,10,Expertisée,20,Bonne,7.384986107,48.102530621,HIXnJ
A1610030,A161003001,2007-12-15,1879.0,2026-05-31T20:30:42Z,16,Donnée validée,10,Expertisée,20,Bonne,7.384986107,48.102530621,HIXnJ
A1610030,A161003001,2007-12-16,1717.0,2026-05-31T20:30:42Z,16,Donnée validée,10,Expertisée,20,Bonne,7.384986107,48.102530621,HIXnJ
A1610030,A161003001,2007-12-17,1628.0,2026-05-31T20:30:42Z,16,Donnée validée,10,Expertisée,20,Bonne,7.384986107,48.102530621,HIXnJ
A1610030,A161003001,2007-12-18,1570.0,2026-05-31T20:30:42Z,16,Donnée validée,10,Expertisée,20,Bonne,7.384986107,48.102530621,HIXnJ
A1610030,A161003001,2007-12-19,1517.0,2026-05-31T20:30:42Z,16,Donnée validée,10,Expertisée,20,Bonne,7.384986107,48.102530621,HIXnJ
A1610030,A161003001,2007-12-20,1475.0,2026-05-31T20:30:42Z,16,Donnée validée,10,Expertisée,20,Bonne,7.384986107,48.102530621,HIXnJ
A1610030,A161003001,2007-12-21,1444.0,2026-05-31T20:30:42Z,16,Donnée validée,10,Expertisée,20,Bonne,7.384986107,48.102530621,HIXnJ
A1610030,A161003001,2007-12-22,1426.0,2026-05-31T20:30:42Z,16,Donnée validée,10,Expertisée,20,Bonne,7.384986107,48.102530621,HIXnJ
A1610030,A161003001,2007-12-23,1397.0,2026-05-31T20:30:42Z,16,Donnée validée,10,Expertisée,20,Bonne,7.384986107,48.102530621,HIXnJ
A1610030,A161003001,2007-12-24,1380.0,2026-05-31T20:30:42Z,16,Donnée validée,10,Expertisée,20,Bonne,7.384986107,48.102530621,HIXnJ
A1610030,A161003001,2007-12-25,1358.0,2026-05-31T20:30:42Z,16,Donnée validée,10,Expertisée,20,Bonne,7.384986107,48.102530621,HIXnJ
A1610030,A161003001,2007-12-26,1349.0,2026-05-31T20:30:42Z,16,Donnée validée,10,Expertisée,20,Bonne,7.384986107,48.102530621,HIXnJ
A1610030,A161003001,2007-12-27,1338.0,2026-05-31T20:30:42Z,16,Donnée validée,10,Expertisée,20,Bonne,7.384986107,48.102530621,HIXnJ
A1610030,A161003001,2007-12-28,1321.0,2026-05-31T20:30:42Z,16,Donnée validée,10,Expertisée,20,Bonne,7.384986107,48.102530621,HIXnJ
A1610030,A161003001,2007-12-29,1319.0,2026-05-31T20:30:42Z,16,Donnée validée,10,Expertisée,20,Bonne,7.384986107,48.102530621,HIXnJ
A1610030,A161003001,2007-12-30,1357.0,2026-05-31T20:30:42Z,16,Donnée validée,10,Expertisée,20,Bonne,7.384986107,48.102530621,HIXnJ
A1610030,A161003001,2007-12-31,1354.0,2026-05-31T20:30:42Z,16,Donnée validée,10,Expertisée,20,Bonne,7.384986107,48.102530621,HIXnJ
A1610030,A161003001,2008-01-01,1317.0,2026-05-31T20:30:42Z,16,Donnée validée,10,Expertisée,20,Bonne,7.384986107,48.102530621,HIXnJ
A1610030,A161003001,2008-01-02,1308.0,2026-05-31T20:30:42Z,16,Donnée validée,10,Expertisée,20,Bonne,7.384986107,48.102530621,HIXnJ
A1610030,A161003001,2008-01-03,1295.0,2026-05-31T20:30:42Z,16,Donnée validée,10,Expertisée,20,Bonne,7.384986107,48.102530621,HIXnJ
A1610030,A161003001,2008-01-04,1285.0,2026-05-31T20:30:42Z,16,Donnée validée,10,Expertisée,20,Bonne,7.384986107,48.102530621,HIXnJ
A1610030,A161003001,2008-01-05,1386.0,2026-05-31T20:30:42Z,16,Donnée validée,10,Expertisée,20,Bonne,7.384986107,48.102530621,HIXnJ
A1610030,A161003001,2008-01-06,2362.0,2026-05-31T20:30:42Z,16,Donnée validée,10,Expertisée,20,Bonne,7.384986107,48.102530621,HIXnJ
A1610030,A161003001,2008-01-07,2666.0,2026-05-31T20:30:42Z,16,Donnée validée,10,Expertisée,20,Bonne,7.384986107,48.102530621,HIXnJ
A1610030,A161003001,2008-01-08,2669.0,2026-05-31T20:30:42Z,16,Donnée validée,10,Expertisée,20,Bonne,7.384986107,48.102530621,HIXnJ
A1610030,A161003001,2008-01-09,2210.0,2026-05-31T20:30:42Z,16,Donnée validée,10,Expertisée,20,Bonne,7.384986107,48.102530621,HIXnJ
A1610030,A161003001,2008-01-10,1988.0,2026-05-31T20:30:42Z,16,Donnée validée,10,Expertisée,20,Bonne,7.384986107,48.102530621,HIXnJ
A1610030,A161003001,2008-01-11,1919.0,2026-05-31T20:30:42Z,16,Donnée validée,10,Expertisée,20,Bonne,7.384986107,48.102530621,HIXnJ
A1610030,A161003001,2008-01-12,1818.0,2026-05-31T20:30:42Z,16,Donnée validée,10,Expertisée,20,Bonne,7.384986107,48.102530621,HIXnJ
A1610030,A161003001,2008-01-13,1768.0,2026-05-31T20:30:42Z,16,Donnée validée,10,Expertisée,20,Bonne,7.384986107,48.102530621,HIXnJ
A1610030,A161003001,2008-01-14,1710.0,2026-05-31T20:30:42Z,16,Donnée validée,10,Expertisée,20,Bonne,7.384986107,48.102530621,HIXnJ
A1610030,A161003001,2008-01-15,1722.0,2026-05-31T20:30:42Z,16,Donnée validée,10,Expertisée,20,Bonne,7.384986107,48.102530621,HIXnJ
A1610030,A161003001,2008-01-16,1827.0,2026-05-31T20:30:42Z,16,Donnée validée,10,Expertisée,20,Bonne,7.384986107,48.102530621,HIXnJ
A1610030,A161003001,2008-01-17,1825.0,2026-05-31T20:30:42Z,16,Donnée validée,10,Expertisée,20,Bonne,7.384986107,48.102530621,HIXnJ
A1610030,A161003001,2008-01-18,1896.0,2026-05-31T20:30:42Z,16,Donnée validée,10,Expertisée,20,Bonne,7.384986107,48.102530621,HIXnJ
A1610030,A161003001,2008-01-19,1900.0,2026-05-31T20:30:42Z,16,Donnée validée,10,Expertisée,20,Bonne,7.384986107,48.102530621,HIXnJ
A1610030,A161003001,2008-01-20,1850.0,2026-05-31T20:30:42Z,16,Donnée validée,10,Expertisée,20,Bonne,7.384986107,48.102530621,HIXnJ
A1610030,A161003001,2008-01-21,1751.0,2026-05-31T20:30:42Z,16,Donnée validée,10,Expertisée,20,Bonne,7.384986107,48.102530621,HIXnJ
A1610030,A161003001,2008-01-22,2165.0,2026-05-31T20:30:42Z,16,Donnée validée,10,Expertisée,20,Bonne,7.384986107,48.102530621,HIXnJ
A1610030,A161003001,2008-01-23,2164.0,2026-05-31T20:30:42Z,16,Donnée validée,10,Expertisée,20,Bonne,7.384986107,48.102530621,HIXnJ
A1610030,A161003001,2008-01-24,1929.0,2026-05-31T20:30:42Z,16,Donnée validée,10,Expertisée,20,Bonne,7.384986107,48.102530621,HIXnJ
A1610030,A161003001,2008-01-25,1806.0,2026-05-31T20:30:42Z,16,Donnée validée,10,Expertisée,20,Bonne,7.384986107,48.102530621,HIXnJ
A1610030,A161003001,2008-01-26,1699.0,2026-05-31T20:30:42Z,16,Donnée validée,10,Expertisée,20,Bonne,7.384986107,48.102530621,HIXnJ
A1610030,A161003001,2008-01-27,1622.0,2026-05-31T20:30:42Z,16,Donnée validée,10,Expertisée,20,Bonne,7.384986107,48.102530621,HIXnJ
A1610030,A161003001,2008-01-28,1558.0,2026-05-31T20:30:42Z,16,Donnée validée,10,Expertisée,20,Bonne,7.384986107,48.102530621,HIXnJ
A1610030,A161003001,2008-01-29,1510.0,2026-05-31T20:30:42Z,16,Donnée validée,10,Expertisée,20,Bonne,7.384986107,48.102530621,HIXnJ
A1610030,A161003001,2008-01-30,1477.0,2026-05-31T20:30:42Z,16,Donnée validée,10,Expertisée,20,Bonne,7.384986107,48.102530621,HIXnJ
A1610030,A161003001,2008-01-31,1455.0,2026-05-31T20:30:42Z,16,Donnée validée,10,Expertisée,20,Bonne,7.384986107,48.102530621,HIXnJ
A1610030,A161003001,2008-02-01,1518.0,2026-05-31T20:30:42Z,16,Donnée validée,10,Expertisée,20,Bonne,7.384986107,48.102530621,HIXnJ
A1610030,A161003001,2008-02-02,1585.0,2026-05-31T20:30:42Z,16,Donnée validée,10,Expertisée,20,Bonne,7.384986107,48.102530621,HIXnJ
A1610030,A161003001,2008-02-03,1574.0,2026-05-31T20:30:42Z,16,Donnée validée,10,Expertisée,20,Bonne,7.384986107,48.102530621,HIXnJ
A1610030,A161003001,2008-02-04,1501.0,2026-05-31T20:30:42Z,16,Donnée validée,10,Expertisée,20,Bonne,7.384986107,48.102530621,HIXnJ
A1610030,A161003001,2008-02-05,1529.0,2026-05-31T20:30:42Z,16,Donnée validée,10,Expertisée,20,Bonne,7.384986107,48.102530621,HIXnJ
A1610030,A161003001,2008-02-06,1857.0,2026-05-31T20:30:42Z,16,Donnée validée,10,Expertisée,20,Bonne,7.384986107,48.102530621,HIXnJ
A1610030,A161003001,2008-02-07,1866.0,2026-05-31T20:30:42Z,16,Donnée validée,10,Expertisée,20,Bonne,7.384986107,48.102530621,HIXnJ
A1610030,A161003001,2008-02-08,1767.0,2026-05-31T20:30:42Z,16,Donnée validée,10,Expertisée,20,Bonne,7.384986107,48.102530621,HIXnJ
A1610030,A161003001,2008-02-09,1663.0,2026-05-31T20:30:42Z,16,Donnée validée,10,Expertisée,20,Bonne,7.384986107,48.102530621,HIXnJ
A1610030,A161003001,2008-02-10,1586.0,2026-05-31T20:30:42Z,16,Donnée validée,10,Expertisée,20,Bonne,7.384986107,48.102530621,HIXnJ
A1610030,A161003001,2008-02-11,1526.0,2026-05-31T20:30:42Z,16,Donnée validée,10,Expertisée,20,Bonne,7.384986107,48.102530621,HIXnJ
A1610030,A161003001,2008-02-12,1491.0,2026-05-31T20:30:42Z,16,Donnée validée,10,Expertisée,20,Bonne,7.384986107,48.102530621,HIXnJ
A1610030,A161003001,2008-02-13,1440.0,2026-05-31T20:30:42Z,16,Donnée validée,10,Expertisée,20,Bonne,7.384986107,48.102530621,HIXnJ
A1610030,A161003001,2008-02-14,1407.0,2026-05-31T20:30:42Z,16,Donnée validée,10,Expertisée,20,Bonne,7.384986107,48.102530621,HIXnJ
A1610030,A161003001,2008-02-15,1389.0,2026-05-31T20:30:42Z,16,Donnée validée,10,Expertisée,20,Bonne,7.384986107,48.102530621,HIXnJ
A1610030,A161003001,2008-02-16,1365.0,2026-05-31T20:30:42Z,16,Donnée validée,10,Expertisée,20,Bonne,7.384986107,48.102530621,HIXnJ
A1610030,A161003001,2008-02-17,1333.0,2026-05-31T20:30:42Z,16,Donnée validée,10,Expertisée,20,Bonne,7.384986107,48.102530621,HIXnJ
A1610030,A161003001,2008-02-18,1324.0,2026-05-31T20:30:42Z,16,Donnée validée,10,Expertisée,20,Bonne,7.384986107,48.102530621,HIXnJ
A1610030,A161003001,2008-02-19,1315.0,2026-05-31T20:30:42Z,16,Donnée validée,10,Expertisée,20,Bonne,7.384986107,48.102530621,HIXnJ
A1610030,A161003001,2008-02-20,1305.0,2026-05-31T20:30:42Z,16,Donnée validée,10,Expertisée,20,Bonne,7.384986107,48.102530621,HIXnJ
A1610030,A161003001,2008-02-21,1305.0,2026-05-31T20:30:42Z,16,Donnée validée,10,Expertisée,20,Bonne,7.384986107,48.102530621,HIXnJ
A1610030,A161003001,2008-02-22,1298.0,2026-05-31T20:30:42Z,16,Donnée validée,10,Expertisée,20,Bonne,7.384986107,48.102530621,HIXnJ
A1610030,A161003001,2008-02-23,1282.0,2026-05-31T20:30:42Z,16,Donnée validée,10,Expertisée,20,Bonne,7.384986107,48.102530621,HIXnJ
A1610030,A161003001,2008-02-24,1272.0,2026-05-31T20:30:42Z,16,Donnée validée,10,Expertisée,20,Bonne,7.384986107,48.102530621,HIXnJ
A1610030,A161003001,2008-02-25,1264.0,2026-05-31T20:30:42Z,16,Donnée validée,10,Expertisée,20,Bonne,7.384986107,48.102530621,HIXnJ
A1610030,A161003001,2008-02-26,1255.0,2026-05-31T20:30:42Z,16,Donnée validée,10,Expertisée,20,Bonne,7.384986107,48.102530621,HIXnJ
A1610030,A161003001,2008-02-27,1290.0,2026-05-31T20:30:42Z,16,Donnée validée,10,Expertisée,20,Bonne,7.384986107,48.102530621,HIXnJ
A1610030,A161003001,2008-02-28,1306.0,2026-05-31T20:30:42Z,16,Donnée validée,10,Expertisée,20,Bonne,7.384986107,48.102530621,HIXnJ
A1610030,A161003001,2008-02-29,1265.0,2026-05-31T20:30:42Z,16,Donnée validée,10,Expertisée,20,Bonne,7.384986107,48.102530621,HIXnJ
A1610030,A161003001,2008-03-01,2041.0,2026-05-31T20:30:42Z,16,Donnée validée,10,Expertisée,20,Bonne,7.384986107,48.102530621,HIXnJ
A1610030,A161003001,2008-03-02,2040.0,2026-05-31T20:30:42Z,16,Donnée validée,10,Expertisée,20,Bonne,7.384986107,48.102530621,HIXnJ
A1610030,A161003001,2008-03-03,1742.0,2026-05-31T20:30:42Z,16,Donnée validée,10,Expertisée,20,Bonne,7.384986107,48.102530621,HIXnJ
A1610030,A161003001,2008-03-04,1753.0,2026-05-31T20:30:42Z,16,Donnée validée,10,Expertisée,20,Bonne,7.384986107,48.102530621,HIXnJ
A1610030,A161003001,2008-03-05,1768.0,2026-05-31T20:30:42Z,16,Donnée validée,10,Expertisée,20,Bonne,7.384986107,48.102530621,HIXnJ
A1610030,A161003001,2008-03-06,1671.0,2026-05-31T20:30:42Z,16,Donnée validée,10,Expertisée,20,Bonne,7.384986107,48.102530621,HIXnJ
A1610030,A161003001,2008-03-07,1569.0,2026-05-31T20:30:42Z,16,Donnée validée,10,Expertisée,20,Bonne,7.384986107,48.102530621,HIXnJ
A1610030,A161003001,2008-03-08,1515.0,2026-05-31T20:30:42Z,16,Donnée validée,10,Expertisée,20,Bonne,7.384986107,48.102530621,HIXnJ
A1610030,A161003001,2008-03-09,1479.0,2026-05-31T20:30:42Z,16,Donnée validée,10,Expertisée,20,Bonne,7.384986107,48.102530621,HIXnJ
A1610030,A161003001,2008-03-10,1442.0,2026-05-31T20:30:42Z,16,Donnée validée,10,Expertisée,20,Bonne,7.384986107,48.102530621,HIXnJ
A1610030,A161003001,2008-03-11,1506.0,2026-05-31T20:30:42Z,16,Donnée validée,10,Expertisée,20,Bonne,7.384986107,48.102530621,HIXnJ
A1610030,A161003001,2008-03-12,3020.0,2026-05-31T20:30:42Z,16,Donnée validée,10,Expertisée,20,Bonne,7.384986107,48.102530621,HIXnJ
A1610030,A161003001,2008-03-13,3091.0,2026-05-31T20:30:42Z,16,Donnée validée,10,Expertisée,20,Bonne,7.384986107,48.102530621,HIXnJ
A1610030,A161003001,2008-03-14,2577.0,2026-05-31T20:30:42Z,16,Donnée validée,10,Expertisée,20,Bonne,7.384986107,48.102530621,HIXnJ
A1610030,A161003001,2008-03-15,2172.0,2026-05-31T20:30:42Z,16,Donnée validée,10,Expertisée,20,Bonne,7.384986107,48.102530621,HIXnJ
A1610030,A161003001,2008-03-16,1893.0,2026-05-31T20:30:42Z,16,Donnée validée,10,Expertisée,20,Bonne,7.384986107,48.102530621,HIXnJ
A1610030,A161003001,2008-03-17,1961.0,2026-05-31T20:30:42Z,16,Donnée validée,10,Expertisée,20,Bonne,7.384986107,48.102530621,HIXnJ
A1610030,A161003001,2008-03-18,2049.0,2026-05-31T20:30:42Z,16,Donnée validée,10,Expertisée,20,Bonne,7.384986107,48.102530621,HIXnJ
A1610030,A161003001,2008-03-19,1928.0,2026-05-31T20:30:42Z,16,Donnée validée,10,Expertisée,20,Bonne,7.384986107,48.102530621,HIXnJ
A1610030,A161003001,2008-03-20,1813.0,2026-05-31T20:30:42Z,16,Donnée validée,10,Expertisée,20,Bonne,7.384986107,48.102530621,HIXnJ
A1610030,A161003001,2008-03-21,2471.0,2026-05-31T20:30:42Z,16,Donnée validée,10,Expertisée,20,Bonne,7.384986107,48.102530621,HIXnJ
A1610030,A161003001,2008-03-22,2693.0,2026-05-31T20:30:42Z,16,Donnée validée,10,Expertisée,20,Bonne,7.384986107,48.102530621,HIXnJ
A1610030,A161003001,2008-03-23,2324.0,2026-05-31T20:30:42Z,16,Donnée validée,10,Expertisée,20,Bonne,7.384986107,48.102530621,HIXnJ
A1610030,A161003001,2008-03-24,1943.0,2026-05-31T20:30:42Z,16,Donnée validée,10,Expertisée,20,Bonne,7.384986107,48.102530621,HIXnJ
A1610030,A161003001,2008-03-25,1804.0,2026-05-31T20:30:42Z,16,Donnée validée,10,Expertisée,20,Bonne,7.384986107,48.102530621,HIXnJ
A1610030,A161003001,2008-03-26,1805.0,2026-05-31T20:30:42Z,16,Donnée validée,10,Expertisée,20,Bonne,7.384986107,48.102530621,HIXnJ
A1610030,A161003001,2008-03-27,1912.0,2026-05-31T20:30:42Z,16,Donnée validée,10,Expertisée,20,Bonne,7.384986107,48.102530621,HIXnJ
A1610030,A161003001,2008-03-28,1822.0,2026-05-31T20:30:42Z,16,Donnée validée,10,Expertisée,20,Bonne,7.384986107,48.102530621,HIXnJ
A1610030,A161003001,2008-03-29,1728.0,2026-05-31T20:30:42Z,16,Donnée validée,10,Expertisée,20,Bonne,7.384986107,48.102530621,HIXnJ
A1610030,A161003001,2008-03-30,1753.0,2026-05-31T20:30:42Z,16,Donnée validée,10,Expertisée,20,Bonne,7.384986107,48.102530621,HIXnJ
A1610030,A161003001,2008-03-31,1827.0,2026-05-31T20:30:42Z,16,Donnée validée,10,Expertisée,20,Bonne,7.384986107,48.102530621,HIXnJ
A1610030,A161003001,2008-04-01,1789.0,2026-05-31T20:30:42Z,16,Donnée validée,10,Expertisée,20,Bonne,7.384986107,48.102530621,HIXnJ
A1610030,A161003001,2008-04-02,1703.0,2026-05-31T20:30:42Z,16,Donnée validée,10,Expertisée,20,Bonne,7.384986107,48.102530621,HIXnJ
A1610030,A161003001,2008-04-03,1657.0,2026-05-31T20:30:42Z,16,Donnée validée,10,Expertisée,20,Bonne,7.384986107,48.102530621,HIXnJ
A1610030,A161003001,2008-04-04,1601.0,2026-05-31T20:30:42Z,16,Donnée validée,10,Expertisée,20,Bonne,7.384986107,48.102530621,HIXnJ
A1610030,A161003001,2008-04-05,1545.0,2026-05-31T20:30:42Z,16,Donnée validée,10,Expertisée,20,Bonne,7.384986107,48.102530621,HIXnJ
A1610030,A161003001,2008-04-06,1542.0,2026-05-31T20:30:42Z,16,Donnée validée,10,Expertisée,20,Bonne,7.384986107,48.102530621,HIXnJ
A1610030,A161003001,2008-04-07,1501.0,2026-05-31T20:30:42Z,16,Donnée validée,10,Expertisée,20,Bonne,7.384986107,48.102530621,HIXnJ
A1610030,A161003001,2008-04-08,1471.0,2026-05-31T20:30:42Z,16,Donnée validée,10,Expertisée,20,Bonne,7.384986107,48.102530621,HIXnJ
A1610030,A161003001,2008-04-09,1776.0,2026-05-31T20:30:42Z,16,Donnée validée,10,Expertisée,20,Bonne,7.384986107,48.102530621,HIXnJ
A1610030,A161003001,2008-04-10,2528.0,2026-05-31T20:30:42Z,16,Donnée validée,10,Expertisée,20,Bonne,7.384986107,48.102530621,HIXnJ
A1610030,A161003001,2008-04-11,3202.0,2026-05-31T20:30:42Z,16,Donnée validée,10,Expertisée,20,Bonne,7.384986107,48.102530621,HIXnJ
A1610030,A161003001,2008-04-12,3235.0,2026-05-31T20:30:42Z,16,Donnée validée,10,Expertisée,20,Bonne,7.384986107,48.102530621,HIXnJ
A1610030,A161003001,2008-04-13,2737.0,2026-05-31T20:30:42Z,16,Donnée validée,10,Expertisée,20,Bonne,7.384986107,48.102530621,HIXnJ
A1610030,A161003001,2008-04-14,2248.0,2026-05-31T20:30:42Z,16,Donnée validée,10,Expertisée,20,Bonne,7.384986107,48.102530621,HIXnJ
A1610030,A161003001,2008-04-15,2021.0,2026-05-31T20:30:42Z,16,Donnée validée,10,Expertisée,20,Bonne,7.384986107,48.102530621,HIXnJ
A1610030,A161003001,2008-04-16,1911.0,2026-05-31T20:30:42Z,16,Donnée validée,10,Expertisée,20,Bonne,7.384986107,48.102530621,HIXnJ
A1610030,A161003001,2008-04-17,1824.0,2026-05-31T20:30:42Z,16,Donnée validée,10,Expertisée,20,Bonne,7.384986107,48.102530621,HIXnJ
A1610030,A161003001,2008-04-18,1735.0,2026-05-31T20:30:42Z,16,Donnée validée,10,Expertisée,20,Bonne,7.384986107,48.102530621,HIXnJ
A1610030,A161003001,2008-04-19,1683.0,2026-05-31T20:30:42Z,16,Donnée validée,10,Expertisée,20,Bonne,7.384986107,48.102530621,HIXnJ
A1610030,A161003001,2008-04-20,1679.0,2026-05-31T20:30:42Z,16,Donnée validée,10,Expertisée,20,Bonne,7.384986107,48.102530621,HIXnJ
A1610030,A161003001,2008-04-21,1640.0,2026-05-31T20:30:42Z,16,Donnée validée,10,Expertisée,20,Bonne,7.384986107,48.102530621,HIXnJ
A1610030,A161003001,2008-04-22,2270.0,2026-05-31T20:30:42Z,16,Donnée validée,10,Expertisée,20,Bonne,7.384986107,48.102530621,HIXnJ
A1610030,A161003001,2008-04-23,2487.0,2026-05-31T20:30:42Z,16,Donnée validée,10,Expertisée,20,Bonne,7.384986107,48.102530621,HIXnJ
A1610030,A161003001,2008-04-24,2421.0,2026-05-31T20:30:42Z,16,Donnée validée,10,Expertisée,20,Bonne,7.384986107,48.102530621,HIXnJ
A1610030,A161003001,2008-04-25,2073.0,2026-05-31T20:30:42Z,16,Donnée validée,10,Expertisée,20,Bonne,7.384986107,48.102530621,HIXnJ
A1610030,A161003001,2008-04-26,1859.0,2026-05-31T20:30:42Z,16,Donnée validée,10,Expertisée,20,Bonne,7.384986107,48.102530621,HIXnJ
A1610030,A161003001,2008-04-27,1732.0,2026-05-31T20:30:42Z,16,Donnée validée,10,Expertisée,20,Bonne,7.384986107,48.102530621,HIXnJ
A1610030,A161003001,2008-04-28,1648.0,2026-05-31T20:30:42Z,16,Donnée validée,10,Expertisée,20,Bonne,7.384986107,48.102530621,HIXnJ
A1610030,A161003001,2008-04-29,1613.0,2026-05-31T20:30:42Z,16,Donnée validée,10,Expertisée,20,Bonne,7.384986107,48.102530621,HIXnJ
A1610030,A161003001,2008-04-30,1567.0,2026-05-31T20:30:42Z,16,Donnée validée,10,Expertisée,20,Bonne,7.384986107,48.102530621,HIXnJ
A1610030,A161003001,2008-05-01,1518.0,2026-05-31T20:30:42Z,16,Donnée validée,10,Expertisée,20,Bonne,7.384986107,48.102530621,HIXnJ
A1610030,A161003001,2008-05-02,1464.0,2026-05-31T20:30:42Z,16,Donnée validée,10,Expertisée,20,Bonne,7.384986107,48.102530621,HIXnJ
A1610030,A161003001,2008-05-03,1448.0,2026-05-31T20:30:42Z,16,Donnée validée,10,Expertisée,20,Bonne,7.384986107,48.102530621,HIXnJ
A1610030,A161003001,2008-05-04,1406.0,2026-05-31T20:30:42Z,16,Donnée validée,10,Expertisée,20,Bonne,7.384986107,48.102530621,HIXnJ
A1610030,A161003001,2008-05-05,1378.0,2026-05-31T20:30:42Z,16,Donnée validée,10,Expertisée,20,Bonne,7.384986107,48.102530621,HIXnJ
A1610030,A161003001,2008-05-06,1352.0,2026-05-31T20:30:42Z,16,Donnée validée,10,Expertisée,20,Bonne,7.384986107,48.102530621,HIXnJ
A1610030,A161003001,2008-05-07,1319.0,2026-05-31T20:30:42Z,16,Donnée validée,10,Expertisée,20,Bonne,7.384986107,48.102530621,HIXnJ
A1610030,A161003001,2008-05-08,1300.0,2026-05-31T20:30:42Z,16,Donnée validée,10,Expertisée,20,Bonne,7.384986107,48.102530621,HIXnJ
A1610030,A161003001,2008-05-09,1288.0,2026-05-31T20:30:42Z,16,Donnée validée,10,Expertisée,20,Bonne,7.384986107,48.102530621,HIXnJ
A1610030,A161003001,2008-05-10,1277.0,2026-05-31T20:30:42Z,16,Donnée validée,10,Expertisée,20,Bonne,7.384986107,48.102530621,HIXnJ
A1610030,A161003001,2008-05-11,1262.0,2026-05-31T20:30:42Z,16,Donnée validée,10,Expertisée,20,Bonne,7.384986107,48.102530621,HIXnJ
A1610030,A161003001,2008-05-12,1271.0,2026-05-31T20:30:42Z,16,Donnée validée,10,Expertisée,20,Bonne,7.384986107,48.102530621,HIXnJ
A1610030,A161003001,2008-05-13,1248.0,2026-05-31T20:30:42Z,16,Donnée validée,10,Expertisée,20,Bonne,7.384986107,48.102530621,HIXnJ
A1610030,A161003001,2008-05-14,1235.0,2026-05-31T20:30:42Z,16,Donnée validée,10,Expertisée,20,Bonne,7.384986107,48.102530621,HIXnJ
A1610030,A161003001,2008-05-15,1248.0,2026-05-31T20:30:42Z,16,Donnée validée,10,Expertisée,20,Bonne,7.384986107,48.102530621,HIXnJ
A1610030,A161003001,2008-05-16,1278.0,2026-05-31T20:30:42Z,16,Donnée validée,10,Expertisée,20,Bonne,7.384986107,48.102530621,HIXnJ
A1610030,A161003001,2008-05-17,1278.0,2026-05-31T20:30:42Z,16,Donnée validée,10,Expertisée,20,Bonne,7.384986107,48.102530621,HIXnJ
A1610030,A161003001,2008-05-18,1288.0,2026-05-31T20:30:42Z,16,Donnée validée,10,Expertisée,20,Bonne,7.384986107,48.102530621,HIXnJ
A1610030,A161003001,2008-05-19,1318.0,2026-05-31T20:30:42Z,16,Donnée validée,10,Expertisée,20,Bonne,7.384986107,48.102530621,HIXnJ
A1610030,A161003001,2008-05-20,1281.0,2026-05-31T20:30:42Z,16,Donnée validée,10,Expertisée,20,Bonne,7.384986107,48.102530621,HIXnJ
A1610030,A161003001,2008-05-21,1253.0,2026-05-31T20:30:42Z,16,Donnée validée,10,Expertisée,20,Bonne,7.384986107,48.102530621,HIXnJ
A1610030,A161003001,2008-05-22,1244.0,2026-05-31T20:30:42Z,16,Donnée validée,10,Expertisée,20,Bonne,7.384986107,48.102530621,HIXnJ
A1610030,A161003001,2008-05-23,1239.0,2026-05-31T20:30:42Z,16,Donnée validée,10,Expertisée,20,Bonne,7.384986107,48.102530621,HIXnJ
A1610030,A161003001,2008-05-24,1236.0,2026-05-31T20:30:42Z,16,Donnée validée,10,Expertisée,20,Bonne,7.384986107,48.102530621,HIXnJ
A1610030,A161003001,2008-05-25,1317.0,2026-05-31T20:30:42Z,16,Donnée validée,10,Expertisée,20,Bonne,7.384986107,48.102530621,HIXnJ
A1610030,A161003001,2008-05-26,1303.0,2026-05-31T20:30:42Z,16,Donnée validée,10,Expertisée,20,Bonne,7.384986107,48.102530621,HIXnJ
A1610030,A161003001,2008-05-27,1314.0,2026-05-31T20:30:42Z,16,Donnée validée,10,Expertisée,20,Bonne,7.384986107,48.102530621,HIXnJ
A1610030,A161003001,2008-05-28,1238.0,2026-05-31T20:30:42Z,16,Donnée validée,10,Expertisée,20,Bonne,7.384986107,48.102530621,HIXnJ
A1610030,A161003001,2008-05-29,1381.0,2026-05-31T20:30:42Z,16,Donnée validée,10,Expertisée,20,Bonne,7.384986107,48.102530621,HIXnJ
A1610030,A161003001,2008-05-30,1468.0,2026-05-31T20:30:42Z,16,Donnée validée,10,Expertisée,20,Bonne,7.384986107,48.102530621,HIXnJ
A1610030,A161003001,2008-05-31,2057.0,2026-05-31T20:30:42Z,16,Donnée validée,10,Expertisée,20,Bonne,7.384986107,48.102530621,HIXnJ
A1610030,A161003001,2008-06-01,1610.0,2026-05-31T20:30:42Z,16,Donnée validée,10,Expertisée,20,Bonne,7.384986107,48.102530621,HIXnJ
A1610030,A161003001,2008-06-02,1380.0,2026-05-31T20:30:42Z,16,Donnée validée,10,Expertisée,20,Bonne,7.384986107,48.102530621,HIXnJ
A1610030,A161003001,2008-06-03,1317.0,2026-05-31T20:30:42Z,16,Donnée validée,10,Expertisée,20,Bonne,7.384986107,48.102530621,HIXnJ
A1610030,A161003001,2008-06-04,1318.0,2026-05-31T20:30:42Z,16,Donnée validée,10,Expertisée,20,Bonne,7.384986107,48.102530621,HIXnJ
A1610030,A161003001,2008-06-05,1300.0,2026-05-31T20:30:42Z,16,Donnée validée,10,Expertisée,20,Bonne,7.384986107,48.102530621,HIXnJ
A1610030,A161003001,2008-06-06,1303.0,2026-05-31T20:30:42Z,16,Donnée validée,10,Expertisée,20,Bonne,7.384986107,48.102530621,HIXnJ
A1610030,A161003001,2008-06-07,1303.0,2026-05-31T20:30:42Z,16,Donnée validée,10,Expertisée,20,Bonne,7.384986107,48.102530621,HIXnJ
A1610030,A161003001,2008-06-08,1290.0,2026-05-31T20:30:42Z,16,Donnée validée,10,Expertisée,20,Bonne,7.384986107,48.102530621,HIXnJ
A1610030,A161003001,2008-06-09,1486.0,2026-05-31T20:30:42Z,16,Donnée validée,10,Expertisée,20,Bonne,7.384986107,48.102530621,HIXnJ
A1610030,A161003001,2008-06-10,1406.0,2026-05-31T20:30:42Z,16,Donnée validée,10,Expertisée,20,Bonne,7.384986107,48.102530621,HIXnJ
A1610030,A161003001,2008-06-11,1622.0,2026-05-31T20:30:42Z,16,Donnée validée,10,Expertisée,20,Bonne,7.384986107,48.102530621,HIXnJ
A1610030,A161003001,2008-06-12,1660.0,2026-05-31T20:30:42Z,16,Donnée validée,10,Expertisée,20,Bonne,7.384986107,48.102530621,HIXnJ
A1610030,A161003001,2008-06-13,1432.0,2026-05-31T20:30:42Z,16,Donnée validée,10,Expertisée,20,Bonne,7.384986107,48.102530621,HIXnJ
A1610030,A161003001,2008-06-14,1372.0,2026-05-31T20:30:42Z,16,Donnée validée,10,Expertisée,20,Bonne,7.384986107,48.102530621,HIXnJ
A1610030,A161003001,2008-06-15,1317.0,2026-05-31T20:30:42Z,16,Donnée validée,10,Expertisée,20,Bonne,7.384986107,48.102530621,HIXnJ
A1610030,A161003001,2008-06-16,1297.0,2026-05-31T20:30:42Z,16,Donnée validée,10,Expertisée,20,Bonne,7.384986107,48.102530621,HIXnJ
A1610030,A161003001,2008-06-17,1324.0,2026-05-31T20:30:42Z,16,Donnée validée,10,Expertisée,20,Bonne,7.384986107,48.102530621,HIXnJ
A1610030,A161003001,2008-06-18,1345.0,2026-05-31T20:30:42Z,16,Donnée validée,10,Expertisée,20,Bonne,7.384986107,48.102530621,HIXnJ
A1610030,A161003001,2008-06-19,1335.0,2026-05-31T20:30:42Z,16,Donnée validée,10,Expertisée,20,Bonne,7.384986107,48.102530621,HIXnJ
A1610030,A161003001,2008-06-20,1290.0,2026-05-31T20:30:42Z,16,Donnée validée,10,Expertisée,20,Bonne,7.384986107,48.102530621,HIXnJ
A1610030,A161003001,2008-06-21,1245.0,2026-05-31T20:30:42Z,16,Donnée validée,10,Expertisée,20,Bonne,7.384986107,48.102530621,HIXnJ
A1610030,A161003001,2008-06-22,1229.0,2026-05-31T20:30:42Z,16,Donnée validée,10,Expertisée,20,Bonne,7.384986107,48.102530621,HIXnJ
A1610030,A161003001,2008-06-23,1228.0,2026-05-31T20:30:42Z,16,Donnée validée,10,Expertisée,20,Bonne,7.384986107,48.102530621,HIXnJ
A1610030,A161003001,2008-06-24,1208.0,2026-05-31T20:30:42Z,16,Donnée validée,10,Expertisée,20,Bonne,7.384986107,48.102530621,HIXnJ
A1610030,A161003001,2008-06-25,1199.0,2026-05-31T20:30:42Z,16,Donnée validée,10,Expertisée,20,Bonne,7.384986107,48.102530621,HIXnJ
A1610030,A161003001,2008-06-26,1217.0,2026-05-31T20:30:42Z,16,Donnée validée,10,Expertisée,20,Bonne,7.384986107,48.102530621,HIXnJ
A1610030,A161003001,2008-06-27,1230.0,2026-05-31T20:30:42Z,16,Donnée validée,10,Expertisée,20,Bonne,7.384986107,48.102530621,HIXnJ
A1610030,A161003001,2008-06-28,1226.0,2026-05-31T20:30:42Z,16,Donnée validée,10,Expertisée,20,Bonne,7.384986107,48.102530621,HIXnJ
A1610030,A161003001,2008-06-29,1206.0,2026-05-31T20:30:42Z,16,Donnée validée,10,Expertisée,20,Bonne,7.384986107,48.102530621,HIXnJ
A1610030,A161003001,2008-06-30,1214.0,2026-05-31T20:30:42Z,16,Donnée validée,10,Expertisée,20,Bonne,7.384986107,48.102530621,HIXnJ
A1610030,A161003001,2008-07-01,1208.0,2026-05-31T20:30:42Z,16,Donnée validée,10,Expertisée,20,Bonne,7.384986107,48.102530621,HIXnJ
A1610030,A161003001,2008-07-02,1215.0,2026-05-31T20:30:42Z,16,Donnée validée,10,Expertisée,20,Bonne,7.384986107,48.102530621,HIXnJ
A1610030,A161003001,2008-07-03,1450.0,2026-05-31T20:30:42Z,16,Donnée validée,10,Expertisée,20,Bonne,7.384986107,48.102530621,HIXnJ
A1610030,A161003001,2008-07-04,1390.0,2026-05-31T20:30:42Z,16,Donnée validée,10,Expertisée,20,Bonne,7.384986107,48.102530621,HIXnJ
A1610030,A161003001,2008-07-05,1307.0,2026-05-31T20:30:42Z,16,Donnée validée,10,Expertisée,20,Bonne,7.384986107,48.102530621,HIXnJ
A1610030,A161003001,2008-07-06,1265.0,2026-05-31T20:30:42Z,16,Donnée validée,10,Expertisée,20,Bonne,7.384986107,48.102530621,HIXnJ
A1610030,A161003001,2008-07-07,1277.0,2026-05-31T20:30:42Z,16,Donnée validée,10,Expertisée,20,Bonne,7.384986107,48.102530621,HIXnJ
A1610030,A161003001,2008-07-08,1289.0,2026-05-31T20:30:42Z,16,Donnée validée,10,Expertisée,20,Bonne,7.384986107,48.102530621,HIXnJ
A1610030,A161003001,2008-07-09,1301.0,2026-05-31T20:30:42Z,16,Donnée validée,10,Expertisée,20,Bonne,7.384986107,48.102530621,HIXnJ
A1610030,A161003001,2008-07-10,1281.0,2026-05-31T20:30:42Z,16,Donnée validée,10,Expertisée,20,Bonne,7.384986107,48.102530621,HIXnJ
A1610030,A161003001,2008-07-11,1534.0,2026-05-31T20:30:42Z,16,Donnée validée,10,Expertisée,20,Bonne,7.384986107,48.102530621,HIXnJ
A1610030,A161003001,2008-07-12,1420.0,2026-05-31T20:30:42Z,16,Donnée validée,10,Expertisée,20,Bonne,7.384986107,48.102530621,HIXnJ
A1610030,A161003001,2008-07-13,1384.0,2026-05-31T20:30:42Z,16,Donnée validée,10,Expertisée,20,Bonne,7.384986107,48.102530621,HIXnJ
A1610030,A161003001,2008-07-14,1385.0,2026-05-31T20:30:42Z,16,Donnée validée,10,Expertisée,20,Bonne,7.384986107,48.102530621,HIXnJ
A1610030,A161003001,2008-07-15,1360.0,2026-05-31T20:30:42Z,16,Donnée validée,10,Expertisée,20,Bonne,7.384986107,48.102530621,HIXnJ
A1610030,A161003001,2008-07-16,1325.0,2026-05-31T20:30:42Z,16,Donnée validée,10,Expertisée,20,Bonne,7.384986107,48.102530621,HIXnJ
A1610030,A161003001,2008-07-17,1440.0,2026-05-31T20:30:42Z,16,Donnée validée,10,Expertisée,20,Bonne,7.384986107,48.102530621,HIXnJ
A1610030,A161003001,2008-07-18,1376.0,2026-05-31T20:30:42Z,16,Donnée validée,10,Expertisée,20,Bonne,7.384986107,48.102530621,HIXnJ
A1610030,A161003001,2008-07-19,1355.0,2026-05-31T20:30:42Z,16,Donnée validée,10,Expertisée,20,Bonne,7.384986107,48.102530621,HIXnJ
A1610030,A161003001,2008-07-20,1327.0,2026-05-31T20:30:42Z,16,Donnée validée,10,Expertisée,20,Bonne,7.384986107,48.102530621,HIXnJ
A1610030,A161003001,2008-07-21,1312.0,2026-05-31T20:30:42Z,16,Donnée validée,10,Expertisée,20,Bonne,7.384986107,48.102530621,HIXnJ
A1610030,A161003001,2008-07-22,1309.0,2026-05-31T20:30:42Z,16,Donnée validée,10,Expertisée,20,Bonne,7.384986107,48.102530621,HIXnJ
A1610030,A161003001,2008-07-23,1298.0,2026-05-31T20:30:42Z,16,Donnée validée,10,Expertisée,20,Bonne,7.384986107,48.102530621,HIXnJ
A1610030,A161003001,2008-07-24,1285.0,2026-05-31T20:30:42Z,16,Donnée validée,10,Expertisée,20,Bonne,7.384986107,48.102530621,HIXnJ
A1610030,A161003001,2008-07-25,1272.0,2026-05-31T20:30:42Z,16,Donnée validée,10,Expertisée,20,Bonne,7.384986107,48.102530621,HIXnJ
A1610030,A161003001,2008-07-26,1272.0,2026-05-31T20:30:42Z,16,Donnée validée,10,Expertisée,20,Bonne,7.384986107,48.102530621,HIXnJ
A1610030,A161003001,2008-07-27,1418.0,2026-05-31T20:30:42Z,16,Donnée validée,10,Expertisée,20,Bonne,7.384986107,48.102530621,HIXnJ
A1610030,A161003001,2008-07-28,1303.0,2026-05-31T20:30:42Z,16,Donnée validée,10,Expertisée,20,Bonne,7.384986107,48.102530621,HIXnJ
A1610030,A161003001,2008-07-29,1354.0,2026-05-31T20:30:42Z,16,Donnée validée,10,Expertisée,20,Bonne,7.384986107,48.102530621,HIXnJ
A1610030,A161003001,2008-07-30,1288.0,2026-05-31T20:30:42Z,16,Donnée validée,10,Expertisée,20,Bonne,7.384986107,48.102530621,HIXnJ
A1610030,A161003001,2008-07-31,1345.0,2026-05-31T20:30:42Z,16,Donnée validée,10,Expertisée,20,Bonne,7.384986107,48.102530621,HIXnJ
A1610030,A161003001,2008-08-01,1313.0,2026-05-31T20:30:42Z,16,Donnée validée,10,Expertisée,20,Bonne,7.384986107,48.102530621,HIXnJ
A1610030,A161003001,2008-08-02,1295.0,2026-05-31T20:30:42Z,16,Donnée validée,10,Expertisée,20,Bonne,7.384986107,48.102530621,HIXnJ
A1610030,A161003001,2008-08-03,1290.0,2026-05-31T20:30:42Z,16,Donnée validée,10,Expertisée,20,Bonne,7.384986107,48.102530621,HIXnJ
A1610030,A161003001,2008-08-04,1281.0,2026-05-31T20:30:42Z,16,Donnée validée,10,Expertisée,20,Bonne,7.384986107,48.102530621,HIXnJ
A1610030,A161003001,2008-08-05,1277.0,2026-05-31T20:30:42Z,16,Donnée validée,10,Expertisée,20,Bonne,7.384986107,48.102530621,HIXnJ
A1610030,A161003001,2008-08-06,1293.0,2026-05-31T20:30:42Z,16,Donnée validée,10,Expertisée,20,Bonne,7.384986107,48.102530621,HIXnJ
A1610030,A161003001,2008-08-07,1280.0,2026-05-31T20:30:42Z,16,Donnée validée,10,Expertisée,20,Bonne,7.384986107,48.102530621,HIXnJ
A1610030,A161003001,2008-08-08,1340.0,2026-05-31T20:30:42Z,16,Donnée validée,10,Expertisée,20,Bonne,7.384986107,48.102530621,HIXnJ
A1610030,A161003001,2008-08-09,1362.0,2026-05-31T20:30:42Z,16,Donnée validée,10,Expertisée,20,Bonne,7.384986107,48.102530621,HIXnJ
A1610030,A161003001,2008-08-10,1335.0,2026-05-31T20:30:42Z,16,Donnée validée,10,Expertisée,20,Bonne,7.384986107,48.102530621,HIXnJ
A1610030,A161003001,2008-08-11,1298.0,2026-05-31T20:30:42Z,16,Donnée validée,10,Expertisée,20,Bonne,7.384986107,48.102530621,HIXnJ
A1610030,A161003001,2008-08-12,2258.0,2026-05-31T20:30:42Z,16,Donnée validée,10,Expertisée,20,Bonne,7.384986107,48.102530621,HIXnJ
A1610030,A161003001,2008-08-13,2260.0,2026-05-31T20:30:42Z,16,Donnée validée,10,Expertisée,20,Bonne,7.384986107,48.102530621,HIXnJ
A1610030,A161003001,2008-08-14,1774.0,2026-05-31T20:30:42Z,16,Donnée validée,10,Expertisée,20,Bonne,7.384986107,48.102530621,HIXnJ
A1610030,A161003001,2008-08-15,1590.0,2026-05-31T20:30:42Z,16,Donnée validée,10,Expertisée,20,Bonne,7.384986107,48.102530621,HIXnJ
A1610030,A161003001,2008-08-16,1574.0,2026-05-31T20:30:42Z,16,Donnée validée,10,Expertisée,20,Bonne,7.384986107,48.102530621,HIXnJ
A1610030,A161003001,2008-08-17,1471.0,2026-05-31T20:30:42Z,16,Donnée validée,10,Expertisée,20,Bonne,7.384986107,48.102530621,HIXnJ
A1610030,A161003001,2008-08-18,1419.0,2026-05-31T20:30:42Z,16,Donnée validée,10,Expertisée,20,Bonne,7.384986107,48.102530621,HIXnJ
A1610030,A161003001,2008-08-19,1389.0,2026-05-31T20:30:42Z,16,Donnée validée,10,Expertisée,20,Bonne,7.384986107,48.102530621,HIXnJ
A1610030,A161003001,2008-08-20,1441.0,2026-05-31T20:30:42Z,16,Donnée validée,10,Expertisée,20,Bonne,7.384986107,48.102530621,HIXnJ
A1610030,A161003001,2008-08-21,1398.0,2026-05-31T20:30:42Z,16,Donnée validée,10,Expertisée,20,Bonne,7.384986107,48.102530621,HIXnJ
A1610030,A161003001,2008-08-22,1369.0,2026-05-31T20:30:42Z,16,Donnée validée,10,Expertisée,20,Bonne,7.384986107,48.102530621,HIXnJ
A1610030,A161003001,2008-08-23,1383.0,2026-05-31T20:30:42Z,16,Donnée validée,10,Expertisée,20,Bonne,7.384986107,48.102530621,HIXnJ
A1610030,A161003001,2008-08-24,1379.0,2026-05-31T20:30:42Z,16,Donnée validée,10,Expertisée,20,Bonne,7.384986107,48.102530621,HIXnJ
A1610030,A161003001,2008-08-25,1358.0,2026-05-31T20:30:42Z,16,Donnée validée,10,Expertisée,20,Bonne,7.384986107,48.102530621,HIXnJ
A1610030,A161003001,2008-08-26,1352.0,2026-05-31T20:30:42Z,16,Donnée validée,10,Expertisée,20,Bonne,7.384986107,48.102530621,HIXnJ
A1610030,A161003001,2008-08-27,1335.0,2026-05-31T20:30:42Z,16,Donnée validée,10,Expertisée,20,Bonne,7.384986107,48.102530621,HIXnJ
A1610030,A161003001,2008-08-28,1322.0,2026-05-31T20:30:42Z,16,Donnée validée,10,Expertisée,20,Bonne,7.384986107,48.102530621,HIXnJ
A1610030,A161003001,2008-08-29,1325.0,2026-05-31T20:30:42Z,16,Donnée validée,10,Expertisée,20,Bonne,7.384986107,48.102530621,HIXnJ
A1610030,A161003001,2008-08-30,1322.0,2026-05-31T20:30:42Z,16,Donnée validée,10,Expertisée,20,Bonne,7.384986107,48.102530621,HIXnJ
A1610030,A161003001,2008-08-31,1345.0,2026-05-31T20:30:42Z,16,Donnée validée,10,Expertisée,20,Bonne,7.384986107,48.102530621,HIXnJ
A1610030,A161003001,2008-09-01,1493.0,2026-05-31T20:30:42Z,16,Donnée validée,10,Expertisée,20,Bonne,7.384986107,48.102530621,HIXnJ
A1610030,A161003001,2008-09-02,1350.0,2026-05-31T20:30:42Z,16,Donnée validée,10,Expertisée,20,Bonne,7.384986107,48.102530621,HIXnJ
A1610030,A161003001,2008-09-03,1464.0,2026-05-31T20:30:42Z,16,Donnée validée,10,Expertisée,20,Bonne,7.384986107,48.102530621,HIXnJ
A1610030,A161003001,2008-09-04,1629.0,2026-05-31T20:30:42Z,16,Donnée validée,10,Expertisée,20,Bonne,7.384986107,48.102530621,HIXnJ
A1610030,A161003001,2008-09-05,1573.0,2026-05-31T20:30:42Z,16,Donnée validée,10,Expertisée,20,Bonne,7.384986107,48.102530621,HIXnJ
A1610030,A161003001,2008-09-06,1478.0,2026-05-31T20:30:42Z,16,Donnée validée,10,Expertisée,20,Bonne,7.384986107,48.102530621,HIXnJ
A1610030,A161003001,2008-09-07,1425.0,2026-05-31T20:30:42Z,16,Donnée validée,10,Expertisée,20,Bonne,7.384986107,48.102530621,HIXnJ
A1610030,A161003001,2008-09-08,1421.0,2026-05-31T20:30:42Z,16,Donnée validée,10,Expertisée,20,Bonne,7.384986107,48.102530621,HIXnJ
A1610030,A161003001,2008-09-09,1391.0,2026-05-31T20:30:42Z,16,Donnée validée,10,Expertisée,20,Bonne,7.384986107,48.102530621,HIXnJ
A1610030,A161003001,2008-09-10,1375.0,2026-05-31T20:30:42Z,16,Donnée validée,10,Expertisée,20,Bonne,7.384986107,48.102530621,HIXnJ
A1610030,A161003001,2008-09-11,1359.0,2026-05-31T20:30:42Z,16,Donnée validée,10,Expertisée,20,Bonne,7.384986107,48.102530621,HIXnJ
A1610030,A161003001,2008-09-12,1420.0,2026-05-31T20:30:42Z,16,Donnée validée,10,Expertisée,20,Bonne,7.384986107,48.102530621,HIXnJ
A1610030,A161003001,2008-09-13,1778.0,2026-05-31T20:30:42Z,16,Donnée validée,10,Expertisée,20,Bonne,7.384986107,48.102530621,HIXnJ
A1610030,A161003001,2008-09-14,2596.0,2026-05-31T20:30:42Z,16,Donnée validée,10,Expertisée,20,Bonne,7.384986107,48.102530621,HIXnJ
A1610030,A161003001,2008-09-15,2602.0,2026-05-31T20:30:42Z,16,Donnée validée,10,Expertisée,20,Bonne,7.384986107,48.102530621,HIXnJ
A1610030,A161003001,2008-09-16,1877.0,2026-05-31T20:30:42Z,16,Donnée validée,10,Expertisée,20,Bonne,7.384986107,48.102530621,HIXnJ
A1610030,A161003001,2008-09-17,1659.0,2026-05-31T20:30:42Z,16,Donnée validée,10,Expertisée,20,Bonne,7.384986107,48.102530621,HIXnJ
A1610030,A161003001,2008-09-18,1576.0,2026-05-31T20:30:42Z,16,Donnée validée,10,Expertisée,20,Bonne,7.384986107,48.102530621,HIXnJ
A1610030,A161003001,2008-09-19,1512.0,2026-05-31T20:30:42Z,16,Donnée validée,10,Expertisée,20,Bonne,7.384986107,48.102530621,HIXnJ
A1610030,A161003001,2008-09-20,1484.0,2026-05-31T20:30:42Z,16,Donnée validée,10,Expertisée,20,Bonne,7.384986107,48.102530621,HIXnJ
A1610030,A161003001,2008-09-21,1450.0,2026-05-31T20:30:42Z,16,Donnée validée,10,Expertisée,20,Bonne,7.384986107,48.102530621,HIXnJ
A1610030,A161003001,2008-09-22,1425.0,2026-05-31T20:30:42Z,16,Donnée validée,10,Expertisée,20,Bonne,7.384986107,48.102530621,HIXnJ
A1610030,A161003001,2008-09-23,1396.0,2026-05-31T20:30:42Z,16,Donnée validée,10,Expertisée,20,Bonne,7.384986107,48.102530621,HIXnJ
A1610030,A161003001,2008-09-24,1393.0,2026-05-31T20:30:42Z,16,Donnée validée,10,Expertisée,20,Bonne,7.384986107,48.102530621,HIXnJ
A1610030,A161003001,2008-09-25,1376.0,2026-05-31T20:30:42Z,16,Donnée validée,10,Expertisée,20,Bonne,7.384986107,48.102530621,HIXnJ
A1610030,A161003001,2008-09-26,1363.0,2026-05-31T20:30:42Z,16,Donnée validée,10,Expertisée,20,Bonne,7.384986107,48.102530621,HIXnJ
A1610030,A161003001,2008-09-27,1350.0,2026-05-31T20:30:42Z,16,Donnée validée,10,Expertisée,20,Bonne,7.384986107,48.102530621,HIXnJ
A1610030,A161003001,2008-09-28,1335.0,2026-05-31T20:30:42Z,16,Donnée validée,10,Expertisée,20,Bonne,7.384986107,48.102530621,HIXnJ
A1610030,A161003001,2008-09-29,1328.0,2026-05-31T20:30:42Z,16,Donnée validée,10,Expertisée,20,Bonne,7.384986107,48.102530621,HIXnJ
A1610030,A161003001,2008-09-30,1327.0,2026-05-31T20:30:42Z,16,Donnée validée,10,Expertisée,20,Bonne,7.384986107,48.102530621,HIXnJ
A1610030,A161003001,2008-10-01,1353.0,2026-05-31T20:30:42Z,16,Donnée validée,10,Expertisée,20,Bonne,7.384986107,48.102530621,HIXnJ
A1610030,A161003001,2008-10-02,1391.0,2026-05-31T20:30:42Z,16,Donnée validée,10,Expertisée,20,Bonne,7.384986107,48.102530621,HIXnJ
A1610030,A161003001,2008-10-03,1399.0,2026-05-31T20:30:42Z,16,Donnée validée,10,Expertisée,20,Bonne,7.384986107,48.102530621,HIXnJ
A1610030,A161003001,2008-10-04,1431.0,2026-05-31T20:30:42Z,16,Donnée validée,10,Expertisée,20,Bonne,7.384986107,48.102530621,HIXnJ
A1610030,A161003001,2008-10-05,1428.0,2026-05-31T20:30:42Z,16,Donnée validée,10,Expertisée,20,Bonne,7.384986107,48.102530621,HIXnJ
A1610030,A161003001,2008-10-06,1412.0,2026-05-31T20:30:42Z,16,Donnée validée,10,Expertisée,20,Bonne,7.384986107,48.102530621,HIXnJ
A1610030,A161003001,2008-10-07,1433.0,2026-05-31T20:30:42Z,16,Donnée validée,10,Expertisée,20,Bonne,7.384986107,48.102530621,HIXnJ
A1610030,A161003001,2008-10-08,1432.0,2026-05-31T20:30:42Z,16,Donnée validée,10,Expertisée,20,Bonne,7.384986107,48.102530621,HIXnJ
A1610030,A161003001,2008-10-09,1506.0,2026-05-31T20:30:42Z,16,Donnée validée,10,Expertisée,20,Bonne,7.384986107,48.102530621,HIXnJ
A1610030,A161003001,2008-10-10,1468.0,2026-05-31T20:30:42Z,16,Donnée validée,10,Expertisée,20,Bonne,7.384986107,48.102530621,HIXnJ
A1610030,A161003001,2008-10-11,1388.0,2026-05-31T20:30:42Z,16,Donnée validée,10,Expertisée,20,Bonne,7.384986107,48.102530621,HIXnJ
A1610030,A161003001,2008-10-12,1362.0,2026-05-31T20:30:42Z,16,Donnée validée,10,Expertisée,20,Bonne,7.384986107,48.102530621,HIXnJ
A1610030,A161003001,2008-10-13,1336.0,2026-05-31T20:30:42Z,16,Donnée validée,10,Expertisée,20,Bonne,7.384986107,48.102530621,HIXnJ
A1610030,A161003001,2008-10-14,1316.0,2026-05-31T20:30:42Z,16,Donnée validée,10,Expertisée,20,Bonne,7.384986107,48.102530621,HIXnJ
A1610030,A161003001,2008-10-15,1303.0,2026-05-31T20:30:42Z,16,Donnée validée,10,Expertisée,20,Bonne,7.384986107,48.102530621,HIXnJ
A1610030,A161003001,2008-10-16,1332.0,2026-05-31T20:30:42Z,16,Donnée validée,10,Expertisée,20,Bonne,7.384986107,48.102530621,HIXnJ
A1610030,A161003001,2008-10-17,1381.0,2026-05-31T20:30:42Z,16,Donnée validée,10,Expertisée,20,Bonne,7.384986107,48.102530621,HIXnJ
A1610030,A161003001,2008-10-18,1370.0,2026-05-31T20:30:42Z,16,Donnée validée,10,Expertisée,20,Bonne,7.384986107,48.102530621,HIXnJ
A1610030,A161003001,2008-10-19,1349.0,2026-05-31T20:30:42Z,16,Donnée validée,10,Expertisée,20,Bonne,7.384986107,48.102530621,HIXnJ
A1610030,A161003001,2008-10-20,1328.0,2026-05-31T20:30:42Z,16,Donnée validée,10,Expertisée,20,Bonne,7.384986107,48.102530621,HIXnJ
A1610030,A161003001,2008-10-21,1354.0,2026-05-31T20:30:42Z,16,Donnée validée,10,Expertisée,20,Bonne,7.384986107,48.102530621,HIXnJ
A1610030,A161003001,2008-10-22,1627.0,2026-05-31T20:30:42Z,16,Donnée validée,10,Expertisée,20,Bonne,7.384986107,48.102530621,HIXnJ
A1610030,A161003001,2008-10-23,1819.0,2026-05-31T20:30:42Z,16,Donnée validée,10,Expertisée,20,Bonne,7.384986107,48.102530621,HIXnJ
A1610030,A161003001,2008-10-24,1730.0,2026-05-31T20:30:42Z,16,Donnée validée,10,Expertisée,20,Bonne,7.384986107,48.102530621,HIXnJ
A1610030,A161003001,2008-10-25,1548.0,2026-05-31T20:30:42Z,16,Donnée validée,10,Expertisée,20,Bonne,7.384986107,48.102530621,HIXnJ
A1610030,A161003001,2008-10-26,1486.0,2026-05-31T20:30:42Z,16,Donnée validée,10,Expertisée,20,Bonne,7.384986107,48.102530621,HIXnJ
A1610030,A161003001,2008-10-27,1441.0,2026-05-31T20:30:42Z,16,Donnée validée,10,Expertisée,20,Bonne,7.384986107,48.102530621,HIXnJ
A1610030,A161003001,2008-10-28,1504.0,2026-05-31T20:30:42Z,16,Donnée validée,10,Expertisée,20,Bonne,7.384986107,48.102530621,HIXnJ
A1610030,A161003001,2008-10-29,1976.0,2026-05-31T20:30:42Z,16,Donnée validée,10,Expertisée,20,Bonne,7.384986107,48.102530621,HIXnJ
A1610030,A161003001,2008-10-30,2440.0,2026-05-31T20:30:42Z,16,Donnée validée,10,Expertisée,20,Bonne,7.384986107,48.102530621,HIXnJ
A1610030,A161003001,2008-10-31,2419.0,2026-05-31T20:30:42Z,16,Donnée validée,10,Expertisée,20,Bonne,7.384986107,48.102530621,HIXnJ
A1610030,A161003001,2008-11-01,2350.0,2026-05-31T20:30:42Z,16,Donnée validée,4,Reconstituée,20,Bonne,7.384986107,48.102530621,HIXnJ
A1610030,A161003001,2008-11-02,2159.0,2026-05-31T20:30:42Z,16,Donnée validée,8,Calculée,20,Bonne,7.384986107,48.102530621,HIXnJ
A1610030,A161003001,2008-11-03,1903.0,2026-05-31T20:30:42Z,16,Donnée validée,8,Calculée,20,Bonne,7.384986107,48.102530621,HIXnJ
A1610030,A161003001,2008-11-04,1709.0,2026-05-31T20:30:42Z,16,Donnée validée,10,Expertisée,20,Bonne,7.384986107,48.102530621,HIXnJ
A1610030,A161003001,2008-11-05,1624.0,2026-05-31T20:30:42Z,16,Donnée validée,10,Expertisée,20,Bonne,7.384986107,48.102530621,HIXnJ
A1610030,A161003001,2008-11-06,1565.0,2026-05-31T20:30:42Z,16,Donnée validée,10,Expertisée,20,Bonne,7.384986107,48.102530621,HIXnJ
A1610030,A161003001,2008-11-07,1519.0,2026-05-31T20:30:42Z,16,Donnée validée,10,Expertisée,20,Bonne,7.384986107,48.102530621,HIXnJ
A1610030,A161003001,2008-11-08,1470.0,2026-05-31T20:30:42Z,16,Donnée validée,10,Expertisée,20,Bonne,7.384986107,48.102530621,HIXnJ
A1610030,A161003001,2008-11-09,1441.0,2026-05-31T20:30:42Z,16,Donnée validée,10,Expertisée,20,Bonne,7.384986107,48.102530621,HIXnJ
A1610030,A161003001,2008-11-10,1445.0,2026-05-31T20:30:42Z,16,Donnée validée,10,Expertisée,20,Bonne,7.384986107,48.102530621,HIXnJ
A1610030,A161003001,2008-11-11,1432.0,2026-05-31T20:30:42Z,16,Donnée validée,10,Expertisée,20,Bonne,7.384986107,48.102530621,HIXnJ
A1610030,A161003001,2008-11-12,1424.0,2026-05-31T20:30:42Z,16,Donnée validée,10,Expertisée,20,Bonne,7.384986107,48.102530621,HIXnJ
A1610030,A161003001,2008-11-13,1422.0,2026-05-31T20:30:42Z,16,Donnée validée,10,Expertisée,20,Bonne,7.384986107,48.102530621,HIXnJ
A1610030,A161003001,2008-11-14,1395.0,2026-05-31T20:30:42Z,16,Donnée validée,10,Expertisée,20,Bonne,7.384986107,48.102530621,HIXnJ
A1610030,A161003001,2008-11-15,1387.0,2026-05-31T20:30:42Z,16,Donnée validée,10,Expertisée,20,Bonne,7.384986107,48.102530621,HIXnJ
A1610030,A161003001,2008-11-16,1374.0,2026-05-31T20:30:42Z,16,Donnée validée,10,Expertisée,20,Bonne,7.384986107,48.102530621,HIXnJ
A1610030,A161003001,2008-11-17,1359.0,2026-05-31T20:30:42Z,16,Donnée validée,10,Expertisée,20,Bonne,7.384986107,48.102530621,HIXnJ
A1610030,A161003001,2008-11-18,1342.0,2026-05-31T20:30:42Z,16,Donnée validée,8,Calculée,20,Bonne,7.384986107,48.102530621,HIXnJ
A1610030,A161003001,2008-11-19,1330.0,2026-05-31T20:30:42Z,16,Donnée validée,8,Calculée,20,Bonne,7.384986107,48.102530621,HIXnJ
A1610030,A161003001,2008-11-20,1318.0,2026-05-31T20:30:42Z,16,Donnée validée,8,Calculée,20,Bonne,7.384986107,48.102530621,HIXnJ
A1610030,A161003001,2008-11-21,1423.0,2026-05-31T20:30:42Z,16,Donnée validée,4,Reconstituée,20,Bonne,7.384986107,48.102530621,HIXnJ
A1610030,A161003001,2008-11-22,1570.0,2026-05-31T20:30:42Z,16,Donnée validée,4,Reconstituée,20,Bonne,7.384986107,48.102530621,HIXnJ
A1610030,A161003001,2008-11-23,1546.0,2026-05-31T20:30:42Z,16,Donnée validée,4,Reconstituée,20,Bonne,7.384986107,48.102530621,HIXnJ
A1610030,A161003001,2008-11-24,1567.0,2026-05-31T20:30:42Z,16,Donnée validée,8,Calculée,20,Bonne,7.384986107,48.102530621,HIXnJ
A1610030,A161003001,2008-11-25,1750.0,2026-05-31T20:30:42Z,16,Donnée validée,4,Reconstituée,20,Bonne,7.384986107,48.102530621,HIXnJ
A1610030,A161003001,2008-11-26,1616.0,2026-05-31T20:30:42Z,16,Donnée validée,8,Calculée,20,Bonne,7.384986107,48.102530621,HIXnJ
A1610030,A161003001,2008-11-27,1521.0,2026-05-31T20:30:42Z,16,Donnée validée,10,Expertisée,20,Bonne,7.384986107,48.102530621,HIXnJ
A1610030,A161003001,2008-11-28,1481.0,2026-05-31T20:30:42Z,16,Donnée validée,10,Expertisée,20,Bonne,7.384986107,48.102530621,HIXnJ
A1610030,A161003001,2008-11-29,1465.0,2026-05-31T20:30:42Z,16,Donnée validée,10,Expertisée,20,Bonne,7.384986107,48.102530621,HIXnJ
A1610030,A161003001,2008-11-30,1445.0,2026-05-31T20:30:42Z,16,Donnée validée,10,Expertisée,20,Bonne,7.384986107,48.102530621,HIXnJ
A1610030,A161003001,2008-12-01,1433.0,2026-05-31T20:30:42Z,16,Donnée validée,10,Expertisée,20,Bonne,7.384986107,48.102530621,HIXnJ
A1610030,A161003001,2008-12-02,1419.0,2026-05-31T20:30:42Z,16,Donnée validée,10,Expertisée,20,Bonne,7.384986107,48.102530621,HIXnJ
A1610030,A161003001,2008-12-03,1420.0,2026-05-31T20:30:42Z,16,Donnée validée,10,Expertisée,20,Bonne,7.384986107,48.102530621,HIXnJ
A1610030,A161003001,2008-12-04,1552.0,2026-05-31T20:30:42Z,16,Donnée validée,10,Expertisée,20,Bonne,7.384986107,48.102530621,HIXnJ
A1610030,A161003001,2008-12-05,2598.0,2026-05-31T20:30:42Z,16,Donnée validée,10,Expertisée,20,Bonne,7.384986107,48.102530621,HIXnJ
A1610030,A161003001,2008-12-06,2929.0,2026-05-31T20:30:42Z,16,Donnée validée,10,Expertisée,20,Bonne,7.384986107,48.102530621,HIXnJ
A1610030,A161003001,2008-12-07,2912.0,2026-05-31T20:30:42Z,16,Donnée validée,10,Expertisée,20,Bonne,7.384986107,48.102530621,HIXnJ
A1610030,A161003001,2008-12-08,2334.0,2026-05-31T20:30:42Z,16,Donnée validée,10,Expertisée,20,Bonne,7.384986107,48.102530621,HIXnJ
A1610030,A161003001,2008-12-09,1984.0,2026-05-31T20:30:42Z,16,Donnée validée,10,Expertisée,20,Bonne,7.384986107,48.102530621,HIXnJ
A1610030,A161003001,2008-12-10,1817.0,2026-05-31T20:30:42Z,16,Donnée validée,10,Expertisée,20,Bonne,7.384986107,48.102530621,HIXnJ
A1610030,A161003001,2008-12-11,1799.0,2026-05-31T20:30:42Z,16,Donnée validée,10,Expertisée,20,Bonne,7.384986107,48.102530621,HIXnJ
A1610030,A161003001,2008-12-12,1782.0,2026-05-31T20:30:42Z,16,Donnée validée,10,Expertisée,20,Bonne,7.384986107,48.102530621,HIXnJ
A1610030,A161003001,2008-12-13,1701.0,2026-05-31T20:30:42Z,16,Donnée validée,10,Expertisée,20,Bonne,7.384986107,48.102530621,HIXnJ
A1610030,A161003001,2008-12-14,1660.0,2026-05-31T20:30:42Z,16,Donnée validée,10,Expertisée,20,Bonne,7.384986107,48.102530621,HIXnJ
A1610030,A161003001,2008-12-15,1615.0,2026-05-31T20:30:42Z,16,Donnée validée,10,Expertisée,20,Bonne,7.384986107,48.102530621,HIXnJ
A1610030,A161003001,2008-12-16,1558.0,2026-05-31T20:30:42Z,16,Donnée validée,10,Expertisée,20,Bonne,7.384986107,48.102530621,HIXnJ
A1610030,A161003001,2008-12-17,1554.0,2026-05-31T20:30:42Z,16,Donnée validée,10,Expertisée,20,Bonne,7.384986107,48.102530621,HIXnJ
A1610030,A161003001,2008-12-18,1543.0,2026-05-31T20:30:42Z,16,Donnée validée,10,Expertisée,20,Bonne,7.384986107,48.102530621,HIXnJ
A1610030,A161003001,2008-12-19,1512.0,2026-05-31T20:30:42Z,16,Donnée validée,10,Expertisée,20,Bonne,7.384986107,48.102530621,HIXnJ
A1610030,A161003001,2008-12-20,1691.0,2026-05-31T20:30:42Z,16,Donnée validée,10,Expertisée,20,Bonne,7.384986107,48.102530621,HIXnJ
A1610030,A161003001,2008-12-21,1839.0,2026-05-31T20:30:42Z,16,Donnée validée,10,Expertisée,20,Bonne,7.384986107,48.102530621,HIXnJ
A1610030,A161003001,2008-12-22,1806.0,2026-05-31T20:30:42Z,16,Donnée validée,10,Expertisée,20,Bonne,7.384986107,48.102530621,HIXnJ
A1610030,A161003001,2008-12-23,1679.0,2026-05-31T20:30:42Z,16,Donnée validée,10,Expertisée,20,Bonne,7.384986107,48.102530621,HIXnJ
A1610030,A161003001,2008-12-24,1611.0,2026-05-31T20:30:42Z,16,Donnée validée,10,Expertisée,20,Bonne,7.384986107,48.102530621,HIXnJ
A1610030,A161003001,2008-12-25,1568.0,2026-05-31T20:30:42Z,16,Donnée validée,10,Expertisée,20,Bonne,7.384986107,48.102530621,HIXnJ
A1610030,A161003001,2008-12-26,1533.0,2026-05-31T20:30:42Z,16,Donnée validée,10,Expertisée,20,Bonne,7.384986107,48.102530621,HIXnJ
A1610030,A161003001,2008-12-27,1501.0,2026-05-31T20:30:42Z,16,Donnée validée,10,Expertisée,20,Bonne,7.384986107,48.102530621,HIXnJ
A1610030,A161003001,2008-12-28,1473.0,2026-05-31T20:30:42Z,16,Donnée validée,10,Expertisée,20,Bonne,7.384986107,48.102530621,HIXnJ
A1610030,A161003001,2008-12-29,1444.0,2026-05-31T20:30:42Z,16,Donnée validée,10,Expertisée,20,Bonne,7.384986107,48.102530621,HIXnJ
A1610030,A161003001,2008-12-30,1426.0,2026-05-31T20:30:42Z,16,Donnée validée,10,Expertisée,20,Bonne,7.384986107,48.102530621,HIXnJ
A1610030,A161003001,2008-12-31,1551.0,2026-05-31T20:30:42Z,16,Donnée validée,10,Expertisée,20,Bonne,7.384986107,48.102530621,HIXnJ
A1610030,A161003001,2009-01-01,1774.0,2026-05-31T20:30:42Z,16,Donnée validée,10,Expertisée,20,Bonne,7.384986107,48.102530621,HIXnJ
A1610030,A161003001,2009-01-02,1636.0,2026-05-31T20:30:42Z,16,Donnée validée,10,Expertisée,20,Bonne,7.384986107,48.102530621,HIXnJ
A1610030,A161003001,2009-01-03,1540.0,2026-05-31T20:30:42Z,16,Donnée validée,10,Expertisée,20,Bonne,7.384986107,48.102530621,HIXnJ
A1610030,A161003001,2009-01-04,1475.0,2026-05-31T20:30:42Z,16,Donnée validée,10,Expertisée,20,Bonne,7.384986107,48.102530621,HIXnJ
A1610030,A161003001,2009-01-05,1441.0,2026-05-31T20:30:42Z,16,Donnée validée,10,Expertisée,20,Bonne,7.384986107,48.102530621,HIXnJ
A1610030,A161003001,2009-01-06,1420.0,2026-05-31T20:30:42Z,16,Donnée validée,10,Expertisée,20,Bonne,7.384986107,48.102530621,HIXnJ
A1610030,A161003001,2009-01-07,1399.0,2026-05-31T20:30:42Z,16,Donnée validée,10,Expertisée,20,Bonne,7.384986107,48.102530621,HIXnJ
A1610030,A161003001,2009-01-08,1368.0,2026-05-31T20:30:42Z,16,Donnée validée,10,Expertisée,20,Bonne,7.384986107,48.102530621,HIXnJ
A1610030,A161003001,2009-01-09,1322.0,2026-05-31T20:30:42Z,16,Donnée validée,10,Expertisée,20,Bonne,7.384986107,48.102530621,HIXnJ
A1610030,A161003001,2009-01-10,1304.0,2026-05-31T20:30:42Z,16,Donnée validée,10,Expertisée,20,Bonne,7.384986107,48.102530621,HIXnJ
A1610030,A161003001,2009-01-11,1294.0,2026-05-31T20:30:42Z,16,Donnée validée,10,Expertisée,20,Bonne,7.384986107,48.102530621,HIXnJ
A1610030,A161003001,2009-01-12,1287.0,2026-05-31T20:30:42Z,16,Donnée validée,10,Expertisée,20,Bonne,7.384986107,48.102530621,HIXnJ
A1610030,A161003001,2009-01-13,1294.0,2026-05-31T20:30:42Z,16,Donnée validée,10,Expertisée,20,Bonne,7.384986107,48.102530621,HIXnJ
A1610030,A161003001,2009-01-14,1317.0,2026-05-31T20:30:42Z,16,Donnée validée,10,Expertisée,20,Bonne,7.384986107,48.102530621,HIXnJ
A1610030,A161003001,2009-01-15,1316.0,2026-05-31T20:30:42Z,16,Donnée validée,10,Expertisée,20,Bonne,7.384986107,48.102530621,HIXnJ
A1610030,A161003001,2009-01-16,1310.0,2026-05-31T20:30:42Z,16,Donnée validée,10,Expertisée,20,Bonne,7.384986107,48.102530621,HIXnJ
A1610030,A161003001,2009-01-17,1304.0,2026-05-31T20:30:42Z,16,Donnée validée,10,Expertisée,20,Bonne,7.384986107,48.102530621,HIXnJ
A1610030,A161003001,2009-01-18,1436.0,2026-05-31T20:30:42Z,16,Donnée validée,10,Expertisée,20,Bonne,7.384986107,48.102530621,HIXnJ
A1610030,A161003001,2009-01-19,1621.0,2026-05-31T20:30:42Z,16,Donnée validée,10,Expertisée,20,Bonne,7.384986107,48.102530621,HIXnJ
A1610030,A161003001,2009-01-20,1751.0,2026-05-31T20:30:42Z,16,Donnée validée,10,Expertisée,20,Bonne,7.384986107,48.102530621,HIXnJ
A1610030,A161003001,2009-01-21,1706.0,2026-05-31T20:30:42Z,16,Donnée validée,10,Expertisée,20,Bonne,7.384986107,48.102530621,HIXnJ
A1610030,A161003001,2009-01-22,1555.0,2026-05-31T20:30:42Z,16,Donnée validée,10,Expertisée,20,Bonne,7.384986107,48.102530621,HIXnJ
A1610030,A161003001,2009-01-23,2284.0,2026-05-31T20:30:42Z,16,Donnée validée,10,Expertisée,20,Bonne,7.384986107,48.102530621,HIXnJ
A1610030,A161003001,2009-01-24,2585.0,2026-05-31T20:30:42Z,16,Donnée validée,10,Expertisée,20,Bonne,7.384986107,48.102530621,HIXnJ
A1610030,A161003001,2009-01-25,2231.0,2026-05-31T20:30:42Z,16,Donnée validée,10,Expertisée,20,Bonne,7.384986107,48.102530621,HIXnJ
A1610030,A161003001,2009-01-26,1881.0,2026-05-31T20:30:42Z,16,Donnée validée,10,Expertisée,20,Bonne,7.384986107,48.102530621,HIXnJ
A1610030,A161003001,2009-01-27,1725.0,2026-05-31T20:30:42Z,16,Donnée validée,10,Expertisée,20,Bonne,7.384986107,48.102530621,HIXnJ
A1610030,A161003001,2009-01-28,1605.0,2026-05-31T20:30:42Z,16,Donnée validée,10,Expertisée,20,Bonne,7.384986107,48.102530621,HIXnJ
A1610030,A161003001,2009-01-29,1533.0,2026-05-31T20:30:42Z,16,Donnée validée,10,Expertisée,20,Bonne,7.384986107,48.102530621,HIXnJ
A1610030,A161003001,2009-01-30,1497.0,2026-05-31T20:30:42Z,16,Donnée validée,10,Expertisée,20,Bonne,7.384986107,48.102530621,HIXnJ
A1610030,A161003001,2009-01-31,1456.0,2026-05-31T20:30:42Z,16,Donnée validée,10,Expertisée,20,Bonne,7.384986107,48.102530621,HIXnJ
A1610030,A161003001,2009-02-01,1435.0,2026-05-31T20:30:42Z,16,Donnée validée,10,Expertisée,20,Bonne,7.384986107,48.102530621,HIXnJ
A1610030,A161003001,2009-02-02,1419.0,2026-05-31T20:30:42Z,16,Donnée validée,10,Expertisée,20,Bonne,7.384986107,48.102530621,HIXnJ
A1610030,A161003001,2009-02-03,1402.0,2026-05-31T20:30:42Z,16,Donnée validée,10,Expertisée,20,Bonne,7.384986107,48.102530621,HIXnJ
A1610030,A161003001,2009-02-04,1386.0,2026-05-31T20:30:42Z,16,Donnée validée,10,Expertisée,20,Bonne,7.384986107,48.102530621,HIXnJ
A1610030,A161003001,2009-02-05,1406.0,2026-05-31T20:30:42Z,16,Donnée validée,10,Expertisée,20,Bonne,7.384986107,48.102530621,HIXnJ
A1610030,A161003001,2009-02-06,1740.0,2026-05-31T20:30:42Z,16,Donnée validée,10,Expertisée,20,Bonne,7.384986107,48.102530621,HIXnJ
A1610030,A161003001,2009-02-07,1920.0,2026-05-31T20:30:42Z,16,Donnée validée,10,Expertisée,20,Bonne,7.384986107,48.102530621,HIXnJ
A1610030,A161003001,2009-02-08,1979.0,2026-05-31T20:30:42Z,16,Donnée validée,10,Expertisée,20,Bonne,7.384986107,48.102530621,HIXnJ
A1610030,A161003001,2009-02-09,1898.0,2026-05-31T20:30:42Z,16,Donnée validée,10,Expertisée,20,Bonne,7.384986107,48.102530621,HIXnJ
A1610030,A161003001,2009-02-10,2811.0,2026-05-31T20:30:42Z,16,Donnée validée,10,Expertisée,20,Bonne,7.384986107,48.102530621,HIXnJ
A1610030,A161003001,2009-02-11,2941.0,2026-05-31T20:30:42Z,16,Donnée validée,10,Expertisée,20,Bonne,7.384986107,48.102530621,HIXnJ
A1610030,A161003001,2009-02-12,2672.0,2026-05-31T20:30:42Z,16,Donnée validée,10,Expertisée,20,Bonne,7.384986107,48.102530621,HIXnJ
A1610030,A161003001,2009-02-13,2089.0,2026-05-31T20:30:42Z,16,Donnée validée,10,Expertisée,20,Bonne,7.384986107,48.102530621,HIXnJ
A1610030,A161003001,2009-02-14,1871.0,2026-05-31T20:30:42Z,16,Donnée validée,10,Expertisée,20,Bonne,7.384986107,48.102530621,HIXnJ
A1610030,A161003001,2009-02-15,1730.0,2026-05-31T20:30:42Z,16,Donnée validée,10,Expertisée,20,Bonne,7.384986107,48.102530621,HIXnJ
A1610030,A161003001,2009-02-16,1621.0,2026-05-31T20:30:42Z,16,Donnée validée,10,Expertisée,20,Bonne,7.384986107,48.102530621,HIXnJ
A1610030,A161003001,2009-02-17,1572.0,2026-05-31T20:30:42Z,16,Donnée validée,10,Expertisée,20,Bonne,7.384986107,48.102530621,HIXnJ
A1610030,A161003001,2009-02-18,1629.0,2026-05-31T20:30:42Z,16,Donnée validée,10,Expertisée,20,Bonne,7.384986107,48.102530621,HIXnJ
A1610030,A161003001,2009-02-19,1598.0,2026-05-31T20:30:42Z,16,Donnée validée,10,Expertisée,20,Bonne,7.384986107,48.102530621,HIXnJ
A1610030,A161003001,2009-02-20,1531.0,2026-05-31T20:30:42Z,16,Donnée validée,10,Expertisée,20,Bonne,7.384986107,48.102530621,HIXnJ
A1610030,A161003001,2009-02-21,1492.0,2026-05-31T20:30:42Z,16,Donnée validée,10,Expertisée,20,Bonne,7.384986107,48.102530621,HIXnJ
A1610030,A161003001,2009-02-22,1512.0,2026-05-31T20:30:42Z,16,Donnée validée,10,Expertisée,20,Bonne,7.384986107,48.102530621,HIXnJ
A1610030,A161003001,2009-02-23,1592.0,2026-05-31T20:30:42Z,16,Donnée validée,10,Expertisée,20,Bonne,7.384986107,48.102530621,HIXnJ
A1610030,A161003001,2009-02-24,1652.0,2026-05-31T20:30:42Z,16,Donnée validée,10,Expertisée,20,Bonne,7.384986107,48.102530621,HIXnJ
A1610030,A161003001,2009-02-25,1624.0,2026-05-31T20:30:42Z,16,Donnée validée,10,Expertisée,20,Bonne,7.384986107,48.102530621,HIXnJ
A1610030,A161003001,2009-02-26,1520.0,2026-05-31T20:30:42Z,16,Donnée validée,10,Expertisée,20,Bonne,7.384986107,48.102530621,HIXnJ
A1610030,A161003001,2009-02-27,1470.0,2026-05-31T20:30:42Z,16,Donnée validée,10,Expertisée,20,Bonne,7.384986107,48.102530621,HIXnJ
A1610030,A161003001,2009-02-28,1444.0,2026-05-31T20:30:42Z,16,Donnée validée,10,Expertisée,20,Bonne,7.384986107,48.102530621,HIXnJ
A1610030,A161003001,2009-03-01,1431.0,2026-05-31T20:30:42Z,16,Donnée validée,10,Expertisée,20,Bonne,7.384986107,48.102530621,HIXnJ
A1610030,A161003001,2009-03-02,1426.0,2026-05-31T20:30:42Z,16,Donnée validée,10,Expertisée,20,Bonne,7.384986107,48.102530621,HIXnJ
A1610030,A161003001,2009-03-03,1460.0,2026-05-31T20:30:42Z,16,Donnée validée,10,Expertisée,20,Bonne,7.384986107,48.102530621,HIXnJ
A1610030,A161003001,2009-03-04,1460.0,2026-05-31T20:30:42Z,16,Donnée validée,10,Expertisée,20,Bonne,7.384986107,48.102530621,HIXnJ
A1610030,A161003001,2009-03-05,1537.0,2026-05-31T20:30:42Z,16,Donnée validée,10,Expertisée,20,Bonne,7.384986107,48.102530621,HIXnJ
A1610030,A161003001,2009-03-06,1762.0,2026-05-31T20:30:42Z,16,Donnée validée,10,Expertisée,20,Bonne,7.384986107,48.102530621,HIXnJ
A1610030,A161003001,2009-03-07,1837.0,2026-05-31T20:30:42Z,16,Donnée validée,10,Expertisée,20,Bonne,7.384986107,48.102530621,HIXnJ
A1610030,A161003001,2009-03-08,1715.0,2026-05-31T20:30:42Z,16,Donnée validée,10,Expertisée,20,Bonne,7.384986107,48.102530621,HIXnJ
A1610030,A161003001,2009-03-09,1797.0,2026-05-31T20:30:42Z,16,Donnée validée,10,Expertisée,20,Bonne,7.384986107,48.102530621,HIXnJ
A1610030,A161003001,2009-03-10,1897.0,2026-05-31T20:30:42Z,16,Donnée validée,10,Expertisée,20,Bonne,7.384986107,48.102530621,HIXnJ
A1610030,A161003001,2009-03-11,2268.0,2026-05-31T20:30:42Z,16,Donnée validée,10,Expertisée,20,Bonne,7.384986107,48.102530621,HIXnJ
A1610030,A161003001,2009-03-12,2243.0,2026-05-31T20:30:42Z,16,Donnée validée,10,Expertisée,20,Bonne,7.384986107,48.102530621,HIXnJ
A1610030,A161003001,2009-03-13,1919.0,2026-05-31T20:30:42Z,16,Donnée validée,10,Expertisée,20,Bonne,7.384986107,48.102530621,HIXnJ
A1610030,A161003001,2009-03-14,1776.0,2026-05-31T20:30:42Z,16,Donnée validée,10,Expertisée,20,Bonne,7.384986107,48.102530621,HIXnJ
A1610030,A161003001,2009-03-15,1708.0,2026-05-31T20:30:42Z,16,Donnée validée,10,Expertisée,20,Bonne,7.384986107,48.102530621,HIXnJ
A1610030,A161003001,2009-03-16,1644.0,2026-05-31T20:30:42Z,16,Donnée validée,10,Expertisée,20,Bonne,7.384986107,48.102530621,HIXnJ
A1610030,A161003001,2009-03-17,1593.0,2026-05-31T20:30:42Z,16,Donnée validée,10,Expertisée,20,Bonne,7.384986107,48.102530621,HIXnJ
A1610030,A161003001,2009-03-18,1582.0,2026-05-31T20:30:42Z,16,Donnée validée,10,Expertisée,20,Bonne,7.384986107,48.102530621,HIXnJ
A1610030,A161003001,2009-03-19,1544.0,2026-05-31T20:30:42Z,16,Donnée validée,10,Expertisée,20,Bonne,7.384986107,48.102530621,HIXnJ
A1610030,A161003001,2009-03-20,1536.0,2026-05-31T20:30:42Z,16,Donnée validée,10,Expertisée,20,Bonne,7.384986107,48.102530621,HIXnJ
A1610030,A161003001,2009-03-21,1506.0,2026-05-31T20:30:42Z,16,Donnée validée,10,Expertisée,20,Bonne,7.384986107,48.102530621,HIXnJ
A1610030,A161003001,2009-03-22,1487.0,2026-05-31T20:30:42Z,16,Donnée validée,10,Expertisée,20,Bonne,7.384986107,48.102530621,HIXnJ
A1610030,A161003001,2009-03-23,1461.0,2026-05-31T20:30:42Z,16,Donnée validée,10,Expertisée,20,Bonne,7.384986107,48.102530621,HIXnJ
A1610030,A161003001,2009-03-24,1554.0,2026-05-31T20:30:42Z,16,Donnée validée,10,Expertisée,20,Bonne,7.384986107,48.102530621,HIXnJ
A1610030,A161003001,2009-03-25,1578.0,2026-05-31T20:30:42Z,16,Donnée validée,10,Expertisée,20,Bonne,7.384986107,48.102530621,HIXnJ
A1610030,A161003001,2009-03-26,1726.0,2026-05-31T20:30:42Z,16,Donnée validée,10,Expertisée,20,Bonne,7.384986107,48.102530621,HIXnJ
A1610030,A161003001,2009-03-27,1999.0,2026-05-31T20:30:42Z,16,Donnée validée,10,Expertisée,20,Bonne,7.384986107,48.102530621,HIXnJ
A1610030,A161003001,2009-03-28,2424.0,2026-05-31T20:30:42Z,16,Donnée validée,10,Expertisée,20,Bonne,7.384986107,48.102530621,HIXnJ
A1610030,A161003001,2009-03-29,2497.0,2026-05-31T20:30:42Z,16,Donnée validée,10,Expertisée,20,Bonne,7.384986107,48.102530621,HIXnJ
A1610030,A161003001,2009-03-30,2254.0,2026-05-31T20:30:42Z,16,Donnée validée,10,Expertisée,20,Bonne,7.384986107,48.102530621,HIXnJ
A1610030,A161003001,2009-03-31,1982.0,2026-05-31T20:30:42Z,16,Donnée validée,10,Expertisée,20,Bonne,7.384986107,48.102530621,HIXnJ
A1610030,A161003001,2009-04-01,1825.0,2026-05-31T20:30:42Z,16,Donnée validée,10,Expertisée,20,Bonne,7.384986107,48.102530621,HIXnJ
A1610030,A161003001,2009-04-02,1721.0,2026-05-31T20:30:42Z,16,Donnée validée,10,Expertisée,20,Bonne,7.384986107,48.102530621,HIXnJ
A1610030,A161003001,2009-04-03,1711.0,2026-05-31T20:30:42Z,16,Donnée validée,10,Expertisée,20,Bonne,7.384986107,48.102530621,HIXnJ
A1610030,A161003001,2009-04-04,1687.0,2026-05-31T20:30:42Z,16,Donnée validée,10,Expertisée,20,Bonne,7.384986107,48.102530621,HIXnJ
A1610030,A161003001,2009-04-05,1694.0,2026-05-31T20:30:42Z,16,Donnée validée,10,Expertisée,20,Bonne,7.384986107,48.102530621,HIXnJ
A1610030,A161003001,2009-04-06,1642.0,2026-05-31T20:30:42Z,16,Donnée validée,10,Expertisée,20,Bonne,7.384986107,48.102530621,HIXnJ
A1610030,A161003001,2009-04-07,1622.0,2026-05-31T20:30:42Z,16,Donnée validée,10,Expertisée,20,Bonne,7.384986107,48.102530621,HIXnJ
A1610030,A161003001,2009-04-08,1603.0,2026-05-31T20:30:42Z,16,Donnée validée,10,Expertisée,20,Bonne,7.384986107,48.102530621,HIXnJ
A1610030,A161003001,2009-04-09,1583.0,2026-05-31T20:30:42Z,16,Donnée validée,10,Expertisée,20,Bonne,7.384986107,48.102530621,HIXnJ
A1610030,A161003001,2009-04-10,1563.0,2026-05-31T20:30:42Z,16,Donnée validée,10,Expertisée,20,Bonne,7.384986107,48.102530621,HIXnJ
A1610030,A161003001,2009-04-11,1544.0,2026-05-31T20:30:42Z,16,Donnée validée,10,Expertisée,20,Bonne,7.384986107,48.102530621,HIXnJ
A1610030,A161003001,2009-04-12,1524.0,2026-05-31T20:30:42Z,16,Donnée validée,10,Expertisée,20,Bonne,7.384986107,48.102530621,HIXnJ
A1610030,A161003001,2009-04-13,1500.0,2026-05-31T20:30:42Z,16,Donnée validée,10,Expertisée,20,Bonne,7.384986107,48.102530621,HIXnJ
A1610030,A161003001,2009-04-14,1472.0,2026-05-31T20:30:42Z,16,Donnée validée,10,Expertisée,20,Bonne,7.384986107,48.102530621,HIXnJ
A1610030,A161003001,2009-04-15,1455.0,2026-05-31T20:30:42Z,16,Donnée validée,10,Expertisée,20,Bonne,7.384986107,48.102530621,HIXnJ
A1610030,A161003001,2009-04-16,1449.0,2026-05-31T20:30:42Z,16,Donnée validée,10,Expertisée,20,Bonne,7.384986107,48.102530621,HIXnJ
A1610030,A161003001,2009-04-17,1452.0,2026-05-31T20:30:42Z,16,Donnée validée,10,Expertisée,20,Bonne,7.384986107,48.102530621,HIXnJ
A1610030,A161003001,2009-04-18,1446.0,2026-05-31T20:30:42Z,16,Donnée validée,10,Expertisée,20,Bonne,7.384986107,48.102530621,HIXnJ
A1610030,A161003001,2009-04-19,1424.0,2026-05-31T20:30:42Z,16,Donnée validée,10,Expertisée,20,Bonne,7.384986107,48.102530621,HIXnJ
A1610030,A161003001,2009-04-20,1402.0,2026-05-31T20:30:42Z,16,Donnée validée,10,Expertisée,20,Bonne,7.384986107,48.102530621,HIXnJ
A1610030,A161003001,2009-04-21,1380.0,2026-05-31T20:30:42Z,16,Donnée validée,10,Expertisée,20,Bonne,7.384986107,48.102530621,HIXnJ
A1610030,A161003001,2009-04-22,1361.0,2026-05-31T20:30:42Z,16,Donnée validée,10,Expertisée,20,Bonne,7.384986107,48.102530621,HIXnJ
A1610030,A161003001,2009-04-23,1355.0,2026-05-31T20:30:42Z,16,Donnée validée,10,Expertisée,20,Bonne,7.384986107,48.102530621,HIXnJ
A1610030,A161003001,2009-04-24,1343.0,2026-05-31T20:30:42Z,16,Donnée validée,10,Expertisée,20,Bonne,7.384986107,48.102530621,HIXnJ
A1610030,A161003001,2009-04-25,1334.0,2026-05-31T20:30:42Z,16,Donnée validée,10,Expertisée,20,Bonne,7.384986107,48.102530621,HIXnJ
A1610030,A161003001,2009-04-26,1317.0,2026-05-31T20:30:42Z,16,Donnée validée,10,Expertisée,20,Bonne,7.384986107,48.102530621,HIXnJ
A1610030,A161003001,2009-04-27,1316.0,2026-05-31T20:30:42Z,16,Donnée validée,10,Expertisée,20,Bonne,7.384986107,48.102530621,HIXnJ
A1610030,A161003001,2009-04-28,1308.0,2026-05-31T20:30:42Z,16,Donnée validée,10,Expertisée,20,Bonne,7.384986107,48.102530621,HIXnJ
A1610030,A161003001,2009-04-29,1328.0,2026-05-31T20:30:42Z,16,Donnée validée,10,Expertisée,20,Bonne,7.384986107,48.102530621,HIXnJ
A1610030,A161003001,2009-04-30,1336.0,2026-05-31T20:30:42Z,16,Donnée validée,10,Expertisée,20,Bonne,7.384986107,48.102530621,HIXnJ
A1610030,A161003001,2009-05-01,1327.0,2026-05-31T20:30:42Z,16,Donnée validée,10,Expertisée,20,Bonne,7.384986107,48.102530621,HIXnJ
A1610030,A161003001,2009-05-02,1345.0,2026-05-31T20:30:42Z,16,Donnée validée,10,Expertisée,20,Bonne,7.384986107,48.102530621,HIXnJ
A1610030,A161003001,2009-05-03,1365.0,2026-05-31T20:30:42Z,16,Donnée validée,10,Expertisée,20,Bonne,7.384986107,48.102530621,HIXnJ
A1610030,A161003001,2009-05-04,1370.0,2026-05-31T20:30:42Z,16,Donnée validée,10,Expertisée,20,Bonne,7.384986107,48.102530621,HIXnJ
A1610030,A161003001,2009-05-05,1368.0,2026-05-31T20:30:42Z,16,Donnée validée,10,Expertisée,20,Bonne,7.384986107,48.102530621,HIXnJ
A1610030,A161003001,2009-05-06,1339.0,2026-05-31T20:30:42Z,16,Donnée validée,10,Expertisée,20,Bonne,7.384986107,48.102530621,HIXnJ
A1610030,A161003001,2009-05-07,1328.0,2026-05-31T20:30:42Z,16,Donnée validée,10,Expertisée,20,Bonne,7.384986107,48.102530621,HIXnJ
A1610030,A161003001,2009-05-08,1345.0,2026-05-31T20:30:42Z,16,Donnée validée,10,Expertisée,20,Bonne,7.384986107,48.102530621,HIXnJ
A1610030,A161003001,2009-05-09,1337.0,2026-05-31T20:30:42Z,16,Donnée validée,10,Expertisée,20,Bonne,7.384986107,48.102530621,HIXnJ
A1610030,A161003001,2009-05-10,1400.0,2026-05-31T20:30:42Z,16,Donnée validée,10,Expertisée,20,Bonne,7.384986107,48.102530621,HIXnJ
A1610030,A161003001,2009-05-11,1339.0,2026-05-31T20:30:42Z,16,Donnée validée,10,Expertisée,20,Bonne,7.384986107,48.102530621,HIXnJ
A1610030,A161003001,2009-05-12,1324.0,2026-05-31T20:30:42Z,16,Donnée validée,10,Expertisée,20,Bonne,7.384986107,48.102530621,HIXnJ
A1610030,A161003001,2009-05-13,1544.0,2026-05-31T20:30:42Z,16,Donnée validée,10,Expertisée,20,Bonne,7.384986107,48.102530621,HIXnJ
A1610030,A161003001,2009-05-14,1365.0,2026-05-31T20:30:42Z,16,Donnée validée,10,Expertisée,20,Bonne,7.384986107,48.102530621,HIXnJ
A1610030,A161003001,2009-05-15,1341.0,2026-05-31T20:30:42Z,16,Donnée validée,10,Expertisée,20,Bonne,7.384986107,48.102530621,HIXnJ
A1610030,A161003001,2009-05-16,1334.0,2026-05-31T20:30:42Z,16,Donnée validée,10,Expertisée,20,Bonne,7.384986107,48.102530621,HIXnJ
A1610030,A161003001,2009-05-17,1328.0,2026-05-31T20:30:42Z,16,Donnée validée,10,Expertisée,20,Bonne,7.384986107,48.102530621,HIXnJ
A1610030,A161003001,2009-05-18,1314.0,2026-05-31T20:30:42Z,16,Donnée validée,10,Expertisée,20,Bonne,7.384986107,48.102530621,HIXnJ
A1610030,A161003001,2009-05-19,1309.0,2026-05-31T20:30:42Z,16,Donnée validée,10,Expertisée,20,Bonne,7.384986107,48.102530621,HIXnJ
A1610030,A161003001,2009-05-20,1292.0,2026-05-31T20:30:42Z,16,Donnée validée,10,Expertisée,20,Bonne,7.384986107,48.102530621,HIXnJ
A1610030,A161003001,2009-05-21,1315.0,2026-05-31T20:30:42Z,16,Donnée validée,10,Expertisée,20,Bonne,7.384986107,48.102530621,HIXnJ
A1610030,A161003001,2009-05-22,1529.0,2026-05-31T20:30:42Z,16,Donnée validée,10,Expertisée,20,Bonne,7.384986107,48.102530621,HIXnJ
A1610030,A161003001,2009-05-23,1502.0,2026-05-31T20:30:42Z,16,Donnée validée,10,Expertisée,20,Bonne,7.384986107,48.102530621,HIXnJ
A1610030,A161003001,2009-05-24,1346.0,2026-05-31T20:30:42Z,16,Donnée validée,10,Expertisée,20,Bonne,7.384986107,48.102530621,HIXnJ
A1610030,A161003001,2009-05-25,1310.0,2026-05-31T20:30:42Z,16,Donnée validée,10,Expertisée,20,Bonne,7.384986107,48.102530621,HIXnJ
A1610030,A161003001,2009-05-26,1397.0,2026-05-31T20:30:42Z,16,Donnée validée,10,Expertisée,20,Bonne,7.384986107,48.102530621,HIXnJ
A1610030,A161003001,2009-05-27,1352.0,2026-05-31T20:30:42Z,16,Donnée validée,10,Expertisée,20,Bonne,7.384986107,48.102530621,HIXnJ
A1610030,A161003001,2009-05-28,1349.0,2026-05-31T20:30:42Z,16,Donnée validée,10,Expertisée,20,Bonne,7.384986107,48.102530621,HIXnJ
A1610030,A161003001,2009-05-29,1323.0,2026-05-31T20:30:42Z,16,Donnée validée,10,Expertisée,20,Bonne,7.384986107,48.102530621,HIXnJ
A1610030,A161003001,2009-05-30,1310.0,2026-05-31T20:30:42Z,16,Donnée validée,10,Expertisée,20,Bonne,7.384986107,48.102530621,HIXnJ
A1610030,A161003001,2009-05-31,1307.0,2026-05-31T20:30:42Z,16,Donnée validée,10,Expertisée,20,Bonne,7.384986107,48.102530621,HIXnJ
A1610030,A161003001,2009-06-01,1295.0,2026-05-31T20:30:42Z,16,Donnée validée,10,Expertisée,20,Bonne,7.384986107,48.102530621,HIXnJ
A1610030,A161003001,2009-06-02,1287.0,2026-05-31T20:30:42Z,16,Donnée validée,10,Expertisée,20,Bonne,7.384986107,48.102530621,HIXnJ
A1610030,A161003001,2009-06-03,1280.0,2026-05-31T20:30:42Z,16,Donnée validée,10,Expertisée,20,Bonne,7.384986107,48.102530621,HIXnJ
A1610030,A161003001,2009-06-04,1279.0,2026-05-31T20:30:42Z,16,Donnée validée,10,Expertisée,20,Bonne,7.384986107,48.102530621,HIXnJ
A1610030,A161003001,2009-06-05,1293.0,2026-05-31T20:30:42Z,16,Donnée validée,10,Expertisée,20,Bonne,7.384986107,48.102530621,HIXnJ
A1610030,A161003001,2009-06-06,1313.0,2026-05-31T20:30:42Z,16,Donnée validée,10,Expertisée,20,Bonne,7.384986107,48.102530621,HIXnJ
A1610030,A161003001,2009-06-07,1314.0,2026-05-31T20:30:42Z,16,Donnée validée,10,Expertisée,20,Bonne,7.384986107,48.102530621,HIXnJ
A1610030,A161003001,2009-06-08,1323.0,2026-05-31T20:30:42Z,16,Donnée validée,10,Expertisée,20,Bonne,7.384986107,48.102530621,HIXnJ
A1610030,A161003001,2009-06-09,1364.0,2026-05-31T20:30:42Z,16,Donnée validée,10,Expertisée,20,Bonne,7.384986107,48.102530621,HIXnJ
A1610030,A161003001,2009-06-10,1410.0,2026-05-31T20:30:42Z,16,Donnée validée,10,Expertisée,20,Bonne,7.384986107,48.102530621,HIXnJ
A1610030,A161003001,2009-06-11,1365.0,2026-05-31T20:30:42Z,16,Donnée validée,10,Expertisée,20,Bonne,7.384986107,48.102530621,HIXnJ
A1610030,A161003001,2009-06-12,1361.0,2026-05-31T20:30:42Z,16,Donnée validée,10,Expertisée,20,Bonne,7.384986107,48.102530621,HIXnJ
A1610030,A161003001,2009-06-13,1314.0,2026-05-31T20:30:42Z,16,Donnée validée,10,Expertisée,20,Bonne,7.384986107,48.102530621,HIXnJ
A1610030,A161003001,2009-06-14,1303.0,2026-05-31T20:30:42Z,16,Donnée validée,10,Expertisée,20,Bonne,7.384986107,48.102530621,HIXnJ
A1610030,A161003001,2009-06-15,1412.0,2026-05-31T20:30:42Z,16,Donnée validée,10,Expertisée,20,Bonne,7.384986107,48.102530621,HIXnJ
A1610030,A161003001,2009-06-16,1547.0,2026-05-31T20:30:42Z,16,Donnée validée,10,Expertisée,20,Bonne,7.384986107,48.102530621,HIXnJ
A1610030,A161003001,2009-06-17,1509.0,2026-05-31T20:30:42Z,16,Donnée validée,10,Expertisée,20,Bonne,7.384986107,48.102530621,HIXnJ
A1610030,A161003001,2009-06-18,1373.0,2026-05-31T20:30:42Z,16,Donnée validée,10,Expertisée,20,Bonne,7.384986107,48.102530621,HIXnJ
A1610030,A161003001,2009-06-19,1387.0,2026-05-31T20:30:42Z,16,Donnée validée,10,Expertisée,20,Bonne,7.384986107,48.102530621,HIXnJ
A1610030,A161003001,2009-06-20,1333.0,2026-05-31T20:30:42Z,16,Donnée validée,10,Expertisée,20,Bonne,7.384986107,48.102530621,HIXnJ
A1610030,A161003001,2009-06-21,1389.0,2026-05-31T20:30:42Z,16,Donnée validée,10,Expertisée,20,Bonne,7.384986107,48.102530621,HIXnJ
A1610030,A161003001,2009-06-22,1338.0,2026-05-31T20:30:42Z,16,Donnée validée,10,Expertisée,20,Bonne,7.384986107,48.102530621,HIXnJ
A1610030,A161003001,2009-06-23,1322.0,2026-05-31T20:30:42Z,16,Donnée validée,10,Expertisée,20,Bonne,7.384986107,48.102530621,HIXnJ
A1610030,A161003001,2009-06-24,1313.0,2026-05-31T20:30:42Z,16,Donnée validée,10,Expertisée,20,Bonne,7.384986107,48.102530621,HIXnJ
A1610030,A161003001,2009-06-25,1299.0,2026-05-31T20:30:42Z,16,Donnée validée,10,Expertisée,20,Bonne,7.384986107,48.102530621,HIXnJ
A1610030,A161003001,2009-06-26,1331.0,2026-05-31T20:30:42Z,16,Donnée validée,10,Expertisée,20,Bonne,7.384986107,48.102530621,HIXnJ
A1610030,A161003001,2009-06-27,1491.0,2026-05-31T20:30:42Z,16,Donnée validée,10,Expertisée,20,Bonne,7.384986107,48.102530621,HIXnJ
A1610030,A161003001,2009-06-28,1459.0,2026-05-31T20:30:42Z,16,Donnée validée,10,Expertisée,20,Bonne,7.384986107,48.102530621,HIXnJ
A1610030,A161003001,2009-06-29,1342.0,2026-05-31T20:30:42Z,16,Donnée validée,10,Expertisée,20,Bonne,7.384986107,48.102530621,HIXnJ
A1610030,A161003001,2009-06-30,1314.0,2026-05-31T20:30:42Z,16,Donnée validée,10,Expertisée,20,Bonne,7.384986107,48.102530621,HIXnJ
A1610030,A161003001,2009-07-01,1291.0,2026-05-31T20:30:42Z,16,Donnée validée,10,Expertisée,20,Bonne,7.384986107,48.102530621,HIXnJ
A1610030,A161003001,2009-07-02,1285.0,2026-05-31T20:30:42Z,16,Donnée validée,10,Expertisée,20,Bonne,7.384986107,48.102530621,HIXnJ
A1610030,A161003001,2009-07-03,1593.0,2026-05-31T20:30:42Z,16,Donnée validée,10,Expertisée,20,Bonne,7.384986107,48.102530621,HIXnJ
A1610030,A161003001,2009-07-04,1679.0,2026-05-31T20:30:42Z,16,Donnée validée,10,Expertisée,20,Bonne,7.384986107,48.102530621,HIXnJ
A1610030,A161003001,2009-07-05,1373.0,2026-05-31T20:30:42Z,16,Donnée validée,10,Expertisée,20,Bonne,7.384986107,48.102530621,HIXnJ
A1610030,A161003001,2009-07-06,1459.0,2026-05-31T20:30:42Z,16,Donnée validée,10,Expertisée,20,Bonne,7.384986107,48.102530621,HIXnJ
A1610030,A161003001,2009-07-07,1330.0,2026-05-31T20:30:42Z,16,Donnée validée,10,Expertisée,20,Bonne,7.384986107,48.102530621,HIXnJ
A1610030,A161003001,2009-07-08,1348.0,2026-05-31T20:30:42Z,16,Donnée validée,10,Expertisée,20,Bonne,7.384986107,48.102530621,HIXnJ
A1610030,A161003001,2009-07-09,1347.0,2026-05-31T20:30:42Z,16,Donnée validée,10,Expertisée,20,Bonne,7.384986107,48.102530621,HIXnJ
A1610030,A161003001,2009-07-10,1329.0,2026-05-31T20:30:42Z,16,Donnée validée,10,Expertisée,20,Bonne,7.384986107,48.102530621,HIXnJ
A1610030,A161003001,2009-07-11,1315.0,2026-05-31T20:30:42Z,16,Donnée validée,10,Expertisée,20,Bonne,7.384986107,48.102530621,HIXnJ
A1610030,A161003001,2009-07-12,1302.0,2026-05-31T20:30:42Z,16,Donnée validée,10,Expertisée,20,Bonne,7.384986107,48.102530621,HIXnJ
A1610030,A161003001,2009-07-13,1302.0,2026-05-31T20:30:42Z,16,Donnée validée,10,Expertisée,20,Bonne,7.384986107,48.102530621,HIXnJ
A1610030,A161003001,2009-07-14,1530.0,2026-05-31T20:30:42Z,16,Donnée validée,10,Expertisée,20,Bonne,7.384986107,48.102530621,HIXnJ
A1610030,A161003001,2009-07-15,1884.0,2026-05-31T20:30:42Z,16,Donnée validée,10,Expertisée,20,Bonne,7.384986107,48.102530621,HIXnJ
A1610030,A161003001,2009-07-16,1752.0,2026-05-31T20:30:42Z,16,Donnée validée,10,Expertisée,20,Bonne,7.384986107,48.102530621,HIXnJ
A1610030,A161003001,2009-07-17,1525.0,2026-05-31T20:30:42Z,16,Donnée validée,10,Expertisée,20,Bonne,7.384986107,48.102530621,HIXnJ
A1610030,A161003001,2009-07-18,1524.0,2026-05-31T20:30:42Z,16,Donnée validée,10,Expertisée,20,Bonne,7.384986107,48.102530621,HIXnJ
A1610030,A161003001,2009-07-19,1521.0,2026-05-31T20:30:42Z,16,Donnée validée,10,Expertisée,20,Bonne,7.384986107,48.102530621,HIXnJ
A1610030,A161003001,2009-07-20,1498.0,2026-05-31T20:30:42Z,16,Donnée validée,10,Expertisée,20,Bonne,7.384986107,48.102530621,HIXnJ
A1610030,A161003001,2009-07-21,1463.0,2026-05-31T20:30:42Z,16,Donnée validée,10,Expertisée,20,Bonne,7.384986107,48.102530621,HIXnJ
A1610030,A161003001,2009-07-22,1426.0,2026-05-31T20:30:42Z,16,Donnée validée,10,Expertisée,20,Bonne,7.384986107,48.102530621,HIXnJ
A1610030,A161003001,2009-07-23,1423.0,2026-05-31T20:30:42Z,16,Donnée validée,10,Expertisée,20,Bonne,7.384986107,48.102530621,HIXnJ
A1610030,A161003001,2009-07-24,1422.0,2026-05-31T20:30:42Z,16,Donnée validée,10,Expertisée,20,Bonne,7.384986107,48.102530621,HIXnJ
A1610030,A161003001,2009-07-25,1389.0,2026-05-31T20:30:42Z,16,Donnée validée,10,Expertisée,20,Bonne,7.384986107,48.102530621,HIXnJ
A1610030,A161003001,2009-07-26,1379.0,2026-05-31T20:30:42Z,16,Donnée validée,10,Expertisée,20,Bonne,7.384986107,48.102530621,HIXnJ
A1610030,A161003001,2009-07-27,1430.0,2026-05-31T20:30:42Z,16,Donnée validée,10,Expertisée,20,Bonne,7.384986107,48.102530621,HIXnJ
A1610030,A161003001,2009-07-28,1380.0,2026-05-31T20:30:42Z,16,Donnée validée,10,Expertisée,20,Bonne,7.384986107,48.102530621,HIXnJ
A1610030,A161003001,2009-07-29,1362.0,2026-05-31T20:30:42Z,16,Donnée validée,10,Expertisée,20,Bonne,7.384986107,48.102530621,HIXnJ
A1610030,A161003001,2009-07-30,1339.0,2026-05-31T20:30:42Z,16,Donnée validée,10,Expertisée,20,Bonne,7.384986107,48.102530621,HIXnJ
A1610030,A161003001,2009-07-31,1332.0,2026-05-31T20:30:42Z,16,Donnée validée,10,Expertisée,20,Bonne,7.384986107,48.102530621,HIXnJ
A1610030,A161003001,2009-08-01,1329.0,2026-05-31T20:30:42Z,16,Donnée validée,10,Expertisée,20,Bonne,7.384986107,48.102530621,HIXnJ
A1610030,A161003001,2009-08-02,1464.0,2026-05-31T20:30:42Z,16,Donnée validée,10,Expertisée,20,Bonne,7.384986107,48.102530621,HIXnJ
A1610030,A161003001,2009-08-03,1386.0,2026-05-31T20:30:42Z,16,Donnée validée,10,Expertisée,20,Bonne,7.384986107,48.102530621,HIXnJ
A1610030,A161003001,2009-08-04,1345.0,2026-05-31T20:30:42Z,16,Donnée validée,10,Expertisée,20,Bonne,7.384986107,48.102530621,HIXnJ
A1610030,A161003001,2009-08-05,1323.0,2026-05-31T20:30:42Z,16,Donnée validée,10,Expertisée,20,Bonne,7.384986107,48.102530621,HIXnJ
A1610030,A161003001,2009-08-06,1319.0,2026-05-31T20:30:42Z,16,Donnée validée,10,Expertisée,20,Bonne,7.384986107,48.102530621,HIXnJ
A1610030,A161003001,2009-08-07,1303.0,2026-05-31T20:30:42Z,16,Donnée validée,10,Expertisée,20,Bonne,7.384986107,48.102530621,HIXnJ
A1610030,A161003001,2009-08-08,1432.0,2026-05-31T20:30:42Z,16,Donnée validée,10,Expertisée,20,Bonne,7.384986107,48.102530621,HIXnJ
A1610030,A161003001,2009-08-09,1372.0,2026-05-31T20:30:42Z,16,Donnée validée,10,Expertisée,20,Bonne,7.384986107,48.102530621,HIXnJ
A1610030,A161003001,2009-08-10,1421.0,2026-05-31T20:30:42Z,16,Donnée validée,10,Expertisée,20,Bonne,7.384986107,48.102530621,HIXnJ
A1610030,A161003001,2009-08-11,1396.0,2026-05-31T20:30:42Z,16,Donnée validée,10,Expertisée,20,Bonne,7.384986107,48.102530621,HIXnJ
A1610030,A161003001,2009-08-12,1372.0,2026-05-31T20:30:42Z,16,Donnée validée,10,Expertisée,20,Bonne,7.384986107,48.102530621,HIXnJ
A1610030,A161003001,2009-08-13,1328.0,2026-05-31T20:30:42Z,16,Donnée validée,10,Expertisée,20,Bonne,7.384986107,48.102530621,HIXnJ
A1610030,A161003001,2009-08-14,1321.0,2026-05-31T20:30:42Z,16,Donnée validée,10,Expertisée,20,Bonne,7.384986107,48.102530621,HIXnJ
A1610030,A161003001,2009-08-15,1316.0,2026-05-31T20:30:42Z,16,Donnée validée,10,Expertisée,20,Bonne,7.384986107,48.102530621,HIXnJ
A1610030,A161003001,2009-08-16,1308.0,2026-05-31T20:30:42Z,16,Donnée validée,10,Expertisée,20,Bonne,7.384986107,48.102530621,HIXnJ
A1610030,A161003001,2009-08-17,1304.0,2026-05-31T20:30:42Z,16,Donnée validée,10,Expertisée,20,Bonne,7.384986107,48.102530621,HIXnJ
A1610030,A161003001,2009-08-18,1320.0,2026-05-31T20:30:42Z,16,Donnée validée,10,Expertisée,20,Bonne,7.384986107,48.102530621,HIXnJ
A1610030,A161003001,2009-08-19,1348.0,2026-05-31T20:30:42Z,16,Donnée validée,10,Expertisée,20,Bonne,7.384986107,48.102530621,HIXnJ
A1610030,A161003001,2009-08-20,1296.0,2026-05-31T20:30:42Z,16,Donnée validée,10,Expertisée,20,Bonne,7.384986107,48.102530621,HIXnJ
A1610030,A161003001,2009-08-21,1281.0,2026-05-31T20:30:42Z,16,Donnée validée,10,Expertisée,20,Bonne,7.384986107,48.102530621,HIXnJ
A1610030,A161003001,2009-08-22,1281.0,2026-05-31T20:30:42Z,16,Donnée validée,10,Expertisée,20,Bonne,7.384986107,48.102530621,HIXnJ
A1610030,A161003001,2009-08-23,1279.0,2026-05-31T20:30:42Z,16,Donnée validée,10,Expertisée,20,Bonne,7.384986107,48.102530621,HIXnJ
A1610030,A161003001,2009-08-24,1284.0,2026-05-31T20:30:42Z,16,Donnée validée,10,Expertisée,20,Bonne,7.384986107,48.102530621,HIXnJ
A1610030,A161003001,2009-08-25,1332.0,2026-05-31T20:30:42Z,16,Donnée validée,10,Expertisée,20,Bonne,7.384986107,48.102530621,HIXnJ
A1610030,A161003001,2009-08-26,1289.0,2026-05-31T20:30:42Z,16,Donnée validée,10,Expertisée,20,Bonne,7.384986107,48.102530621,HIXnJ
A1610030,A161003001,2009-08-27,1287.0,2026-05-31T20:30:42Z,16,Donnée validée,10,Expertisée,20,Bonne,7.384986107,48.102530621,HIXnJ
A1610030,A161003001,2009-08-28,1277.0,2026-05-31T20:30:42Z,16,Donnée validée,10,Expertisée,20,Bonne,7.384986107,48.102530621,HIXnJ
A1610030,A161003001,2009-08-29,1272.0,2026-05-31T20:30:42Z,16,Donnée validée,10,Expertisée,20,Bonne,7.384986107,48.102530621,HIXnJ
A1610030,A161003001,2009-08-30,1261.0,2026-05-31T20:30:42Z,16,Donnée validée,10,Expertisée,20,Bonne,7.384986107,48.102530621,HIXnJ
A1610030,A161003001,2009-08-31,1263.0,2026-05-31T20:30:42Z,16,Donnée validée,10,Expertisée,20,Bonne,7.384986107,48.102530621,HIXnJ
A1610030,A161003001,2009-09-01,1289.0,2026-05-31T20:30:42Z,16,Donnée validée,10,Expertisée,20,Bonne,7.384986107,48.102530621,HIXnJ
A1610030,A161003001,2009-09-02,1315.0,2026-05-31T20:30:42Z,16,Donnée validée,10,Expertisée,20,Bonne,7.384986107,48.102530621,HIXnJ
A1610030,A161003001,2009-09-03,1295.0,2026-05-31T20:30:42Z,16,Donnée validée,10,Expertisée,20,Bonne,7.384986107,48.102530621,HIXnJ
A1610030,A161003001,2009-09-04,1335.0,2026-05-31T20:30:42Z,16,Donnée validée,10,Expertisée,20,Bonne,7.384986107,48.102530621,HIXnJ
A1610030,A161003001,2009-09-05,1336.0,2026-05-31T20:30:42Z,16,Donnée validée,10,Expertisée,20,Bonne,7.384986107,48.102530621,HIXnJ
A1610030,A161003001,2009-09-06,1308.0,2026-05-31T20:30:42Z,16,Donnée validée,10,Expertisée,20,Bonne,7.384986107,48.102530621,HIXnJ
A1610030,A161003001,2009-09-07,1288.0,2026-05-31T20:30:42Z,16,Donnée validée,10,Expertisée,20,Bonne,7.384986107,48.102530621,HIXnJ
A1610030,A161003001,2009-09-08,1292.0,2026-05-31T20:30:42Z,16,Donnée validée,10,Expertisée,20,Bonne,7.384986107,48.102530621,HIXnJ
A1610030,A161003001,2009-09-09,1281.0,2026-05-31T20:30:42Z,16,Donnée validée,10,Expertisée,20,Bonne,7.384986107,48.102530621,HIXnJ
A1610030,A161003001,2009-09-10,1271.0,2026-05-31T20:30:42Z,16,Donnée validée,10,Expertisée,20,Bonne,7.384986107,48.102530621,HIXnJ
A1610030,A161003001,2009-09-11,1266.0,2026-05-31T20:30:42Z,16,Donnée validée,10,Expertisée,20,Bonne,7.384986107,48.102530621,HIXnJ
A1610030,A161003001,2009-09-12,1255.0,2026-05-31T20:30:42Z,16,Donnée validée,10,Expertisée,20,Bonne,7.384986107,48.102530621,HIXnJ
A1610030,A161003001,2009-09-13,1255.0,2026-05-31T20:30:42Z,16,Donnée validée,10,Expertisée,20,Bonne,7.384986107,48.102530621,HIXnJ
A1610030,A161003001,2009-09-14,1259.0,2026-05-31T20:30:42Z,16,Donnée validée,10,Expertisée,20,Bonne,7.384986107,48.102530621,HIXnJ
A1610030,A161003001,2009-09-15,1254.0,2026-05-31T20:30:42Z,16,Donnée validée,10,Expertisée,20,Bonne,7.384986107,48.102530621,HIXnJ
A1610030,A161003001,2009-09-16,1260.0,2026-05-31T20:30:42Z,16,Donnée validée,10,Expertisée,20,Bonne,7.384986107,48.102530621,HIXnJ
A1610030,A161003001,2009-09-17,1316.0,2026-05-31T20:30:42Z,16,Donnée validée,10,Expertisée,20,Bonne,7.384986107,48.102530621,HIXnJ
A1610030,A161003001,2009-09-18,1289.0,2026-05-31T20:30:42Z,16,Donnée validée,10,Expertisée,20,Bonne,7.384986107,48.102530621,HIXnJ
A1610030,A161003001,2009-09-19,1279.0,2026-05-31T20:30:42Z,16,Donnée validée,10,Expertisée,20,Bonne,7.384986107,48.102530621,HIXnJ
A1610030,A161003001,2009-09-20,1276.0,2026-05-31T20:30:42Z,16,Donnée validée,10,Expertisée,20,Bonne,7.384986107,48.102530621,HIXnJ
A1610030,A161003001,2009-09-21,1272.0,2026-05-31T20:30:42Z,16,Donnée validée,10,Expertisée,20,Bonne,7.384986107,48.102530621,HIXnJ
A1610030,A161003001,2009-09-22,1264.0,2026-05-31T20:30:42Z,16,Donnée validée,10,Expertisée,20,Bonne,7.384986107,48.102530621,HIXnJ
A1610030,A161003001,2009-09-23,1255.0,2026-05-31T20:30:42Z,16,Donnée validée,10,Expertisée,20,Bonne,7.384986107,48.102530621,HIXnJ
A1610030,A161003001,2009-09-24,1247.0,2026-05-31T20:30:42Z,16,Donnée validée,10,Expertisée,20,Bonne,7.384986107,48.102530621,HIXnJ
A1610030,A161003001,2009-09-25,1239.0,2026-05-31T20:30:42Z,16,Donnée validée,10,Expertisée,20,Bonne,7.384986107,48.102530621,HIXnJ
A1610030,A161003001,2009-09-26,1237.0,2026-05-31T20:30:42Z,16,Donnée validée,10,Expertisée,20,Bonne,7.384986107,48.102530621,HIXnJ
A1610030,A161003001,2009-09-27,1243.0,2026-05-31T20:30:42Z,16,Donnée validée,10,Expertisée,20,Bonne,7.384986107,48.102530621,HIXnJ
A1610030,A161003001,2009-09-28,1237.0,2026-05-31T20:30:42Z,16,Donnée validée,10,Expertisée,20,Bonne,7.384986107,48.102530621,HIXnJ
A1610030,A161003001,2009-09-29,1230.0,2026-05-31T20:30:42Z,16,Donnée validée,10,Expertisée,20,Bonne,7.384986107,48.102530621,HIXnJ
A1610030,A161003001,2009-09-30,1228.0,2026-05-31T20:30:42Z,16,Donnée validée,10,Expertisée,20,Bonne,7.384986107,48.102530621,HIXnJ
A1610030,A161003001,2009-10-01,1226.0,2026-05-31T20:30:42Z,16,Donnée validée,10,Expertisée,20,Bonne,7.384986107,48.102530621,HIXnJ
A1610030,A161003001,2009-10-02,1223.0,2026-05-31T20:30:42Z,16,Donnée validée,10,Expertisée,20,Bonne,7.384986107,48.102530621,HIXnJ
A1610030,A161003001,2009-10-03,1225.0,2026-05-31T20:30:42Z,16,Donnée validée,10,Expertisée,20,Bonne,7.384986107,48.102530621,HIXnJ
A1610030,A161003001,2009-10-04,1221.0,2026-05-31T20:30:42Z,16,Donnée validée,10,Expertisée,20,Bonne,7.384986107,48.102530621,HIXnJ
A1610030,A161003001,2009-10-05,1213.0,2026-05-31T20:30:42Z,16,Donnée validée,10,Expertisée,20,Bonne,7.384986107,48.102530621,HIXnJ
A1610030,A161003001,2009-10-06,1221.0,2026-05-31T20:30:42Z,16,Donnée validée,10,Expertisée,20,Bonne,7.384986107,48.102530621,HIXnJ
A1610030,A161003001,2009-10-07,1217.0,2026-05-31T20:30:42Z,16,Donnée validée,10,Expertisée,20,Bonne,7.384986107,48.102530621,HIXnJ
A1610030,A161003001,2009-10-08,1344.0,2026-05-31T20:30:42Z,16,Donnée validée,10,Expertisée,20,Bonne,7.384986107,48.102530621,HIXnJ
A1610030,A161003001,2009-10-09,1369.0,2026-05-31T20:30:42Z,16,Donnée validée,10,Expertisée,20,Bonne,7.384986107,48.102530621,HIXnJ
A1610030,A161003001,2009-10-10,1305.0,2026-05-31T20:30:42Z,16,Donnée validée,10,Expertisée,20,Bonne,7.384986107,48.102530621,HIXnJ
A1610030,A161003001,2009-10-11,1309.0,2026-05-31T20:30:42Z,16,Donnée validée,10,Expertisée,20,Bonne,7.384986107,48.102530621,HIXnJ
A1610030,A161003001,2009-10-12,1269.0,2026-05-31T20:30:42Z,16,Donnée validée,10,Expertisée,20,Bonne,7.384986107,48.102530621,HIXnJ
A1610030,A161003001,2009-10-13,1278.0,2026-05-31T20:30:42Z,16,Donnée validée,10,Expertisée,20,Bonne,7.384986107,48.102530621,HIXnJ
A1610030,A161003001,2009-10-14,1257.0,2026-05-31T20:30:42Z,16,Donnée validée,10,Expertisée,20,Bonne,7.384986107,48.102530621,HIXnJ
A1610030,A161003001,2009-10-15,1244.0,2026-05-31T20:30:42Z,16,Donnée validée,10,Expertisée,20,Bonne,7.384986107,48.102530621,HIXnJ
A1610030,A161003001,2009-10-16,1243.0,2026-05-31T20:30:42Z,16,Donnée validée,10,Expertisée,20,Bonne,7.384986107,48.102530621,HIXnJ
A1610030,A161003001,2009-10-17,1242.0,2026-05-31T20:30:42Z,16,Donnée validée,10,Expertisée,20,Bonne,7.384986107,48.102530621,HIXnJ
A1610030,A161003001,2009-10-18,1243.0,2026-05-31T20:30:42Z,16,Donnée validée,10,Expertisée,20,Bonne,7.384986107,48.102530621,HIXnJ
A1610030,A161003001,2009-10-19,1247.0,2026-05-31T20:30:42Z,16,Donnée validée,10,Expertisée,20,Bonne,7.384986107,48.102530621,HIXnJ
A1610030,A161003001,2009-10-20,1249.0,2026-05-31T20:30:42Z,16,Donnée validée,10,Expertisée,20,Bonne,7.384986107,48.102530621,HIXnJ
A1610030,A161003001,2009-10-21,1248.0,2026-05-31T20:30:42Z,16,Donnée validée,10,Expertisée,20,Bonne,7.384986107,48.102530621,HIXnJ
A1610030,A161003001,2009-10-22,1245.0,2026-05-31T20:30:42Z,16,Donnée validée,10,Expertisée,20,Bonne,7.384986107,48.102530621,HIXnJ
A1610030,A161003001,2009-10-23,1253.0,2026-05-31T20:30:42Z,16,Donnée validée,10,Expertisée,20,Bonne,7.384986107,48.102530621,HIXnJ
A1610030,A161003001,2009-10-24,1260.0,2026-05-31T20:30:42Z,16,Donnée validée,10,Expertisée,20,Bonne,7.384986107,48.102530621,HIXnJ
A1610030,A161003001,2009-10-25,1252.0,2026-05-31T20:30:42Z,16,Donnée validée,10,Expertisée,20,Bonne,7.384986107,48.102530621,HIXnJ
A1610030,A161003001,2009-10-26,1237.0,2026-05-31T20:30:42Z,16,Donnée validée,10,Expertisée,20,Bonne,7.384986107,48.102530621,HIXnJ
A1610030,A161003001,2009-10-27,1229.0,2026-05-31T20:30:42Z,16,Donnée validée,10,Expertisée,20,Bonne,7.384986107,48.102530621,HIXnJ
A1610030,A161003001,2009-10-28,1224.0,2026-05-31T20:30:42Z,16,Donnée validée,10,Expertisée,20,Bonne,7.384986107,48.102530621,HIXnJ
A1610030,A161003001,2009-10-29,1241.0,2026-05-31T20:30:42Z,16,Donnée validée,10,Expertisée,20,Bonne,7.384986107,48.102530621,HIXnJ
A1610030,A161003001,2009-10-30,1240.0,2026-05-31T20:30:42Z,16,Donnée validée,10,Expertisée,20,Bonne,7.384986107,48.102530621,HIXnJ
A1610030,A161003001,2009-10-31,1236.0,2026-05-31T20:30:42Z,16,Donnée validée,10,Expertisée,20,Bonne,7.384986107,48.102530621,HIXnJ
A1610030,A161003001,2009-11-01,1233.0,2026-05-31T20:30:42Z,16,Donnée validée,10,Expertisée,20,Bonne,7.384986107,48.102530621,HIXnJ
A1610030,A161003001,2009-11-02,1259.0,2026-05-31T20:30:42Z,16,Donnée validée,10,Expertisée,20,Bonne,7.384986107,48.102530621,HIXnJ
A1610030,A161003001,2009-11-03,1308.0,2026-05-31T20:30:42Z,16,Donnée validée,10,Expertisée,20,Bonne,7.384986107,48.102530621,HIXnJ
A1610030,A161003001,2009-11-04,1540.0,2026-05-31T20:30:42Z,16,Donnée validée,10,Expertisée,20,Bonne,7.384986107,48.102530621,HIXnJ
A1610030,A161003001,2009-11-05,1512.0,2026-05-31T20:30:42Z,16,Donnée validée,10,Expertisée,20,Bonne,7.384986107,48.102530621,HIXnJ
A1610030,A161003001,2009-11-06,1395.0,2026-05-31T20:30:42Z,16,Donnée validée,10,Expertisée,20,Bonne,7.384986107,48.102530621,HIXnJ
A1610030,A161003001,2009-11-07,1356.0,2026-05-31T20:30:42Z,16,Donnée validée,10,Expertisée,20,Bonne,7.384986107,48.102530621,HIXnJ
A1610030,A161003001,2009-11-08,1360.0,2026-05-31T20:30:42Z,16,Donnée validée,10,Expertisée,20,Bonne,7.384986107,48.102530621,HIXnJ
A1610030,A161003001,2009-11-09,1362.0,2026-05-31T20:30:42Z,16,Donnée validée,10,Expertisée,20,Bonne,7.384986107,48.102530621,HIXnJ
A1610030,A161003001,2009-11-10,1382.0,2026-05-31T20:30:42Z,16,Donnée validée,10,Expertisée,20,Bonne,7.384986107,48.102530621,HIXnJ
A1610030,A161003001,2009-11-11,1378.0,2026-05-31T20:30:42Z,16,Donnée validée,10,Expertisée,20,Bonne,7.384986107,48.102530621,HIXnJ
A1610030,A161003001,2009-11-12,1345.0,2026-05-31T20:30:42Z,16,Donnée validée,10,Expertisée,20,Bonne,7.384986107,48.102530621,HIXnJ
A1610030,A161003001,2009-11-13,1334.0,2026-05-31T20:30:42Z,16,Donnée validée,10,Expertisée,20,Bonne,7.384986107,48.102530621,HIXnJ
A1610030,A161003001,2009-11-14,1335.0,2026-05-31T20:30:42Z,16,Donnée validée,10,Expertisée,20,Bonne,7.384986107,48.102530621,HIXnJ
A1610030,A161003001,2009-11-15,1358.0,2026-05-31T20:30:42Z,16,Donnée validée,10,Expertisée,20,Bonne,7.384986107,48.102530621,HIXnJ
A1610030,A161003001,2009-11-16,1405.0,2026-05-31T20:30:42Z,16,Donnée validée,10,Expertisée,20,Bonne,7.384986107,48.102530621,HIXnJ
A1610030,A161003001,2009-11-17,1422.0,2026-05-31T20:30:42Z,16,Donnée validée,10,Expertisée,20,Bonne,7.384986107,48.102530621,HIXnJ
A1610030,A161003001,2009-11-18,1385.0,2026-05-31T20:30:42Z,16,Donnée validée,10,Expertisée,20,Bonne,7.384986107,48.102530621,HIXnJ
A1610030,A161003001,2009-11-19,1360.0,2026-05-31T20:30:42Z,16,Donnée validée,10,Expertisée,20,Bonne,7.384986107,48.102530621,HIXnJ
A1610030,A161003001,2009-11-20,1328.0,2026-05-31T20:30:42Z,16,Donnée validée,10,Expertisée,20,Bonne,7.384986107,48.102530621,HIXnJ
A1610030,A161003001,2009-11-21,1306.0,2026-05-31T20:30:42Z,16,Donnée validée,10,Expertisée,20,Bonne,7.384986107,48.102530621,HIXnJ
A1610030,A161003001,2009-11-22,1283.0,2026-05-31T20:30:42Z,16,Donnée validée,10,Expertisée,20,Bonne,7.384986107,48.102530621,HIXnJ
A1610030,A161003001,2009-11-23,1299.0,2026-05-31T20:30:42Z,16,Donnée validée,10,Expertisée,20,Bonne,7.384986107,48.102530621,HIXnJ
A1610030,A161003001,2009-11-24,1974.0,2026-05-31T20:30:42Z,16,Donnée validée,10,Expertisée,20,Bonne,7.384986107,48.102530621,HIXnJ
A1610030,A161003001,2009-11-25,1996.0,2026-05-31T20:30:42Z,16,Donnée validée,10,Expertisée,20,Bonne,7.384986107,48.102530621,HIXnJ
A1610030,A161003001,2009-11-26,1761.0,2026-05-31T20:30:42Z,16,Donnée validée,10,Expertisée,20,Bonne,7.384986107,48.102530621,HIXnJ
A1610030,A161003001,2009-11-27,1598.0,2026-05-31T20:30:42Z,16,Donnée validée,10,Expertisée,20,Bonne,7.384986107,48.102530621,HIXnJ
A1610030,A161003001,2009-11-28,1532.0,2026-05-31T20:30:42Z,16,Donnée validée,10,Expertisée,20,Bonne,7.384986107,48.102530621,HIXnJ
A1610030,A161003001,2009-11-29,1504.0,2026-05-31T20:30:42Z,16,Donnée validée,10,Expertisée,20,Bonne,7.384986107,48.102530621,HIXnJ
A1610030,A161003001,2009-11-30,1463.0,2026-05-31T20:30:42Z,16,Donnée validée,10,Expertisée,20,Bonne,7.384986107,48.102530621,HIXnJ
A1610030,A161003001,2009-12-01,1530.0,2026-05-31T20:30:42Z,16,Donnée validée,10,Expertisée,20,Bonne,7.384986107,48.102530621,HIXnJ
A1610030,A161003001,2009-12-02,1520.0,2026-05-31T20:30:42Z,16,Donnée validée,10,Expertisée,20,Bonne,7.384986107,48.102530621,HIXnJ
A1610030,A161003001,2009-12-03,1453.0,2026-05-31T20:30:42Z,16,Donnée validée,10,Expertisée,20,Bonne,7.384986107,48.102530621,HIXnJ
A1610030,A161003001,2009-12-04,1415.0,2026-05-31T20:30:42Z,16,Donnée validée,10,Expertisée,20,Bonne,7.384986107,48.102530621,HIXnJ
A1610030,A161003001,2009-12-05,1407.0,2026-05-31T20:30:42Z,16,Donnée validée,10,Expertisée,20,Bonne,7.384986107,48.102530621,HIXnJ
A1610030,A161003001,2009-12-06,1379.0,2026-05-31T20:30:42Z,16,Donnée validée,10,Expertisée,20,Bonne,7.384986107,48.102530621,HIXnJ
A1610030,A161003001,2009-12-07,1428.0,2026-05-31T20:30:42Z,16,Donnée validée,10,Expertisée,20,Bonne,7.384986107,48.102530621,HIXnJ
A1610030,A161003001,2009-12-08,1936.0,2026-05-31T20:30:42Z,16,Donnée validée,10,Expertisée,20,Bonne,7.384986107,48.102530621,HIXnJ
A1610030,A161003001,2009-12-09,1938.0,2026-05-31T20:30:42Z,16,Donnée validée,10,Expertisée,20,Bonne,7.384986107,48.102530621,HIXnJ
A1610030,A161003001,2009-12-10,1718.0,2026-05-31T20:30:42Z,16,Donnée validée,10,Expertisée,20,Bonne,7.384986107,48.102530621,HIXnJ
A1610030,A161003001,2009-12-11,1597.0,2026-05-31T20:30:42Z,16,Donnée validée,10,Expertisée,20,Bonne,7.384986107,48.102530621,HIXnJ
A1610030,A161003001,2009-12-12,1546.0,2026-05-31T20:30:42Z,16,Donnée validée,10,Expertisée,20,Bonne,7.384986107,48.102530621,HIXnJ
A1610030,A161003001,2009-12-13,1513.0,2026-05-31T20:30:42Z,16,Donnée validée,10,Expertisée,20,Bonne,7.384986107,48.102530621,HIXnJ
A1610030,A161003001,2009-12-14,1481.0,2026-05-31T20:30:42Z,16,Donnée validée,10,Expertisée,20,Bonne,7.384986107,48.102530621,HIXnJ
A1610030,A161003001,2009-12-15,1449.0,2026-05-31T20:30:42Z,16,Donnée validée,10,Expertisée,20,Bonne,7.384986107,48.102530621,HIXnJ
A1610030,A161003001,2009-12-16,1416.0,2026-05-31T20:30:42Z,16,Donnée validée,10,Expertisée,20,Bonne,7.384986107,48.102530621,HIXnJ
A1610030,A161003001,2009-12-17,1386.0,2026-05-31T20:30:42Z,16,Donnée validée,10,Expertisée,20,Bonne,7.384986107,48.102530621,HIXnJ
A1610030,A161003001,2009-12-18,1375.0,2026-05-31T20:30:42Z,16,Donnée validée,10,Expertisée,20,Bonne,7.384986107,48.102530621,HIXnJ
A1610030,A161003001,2009-12-19,1379.0,2026-05-31T20:30:42Z,16,Donnée validée,10,Expertisée,20,Bonne,7.384986107,48.102530621,HIXnJ
A1610030,A161003001,2009-12-20,1330.0,2026-05-31T20:30:42Z,16,Donnée validée,10,Expertisée,20,Bonne,7.384986107,48.102530621,HIXnJ
A1610030,A161003001,2009-12-21,1434.0,2026-05-31T20:30:42Z,16,Donnée validée,10,Expertisée,20,Bonne,7.384986107,48.102530621,HIXnJ
A1610030,A161003001,2009-12-22,1653.0,2026-05-31T20:30:42Z,16,Donnée validée,10,Expertisée,20,Bonne,7.384986107,48.102530621,HIXnJ
A1610030,A161003001,2009-12-23,2213.0,2026-05-31T20:30:42Z,16,Donnée validée,10,Expertisée,20,Bonne,7.384986107,48.102530621,HIXnJ
A1610030,A161003001,2009-12-24,2469.0,2026-05-31T20:30:42Z,16,Donnée validée,10,Expertisée,20,Bonne,7.384986107,48.102530621,HIXnJ
A1610030,A161003001,2009-12-25,3270.0,2026-05-31T20:30:42Z,16,Donnée validée,10,Expertisée,20,Bonne,7.384986107,48.102530621,HIXnJ
A1610030,A161003001,2009-12-26,3268.0,2026-05-31T20:30:42Z,16,Donnée validée,10,Expertisée,20,Bonne,7.384986107,48.102530621,HIXnJ
A1610030,A161003001,2009-12-27,2433.0,2026-05-31T20:30:42Z,16,Donnée validée,10,Expertisée,20,Bonne,7.384986107,48.102530621,HIXnJ
A1610030,A161003001,2009-12-28,2001.0,2026-05-31T20:30:42Z,16,Donnée validée,10,Expertisée,20,Bonne,7.384986107,48.102530621,HIXnJ
A1610030,A161003001,2009-12-29,2263.0,2026-05-31T20:30:42Z,16,Donnée validée,10,Expertisée,20,Bonne,7.384986107,48.102530621,HIXnJ
A1610030,A161003001,2009-12-30,3222.0,2026-05-31T20:30:42Z,16,Donnée validée,10,Expertisée,20,Bonne,7.384986107,48.102530621,HIXnJ
A1610030,A161003001,2009-12-31,3477.0,2026-05-31T20:30:42Z,16,Donnée validée,10,Expertisée,20,Bonne,7.384986107,48.102530621,HIXnJ
A1610030,A161003001,2010-01-01,3452.0,2026-05-31T20:30:42Z,16,Donnée validée,10,Expertisée,20,Bonne,7.384986107,48.102530621,HIXnJ
A1610030,A161003001,2010-01-02,2860.0,2026-05-31T20:30:42Z,16,Donnée validée,10,Expertisée,20,Bonne,7.384986107,48.102530621,HIXnJ
A1610030,A161003001,2010-01-03,2353.0,2026-05-31T20:30:42Z,16,Donnée validée,10,Expertisée,20,Bonne,7.384986107,48.102530621,HIXnJ
A1610030,A161003001,2010-01-04,2001.0,2026-05-31T20:30:42Z,16,Donnée validée,10,Expertisée,20,Bonne,7.384986107,48.102530621,HIXnJ
A1610030,A161003001,2010-01-05,1790.0,2026-05-31T20:30:42Z,16,Donnée validée,10,Expertisée,20,Bonne,7.384986107,48.102530621,HIXnJ
A1610030,A161003001,2010-01-06,1728.0,2026-05-31T20:30:42Z,16,Donnée validée,10,Expertisée,20,Bonne,7.384986107,48.102530621,HIXnJ
A1610030,A161003001,2010-01-07,1646.0,2026-05-31T20:30:42Z,16,Donnée validée,10,Expertisée,20,Bonne,7.384986107,48.102530621,HIXnJ
A1610030,A161003001,2010-01-08,1579.0,2026-05-31T20:30:42Z,16,Donnée validée,10,Expertisée,20,Bonne,7.384986107,48.102530621,HIXnJ
A1610030,A161003001,2010-01-09,1534.0,2026-05-31T20:30:42Z,16,Donnée validée,10,Expertisée,20,Bonne,7.384986107,48.102530621,HIXnJ
A1610030,A161003001,2010-01-10,1498.0,2026-05-31T20:30:42Z,16,Donnée validée,10,Expertisée,20,Bonne,7.384986107,48.102530621,HIXnJ
A1610030,A161003001,2010-01-11,1463.0,2026-05-31T20:30:42Z,16,Donnée validée,10,Expertisée,20,Bonne,7.384986107,48.102530621,HIXnJ
A1610030,A161003001,2010-01-12,1437.0,2026-05-31T20:30:42Z,16,Donnée validée,10,Expertisée,20,Bonne,7.384986107,48.102530621,HIXnJ
A1610030,A161003001,2010-01-13,1429.0,2026-05-31T20:30:42Z,16,Donnée validée,10,Expertisée,20,Bonne,7.384986107,48.102530621,HIXnJ
A1610030,A161003001,2010-01-14,1440.0,2026-05-31T20:30:42Z,16,Donnée validée,10,Expertisée,20,Bonne,7.384986107,48.102530621,HIXnJ
A1610030,A161003001,2010-01-15,1417.0,2026-05-31T20:30:42Z,16,Donnée validée,10,Expertisée,20,Bonne,7.384986107,48.102530621,HIXnJ
A1610030,A161003001,2010-01-16,1395.0,2026-05-31T20:30:42Z,16,Donnée validée,10,Expertisée,20,Bonne,7.384986107,48.102530621,HIXnJ
A1610030,A161003001,2010-01-17,2156.0,2026-05-31T20:30:42Z,16,Donnée validée,10,Expertisée,20,Bonne,7.384986107,48.102530621,HIXnJ
A1610030,A161003001,2010-01-18,2409.0,2026-05-31T20:30:42Z,16,Donnée validée,10,Expertisée,20,Bonne,7.384986107,48.102530621,HIXnJ
A1610030,A161003001,2010-01-19,2098.0,2026-05-31T20:30:42Z,16,Donnée validée,10,Expertisée,20,Bonne,7.384986107,48.102530621,HIXnJ
A1610030,A161003001,2010-01-20,1858.0,2026-05-31T20:30:42Z,16,Donnée validée,10,Expertisée,20,Bonne,7.384986107,48.102530621,HIXnJ
A1610030,A161003001,2010-01-21,1689.0,2026-05-31T20:30:42Z,16,Donnée validée,10,Expertisée,20,Bonne,7.384986107,48.102530621,HIXnJ
A1610030,A161003001,2010-01-22,1671.0,2026-05-31T20:30:42Z,16,Donnée validée,10,Expertisée,20,Bonne,7.384986107,48.102530621,HIXnJ
A1610030,A161003001,2010-01-23,1627.0,2026-05-31T20:30:42Z,16,Donnée validée,10,Expertisée,20,Bonne,7.384986107,48.102530621,HIXnJ
A1610030,A161003001,2010-01-24,1563.0,2026-05-31T20:30:42Z,16,Donnée validée,10,Expertisée,20,Bonne,7.384986107,48.102530621,HIXnJ
A1610030,A161003001,2010-01-25,1522.0,2026-05-31T20:30:42Z,16,Donnée validée,10,Expertisée,20,Bonne,7.384986107,48.102530621,HIXnJ
A1610030,A161003001,2010-01-26,1496.0,2026-05-31T20:30:42Z,16,Donnée validée,10,Expertisée,20,Bonne,7.384986107,48.102530621,HIXnJ
A1610030,A161003001,2010-01-27,1462.0,2026-05-31T20:30:42Z,16,Donnée validée,10,Expertisée,20,Bonne,7.384986107,48.102530621,HIXnJ
A1610030,A161003001,2010-01-28,1430.0,2026-05-31T20:30:42Z,16,Donnée validée,10,Expertisée,20,Bonne,7.384986107,48.102530621,HIXnJ
A1610030,A161003001,2010-01-29,1427.0,2026-05-31T20:30:42Z,16,Donnée validée,10,Expertisée,20,Bonne,7.384986107,48.102530621,HIXnJ
A1610030,A161003001,2010-01-30,1502.0,2026-05-31T20:30:42Z,16,Donnée validée,10,Expertisée,20,Bonne,7.384986107,48.102530621,HIXnJ
A1610030,A161003001,2010-01-31,1484.0,2026-05-31T20:30:42Z,16,Donnée validée,10,Expertisée,20,Bonne,7.384986107,48.102530621,HIXnJ
A1610030,A161003001,2010-02-01,1430.0,2026-05-31T20:30:42Z,16,Donnée validée,10,Expertisée,20,Bonne,7.384986107,48.102530621,HIXnJ
A1610030,A161003001,2010-02-02,1410.0,2026-05-31T20:30:42Z,16,Donnée validée,10,Expertisée,20,Bonne,7.384986107,48.102530621,HIXnJ
A1610030,A161003001,2010-02-03,1816.0,2026-05-31T20:30:42Z,16,Donnée validée,10,Expertisée,20,Bonne,7.384986107,48.102530621,HIXnJ
A1610030,A161003001,2010-02-04,1941.0,2026-05-31T20:30:42Z,16,Donnée validée,10,Expertisée,20,Bonne,7.384986107,48.102530621,HIXnJ
A1610030,A161003001,2010-02-05,2167.0,2026-05-31T20:30:42Z,16,Donnée validée,10,Expertisée,20,Bonne,7.384986107,48.102530621,HIXnJ
A1610030,A161003001,2010-02-06,2352.0,2026-05-31T20:30:42Z,16,Donnée validée,10,Expertisée,20,Bonne,7.384986107,48.102530621,HIXnJ
A1610030,A161003001,2010-02-07,2177.0,2026-05-31T20:30:42Z,16,Donnée validée,10,Expertisée,20,Bonne,7.384986107,48.102530621,HIXnJ
A1610030,A161003001,2010-02-08,1838.0,2026-05-31T20:30:42Z,16,Donnée validée,10,Expertisée,20,Bonne,7.384986107,48.102530621,HIXnJ
A1610030,A161003001,2010-02-09,1760.0,2026-05-31T20:30:42Z,16,Donnée validée,10,Expertisée,20,Bonne,7.384986107,48.102530621,HIXnJ
A1610030,A161003001,2010-02-10,1659.0,2026-05-31T20:30:42Z,16,Donnée validée,10,Expertisée,20,Bonne,7.384986107,48.102530621,HIXnJ
A1610030,A161003001,2010-02-11,1570.0,2026-05-31T20:30:42Z,16,Donnée validée,10,Expertisée,20,Bonne,7.384986107,48.102530621,HIXnJ
A1610030,A161003001,2010-02-12,1513.0,2026-05-31T20:30:42Z,16,Donnée validée,10,Expertisée,20,Bonne,7.384986107,48.102530621,HIXnJ
A1610030,A161003001,2010-02-13,1478.0,2026-05-31T20:30:42Z,16,Donnée validée,10,Expertisée,20,Bonne,7.384986107,48.102530621,HIXnJ
A1610030,A161003001,2010-02-14,1438.0,2026-05-31T20:30:42Z,16,Donnée validée,10,Expertisée,20,Bonne,7.384986107,48.102530621,HIXnJ
A1610030,A161003001,2010-02-15,1390.0,2026-05-31T20:30:42Z,16,Donnée validée,10,Expertisée,20,Bonne,7.384986107,48.102530621,HIXnJ
A1610030,A161003001,2010-02-16,1374.0,2026-05-31T20:30:42Z,16,Donnée validée,10,Expertisée,20,Bonne,7.384986107,48.102530621,HIXnJ
A1610030,A161003001,2010-02-17,1461.0,2026-05-31T20:30:42Z,16,Donnée validée,10,Expertisée,20,Bonne,7.384986107,48.102530621,HIXnJ
A1610030,A161003001,2010-02-18,1826.0,2026-05-31T20:30:42Z,16,Donnée validée,10,Expertisée,20,Bonne,7.384986107,48.102530621,HIXnJ
A1610030,A161003001,2010-02-19,2141.0,2026-05-31T20:30:42Z,16,Donnée validée,10,Expertisée,20,Bonne,7.384986107,48.102530621,HIXnJ
A1610030,A161003001,2010-02-20,2335.0,2026-05-31T20:30:42Z,16,Donnée validée,10,Expertisée,20,Bonne,7.384986107,48.102530621,HIXnJ
A1610030,A161003001,2010-02-21,2109.0,2026-05-31T20:30:42Z,16,Donnée validée,10,Expertisée,20,Bonne,7.384986107,48.102530621,HIXnJ
A1610030,A161003001,2010-02-22,2091.0,2026-05-31T20:30:42Z,16,Donnée validée,10,Expertisée,20,Bonne,7.384986107,48.102530621,HIXnJ
A1610030,A161003001,2010-02-23,2482.0,2026-05-31T20:30:42Z,16,Donnée validée,10,Expertisée,20,Bonne,7.384986107,48.102530621,HIXnJ
A1610030,A161003001,2010-02-24,2653.0,2026-05-31T20:30:42Z,16,Donnée validée,10,Expertisée,20,Bonne,7.384986107,48.102530621,HIXnJ
A1610030,A161003001,2010-02-25,2598.0,2026-05-31T20:30:42Z,16,Donnée validée,10,Expertisée,20,Bonne,7.384986107,48.102530621,HIXnJ
A1610030,A161003001,2010-02-26,3439.0,2026-05-31T20:30:42Z,16,Donnée validée,10,Expertisée,20,Bonne,7.384986107,48.102530621,HIXnJ
A1610030,A161003001,2010-02-27,3462.0,2026-05-31T20:30:42Z,16,Donnée validée,10,Expertisée,20,Bonne,7.384986107,48.102530621,HIXnJ
A1610030,A161003001,2010-02-28,2852.0,2026-05-31T20:30:42Z,16,Donnée validée,10,Expertisée,20,Bonne,7.384986107,48.102530621,HIXnJ
A1610030,A161003001,2010-03-01,2557.0,2026-05-31T20:30:42Z,16,Donnée validée,10,Expertisée,20,Bonne,7.384986107,48.102530621,HIXnJ
A1610030,A161003001,2010-03-02,2266.0,2026-05-31T20:30:42Z,16,Donnée validée,10,Expertisée,20,Bonne,7.384986107,48.102530621,HIXnJ
A1610030,A161003001,2010-03-03,2110.0,2026-05-31T20:30:42Z,16,Donnée validée,10,Expertisée,20,Bonne,7.384986107,48.102530621,HIXnJ
A1610030,A161003001,2010-03-04,1958.0,2026-05-31T20:30:42Z,16,Donnée validée,10,Expertisée,20,Bonne,7.384986107,48.102530621,HIXnJ
A1610030,A161003001,2010-03-05,1819.0,2026-05-31T20:30:42Z,16,Donnée validée,10,Expertisée,20,Bonne,7.384986107,48.102530621,HIXnJ
A1610030,A161003001,2010-03-06,1689.0,2026-05-31T20:30:42Z,16,Donnée validée,10,Expertisée,20,Bonne,7.384986107,48.102530621,HIXnJ
A1610030,A161003001,2010-03-07,1634.0,2026-05-31T20:30:42Z,16,Donnée validée,10,Expertisée,20,Bonne,7.384986107,48.102530621,HIXnJ
A1610030,A161003001,2010-03-08,1581.0,2026-05-31T20:30:42Z,16,Donnée validée,10,Expertisée,20,Bonne,7.384986107,48.102530621,HIXnJ
A1610030,A161003001,2010-03-09,1537.0,2026-05-31T20:30:42Z,16,Donnée validée,10,Expertisée,20,Bonne,7.384986107,48.102530621,HIXnJ
A1610030,A161003001,2010-03-10,1481.0,2026-05-31T20:30:42Z,16,Donnée validée,10,Expertisée,20,Bonne,7.384986107,48.102530621,HIXnJ
A1610030,A161003001,2010-03-11,1445.0,2026-05-31T20:30:42Z,16,Donnée validée,10,Expertisée,20,Bonne,7.384986107,48.102530621,HIXnJ
A1610030,A161003001,2010-03-12,1428.0,2026-05-31T20:30:42Z,16,Donnée validée,10,Expertisée,20,Bonne,7.384986107,48.102530621,HIXnJ
A1610030,A161003001,2010-03-13,1396.0,2026-05-31T20:30:42Z,16,Donnée validée,10,Expertisée,20,Bonne,7.384986107,48.102530621,HIXnJ
A1610030,A161003001,2010-03-14,1378.0,2026-05-31T20:30:42Z,16,Donnée validée,10,Expertisée,20,Bonne,7.384986107,48.102530621,HIXnJ
A1610030,A161003001,2010-03-15,1364.0,2026-05-31T20:30:42Z,16,Donnée validée,10,Expertisée,20,Bonne,7.384986107,48.102530621,HIXnJ
A1610030,A161003001,2010-03-16,1391.0,2026-05-31T20:30:42Z,16,Donnée validée,10,Expertisée,20,Bonne,7.384986107,48.102530621,HIXnJ
A1610030,A161003001,2010-03-17,1380.0,2026-05-31T20:30:42Z,16,Donnée validée,10,Expertisée,20,Bonne,7.384986107,48.102530621,HIXnJ
A1610030,A161003001,2010-03-18,1350.0,2026-05-31T20:30:42Z,16,Donnée validée,10,Expertisée,20,Bonne,7.384986107,48.102530621,HIXnJ
A1610030,A161003001,2010-03-19,1333.0,2026-05-31T20:30:42Z,16,Donnée validée,10,Expertisée,20,Bonne,7.384986107,48.102530621,HIXnJ
A1610030,A161003001,2010-03-20,1345.0,2026-05-31T20:30:42Z,16,Donnée validée,10,Expertisée,20,Bonne,7.384986107,48.102530621,HIXnJ
A1610030,A161003001,2010-03-21,1592.0,2026-05-31T20:30:42Z,16,Donnée validée,10,Expertisée,20,Bonne,7.384986107,48.102530621,HIXnJ
A1610030,A161003001,2010-03-22,1626.0,2026-05-31T20:30:42Z,16,Donnée validée,10,Expertisée,20,Bonne,7.384986107,48.102530621,HIXnJ
A1610030,A161003001,2010-03-23,1571.0,2026-05-31T20:30:42Z,16,Donnée validée,10,Expertisée,20,Bonne,7.384986107,48.102530621,HIXnJ
A1610030,A161003001,2010-03-24,1502.0,2026-05-31T20:30:42Z,16,Donnée validée,10,Expertisée,20,Bonne,7.384986107,48.102530621,HIXnJ
A1610030,A161003001,2010-03-25,1469.0,2026-05-31T20:30:42Z,16,Donnée validée,10,Expertisée,20,Bonne,7.384986107,48.102530621,HIXnJ
A1610030,A161003001,2010-03-26,1472.0,2026-05-31T20:30:42Z,16,Donnée validée,10,Expertisée,20,Bonne,7.384986107,48.102530621,HIXnJ
A1610030,A161003001,2010-03-27,1523.0,2026-05-31T20:30:42Z,16,Donnée validée,10,Expertisée,20,Bonne,7.384986107,48.102530621,HIXnJ
A1610030,A161003001,2010-03-28,1634.0,2026-05-31T20:30:42Z,16,Donnée validée,10,Expertisée,20,Bonne,7.384986107,48.102530621,HIXnJ
A1610030,A161003001,2010-03-29,1914.0,2026-05-31T20:30:42Z,16,Donnée validée,10,Expertisée,20,Bonne,7.384986107,48.102530621,HIXnJ
A1610030,A161003001,2010-03-30,1888.0,2026-05-31T20:30:42Z,16,Donnée validée,10,Expertisée,20,Bonne,7.384986107,48.102530621,HIXnJ
A1610030,A161003001,2010-03-31,1775.0,2026-05-31T20:30:42Z,16,Donnée validée,10,Expertisée,20,Bonne,7.384986107,48.102530621,HIXnJ
A1610030,A161003001,2010-04-01,1726.0,2026-05-31T20:30:42Z,16,Donnée validée,10,Expertisée,20,Bonne,7.384986107,48.102530621,HIXnJ
A1610030,A161003001,2010-04-02,1712.0,2026-05-31T20:30:42Z,16,Donnée validée,10,Expertisée,20,Bonne,7.384986107,48.102530621,HIXnJ
A1610030,A161003001,2010-04-03,1666.0,2026-05-31T20:30:42Z,16,Donnée validée,10,Expertisée,20,Bonne,7.384986107,48.102530621,HIXnJ
A1610030,A161003001,2010-04-04,1973.0,2026-05-31T20:30:42Z,16,Donnée validée,10,Expertisée,20,Bonne,7.384986107,48.102530621,HIXnJ
A1610030,A161003001,2010-04-05,1927.0,2026-05-31T20:30:42Z,16,Donnée validée,10,Expertisée,20,Bonne,7.384986107,48.102530621,HIXnJ
A1610030,A161003001,2010-04-06,1737.0,2026-05-31T20:30:42Z,16,Donnée validée,10,Expertisée,20,Bonne,7.384986107,48.102530621,HIXnJ
A1610030,A161003001,2010-04-07,1658.0,2026-05-31T20:30:42Z,16,Donnée validée,10,Expertisée,20,Bonne,7.384986107,48.102530621,HIXnJ
A1610030,A161003001,2010-04-08,1582.0,2026-05-31T20:30:42Z,16,Donnée validée,10,Expertisée,20,Bonne,7.384986107,48.102530621,HIXnJ
A1610030,A161003001,2010-04-09,1523.0,2026-05-31T20:30:42Z,16,Donnée validée,10,Expertisée,20,Bonne,7.384986107,48.102530621,HIXnJ
A1610030,A161003001,2010-04-10,1488.0,2026-05-31T20:30:42Z,16,Donnée validée,10,Expertisée,20,Bonne,7.384986107,48.102530621,HIXnJ
A1610030,A161003001,2010-04-11,1451.0,2026-05-31T20:30:42Z,16,Donnée validée,10,Expertisée,20,Bonne,7.384986107,48.102530621,HIXnJ
A1610030,A161003001,2010-04-12,1429.0,2026-05-31T20:30:42Z,16,Donnée validée,10,Expertisée,20,Bonne,7.384986107,48.102530621,HIXnJ
A1610030,A161003001,2010-04-13,1402.0,2026-05-31T20:30:42Z,16,Donnée validée,10,Expertisée,20,Bonne,7.384986107,48.102530621,HIXnJ
A1610030,A161003001,2010-04-14,1381.0,2026-05-31T20:30:42Z,16,Donnée validée,10,Expertisée,20,Bonne,7.384986107,48.102530621,HIXnJ
A1610030,A161003001,2010-04-15,1360.0,2026-05-31T20:30:42Z,16,Donnée validée,10,Expertisée,20,Bonne,7.384986107,48.102530621,HIXnJ
A1610030,A161003001,2010-04-16,1337.0,2026-05-31T20:30:42Z,16,Donnée validée,10,Expertisée,20,Bonne,7.384986107,48.102530621,HIXnJ
A1610030,A161003001,2010-04-17,1327.0,2026-05-31T20:30:42Z,16,Donnée validée,10,Expertisée,20,Bonne,7.384986107,48.102530621,HIXnJ
A1610030,A161003001,2010-04-18,1306.0,2026-05-31T20:30:42Z,16,Donnée validée,10,Expertisée,20,Bonne,7.384986107,48.102530621,HIXnJ
A1610030,A161003001,2010-04-19,1295.0,2026-05-31T20:30:42Z,16,Donnée validée,10,Expertisée,20,Bonne,7.384986107,48.102530621,HIXnJ
A1610030,A161003001,2010-04-20,1285.0,2026-05-31T20:30:42Z,16,Donnée validée,10,Expertisée,20,Bonne,7.384986107,48.102530621,HIXnJ
A1610030,A161003001,2010-04-21,1278.0,2026-05-31T20:30:42Z,16,Donnée validée,10,Expertisée,20,Bonne,7.384986107,48.102530621,HIXnJ
A1610030,A161003001,2010-04-22,1275.0,2026-05-31T20:30:42Z,16,Donnée validée,10,Expertisée,20,Bonne,7.384986107,48.102530621,HIXnJ
A1610030,A161003001,2010-04-23,1257.0,2026-05-31T20:30:42Z,16,Donnée validée,10,Expertisée,20,Bonne,7.384986107,48.102530621,HIXnJ
A1610030,A161003001,2010-04-24,1243.0,2026-05-31T20:30:42Z,16,Donnée validée,10,Expertisée,20,Bonne,7.384986107,48.102530621,HIXnJ
A1610030,A161003001,2010-04-25,1235.0,2026-05-31T20:30:42Z,16,Donnée validée,10,Expertisée,20,Bonne,7.384986107,48.102530621,HIXnJ
A1610030,A161003001,2010-04-26,1248.0,2026-05-31T20:30:42Z,16,Donnée validée,10,Expertisée,20,Bonne,7.384986107,48.102530621,HIXnJ
A1610030,A161003001,2010-04-27,1239.0,2026-05-31T20:30:42Z,16,Donnée validée,10,Expertisée,20,Bonne,7.384986107,48.102530621,HIXnJ
A1610030,A161003001,2010-04-28,1286.0,2026-05-31T20:30:42Z,16,Donnée validée,10,Expertisée,20,Bonne,7.384986107,48.102530621,HIXnJ
A1610030,A161003001,2010-04-29,1286.0,2026-05-31T20:30:42Z,16,Donnée validée,10,Expertisée,20,Bonne,7.384986107,48.102530621,HIXnJ
A1610030,A161003001,2010-04-30,1314.0,2026-05-31T20:30:42Z,16,Donnée validée,10,Expertisée,20,Bonne,7.384986107,48.102530621,HIXnJ
A1610030,A161003001,2010-05-01,1312.0,2026-05-31T20:30:42Z,16,Donnée validée,10,Expertisée,20,Bonne,7.384986107,48.102530621,HIXnJ
A1610030,A161003001,2010-05-02,1327.0,2026-05-31T20:30:42Z,16,Donnée validée,10,Expertisée,20,Bonne,7.384986107,48.102530621,HIXnJ
A1610030,A161003001,2010-05-03,1361.0,2026-05-31T20:30:42Z,16,Donnée validée,10,Expertisée,20,Bonne,7.384986107,48.102530621,HIXnJ
A1610030,A161003001,2010-05-04,1339.0,2026-05-31T20:30:42Z,16,Donnée validée,10,Expertisée,20,Bonne,7.384986107,48.102530621,HIXnJ
A1610030,A161003001,2010-05-05,1327.0,2026-05-31T20:30:42Z,16,Donnée validée,10,Expertisée,20,Bonne,7.384986107,48.102530621,HIXnJ
A1610030,A161003001,2010-05-06,1427.0,2026-05-31T20:30:42Z,16,Donnée validée,10,Expertisée,20,Bonne,7.384986107,48.102530621,HIXnJ
A1610030,A161003001,2010-05-07,1396.0,2026-05-31T20:30:42Z,16,Donnée validée,10,Expertisée,20,Bonne,7.384986107,48.102530621,HIXnJ
A1610030,A161003001,2010-05-08,1379.0,2026-05-31T20:30:42Z,16,Donnée validée,10,Expertisée,20,Bonne,7.384986107,48.102530621,HIXnJ
A1610030,A161003001,2010-05-09,1388.0,2026-05-31T20:30:42Z,16,Donnée validée,10,Expertisée,20,Bonne,7.384986107,48.102530621,HIXnJ
A1610030,A161003001,2010-05-10,1808.0,2026-05-31T20:30:42Z,16,Donnée validée,10,Expertisée,20,Bonne,7.384986107,48.102530621,HIXnJ
A1610030,A161003001,2010-05-11,1804.0,2026-05-31T20:30:42Z,16,Donnée validée,10,Expertisée,20,Bonne,7.384986107,48.102530621,HIXnJ
A1610030,A161003001,2010-05-12,1680.0,2026-05-31T20:30:42Z,16,Donnée validée,10,Expertisée,20,Bonne,7.384986107,48.102530621,HIXnJ
A1610030,A161003001,2010-05-13,1989.0,2026-05-31T20:30:42Z,16,Donnée validée,10,Expertisée,20,Bonne,7.384986107,48.102530621,HIXnJ
A1610030,A161003001,2010-05-14,2027.0,2026-05-31T20:30:42Z,16,Donnée validée,10,Expertisée,20,Bonne,7.384986107,48.102530621,HIXnJ
A1610030,A161003001,2010-05-15,1758.0,2026-05-31T20:30:42Z,16,Donnée validée,10,Expertisée,20,Bonne,7.384986107,48.102530621,HIXnJ
A1610030,A161003001,2010-05-16,1623.0,2026-05-31T20:30:42Z,16,Donnée validée,10,Expertisée,20,Bonne,7.384986107,48.102530621,HIXnJ
A1610030,A161003001,2010-05-17,1541.0,2026-05-31T20:30:42Z,16,Donnée validée,10,Expertisée,20,Bonne,7.384986107,48.102530621,HIXnJ
A1610030,A161003001,2010-05-18,1482.0,2026-05-31T20:30:42Z,16,Donnée validée,10,Expertisée,20,Bonne,7.384986107,48.102530621,HIXnJ
A1610030,A161003001,2010-05-19,1447.0,2026-05-31T20:30:42Z,16,Donnée validée,10,Expertisée,20,Bonne,7.384986107,48.102530621,HIXnJ
A1610030,A161003001,2010-05-20,1458.0,2026-05-31T20:30:42Z,16,Donnée validée,10,Expertisée,20,Bonne,7.384986107,48.102530621,HIXnJ
A1610030,A161003001,2010-05-21,1448.0,2026-05-31T20:30:42Z,16,Donnée validée,10,Expertisée,20,Bonne,7.384986107,48.102530621,HIXnJ
A1610030,A161003001,2010-05-22,1412.0,2026-05-31T20:30:42Z,16,Donnée validée,10,Expertisée,20,Bonne,7.384986107,48.102530621,HIXnJ
A1610030,A161003001,2010-05-23,1393.0,2026-05-31T20:30:42Z,16,Donnée validée,10,Expertisée,20,Bonne,7.384986107,48.102530621,HIXnJ
A1610030,A161003001,2010-05-24,1355.0,2026-05-31T20:30:42Z,16,Donnée validée,10,Expertisée,20,Bonne,7.384986107,48.102530621,HIXnJ
A1610030,A161003001,2010-05-25,1334.0,2026-05-31T20:30:42Z,16,Donnée validée,10,Expertisée,20,Bonne,7.384986107,48.102530621,HIXnJ
A1610030,A161003001,2010-05-26,1309.0,2026-05-31T20:30:42Z,16,Donnée validée,10,Expertisée,20,Bonne,7.384986107,48.102530621,HIXnJ
A1610030,A161003001,2010-05-27,1307.0,2026-05-31T20:30:42Z,16,Donnée validée,10,Expertisée,20,Bonne,7.384986107,48.102530621,HIXnJ
A1610030,A161003001,2010-05-28,1302.0,2026-05-31T20:30:42Z,16,Donnée validée,10,Expertisée,20,Bonne,7.384986107,48.102530621,HIXnJ
A1610030,A161003001,2010-05-29,1295.0,2026-05-31T20:30:42Z,16,Donnée validée,10,Expertisée,20,Bonne,7.384986107,48.102530621,HIXnJ
A1610030,A161003001,2010-05-30,1327.0,2026-05-31T20:30:42Z,16,Donnée validée,10,Expertisée,20,Bonne,7.384986107,48.102530621,HIXnJ
A1610030,A161003001,2010-05-31,1397.0,2026-05-31T20:30:42Z,16,Donnée validée,10,Expertisée,20,Bonne,7.384986107,48.102530621,HIXnJ
A1610030,A161003001,2010-06-01,1388.0,2026-05-31T20:30:42Z,16,Donnée validée,10,Expertisée,20,Bonne,7.384986107,48.102530621,HIXnJ
A1610030,A161003001,2010-06-02,1345.0,2026-05-31T20:30:42Z,16,Donnée validée,10,Expertisée,20,Bonne,7.384986107,48.102530621,HIXnJ
A1610030,A161003001,2010-06-03,1342.0,2026-05-31T20:30:42Z,16,Donnée validée,10,Expertisée,20,Bonne,7.384986107,48.102530621,HIXnJ
A1610030,A161003001,2010-06-04,1299.0,2026-05-31T20:30:42Z,16,Donnée validée,10,Expertisée,20,Bonne,7.384986107,48.102530621,HIXnJ
A1610030,A161003001,2010-06-05,1298.0,2026-05-31T20:30:42Z,16,Donnée validée,10,Expertisée,20,Bonne,7.384986107,48.102530621,HIXnJ
A1610030,A161003001,2010-06-06,1277.0,2026-05-31T20:30:42Z,16,Donnée validée,10,Expertisée,20,Bonne,7.384986107,48.102530621,HIXnJ
A1610030,A161003001,2010-06-07,1284.0,2026-05-31T20:30:42Z,16,Donnée validée,10,Expertisée,20,Bonne,7.384986107,48.102530621,HIXnJ
A1610030,A161003001,2010-06-08,1290.0,2026-05-31T20:30:42Z,16,Donnée validée,10,Expertisée,20,Bonne,7.384986107,48.102530621,HIXnJ
A1610030,A161003001,2010-06-09,1422.0,2026-05-31T20:30:42Z,16,Donnée validée,10,Expertisée,20,Bonne,7.384986107,48.102530621,HIXnJ
A1610030,A161003001,2010-06-10,1612.0,2026-05-31T20:30:42Z,16,Donnée validée,10,Expertisée,20,Bonne,7.384986107,48.102530621,HIXnJ
A1610030,A161003001,2010-06-11,1505.0,2026-05-31T20:30:42Z,16,Donnée validée,10,Expertisée,20,Bonne,7.384986107,48.102530621,HIXnJ
A1610030,A161003001,2010-06-12,1405.0,2026-05-31T20:30:42Z,16,Donnée validée,10,Expertisée,20,Bonne,7.384986107,48.102530621,HIXnJ
A1610030,A161003001,2010-06-13,1363.0,2026-05-31T20:30:42Z,16,Donnée validée,10,Expertisée,20,Bonne,7.384986107,48.102530621,HIXnJ
A1610030,A161003001,2010-06-14,1346.0,2026-05-31T20:30:42Z,16,Donnée validée,10,Expertisée,20,Bonne,7.384986107,48.102530621,HIXnJ
A1610030,A161003001,2010-06-15,1406.0,2026-05-31T20:30:42Z,16,Donnée validée,10,Expertisée,20,Bonne,7.384986107,48.102530621,HIXnJ
A1610030,A161003001,2010-06-16,1369.0,2026-05-31T20:30:42Z,16,Donnée validée,10,Expertisée,20,Bonne,7.384986107,48.102530621,HIXnJ
A1610030,A161003001,2010-06-17,1420.0,2026-05-31T20:30:42Z,16,Donnée validée,10,Expertisée,20,Bonne,7.384986107,48.102530621,HIXnJ
A1610030,A161003001,2010-06-18,1540.0,2026-05-31T20:30:42Z,16,Donnée validée,10,Expertisée,20,Bonne,7.384986107,48.102530621,HIXnJ
A1610030,A161003001,2010-06-19,1601.0,2026-05-31T20:30:42Z,16,Donnée validée,10,Expertisée,20,Bonne,7.384986107,48.102530621,HIXnJ
A1610030,A161003001,2010-06-20,1724.0,2026-05-31T20:30:42Z,16,Donnée validée,10,Expertisée,20,Bonne,7.384986107,48.102530621,HIXnJ
A1610030,A161003001,2010-06-21,1625.0,2026-05-31T20:30:42Z,16,Donnée validée,10,Expertisée,20,Bonne,7.384986107,48.102530621,HIXnJ
A1610030,A161003001,2010-06-22,1476.0,2026-05-31T20:30:42Z,16,Donnée validée,10,Expertisée,20,Bonne,7.384986107,48.102530621,HIXnJ
A1610030,A161003001,2010-06-23,1412.0,2026-05-31T20:30:42Z,16,Donnée validée,10,Expertisée,20,Bonne,7.384986107,48.102530621,HIXnJ
A1610030,A161003001,2010-06-24,1383.0,2026-05-31T20:30:42Z,16,Donnée validée,10,Expertisée,20,Bonne,7.384986107,48.102530621,HIXnJ
A1610030,A161003001,2010-06-25,1363.0,2026-05-31T20:30:42Z,16,Donnée validée,10,Expertisée,20,Bonne,7.384986107,48.102530621,HIXnJ
A1610030,A161003001,2010-06-26,1335.0,2026-05-31T20:30:42Z,16,Donnée validée,10,Expertisée,20,Bonne,7.384986107,48.102530621,HIXnJ
A1610030,A161003001,2010-06-27,1323.0,2026-05-31T20:30:42Z,16,Donnée validée,10,Expertisée,20,Bonne,7.384986107,48.102530621,HIXnJ
A1610030,A161003001,2010-06-28,1320.0,2026-05-31T20:30:42Z,16,Donnée validée,10,Expertisée,20,Bonne,7.384986107,48.102530621,HIXnJ
A1610030,A161003001,2010-06-29,1318.0,2026-05-31T20:30:42Z,16,Donnée validée,10,Expertisée,20,Bonne,7.384986107,48.102530621,HIXnJ
A1610030,A161003001,2010-06-30,1286.0,2026-05-31T20:30:42Z,16,Donnée validée,10,Expertisée,20,Bonne,7.384986107,48.102530621,HIXnJ
A1610030,A161003001,2010-07-01,1304.0,2026-05-31T20:30:42Z,16,Donnée validée,10,Expertisée,20,Bonne,7.384986107,48.102530621,HIXnJ
A1610030,A161003001,2010-07-02,1304.0,2026-05-31T20:30:42Z,16,Donnée validée,10,Expertisée,20,Bonne,7.384986107,48.102530621,HIXnJ
A1610030,A161003001,2010-07-03,1324.0,2026-05-31T20:30:42Z,16,Donnée validée,10,Expertisée,20,Bonne,7.384986107,48.102530621,HIXnJ
A1610030,A161003001,2010-07-04,1434.0,2026-05-31T20:30:42Z,16,Donnée validée,10,Expertisée,20,Bonne,7.384986107,48.102530621,HIXnJ
A1610030,A161003001,2010-07-05,1451.0,2026-05-31T20:30:42Z,16,Donnée validée,10,Expertisée,20,Bonne,7.384986107,48.102530621,HIXnJ
A1610030,A161003001,2010-07-06,1378.0,2026-05-31T20:30:42Z,16,Donnée validée,10,Expertisée,20,Bonne,7.384986107,48.102530621,HIXnJ
A1610030,A161003001,2010-07-07,1324.0,2026-05-31T20:30:42Z,16,Donnée validée,10,Expertisée,20,Bonne,7.384986107,48.102530621,HIXnJ
A1610030,A161003001,2010-07-08,1291.0,2026-05-31T20:30:42Z,16,Donnée validée,10,Expertisée,20,Bonne,7.384986107,48.102530621,HIXnJ
A1610030,A161003001,2010-07-09,1276.0,2026-05-31T20:30:42Z,16,Donnée validée,10,Expertisée,20,Bonne,7.384986107,48.102530621,HIXnJ
A1610030,A161003001,2010-07-10,1238.0,2026-05-31T20:30:42Z,16,Donnée validée,10,Expertisée,20,Bonne,7.384986107,48.102530621,HIXnJ
A1610030,A161003001,2010-07-11,1237.0,2026-05-31T20:30:42Z,16,Donnée validée,10,Expertisée,20,Bonne,7.384986107,48.102530621,HIXnJ
A1610030,A161003001,2010-07-12,1474.0,2026-05-31T20:30:42Z,16,Donnée validée,10,Expertisée,20,Bonne,7.384986107,48.102530621,HIXnJ
A1610030,A161003001,2010-07-13,1385.0,2026-05-31T20:30:42Z,16,Donnée validée,10,Expertisée,20,Bonne,7.384986107,48.102530621,HIXnJ
A1610030,A161003001,2010-07-14,1296.0,2026-05-31T20:30:42Z,16,Donnée validée,10,Expertisée,20,Bonne,7.384986107,48.102530621,HIXnJ
A1610030,A161003001,2010-07-15,1251.0,2026-05-31T20:30:42Z,16,Donnée validée,10,Expertisée,20,Bonne,7.384986107,48.102530621,HIXnJ
A1610030,A161003001,2010-07-16,1247.0,2026-05-31T20:30:42Z,16,Donnée validée,10,Expertisée,20,Bonne,7.384986107,48.102530621,HIXnJ
A1610030,A161003001,2010-07-17,1234.0,2026-05-31T20:30:42Z,16,Donnée validée,10,Expertisée,20,Bonne,7.384986107,48.102530621,HIXnJ
A1610030,A161003001,2010-07-18,1221.0,2026-05-31T20:30:42Z,16,Donnée validée,10,Expertisée,20,Bonne,7.384986107,48.102530621,HIXnJ
A1610030,A161003001,2010-07-19,1205.0,2026-05-31T20:30:42Z,16,Donnée validée,10,Expertisée,20,Bonne,7.384986107,48.102530621,HIXnJ
A1610030,A161003001,2010-07-20,1222.0,2026-05-31T20:30:42Z,16,Donnée validée,10,Expertisée,20,Bonne,7.384986107,48.102530621,HIXnJ
A1610030,A161003001,2010-07-21,1395.0,2026-05-31T20:30:42Z,16,Donnée validée,10,Expertisée,20,Bonne,7.384986107,48.102530621,HIXnJ
A1610030,A161003001,2010-07-22,1392.0,2026-05-31T20:30:42Z,16,Donnée validée,10,Expertisée,20,Bonne,7.384986107,48.102530621,HIXnJ
A1610030,A161003001,2010-07-23,1415.0,2026-05-31T20:30:42Z,16,Donnée validée,10,Expertisée,20,Bonne,7.384986107,48.102530621,HIXnJ
A1610030,A161003001,2010-07-24,1460.0,2026-05-31T20:30:42Z,16,Donnée validée,10,Expertisée,20,Bonne,7.384986107,48.102530621,HIXnJ
A1610030,A161003001,2010-07-25,1303.0,2026-05-31T20:30:42Z,16,Donnée validée,10,Expertisée,20,Bonne,7.384986107,48.102530621,HIXnJ
A1610030,A161003001,2010-07-26,1315.0,2026-05-31T20:30:42Z,16,Donnée validée,10,Expertisée,20,Bonne,7.384986107,48.102530621,HIXnJ
A1610030,A161003001,2010-07-27,1299.0,2026-05-31T20:30:42Z,16,Donnée validée,10,Expertisée,20,Bonne,7.384986107,48.102530621,HIXnJ
A1610030,A161003001,2010-07-28,1331.0,2026-05-31T20:30:42Z,16,Donnée validée,10,Expertisée,20,Bonne,7.384986107,48.102530621,HIXnJ
A1610030,A161003001,2010-07-29,1321.0,2026-05-31T20:30:42Z,16,Donnée validée,10,Expertisée,20,Bonne,7.384986107,48.102530621,HIXnJ
A1610030,A161003001,2010-07-30,1280.0,2026-05-31T20:30:42Z,16,Donnée validée,10,Expertisée,20,Bonne,7.384986107,48.102530621,HIXnJ
A1610030,A161003001,2010-07-31,1260.0,2026-05-31T20:30:42Z,16,Donnée validée,10,Expertisée,20,Bonne,7.384986107,48.102530621,HIXnJ
A1610030,A161003001,2010-08-01,1247.0,2026-05-31T20:30:42Z,16,Donnée validée,10,Expertisée,20,Bonne,7.384986107,48.102530621,HIXnJ
A1610030,A161003001,2010-08-02,1507.0,2026-05-31T20:30:42Z,16,Donnée validée,10,Expertisée,20,Bonne,7.384986107,48.102530621,HIXnJ
A1610030,A161003001,2010-08-03,1302.0,2026-05-31T20:30:42Z,16,Donnée validée,10,Expertisée,20,Bonne,7.384986107,48.102530621,HIXnJ
A1610030,A161003001,2010-08-04,1259.0,2026-05-31T20:30:42Z,16,Donnée validée,10,Expertisée,20,Bonne,7.384986107,48.102530621,HIXnJ
A1610030,A161003001,2010-08-05,1334.0,2026-05-31T20:30:42Z,16,Donnée validée,10,Expertisée,20,Bonne,7.384986107,48.102530621,HIXnJ
A1610030,A161003001,2010-08-06,1356.0,2026-05-31T20:30:42Z,16,Donnée validée,10,Expertisée,20,Bonne,7.384986107,48.102530621,HIXnJ
A1610030,A161003001,2010-08-07,1281.0,2026-05-31T20:30:42Z,16,Donnée validée,10,Expertisée,20,Bonne,7.384986107,48.102530621,HIXnJ
A1610030,A161003001,2010-08-08,1291.0,2026-05-31T20:30:42Z,16,Donnée validée,10,Expertisée,20,Bonne,7.384986107,48.102530621,HIXnJ
A1610030,A161003001,2010-08-09,1244.0,2026-05-31T20:30:42Z,16,Donnée validée,10,Expertisée,20,Bonne,7.384986107,48.102530621,HIXnJ
A1610030,A161003001,2010-08-10,1241.0,2026-05-31T20:30:42Z,16,Donnée validée,10,Expertisée,20,Bonne,7.384986107,48.102530621,HIXnJ
A1610030,A161003001,2010-08-11,1237.0,2026-05-31T20:30:42Z,16,Donnée validée,10,Expertisée,20,Bonne,7.384986107,48.102530621,HIXnJ
A1610030,A161003001,2010-08-12,1408.0,2026-05-31T20:30:42Z,16,Donnée validée,10,Expertisée,20,Bonne,7.384986107,48.102530621,HIXnJ
A1610030,A161003001,2010-08-13,1294.0,2026-05-31T20:30:42Z,16,Donnée validée,10,Expertisée,20,Bonne,7.384986107,48.102530621,HIXnJ
A1610030,A161003001,2010-08-14,1313.0,2026-05-31T20:30:42Z,16,Donnée validée,10,Expertisée,20,Bonne,7.384986107,48.102530621,HIXnJ
A1610030,A161003001,2010-08-15,1980.0,2026-05-31T20:30:42Z,16,Donnée validée,10,Expertisée,20,Bonne,7.384986107,48.102530621,HIXnJ
A1610030,A161003001,2010-08-16,1980.0,2026-05-31T20:30:42Z,16,Donnée validée,10,Expertisée,20,Bonne,7.384986107,48.102530621,HIXnJ
A1610030,A161003001,2010-08-17,1740.0,2026-05-31T20:30:42Z,16,Donnée validée,10,Expertisée,20,Bonne,7.384986107,48.102530621,HIXnJ
A1610030,A161003001,2010-08-18,1653.0,2026-05-31T20:30:42Z,16,Donnée validée,10,Expertisée,20,Bonne,7.384986107,48.102530621,HIXnJ
A1610030,A161003001,2010-08-19,1498.0,2026-05-31T20:30:42Z,16,Donnée validée,10,Expertisée,20,Bonne,7.384986107,48.102530621,HIXnJ
A1610030,A161003001,2010-08-20,1412.0,2026-05-31T20:30:42Z,16,Donnée validée,10,Expertisée,20,Bonne,7.384986107,48.102530621,HIXnJ
A1610030,A161003001,2010-08-21,1370.0,2026-05-31T20:30:42Z,16,Donnée validée,10,Expertisée,20,Bonne,7.384986107,48.102530621,HIXnJ
A1610030,A161003001,2010-08-22,1330.0,2026-05-31T20:30:42Z,16,Donnée validée,10,Expertisée,20,Bonne,7.384986107,48.102530621,HIXnJ
A1610030,A161003001,2010-08-23,1329.0,2026-05-31T20:30:42Z,16,Donnée validée,10,Expertisée,20,Bonne,7.384986107,48.102530621,HIXnJ
A1610030,A161003001,2010-08-24,1531.0,2026-05-31T20:30:42Z,16,Donnée validée,10,Expertisée,20,Bonne,7.384986107,48.102530621,HIXnJ
A1610030,A161003001,2010-08-25,1460.0,2026-05-31T20:30:42Z,16,Donnée validée,10,Expertisée,20,Bonne,7.384986107,48.102530621,HIXnJ
A1610030,A161003001,2010-08-26,1384.0,2026-05-31T20:30:42Z,16,Donnée validée,10,Expertisée,20,Bonne,7.384986107,48.102530621,HIXnJ
A1610030,A161003001,2010-08-27,1531.0,2026-05-31T20:30:42Z,16,Donnée validée,10,Expertisée,20,Bonne,7.384986107,48.102530621,HIXnJ
A1610030,A161003001,2010-08-28,1450.0,2026-05-31T20:30:42Z,16,Donnée validée,10,Expertisée,20,Bonne,7.384986107,48.102530621,HIXnJ
A1610030,A161003001,2010-08-29,1443.0,2026-05-31T20:30:42Z,16,Donnée validée,10,Expertisée,20,Bonne,7.384986107,48.102530621,HIXnJ
A1610030,A161003001,2010-08-30,1385.0,2026-05-31T20:30:42Z,16,Donnée validée,10,Expertisée,20,Bonne,7.384986107,48.102530621,HIXnJ
A1610030,A161003001,2010-08-31,1401.0,2026-05-31T20:30:42Z,16,Donnée validée,10,Expertisée,20,Bonne,7.384986107,48.102530621,HIXnJ
A1610030,A161003001,2010-09-01,1361.0,2026-05-31T20:30:42Z,16,Donnée validée,10,Expertisée,20,Bonne,7.384986107,48.102530621,HIXnJ
A1610030,A161003001,2010-09-02,1316.0,2026-05-31T20:30:42Z,16,Donnée validée,10,Expertisée,20,Bonne,7.384986107,48.102530621,HIXnJ
A1610030,A161003001,2010-09-03,1301.0,2026-05-31T20:30:42Z,16,Donnée validée,10,Expertisée,20,Bonne,7.384986107,48.102530621,HIXnJ
A1610030,A161003001,2010-09-04,1278.0,2026-05-31T20:30:42Z,16,Donnée validée,10,Expertisée,20,Bonne,7.384986107,48.102530621,HIXnJ
A1610030,A161003001,2010-09-05,1261.0,2026-05-31T20:30:42Z,16,Donnée validée,10,Expertisée,20,Bonne,7.384986107,48.102530621,HIXnJ
A1610030,A161003001,2010-09-06,1306.0,2026-05-31T20:30:42Z,16,Donnée validée,10,Expertisée,20,Bonne,7.384986107,48.102530621,HIXnJ
A1610030,A161003001,2010-09-07,1309.0,2026-05-31T20:30:42Z,16,Donnée validée,10,Expertisée,20,Bonne,7.384986107,48.102530621,HIXnJ
A1610030,A161003001,2010-09-08,1404.0,2026-05-31T20:30:42Z,16,Donnée validée,10,Expertisée,20,Bonne,7.384986107,48.102530621,HIXnJ
A1610030,A161003001,2010-09-09,1361.0,2026-05-31T20:30:42Z,16,Donnée validée,10,Expertisée,20,Bonne,7.384986107,48.102530621,HIXnJ
A1610030,A161003001,2010-09-10,1298.0,2026-05-31T20:30:42Z,16,Donnée validée,10,Expertisée,20,Bonne,7.384986107,48.102530621,HIXnJ
A1610030,A161003001,2010-09-11,1287.0,2026-05-31T20:30:42Z,16,Donnée validée,10,Expertisée,20,Bonne,7.384986107,48.102530621,HIXnJ
A1610030,A161003001,2010-09-12,1320.0,2026-05-31T20:30:42Z,16,Donnée validée,10,Expertisée,20,Bonne,7.384986107,48.102530621,HIXnJ
A1610030,A161003001,2010-09-13,1294.0,2026-05-31T20:30:42Z,16,Donnée validée,10,Expertisée,20,Bonne,7.384986107,48.102530621,HIXnJ
A1610030,A161003001,2010-09-14,1284.0,2026-05-31T20:30:42Z,16,Donnée validée,10,Expertisée,20,Bonne,7.384986107,48.102530621,HIXnJ
A1610030,A161003001,2010-09-15,1263.0,2026-05-31T20:30:42Z,16,Donnée validée,10,Expertisée,20,Bonne,7.384986107,48.102530621,HIXnJ
A1610030,A161003001,2010-09-16,1246.0,2026-05-31T20:30:42Z,16,Donnée validée,10,Expertisée,20,Bonne,7.384986107,48.102530621,HIXnJ
A1610030,A161003001,2010-09-17,1247.0,2026-05-31T20:30:42Z,16,Donnée validée,10,Expertisée,20,Bonne,7.384986107,48.102530621,HIXnJ
A1610030,A161003001,2010-09-18,1235.0,2026-05-31T20:30:42Z,16,Donnée validée,10,Expertisée,20,Bonne,7.384986107,48.102530621,HIXnJ
A1610030,A161003001,2010-09-19,1226.0,2026-05-31T20:30:42Z,16,Donnée validée,10,Expertisée,20,Bonne,7.384986107,48.102530621,HIXnJ
A1610030,A161003001,2010-09-20,1215.0,2026-05-31T20:30:42Z,16,Donnée validée,10,Expertisée,20,Bonne,7.384986107,48.102530621,HIXnJ
A1610030,A161003001,2010-09-21,1216.0,2026-05-31T20:30:42Z,16,Donnée validée,10,Expertisée,20,Bonne,7.384986107,48.102530621,HIXnJ
A1610030,A161003001,2010-09-22,1210.0,2026-05-31T20:30:42Z,16,Donnée validée,10,Expertisée,20,Bonne,7.384986107,48.102530621,HIXnJ
A1610030,A161003001,2010-09-23,1208.0,2026-05-31T20:30:42Z,16,Donnée validée,10,Expertisée,20,Bonne,7.384986107,48.102530621,HIXnJ
A1610030,A161003001,2010-09-24,1252.0,2026-05-31T20:30:42Z,16,Donnée validée,10,Expertisée,20,Bonne,7.384986107,48.102530621,HIXnJ
A1610030,A161003001,2010-09-25,1280.0,2026-05-31T20:30:42Z,16,Donnée validée,10,Expertisée,20,Bonne,7.384986107,48.102530621,HIXnJ
A1610030,A161003001,2010-09-26,1256.0,2026-05-31T20:30:42Z,16,Donnée validée,10,Expertisée,20,Bonne,7.384986107,48.102530621,HIXnJ
A1610030,A161003001,2010-09-27,1268.0,2026-05-31T20:30:42Z,16,Donnée validée,10,Expertisée,20,Bonne,7.384986107,48.102530621,HIXnJ
A1610030,A161003001,2010-09-28,1281.0,2026-05-31T20:30:42Z,16,Donnée validée,10,Expertisée,20,Bonne,7.384986107,48.102530621,HIXnJ
A1610030,A161003001,2010-09-29,1240.0,2026-05-31T20:30:42Z,16,Donnée validée,10,Expertisée,20,Bonne,7.384986107,48.102530621,HIXnJ
A1610030,A161003001,2010-09-30,1216.0,2026-05-31T20:30:42Z,16,Donnée validée,10,Expertisée,20,Bonne,7.384986107,48.102530621,HIXnJ
A1610030,A161003001,2010-10-01,1228.0,2026-05-31T20:30:42Z,16,Donnée validée,10,Expertisée,20,Bonne,7.384986107,48.102530621,HIXnJ
A1610030,A161003001,2010-10-02,1221.0,2026-05-31T20:30:42Z,16,Donnée validée,10,Expertisée,20,Bonne,7.384986107,48.102530621,HIXnJ
A1610030,A161003001,2010-10-03,1213.0,2026-05-31T20:30:42Z,16,Donnée validée,10,Expertisée,20,Bonne,7.384986107,48.102530621,HIXnJ
A1610030,A161003001,2010-10-04,1194.0,2026-05-31T20:30:42Z,16,Donnée validée,10,Expertisée,20,Bonne,7.384986107,48.102530621,HIXnJ
A1610030,A161003001,2010-10-05,1194.0,2026-05-31T20:30:42Z,16,Donnée validée,10,Expertisée,20,Bonne,7.384986107,48.102530621,HIXnJ
A1610030,A161003001,2010-10-06,1181.0,2026-05-31T20:30:42Z,16,Donnée validée,10,Expertisée,20,Bonne,7.384986107,48.102530621,HIXnJ
A1610030,A161003001,2010-10-07,1173.0,2026-05-31T20:30:42Z,16,Donnée validée,10,Expertisée,20,Bonne,7.384986107,48.102530621,HIXnJ
A1610030,A161003001,2010-10-08,1173.0,2026-05-31T20:30:42Z,16,Donnée validée,10,Expertisée,20,Bonne,7.384986107,48.102530621,HIXnJ
A1610030,A161003001,2010-10-09,1188.0,2026-05-31T20:30:42Z,16,Donnée validée,10,Expertisée,20,Bonne,7.384986107,48.102530621,HIXnJ
A1610030,A161003001,2010-10-10,1193.0,2026-05-31T20:30:42Z,16,Donnée validée,10,Expertisée,20,Bonne,7.384986107,48.102530621,HIXnJ
A1610030,A161003001,2010-10-11,1204.0,2026-05-31T20:30:42Z,16,Donnée validée,10,Expertisée,20,Bonne,7.384986107,48.102530621,HIXnJ
A1610030,A161003001,2010-10-12,1200.0,2026-05-31T20:30:42Z,16,Donnée validée,10,Expertisée,20,Bonne,7.384986107,48.102530621,HIXnJ
A1610030,A161003001,2010-10-13,1197.0,2026-05-31T20:30:42Z,16,Donnée validée,10,Expertisée,20,Bonne,7.384986107,48.102530621,HIXnJ
A1610030,A161003001,2010-10-14,1202.0,2026-05-31T20:30:42Z,16,Donnée validée,10,Expertisée,20,Bonne,7.384986107,48.102530621,HIXnJ
A1610030,A161003001,2010-10-15,1203.0,2026-05-31T20:30:42Z,16,Donnée validée,10,Expertisée,20,Bonne,7.384986107,48.102530621,HIXnJ
A1610030,A161003001,2010-10-16,1221.0,2026-05-31T20:30:42Z,16,Donnée validée,10,Expertisée,20,Bonne,7.384986107,48.102530621,HIXnJ
A1610030,A161003001,2010-10-17,1243.0,2026-05-31T20:30:42Z,16,Donnée validée,10,Expertisée,20,Bonne,7.384986107,48.102530621,HIXnJ
A1610030,A161003001,2010-10-18,1223.0,2026-05-31T20:30:42Z,16,Donnée validée,10,Expertisée,20,Bonne,7.384986107,48.102530621,HIXnJ
A1610030,A161003001,2010-10-19,1218.0,2026-05-31T20:30:42Z,16,Donnée validée,10,Expertisée,20,Bonne,7.384986107,48.102530621,HIXnJ
A1610030,A161003001,2010-10-20,1297.0,2026-05-31T20:30:42Z,16,Donnée validée,10,Expertisée,20,Bonne,7.384986107,48.102530621,HIXnJ
A1610030,A161003001,2010-10-21,1277.0,2026-05-31T20:30:42Z,16,Donnée validée,10,Expertisée,20,Bonne,7.384986107,48.102530621,HIXnJ
A1610030,A161003001,2010-10-22,1263.0,2026-05-31T20:30:42Z,16,Donnée validée,10,Expertisée,20,Bonne,7.384986107,48.102530621,HIXnJ
A1610030,A161003001,2010-10-23,1245.0,2026-05-31T20:30:42Z,16,Donnée validée,10,Expertisée,20,Bonne,7.384986107,48.102530621,HIXnJ
A1610030,A161003001,2010-10-24,1373.0,2026-05-31T20:30:42Z,16,Donnée validée,10,Expertisée,20,Bonne,7.384986107,48.102530621,HIXnJ
A1610030,A161003001,2010-10-25,1378.0,2026-05-31T20:30:42Z,16,Donnée validée,10,Expertisée,20,Bonne,7.384986107,48.102530621,HIXnJ
A1610030,A161003001,2010-10-26,1333.0,2026-05-31T20:30:42Z,16,Donnée validée,10,Expertisée,20,Bonne,7.384986107,48.102530621,HIXnJ
A1610030,A161003001,2010-10-27,1307.0,2026-05-31T20:30:42Z,16,Donnée validée,10,Expertisée,20,Bonne,7.384986107,48.102530621,HIXnJ
A1610030,A161003001,2010-10-28,1292.0,2026-05-31T20:30:42Z,16,Donnée validée,10,Expertisée,20,Bonne,7.384986107,48.102530621,HIXnJ
A1610030,A161003001,2010-10-29,1281.0,2026-05-31T20:30:42Z,16,Donnée validée,10,Expertisée,20,Bonne,7.384986107,48.102530621,HIXnJ
A1610030,A161003001,2010-10-30,1265.0,2026-05-31T20:30:42Z,16,Donnée validée,10,Expertisée,20,Bonne,7.384986107,48.102530621,HIXnJ
A1610030,A161003001,2010-10-31,1256.0,2026-05-31T20:30:42Z,16,Donnée validée,10,Expertisée,20,Bonne,7.384986107,48.102530621,HIXnJ
A1610030,A161003001,2010-11-01,1244.0,2026-05-31T20:30:42Z,16,Donnée validée,10,Expertisée,20,Bonne,7.384986107,48.102530621,HIXnJ
A1610030,A161003001,2010-11-02,1236.0,2026-05-31T20:30:42Z,16,Donnée validée,10,Expertisée,20,Bonne,7.384986107,48.102530621,HIXnJ
A1610030,A161003001,2010-11-03,1250.0,2026-05-31T20:30:42Z,16,Donnée validée,10,Expertisée,20,Bonne,7.384986107,48.102530621,HIXnJ
A1610030,A161003001,2010-11-04,1249.0,2026-05-31T20:30:42Z,16,Donnée validée,10,Expertisée,20,Bonne,7.384986107,48.102530621,HIXnJ
A1610030,A161003001,2010-11-05,1194.0,2026-05-31T20:30:42Z,16,Donnée validée,10,Expertisée,20,Bonne,7.384986107,48.102530621,HIXnJ
A1610030,A161003001,2010-11-06,1201.0,2026-05-31T20:30:42Z,16,Donnée validée,10,Expertisée,20,Bonne,7.384986107,48.102530621,HIXnJ
A1610030,A161003001,2010-11-07,1343.0,2026-05-31T20:30:42Z,16,Donnée validée,10,Expertisée,20,Bonne,7.384986107,48.102530621,HIXnJ
A1610030,A161003001,2010-11-08,1345.0,2026-05-31T20:30:42Z,16,Donnée validée,10,Expertisée,20,Bonne,7.384986107,48.102530621,HIXnJ
A1610030,A161003001,2010-11-09,1345.0,2026-05-31T20:30:42Z,16,Donnée validée,10,Expertisée,20,Bonne,7.384986107,48.102530621,HIXnJ
A1610030,A161003001,2010-11-10,1421.0,2026-05-31T20:30:42Z,16,Donnée validée,10,Expertisée,20,Bonne,7.384986107,48.102530621,HIXnJ
A1610030,A161003001,2010-11-11,1462.0,2026-05-31T20:30:42Z,16,Donnée validée,10,Expertisée,20,Bonne,7.384986107,48.102530621,HIXnJ
A1610030,A161003001,2010-11-12,1889.0,2026-05-31T20:30:42Z,16,Donnée validée,10,Expertisée,20,Bonne,7.384986107,48.102530621,HIXnJ
A1610030,A161003001,2010-11-13,2003.0,2026-05-31T20:30:42Z,16,Donnée validée,10,Expertisée,20,Bonne,7.384986107,48.102530621,HIXnJ
A1610030,A161003001,2010-11-14,1869.0,2026-05-31T20:30:42Z,16,Donnée validée,10,Expertisée,20,Bonne,7.384986107,48.102530621,HIXnJ
A1610030,A161003001,2010-11-15,1689.0,2026-05-31T20:30:42Z,16,Donnée validée,10,Expertisée,20,Bonne,7.384986107,48.102530621,HIXnJ
A1610030,A161003001,2010-11-16,2006.0,2026-05-31T20:30:42Z,16,Donnée validée,10,Expertisée,20,Bonne,7.384986107,48.102530621,HIXnJ
A1610030,A161003001,2010-11-17,2007.0,2026-05-31T20:30:42Z,16,Donnée validée,10,Expertisée,20,Bonne,7.384986107,48.102530621,HIXnJ
A1610030,A161003001,2010-11-18,1691.0,2026-05-31T20:30:42Z,16,Donnée validée,10,Expertisée,20,Bonne,7.384986107,48.102530621,HIXnJ
A1610030,A161003001,2010-11-19,1572.0,2026-05-31T20:30:42Z,16,Donnée validée,10,Expertisée,20,Bonne,7.384986107,48.102530621,HIXnJ
A1610030,A161003001,2010-11-20,1488.0,2026-05-31T20:30:42Z,16,Donnée validée,10,Expertisée,20,Bonne,7.384986107,48.102530621,HIXnJ
A1610030,A161003001,2010-11-21,1448.0,2026-05-31T20:30:42Z,16,Donnée validée,10,Expertisée,20,Bonne,7.384986107,48.102530621,HIXnJ
A1610030,A161003001,2010-11-22,1419.0,2026-05-31T20:30:42Z,16,Donnée validée,10,Expertisée,20,Bonne,7.384986107,48.102530621,HIXnJ
A1610030,A161003001,2010-11-23,1383.0,2026-05-31T20:30:42Z,16,Donnée validée,10,Expertisée,20,Bonne,7.384986107,48.102530621,HIXnJ
A1610030,A161003001,2010-11-24,1339.0,2026-05-31T20:30:42Z,16,Donnée validée,10,Expertisée,20,Bonne,7.384986107,48.102530621,HIXnJ
A1610030,A161003001,2010-11-25,1336.0,2026-05-31T20:30:42Z,16,Donnée validée,10,Expertisée,20,Bonne,7.384986107,48.102530621,HIXnJ
A1610030,A161003001,2010-11-26,1370.0,2026-05-31T20:30:42Z,16,Donnée validée,10,Expertisée,20,Bonne,7.384986107,48.102530621,HIXnJ
A1610030,A161003001,2010-11-27,1372.0,2026-05-31T20:30:42Z,16,Donnée validée,10,Expertisée,20,Bonne,7.384986107,48.102530621,HIXnJ
A1610030,A161003001,2010-11-28,1368.0,2026-05-31T20:30:42Z,16,Donnée validée,10,Expertisée,20,Bonne,7.384986107,48.102530621,HIXnJ
A1610030,A161003001,2010-11-29,1367.0,2026-05-31T20:30:42Z,16,Donnée validée,10,Expertisée,20,Bonne,7.384986107,48.102530621,HIXnJ
A1610030,A161003001,2010-11-30,1363.0,2026-05-31T20:30:42Z,16,Donnée validée,10,Expertisée,20,Bonne,7.384986107,48.102530621,HIXnJ
A1610030,A161003001,2010-12-01,1354.0,2026-05-31T20:30:42Z,16,Donnée validée,10,Expertisée,20,Bonne,7.384986107,48.102530621,HIXnJ
A1610030,A161003001,2010-12-02,1353.0,2026-05-31T20:30:42Z,16,Donnée validée,10,Expertisée,20,Bonne,7.384986107,48.102530621,HIXnJ
A1610030,A161003001,2010-12-03,1351.0,2026-05-31T20:30:42Z,16,Donnée validée,10,Expertisée,20,Bonne,7.384986107,48.102530621,HIXnJ
A1610030,A161003001,2010-12-04,1349.0,2026-05-31T20:30:42Z,16,Donnée validée,10,Expertisée,20,Bonne,7.384986107,48.102530621,HIXnJ
A1610030,A161003001,2010-12-05,1342.0,2026-05-31T20:30:42Z,16,Donnée validée,10,Expertisée,20,Bonne,7.384986107,48.102530621,HIXnJ
A1610030,A161003001,2010-12-06,2376.0,2026-05-31T20:30:42Z,16,Donnée validée,10,Expertisée,20,Bonne,7.384986107,48.102530621,HIXnJ
A1610030,A161003001,2010-12-07,3768.0,2026-05-31T20:30:42Z,16,Donnée validée,10,Expertisée,20,Bonne,7.384986107,48.102530621,HIXnJ
A1610030,A161003001,2010-12-08,4040.0,2026-05-31T20:30:42Z,16,Donnée validée,10,Expertisée,20,Bonne,7.384986107,48.102530621,HIXnJ
A1610030,A161003001,2010-12-09,3916.0,2026-05-31T20:30:42Z,16,Donnée validée,10,Expertisée,20,Bonne,7.384986107,48.102530621,HIXnJ
A1610030,A161003001,2010-12-10,3292.0,2026-05-31T20:30:42Z,16,Donnée validée,10,Expertisée,20,Bonne,7.384986107,48.102530621,HIXnJ
A1610030,A161003001,2010-12-11,2446.0,2026-05-31T20:30:42Z,16,Donnée validée,10,Expertisée,20,Bonne,7.384986107,48.102530621,HIXnJ
A1610030,A161003001,2010-12-12,2056.0,2026-05-31T20:30:42Z,16,Donnée validée,10,Expertisée,20,Bonne,7.384986107,48.102530621,HIXnJ
A1610030,A161003001,2010-12-13,1838.0,2026-05-31T20:30:42Z,16,Donnée validée,10,Expertisée,20,Bonne,7.384986107,48.102530621,HIXnJ
A1610030,A161003001,2010-12-14,1721.0,2026-05-31T20:30:42Z,16,Donnée validée,10,Expertisée,20,Bonne,7.384986107,48.102530621,HIXnJ
A1610030,A161003001,2010-12-15,1618.0,2026-05-31T20:30:42Z,16,Donnée validée,10,Expertisée,20,Bonne,7.384986107,48.102530621,HIXnJ
A1610030,A161003001,2010-12-16,1538.0,2026-05-31T20:30:42Z,16,Donnée validée,10,Expertisée,20,Bonne,7.384986107,48.102530621,HIXnJ
A1610030,A161003001,2010-12-17,1533.0,2026-05-31T20:30:42Z,16,Donnée validée,10,Expertisée,20,Bonne,7.384986107,48.102530621,HIXnJ
A1610030,A161003001,2010-12-18,1513.0,2026-05-31T20:30:42Z,16,Donnée validée,10,Expertisée,20,Bonne,7.384986107,48.102530621,HIXnJ
A1610030,A161003001,2010-12-19,1453.0,2026-05-31T20:30:42Z,16,Donnée validée,10,Expertisée,20,Bonne,7.384986107,48.102530621,HIXnJ
A1610030,A161003001,2010-12-20,2397.0,2026-05-31T20:30:42Z,16,Donnée validée,10,Expertisée,20,Bonne,7.384986107,48.102530621,HIXnJ
A1610030,A161003001,2010-12-21,2980.0,2026-05-31T20:30:42Z,16,Donnée validée,10,Expertisée,20,Bonne,7.384986107,48.102530621,HIXnJ
A1610030,A161003001,2010-12-22,3487.0,2026-05-31T20:30:42Z,16,Donnée validée,10,Expertisée,20,Bonne,7.384986107,48.102530621,HIXnJ
A1610030,A161003001,2010-12-23,3700.0,2026-05-31T20:30:42Z,16,Donnée validée,10,Expertisée,20,Bonne,7.384986107,48.102530621,HIXnJ
A1610030,A161003001,2010-12-24,3076.0,2026-05-31T20:30:42Z,16,Donnée validée,10,Expertisée,20,Bonne,7.384986107,48.102530621,HIXnJ
A1610030,A161003001,2010-12-25,2655.0,2026-05-31T20:30:42Z,16,Donnée validée,10,Expertisée,20,Bonne,7.384986107,48.102530621,HIXnJ
A1610030,A161003001,2010-12-26,2316.0,2026-05-31T20:30:42Z,16,Donnée validée,10,Expertisée,20,Bonne,7.384986107,48.102530621,HIXnJ
A1610030,A161003001,2010-12-27,2048.0,2026-05-31T20:30:42Z,16,Donnée validée,10,Expertisée,20,Bonne,7.384986107,48.102530621,HIXnJ
A1610030,A161003001,2010-12-28,1924.0,2026-05-31T20:30:42Z,16,Donnée validée,10,Expertisée,20,Bonne,7.384986107,48.102530621,HIXnJ
A1610030,A161003001,2010-12-29,1825.0,2026-05-31T20:30:42Z,16,Donnée validée,10,Expertisée,20,Bonne,7.384986107,48.102530621,HIXnJ
A1610030,A161003001,2010-12-30,1774.0,2026-05-31T20:30:42Z,16,Donnée validée,10,Expertisée,20,Bonne,7.384986107,48.102530621,HIXnJ
A1610030,A161003001,2010-12-31,1769.0,2026-05-31T20:30:42Z,16,Donnée validée,10,Expertisée,20,Bonne,7.384986107,48.102530621,HIXnJ
A1610030,A161003001,2011-01-01,1728.0,2026-05-31T20:30:42Z,16,Donnée validée,10,Expertisée,20,Bonne,7.384986107,48.102530621,HIXnJ
A1610030,A161003001,2011-01-02,1694.0,2026-05-31T20:30:42Z,16,Donnée validée,10,Expertisée,20,Bonne,7.384986107,48.102530621,HIXnJ
A1610030,A161003001,2011-01-03,1657.0,2026-05-31T20:30:42Z,16,Donnée validée,10,Expertisée,20,Bonne,7.384986107,48.102530621,HIXnJ
A1610030,A161003001,2011-01-04,1603.0,2026-05-31T20:30:42Z,16,Donnée validée,10,Expertisée,20,Bonne,7.384986107,48.102530621,HIXnJ
A1610030,A161003001,2011-01-05,1563.0,2026-05-31T20:30:42Z,16,Donnée validée,10,Expertisée,20,Bonne,7.384986107,48.102530621,HIXnJ
A1610030,A161003001,2011-01-06,1675.0,2026-05-31T20:30:42Z,16,Donnée validée,10,Expertisée,20,Bonne,7.384986107,48.102530621,HIXnJ
A1610030,A161003001,2011-01-07,2682.0,2026-05-31T20:30:42Z,16,Donnée validée,10,Expertisée,20,Bonne,7.384986107,48.102530621,HIXnJ
A1610030,A161003001,2011-01-08,2819.0,2026-05-31T20:30:42Z,16,Donnée validée,10,Expertisée,20,Bonne,7.384986107,48.102530621,HIXnJ
A1610030,A161003001,2011-01-09,2789.0,2026-05-31T20:30:42Z,16,Donnée validée,10,Expertisée,20,Bonne,7.384986107,48.102530621,HIXnJ
A1610030,A161003001,2011-01-10,2969.0,2026-05-31T20:30:42Z,16,Donnée validée,10,Expertisée,20,Bonne,7.384986107,48.102530621,HIXnJ
A1610030,A161003001,2011-01-11,2850.0,2026-05-31T20:30:42Z,16,Donnée validée,10,Expertisée,20,Bonne,7.384986107,48.102530621,HIXnJ
A1610030,A161003001,2011-01-12,2384.0,2026-05-31T20:30:42Z,16,Donnée validée,10,Expertisée,20,Bonne,7.384986107,48.102530621,HIXnJ
A1610030,A161003001,2011-01-13,2284.0,2026-05-31T20:30:42Z,16,Donnée validée,10,Expertisée,20,Bonne,7.384986107,48.102530621,HIXnJ
A1610030,A161003001,2011-01-14,2491.0,2026-05-31T20:30:42Z,16,Donnée validée,10,Expertisée,20,Bonne,7.384986107,48.102530621,HIXnJ
A1610030,A161003001,2011-01-15,2341.0,2026-05-31T20:30:42Z,16,Donnée validée,10,Expertisée,20,Bonne,7.384986107,48.102530621,HIXnJ
A1610030,A161003001,2011-01-16,2187.0,2026-05-31T20:30:42Z,16,Donnée validée,10,Expertisée,20,Bonne,7.384986107,48.102530621,HIXnJ
A1610030,A161003001,2011-01-17,2005.0,2026-05-31T20:30:42Z,16,Donnée validée,10,Expertisée,20,Bonne,7.384986107,48.102530621,HIXnJ
A1610030,A161003001,2011-01-18,1877.0,2026-05-31T20:30:42Z,16,Donnée validée,10,Expertisée,20,Bonne,7.384986107,48.102530621,HIXnJ
A1610030,A161003001,2011-01-19,1831.0,2026-05-31T20:30:42Z,16,Donnée validée,10,Expertisée,20,Bonne,7.384986107,48.102530621,HIXnJ
A1610030,A161003001,2011-01-20,1768.0,2026-05-31T20:30:42Z,16,Donnée validée,10,Expertisée,20,Bonne,7.384986107,48.102530621,HIXnJ
A1610030,A161003001,2011-01-21,1712.0,2026-05-31T20:30:42Z,16,Donnée validée,10,Expertisée,20,Bonne,7.384986107,48.102530621,HIXnJ
A1610030,A161003001,2011-01-22,1626.0,2026-05-31T20:30:42Z,16,Donnée validée,10,Expertisée,20,Bonne,7.384986107,48.102530621,HIXnJ
A1610030,A161003001,2011-01-23,1574.0,2026-05-31T20:30:42Z,16,Donnée validée,10,Expertisée,20,Bonne,7.384986107,48.102530621,HIXnJ
A1610030,A161003001,2011-01-24,1532.0,2026-05-31T20:30:42Z,16,Donnée validée,10,Expertisée,20,Bonne,7.384986107,48.102530621,HIXnJ
A1610030,A161003001,2011-01-25,1488.0,2026-05-31T20:30:42Z,16,Donnée validée,10,Expertisée,20,Bonne,7.384986107,48.102530621,HIXnJ
A1610030,A161003001,2011-01-26,1458.0,2026-05-31T20:30:42Z,16,Donnée validée,10,Expertisée,20,Bonne,7.384986107,48.102530621,HIXnJ
A1610030,A161003001,2011-01-27,1457.0,2026-05-31T20:30:42Z,16,Donnée validée,10,Expertisée,20,Bonne,7.384986107,48.102530621,HIXnJ
A1610030,A161003001,2011-01-28,1431.0,2026-05-31T20:30:42Z,16,Donnée validée,10,Expertisée,20,Bonne,7.384986107,48.102530621,HIXnJ
A1610030,A161003001,2011-01-29,1410.0,2026-05-31T20:30:42Z,16,Donnée validée,10,Expertisée,20,Bonne,7.384986107,48.102530621,HIXnJ
A1610030,A161003001,2011-01-30,1388.0,2026-05-31T20:30:42Z,16,Donnée validée,10,Expertisée,20,Bonne,7.384986107,48.102530621,HIXnJ
A1610030,A161003001,2011-01-31,1375.0,2026-05-31T20:30:42Z,16,Donnée validée,10,Expertisée,20,Bonne,7.384986107,48.102530621,HIXnJ
A1610030,A161003001,2011-02-01,1351.0,2026-05-31T20:30:42Z,16,Donnée validée,10,Expertisée,20,Bonne,7.384986107,48.102530621,HIXnJ
A1610030,A161003001,2011-02-02,1315.0,2026-05-31T20:30:42Z,16,Donnée validée,10,Expertisée,20,Bonne,7.384986107,48.102530621,HIXnJ
A1610030,A161003001,2011-02-03,1345.0,2026-05-31T20:30:42Z,16,Donnée validée,10,Expertisée,20,Bonne,7.384986107,48.102530621,HIXnJ
A1610030,A161003001,2011-02-04,1341.0,2026-05-31T20:30:42Z,16,Donnée validée,10,Expertisée,20,Bonne,7.384986107,48.102530621,HIXnJ
A1610030,A161003001,2011-02-05,1318.0,2026-05-31T20:30:42Z,16,Donnée validée,10,Expertisée,20,Bonne,7.384986107,48.102530621,HIXnJ
A1610030,A161003001,2011-02-06,1295.0,2026-05-31T20:30:42Z,16,Donnée validée,10,Expertisée,20,Bonne,7.384986107,48.102530621,HIXnJ
A1610030,A161003001,2011-02-07,1291.0,2026-05-31T20:30:42Z,16,Donnée validée,10,Expertisée,20,Bonne,7.384986107,48.102530621,HIXnJ
A1610030,A161003001,2011-02-08,1308.0,2026-05-31T20:30:42Z,16,Donnée validée,10,Expertisée,20,Bonne,7.384986107,48.102530621,HIXnJ
A1610030,A161003001,2011-02-09,1286.0,2026-05-31T20:30:42Z,16,Donnée validée,10,Expertisée,20,Bonne,7.384986107,48.102530621,HIXnJ
A1610030,A161003001,2011-02-10,1285.0,2026-05-31T20:30:42Z,16,Donnée validée,10,Expertisée,20,Bonne,7.384986107,48.102530621,HIXnJ
A1610030,A161003001,2011-02-11,1259.0,2026-05-31T20:30:42Z,16,Donnée validée,10,Expertisée,20,Bonne,7.384986107,48.102530621,HIXnJ
A1610030,A161003001,2011-02-12,1238.0,2026-05-31T20:30:42Z,16,Donnée validée,10,Expertisée,20,Bonne,7.384986107,48.102530621,HIXnJ
A1610030,A161003001,2011-02-13,1234.0,2026-05-31T20:30:42Z,16,Donnée validée,10,Expertisée,20,Bonne,7.384986107,48.102530621,HIXnJ
A1610030,A161003001,2011-02-14,1230.0,2026-05-31T20:30:42Z,16,Donnée validée,10,Expertisée,20,Bonne,7.384986107,48.102530621,HIXnJ
A1610030,A161003001,2011-02-15,1294.0,2026-05-31T20:30:42Z,16,Donnée validée,10,Expertisée,20,Bonne,7.384986107,48.102530621,HIXnJ
A1610030,A161003001,2011-02-16,1286.0,2026-05-31T20:30:42Z,16,Donnée validée,10,Expertisée,20,Bonne,7.384986107,48.102530621,HIXnJ
A1610030,A161003001,2011-02-17,1258.0,2026-05-31T20:30:42Z,16,Donnée validée,10,Expertisée,20,Bonne,7.384986107,48.102530621,HIXnJ
A1610030,A161003001,2011-02-18,1235.0,2026-05-31T20:30:42Z,16,Donnée validée,10,Expertisée,20,Bonne,7.384986107,48.102530621,HIXnJ
A1610030,A161003001,2011-02-19,1223.0,2026-05-31T20:30:42Z,16,Donnée validée,10,Expertisée,20,Bonne,7.384986107,48.102530621,HIXnJ
A1610030,A161003001,2011-02-20,1238.0,2026-05-31T20:30:42Z,16,Donnée validée,10,Expertisée,20,Bonne,7.384986107,48.102530621,HIXnJ
A1610030,A161003001,2011-02-21,1266.0,2026-05-31T20:30:42Z,16,Donnée validée,10,Expertisée,20,Bonne,7.384986107,48.102530621,HIXnJ
A1610030,A161003001,2011-02-22,1283.0,2026-05-31T20:30:42Z,16,Donnée validée,10,Expertisée,20,Bonne,7.384986107,48.102530621,HIXnJ
A1610030,A161003001,2011-02-23,1278.0,2026-05-31T20:30:42Z,16,Donnée validée,10,Expertisée,20,Bonne,7.384986107,48.102530621,HIXnJ
A1610030,A161003001,2011-02-24,1238.0,2026-05-31T20:30:42Z,16,Donnée validée,10,Expertisée,20,Bonne,7.384986107,48.102530621,HIXnJ
A1610030,A161003001,2011-02-25,1232.0,2026-05-31T20:30:42Z,16,Donnée validée,10,Expertisée,20,Bonne,7.384986107,48.102530621,HIXnJ
A1610030,A161003001,2011-02-26,1244.0,2026-05-31T20:30:42Z,16,Donnée validée,10,Expertisée,20,Bonne,7.384986107,48.102530621,HIXnJ
A1610030,A161003001,2011-02-27,1282.0,2026-05-31T20:30:42Z,16,Donnée validée,10,Expertisée,20,Bonne,7.384986107,48.102530621,HIXnJ
A1610030,A161003001,2011-02-28,1311.0,2026-05-31T20:30:42Z,16,Donnée validée,10,Expertisée,20,Bonne,7.384986107,48.102530621,HIXnJ
A1610030,A161003001,2011-03-01,1300.0,2026-05-31T20:30:42Z,16,Donnée validée,10,Expertisée,20,Bonne,7.384986107,48.102530621,HIXnJ
A1610030,A161003001,2011-03-02,1257.0,2026-05-31T20:30:42Z,16,Donnée validée,10,Expertisée,20,Bonne,7.384986107,48.102530621,HIXnJ
A1610030,A161003001,2011-03-03,1234.0,2026-05-31T20:30:42Z,16,Donnée validée,10,Expertisée,20,Bonne,7.384986107,48.102530621,HIXnJ
A1610030,A161003001,2011-03-04,1225.0,2026-05-31T20:30:42Z,16,Donnée validée,10,Expertisée,20,Bonne,7.384986107,48.102530621,HIXnJ
A1610030,A161003001,2011-03-05,1204.0,2026-05-31T20:30:42Z,16,Donnée validée,10,Expertisée,20,Bonne,7.384986107,48.102530621,HIXnJ
A1610030,A161003001,2011-03-06,1198.0,2026-05-31T20:30:42Z,16,Donnée validée,10,Expertisée,20,Bonne,7.384986107,48.102530621,HIXnJ
A1610030,A161003001,2011-03-07,1186.0,2026-05-31T20:30:42Z,16,Donnée validée,10,Expertisée,20,Bonne,7.384986107,48.102530621,HIXnJ
A1610030,A161003001,2011-03-08,1168.0,2026-05-31T20:30:42Z,16,Donnée validée,10,Expertisée,20,Bonne,7.384986107,48.102530621,HIXnJ
A1610030,A161003001,2011-03-09,1155.0,2026-05-31T20:30:42Z,16,Donnée validée,10,Expertisée,20,Bonne,7.384986107,48.102530621,HIXnJ
A1610030,A161003001,2011-03-10,1152.0,2026-05-31T20:30:42Z,16,Donnée validée,10,Expertisée,20,Bonne,7.384986107,48.102530621,HIXnJ
A1610030,A161003001,2011-03-11,1142.0,2026-05-31T20:30:42Z,16,Donnée validée,10,Expertisée,20,Bonne,7.384986107,48.102530621,HIXnJ
A1610030,A161003001,2011-03-12,1146.0,2026-05-31T20:30:42Z,16,Donnée validée,10,Expertisée,20,Bonne,7.384986107,48.102530621,HIXnJ
A1610030,A161003001,2011-03-13,1145.0,2026-05-31T20:30:42Z,16,Donnée validée,10,Expertisée,20,Bonne,7.384986107,48.102530621,HIXnJ
A1610030,A161003001,2011-03-14,1145.0,2026-05-31T20:30:42Z,16,Donnée validée,10,Expertisée,20,Bonne,7.384986107,48.102530621,HIXnJ
A1610030,A161003001,2011-03-15,1138.0,2026-05-31T20:30:42Z,16,Donnée validée,10,Expertisée,20,Bonne,7.384986107,48.102530621,HIXnJ
A1610030,A161003001,2011-03-16,1136.0,2026-05-31T20:30:42Z,16,Donnée validée,10,Expertisée,20,Bonne,7.384986107,48.102530621,HIXnJ
A1610030,A161003001,2011-03-17,1330.0,2026-05-31T20:30:42Z,16,Donnée validée,10,Expertisée,20,Bonne,7.384986107,48.102530621,HIXnJ
A1610030,A161003001,2011-03-18,1175.0,2026-05-31T20:30:42Z,16,Donnée validée,10,Expertisée,20,Bonne,7.384986107,48.102530621,HIXnJ
A1610030,A161003001,2011-03-19,1211.0,2026-05-31T20:30:42Z,16,Donnée validée,10,Expertisée,20,Bonne,7.384986107,48.102530621,HIXnJ
A1610030,A161003001,2011-03-20,1265.0,2026-05-31T20:30:42Z,16,Donnée validée,10,Expertisée,20,Bonne,7.384986107,48.102530621,HIXnJ
A1610030,A161003001,2011-03-21,1226.0,2026-05-31T20:30:42Z,16,Donnée validée,10,Expertisée,20,Bonne,7.384986107,48.102530621,HIXnJ
A1610030,A161003001,2011-03-22,1204.0,2026-05-31T20:30:42Z,16,Donnée validée,10,Expertisée,20,Bonne,7.384986107,48.102530621,HIXnJ
A1610030,A161003001,2011-03-23,1161.0,2026-05-31T20:30:42Z,16,Donnée validée,10,Expertisée,20,Bonne,7.384986107,48.102530621,HIXnJ
A1610030,A161003001,2011-03-24,1148.0,2026-05-31T20:30:42Z,16,Donnée validée,10,Expertisée,20,Bonne,7.384986107,48.102530621,HIXnJ
A1610030,A161003001,2011-03-25,1157.0,2026-05-31T20:30:42Z,16,Donnée validée,10,Expertisée,20,Bonne,7.384986107,48.102530621,HIXnJ
A1610030,A161003001,2011-03-26,1134.0,2026-05-31T20:30:42Z,16,Donnée validée,10,Expertisée,20,Bonne,7.384986107,48.102530621,HIXnJ
A1610030,A161003001,2011-03-27,1278.0,2026-05-31T20:30:42Z,16,Donnée validée,10,Expertisée,20,Bonne,7.384986107,48.102530621,HIXnJ
A1610030,A161003001,2011-03-28,1261.0,2026-05-31T20:30:42Z,16,Donnée validée,10,Expertisée,20,Bonne,7.384986107,48.102530621,HIXnJ
A1610030,A161003001,2011-03-29,1178.0,2026-05-31T20:30:42Z,16,Donnée validée,10,Expertisée,20,Bonne,7.384986107,48.102530621,HIXnJ
A1610030,A161003001,2011-03-30,1169.0,2026-05-31T20:30:42Z,16,Donnée validée,10,Expertisée,20,Bonne,7.384986107,48.102530621,HIXnJ
A1610030,A161003001,2011-03-31,1160.0,2026-05-31T20:30:42Z,16,Donnée validée,10,Expertisée,20,Bonne,7.384986107,48.102530621,HIXnJ
A1610030,A161003001,2011-04-01,1193.0,2026-05-31T20:30:42Z,16,Donnée validée,10,Expertisée,20,Bonne,7.384986107,48.102530621,HIXnJ
A1610030,A161003001,2011-04-02,1189.0,2026-05-31T20:30:42Z,16,Donnée validée,10,Expertisée,20,Bonne,7.384986107,48.102530621,HIXnJ
A1610030,A161003001,2011-04-03,1178.0,2026-05-31T20:30:42Z,16,Donnée validée,10,Expertisée,20,Bonne,7.384986107,48.102530621,HIXnJ
A1610030,A161003001,2011-04-04,1214.0,2026-05-31T20:30:42Z,16,Donnée validée,10,Expertisée,20,Bonne,7.384986107,48.102530621,HIXnJ
A1610030,A161003001,2011-04-05,1218.0,2026-05-31T20:30:42Z,16,Donnée validée,10,Expertisée,20,Bonne,7.384986107,48.102530621,HIXnJ
A1610030,A161003001,2011-04-06,1192.0,2026-05-31T20:30:42Z,16,Donnée validée,10,Expertisée,20,Bonne,7.384986107,48.102530621,HIXnJ
A1610030,A161003001,2011-04-07,1177.0,2026-05-31T20:30:42Z,16,Donnée validée,10,Expertisée,20,Bonne,7.384986107,48.102530621,HIXnJ
A1610030,A161003001,2011-04-08,1164.0,2026-05-31T20:30:42Z,16,Donnée validée,10,Expertisée,20,Bonne,7.384986107,48.102530621,HIXnJ
A1610030,A161003001,2011-04-09,1156.0,2026-05-31T20:30:42Z,16,Donnée validée,10,Expertisée,20,Bonne,7.384986107,48.102530621,HIXnJ
A1610030,A161003001,2011-04-10,1145.0,2026-05-31T20:30:42Z,16,Donnée validée,10,Expertisée,20,Bonne,7.384986107,48.102530621,HIXnJ
A1610030,A161003001,2011-04-11,1140.0,2026-05-31T20:30:42Z,16,Donnée validée,10,Expertisée,20,Bonne,7.384986107,48.102530621,HIXnJ
A1610030,A161003001,2011-04-12,1139.0,2026-05-31T20:30:42Z,16,Donnée validée,10,Expertisée,20,Bonne,7.384986107,48.102530621,HIXnJ
A1610030,A161003001,2011-04-13,1132.0,2026-05-31T20:30:42Z,16,Donnée validée,10,Expertisée,20,Bonne,7.384986107,48.102530621,HIXnJ
A1610030,A161003001,2011-04-14,1141.0,2026-05-31T20:30:42Z,16,Donnée validée,10,Expertisée,20,Bonne,7.384986107,48.102530621,HIXnJ
A1610030,A161003001,2011-04-15,1147.0,2026-05-31T20:30:42Z,16,Donnée validée,10,Expertisée,20,Bonne,7.384986107,48.102530621,HIXnJ
A1610030,A161003001,2011-04-16,1142.0,2026-05-31T20:30:42Z,16,Donnée validée,10,Expertisée,20,Bonne,7.384986107,48.102530621,HIXnJ
A1610030,A161003001,2011-04-17,1132.0,2026-05-31T20:30:42Z,16,Donnée validée,10,Expertisée,20,Bonne,7.384986107,48.102530621,HIXnJ
A1610030,A161003001,2011-04-18,1115.0,2026-05-31T20:30:42Z,16,Donnée validée,10,Expertisée,20,Bonne,7.384986107,48.102530621,HIXnJ
A1610030,A161003001,2011-04-19,1110.0,2026-05-31T20:30:42Z,16,Donnée validée,10,Expertisée,20,Bonne,7.384986107,48.102530621,HIXnJ
A1610030,A161003001,2011-04-20,1105.0,2026-05-31T20:30:42Z,16,Donnée validée,10,Expertisée,20,Bonne,7.384986107,48.102530621,HIXnJ
A1610030,A161003001,2011-04-21,1102.0,2026-05-31T20:30:42Z,16,Donnée validée,10,Expertisée,20,Bonne,7.384986107,48.102530621,HIXnJ
A1610030,A161003001,2011-04-22,1126.0,2026-05-31T20:30:42Z,16,Donnée validée,10,Expertisée,20,Bonne,7.384986107,48.102530621,HIXnJ
A1610030,A161003001,2011-04-23,1127.0,2026-05-31T20:30:42Z,16,Donnée validée,10,Expertisée,20,Bonne,7.384986107,48.102530621,HIXnJ
A1610030,A161003001,2011-04-24,1117.0,2026-05-31T20:30:42Z,16,Donnée validée,10,Expertisée,20,Bonne,7.384986107,48.102530621,HIXnJ
A1610030,A161003001,2011-04-25,1114.0,2026-05-31T20:30:42Z,16,Donnée validée,10,Expertisée,20,Bonne,7.384986107,48.102530621,HIXnJ
A1610030,A161003001,2011-04-26,1111.0,2026-05-31T20:30:42Z,16,Donnée validée,10,Expertisée,20,Bonne,7.384986107,48.102530621,HIXnJ
A1610030,A161003001,2011-04-27,1103.0,2026-05-31T20:30:42Z,16,Donnée validée,10,Expertisée,20,Bonne,7.384986107,48.102530621,HIXnJ
A1610030,A161003001,2011-04-28,1100.0,2026-05-31T20:30:42Z,16,Donnée validée,10,Expertisée,20,Bonne,7.384986107,48.102530621,HIXnJ
A1610030,A161003001,2011-04-29,1106.0,2026-05-31T20:30:42Z,16,Donnée validée,10,Expertisée,20,Bonne,7.384986107,48.102530621,HIXnJ
A1610030,A161003001,2011-04-30,1175.0,2026-05-31T20:30:42Z,16,Donnée validée,10,Expertisée,20,Bonne,7.384986107,48.102530621,HIXnJ
A1610030,A161003001,2011-05-01,1161.0,2026-05-31T20:30:42Z,16,Donnée validée,10,Expertisée,20,Bonne,7.384986107,48.102530621,HIXnJ
A1610030,A161003001,2011-05-02,1108.0,2026-05-31T20:30:42Z,16,Donnée validée,10,Expertisée,20,Bonne,7.384986107,48.102530621,HIXnJ
A1610030,A161003001,2011-05-03,1186.0,2026-05-31T20:30:42Z,16,Donnée validée,10,Expertisée,20,Bonne,7.384986107,48.102530621,HIXnJ
A1610030,A161003001,2011-05-04,1096.0,2026-05-31T20:30:42Z,16,Donnée validée,10,Expertisée,20,Bonne,7.384986107,48.102530621,HIXnJ
A1610030,A161003001,2011-05-05,1094.0,2026-05-31T20:30:42Z,16,Donnée validée,10,Expertisée,20,Bonne,7.384986107,48.102530621,HIXnJ
A1610030,A161003001,2011-05-06,1082.0,2026-05-31T20:30:42Z,16,Donnée validée,10,Expertisée,20,Bonne,7.384986107,48.102530621,HIXnJ
A1610030,A161003001,2011-05-07,1072.0,2026-05-31T20:30:42Z,16,Donnée validée,10,Expertisée,20,Bonne,7.384986107,48.102530621,HIXnJ
A1610030,A161003001,2011-05-08,1059.0,2026-05-31T20:30:42Z,16,Donnée validée,10,Expertisée,20,Bonne,7.384986107,48.102530621,HIXnJ
A1610030,A161003001,2011-05-09,1047.0,2026-05-31T20:30:42Z,16,Donnée validée,10,Expertisée,20,Bonne,7.384986107,48.102530621,HIXnJ
A1610030,A161003001,2011-05-10,1077.0,2026-05-31T20:30:42Z,16,Donnée validée,10,Expertisée,20,Bonne,7.384986107,48.102530621,HIXnJ
A1610030,A161003001,2011-05-11,1105.0,2026-05-31T20:30:42Z,16,Donnée validée,10,Expertisée,20,Bonne,7.384986107,48.102530621,HIXnJ
A1610030,A161003001,2011-05-12,1215.0,2026-05-31T20:30:42Z,16,Donnée validée,10,Expertisée,20,Bonne,7.384986107,48.102530621,HIXnJ
A1610030,A161003001,2011-05-13,1162.0,2026-05-31T20:30:42Z,16,Donnée validée,10,Expertisée,20,Bonne,7.384986107,48.102530621,HIXnJ
A1610030,A161003001,2011-05-14,1129.0,2026-05-31T20:30:42Z,16,Donnée validée,10,Expertisée,20,Bonne,7.384986107,48.102530621,HIXnJ
A1610030,A161003001,2011-05-15,1113.0,2026-05-31T20:30:42Z,16,Donnée validée,10,Expertisée,20,Bonne,7.384986107,48.102530621,HIXnJ
A1610030,A161003001,2011-05-16,1124.0,2026-05-31T20:30:42Z,16,Donnée validée,10,Expertisée,20,Bonne,7.384986107,48.102530621,HIXnJ
A1610030,A161003001,2011-05-17,1109.0,2026-05-31T20:30:42Z,16,Donnée validée,10,Expertisée,20,Bonne,7.384986107,48.102530621,HIXnJ
A1610030,A161003001,2011-05-18,1106.0,2026-05-31T20:30:42Z,16,Donnée validée,10,Expertisée,20,Bonne,7.384986107,48.102530621,HIXnJ
A1610030,A161003001,2011-05-19,1098.0,2026-05-31T20:30:42Z,16,Donnée validée,10,Expertisée,20,Bonne,7.384986107,48.102530621,HIXnJ
A1610030,A161003001,2011-05-20,1094.0,2026-05-31T20:30:42Z,16,Donnée validée,10,Expertisée,20,Bonne,7.384986107,48.102530621,HIXnJ
A1610030,A161003001,2011-05-21,1094.0,2026-05-31T20:30:42Z,16,Donnée validée,10,Expertisée,20,Bonne,7.384986107,48.102530621,HIXnJ
A1610030,A161003001,2011-05-22,1096.0,2026-05-31T20:30:42Z,16,Donnée validée,10,Expertisée,20,Bonne,7.384986107,48.102530621,HIXnJ
A1610030,A161003001,2011-05-23,1082.0,2026-05-31T20:30:42Z,16,Donnée validée,10,Expertisée,20,Bonne,7.384986107,48.102530621,HIXnJ
A1610030,A161003001,2011-05-24,1074.0,2026-05-31T20:30:42Z,16,Donnée validée,10,Expertisée,20,Bonne,7.384986107,48.102530621,HIXnJ
A1610030,A161003001,2011-05-25,1104.0,2026-05-31T20:30:42Z,16,Donnée validée,10,Expertisée,20,Bonne,7.384986107,48.102530621,HIXnJ
A1610030,A161003001,2011-05-26,1132.0,2026-05-31T20:30:42Z,16,Donnée validée,10,Expertisée,20,Bonne,7.384986107,48.102530621,HIXnJ
A1610030,A161003001,2011-05-27,1128.0,2026-05-31T20:30:42Z,16,Donnée validée,10,Expertisée,20,Bonne,7.384986107,48.102530621,HIXnJ
A1610030,A161003001,2011-05-28,1198.0,2026-05-31T20:30:42Z,16,Donnée validée,10,Expertisée,20,Bonne,7.384986107,48.102530621,HIXnJ
A1610030,A161003001,2011-05-29,1135.0,2026-05-31T20:30:42Z,16,Donnée validée,10,Expertisée,20,Bonne,7.384986107,48.102530621,HIXnJ
A1610030,A161003001,2011-05-30,1134.0,2026-05-31T20:30:42Z,16,Donnée validée,10,Expertisée,20,Bonne,7.384986107,48.102530621,HIXnJ
A1610030,A161003001,2011-05-31,1167.0,2026-05-31T20:30:42Z,16,Donnée validée,10,Expertisée,20,Bonne,7.384986107,48.102530621,HIXnJ
A1610030,A161003001,2011-06-01,1240.0,2026-05-31T20:30:42Z,16,Donnée validée,10,Expertisée,20,Bonne,7.384986107,48.102530621,HIXnJ
A1610030,A161003001,2011-06-02,1211.0,2026-05-31T20:30:42Z,16,Donnée validée,10,Expertisée,20,Bonne,7.384986107,48.102530621,HIXnJ
A1610030,A161003001,2011-06-03,1189.0,2026-05-31T20:30:42Z,16,Donnée validée,10,Expertisée,20,Bonne,7.384986107,48.102530621,HIXnJ
A1610030,A161003001,2011-06-04,1182.0,2026-05-31T20:30:42Z,16,Donnée validée,10,Expertisée,20,Bonne,7.384986107,48.102530621,HIXnJ
A1610030,A161003001,2011-06-05,1178.0,2026-05-31T20:30:42Z,16,Donnée validée,10,Expertisée,20,Bonne,7.384986107,48.102530621,HIXnJ
A1610030,A161003001,2011-06-06,1187.0,2026-05-31T20:30:42Z,16,Donnée validée,10,Expertisée,20,Bonne,7.384986107,48.102530621,HIXnJ
A1610030,A161003001,2011-06-07,1185.0,2026-05-31T20:30:42Z,16,Donnée validée,10,Expertisée,20,Bonne,7.384986107,48.102530621,HIXnJ
A1610030,A161003001,2011-06-08,1277.0,2026-05-31T20:30:42Z,16,Donnée validée,10,Expertisée,20,Bonne,7.384986107,48.102530621,HIXnJ
A1610030,A161003001,2011-06-09,1255.0,2026-05-31T20:30:42Z,16,Donnée validée,10,Expertisée,20,Bonne,7.384986107,48.102530621,HIXnJ
A1610030,A161003001,2011-06-10,1219.0,2026-05-31T20:30:42Z,16,Donnée validée,10,Expertisée,20,Bonne,7.384986107,48.102530621,HIXnJ
A1610030,A161003001,2011-06-11,1196.0,2026-05-31T20:30:42Z,16,Donnée validée,10,Expertisée,20,Bonne,7.384986107,48.102530621,HIXnJ
A1610030,A161003001,2011-06-12,1189.0,2026-05-31T20:30:42Z,16,Donnée validée,10,Expertisée,20,Bonne,7.384986107,48.102530621,HIXnJ
A1610030,A161003001,2011-06-13,1177.0,2026-05-31T20:30:42Z,16,Donnée validée,10,Expertisée,20,Bonne,7.384986107,48.102530621,HIXnJ
A1610030,A161003001,2011-06-14,1164.0,2026-05-31T20:30:42Z,16,Donnée validée,10,Expertisée,20,Bonne,7.384986107,48.102530621,HIXnJ
A1610030,A161003001,2011-06-15,1172.0,2026-05-31T20:30:42Z,16,Donnée validée,10,Expertisée,20,Bonne,7.384986107,48.102530621,HIXnJ
A1610030,A161003001,2011-06-16,1170.0,2026-05-31T20:30:42Z,16,Donnée validée,10,Expertisée,20,Bonne,7.384986107,48.102530621,HIXnJ
A1610030,A161003001,2011-06-17,1562.0,2026-05-31T20:30:42Z,16,Donnée validée,10,Expertisée,20,Bonne,7.384986107,48.102530621,HIXnJ
A1610030,A161003001,2011-06-18,1286.0,2026-05-31T20:30:42Z,16,Donnée validée,10,Expertisée,20,Bonne,7.384986107,48.102530621,HIXnJ
A1610030,A161003001,2011-06-19,1230.0,2026-05-31T20:30:42Z,16,Donnée validée,10,Expertisée,20,Bonne,7.384986107,48.102530621,HIXnJ
A1610030,A161003001,2011-06-20,1262.0,2026-05-31T20:30:42Z,16,Donnée validée,10,Expertisée,20,Bonne,7.384986107,48.102530621,HIXnJ
A1610030,A161003001,2011-06-21,1183.0,2026-05-31T20:30:42Z,16,Donnée validée,10,Expertisée,20,Bonne,7.384986107,48.102530621,HIXnJ
A1610030,A161003001,2011-06-22,1284.0,2026-05-31T20:30:42Z,16,Donnée validée,10,Expertisée,20,Bonne,7.384986107,48.102530621,HIXnJ
A1610030,A161003001,2011-06-23,1225.0,2026-05-31T20:30:42Z,16,Donnée validée,10,Expertisée,20,Bonne,7.384986107,48.102530621,HIXnJ
A1610030,A161003001,2011-06-24,1205.0,2026-05-31T20:30:42Z,16,Donnée validée,10,Expertisée,20,Bonne,7.384986107,48.102530621,HIXnJ
A1610030,A161003001,2011-06-25,1173.0,2026-05-31T20:30:42Z,16,Donnée validée,10,Expertisée,20,Bonne,7.384986107,48.102530621,HIXnJ
A1610030,A161003001,2011-06-26,1159.0,2026-05-31T20:30:42Z,16,Donnée validée,10,Expertisée,20,Bonne,7.384986107,48.102530621,HIXnJ
A1610030,A161003001,2011-06-27,1160.0,2026-05-31T20:30:42Z,16,Donnée validée,10,Expertisée,20,Bonne,7.384986107,48.102530621,HIXnJ
A1610030,A161003001,2011-06-28,1156.0,2026-05-31T20:30:42Z,16,Donnée validée,10,Expertisée,20,Bonne,7.384986107,48.102530621,HIXnJ
A1610030,A161003001,2011-06-29,1372.0,2026-05-31T20:30:42Z,16,Donnée validée,10,Expertisée,20,Bonne,7.384986107,48.102530621,HIXnJ
A1610030,A161003001,2011-06-30,1458.0,2026-05-31T20:30:42Z,16,Donnée validée,10,Expertisée,20,Bonne,7.384986107,48.102530621,HIXnJ
A1610030,A161003001,2011-07-01,1333.0,2026-05-31T20:30:42Z,16,Donnée validée,10,Expertisée,20,Bonne,7.384986107,48.102530621,HIXnJ
A1610030,A161003001,2011-07-02,1221.0,2026-05-31T20:30:42Z,16,Donnée validée,10,Expertisée,20,Bonne,7.384986107,48.102530621,HIXnJ
A1610030,A161003001,2011-07-03,1201.0,2026-05-31T20:30:42Z,16,Donnée validée,10,Expertisée,20,Bonne,7.384986107,48.102530621,HIXnJ
A1610030,A161003001,2011-07-04,1190.0,2026-05-31T20:30:42Z,16,Donnée validée,10,Expertisée,20,Bonne,7.384986107,48.102530621,HIXnJ
A1610030,A161003001,2011-07-05,1183.0,2026-05-31T20:30:42Z,16,Donnée validée,10,Expertisée,20,Bonne,7.384986107,48.102530621,HIXnJ
A1610030,A161003001,2011-07-06,1206.0,2026-05-31T20:30:42Z,16,Donnée validée,10,Expertisée,20,Bonne,7.384986107,48.102530621,HIXnJ
A1610030,A161003001,2011-07-07,1263.0,2026-05-31T20:30:42Z,16,Donnée validée,10,Expertisée,20,Bonne,7.384986107,48.102530621,HIXnJ
A1610030,A161003001,2011-07-08,1408.0,2026-05-31T20:30:42Z,16,Donnée validée,10,Expertisée,20,Bonne,7.384986107,48.102530621,HIXnJ
A1610030,A161003001,2011-07-09,1293.0,2026-05-31T20:30:42Z,16,Donnée validée,10,Expertisée,20,Bonne,7.384986107,48.102530621,HIXnJ
A1610030,A161003001,2011-07-10,1216.0,2026-05-31T20:30:42Z,16,Donnée validée,10,Expertisée,20,Bonne,7.384986107,48.102530621,HIXnJ
A1610030,A161003001,2011-07-11,1227.0,2026-05-31T20:30:42Z,16,Donnée validée,10,Expertisée,20,Bonne,7.384986107,48.102530621,HIXnJ
A1610030,A161003001,2011-07-12,1346.0,2026-05-31T20:30:42Z,16,Donnée validée,10,Expertisée,20,Bonne,7.384986107,48.102530621,HIXnJ
A1610030,A161003001,2011-07-13,1327.0,2026-05-31T20:30:42Z,16,Donnée validée,10,Expertisée,20,Bonne,7.384986107,48.102530621,HIXnJ
A1610030,A161003001,2011-07-14,1373.0,2026-05-31T20:30:42Z,16,Donnée validée,10,Expertisée,20,Bonne,7.384986107,48.102530621,HIXnJ
A1610030,A161003001,2011-07-15,1271.0,2026-05-31T20:30:42Z,16,Donnée validée,10,Expertisée,20,Bonne,7.384986107,48.102530621,HIXnJ
A1610030,A161003001,2011-07-16,1238.0,2026-05-31T20:30:42Z,16,Donnée validée,10,Expertisée,20,Bonne,7.384986107,48.102530621,HIXnJ
A1610030,A161003001,2011-07-17,1323.0,2026-05-31T20:30:42Z,16,Donnée validée,10,Expertisée,20,Bonne,7.384986107,48.102530621,HIXnJ
A1610030,A161003001,2011-07-18,1331.0,2026-05-31T20:30:42Z,16,Donnée validée,10,Expertisée,20,Bonne,7.384986107,48.102530621,HIXnJ
A1610030,A161003001,2011-07-19,1369.0,2026-05-31T20:30:42Z,16,Donnée validée,10,Expertisée,20,Bonne,7.384986107,48.102530621,HIXnJ
A1610030,A161003001,2011-07-20,1258.0,2026-05-31T20:30:42Z,16,Donnée validée,10,Expertisée,20,Bonne,7.384986107,48.102530621,HIXnJ
A1610030,A161003001,2011-07-21,1260.0,2026-05-31T20:30:42Z,16,Donnée validée,10,Expertisée,20,Bonne,7.384986107,48.102530621,HIXnJ
A1610030,A161003001,2011-07-22,1397.0,2026-05-31T20:30:42Z,16,Donnée validée,10,Expertisée,20,Bonne,7.384986107,48.102530621,HIXnJ
A1610030,A161003001,2011-07-23,1492.0,2026-05-31T20:30:42Z,16,Donnée validée,10,Expertisée,20,Bonne,7.384986107,48.102530621,HIXnJ
A1610030,A161003001,2011-07-24,1337.0,2026-05-31T20:30:42Z,16,Donnée validée,10,Expertisée,20,Bonne,7.384986107,48.102530621,HIXnJ
A1610030,A161003001,2011-07-25,1285.0,2026-05-31T20:30:42Z,16,Donnée validée,10,Expertisée,20,Bonne,7.384986107,48.102530621,HIXnJ
A1610030,A161003001,2011-07-26,1277.0,2026-05-31T20:30:42Z,16,Donnée validée,10,Expertisée,20,Bonne,7.384986107,48.102530621,HIXnJ
A1610030,A161003001,2011-07-27,1295.0,2026-05-31T20:30:42Z,16,Donnée validée,10,Expertisée,20,Bonne,7.384986107,48.102530621,HIXnJ
A1610030,A161003001,2011-07-28,1310.0,2026-05-31T20:30:42Z,16,Donnée validée,10,Expertisée,20,Bonne,7.384986107,48.102530621,HIXnJ
A1610030,A161003001,2011-07-29,1408.0,2026-05-31T20:30:42Z,16,Donnée validée,10,Expertisée,20,Bonne,7.384986107,48.102530621,HIXnJ
A1610030,A161003001,2011-07-30,1267.0,2026-05-31T20:30:42Z,16,Donnée validée,10,Expertisée,20,Bonne,7.384986107,48.102530621,HIXnJ
A1610030,A161003001,2011-07-31,1266.0,2026-05-31T20:30:42Z,16,Donnée validée,10,Expertisée,20,Bonne,7.384986107,48.102530621,HIXnJ
A1610030,A161003001,2011-08-01,1241.0,2026-05-31T20:30:42Z,16,Donnée validée,10,Expertisée,20,Bonne,7.384986107,48.102530621,HIXnJ
A1610030,A161003001,2011-08-02,1222.0,2026-05-31T20:30:42Z,16,Donnée validée,10,Expertisée,20,Bonne,7.384986107,48.102530621,HIXnJ
A1610030,A161003001,2011-08-03,1215.0,2026-05-31T20:30:42Z,16,Donnée validée,10,Expertisée,20,Bonne,7.384986107,48.102530621,HIXnJ
A1610030,A161003001,2011-08-04,1191.0,2026-05-31T20:30:42Z,16,Donnée validée,10,Expertisée,20,Bonne,7.384986107,48.102530621,HIXnJ
A1610030,A161003001,2011-08-05,1419.0,2026-05-31T20:30:42Z,16,Donnée validée,10,Expertisée,20,Bonne,7.384986107,48.102530621,HIXnJ
A1610030,A161003001,2011-08-06,1355.0,2026-05-31T20:30:42Z,16,Donnée validée,10,Expertisée,20,Bonne,7.384986107,48.102530621,HIXnJ
A1610030,A161003001,2011-08-07,1344.0,2026-05-31T20:30:42Z,16,Donnée validée,10,Expertisée,20,Bonne,7.384986107,48.102530621,HIXnJ
A1610030,A161003001,2011-08-08,1319.0,2026-05-31T20:30:42Z,16,Donnée validée,10,Expertisée,20,Bonne,7.384986107,48.102530621,HIXnJ
A1610030,A161003001,2011-08-09,1284.0,2026-05-31T20:30:42Z,16,Donnée validée,10,Expertisée,20,Bonne,7.384986107,48.102530621,HIXnJ
A1610030,A161003001,2011-08-10,1279.0,2026-05-31T20:30:42Z,16,Donnée validée,10,Expertisée,20,Bonne,7.384986107,48.102530621,HIXnJ
A1610030,A161003001,2011-08-11,1271.0,2026-05-31T20:30:42Z,16,Donnée validée,10,Expertisée,20,Bonne,7.384986107,48.102530621,HIXnJ
A1610030,A161003001,2011-08-12,1260.0,2026-05-31T20:30:42Z,16,Donnée validée,10,Expertisée,20,Bonne,7.384986107,48.102530621,HIXnJ
A1610030,A161003001,2011-08-13,1240.0,2026-05-31T20:30:42Z,16,Donnée validée,10,Expertisée,20,Bonne,7.384986107,48.102530621,HIXnJ
A1610030,A161003001,2011-08-14,1221.0,2026-05-31T20:30:42Z,16,Donnée validée,10,Expertisée,20,Bonne,7.384986107,48.102530621,HIXnJ
A1610030,A161003001,2011-08-15,1350.0,2026-05-31T20:30:42Z,16,Donnée validée,10,Expertisée,20,Bonne,7.384986107,48.102530621,HIXnJ
A1610030,A161003001,2011-08-16,1314.0,2026-05-31T20:30:42Z,16,Donnée validée,10,Expertisée,20,Bonne,7.384986107,48.102530621,HIXnJ
A1610030,A161003001,2011-08-17,1286.0,2026-05-31T20:30:42Z,16,Donnée validée,10,Expertisée,20,Bonne,7.384986107,48.102530621,HIXnJ
A1610030,A161003001,2011-08-18,1259.0,2026-05-31T20:30:42Z,16,Donnée validée,10,Expertisée,20,Bonne,7.384986107,48.102530621,HIXnJ
A1610030,A161003001,2011-08-19,1354.0,2026-05-31T20:30:42Z,16,Donnée validée,10,Expertisée,20,Bonne,7.384986107,48.102530621,HIXnJ
A1610030,A161003001,2011-08-20,1307.0,2026-05-31T20:30:42Z,16,Donnée validée,10,Expertisée,20,Bonne,7.384986107,48.102530621,HIXnJ
A1610030,A161003001,2011-08-21,1230.0,2026-05-31T20:30:42Z,16,Donnée validée,10,Expertisée,20,Bonne,7.384986107,48.102530621,HIXnJ
A1610030,A161003001,2011-08-22,1220.0,2026-05-31T20:30:42Z,16,Donnée validée,10,Expertisée,20,Bonne,7.384986107,48.102530621,HIXnJ
A1610030,A161003001,2011-08-23,1208.0,2026-05-31T20:30:42Z,16,Donnée validée,10,Expertisée,20,Bonne,7.384986107,48.102530621,HIXnJ
A1610030,A161003001,2011-08-24,1200.0,2026-05-31T20:30:42Z,16,Donnée validée,10,Expertisée,20,Bonne,7.384986107,48.102530621,HIXnJ
A1610030,A161003001,2011-08-25,1296.0,2026-05-31T20:30:42Z,16,Donnée validée,10,Expertisée,20,Bonne,7.384986107,48.102530621,HIXnJ
A1610030,A161003001,2011-08-26,1456.0,2026-05-31T20:30:42Z,16,Donnée validée,10,Expertisée,20,Bonne,7.384986107,48.102530621,HIXnJ
A1610030,A161003001,2011-08-27,1269.0,2026-05-31T20:30:42Z,16,Donnée validée,10,Expertisée,20,Bonne,7.384986107,48.102530621,HIXnJ
A1610030,A161003001,2011-08-28,1257.0,2026-05-31T20:30:42Z,16,Donnée validée,10,Expertisée,20,Bonne,7.384986107,48.102530621,HIXnJ
A1610030,A161003001,2011-08-29,1227.0,2026-05-31T20:30:42Z,16,Donnée validée,10,Expertisée,20,Bonne,7.384986107,48.102530621,HIXnJ
A1610030,A161003001,2011-08-30,1222.0,2026-05-31T20:30:42Z,16,Donnée validée,10,Expertisée,20,Bonne,7.384986107,48.102530621,HIXnJ
A1610030,A161003001,2011-08-31,1203.0,2026-05-31T20:30:42Z,16,Donnée validée,10,Expertisée,20,Bonne,7.384986107,48.102530621,HIXnJ
A1610030,A161003001,2011-09-01,1216.0,2026-05-31T20:30:42Z,16,Donnée validée,10,Expertisée,20,Bonne,7.384986107,48.102530621,HIXnJ
A1610030,A161003001,2011-09-02,1215.0,2026-05-31T20:30:42Z,16,Donnée validée,10,Expertisée,20,Bonne,7.384986107,48.102530621,HIXnJ
A1610030,A161003001,2011-09-03,1223.0,2026-05-31T20:30:42Z,16,Donnée validée,10,Expertisée,20,Bonne,7.384986107,48.102530621,HIXnJ
A1610030,A161003001,2011-09-04,1284.0,2026-05-31T20:30:42Z,16,Donnée validée,10,Expertisée,20,Bonne,7.384986107,48.102530621,HIXnJ
A1610030,A161003001,2011-09-05,1336.0,2026-05-31T20:30:42Z,16,Donnée validée,10,Expertisée,20,Bonne,7.384986107,48.102530621,HIXnJ
A1610030,A161003001,2011-09-06,1299.0,2026-05-31T20:30:42Z,16,Donnée validée,10,Expertisée,20,Bonne,7.384986107,48.102530621,HIXnJ
A1610030,A161003001,2011-09-07,1260.0,2026-05-31T20:30:42Z,16,Donnée validée,10,Expertisée,20,Bonne,7.384986107,48.102530621,HIXnJ
A1610030,A161003001,2011-09-08,1249.0,2026-05-31T20:30:42Z,16,Donnée validée,10,Expertisée,20,Bonne,7.384986107,48.102530621,HIXnJ
A1610030,A161003001,2011-09-09,1245.0,2026-05-31T20:30:42Z,16,Donnée validée,10,Expertisée,20,Bonne,7.384986107,48.102530621,HIXnJ
A1610030,A161003001,2011-09-10,1239.0,2026-05-31T20:30:42Z,16,Donnée validée,10,Expertisée,20,Bonne,7.384986107,48.102530621,HIXnJ
A1610030,A161003001,2011-09-11,1238.0,2026-05-31T20:30:42Z,16,Donnée validée,10,Expertisée,20,Bonne,7.384986107,48.102530621,HIXnJ
A1610030,A161003001,2011-09-12,1232.0,2026-05-31T20:30:42Z,16,Donnée validée,10,Expertisée,20,Bonne,7.384986107,48.102530621,HIXnJ
A1610030,A161003001,2011-09-13,1238.0,2026-05-31T20:30:42Z,16,Donnée validée,10,Expertisée,20,Bonne,7.384986107,48.102530621,HIXnJ
A1610030,A161003001,2011-09-14,1260.0,2026-05-31T20:30:42Z,16,Donnée validée,10,Expertisée,20,Bonne,7.384986107,48.102530621,HIXnJ
A1610030,A161003001,2011-09-15,1237.0,2026-05-31T20:30:42Z,16,Donnée validée,10,Expertisée,20,Bonne,7.384986107,48.102530621,HIXnJ
A1610030,A161003001,2011-09-16,1237.0,2026-05-31T20:30:42Z,16,Donnée validée,10,Expertisée,20,Bonne,7.384986107,48.102530621,HIXnJ
A1610030,A161003001,2011-09-17,1245.0,2026-05-31T20:30:42Z,16,Donnée validée,10,Expertisée,20,Bonne,7.384986107,48.102530621,HIXnJ
A1610030,A161003001,2011-09-18,1241.0,2026-05-31T20:30:42Z,16,Donnée validée,10,Expertisée,20,Bonne,7.384986107,48.102530621,HIXnJ
A1610030,A161003001,2011-09-19,1248.0,2026-05-31T20:30:42Z,16,Donnée validée,10,Expertisée,20,Bonne,7.384986107,48.102530621,HIXnJ
A1610030,A161003001,2011-09-20,1254.0,2026-05-31T20:30:42Z,16,Donnée validée,10,Expertisée,20,Bonne,7.384986107,48.102530621,HIXnJ
A1610030,A161003001,2011-09-21,1253.0,2026-05-31T20:30:42Z,16,Donnée validée,10,Expertisée,20,Bonne,7.384986107,48.102530621,HIXnJ
A1610030,A161003001,2011-09-22,1250.0,2026-05-31T20:30:42Z,16,Donnée validée,10,Expertisée,20,Bonne,7.384986107,48.102530621,HIXnJ
A1610030,A161003001,2011-09-23,1236.0,2026-05-31T20:30:42Z,16,Donnée validée,10,Expertisée,20,Bonne,7.384986107,48.102530621,HIXnJ
A1610030,A161003001,2011-09-24,1230.0,2026-05-31T20:30:42Z,16,Donnée validée,10,Expertisée,20,Bonne,7.384986107,48.102530621,HIXnJ
A1610030,A161003001,2011-09-25,1230.0,2026-05-31T20:30:42Z,16,Donnée validée,10,Expertisée,20,Bonne,7.384986107,48.102530621,HIXnJ
A1610030,A161003001,2011-09-26,1227.0,2026-05-31T20:30:42Z,16,Donnée validée,10,Expertisée,20,Bonne,7.384986107,48.102530621,HIXnJ
A1610030,A161003001,2011-09-27,1224.0,2026-05-31T20:30:42Z,16,Donnée validée,10,Expertisée,20,Bonne,7.384986107,48.102530621,HIXnJ
A1610030,A161003001,2011-09-28,1266.0,2026-05-31T20:30:42Z,16,Donnée validée,10,Expertisée,20,Bonne,7.384986107,48.102530621,HIXnJ
A1610030,A161003001,2011-09-29,1216.0,2026-05-31T20:30:42Z,16,Donnée validée,10,Expertisée,20,Bonne,7.384986107,48.102530621,HIXnJ
A1610030,A161003001,2011-09-30,1211.0,2026-05-31T20:30:42Z,16,Donnée validée,10,Expertisée,20,Bonne,7.384986107,48.102530621,HIXnJ
A1610030,A161003001,2011-10-01,1220.0,2026-05-31T20:30:42Z,16,Donnée validée,10,Expertisée,20,Bonne,7.384986107,48.102530621,HIXnJ
A1610030,A161003001,2011-10-02,1219.0,2026-05-31T20:30:42Z,16,Donnée validée,10,Expertisée,20,Bonne,7.384986107,48.102530621,HIXnJ
A1610030,A161003001,2011-10-03,1250.0,2026-05-31T20:30:42Z,16,Donnée validée,10,Expertisée,20,Bonne,7.384986107,48.102530621,HIXnJ
A1610030,A161003001,2011-10-04,1215.0,2026-05-31T20:30:42Z,16,Donnée validée,10,Expertisée,20,Bonne,7.384986107,48.102530621,HIXnJ
A1610030,A161003001,2011-10-05,1211.0,2026-05-31T20:30:42Z,16,Donnée validée,10,Expertisée,20,Bonne,7.384986107,48.102530621,HIXnJ
A1610030,A161003001,2011-10-06,1343.0,2026-05-31T20:30:42Z,16,Donnée validée,10,Expertisée,20,Bonne,7.384986107,48.102530621,HIXnJ
A1610030,A161003001,2011-10-07,1262.0,2026-05-31T20:30:42Z,16,Donnée validée,10,Expertisée,20,Bonne,7.384986107,48.102530621,HIXnJ
A1610030,A161003001,2011-10-08,1275.0,2026-05-31T20:30:42Z,16,Donnée validée,10,Expertisée,20,Bonne,7.384986107,48.102530621,HIXnJ
A1610030,A161003001,2011-10-09,1297.0,2026-05-31T20:30:42Z,16,Donnée validée,10,Expertisée,20,Bonne,7.384986107,48.102530621,HIXnJ
A1610030,A161003001,2011-10-10,1313.0,2026-05-31T20:30:42Z,16,Donnée validée,10,Expertisée,20,Bonne,7.384986107,48.102530621,HIXnJ
A1610030,A161003001,2011-10-11,1295.0,2026-05-31T20:30:42Z,16,Donnée validée,10,Expertisée,20,Bonne,7.384986107,48.102530621,HIXnJ
A1610030,A161003001,2011-10-12,1294.0,2026-05-31T20:30:42Z,16,Donnée validée,10,Expertisée,20,Bonne,7.384986107,48.102530621,HIXnJ
A1610030,A161003001,2011-10-13,1282.0,2026-05-31T20:30:42Z,16,Donnée validée,10,Expertisée,20,Bonne,7.384986107,48.102530621,HIXnJ
A1610030,A161003001,2011-10-14,1282.0,2026-05-31T20:30:42Z,16,Donnée validée,10,Expertisée,20,Bonne,7.384986107,48.102530621,HIXnJ
A1610030,A161003001,2011-10-15,1275.0,2026-05-31T20:30:42Z,16,Donnée validée,10,Expertisée,20,Bonne,7.384986107,48.102530621,HIXnJ
A1610030,A161003001,2011-10-16,1269.0,2026-05-31T20:30:42Z,16,Donnée validée,10,Expertisée,20,Bonne,7.384986107,48.102530621,HIXnJ
A1610030,A161003001,2011-10-17,1266.0,2026-05-31T20:30:42Z,16,Donnée validée,10,Expertisée,20,Bonne,7.384986107,48.102530621,HIXnJ
A1610030,A161003001,2011-10-18,1270.0,2026-05-31T20:30:42Z,16,Donnée validée,10,Expertisée,20,Bonne,7.384986107,48.102530621,HIXnJ
A1610030,A161003001,2011-10-19,1438.0,2026-05-31T20:30:42Z,16,Donnée validée,10,Expertisée,20,Bonne,7.384986107,48.102530621,HIXnJ
A1610030,A161003001,2011-10-20,1402.0,2026-05-31T20:30:42Z,16,Donnée validée,10,Expertisée,20,Bonne,7.384986107,48.102530621,HIXnJ
A1610030,A161003001,2011-10-21,1355.0,2026-05-31T20:30:42Z,16,Donnée validée,10,Expertisée,20,Bonne,7.384986107,48.102530621,HIXnJ
A1610030,A161003001,2011-10-22,1321.0,2026-05-31T20:30:42Z,16,Donnée validée,10,Expertisée,20,Bonne,7.384986107,48.102530621,HIXnJ
A1610030,A161003001,2011-10-23,1318.0,2026-05-31T20:30:42Z,16,Donnée validée,10,Expertisée,20,Bonne,7.384986107,48.102530621,HIXnJ
A1610030,A161003001,2011-10-24,1317.0,2026-05-31T20:30:42Z,16,Donnée validée,10,Expertisée,20,Bonne,7.384986107,48.102530621,HIXnJ
A1610030,A161003001,2011-10-25,1319.0,2026-05-31T20:30:42Z,16,Donnée validée,10,Expertisée,20,Bonne,7.384986107,48.102530621,HIXnJ
A1610030,A161003001,2011-10-26,1311.0,2026-05-31T20:30:42Z,16,Donnée validée,10,Expertisée,20,Bonne,7.384986107,48.102530621,HIXnJ
A1610030,A161003001,2011-10-27,1299.0,2026-05-31T20:30:42Z,16,Donnée validée,10,Expertisée,20,Bonne,7.384986107,48.102530621,HIXnJ
A1610030,A161003001,2011-10-28,1294.0,2026-05-31T20:30:42Z,16,Donnée validée,10,Expertisée,20,Bonne,7.384986107,48.102530621,HIXnJ
A1610030,A161003001,2011-10-29,1291.0,2026-05-31T20:30:42Z,16,Donnée validée,10,Expertisée,20,Bonne,7.384986107,48.102530621,HIXnJ
A1610030,A161003001,2011-10-30,1293.0,2026-05-31T20:30:42Z,16,Donnée validée,10,Expertisée,20,Bonne,7.384986107,48.102530621,HIXnJ
A1610030,A161003001,2011-10-31,1296.0,2026-05-31T20:30:42Z,16,Donnée validée,10,Expertisée,20,Bonne,7.384986107,48.102530621,HIXnJ
A1610030,A161003001,2011-11-01,1292.0,2026-05-31T20:30:42Z,16,Donnée validée,10,Expertisée,20,Bonne,7.384986107,48.102530621,HIXnJ
A1610030,A161003001,2011-11-02,1291.0,2026-05-31T20:30:42Z,16,Donnée validée,10,Expertisée,20,Bonne,7.384986107,48.102530621,HIXnJ
A1610030,A161003001,2011-11-03,1289.0,2026-05-31T20:30:42Z,16,Donnée validée,10,Expertisée,20,Bonne,7.384986107,48.102530621,HIXnJ
A1610030,A161003001,2011-11-04,1345.0,2026-05-31T20:30:42Z,16,Donnée validée,10,Expertisée,20,Bonne,7.384986107,48.102530621,HIXnJ
A1610030,A161003001,2011-11-05,1284.0,2026-05-31T20:30:42Z,16,Donnée validée,10,Expertisée,20,Bonne,7.384986107,48.102530621,HIXnJ
A1610030,A161003001,2011-11-06,1290.0,2026-05-31T20:30:42Z,16,Donnée validée,10,Expertisée,20,Bonne,7.384986107,48.102530621,HIXnJ
A1610030,A161003001,2011-11-07,1288.0,2026-05-31T20:30:42Z,16,Donnée validée,10,Expertisée,20,Bonne,7.384986107,48.102530621,HIXnJ
A1610030,A161003001,2011-11-08,1296.0,2026-05-31T20:30:42Z,16,Donnée validée,10,Expertisée,20,Bonne,7.384986107,48.102530621,HIXnJ
A1610030,A161003001,2011-11-09,1305.0,2026-05-31T20:30:42Z,16,Donnée validée,10,Expertisée,20,Bonne,7.384986107,48.102530621,HIXnJ
A1610030,A161003001,2011-11-10,1292.0,2026-05-31T20:30:42Z,16,Donnée validée,10,Expertisée,20,Bonne,7.384986107,48.102530621,HIXnJ
A1610030,A161003001,2011-11-11,1278.0,2026-05-31T20:30:42Z,16,Donnée validée,10,Expertisée,20,Bonne,7.384986107,48.102530621,HIXnJ
A1610030,A161003001,2011-11-12,1275.0,2026-05-31T20:30:42Z,16,Donnée validée,10,Expertisée,20,Bonne,7.384986107,48.102530621,HIXnJ
A1610030,A161003001,2011-11-13,1275.0,2026-05-31T20:30:42Z,16,Donnée validée,10,Expertisée,20,Bonne,7.384986107,48.102530621,HIXnJ
A1610030,A161003001,2011-11-14,1274.0,2026-05-31T20:30:42Z,16,Donnée validée,10,Expertisée,20,Bonne,7.384986107,48.102530621,HIXnJ
A1610030,A161003001,2011-11-15,1327.0,2026-05-31T20:30:42Z,16,Donnée validée,10,Expertisée,20,Bonne,7.384986107,48.102530621,HIXnJ
A1610030,A161003001,2011-11-16,1278.0,2026-05-31T20:30:42Z,16,Donnée validée,10,Expertisée,20,Bonne,7.384986107,48.102530621,HIXnJ
A1610030,A161003001,2011-11-17,1287.0,2026-05-31T20:30:42Z,16,Donnée validée,10,Expertisée,20,Bonne,7.384986107,48.102530621,HIXnJ
A1610030,A161003001,2011-11-18,1286.0,2026-05-31T20:30:42Z,16,Donnée validée,10,Expertisée,20,Bonne,7.384986107,48.102530621,HIXnJ
A1610030,A161003001,2011-11-19,1281.0,2026-05-31T20:30:42Z,16,Donnée validée,10,Expertisée,20,Bonne,7.384986107,48.102530621,HIXnJ
A1610030,A161003001,2011-11-20,1278.0,2026-05-31T20:30:42Z,16,Donnée validée,10,Expertisée,20,Bonne,7.384986107,48.102530621,HIXnJ
A1610030,A161003001,2011-11-21,1277.0,2026-05-31T20:30:42Z,16,Donnée validée,10,Expertisée,20,Bonne,7.384986107,48.102530621,HIXnJ
A1610030,A161003001,2011-11-22,1276.0,2026-05-31T20:30:42Z,16,Donnée validée,10,Expertisée,20,Bonne,7.384986107,48.102530621,HIXnJ
A1610030,A161003001,2011-11-23,1272.0,2026-05-31T20:30:42Z,16,Donnée validée,10,Expertisée,20,Bonne,7.384986107,48.102530621,HIXnJ
A1610030,A161003001,2011-11-24,1297.0,2026-05-31T20:30:42Z,16,Donnée validée,10,Expertisée,20,Bonne,7.384986107,48.102530621,HIXnJ
A1610030,A161003001,2011-11-25,1268.0,2026-05-31T20:30:42Z,16,Donnée validée,10,Expertisée,20,Bonne,7.384986107,48.102530621,HIXnJ
A1610030,A161003001,2011-11-26,1263.0,2026-05-31T20:30:42Z,16,Donnée validée,10,Expertisée,20,Bonne,7.384986107,48.102530621,HIXnJ
A1610030,A161003001,2011-11-27,1263.0,2026-05-31T20:30:42Z,16,Donnée validée,10,Expertisée,20,Bonne,7.384986107,48.102530621,HIXnJ
A1610030,A161003001,2011-11-28,1261.0,2026-05-31T20:30:42Z,16,Donnée validée,10,Expertisée,20,Bonne,7.384986107,48.102530621,HIXnJ
A1610030,A161003001,2011-11-29,1312.0,2026-05-31T20:30:42Z,16,Donnée validée,10,Expertisée,20,Bonne,7.384986107,48.102530621,HIXnJ
A1610030,A161003001,2011-11-30,1256.0,2026-05-31T20:30:42Z,16,Donnée validée,10,Expertisée,20,Bonne,7.384986107,48.102530621,HIXnJ
A1610030,A161003001,2011-12-01,1254.0,2026-05-31T20:30:42Z,16,Donnée validée,10,Expertisée,20,Bonne,7.384986107,48.102530621,HIXnJ
A1610030,A161003001,2011-12-02,1254.0,2026-05-31T20:30:42Z,16,Donnée validée,10,Expertisée,20,Bonne,7.384986107,48.102530621,HIXnJ
A1610030,A161003001,2011-12-03,1262.0,2026-05-31T20:30:42Z,16,Donnée validée,10,Expertisée,20,Bonne,7.384986107,48.102530621,HIXnJ
A1610030,A161003001,2011-12-04,1361.0,2026-05-31T20:30:42Z,16,Donnée validée,10,Expertisée,20,Bonne,7.384986107,48.102530621,HIXnJ
A1610030,A161003001,2011-12-05,2042.0,2026-05-31T20:30:42Z,16,Donnée validée,10,Expertisée,20,Bonne,7.384986107,48.102530621,HIXnJ
A1610030,A161003001,2011-12-06,1931.0,2026-05-31T20:30:42Z,16,Donnée validée,10,Expertisée,20,Bonne,7.384986107,48.102530621,HIXnJ
A1610030,A161003001,2011-12-07,2607.0,2026-05-31T20:30:42Z,16,Donnée validée,10,Expertisée,20,Bonne,7.384986107,48.102530621,HIXnJ
A1610030,A161003001,2011-12-08,2820.0,2026-05-31T20:30:42Z,16,Donnée validée,10,Expertisée,20,Bonne,7.384986107,48.102530621,HIXnJ
A1610030,A161003001,2011-12-09,2346.0,2026-05-31T20:30:42Z,16,Donnée validée,10,Expertisée,20,Bonne,7.384986107,48.102530621,HIXnJ
A1610030,A161003001,2011-12-10,2703.0,2026-05-31T20:30:42Z,16,Donnée validée,10,Expertisée,20,Bonne,7.384986107,48.102530621,HIXnJ
A1610030,A161003001,2011-12-11,2701.0,2026-05-31T20:30:42Z,16,Donnée validée,10,Expertisée,20,Bonne,7.384986107,48.102530621,HIXnJ
A1610030,A161003001,2011-12-12,2287.0,2026-05-31T20:30:42Z,16,Donnée validée,10,Expertisée,20,Bonne,7.384986107,48.102530621,HIXnJ
A1610030,A161003001,2011-12-13,2214.0,2026-05-31T20:30:42Z,16,Donnée validée,10,Expertisée,20,Bonne,7.384986107,48.102530621,HIXnJ
A1610030,A161003001,2011-12-14,2460.0,2026-05-31T20:30:42Z,16,Donnée validée,10,Expertisée,20,Bonne,7.384986107,48.102530621,HIXnJ
A1610030,A161003001,2011-12-15,2674.0,2026-05-31T20:30:42Z,16,Donnée validée,10,Expertisée,20,Bonne,7.384986107,48.102530621,HIXnJ
A1610030,A161003001,2011-12-16,3615.0,2026-05-31T20:30:42Z,16,Donnée validée,10,Expertisée,20,Bonne,7.384986107,48.102530621,HIXnJ
A1610030,A161003001,2011-12-17,4052.0,2026-05-31T20:30:42Z,16,Donnée validée,10,Expertisée,20,Bonne,7.384986107,48.102530621,HIXnJ
A1610030,A161003001,2011-12-18,3486.0,2026-05-31T20:30:42Z,16,Donnée validée,10,Expertisée,20,Bonne,7.384986107,48.102530621,HIXnJ
A1610030,A161003001,2011-12-19,2550.0,2026-05-31T20:30:42Z,16,Donnée validée,10,Expertisée,20,Bonne,7.384986107,48.102530621,HIXnJ
A1610030,A161003001,2011-12-20,2181.0,2026-05-31T20:30:42Z,16,Donnée validée,10,Expertisée,20,Bonne,7.384986107,48.102530621,HIXnJ
A1610030,A161003001,2011-12-21,1976.0,2026-05-31T20:30:42Z,16,Donnée validée,10,Expertisée,20,Bonne,7.384986107,48.102530621,HIXnJ
A1610030,A161003001,2011-12-22,1857.0,2026-05-31T20:30:42Z,16,Donnée validée,10,Expertisée,20,Bonne,7.384986107,48.102530621,HIXnJ
A1610030,A161003001,2011-12-23,1916.0,2026-05-31T20:30:42Z,16,Donnée validée,10,Expertisée,20,Bonne,7.384986107,48.102530621,HIXnJ
A1610030,A161003001,2011-12-24,1971.0,2026-05-31T20:30:42Z,16,Donnée validée,10,Expertisée,20,Bonne,7.384986107,48.102530621,HIXnJ
A1610030,A161003001,2011-12-25,1965.0,2026-05-31T20:30:42Z,16,Donnée validée,10,Expertisée,20,Bonne,7.384986107,48.102530621,HIXnJ
A1610030,A161003001,2011-12-26,1849.0,2026-05-31T20:30:42Z,16,Donnée validée,10,Expertisée,20,Bonne,7.384986107,48.102530621,HIXnJ
A1610030,A161003001,2011-12-27,1736.0,2026-05-31T20:30:42Z,16,Donnée validée,10,Expertisée,20,Bonne,7.384986107,48.102530621,HIXnJ
A1610030,A161003001,2011-12-28,1651.0,2026-05-31T20:30:42Z,16,Donnée validée,10,Expertisée,20,Bonne,7.384986107,48.102530621,HIXnJ
A1610030,A161003001,2011-12-29,1587.0,2026-05-31T20:30:42Z,16,Donnée validée,10,Expertisée,20,Bonne,7.384986107,48.102530621,HIXnJ
A1610030,A161003001,2011-12-30,1824.0,2026-05-31T20:30:42Z,16,Donnée validée,10,Expertisée,20,Bonne,7.384986107,48.102530621,HIXnJ
A1610030,A161003001,2011-12-31,1978.0,2026-05-31T20:30:42Z,16,Donnée validée,10,Expertisée,20,Bonne,7.384986107,48.102530621,HIXnJ
A1610030,A161003001,2012-01-01,2226.0,2026-05-31T20:30:42Z,16,Donnée validée,10,Expertisée,20,Bonne,7.384986107,48.102530621,HIXnJ
A1610030,A161003001,2012-01-02,2560.0,2026-05-31T20:30:42Z,16,Donnée validée,10,Expertisée,20,Bonne,7.384986107,48.102530621,HIXnJ
A1610030,A161003001,2012-01-03,2595.0,2026-05-31T20:30:42Z,16,Donnée validée,10,Expertisée,20,Bonne,7.384986107,48.102530621,HIXnJ
A1610030,A161003001,2012-01-04,2891.0,2026-05-31T20:30:42Z,16,Donnée validée,10,Expertisée,20,Bonne,7.384986107,48.102530621,HIXnJ
A1610030,A161003001,2012-01-05,3365.0,2026-05-31T20:30:42Z,16,Donnée validée,10,Expertisée,20,Bonne,7.384986107,48.102530621,HIXnJ
A1610030,A161003001,2012-01-06,3720.0,2026-05-31T20:30:42Z,16,Donnée validée,10,Expertisée,20,Bonne,7.384986107,48.102530621,HIXnJ
A1610030,A161003001,2012-01-07,3590.0,2026-05-31T20:30:42Z,16,Donnée validée,10,Expertisée,20,Bonne,7.384986107,48.102530621,HIXnJ
A1610030,A161003001,2012-01-08,2632.0,2026-05-31T20:30:42Z,16,Donnée validée,10,Expertisée,20,Bonne,7.384986107,48.102530621,HIXnJ
A1610030,A161003001,2012-01-09,2354.0,2026-05-31T20:30:42Z,16,Donnée validée,10,Expertisée,20,Bonne,7.384986107,48.102530621,HIXnJ
A1610030,A161003001,2012-01-10,2169.0,2026-05-31T20:30:42Z,16,Donnée validée,10,Expertisée,20,Bonne,7.384986107,48.102530621,HIXnJ
A1610030,A161003001,2012-01-11,1988.0,2026-05-31T20:30:42Z,16,Donnée validée,10,Expertisée,20,Bonne,7.384986107,48.102530621,HIXnJ
A1610030,A161003001,2012-01-12,1858.0,2026-05-31T20:30:42Z,16,Donnée validée,10,Expertisée,20,Bonne,7.384986107,48.102530621,HIXnJ
A1610030,A161003001,2012-01-13,1766.0,2026-05-31T20:30:42Z,16,Donnée validée,10,Expertisée,20,Bonne,7.384986107,48.102530621,HIXnJ
A1610030,A161003001,2012-01-14,1699.0,2026-05-31T20:30:42Z,16,Donnée validée,10,Expertisée,20,Bonne,7.384986107,48.102530621,HIXnJ
A1610030,A161003001,2012-01-15,1627.0,2026-05-31T20:30:42Z,16,Donnée validée,10,Expertisée,20,Bonne,7.384986107,48.102530621,HIXnJ
A1610030,A161003001,2012-01-16,1572.0,2026-05-31T20:30:42Z,16,Donnée validée,10,Expertisée,20,Bonne,7.384986107,48.102530621,HIXnJ
A1610030,A161003001,2012-01-17,1528.0,2026-05-31T20:30:42Z,16,Donnée validée,10,Expertisée,20,Bonne,7.384986107,48.102530621,HIXnJ
A1610030,A161003001,2012-01-18,1482.0,2026-05-31T20:30:42Z,16,Donnée validée,10,Expertisée,20,Bonne,7.384986107,48.102530621,HIXnJ
A1610030,A161003001,2012-01-19,1487.0,2026-05-31T20:30:42Z,16,Donnée validée,10,Expertisée,20,Bonne,7.384986107,48.102530621,HIXnJ
A1610030,A161003001,2012-01-20,1987.0,2026-05-31T20:30:42Z,16,Donnée validée,10,Expertisée,20,Bonne,7.384986107,48.102530621,HIXnJ
A1610030,A161003001,2012-01-21,2550.0,2026-05-31T20:30:42Z,16,Donnée validée,10,Expertisée,20,Bonne,7.384986107,48.102530621,HIXnJ
A1610030,A161003001,2012-01-22,2947.0,2026-05-31T20:30:42Z,16,Donnée validée,10,Expertisée,20,Bonne,7.384986107,48.102530621,HIXnJ
A1610030,A161003001,2012-01-23,2832.0,2026-05-31T20:30:42Z,16,Donnée validée,10,Expertisée,20,Bonne,7.384986107,48.102530621,HIXnJ
A1610030,A161003001,2012-01-24,2530.0,2026-05-31T20:30:42Z,16,Donnée validée,10,Expertisée,20,Bonne,7.384986107,48.102530621,HIXnJ
A1610030,A161003001,2012-01-25,2490.0,2026-05-31T20:30:42Z,16,Donnée validée,10,Expertisée,20,Bonne,7.384986107,48.102530621,HIXnJ
A1610030,A161003001,2012-01-26,2197.0,2026-05-31T20:30:42Z,16,Donnée validée,10,Expertisée,20,Bonne,7.384986107,48.102530621,HIXnJ
A1610030,A161003001,2012-01-27,1980.0,2026-05-31T20:30:42Z,16,Donnée validée,10,Expertisée,20,Bonne,7.384986107,48.102530621,HIXnJ
A1610030,A161003001,2012-01-28,1826.0,2026-05-31T20:30:42Z,16,Donnée validée,10,Expertisée,20,Bonne,7.384986107,48.102530621,HIXnJ
A1610030,A161003001,2012-01-29,1767.0,2026-05-31T20:30:42Z,16,Donnée validée,10,Expertisée,20,Bonne,7.384986107,48.102530621,HIXnJ
A1610030,A161003001,2012-01-30,1761.0,2026-05-31T20:30:42Z,16,Donnée validée,10,Expertisée,20,Bonne,7.384986107,48.102530621,HIXnJ
A1610030,A161003001,2012-01-31,1670.0,2026-05-31T20:30:42Z,16,Donnée validée,10,Expertisée,20,Bonne,7.384986107,48.102530621,HIXnJ
A1610030,A161003001,2012-02-01,1595.0,2026-05-31T20:30:42Z,16,Donnée validée,10,Expertisée,20,Bonne,7.384986107,48.102530621,HIXnJ
A1610030,A161003001,2012-02-02,1528.0,2026-05-31T20:30:42Z,16,Donnée validée,10,Expertisée,20,Bonne,7.384986107,48.102530621,HIXnJ
A1610030,A161003001,2012-02-03,1468.0,2026-05-31T20:30:42Z,16,Donnée validée,10,Expertisée,20,Bonne,7.384986107,48.102530621,HIXnJ
A1610030,A161003001,2012-02-04,1411.0,2026-05-31T20:30:42Z,16,Donnée validée,10,Expertisée,20,Bonne,7.384986107,48.102530621,HIXnJ
A1610030,A161003001,2012-02-05,1370.0,2026-05-31T20:30:42Z,16,Donnée validée,10,Expertisée,20,Bonne,7.384986107,48.102530621,HIXnJ
A1610030,A161003001,2012-02-06,1337.0,2026-05-31T20:30:42Z,16,Donnée validée,10,Expertisée,20,Bonne,7.384986107,48.102530621,HIXnJ
A1610030,A161003001,2012-02-07,1309.0,2026-05-31T20:30:42Z,16,Donnée validée,10,Expertisée,20,Bonne,7.384986107,48.102530621,HIXnJ
A1610030,A161003001,2012-02-08,1282.0,2026-05-31T20:30:42Z,16,Donnée validée,10,Expertisée,20,Bonne,7.384986107,48.102530621,HIXnJ
A1610030,A161003001,2012-02-09,1264.0,2026-05-31T20:30:42Z,16,Donnée validée,10,Expertisée,20,Bonne,7.384986107,48.102530621,HIXnJ
A1610030,A161003001,2012-02-10,1248.0,2026-05-31T20:30:42Z,16,Donnée validée,10,Expertisée,20,Bonne,7.384986107,48.102530621,HIXnJ
A1610030,A161003001,2012-02-11,1236.0,2026-05-31T20:30:42Z,16,Donnée validée,10,Expertisée,20,Bonne,7.384986107,48.102530621,HIXnJ
A1610030,A161003001,2012-02-12,1227.0,2026-05-31T20:30:42Z,16,Donnée validée,10,Expertisée,20,Bonne,7.384986107,48.102530621,HIXnJ
A1610030,A161003001,2012-02-13,1224.0,2026-05-31T20:30:42Z,16,Donnée validée,10,Expertisée,20,Bonne,7.384986107,48.102530621,HIXnJ
A1610030,A161003001,2012-02-14,1221.0,2026-05-31T20:30:42Z,16,Donnée validée,10,Expertisée,20,Bonne,7.384986107,48.102530621,HIXnJ
A1610030,A161003001,2012-02-15,1242.0,2026-05-31T20:30:42Z,16,Donnée validée,10,Expertisée,20,Bonne,7.384986107,48.102530621,HIXnJ
A1610030,A161003001,2012-02-16,1425.0,2026-05-31T20:30:42Z,16,Donnée validée,10,Expertisée,20,Bonne,7.384986107,48.102530621,HIXnJ
A1610030,A161003001,2012-02-17,1263.0,2026-05-31T20:30:42Z,16,Donnée validée,10,Expertisée,20,Bonne,7.384986107,48.102530621,HIXnJ
A1610030,A161003001,2012-02-18,1297.0,2026-05-31T20:30:42Z,16,Donnée validée,10,Expertisée,20,Bonne,7.384986107,48.102530621,HIXnJ
A1610030,A161003001,2012-02-19,1415.0,2026-05-31T20:30:42Z,16,Donnée validée,10,Expertisée,20,Bonne,7.384986107,48.102530621,HIXnJ
A1610030,A161003001,2012-02-20,1505.0,2026-05-31T20:30:42Z,16,Donnée validée,10,Expertisée,20,Bonne,7.384986107,48.102530621,HIXnJ
A1610030,A161003001,2012-02-21,1359.0,2026-05-31T20:30:42Z,16,Donnée validée,10,Expertisée,20,Bonne,7.384986107,48.102530621,HIXnJ
A1610030,A161003001,2012-02-22,1284.0,2026-05-31T20:30:42Z,16,Donnée validée,10,Expertisée,20,Bonne,7.384986107,48.102530621,HIXnJ
A1610030,A161003001,2012-02-23,1256.0,2026-05-31T20:30:42Z,16,Donnée validée,10,Expertisée,20,Bonne,7.384986107,48.102530621,HIXnJ
A1610030,A161003001,2012-02-24,1243.0,2026-05-31T20:30:42Z,16,Donnée validée,10,Expertisée,20,Bonne,7.384986107,48.102530621,HIXnJ
A1610030,A161003001,2012-02-25,1277.0,2026-05-31T20:30:42Z,16,Donnée validée,10,Expertisée,20,Bonne,7.384986107,48.102530621,HIXnJ
A1610030,A161003001,2012-02-26,1288.0,2026-05-31T20:30:42Z,16,Donnée validée,10,Expertisée,20,Bonne,7.384986107,48.102530621,HIXnJ
A1610030,A161003001,2012-02-27,1281.0,2026-05-31T20:30:42Z,16,Donnée validée,10,Expertisée,20,Bonne,7.384986107,48.102530621,HIXnJ
A1610030,A161003001,2012-02-28,1309.0,2026-05-31T20:30:42Z,16,Donnée validée,10,Expertisée,20,Bonne,7.384986107,48.102530621,HIXnJ
A1610030,A161003001,2012-02-29,1255.0,2026-05-31T20:30:42Z,16,Donnée validée,10,Expertisée,20,Bonne,7.384986107,48.102530621,HIXnJ
A1610030,A161003001,2012-03-01,1520.0,2026-05-31T20:30:42Z,16,Donnée validée,10,Expertisée,20,Bonne,7.384986107,48.102530621,HIXnJ
A1610030,A161003001,2012-03-02,1274.0,2026-05-31T20:30:42Z,16,Donnée validée,10,Expertisée,20,Bonne,7.384986107,48.102530621,HIXnJ
A1610030,A161003001,2012-03-03,1285.0,2026-05-31T20:30:42Z,16,Donnée validée,10,Expertisée,20,Bonne,7.384986107,48.102530621,HIXnJ
A1610030,A161003001,2012-03-04,1274.0,2026-05-31T20:30:42Z,16,Donnée validée,10,Expertisée,20,Bonne,7.384986107,48.102530621,HIXnJ
A1610030,A161003001,2012-03-05,1287.0,2026-05-31T20:30:42Z,16,Donnée validée,10,Expertisée,20,Bonne,7.384986107,48.102530621,HIXnJ
A1610030,A161003001,2012-03-06,1287.0,2026-05-31T20:30:42Z,16,Donnée validée,10,Expertisée,20,Bonne,7.384986107,48.102530621,HIXnJ
A1610030,A161003001,2012-03-07,1266.0,2026-05-31T20:30:42Z,16,Donnée validée,10,Expertisée,20,Bonne,7.384986107,48.102530621,HIXnJ
A1610030,A161003001,2012-03-08,1242.0,2026-05-31T20:30:42Z,16,Donnée validée,10,Expertisée,20,Bonne,7.384986107,48.102530621,HIXnJ
A1610030,A161003001,2012-03-09,1235.0,2026-05-31T20:30:42Z,16,Donnée validée,10,Expertisée,20,Bonne,7.384986107,48.102530621,HIXnJ
A1610030,A161003001,2012-03-10,1218.0,2026-05-31T20:30:42Z,16,Donnée validée,10,Expertisée,20,Bonne,7.384986107,48.102530621,HIXnJ
A1610030,A161003001,2012-03-11,1212.0,2026-05-31T20:30:42Z,16,Donnée validée,10,Expertisée,20,Bonne,7.384986107,48.102530621,HIXnJ
A1610030,A161003001,2012-03-12,1212.0,2026-05-31T20:30:42Z,16,Donnée validée,10,Expertisée,20,Bonne,7.384986107,48.102530621,HIXnJ
A1610030,A161003001,2012-03-13,1206.0,2026-05-31T20:30:42Z,16,Donnée validée,10,Expertisée,20,Bonne,7.384986107,48.102530621,HIXnJ
A1610030,A161003001,2012-03-14,1200.0,2026-05-31T20:30:42Z,16,Donnée validée,10,Expertisée,20,Bonne,7.384986107,48.102530621,HIXnJ
A1610030,A161003001,2012-03-15,1187.0,2026-05-31T20:30:42Z,16,Donnée validée,10,Expertisée,20,Bonne,7.384986107,48.102530621,HIXnJ
A1610030,A161003001,2012-03-16,1178.0,2026-05-31T20:30:42Z,16,Donnée validée,10,Expertisée,20,Bonne,7.384986107,48.102530621,HIXnJ
A1610030,A161003001,2012-03-17,1174.0,2026-05-31T20:30:42Z,16,Donnée validée,10,Expertisée,20,Bonne,7.384986107,48.102530621,HIXnJ
A1610030,A161003001,2012-03-18,1220.0,2026-05-31T20:30:42Z,16,Donnée validée,10,Expertisée,20,Bonne,7.384986107,48.102530621,HIXnJ
A1610030,A161003001,2012-03-19,1212.0,2026-05-31T20:30:42Z,16,Donnée validée,10,Expertisée,20,Bonne,7.384986107,48.102530621,HIXnJ
A1610030,A161003001,2012-03-20,1210.0,2026-05-31T20:30:42Z,16,Donnée validée,10,Expertisée,20,Bonne,7.384986107,48.102530621,HIXnJ
A1610030,A161003001,2012-03-21,1191.0,2026-05-31T20:30:42Z,16,Donnée validée,10,Expertisée,20,Bonne,7.384986107,48.102530621,HIXnJ
A1610030,A161003001,2012-03-22,1174.0,2026-05-31T20:30:42Z,16,Donnée validée,10,Expertisée,20,Bonne,7.384986107,48.102530621,HIXnJ
A1610030,A161003001,2012-03-23,1161.0,2026-05-31T20:30:42Z,16,Donnée validée,10,Expertisée,20,Bonne,7.384986107,48.102530621,HIXnJ
A1610030,A161003001,2012-03-24,1151.0,2026-05-31T20:30:42Z,16,Donnée validée,10,Expertisée,20,Bonne,7.384986107,48.102530621,HIXnJ
A1610030,A161003001,2012-03-25,1145.0,2026-05-31T20:30:42Z,16,Donnée validée,10,Expertisée,20,Bonne,7.384986107,48.102530621,HIXnJ
A1610030,A161003001,2012-03-26,1139.0,2026-05-31T20:30:42Z,16,Donnée validée,10,Expertisée,20,Bonne,7.384986107,48.102530621,HIXnJ
A1610030,A161003001,2012-03-27,1129.0,2026-05-31T20:30:42Z,16,Donnée validée,10,Expertisée,20,Bonne,7.384986107,48.102530621,HIXnJ
A1610030,A161003001,2012-03-28,1120.0,2026-05-31T20:30:42Z,16,Donnée validée,10,Expertisée,20,Bonne,7.384986107,48.102530621,HIXnJ
A1610030,A161003001,2012-03-29,1137.0,2026-05-31T20:30:42Z,16,Donnée validée,10,Expertisée,20,Bonne,7.384986107,48.102530621,HIXnJ
A1610030,A161003001,2012-03-30,1152.0,2026-05-31T20:30:42Z,16,Donnée validée,10,Expertisée,20,Bonne,7.384986107,48.102530621,HIXnJ
A1610030,A161003001,2012-03-31,1233.0,2026-05-31T20:30:42Z,16,Donnée validée,10,Expertisée,20,Bonne,7.384986107,48.102530621,HIXnJ
A1610030,A161003001,2012-04-01,1152.0,2026-05-31T20:30:42Z,16,Donnée validée,10,Expertisée,20,Bonne,7.384986107,48.102530621,HIXnJ
A1610030,A161003001,2012-04-02,1149.0,2026-05-31T20:30:42Z,16,Donnée validée,10,Expertisée,20,Bonne,7.384986107,48.102530621,HIXnJ
A1610030,A161003001,2012-04-03,1147.0,2026-05-31T20:30:42Z,16,Donnée validée,10,Expertisée,20,Bonne,7.384986107,48.102530621,HIXnJ
A1610030,A161003001,2012-04-04,1227.0,2026-05-31T20:30:42Z,16,Donnée validée,10,Expertisée,20,Bonne,7.384986107,48.102530621,HIXnJ
A1610030,A161003001,2012-04-05,1290.0,2026-05-31T20:30:42Z,16,Donnée validée,10,Expertisée,20,Bonne,7.384986107,48.102530621,HIXnJ
A1610030,A161003001,2012-04-06,1203.0,2026-05-31T20:30:42Z,16,Donnée validée,10,Expertisée,20,Bonne,7.384986107,48.102530621,HIXnJ
A1610030,A161003001,2012-04-07,1185.0,2026-05-31T20:30:42Z,16,Donnée validée,10,Expertisée,20,Bonne,7.384986107,48.102530621,HIXnJ
A1610030,A161003001,2012-04-08,1170.0,2026-05-31T20:30:42Z,16,Donnée validée,10,Expertisée,20,Bonne,7.384986107,48.102530621,HIXnJ
A1610030,A161003001,2012-04-09,1154.0,2026-05-31T20:30:42Z,16,Donnée validée,10,Expertisée,20,Bonne,7.384986107,48.102530621,HIXnJ
A1610030,A161003001,2012-04-10,1151.0,2026-05-31T20:30:42Z,16,Donnée validée,10,Expertisée,20,Bonne,7.384986107,48.102530621,HIXnJ
A1610030,A161003001,2012-04-11,1197.0,2026-05-31T20:30:42Z,16,Donnée validée,10,Expertisée,20,Bonne,7.384986107,48.102530621,HIXnJ
A1610030,A161003001,2012-04-12,1193.0,2026-05-31T20:30:42Z,16,Donnée validée,10,Expertisée,20,Bonne,7.384986107,48.102530621,HIXnJ
A1610030,A161003001,2012-04-13,1186.0,2026-05-31T20:30:42Z,16,Donnée validée,10,Expertisée,20,Bonne,7.384986107,48.102530621,HIXnJ
A1610030,A161003001,2012-04-14,1174.0,2026-05-31T20:30:42Z,16,Donnée validée,10,Expertisée,20,Bonne,7.384986107,48.102530621,HIXnJ
A1610030,A161003001,2012-04-15,1245.0,2026-05-31T20:30:42Z,16,Donnée validée,10,Expertisée,20,Bonne,7.384986107,48.102530621,HIXnJ
A1610030,A161003001,2012-04-16,1901.0,2026-05-31T20:30:42Z,16,Donnée validée,10,Expertisée,20,Bonne,7.384986107,48.102530621,HIXnJ
A1610030,A161003001,2012-04-17,1934.0,2026-05-31T20:30:42Z,16,Donnée validée,10,Expertisée,20,Bonne,7.384986107,48.102530621,HIXnJ
A1610030,A161003001,2012-04-18,1544.0,2026-05-31T20:30:42Z,16,Donnée validée,10,Expertisée,20,Bonne,7.384986107,48.102530621,HIXnJ
A1610030,A161003001,2012-04-19,1390.0,2026-05-31T20:30:42Z,16,Donnée validée,10,Expertisée,20,Bonne,7.384986107,48.102530621,HIXnJ
A1610030,A161003001,2012-04-20,1365.0,2026-05-31T20:30:42Z,16,Donnée validée,10,Expertisée,20,Bonne,7.384986107,48.102530621,HIXnJ
A1610030,A161003001,2012-04-21,1355.0,2026-05-31T20:30:42Z,16,Donnée validée,10,Expertisée,20,Bonne,7.384986107,48.102530621,HIXnJ
A1610030,A161003001,2012-04-22,1572.0,2026-05-31T20:30:42Z,16,Donnée validée,10,Expertisée,20,Bonne,7.384986107,48.102530621,HIXnJ
A1610030,A161003001,2012-04-23,1620.0,2026-05-31T20:30:42Z,16,Donnée validée,10,Expertisée,20,Bonne,7.384986107,48.102530621,HIXnJ
A1610030,A161003001,2012-04-24,1924.0,2026-05-31T20:30:42Z,16,Donnée validée,10,Expertisée,20,Bonne,7.384986107,48.102530621,HIXnJ
A1610030,A161003001,2012-04-25,2312.0,2026-05-31T20:30:42Z,16,Donnée validée,10,Expertisée,20,Bonne,7.384986107,48.102530621,HIXnJ
A1610030,A161003001,2012-04-26,2224.0,2026-05-31T20:30:42Z,16,Donnée validée,10,Expertisée,20,Bonne,7.384986107,48.102530621,HIXnJ
A1610030,A161003001,2012-04-27,1803.0,2026-05-31T20:30:42Z,16,Donnée validée,10,Expertisée,20,Bonne,7.384986107,48.102530621,HIXnJ
A1610030,A161003001,2012-04-28,1618.0,2026-05-31T20:30:42Z,16,Donnée validée,10,Expertisée,20,Bonne,7.384986107,48.102530621,HIXnJ
A1610030,A161003001,2012-04-29,1519.0,2026-05-31T20:30:42Z,16,Donnée validée,10,Expertisée,20,Bonne,7.384986107,48.102530621,HIXnJ
A1610030,A161003001,2012-04-30,1462.0,2026-05-31T20:30:42Z,16,Donnée validée,10,Expertisée,20,Bonne,7.384986107,48.102530621,HIXnJ
A1610030,A161003001,2012-05-01,1458.0,2026-05-31T20:30:42Z,16,Donnée validée,10,Expertisée,20,Bonne,7.384986107,48.102530621,HIXnJ
A1610030,A161003001,2012-05-02,1624.0,2026-05-31T20:30:42Z,16,Donnée validée,10,Expertisée,20,Bonne,7.384986107,48.102530621,HIXnJ
A1610030,A161003001,2012-05-03,1553.0,2026-05-31T20:30:42Z,16,Donnée validée,10,Expertisée,20,Bonne,7.384986107,48.102530621,HIXnJ
A1610030,A161003001,2012-05-04,1432.0,2026-05-31T20:30:42Z,16,Donnée validée,10,Expertisée,20,Bonne,7.384986107,48.102530621,HIXnJ
A1610030,A161003001,2012-05-05,1392.0,2026-05-31T20:30:42Z,16,Donnée validée,10,Expertisée,20,Bonne,7.384986107,48.102530621,HIXnJ
A1610030,A161003001,2012-05-06,1376.0,2026-05-31T20:30:42Z,16,Donnée validée,10,Expertisée,20,Bonne,7.384986107,48.102530621,HIXnJ
A1610030,A161003001,2012-05-07,1372.0,2026-05-31T20:30:42Z,16,Donnée validée,10,Expertisée,20,Bonne,7.384986107,48.102530621,HIXnJ
A1610030,A161003001,2012-05-08,1325.0,2026-05-31T20:30:42Z,16,Donnée validée,10,Expertisée,20,Bonne,7.384986107,48.102530621,HIXnJ
A1610030,A161003001,2012-05-09,1339.0,2026-05-31T20:30:42Z,16,Donnée validée,10,Expertisée,20,Bonne,7.384986107,48.102530621,HIXnJ
A1610030,A161003001,2012-05-10,1362.0,2026-05-31T20:30:42Z,16,Donnée validée,10,Expertisée,20,Bonne,7.384986107,48.102530621,HIXnJ
A1610030,A161003001,2012-05-11,1387.0,2026-05-31T20:30:42Z,16,Donnée validée,10,Expertisée,20,Bonne,7.384986107,48.102530621,HIXnJ
A1610030,A161003001,2012-05-12,1504.0,2026-05-31T20:30:42Z,16,Donnée validée,10,Expertisée,20,Bonne,7.384986107,48.102530621,HIXnJ
A1610030,A161003001,2012-05-13,1545.0,2026-05-31T20:30:42Z,16,Donnée validée,10,Expertisée,20,Bonne,7.384986107,48.102530621,HIXnJ
A1610030,A161003001,2012-05-14,1430.0,2026-05-31T20:30:42Z,16,Donnée validée,10,Expertisée,20,Bonne,7.384986107,48.102530621,HIXnJ
A1610030,A161003001,2012-05-15,1382.0,2026-05-31T20:30:42Z,16,Donnée validée,10,Expertisée,20,Bonne,7.384986107,48.102530621,HIXnJ
A1610030,A161003001,2012-05-16,1318.0,2026-05-31T20:30:42Z,16,Donnée validée,10,Expertisée,20,Bonne,7.384986107,48.102530621,HIXnJ
A1610030,A161003001,2012-05-17,1309.0,2026-05-31T20:30:42Z,16,Donnée validée,10,Expertisée,20,Bonne,7.384986107,48.102530621,HIXnJ
A1610030,A161003001,2012-05-18,1297.0,2026-05-31T20:30:42Z,16,Donnée validée,10,Expertisée,20,Bonne,7.384986107,48.102530621,HIXnJ
A1610030,A161003001,2012-05-19,1265.0,2026-05-31T20:30:42Z,16,Donnée validée,10,Expertisée,20,Bonne,7.384986107,48.102530621,HIXnJ
A1610030,A161003001,2012-05-20,1247.0,2026-05-31T20:30:42Z,16,Donnée validée,10,Expertisée,20,Bonne,7.384986107,48.102530621,HIXnJ
A1610030,A161003001,2012-05-21,1370.0,2026-05-31T20:30:42Z,16,Donnée validée,10,Expertisée,20,Bonne,7.384986107,48.102530621,HIXnJ
A1610030,A161003001,2012-05-22,1373.0,2026-05-31T20:30:42Z,16,Donnée validée,10,Expertisée,20,Bonne,7.384986107,48.102530621,HIXnJ
A1610030,A161003001,2012-05-23,1351.0,2026-05-31T20:30:42Z,16,Donnée validée,10,Expertisée,20,Bonne,7.384986107,48.102530621,HIXnJ
A1610030,A161003001,2012-05-24,1267.0,2026-05-31T20:30:42Z,16,Donnée validée,10,Expertisée,20,Bonne,7.384986107,48.102530621,HIXnJ
A1610030,A161003001,2012-05-25,1259.0,2026-05-31T20:30:42Z,16,Donnée validée,10,Expertisée,20,Bonne,7.384986107,48.102530621,HIXnJ
A1610030,A161003001,2012-05-26,1224.0,2026-05-31T20:30:42Z,16,Donnée validée,10,Expertisée,20,Bonne,7.384986107,48.102530621,HIXnJ
A1610030,A161003001,2012-05-27,1194.0,2026-05-31T20:30:42Z,16,Donnée validée,10,Expertisée,20,Bonne,7.384986107,48.102530621,HIXnJ
A1610030,A161003001,2012-05-28,1180.0,2026-05-31T20:30:42Z,16,Donnée validée,10,Expertisée,20,Bonne,7.384986107,48.102530621,HIXnJ
A1610030,A161003001,2012-05-29,1174.0,2026-05-31T20:30:42Z,16,Donnée validée,10,Expertisée,20,Bonne,7.384986107,48.102530621,HIXnJ
A1610030,A161003001,2012-05-30,1171.0,2026-05-31T20:30:42Z,16,Donnée validée,10,Expertisée,20,Bonne,7.384986107,48.102530621,HIXnJ
A1610030,A161003001,2012-05-31,1206.0,2026-05-31T20:30:42Z,16,Donnée validée,10,Expertisée,20,Bonne,7.384986107,48.102530621,HIXnJ
A1610030,A161003001,2012-06-01,1167.0,2026-05-31T20:30:42Z,16,Donnée validée,10,Expertisée,20,Bonne,7.384986107,48.102530621,HIXnJ
A1610030,A161003001,2012-06-02,1183.0,2026-05-31T20:30:42Z,16,Donnée validée,10,Expertisée,20,Bonne,7.384986107,48.102530621,HIXnJ
A1610030,A161003001,2012-06-03,1192.0,2026-05-31T20:30:42Z,16,Donnée validée,10,Expertisée,20,Bonne,7.384986107,48.102530621,HIXnJ
A1610030,A161003001,2012-06-04,1274.0,2026-05-31T20:30:42Z,16,Donnée validée,10,Expertisée,20,Bonne,7.384986107,48.102530621,HIXnJ
A1610030,A161003001,2012-06-05,1265.0,2026-05-31T20:30:42Z,16,Donnée validée,10,Expertisée,20,Bonne,7.384986107,48.102530621,HIXnJ
A1610030,A161003001,2012-06-06,1244.0,2026-05-31T20:30:42Z,16,Donnée validée,10,Expertisée,20,Bonne,7.384986107,48.102530621,HIXnJ
A1610030,A161003001,2012-06-07,1238.0,2026-05-31T20:30:42Z,16,Donnée validée,10,Expertisée,20,Bonne,7.384986107,48.102530621,HIXnJ
A1610030,A161003001,2012-06-08,1802.0,2026-05-31T20:30:42Z,16,Donnée validée,10,Expertisée,20,Bonne,7.384986107,48.102530621,HIXnJ
A1610030,A161003001,2012-06-09,1821.0,2026-05-31T20:30:42Z,16,Donnée validée,10,Expertisée,20,Bonne,7.384986107,48.102530621,HIXnJ
A1610030,A161003001,2012-06-10,1484.0,2026-05-31T20:30:42Z,16,Donnée validée,10,Expertisée,20,Bonne,7.384986107,48.102530621,HIXnJ
A1610030,A161003001,2012-06-11,1483.0,2026-05-31T20:30:42Z,16,Donnée validée,10,Expertisée,20,Bonne,7.384986107,48.102530621,HIXnJ
A1610030,A161003001,2012-06-12,1682.0,2026-05-31T20:30:42Z,16,Donnée validée,10,Expertisée,20,Bonne,7.384986107,48.102530621,HIXnJ
A1610030,A161003001,2012-06-13,1753.0,2026-05-31T20:30:42Z,16,Donnée validée,10,Expertisée,20,Bonne,7.384986107,48.102530621,HIXnJ
A1610030,A161003001,2012-06-14,1631.0,2026-05-31T20:30:42Z,16,Donnée validée,10,Expertisée,20,Bonne,7.384986107,48.102530621,HIXnJ
A1610030,A161003001,2012-06-15,1567.0,2026-05-31T20:30:42Z,16,Donnée validée,10,Expertisée,20,Bonne,7.384986107,48.102530621,HIXnJ
A1610030,A161003001,2012-06-16,1491.0,2026-05-31T20:30:42Z,16,Donnée validée,10,Expertisée,20,Bonne,7.384986107,48.102530621,HIXnJ
A1610030,A161003001,2012-06-17,1426.0,2026-05-31T20:30:42Z,16,Donnée validée,10,Expertisée,20,Bonne,7.384986107,48.102530621,HIXnJ
A1610030,A161003001,2012-06-18,1375.0,2026-05-31T20:30:42Z,16,Donnée validée,10,Expertisée,20,Bonne,7.384986107,48.102530621,HIXnJ
A1610030,A161003001,2012-06-19,1342.0,2026-05-31T20:30:42Z,16,Donnée validée,10,Expertisée,20,Bonne,7.384986107,48.102530621,HIXnJ
A1610030,A161003001,2012-06-20,1332.0,2026-05-31T20:30:42Z,16,Donnée validée,10,Expertisée,20,Bonne,7.384986107,48.102530621,HIXnJ
A1610030,A161003001,2012-06-21,1337.0,2026-05-31T20:30:42Z,16,Donnée validée,10,Expertisée,20,Bonne,7.384986107,48.102530621,HIXnJ
A1610030,A161003001,2012-06-22,1493.0,2026-05-31T20:30:42Z,16,Donnée validée,10,Expertisée,20,Bonne,7.384986107,48.102530621,HIXnJ
A1610030,A161003001,2012-06-23,1402.0,2026-05-31T20:30:42Z,16,Donnée validée,10,Expertisée,20,Bonne,7.384986107,48.102530621,HIXnJ
A1610030,A161003001,2012-06-24,1294.0,2026-05-31T20:30:42Z,16,Donnée validée,10,Expertisée,20,Bonne,7.384986107,48.102530621,HIXnJ
A1610030,A161003001,2012-06-25,1301.0,2026-05-31T20:30:42Z,16,Donnée validée,10,Expertisée,20,Bonne,7.384986107,48.102530621,HIXnJ
A1610030,A161003001,2012-06-26,1319.0,2026-05-31T20:30:42Z,16,Donnée validée,10,Expertisée,20,Bonne,7.384986107,48.102530621,HIXnJ
A1610030,A161003001,2012-06-27,1276.0,2026-05-31T20:30:42Z,16,Donnée validée,10,Expertisée,20,Bonne,7.384986107,48.102530621,HIXnJ
A1610030,A161003001,2012-06-28,1237.0,2026-05-31T20:30:42Z,16,Donnée validée,10,Expertisée,20,Bonne,7.384986107,48.102530621,HIXnJ
A1610030,A161003001,2012-06-29,1213.0,2026-05-31T20:30:42Z,16,Donnée validée,10,Expertisée,20,Bonne,7.384986107,48.102530621,HIXnJ
A1610030,A161003001,2012-06-30,1339.0,2026-05-31T20:30:42Z,16,Donnée validée,10,Expertisée,20,Bonne,7.384986107,48.102530621,HIXnJ
A1610030,A161003001,2012-07-01,1524.0,2026-05-31T20:30:42Z,16,Donnée validée,10,Expertisée,20,Bonne,7.384986107,48.102530621,HIXnJ
A1610030,A161003001,2012-07-02,1604.0,2026-05-31T20:30:42Z,16,Donnée validée,10,Expertisée,20,Bonne,7.384986107,48.102530621,HIXnJ
A1610030,A161003001,2012-07-03,1528.0,2026-05-31T20:30:42Z,16,Donnée validée,10,Expertisée,20,Bonne,7.384986107,48.102530621,HIXnJ
A1610030,A161003001,2012-07-04,1450.0,2026-05-31T20:30:42Z,16,Donnée validée,10,Expertisée,20,Bonne,7.384986107,48.102530621,HIXnJ
A1610030,A161003001,2012-07-05,1416.0,2026-05-31T20:30:42Z,16,Donnée validée,10,Expertisée,20,Bonne,7.384986107,48.102530621,HIXnJ
A1610030,A161003001,2012-07-06,1624.0,2026-05-31T20:30:42Z,16,Donnée validée,10,Expertisée,20,Bonne,7.384986107,48.102530621,HIXnJ
A1610030,A161003001,2012-07-07,1659.0,2026-05-31T20:30:42Z,16,Donnée validée,10,Expertisée,20,Bonne,7.384986107,48.102530621,HIXnJ
A1610030,A161003001,2012-07-08,1576.0,2026-05-31T20:30:42Z,16,Donnée validée,10,Expertisée,20,Bonne,7.384986107,48.102530621,HIXnJ
A1610030,A161003001,2012-07-09,1733.0,2026-05-31T20:30:42Z,16,Donnée validée,10,Expertisée,20,Bonne,7.384986107,48.102530621,HIXnJ
A1610030,A161003001,2012-07-10,1574.0,2026-05-31T20:30:42Z,16,Donnée validée,10,Expertisée,20,Bonne,7.384986107,48.102530621,HIXnJ
A1610030,A161003001,2012-07-11,1548.0,2026-05-31T20:30:42Z,16,Donnée validée,10,Expertisée,20,Bonne,7.384986107,48.102530621,HIXnJ
A1610030,A161003001,2012-07-12,1468.0,2026-05-31T20:30:42Z,16,Donnée validée,10,Expertisée,20,Bonne,7.384986107,48.102530621,HIXnJ
A1610030,A161003001,2012-07-13,1393.0,2026-05-31T20:30:42Z,16,Donnée validée,10,Expertisée,20,Bonne,7.384986107,48.102530621,HIXnJ
A1610030,A161003001,2012-07-14,1487.0,2026-05-31T20:30:42Z,16,Donnée validée,10,Expertisée,20,Bonne,7.384986107,48.102530621,HIXnJ
A1610030,A161003001,2012-07-15,1482.0,2026-05-31T20:30:42Z,16,Donnée validée,10,Expertisée,20,Bonne,7.384986107,48.102530621,HIXnJ
A1610030,A161003001,2012-07-16,1537.0,2026-05-31T20:30:42Z,16,Donnée validée,10,Expertisée,20,Bonne,7.384986107,48.102530621,HIXnJ
A1610030,A161003001,2012-07-17,1518.0,2026-05-31T20:30:42Z,16,Donnée validée,10,Expertisée,20,Bonne,7.384986107,48.102530621,HIXnJ
A1610030,A161003001,2012-07-18,1449.0,2026-05-31T20:30:42Z,16,Donnée validée,10,Expertisée,20,Bonne,7.384986107,48.102530621,HIXnJ
A1610030,A161003001,2012-07-19,1402.0,2026-05-31T20:30:42Z,16,Donnée validée,10,Expertisée,20,Bonne,7.384986107,48.102530621,HIXnJ
A1610030,A161003001,2012-07-20,1366.0,2026-05-31T20:30:42Z,16,Donnée validée,10,Expertisée,20,Bonne,7.384986107,48.102530621,HIXnJ
A1610030,A161003001,2012-07-21,1379.0,2026-05-31T20:30:42Z,16,Donnée validée,10,Expertisée,20,Bonne,7.384986107,48.102530621,HIXnJ
A1610030,A161003001,2012-07-22,1393.0,2026-05-31T20:30:42Z,16,Donnée validée,10,Expertisée,20,Bonne,7.384986107,48.102530621,HIXnJ
A1610030,A161003001,2012-07-23,1344.0,2026-05-31T20:30:42Z,16,Donnée validée,10,Expertisée,20,Bonne,7.384986107,48.102530621,HIXnJ
A1610030,A161003001,2012-07-24,1293.0,2026-05-31T20:30:42Z,16,Donnée validée,10,Expertisée,20,Bonne,7.384986107,48.102530621,HIXnJ
A1610030,A161003001,2012-07-25,1264.0,2026-05-31T20:30:42Z,16,Donnée validée,10,Expertisée,20,Bonne,7.384986107,48.102530621,HIXnJ
A1610030,A161003001,2012-07-26,1236.0,2026-05-31T20:30:42Z,16,Donnée validée,10,Expertisée,20,Bonne,7.384986107,48.102530621,HIXnJ
A1610030,A161003001,2012-07-27,1216.0,2026-05-31T20:30:42Z,16,Donnée validée,10,Expertisée,20,Bonne,7.384986107,48.102530621,HIXnJ
A1610030,A161003001,2012-07-28,1451.0,2026-05-31T20:30:42Z,16,Donnée validée,10,Expertisée,20,Bonne,7.384986107,48.102530621,HIXnJ
A1610030,A161003001,2012-07-29,1356.0,2026-05-31T20:30:42Z,16,Donnée validée,10,Expertisée,20,Bonne,7.384986107,48.102530621,HIXnJ
A1610030,A161003001,2012-07-30,1322.0,2026-05-31T20:30:42Z,16,Donnée validée,10,Expertisée,20,Bonne,7.384986107,48.102530621,HIXnJ
A1610030,A161003001,2012-07-31,1292.0,2026-05-31T20:30:42Z,16,Donnée validée,10,Expertisée,20,Bonne,7.384986107,48.102530621,HIXnJ
A1610030,A161003001,2012-08-01,1247.0,2026-05-31T20:30:42Z,16,Donnée validée,10,Expertisée,20,Bonne,7.384986107,48.102530621,HIXnJ
A1610030,A161003001,2012-08-02,1239.0,2026-05-31T20:30:42Z,16,Donnée validée,10,Expertisée,20,Bonne,7.384986107,48.102530621,HIXnJ
A1610030,A161003001,2012-08-03,1220.0,2026-05-31T20:30:42Z,16,Donnée validée,10,Expertisée,20,Bonne,7.384986107,48.102530621,HIXnJ
A1610030,A161003001,2012-08-04,1237.0,2026-05-31T20:30:42Z,16,Donnée validée,10,Expertisée,20,Bonne,7.384986107,48.102530621,HIXnJ
A1610030,A161003001,2012-08-05,1442.0,2026-05-31T20:30:42Z,16,Donnée validée,10,Expertisée,20,Bonne,7.384986107,48.102530621,HIXnJ
A1610030,A161003001,2012-08-06,1416.0,2026-05-31T20:30:42Z,16,Donnée validée,10,Expertisée,20,Bonne,7.384986107,48.102530621,HIXnJ
A1610030,A161003001,2012-08-07,1384.0,2026-05-31T20:30:42Z,16,Donnée validée,10,Expertisée,20,Bonne,7.384986107,48.102530621,HIXnJ
A1610030,A161003001,2012-08-08,1288.0,2026-05-31T20:30:42Z,16,Donnée validée,10,Expertisée,20,Bonne,7.384986107,48.102530621,HIXnJ
A1610030,A161003001,2012-08-09,1271.0,2026-05-31T20:30:42Z,16,Donnée validée,10,Expertisée,20,Bonne,7.384986107,48.102530621,HIXnJ
A1610030,A161003001,2012-08-10,1229.0,2026-05-31T20:30:42Z,16,Donnée validée,10,Expertisée,20,Bonne,7.384986107,48.102530621,HIXnJ
A1610030,A161003001,2012-08-11,1229.0,2026-05-31T20:30:42Z,16,Donnée validée,10,Expertisée,20,Bonne,7.384986107,48.102530621,HIXnJ
A1610030,A161003001,2012-08-12,1209.0,2026-05-31T20:30:42Z,16,Donnée validée,10,Expertisée,20,Bonne,7.384986107,48.102530621,HIXnJ
A1610030,A161003001,2012-08-13,1195.0,2026-05-31T20:30:42Z,16,Donnée validée,10,Expertisée,20,Bonne,7.384986107,48.102530621,HIXnJ
A1610030,A161003001,2012-08-14,1181.0,2026-05-31T20:30:42Z,16,Donnée validée,10,Expertisée,20,Bonne,7.384986107,48.102530621,HIXnJ
A1610030,A161003001,2012-08-15,1169.0,2026-05-31T20:30:42Z,16,Donnée validée,10,Expertisée,20,Bonne,7.384986107,48.102530621,HIXnJ
A1610030,A161003001,2012-08-16,1278.0,2026-05-31T20:30:42Z,16,Donnée validée,10,Expertisée,20,Bonne,7.384986107,48.102530621,HIXnJ
A1610030,A161003001,2012-08-17,1278.0,2026-05-31T20:30:42Z,16,Donnée validée,10,Expertisée,20,Bonne,7.384986107,48.102530621,HIXnJ
A1610030,A161003001,2012-08-18,1210.0,2026-05-31T20:30:42Z,16,Donnée validée,10,Expertisée,20,Bonne,7.384986107,48.102530621,HIXnJ
A1610030,A161003001,2012-08-19,1158.0,2026-05-31T20:30:42Z,16,Donnée validée,10,Expertisée,20,Bonne,7.384986107,48.102530621,HIXnJ
A1610030,A161003001,2012-08-20,1145.0,2026-05-31T20:30:42Z,16,Donnée validée,10,Expertisée,20,Bonne,7.384986107,48.102530621,HIXnJ
A1610030,A161003001,2012-08-21,1266.0,2026-05-31T20:30:42Z,16,Donnée validée,10,Expertisée,20,Bonne,7.384986107,48.102530621,HIXnJ
A1610030,A161003001,2012-08-22,1158.0,2026-05-31T20:30:42Z,16,Donnée validée,10,Expertisée,20,Bonne,7.384986107,48.102530621,HIXnJ
A1610030,A161003001,2012-08-23,1142.0,2026-05-31T20:30:42Z,16,Donnée validée,10,Expertisée,20,Bonne,7.384986107,48.102530621,HIXnJ
A1610030,A161003001,2012-08-24,1300.0,2026-05-31T20:30:42Z,16,Donnée validée,10,Expertisée,20,Bonne,7.384986107,48.102530621,HIXnJ
A1610030,A161003001,2012-08-25,1524.0,2026-05-31T20:30:42Z,16,Donnée validée,10,Expertisée,20,Bonne,7.384986107,48.102530621,HIXnJ
A1610030,A161003001,2012-08-26,1371.0,2026-05-31T20:30:42Z,16,Donnée validée,10,Expertisée,20,Bonne,7.384986107,48.102530621,HIXnJ
A1610030,A161003001,2012-08-27,1255.0,2026-05-31T20:30:42Z,16,Donnée validée,10,Expertisée,20,Bonne,7.384986107,48.102530621,HIXnJ
A1610030,A161003001,2012-08-28,1191.0,2026-05-31T20:30:42Z,16,Donnée validée,10,Expertisée,20,Bonne,7.384986107,48.102530621,HIXnJ
A1610030,A161003001,2012-08-29,1190.0,2026-05-31T20:30:42Z,16,Donnée validée,10,Expertisée,20,Bonne,7.384986107,48.102530621,HIXnJ
A1610030,A161003001,2012-08-30,1273.0,2026-05-31T20:30:42Z,16,Donnée validée,10,Expertisée,20,Bonne,7.384986107,48.102530621,HIXnJ
A1610030,A161003001,2012-08-31,1243.0,2026-05-31T20:30:42Z,16,Donnée validée,10,Expertisée,20,Bonne,7.384986107,48.102530621,HIXnJ
A1610030,A161003001,2012-09-01,1241.0,2026-05-31T20:30:42Z,16,Donnée validée,10,Expertisée,20,Bonne,7.384986107,48.102530621,HIXnJ
A1610030,A161003001,2012-09-02,1323.0,2026-05-31T20:30:42Z,16,Donnée validée,10,Expertisée,20,Bonne,7.384986107,48.102530621,HIXnJ
A1610030,A161003001,2012-09-03,1316.0,2026-05-31T20:30:42Z,16,Donnée validée,10,Expertisée,20,Bonne,7.384986107,48.102530621,HIXnJ
A1610030,A161003001,2012-09-04,1236.0,2026-05-31T20:30:42Z,16,Donnée validée,10,Expertisée,20,Bonne,7.384986107,48.102530621,HIXnJ
A1610030,A161003001,2012-09-05,1202.0,2026-05-31T20:30:42Z,16,Donnée validée,10,Expertisée,20,Bonne,7.384986107,48.102530621,HIXnJ
A1610030,A161003001,2012-09-06,1185.0,2026-05-31T20:30:42Z,16,Donnée validée,10,Expertisée,20,Bonne,7.384986107,48.102530621,HIXnJ
A1610030,A161003001,2012-09-07,1167.0,2026-05-31T20:30:42Z,16,Donnée validée,10,Expertisée,20,Bonne,7.384986107,48.102530621,HIXnJ
A1610030,A161003001,2012-09-08,1160.0,2026-05-31T20:30:42Z,16,Donnée validée,10,Expertisée,20,Bonne,7.384986107,48.102530621,HIXnJ
A1610030,A161003001,2012-09-09,1163.0,2026-05-31T20:30:42Z,16,Donnée validée,10,Expertisée,20,Bonne,7.384986107,48.102530621,HIXnJ
A1610030,A161003001,2012-09-10,1161.0,2026-05-31T20:30:42Z,16,Donnée validée,10,Expertisée,20,Bonne,7.384986107,48.102530621,HIXnJ
A1610030,A161003001,2012-09-11,1219.0,2026-05-31T20:30:42Z,16,Donnée validée,10,Expertisée,20,Bonne,7.384986107,48.102530621,HIXnJ
A1610030,A161003001,2012-09-12,1397.0,2026-05-31T20:30:42Z,16,Donnée validée,10,Expertisée,20,Bonne,7.384986107,48.102530621,HIXnJ
A1610030,A161003001,2012-09-13,1403.0,2026-05-31T20:30:42Z,16,Donnée validée,10,Expertisée,20,Bonne,7.384986107,48.102530621,HIXnJ
A1610030,A161003001,2012-09-14,1291.0,2026-05-31T20:30:42Z,16,Donnée validée,10,Expertisée,20,Bonne,7.384986107,48.102530621,HIXnJ
A1610030,A161003001,2012-09-15,1229.0,2026-05-31T20:30:42Z,16,Donnée validée,10,Expertisée,20,Bonne,7.384986107,48.102530621,HIXnJ
A1610030,A161003001,2012-09-16,1206.0,2026-05-31T20:30:42Z,16,Donnée validée,10,Expertisée,20,Bonne,7.384986107,48.102530621,HIXnJ
A1610030,A161003001,2012-09-17,1195.0,2026-05-31T20:30:42Z,16,Donnée validée,10,Expertisée,20,Bonne,7.384986107,48.102530621,HIXnJ
A1610030,A161003001,2012-09-18,1251.0,2026-05-31T20:30:42Z,16,Donnée validée,10,Expertisée,20,Bonne,7.384986107,48.102530621,HIXnJ
A1610030,A161003001,2012-09-19,1260.0,2026-05-31T20:30:42Z,16,Donnée validée,10,Expertisée,20,Bonne,7.384986107,48.102530621,HIXnJ
A1610030,A161003001,2012-09-20,1205.0,2026-05-31T20:30:42Z,16,Donnée validée,10,Expertisée,20,Bonne,7.384986107,48.102530621,HIXnJ
A1610030,A161003001,2012-09-21,1287.0,2026-05-31T20:30:42Z,16,Donnée validée,10,Expertisée,20,Bonne,7.384986107,48.102530621,HIXnJ
A1610030,A161003001,2012-09-22,1270.0,2026-05-31T20:30:42Z,16,Donnée validée,10,Expertisée,20,Bonne,7.384986107,48.102530621,HIXnJ
A1610030,A161003001,2012-09-23,1318.0,2026-05-31T20:30:42Z,16,Donnée validée,10,Expertisée,20,Bonne,7.384986107,48.102530621,HIXnJ
A1610030,A161003001,2012-09-24,1287.0,2026-05-31T20:30:42Z,16,Donnée validée,10,Expertisée,20,Bonne,7.384986107,48.102530621,HIXnJ
A1610030,A161003001,2012-09-25,1276.0,2026-05-31T20:30:42Z,16,Donnée validée,10,Expertisée,20,Bonne,7.384986107,48.102530621,HIXnJ
A1610030,A161003001,2012-09-26,1303.0,2026-05-31T20:30:42Z,16,Donnée validée,10,Expertisée,20,Bonne,7.384986107,48.102530621,HIXnJ
A1610030,A161003001,2012-09-27,1332.0,2026-05-31T20:30:42Z,16,Donnée validée,10,Expertisée,20,Bonne,7.384986107,48.102530621,HIXnJ
A1610030,A161003001,2012-09-28,1351.0,2026-05-31T20:30:42Z,16,Donnée validée,10,Expertisée,20,Bonne,7.384986107,48.102530621,HIXnJ
A1610030,A161003001,2012-09-29,1292.0,2026-05-31T20:30:42Z,16,Donnée validée,10,Expertisée,20,Bonne,7.384986107,48.102530621,HIXnJ
A1610030,A161003001,2012-09-30,1250.0,2026-05-31T20:30:42Z,16,Donnée validée,10,Expertisée,20,Bonne,7.384986107,48.102530621,HIXnJ
A1610030,A161003001,2012-10-01,1231.0,2026-05-31T20:30:42Z,16,Donnée validée,10,Expertisée,20,Bonne,7.384986107,48.102530621,HIXnJ
A1610030,A161003001,2012-10-02,1218.0,2026-05-31T20:30:42Z,16,Donnée validée,10,Expertisée,20,Bonne,7.384986107,48.102530621,HIXnJ
A1610030,A161003001,2012-10-03,1201.0,2026-05-31T20:30:42Z,16,Donnée validée,10,Expertisée,20,Bonne,7.384986107,48.102530621,HIXnJ
A1610030,A161003001,2012-10-04,1189.0,2026-05-31T20:30:42Z,16,Donnée validée,10,Expertisée,20,Bonne,7.384986107,48.102530621,HIXnJ
A1610030,A161003001,2012-10-05,1185.0,2026-05-31T20:30:42Z,16,Donnée validée,10,Expertisée,20,Bonne,7.384986107,48.102530621,HIXnJ
A1610030,A161003001,2012-10-06,1179.0,2026-05-31T20:30:42Z,16,Donnée validée,10,Expertisée,20,Bonne,7.384986107,48.102530621,HIXnJ
A1610030,A161003001,2012-10-07,1213.0,2026-05-31T20:30:42Z,16,Donnée validée,10,Expertisée,20,Bonne,7.384986107,48.102530621,HIXnJ
A1610030,A161003001,2012-10-08,1217.0,2026-05-31T20:30:42Z,16,Donnée validée,10,Expertisée,20,Bonne,7.384986107,48.102530621,HIXnJ
A1610030,A161003001,2012-10-09,1413.0,2026-05-31T20:30:42Z,16,Donnée validée,10,Expertisée,20,Bonne,7.384986107,48.102530621,HIXnJ
A1610030,A161003001,2012-10-10,1962.0,2026-05-31T20:30:42Z,16,Donnée validée,10,Expertisée,20,Bonne,7.384986107,48.102530621,HIXnJ
A1610030,A161003001,2012-10-11,2221.0,2026-05-31T20:30:42Z,16,Donnée validée,10,Expertisée,20,Bonne,7.384986107,48.102530621,HIXnJ
A1610030,A161003001,2012-10-12,1875.0,2026-05-31T20:30:42Z,16,Donnée validée,10,Expertisée,20,Bonne,7.384986107,48.102530621,HIXnJ
A1610030,A161003001,2012-10-13,1635.0,2026-05-31T20:30:42Z,16,Donnée validée,10,Expertisée,20,Bonne,7.384986107,48.102530621,HIXnJ
A1610030,A161003001,2012-10-14,1532.0,2026-05-31T20:30:42Z,16,Donnée validée,10,Expertisée,20,Bonne,7.384986107,48.102530621,HIXnJ
A1610030,A161003001,2012-10-15,1510.0,2026-05-31T20:30:42Z,16,Donnée validée,10,Expertisée,20,Bonne,7.384986107,48.102530621,HIXnJ
A1610030,A161003001,2012-10-16,1495.0,2026-05-31T20:30:42Z,16,Donnée validée,10,Expertisée,20,Bonne,7.384986107,48.102530621,HIXnJ
A1610030,A161003001,2012-10-17,1424.0,2026-05-31T20:30:42Z,16,Donnée validée,10,Expertisée,20,Bonne,7.384986107,48.102530621,HIXnJ
A1610030,A161003001,2012-10-18,1377.0,2026-05-31T20:30:42Z,16,Donnée validée,10,Expertisée,20,Bonne,7.384986107,48.102530621,HIXnJ
A1610030,A161003001,2012-10-19,1342.0,2026-05-31T20:30:42Z,16,Donnée validée,10,Expertisée,20,Bonne,7.384986107,48.102530621,HIXnJ
A1610030,A161003001,2012-10-20,1295.0,2026-05-31T20:30:42Z,16,Donnée validée,10,Expertisée,20,Bonne,7.384986107,48.102530621,HIXnJ
A1610030,A161003001,2012-10-21,1288.0,2026-05-31T20:30:42Z,16,Donnée validée,10,Expertisée,20,Bonne,7.384986107,48.102530621,HIXnJ
A1610030,A161003001,2012-10-22,1259.0,2026-05-31T20:30:42Z,16,Donnée validée,10,Expertisée,20,Bonne,7.384986107,48.102530621,HIXnJ
A1610030,A161003001,2012-10-23,1250.0,2026-05-31T20:30:42Z,16,Donnée validée,10,Expertisée,20,Bonne,7.384986107,48.102530621,HIXnJ
A1610030,A161003001,2012-10-24,1269.0,2026-05-31T20:30:42Z,16,Donnée validée,10,Expertisée,20,Bonne,7.384986107,48.102530621,HIXnJ
A1610030,A161003001,2012-10-25,1233.0,2026-05-31T20:30:42Z,16,Donnée validée,10,Expertisée,20,Bonne,7.384986107,48.102530621,HIXnJ
A1610030,A161003001,2012-10-26,1229.0,2026-05-31T20:30:42Z,16,Donnée validée,10,Expertisée,20,Bonne,7.384986107,48.102530621,HIXnJ
A1610030,A161003001,2012-10-27,1765.0,2026-05-31T20:30:42Z,16,Donnée validée,10,Expertisée,20,Bonne,7.384986107,48.102530621,HIXnJ
A1610030,A161003001,2012-10-28,1846.0,2026-05-31T20:30:42Z,16,Donnée validée,10,Expertisée,20,Bonne,7.384986107,48.102530621,HIXnJ
A1610030,A161003001,2012-10-29,1620.0,2026-05-31T20:30:42Z,16,Donnée validée,10,Expertisée,20,Bonne,7.384986107,48.102530621,HIXnJ
A1610030,A161003001,2012-10-30,1436.0,2026-05-31T20:30:42Z,16,Donnée validée,10,Expertisée,20,Bonne,7.384986107,48.102530621,HIXnJ
A1610030,A161003001,2012-10-31,1378.0,2026-05-31T20:30:42Z,16,Donnée validée,10,Expertisée,20,Bonne,7.384986107,48.102530621,HIXnJ
A1610030,A161003001,2012-11-01,1343.0,2026-05-31T20:30:42Z,16,Donnée validée,10,Expertisée,20,Bonne,7.384986107,48.102530621,HIXnJ
A1610030,A161003001,2012-11-02,1359.0,2026-05-31T20:30:42Z,16,Donnée validée,10,Expertisée,20,Bonne,7.384986107,48.102530621,HIXnJ
A1610030,A161003001,2012-11-03,1845.0,2026-05-31T20:30:42Z,16,Donnée validée,10,Expertisée,20,Bonne,7.384986107,48.102530621,HIXnJ
A1610030,A161003001,2012-11-04,1951.0,2026-05-31T20:30:42Z,16,Donnée validée,10,Expertisée,20,Bonne,7.384986107,48.102530621,HIXnJ
A1610030,A161003001,2012-11-05,2484.0,2026-05-31T20:30:42Z,16,Donnée validée,10,Expertisée,20,Bonne,7.384986107,48.102530621,HIXnJ
A1610030,A161003001,2012-11-06,2493.0,2026-05-31T20:30:42Z,16,Donnée validée,10,Expertisée,20,Bonne,7.384986107,48.102530621,HIXnJ
A1610030,A161003001,2012-11-07,2391.0,2026-05-31T20:30:42Z,16,Donnée validée,10,Expertisée,20,Bonne,7.384986107,48.102530621,HIXnJ
A1610030,A161003001,2012-11-08,1977.0,2026-05-31T20:30:42Z,16,Donnée validée,10,Expertisée,20,Bonne,7.384986107,48.102530621,HIXnJ
A1610030,A161003001,2012-11-09,1764.0,2026-05-31T20:30:42Z,16,Donnée validée,10,Expertisée,20,Bonne,7.384986107,48.102530621,HIXnJ
A1610030,A161003001,2012-11-10,2052.0,2026-05-31T20:30:42Z,16,Donnée validée,10,Expertisée,20,Bonne,7.384986107,48.102530621,HIXnJ
A1610030,A161003001,2012-11-11,2642.0,2026-05-31T20:30:42Z,16,Donnée validée,10,Expertisée,20,Bonne,7.384986107,48.102530621,HIXnJ
A1610030,A161003001,2012-11-12,2612.0,2026-05-31T20:30:42Z,16,Donnée validée,10,Expertisée,20,Bonne,7.384986107,48.102530621,HIXnJ
A1610030,A161003001,2012-11-13,2214.0,2026-05-31T20:30:42Z,16,Donnée validée,10,Expertisée,20,Bonne,7.384986107,48.102530621,HIXnJ
A1610030,A161003001,2012-11-14,1850.0,2026-05-31T20:30:42Z,16,Donnée validée,10,Expertisée,20,Bonne,7.384986107,48.102530621,HIXnJ
A1610030,A161003001,2012-11-15,1700.0,2026-05-31T20:30:42Z,16,Donnée validée,10,Expertisée,20,Bonne,7.384986107,48.102530621,HIXnJ
A1610030,A161003001,2012-11-16,1579.0,2026-05-31T20:30:42Z,16,Donnée validée,10,Expertisée,20,Bonne,7.384986107,48.102530621,HIXnJ
A1610030,A161003001,2012-11-17,1521.0,2026-05-31T20:30:42Z,16,Donnée validée,10,Expertisée,20,Bonne,7.384986107,48.102530621,HIXnJ
A1610030,A161003001,2012-11-18,1476.0,2026-05-31T20:30:42Z,16,Donnée validée,10,Expertisée,20,Bonne,7.384986107,48.102530621,HIXnJ
A1610030,A161003001,2012-11-19,1475.0,2026-05-31T20:30:42Z,16,Donnée validée,10,Expertisée,20,Bonne,7.384986107,48.102530621,HIXnJ
A1610030,A161003001,2012-11-20,1457.0,2026-05-31T20:30:42Z,16,Donnée validée,10,Expertisée,20,Bonne,7.384986107,48.102530621,HIXnJ
A1610030,A161003001,2012-11-21,1430.0,2026-05-31T20:30:42Z,16,Donnée validée,10,Expertisée,20,Bonne,7.384986107,48.102530621,HIXnJ
A1610030,A161003001,2012-11-22,1408.0,2026-05-31T20:30:42Z,16,Donnée validée,10,Expertisée,20,Bonne,7.384986107,48.102530621,HIXnJ
A1610030,A161003001,2012-11-23,1388.0,2026-05-31T20:30:42Z,16,Donnée validée,10,Expertisée,20,Bonne,7.384986107,48.102530621,HIXnJ
A1610030,A161003001,2012-11-24,1375.0,2026-05-31T20:30:42Z,16,Donnée validée,10,Expertisée,20,Bonne,7.384986107,48.102530621,HIXnJ
A1610030,A161003001,2012-11-25,1366.0,2026-05-31T20:30:42Z,16,Donnée validée,10,Expertisée,20,Bonne,7.384986107,48.102530621,HIXnJ
A1610030,A161003001,2012-11-26,1898.0,2026-05-31T20:30:42Z,16,Donnée validée,10,Expertisée,20,Bonne,7.384986107,48.102530621,HIXnJ
A1610030,A161003001,2012-11-27,2482.0,2026-05-31T20:30:42Z,16,Donnée validée,10,Expertisée,20,Bonne,7.384986107,48.102530621,HIXnJ
A1610030,A161003001,2012-11-28,2670.0,2026-05-31T20:30:42Z,16,Donnée validée,10,Expertisée,20,Bonne,7.384986107,48.102530621,HIXnJ
A1610030,A161003001,2012-11-29,3124.0,2026-05-31T20:30:42Z,16,Donnée validée,10,Expertisée,20,Bonne,7.384986107,48.102530621,HIXnJ
A1610030,A161003001,2012-11-30,3209.0,2026-05-31T20:30:42Z,16,Donnée validée,10,Expertisée,20,Bonne,7.384986107,48.102530621,HIXnJ
A1610030,A161003001,2012-12-01,2472.0,2026-05-31T20:30:42Z,16,Donnée validée,10,Expertisée,20,Bonne,7.384986107,48.102530621,HIXnJ
A1610030,A161003001,2012-12-02,1959.0,2026-05-31T20:30:42Z,16,Donnée validée,10,Expertisée,20,Bonne,7.384986107,48.102530621,HIXnJ
A1610030,A161003001,2012-12-03,1755.0,2026-05-31T20:30:42Z,16,Donnée validée,10,Expertisée,20,Bonne,7.384986107,48.102530621,HIXnJ
A1610030,A161003001,2012-12-04,2246.0,2026-05-31T20:30:42Z,16,Donnée validée,10,Expertisée,20,Bonne,7.384986107,48.102530621,HIXnJ
A1610030,A161003001,2012-12-05,2294.0,2026-05-31T20:30:42Z,16,Donnée validée,10,Expertisée,20,Bonne,7.384986107,48.102530621,HIXnJ
A1610030,A161003001,2012-12-06,2132.0,2026-05-31T20:30:42Z,16,Donnée validée,10,Expertisée,20,Bonne,7.384986107,48.102530621,HIXnJ
A1610030,A161003001,2012-12-07,1961.0,2026-05-31T20:30:42Z,16,Donnée validée,10,Expertisée,20,Bonne,7.384986107,48.102530621,HIXnJ
A1610030,A161003001,2012-12-08,1808.0,2026-05-31T20:30:42Z,16,Donnée validée,10,Expertisée,20,Bonne,7.384986107,48.102530621,HIXnJ
A1610030,A161003001,2012-12-09,1711.0,2026-05-31T20:30:42Z,16,Donnée validée,10,Expertisée,20,Bonne,7.384986107,48.102530621,HIXnJ
A1610030,A161003001,2012-12-10,1711.0,2026-05-31T20:30:42Z,16,Donnée validée,10,Expertisée,20,Bonne,7.384986107,48.102530621,HIXnJ
A1610030,A161003001,2012-12-11,1775.0,2026-05-31T20:30:42Z,16,Donnée validée,10,Expertisée,20,Bonne,7.384986107,48.102530621,HIXnJ
A1610030,A161003001,2012-12-12,1694.0,2026-05-31T20:30:42Z,16,Donnée validée,10,Expertisée,20,Bonne,7.384986107,48.102530621,HIXnJ
A1610030,A161003001,2012-12-13,1616.0,2026-05-31T20:30:42Z,16,Donnée validée,10,Expertisée,20,Bonne,7.384986107,48.102530621,HIXnJ
A1610030,A161003001,2012-12-14,1806.0,2026-05-31T20:30:42Z,16,Donnée validée,10,Expertisée,20,Bonne,7.384986107,48.102530621,HIXnJ
A1610030,A161003001,2012-12-15,3505.0,2026-05-31T20:30:42Z,16,Donnée validée,10,Expertisée,20,Bonne,7.384986107,48.102530621,HIXnJ
A1610030,A161003001,2012-12-16,4050.0,2026-05-31T20:30:42Z,16,Donnée validée,10,Expertisée,20,Bonne,7.384986107,48.102530621,HIXnJ
A1610030,A161003001,2012-12-17,3871.0,2026-05-31T20:30:42Z,16,Donnée validée,10,Expertisée,20,Bonne,7.384986107,48.102530621,HIXnJ
A1610030,A161003001,2012-12-18,3842.0,2026-05-31T20:30:42Z,16,Donnée validée,10,Expertisée,20,Bonne,7.384986107,48.102530621,HIXnJ
A1610030,A161003001,2012-12-19,3713.0,2026-05-31T20:30:42Z,16,Donnée validée,10,Expertisée,20,Bonne,7.384986107,48.102530621,HIXnJ
A1610030,A161003001,2012-12-20,3176.0,2026-05-31T20:30:42Z,16,Donnée validée,10,Expertisée,20,Bonne,7.384986107,48.102530621,HIXnJ
A1610030,A161003001,2012-12-21,2867.0,2026-05-31T20:30:42Z,16,Donnée validée,10,Expertisée,20,Bonne,7.384986107,48.102530621,HIXnJ
A1610030,A161003001,2012-12-22,2798.0,2026-05-31T20:30:42Z,16,Donnée validée,10,Expertisée,20,Bonne,7.384986107,48.102530621,HIXnJ
A1610030,A161003001,2012-12-23,3103.0,2026-05-31T20:30:42Z,16,Donnée validée,10,Expertisée,20,Bonne,7.384986107,48.102530621,HIXnJ
A1610030,A161003001,2012-12-24,3147.0,2026-05-31T20:30:42Z,16,Donnée validée,10,Expertisée,20,Bonne,7.384986107,48.102530621,HIXnJ
A1610030,A161003001,2012-12-25,2741.0,2026-05-31T20:30:42Z,16,Donnée validée,10,Expertisée,20,Bonne,7.384986107,48.102530621,HIXnJ
A1610030,A161003001,2012-12-26,2934.0,2026-05-31T20:30:42Z,16,Donnée validée,10,Expertisée,20,Bonne,7.384986107,48.102530621,HIXnJ
A1610030,A161003001,2012-12-27,3411.0,2026-05-31T20:30:42Z,16,Donnée validée,10,Expertisée,20,Bonne,7.384986107,48.102530621,HIXnJ
A1610030,A161003001,2012-12-28,3829.0,2026-05-31T20:30:42Z,16,Donnée validée,10,Expertisée,20,Bonne,7.384986107,48.102530621,HIXnJ
A1610030,A161003001,2012-12-29,3725.0,2026-05-31T20:30:42Z,16,Donnée validée,10,Expertisée,20,Bonne,7.384986107,48.102530621,HIXnJ
A1610030,A161003001,2012-12-30,3048.0,2026-05-31T20:30:42Z,16,Donnée validée,10,Expertisée,20,Bonne,7.384986107,48.102530621,HIXnJ
A1610030,A161003001,2012-12-31,2516.0,2026-05-31T20:30:42Z,16,Donnée validée,10,Expertisée,20,Bonne,7.384986107,48.102530621,HIXnJ
A1610030,A161003001,2013-01-01,2237.0,2026-05-31T20:30:42Z,16,Donnée validée,10,Expertisée,20,Bonne,7.384986107,48.102530621,HIXnJ
A1610030,A161003001,2013-01-02,2248.0,2026-05-31T20:30:42Z,16,Donnée validée,10,Expertisée,20,Bonne,7.384986107,48.102530621,HIXnJ
A1610030,A161003001,2013-01-03,2149.0,2026-05-31T20:30:42Z,16,Donnée validée,10,Expertisée,20,Bonne,7.384986107,48.102530621,HIXnJ
A1610030,A161003001,2013-01-04,2010.0,2026-05-31T20:30:42Z,16,Donnée validée,10,Expertisée,20,Bonne,7.384986107,48.102530621,HIXnJ
A1610030,A161003001,2013-01-05,1926.0,2026-05-31T20:30:42Z,16,Donnée validée,10,Expertisée,20,Bonne,7.384986107,48.102530621,HIXnJ
A1610030,A161003001,2013-01-06,1849.0,2026-05-31T20:30:42Z,16,Donnée validée,10,Expertisée,20,Bonne,7.384986107,48.102530621,HIXnJ
A1610030,A161003001,2013-01-07,1783.0,2026-05-31T20:30:42Z,16,Donnée validée,10,Expertisée,20,Bonne,7.384986107,48.102530621,HIXnJ
A1610030,A161003001,2013-01-08,1720.0,2026-05-31T20:30:42Z,16,Donnée validée,10,Expertisée,20,Bonne,7.384986107,48.102530621,HIXnJ
A1610030,A161003001,2013-01-09,1674.0,2026-05-31T20:30:42Z,16,Donnée validée,10,Expertisée,20,Bonne,7.384986107,48.102530621,HIXnJ
A1610030,A161003001,2013-01-10,1639.0,2026-05-31T20:30:42Z,16,Donnée validée,10,Expertisée,20,Bonne,7.384986107,48.102530621,HIXnJ
A1610030,A161003001,2013-01-11,1848.0,2026-05-31T20:30:42Z,16,Donnée validée,10,Expertisée,20,Bonne,7.384986107,48.102530621,HIXnJ
A1610030,A161003001,2013-01-12,1895.0,2026-05-31T20:30:42Z,16,Donnée validée,10,Expertisée,20,Bonne,7.384986107,48.102530621,HIXnJ
A1610030,A161003001,2013-01-13,1723.0,2026-05-31T20:30:42Z,16,Donnée validée,10,Expertisée,20,Bonne,7.384986107,48.102530621,HIXnJ
A1610030,A161003001,2013-01-14,1637.0,2026-05-31T20:30:42Z,16,Donnée validée,10,Expertisée,20,Bonne,7.384986107,48.102530621,HIXnJ
A1610030,A161003001,2013-01-15,1604.0,2026-05-31T20:30:42Z,16,Donnée validée,10,Expertisée,20,Bonne,7.384986107,48.102530621,HIXnJ
A1610030,A161003001,2013-01-16,1578.0,2026-05-31T20:30:42Z,16,Donnée validée,10,Expertisée,20,Bonne,7.384986107,48.102530621,HIXnJ
A1610030,A161003001,2013-01-17,1547.0,2026-05-31T20:30:42Z,16,Donnée validée,10,Expertisée,20,Bonne,7.384986107,48.102530621,HIXnJ
A1610030,A161003001,2013-01-18,1514.0,2026-05-31T20:30:42Z,16,Donnée validée,10,Expertisée,20,Bonne,7.384986107,48.102530621,HIXnJ
A1610030,A161003001,2013-01-19,1511.0,2026-05-31T20:30:42Z,16,Donnée validée,10,Expertisée,20,Bonne,7.384986107,48.102530621,HIXnJ
A1610030,A161003001,2013-01-20,1566.0,2026-05-31T20:30:42Z,16,Donnée validée,10,Expertisée,20,Bonne,7.384986107,48.102530621,HIXnJ
A1610030,A161003001,2013-01-21,1563.0,2026-05-31T20:30:42Z,16,Donnée validée,10,Expertisée,20,Bonne,7.384986107,48.102530621,HIXnJ
A1610030,A161003001,2013-01-22,1542.0,2026-05-31T20:30:42Z,16,Donnée validée,10,Expertisée,20,Bonne,7.384986107,48.102530621,HIXnJ
A1610030,A161003001,2013-01-23,1545.0,2026-05-31T20:30:42Z,16,Donnée validée,10,Expertisée,20,Bonne,7.384986107,48.102530621,HIXnJ
A1610030,A161003001,2013-01-24,1518.0,2026-05-31T20:30:42Z,16,Donnée validée,10,Expertisée,20,Bonne,7.384986107,48.102530621,HIXnJ
A1610030,A161003001,2013-01-25,1549.0,2026-05-31T20:30:42Z,16,Donnée validée,10,Expertisée,20,Bonne,7.384986107,48.102530621,HIXnJ
A1610030,A161003001,2013-01-26,1459.0,2026-05-31T20:30:42Z,16,Donnée validée,10,Expertisée,20,Bonne,7.384986107,48.102530621,HIXnJ
A1610030,A161003001,2013-01-27,1446.0,2026-05-31T20:30:42Z,16,Donnée validée,10,Expertisée,20,Bonne,7.384986107,48.102530621,HIXnJ
A1610030,A161003001,2013-01-28,1576.0,2026-05-31T20:30:42Z,16,Donnée validée,10,Expertisée,20,Bonne,7.384986107,48.102530621,HIXnJ
A1610030,A161003001,2013-01-29,1882.0,2026-05-31T20:30:42Z,16,Donnée validée,10,Expertisée,20,Bonne,7.384986107,48.102530621,HIXnJ
A1610030,A161003001,2013-01-30,2620.0,2026-05-31T20:30:42Z,16,Donnée validée,10,Expertisée,20,Bonne,7.384986107,48.102530621,HIXnJ
A1610030,A161003001,2013-01-31,3205.0,2026-05-31T20:30:42Z,16,Donnée validée,10,Expertisée,20,Bonne,7.384986107,48.102530621,HIXnJ
A1610030,A161003001,2013-02-01,2985.0,2026-05-31T20:30:42Z,16,Donnée validée,10,Expertisée,20,Bonne,7.384986107,48.102530621,HIXnJ
A1610030,A161003001,2013-02-02,4012.0,2026-05-31T20:30:42Z,16,Donnée validée,10,Expertisée,20,Bonne,7.384986107,48.102530621,HIXnJ
A1610030,A161003001,2013-02-03,4128.0,2026-05-31T20:30:42Z,16,Donnée validée,10,Expertisée,20,Bonne,7.384986107,48.102530621,HIXnJ
A1610030,A161003001,2013-02-04,3190.0,2026-05-31T20:30:42Z,16,Donnée validée,10,Expertisée,20,Bonne,7.384986107,48.102530621,HIXnJ
A1610030,A161003001,2013-02-05,2952.0,2026-05-31T20:30:42Z,16,Donnée validée,10,Expertisée,20,Bonne,7.384986107,48.102530621,HIXnJ
A1610030,A161003001,2013-02-06,2990.0,2026-05-31T20:30:42Z,16,Donnée validée,10,Expertisée,20,Bonne,7.384986107,48.102530621,HIXnJ
A1610030,A161003001,2013-02-07,2863.0,2026-05-31T20:30:42Z,16,Donnée validée,10,Expertisée,20,Bonne,7.384986107,48.102530621,HIXnJ
A1610030,A161003001,2013-02-08,2512.0,2026-05-31T20:30:42Z,16,Donnée validée,10,Expertisée,20,Bonne,7.384986107,48.102530621,HIXnJ
A1610030,A161003001,2013-02-09,2252.0,2026-05-31T20:30:42Z,16,Donnée validée,10,Expertisée,20,Bonne,7.384986107,48.102530621,HIXnJ
A1610030,A161003001,2013-02-10,2077.0,2026-05-31T20:30:42Z,16,Donnée validée,10,Expertisée,20,Bonne,7.384986107,48.102530621,HIXnJ
A1610030,A161003001,2013-02-11,1930.0,2026-05-31T20:30:42Z,16,Donnée validée,10,Expertisée,20,Bonne,7.384986107,48.102530621,HIXnJ
A1610030,A161003001,2013-02-12,1852.0,2026-05-31T20:30:42Z,16,Donnée validée,10,Expertisée,20,Bonne,7.384986107,48.102530621,HIXnJ
A1610030,A161003001,2013-02-13,1751.0,2026-05-31T20:30:42Z,16,Donnée validée,10,Expertisée,20,Bonne,7.384986107,48.102530621,HIXnJ
A1610030,A161003001,2013-02-14,1661.0,2026-05-31T20:30:42Z,16,Donnée validée,10,Expertisée,20,Bonne,7.384986107,48.102530621,HIXnJ
A1610030,A161003001,2013-02-15,1608.0,2026-05-31T20:30:42Z,16,Donnée validée,10,Expertisée,20,Bonne,7.384986107,48.102530621,HIXnJ
A1610030,A161003001,2013-02-16,1653.0,2026-05-31T20:30:42Z,16,Donnée validée,10,Expertisée,20,Bonne,7.384986107,48.102530621,HIXnJ
A1610030,A161003001,2013-02-17,1838.0,2026-05-31T20:30:42Z,16,Donnée validée,10,Expertisée,20,Bonne,7.384986107,48.102530621,HIXnJ
A1610030,A161003001,2013-02-18,1734.0,2026-05-31T20:30:42Z,16,Donnée validée,10,Expertisée,20,Bonne,7.384986107,48.102530621,HIXnJ
A1610030,A161003001,2013-02-19,1680.0,2026-05-31T20:30:42Z,16,Donnée validée,10,Expertisée,20,Bonne,7.384986107,48.102530621,HIXnJ
A1610030,A161003001,2013-02-20,1668.0,2026-05-31T20:30:42Z,16,Donnée validée,10,Expertisée,20,Bonne,7.384986107,48.102530621,HIXnJ
A1610030,A161003001,2013-02-21,1854.0,2026-05-31T20:30:42Z,16,Donnée validée,10,Expertisée,20,Bonne,7.384986107,48.102530621,HIXnJ
A1610030,A161003001,2013-02-22,1587.0,2026-05-31T20:30:42Z,16,Donnée validée,10,Expertisée,20,Bonne,7.384986107,48.102530621,HIXnJ
A1610030,A161003001,2013-02-23,1547.0,2026-05-31T20:30:42Z,16,Donnée validée,10,Expertisée,20,Bonne,7.384986107,48.102530621,HIXnJ
A1610030,A161003001,2013-02-24,1509.0,2026-05-31T20:30:42Z,16,Donnée validée,10,Expertisée,20,Bonne,7.384986107,48.102530621,HIXnJ
A1610030,A161003001,2013-02-25,1474.0,2026-05-31T20:30:42Z,16,Donnée validée,10,Expertisée,20,Bonne,7.384986107,48.102530621,HIXnJ
A1610030,A161003001,2013-02-26,1455.0,2026-05-31T20:30:42Z,16,Donnée validée,10,Expertisée,20,Bonne,7.384986107,48.102530621,HIXnJ
A1610030,A161003001,2013-02-27,1434.0,2026-05-31T20:30:42Z,16,Donnée validée,10,Expertisée,20,Bonne,7.384986107,48.102530621,HIXnJ
A1610030,A161003001,2013-02-28,1429.0,2026-05-31T20:30:42Z,16,Donnée validée,10,Expertisée,20,Bonne,7.384986107,48.102530621,HIXnJ
A1610030,A161003001,2013-03-01,1431.0,2026-05-31T20:30:42Z,16,Donnée validée,10,Expertisée,20,Bonne,7.384986107,48.102530621,HIXnJ
A1610030,A161003001,2013-03-02,1423.0,2026-05-31T20:30:42Z,16,Donnée validée,10,Expertisée,20,Bonne,7.384986107,48.102530621,HIXnJ
A1610030,A161003001,2013-03-03,1415.0,2026-05-31T20:30:42Z,16,Donnée validée,10,Expertisée,20,Bonne,7.384986107,48.102530621,HIXnJ
A1610030,A161003001,2013-03-04,1403.0,2026-05-31T20:30:42Z,16,Donnée validée,10,Expertisée,20,Bonne,7.384986107,48.102530621,HIXnJ
A1610030,A161003001,2013-03-05,1401.0,2026-05-31T20:30:42Z,16,Donnée validée,10,Expertisée,20,Bonne,7.384986107,48.102530621,HIXnJ
A1610030,A161003001,2013-03-06,1407.0,2026-05-31T20:30:42Z,16,Donnée validée,10,Expertisée,20,Bonne,7.384986107,48.102530621,HIXnJ
A1610030,A161003001,2013-03-07,1441.0,2026-05-31T20:30:42Z,16,Donnée validée,10,Expertisée,20,Bonne,7.384986107,48.102530621,HIXnJ
A1610030,A161003001,2013-03-08,1471.0,2026-05-31T20:30:42Z,16,Donnée validée,10,Expertisée,20,Bonne,7.384986107,48.102530621,HIXnJ
A1610030,A161003001,2013-03-09,1526.0,2026-05-31T20:30:42Z,16,Donnée validée,10,Expertisée,20,Bonne,7.384986107,48.102530621,HIXnJ
A1610030,A161003001,2013-03-10,1555.0,2026-05-31T20:30:42Z,16,Donnée validée,10,Expertisée,20,Bonne,7.384986107,48.102530621,HIXnJ
A1610030,A161003001,2013-03-11,1563.0,2026-05-31T20:30:42Z,16,Donnée validée,10,Expertisée,20,Bonne,7.384986107,48.102530621,HIXnJ
A1610030,A161003001,2013-03-12,1612.0,2026-05-31T20:30:42Z,16,Donnée validée,10,Expertisée,20,Bonne,7.384986107,48.102530621,HIXnJ
A1610030,A161003001,2013-03-13,1633.0,2026-05-31T20:30:42Z,16,Donnée validée,10,Expertisée,20,Bonne,7.384986107,48.102530621,HIXnJ
A1610030,A161003001,2013-03-14,1600.0,2026-05-31T20:30:42Z,16,Donnée validée,10,Expertisée,20,Bonne,7.384986107,48.102530621,HIXnJ
A1610030,A161003001,2013-03-15,1566.0,2026-05-31T20:30:42Z,16,Donnée validée,10,Expertisée,20,Bonne,7.384986107,48.102530621,HIXnJ
A1610030,A161003001,2013-03-16,1519.0,2026-05-31T20:30:42Z,16,Donnée validée,10,Expertisée,20,Bonne,7.384986107,48.102530621,HIXnJ
A1610030,A161003001,2013-03-17,1608.0,2026-05-31T20:30:42Z,16,Donnée validée,10,Expertisée,20,Bonne,7.384986107,48.102530621,HIXnJ
A1610030,A161003001,2013-03-18,1890.0,2026-05-31T20:30:42Z,16,Donnée validée,10,Expertisée,20,Bonne,7.384986107,48.102530621,HIXnJ
A1610030,A161003001,2013-03-19,1916.0,2026-05-31T20:30:42Z,16,Donnée validée,10,Expertisée,20,Bonne,7.384986107,48.102530621,HIXnJ
A1610030,A161003001,2013-03-20,1897.0,2026-05-31T20:30:42Z,16,Donnée validée,10,Expertisée,20,Bonne,7.384986107,48.102530621,HIXnJ
A1610030,A161003001,2013-03-21,1996.0,2026-05-31T20:30:42Z,16,Donnée validée,10,Expertisée,20,Bonne,7.384986107,48.102530621,HIXnJ
A1610030,A161003001,2013-03-22,1881.0,2026-05-31T20:30:42Z,16,Donnée validée,10,Expertisée,20,Bonne,7.384986107,48.102530621,HIXnJ
A1610030,A161003001,2013-03-23,1736.0,2026-05-31T20:30:42Z,16,Donnée validée,10,Expertisée,20,Bonne,7.384986107,48.102530621,HIXnJ
A1610030,A161003001,2013-03-24,1680.0,2026-05-31T20:30:42Z,16,Donnée validée,10,Expertisée,20,Bonne,7.384986107,48.102530621,HIXnJ
A1610030,A161003001,2013-03-25,1647.0,2026-05-31T20:30:42Z,16,Donnée validée,10,Expertisée,20,Bonne,7.384986107,48.102530621,HIXnJ
A1610030,A161003001,2013-03-26,1593.0,2026-05-31T20:30:42Z,16,Donnée validée,10,Expertisée,20,Bonne,7.384986107,48.102530621,HIXnJ
A1610030,A161003001,2013-03-27,1549.0,2026-05-31T20:30:42Z,16,Donnée validée,10,Expertisée,20,Bonne,7.384986107,48.102530621,HIXnJ
A1610030,A161003001,2013-03-28,1543.0,2026-05-31T20:30:42Z,16,Donnée validée,10,Expertisée,20,Bonne,7.384986107,48.102530621,HIXnJ
A1610030,A161003001,2013-03-29,1713.0,2026-05-31T20:30:42Z,16,Donnée validée,10,Expertisée,20,Bonne,7.384986107,48.102530621,HIXnJ
A1610030,A161003001,2013-03-30,1698.0,2026-05-31T20:30:42Z,16,Donnée validée,10,Expertisée,20,Bonne,7.384986107,48.102530621,HIXnJ
A1610030,A161003001,2013-03-31,1722.0,2026-05-31T20:30:42Z,16,Donnée validée,10,Expertisée,20,Bonne,7.384986107,48.102530621,HIXnJ
A1610030,A161003001,2013-04-01,1603.0,2026-05-31T20:30:42Z,16,Donnée validée,10,Expertisée,20,Bonne,7.384986107,48.102530621,HIXnJ
A1610030,A161003001,2013-04-02,1527.0,2026-05-31T20:30:42Z,16,Donnée validée,10,Expertisée,20,Bonne,7.384986107,48.102530621,HIXnJ
A1610030,A161003001,2013-04-03,1482.0,2026-05-31T20:30:42Z,16,Donnée validée,10,Expertisée,20,Bonne,7.384986107,48.102530621,HIXnJ
A1610030,A161003001,2013-04-04,1446.0,2026-05-31T20:30:42Z,16,Donnée validée,10,Expertisée,20,Bonne,7.384986107,48.102530621,HIXnJ
A1610030,A161003001,2013-04-05,1433.0,2026-05-31T20:30:42Z,16,Donnée validée,10,Expertisée,20,Bonne,7.384986107,48.102530621,HIXnJ
A1610030,A161003001,2013-04-06,1413.0,2026-05-31T20:30:42Z,16,Donnée validée,10,Expertisée,20,Bonne,7.384986107,48.102530621,HIXnJ
A1610030,A161003001,2013-04-07,1393.0,2026-05-31T20:30:42Z,16,Donnée validée,10,Expertisée,20,Bonne,7.384986107,48.102530621,HIXnJ
A1610030,A161003001,2013-04-08,1446.0,2026-05-31T20:30:42Z,16,Donnée validée,10,Expertisée,20,Bonne,7.384986107,48.102530621,HIXnJ
A1610030,A161003001,2013-04-09,1470.0,2026-05-31T20:30:42Z,16,Donnée validée,10,Expertisée,20,Bonne,7.384986107,48.102530621,HIXnJ
A1610030,A161003001,2013-04-10,1901.0,2026-05-31T20:30:42Z,16,Donnée validée,10,Expertisée,20,Bonne,7.384986107,48.102530621,HIXnJ
A1610030,A161003001,2013-04-11,2473.0,2026-05-31T20:30:42Z,16,Donnée validée,10,Expertisée,20,Bonne,7.384986107,48.102530621,HIXnJ
A1610030,A161003001,2013-04-12,3373.0,2026-05-31T20:30:42Z,16,Donnée validée,10,Expertisée,20,Bonne,7.384986107,48.102530621,HIXnJ
A1610030,A161003001,2013-04-13,3348.0,2026-05-31T20:30:42Z,16,Donnée validée,10,Expertisée,20,Bonne,7.384986107,48.102530621,HIXnJ
A1610030,A161003001,2013-04-14,2673.0,2026-05-31T20:30:42Z,16,Donnée validée,10,Expertisée,20,Bonne,7.384986107,48.102530621,HIXnJ
A1610030,A161003001,2013-04-15,2222.0,2026-05-31T20:30:42Z,16,Donnée validée,10,Expertisée,20,Bonne,7.384986107,48.102530621,HIXnJ
A1610030,A161003001,2013-04-16,1990.0,2026-05-31T20:30:42Z,16,Donnée validée,10,Expertisée,20,Bonne,7.384986107,48.102530621,HIXnJ
A1610030,A161003001,2013-04-17,1902.0,2026-05-31T20:30:42Z,16,Donnée validée,10,Expertisée,20,Bonne,7.384986107,48.102530621,HIXnJ
A1610030,A161003001,2013-04-18,1791.0,2026-05-31T20:30:42Z,16,Donnée validée,10,Expertisée,20,Bonne,7.384986107,48.102530621,HIXnJ
A1610030,A161003001,2013-04-19,1701.0,2026-05-31T20:30:42Z,16,Donnée validée,10,Expertisée,20,Bonne,7.384986107,48.102530621,HIXnJ
A1610030,A161003001,2013-04-20,1782.0,2026-05-31T20:30:42Z,16,Donnée validée,10,Expertisée,20,Bonne,7.384986107,48.102530621,HIXnJ
A1610030,A161003001,2013-04-21,1817.0,2026-05-31T20:30:42Z,16,Donnée validée,10,Expertisée,20,Bonne,7.384986107,48.102530621,HIXnJ
A1610030,A161003001,2013-04-22,1699.0,2026-05-31T20:30:42Z,16,Donnée validée,10,Expertisée,20,Bonne,7.384986107,48.102530621,HIXnJ
A1610030,A161003001,2013-04-23,1628.0,2026-05-31T20:30:42Z,16,Donnée validée,10,Expertisée,20,Bonne,7.384986107,48.102530621,HIXnJ
A1610030,A161003001,2013-04-24,1527.0,2026-05-31T20:30:42Z,16,Donnée validée,10,Expertisée,20,Bonne,7.384986107,48.102530621,HIXnJ
A1610030,A161003001,2013-04-25,1470.0,2026-05-31T20:30:42Z,16,Donnée validée,10,Expertisée,20,Bonne,7.384986107,48.102530621,HIXnJ
A1610030,A161003001,2013-04-26,1497.0,2026-05-31T20:30:42Z,16,Donnée validée,10,Expertisée,20,Bonne,7.384986107,48.102530621,HIXnJ
A1610030,A161003001,2013-04-27,1883.0,2026-05-31T20:30:42Z,16,Donnée validée,10,Expertisée,20,Bonne,7.384986107,48.102530621,HIXnJ
A1610030,A161003001,2013-04-28,2183.0,2026-05-31T20:30:42Z,16,Donnée validée,10,Expertisée,20,Bonne,7.384986107,48.102530621,HIXnJ
A1610030,A161003001,2013-04-29,2060.0,2026-05-31T20:30:42Z,16,Donnée validée,10,Expertisée,20,Bonne,7.384986107,48.102530621,HIXnJ
A1610030,A161003001,2013-04-30,1783.0,2026-05-31T20:30:42Z,16,Donnée validée,10,Expertisée,20,Bonne,7.384986107,48.102530621,HIXnJ
A1610030,A161003001,2013-05-01,1695.0,2026-05-31T20:30:42Z,16,Donnée validée,10,Expertisée,20,Bonne,7.384986107,48.102530621,HIXnJ
A1610030,A161003001,2013-05-02,1839.0,2026-05-31T20:30:42Z,16,Donnée validée,10,Expertisée,20,Bonne,7.384986107,48.102530621,HIXnJ
A1610030,A161003001,2013-05-03,1701.0,2026-05-31T20:30:42Z,16,Donnée validée,10,Expertisée,20,Bonne,7.384986107,48.102530621,HIXnJ
A1610030,A161003001,2013-05-04,1835.0,2026-05-31T20:30:42Z,16,Donnée validée,10,Expertisée,20,Bonne,7.384986107,48.102530621,HIXnJ
A1610030,A161003001,2013-05-05,1708.0,2026-05-31T20:30:42Z,16,Donnée validée,10,Expertisée,20,Bonne,7.384986107,48.102530621,HIXnJ
A1610030,A161003001,2013-05-06,1587.0,2026-05-31T20:30:42Z,16,Donnée validée,10,Expertisée,20,Bonne,7.384986107,48.102530621,HIXnJ
A1610030,A161003001,2013-05-07,1535.0,2026-05-31T20:30:42Z,16,Donnée validée,10,Expertisée,20,Bonne,7.384986107,48.102530621,HIXnJ
A1610030,A161003001,2013-05-08,1487.0,2026-05-31T20:30:42Z,16,Donnée validée,10,Expertisée,20,Bonne,7.384986107,48.102530621,HIXnJ
A1610030,A161003001,2013-05-09,1465.0,2026-05-31T20:30:42Z,16,Donnée validée,10,Expertisée,20,Bonne,7.384986107,48.102530621,HIXnJ
A1610030,A161003001,2013-05-10,1461.0,2026-05-31T20:30:42Z,16,Donnée validée,10,Expertisée,20,Bonne,7.384986107,48.102530621,HIXnJ
A1610030,A161003001,2013-05-11,1444.0,2026-05-31T20:30:42Z,16,Donnée validée,10,Expertisée,20,Bonne,7.384986107,48.102530621,HIXnJ
A1610030,A161003001,2013-05-12,1409.0,2026-05-31T20:30:42Z,16,Donnée validée,10,Expertisée,20,Bonne,7.384986107,48.102530621,HIXnJ
A1610030,A161003001,2013-05-13,1406.0,2026-05-31T20:30:42Z,16,Donnée validée,10,Expertisée,20,Bonne,7.384986107,48.102530621,HIXnJ
A1610030,A161003001,2013-05-14,1387.0,2026-05-31T20:30:42Z,16,Donnée validée,10,Expertisée,20,Bonne,7.384986107,48.102530621,HIXnJ
A1610030,A161003001,2013-05-15,1363.0,2026-05-31T20:30:42Z,16,Donnée validée,10,Expertisée,20,Bonne,7.384986107,48.102530621,HIXnJ
A1610030,A161003001,2013-05-16,1382.0,2026-05-31T20:30:42Z,16,Donnée validée,10,Expertisée,20,Bonne,7.384986107,48.102530621,HIXnJ
A1610030,A161003001,2013-05-17,1557.0,2026-05-31T20:30:42Z,16,Donnée validée,10,Expertisée,20,Bonne,7.384986107,48.102530621,HIXnJ
A1610030,A161003001,2013-05-18,1502.0,2026-05-31T20:30:42Z,16,Donnée validée,10,Expertisée,20,Bonne,7.384986107,48.102530621,HIXnJ
A1610030,A161003001,2013-05-19,1454.0,2026-05-31T20:30:42Z,16,Donnée validée,10,Expertisée,20,Bonne,7.384986107,48.102530621,HIXnJ
A1610030,A161003001,2013-05-20,1406.0,2026-05-31T20:30:42Z,16,Donnée validée,10,Expertisée,20,Bonne,7.384986107,48.102530621,HIXnJ
A1610030,A161003001,2013-05-21,1866.0,2026-05-31T20:30:42Z,16,Donnée validée,10,Expertisée,20,Bonne,7.384986107,48.102530621,HIXnJ
A1610030,A161003001,2013-05-22,1928.0,2026-05-31T20:30:42Z,16,Donnée validée,10,Expertisée,20,Bonne,7.384986107,48.102530621,HIXnJ
A1610030,A161003001,2013-05-23,1885.0,2026-05-31T20:30:42Z,16,Donnée validée,10,Expertisée,20,Bonne,7.384986107,48.102530621,HIXnJ
A1610030,A161003001,2013-05-24,1747.0,2026-05-31T20:30:42Z,16,Donnée validée,10,Expertisée,20,Bonne,7.384986107,48.102530621,HIXnJ
A1610030,A161003001,2013-05-25,1670.0,2026-05-31T20:30:42Z,16,Donnée validée,10,Expertisée,20,Bonne,7.384986107,48.102530621,HIXnJ
A1610030,A161003001,2013-05-26,1596.0,2026-05-31T20:30:42Z,16,Donnée validée,10,Expertisée,20,Bonne,7.384986107,48.102530621,HIXnJ
A1610030,A161003001,2013-05-27,1543.0,2026-05-31T20:30:42Z,16,Donnée validée,10,Expertisée,20,Bonne,7.384986107,48.102530621,HIXnJ
A1610030,A161003001,2013-05-28,1517.0,2026-05-31T20:30:42Z,16,Donnée validée,10,Expertisée,20,Bonne,7.384986107,48.102530621,HIXnJ
A1610030,A161003001,2013-05-29,1636.0,2026-05-31T20:30:42Z,16,Donnée validée,10,Expertisée,20,Bonne,7.384986107,48.102530621,HIXnJ
A1610030,A161003001,2013-05-30,1563.0,2026-05-31T20:30:42Z,16,Donnée validée,10,Expertisée,20,Bonne,7.384986107,48.102530621,HIXnJ
A1610030,A161003001,2013-05-31,1672.0,2026-05-31T20:30:42Z,16,Donnée validée,10,Expertisée,20,Bonne,7.384986107,48.102530621,HIXnJ
A1610030,A161003001,2013-06-01,2150.0,2026-05-31T20:30:42Z,16,Donnée validée,10,Expertisée,20,Bonne,7.384986107,48.102530621,HIXnJ
A1610030,A161003001,2013-06-02,2165.0,2026-05-31T20:30:42Z,16,Donnée validée,10,Expertisée,20,Bonne,7.384986107,48.102530621,HIXnJ
A1610030,A161003001,2013-06-03,1872.0,2026-05-31T20:30:42Z,16,Donnée validée,10,Expertisée,20,Bonne,7.384986107,48.102530621,HIXnJ
A1610030,A161003001,2013-06-04,1699.0,2026-05-31T20:30:42Z,16,Donnée validée,10,Expertisée,20,Bonne,7.384986107,48.102530621,HIXnJ
A1610030,A161003001,2013-06-05,1611.0,2026-05-31T20:30:42Z,16,Donnée validée,10,Expertisée,20,Bonne,7.384986107,48.102530621,HIXnJ
A1610030,A161003001,2013-06-06,1547.0,2026-05-31T20:30:42Z,16,Donnée validée,10,Expertisée,20,Bonne,7.384986107,48.102530621,HIXnJ
A1610030,A161003001,2013-06-07,1509.0,2026-05-31T20:30:42Z,16,Donnée validée,10,Expertisée,20,Bonne,7.384986107,48.102530621,HIXnJ
A1610030,A161003001,2013-06-08,1444.0,2026-05-31T20:30:42Z,16,Donnée validée,10,Expertisée,20,Bonne,7.384986107,48.102530621,HIXnJ
A1610030,A161003001,2013-06-09,1504.0,2026-05-31T20:30:42Z,16,Donnée validée,10,Expertisée,20,Bonne,7.384986107,48.102530621,HIXnJ
A1610030,A161003001,2013-06-10,2122.0,2026-05-31T20:30:42Z,16,Donnée validée,10,Expertisée,20,Bonne,7.384986107,48.102530621,HIXnJ
A1610030,A161003001,2013-06-11,2364.0,2026-05-31T20:30:42Z,16,Donnée validée,10,Expertisée,20,Bonne,7.384986107,48.102530621,HIXnJ
A1610030,A161003001,2013-06-12,1889.0,2026-05-31T20:30:42Z,16,Donnée validée,10,Expertisée,20,Bonne,7.384986107,48.102530621,HIXnJ
A1610030,A161003001,2013-06-13,1530.0,2026-05-31T20:30:42Z,16,Donnée validée,10,Expertisée,20,Bonne,7.384986107,48.102530621,HIXnJ
A1610030,A161003001,2013-06-14,1489.0,2026-05-31T20:30:42Z,16,Donnée validée,10,Expertisée,20,Bonne,7.384986107,48.102530621,HIXnJ
A1610030,A161003001,2013-06-15,1412.0,2026-05-31T20:30:42Z,16,Donnée validée,10,Expertisée,20,Bonne,7.384986107,48.102530621,HIXnJ
A1610030,A161003001,2013-06-16,1371.0,2026-05-31T20:30:42Z,16,Donnée validée,10,Expertisée,20,Bonne,7.384986107,48.102530621,HIXnJ
A1610030,A161003001,2013-06-17,1340.0,2026-05-31T20:30:42Z,16,Donnée validée,10,Expertisée,20,Bonne,7.384986107,48.102530621,HIXnJ
A1610030,A161003001,2013-06-18,1369.0,2026-05-31T20:30:42Z,16,Donnée validée,10,Expertisée,20,Bonne,7.384986107,48.102530621,HIXnJ
A1610030,A161003001,2013-06-19,1336.0,2026-05-31T20:30:42Z,16,Donnée validée,10,Expertisée,20,Bonne,7.384986107,48.102530621,HIXnJ
A1610030,A161003001,2013-06-20,1404.0,2026-05-31T20:30:42Z,16,Donnée validée,10,Expertisée,20,Bonne,7.384986107,48.102530621,HIXnJ
A1610030,A161003001,2013-06-21,1409.0,2026-05-31T20:30:42Z,16,Donnée validée,10,Expertisée,20,Bonne,7.384986107,48.102530621,HIXnJ
A1610030,A161003001,2013-06-22,1328.0,2026-05-31T20:30:42Z,16,Donnée validée,10,Expertisée,20,Bonne,7.384986107,48.102530621,HIXnJ
A1610030,A161003001,2013-06-23,1278.0,2026-05-31T20:30:42Z,16,Donnée validée,10,Expertisée,20,Bonne,7.384986107,48.102530621,HIXnJ
A1610030,A161003001,2013-06-24,1257.0,2026-05-31T20:30:42Z,16,Donnée validée,10,Expertisée,20,Bonne,7.384986107,48.102530621,HIXnJ
A1610030,A161003001,2013-06-25,1255.0,2026-05-31T20:30:42Z,16,Donnée validée,10,Expertisée,20,Bonne,7.384986107,48.102530621,HIXnJ
A1610030,A161003001,2013-06-26,1235.0,2026-05-31T20:30:42Z,16,Donnée validée,10,Expertisée,20,Bonne,7.384986107,48.102530621,HIXnJ
A1610030,A161003001,2013-06-27,1251.0,2026-05-31T20:30:42Z,16,Donnée validée,10,Expertisée,20,Bonne,7.384986107,48.102530621,HIXnJ
A1610030,A161003001,2013-06-28,1324.0,2026-05-31T20:30:42Z,16,Donnée validée,10,Expertisée,20,Bonne,7.384986107,48.102530621,HIXnJ
A1610030,A161003001,2013-06-29,1271.0,2026-05-31T20:30:42Z,16,Donnée validée,10,Expertisée,20,Bonne,7.384986107,48.102530621,HIXnJ
A1610030,A161003001,2013-06-30,1254.0,2026-05-31T20:30:42Z,16,Donnée validée,10,Expertisée,20,Bonne,7.384986107,48.102530621,HIXnJ
A1610030,A161003001,2013-07-01,1243.0,2026-05-31T20:30:42Z,16,Donnée validée,10,Expertisée,20,Bonne,7.384986107,48.102530621,HIXnJ
A1610030,A161003001,2013-07-02,1232.0,2026-05-31T20:30:42Z,16,Donnée validée,10,Expertisée,20,Bonne,7.384986107,48.102530621,HIXnJ
A1610030,A161003001,2013-07-03,1328.0,2026-05-31T20:30:42Z,16,Donnée validée,10,Expertisée,20,Bonne,7.384986107,48.102530621,HIXnJ
A1610030,A161003001,2013-07-04,1423.0,2026-05-31T20:30:42Z,16,Donnée validée,10,Expertisée,20,Bonne,7.384986107,48.102530621,HIXnJ
A1610030,A161003001,2013-07-05,1388.0,2026-05-31T20:30:42Z,16,Donnée validée,10,Expertisée,20,Bonne,7.384986107,48.102530621,HIXnJ
A1610030,A161003001,2013-07-06,1272.0,2026-05-31T20:30:42Z,16,Donnée validée,10,Expertisée,20,Bonne,7.384986107,48.102530621,HIXnJ
A1610030,A161003001,2013-07-07,1251.0,2026-05-31T20:30:42Z,16,Donnée validée,10,Expertisée,20,Bonne,7.384986107,48.102530621,HIXnJ
A1610030,A161003001,2013-07-08,1215.0,2026-05-31T20:30:42Z,16,Donnée validée,10,Expertisée,20,Bonne,7.384986107,48.102530621,HIXnJ
A1610030,A161003001,2013-07-09,1199.0,2026-05-31T20:30:42Z,16,Donnée validée,10,Expertisée,20,Bonne,7.384986107,48.102530621,HIXnJ
A1610030,A161003001,2013-07-10,1181.0,2026-05-31T20:30:42Z,16,Donnée validée,10,Expertisée,20,Bonne,7.384986107,48.102530621,HIXnJ
A1610030,A161003001,2013-07-11,1204.0,2026-05-31T20:30:42Z,16,Donnée validée,10,Expertisée,20,Bonne,7.384986107,48.102530621,HIXnJ
A1610030,A161003001,2013-07-12,1197.0,2026-05-31T20:30:42Z,16,Donnée validée,10,Expertisée,20,Bonne,7.384986107,48.102530621,HIXnJ
A1610030,A161003001,2013-07-13,1198.0,2026-05-31T20:30:42Z,16,Donnée validée,10,Expertisée,20,Bonne,7.384986107,48.102530621,HIXnJ
A1610030,A161003001,2013-07-14,1179.0,2026-05-31T20:30:42Z,16,Donnée validée,10,Expertisée,20,Bonne,7.384986107,48.102530621,HIXnJ
A1610030,A161003001,2013-07-15,1157.0,2026-05-31T20:30:42Z,16,Donnée validée,10,Expertisée,20,Bonne,7.384986107,48.102530621,HIXnJ
A1610030,A161003001,2013-07-16,1148.0,2026-05-31T20:30:42Z,16,Donnée validée,10,Expertisée,20,Bonne,7.384986107,48.102530621,HIXnJ
A1610030,A161003001,2013-07-17,1133.0,2026-05-31T20:30:42Z,16,Donnée validée,10,Expertisée,20,Bonne,7.384986107,48.102530621,HIXnJ
A1610030,A161003001,2013-07-18,1117.0,2026-05-31T20:30:42Z,16,Donnée validée,10,Expertisée,20,Bonne,7.384986107,48.102530621,HIXnJ
A1610030,A161003001,2013-07-19,1142.0,2026-05-31T20:30:42Z,16,Donnée validée,10,Expertisée,20,Bonne,7.384986107,48.102530621,HIXnJ
A1610030,A161003001,2013-07-20,1132.0,2026-05-31T20:30:42Z,16,Donnée validée,10,Expertisée,20,Bonne,7.384986107,48.102530621,HIXnJ
A1610030,A161003001,2013-07-21,1117.0,2026-05-31T20:30:42Z,16,Donnée validée,10,Expertisée,20,Bonne,7.384986107,48.102530621,HIXnJ
A1610030,A161003001,2013-07-22,1093.0,2026-05-31T20:30:42Z,16,Donnée validée,10,Expertisée,20,Bonne,7.384986107,48.102530621,HIXnJ
A1610030,A161003001,2013-07-23,1089.0,2026-05-31T20:30:42Z,16,Donnée validée,10,Expertisée,20,Bonne,7.384986107,48.102530621,HIXnJ
A1610030,A161003001,2013-07-24,1147.0,2026-05-31T20:30:42Z,16,Donnée validée,10,Expertisée,20,Bonne,7.384986107,48.102530621,HIXnJ
A1610030,A161003001,2013-07-25,1149.0,2026-05-31T20:30:42Z,16,Donnée validée,10,Expertisée,20,Bonne,7.384986107,48.102530621,HIXnJ
A1610030,A161003001,2013-07-26,1121.0,2026-05-31T20:30:42Z,16,Donnée validée,10,Expertisée,20,Bonne,7.384986107,48.102530621,HIXnJ
A1610030,A161003001,2013-07-27,1122.0,2026-05-31T20:30:42Z,16,Donnée validée,10,Expertisée,20,Bonne,7.384986107,48.102530621,HIXnJ
A1610030,A161003001,2013-07-28,1123.0,2026-05-31T20:30:42Z,16,Donnée validée,10,Expertisée,20,Bonne,7.384986107,48.102530621,HIXnJ
A1610030,A161003001,2013-07-29,1244.0,2026-05-31T20:30:42Z,16,Donnée validée,10,Expertisée,20,Bonne,7.384986107,48.102530621,HIXnJ
A1610030,A161003001,2013-07-30,1268.0,2026-05-31T20:30:42Z,16,Donnée validée,10,Expertisée,20,Bonne,7.384986107,48.102530621,HIXnJ
A1610030,A161003001,2013-07-31,1231.0,2026-05-31T20:30:42Z,16,Donnée validée,10,Expertisée,20,Bonne,7.384986107,48.102530621,HIXnJ
A1610030,A161003001,2013-08-01,1194.0,2026-05-31T20:30:42Z,16,Donnée validée,10,Expertisée,20,Bonne,7.384986107,48.102530621,HIXnJ
A1610030,A161003001,2013-08-02,1182.0,2026-05-31T20:30:42Z,16,Donnée validée,10,Expertisée,20,Bonne,7.384986107,48.102530621,HIXnJ
A1610030,A161003001,2013-08-03,1162.0,2026-05-31T20:30:42Z,16,Donnée validée,10,Expertisée,20,Bonne,7.384986107,48.102530621,HIXnJ
A1610030,A161003001,2013-08-04,1256.0,2026-05-31T20:30:42Z,16,Donnée validée,10,Expertisée,20,Bonne,7.384986107,48.102530621,HIXnJ
A1610030,A161003001,2013-08-05,1287.0,2026-05-31T20:30:42Z,16,Donnée validée,10,Expertisée,20,Bonne,7.384986107,48.102530621,HIXnJ
A1610030,A161003001,2013-08-06,1521.0,2026-05-31T20:30:42Z,16,Donnée validée,10,Expertisée,20,Bonne,7.384986107,48.102530621,HIXnJ
A1610030,A161003001,2013-08-07,1382.0,2026-05-31T20:30:42Z,16,Donnée validée,10,Expertisée,20,Bonne,7.384986107,48.102530621,HIXnJ
A1610030,A161003001,2013-08-08,1425.0,2026-05-31T20:30:42Z,16,Donnée validée,10,Expertisée,20,Bonne,7.384986107,48.102530621,HIXnJ
A1610030,A161003001,2013-08-09,1336.0,2026-05-31T20:30:42Z,16,Donnée validée,10,Expertisée,20,Bonne,7.384986107,48.102530621,HIXnJ
A1610030,A161003001,2013-08-10,1313.0,2026-05-31T20:30:42Z,16,Donnée validée,10,Expertisée,20,Bonne,7.384986107,48.102530621,HIXnJ
A1610030,A161003001,2013-08-11,1213.0,2026-05-31T20:30:42Z,16,Donnée validée,10,Expertisée,20,Bonne,7.384986107,48.102530621,HIXnJ
A1610030,A161003001,2013-08-12,1204.0,2026-05-31T20:30:42Z,16,Donnée validée,10,Expertisée,20,Bonne,7.384986107,48.102530621,HIXnJ
A1610030,A161003001,2013-08-13,1195.0,2026-05-31T20:30:42Z,16,Donnée validée,10,Expertisée,20,Bonne,7.384986107,48.102530621,HIXnJ
A1610030,A161003001,2013-08-14,1183.0,2026-05-31T20:30:42Z,16,Donnée validée,10,Expertisée,20,Bonne,7.384986107,48.102530621,HIXnJ
A1610030,A161003001,2013-08-15,1173.0,2026-05-31T20:30:42Z,16,Donnée validée,10,Expertisée,20,Bonne,7.384986107,48.102530621,HIXnJ
A1610030,A161003001,2013-08-16,1158.0,2026-05-31T20:30:42Z,16,Donnée validée,10,Expertisée,20,Bonne,7.384986107,48.102530621,HIXnJ
A1610030,A161003001,2013-08-17,1148.0,2026-05-31T20:30:42Z,16,Donnée validée,10,Expertisée,20,Bonne,7.384986107,48.102530621,HIXnJ
A1610030,A161003001,2013-08-18,1217.0,2026-05-31T20:30:42Z,16,Donnée validée,10,Expertisée,20,Bonne,7.384986107,48.102530621,HIXnJ
A1610030,A161003001,2013-08-19,1161.0,2026-05-31T20:30:42Z,16,Donnée validée,10,Expertisée,20,Bonne,7.384986107,48.102530621,HIXnJ
A1610030,A161003001,2013-08-20,1161.0,2026-05-31T20:30:42Z,16,Donnée validée,10,Expertisée,20,Bonne,7.384986107,48.102530621,HIXnJ
A1610030,A161003001,2013-08-21,1151.0,2026-05-31T20:30:42Z,16,Donnée validée,10,Expertisée,20,Bonne,7.384986107,48.102530621,HIXnJ
A1610030,A161003001,2013-08-22,1142.0,2026-05-31T20:30:42Z,16,Donnée validée,10,Expertisée,20,Bonne,7.384986107,48.102530621,HIXnJ
A1610030,A161003001,2013-08-23,1142.0,2026-05-31T20:30:42Z,16,Donnée validée,10,Expertisée,20,Bonne,7.384986107,48.102530621,HIXnJ
A1610030,A161003001,2013-08-24,1197.0,2026-05-31T20:30:42Z,16,Donnée validée,10,Expertisée,20,Bonne,7.384986107,48.102530621,HIXnJ
A1610030,A161003001,2013-08-25,1305.0,2026-05-31T20:30:42Z,16,Donnée validée,10,Expertisée,20,Bonne,7.384986107,48.102530621,HIXnJ
A1610030,A161003001,2013-08-26,1216.0,2026-05-31T20:30:42Z,16,Donnée validée,10,Expertisée,20,Bonne,7.384986107,48.102530621,HIXnJ
A1610030,A161003001,2013-08-27,1189.0,2026-05-31T20:30:42Z,16,Donnée validée,10,Expertisée,20,Bonne,7.384986107,48.102530621,HIXnJ
A1610030,A161003001,2013-08-28,1305.0,2026-05-31T20:30:42Z,16,Donnée validée,10,Expertisée,20,Bonne,7.384986107,48.102530621,HIXnJ
A1610030,A161003001,2013-08-29,1268.0,2026-05-31T20:30:42Z,16,Donnée validée,10,Expertisée,20,Bonne,7.384986107,48.102530621,HIXnJ
A1610030,A161003001,2013-08-30,1207.0,2026-05-31T20:30:42Z,16,Donnée validée,10,Expertisée,20,Bonne,7.384986107,48.102530621,HIXnJ
A1610030,A161003001,2013-08-31,1181.0,2026-05-31T20:30:42Z,16,Donnée validée,10,Expertisée,20,Bonne,7.384986107,48.102530621,HIXnJ
A1610030,A161003001,2013-09-01,1172.0,2026-05-31T20:30:42Z,16,Donnée validée,10,Expertisée,20,Bonne,7.384986107,48.102530621,HIXnJ
A1610030,A161003001,2013-09-02,1157.0,2026-05-31T20:30:42Z,16,Donnée validée,10,Expertisée,20,Bonne,7.384986107,48.102530621,HIXnJ
A1610030,A161003001,2013-09-03,1161.0,2026-05-31T20:30:42Z,16,Donnée validée,10,Expertisée,20,Bonne,7.384986107,48.102530621,HIXnJ
A1610030,A161003001,2013-09-04,1147.0,2026-05-31T20:30:42Z,16,Donnée validée,10,Expertisée,20,Bonne,7.384986107,48.102530621,HIXnJ
A1610030,A161003001,2013-09-05,1143.0,2026-05-31T20:30:42Z,16,Donnée validée,10,Expertisée,20,Bonne,7.384986107,48.102530621,HIXnJ
A1610030,A161003001,2013-09-06,1140.0,2026-05-31T20:30:42Z,16,Donnée validée,10,Expertisée,20,Bonne,7.384986107,48.102530621,HIXnJ
A1610030,A161003001,2013-09-07,1486.0,2026-05-31T20:30:42Z,16,Donnée validée,10,Expertisée,20,Bonne,7.384986107,48.102530621,HIXnJ
A1610030,A161003001,2013-09-08,1519.0,2026-05-31T20:30:42Z,16,Donnée validée,10,Expertisée,20,Bonne,7.384986107,48.102530621,HIXnJ
A1610030,A161003001,2013-09-09,1545.0,2026-05-31T20:30:42Z,16,Donnée validée,10,Expertisée,20,Bonne,7.384986107,48.102530621,HIXnJ
A1610030,A161003001,2013-09-10,1289.0,2026-05-31T20:30:42Z,16,Donnée validée,10,Expertisée,20,Bonne,7.384986107,48.102530621,HIXnJ
A1610030,A161003001,2013-09-11,1218.0,2026-05-31T20:30:42Z,16,Donnée validée,10,Expertisée,20,Bonne,7.384986107,48.102530621,HIXnJ
A1610030,A161003001,2013-09-12,1189.0,2026-05-31T20:30:42Z,16,Donnée validée,10,Expertisée,20,Bonne,7.384986107,48.102530621,HIXnJ
A1610030,A161003001,2013-09-13,1182.0,2026-05-31T20:30:42Z,16,Donnée validée,10,Expertisée,20,Bonne,7.384986107,48.102530621,HIXnJ
A1610030,A161003001,2013-09-14,1169.0,2026-05-31T20:30:42Z,16,Donnée validée,10,Expertisée,20,Bonne,7.384986107,48.102530621,HIXnJ
A1610030,A161003001,2013-09-15,1152.0,2026-05-31T20:30:42Z,16,Donnée validée,10,Expertisée,20,Bonne,7.384986107,48.102530621,HIXnJ
A1610030,A161003001,2013-09-16,1165.0,2026-05-31T20:30:42Z,16,Donnée validée,10,Expertisée,20,Bonne,7.384986107,48.102530621,HIXnJ
A1610030,A161003001,2013-09-17,1217.0,2026-05-31T20:30:42Z,16,Donnée validée,10,Expertisée,20,Bonne,7.384986107,48.102530621,HIXnJ
A1610030,A161003001,2013-09-18,1585.0,2026-05-31T20:30:42Z,16,Donnée validée,10,Expertisée,20,Bonne,7.384986107,48.102530621,HIXnJ
A1610030,A161003001,2013-09-19,1625.0,2026-05-31T20:30:42Z,16,Donnée validée,10,Expertisée,20,Bonne,7.384986107,48.102530621,HIXnJ
A1610030,A161003001,2013-09-20,1424.0,2026-05-31T20:30:42Z,16,Donnée validée,10,Expertisée,20,Bonne,7.384986107,48.102530621,HIXnJ
A1610030,A161003001,2013-09-21,1308.0,2026-05-31T20:30:42Z,16,Donnée validée,10,Expertisée,20,Bonne,7.384986107,48.102530621,HIXnJ
A1610030,A161003001,2013-09-22,1261.0,2026-05-31T20:30:42Z,16,Donnée validée,10,Expertisée,20,Bonne,7.384986107,48.102530621,HIXnJ
A1610030,A161003001,2013-09-23,1214.0,2026-05-31T20:30:42Z,16,Donnée validée,10,Expertisée,20,Bonne,7.384986107,48.102530621,HIXnJ
A1610030,A161003001,2013-09-24,1196.0,2026-05-31T20:30:42Z,16,Donnée validée,10,Expertisée,20,Bonne,7.384986107,48.102530621,HIXnJ
A1610030,A161003001,2013-09-25,1184.0,2026-05-31T20:30:42Z,16,Donnée validée,10,Expertisée,20,Bonne,7.384986107,48.102530621,HIXnJ
A1610030,A161003001,2013-09-26,1168.0,2026-05-31T20:30:42Z,16,Donnée validée,10,Expertisée,20,Bonne,7.384986107,48.102530621,HIXnJ
A1610030,A161003001,2013-09-27,1154.0,2026-05-31T20:30:42Z,16,Donnée validée,10,Expertisée,20,Bonne,7.384986107,48.102530621,HIXnJ
A1610030,A161003001,2013-09-28,1135.0,2026-05-31T20:30:42Z,16,Donnée validée,10,Expertisée,20,Bonne,7.384986107,48.102530621,HIXnJ
A1610030,A161003001,2013-09-29,1129.0,2026-05-31T20:30:42Z,16,Donnée validée,10,Expertisée,20,Bonne,7.384986107,48.102530621,HIXnJ
A1610030,A161003001,2013-09-30,1198.0,2026-05-31T20:30:42Z,16,Donnée validée,10,Expertisée,20,Bonne,7.384986107,48.102530621,HIXnJ
A1610030,A161003001,2013-10-01,1124.0,2026-05-31T20:30:42Z,16,Donnée validée,10,Expertisée,20,Bonne,7.384986107,48.102530621,HIXnJ
A1610030,A161003001,2013-10-02,1122.0,2026-05-31T20:30:42Z,16,Donnée validée,10,Expertisée,20,Bonne,7.384986107,48.102530621,HIXnJ
A1610030,A161003001,2013-10-03,1117.0,2026-05-31T20:30:42Z,16,Donnée validée,10,Expertisée,20,Bonne,7.384986107,48.102530621,HIXnJ
A1610030,A161003001,2013-10-04,1112.0,2026-05-31T20:30:42Z,16,Donnée validée,10,Expertisée,20,Bonne,7.384986107,48.102530621,HIXnJ
A1610030,A161003001,2013-10-05,1558.0,2026-05-31T20:30:42Z,16,Donnée validée,10,Expertisée,20,Bonne,7.384986107,48.102530621,HIXnJ
A1610030,A161003001,2013-10-06,1338.0,2026-05-31T20:30:42Z,16,Donnée validée,10,Expertisée,20,Bonne,7.384986107,48.102530621,HIXnJ
A1610030,A161003001,2013-10-07,1261.0,2026-05-31T20:30:42Z,16,Donnée validée,10,Expertisée,20,Bonne,7.384986107,48.102530621,HIXnJ
A1610030,A161003001,2013-10-08,1189.0,2026-05-31T20:30:42Z,16,Donnée validée,10,Expertisée,20,Bonne,7.384986107,48.102530621,HIXnJ
A1610030,A161003001,2013-10-09,1167.0,2026-05-31T20:30:42Z,16,Donnée validée,10,Expertisée,20,Bonne,7.384986107,48.102530621,HIXnJ
A1610030,A161003001,2013-10-10,1289.0,2026-05-31T20:30:42Z,16,Donnée validée,10,Expertisée,20,Bonne,7.384986107,48.102530621,HIXnJ
A1610030,A161003001,2013-10-11,1396.0,2026-05-31T20:30:42Z,16,Donnée validée,10,Expertisée,20,Bonne,7.384986107,48.102530621,HIXnJ
A1610030,A161003001,2013-10-12,1317.0,2026-05-31T20:30:42Z,16,Donnée validée,10,Expertisée,20,Bonne,7.384986107,48.102530621,HIXnJ
A1610030,A161003001,2013-10-13,1349.0,2026-05-31T20:30:42Z,16,Donnée validée,10,Expertisée,20,Bonne,7.384986107,48.102530621,HIXnJ
A1610030,A161003001,2013-10-14,1421.0,2026-05-31T20:30:42Z,16,Donnée validée,10,Expertisée,20,Bonne,7.384986107,48.102530621,HIXnJ
A1610030,A161003001,2013-10-15,1531.0,2026-05-31T20:30:42Z,16,Donnée validée,10,Expertisée,20,Bonne,7.384986107,48.102530621,HIXnJ
A1610030,A161003001,2013-10-16,1684.0,2026-05-31T20:30:42Z,16,Donnée validée,10,Expertisée,20,Bonne,7.384986107,48.102530621,HIXnJ
A1610030,A161003001,2013-10-17,1664.0,2026-05-31T20:30:42Z,16,Donnée validée,10,Expertisée,20,Bonne,7.384986107,48.102530621,HIXnJ
A1610030,A161003001,2013-10-18,1532.0,2026-05-31T20:30:42Z,16,Donnée validée,10,Expertisée,20,Bonne,7.384986107,48.102530621,HIXnJ
A1610030,A161003001,2013-10-19,1428.0,2026-05-31T20:30:42Z,16,Donnée validée,10,Expertisée,20,Bonne,7.384986107,48.102530621,HIXnJ
A1610030,A161003001,2013-10-20,1580.0,2026-05-31T20:30:42Z,16,Donnée validée,10,Expertisée,20,Bonne,7.384986107,48.102530621,HIXnJ
A1610030,A161003001,2013-10-21,1621.0,2026-05-31T20:30:42Z,16,Donnée validée,10,Expertisée,20,Bonne,7.384986107,48.102530621,HIXnJ
A1610030,A161003001,2013-10-22,1529.0,2026-05-31T20:30:42Z,16,Donnée validée,10,Expertisée,20,Bonne,7.384986107,48.102530621,HIXnJ
A1610030,A161003001,2013-10-23,1567.0,2026-05-31T20:30:42Z,16,Donnée validée,10,Expertisée,20,Bonne,7.384986107,48.102530621,HIXnJ
A1610030,A161003001,2013-10-24,1744.0,2026-05-31T20:30:42Z,16,Donnée validée,10,Expertisée,20,Bonne,7.384986107,48.102530621,HIXnJ
A1610030,A161003001,2013-10-25,1603.0,2026-05-31T20:30:42Z,16,Donnée validée,10,Expertisée,20,Bonne,7.384986107,48.102530621,HIXnJ
A1610030,A161003001,2013-10-26,1475.0,2026-05-31T20:30:42Z,16,Donnée validée,10,Expertisée,20,Bonne,7.384986107,48.102530621,HIXnJ
A1610030,A161003001,2013-10-27,1613.0,2026-05-31T20:30:42Z,16,Donnée validée,10,Expertisée,20,Bonne,7.384986107,48.102530621,HIXnJ
A1610030,A161003001,2013-10-28,1663.0,2026-05-31T20:30:42Z,16,Donnée validée,10,Expertisée,20,Bonne,7.384986107,48.102530621,HIXnJ
A1610030,A161003001,2013-10-29,1713.0,2026-05-31T20:30:42Z,16,Donnée validée,10,Expertisée,20,Bonne,7.384986107,48.102530621,HIXnJ
A1610030,A161003001,2013-10-30,1707.0,2026-05-31T20:30:42Z,16,Donnée validée,10,Expertisée,20,Bonne,7.384986107,48.102530621,HIXnJ
A1610030,A161003001,2013-10-31,1553.0,2026-05-31T20:30:42Z,16,Donnée validée,10,Expertisée,20,Bonne,7.384986107,48.102530621,HIXnJ
A1610030,A161003001,2013-11-01,1479.0,2026-05-31T20:30:42Z,16,Donnée validée,10,Expertisée,20,Bonne,7.384986107,48.102530621,HIXnJ
A1610030,A161003001,2013-11-02,1483.0,2026-05-31T20:30:42Z,16,Donnée validée,10,Expertisée,20,Bonne,7.384986107,48.102530621,HIXnJ
A1610030,A161003001,2013-11-03,2307.0,2026-05-31T20:30:42Z,16,Donnée validée,10,Expertisée,20,Bonne,7.384986107,48.102530621,HIXnJ
A1610030,A161003001,2013-11-04,2384.0,2026-05-31T20:30:42Z,16,Donnée validée,10,Expertisée,20,Bonne,7.384986107,48.102530621,HIXnJ
A1610030,A161003001,2013-11-05,2482.0,2026-05-31T20:30:42Z,16,Donnée validée,10,Expertisée,20,Bonne,7.384986107,48.102530621,HIXnJ
A1610030,A161003001,2013-11-06,2328.0,2026-05-31T20:30:42Z,16,Donnée validée,10,Expertisée,20,Bonne,7.384986107,48.102530621,HIXnJ
A1610030,A161003001,2013-11-07,2373.0,2026-05-31T20:30:42Z,16,Donnée validée,10,Expertisée,20,Bonne,7.384986107,48.102530621,HIXnJ
A1610030,A161003001,2013-11-08,2178.0,2026-05-31T20:30:42Z,16,Donnée validée,10,Expertisée,20,Bonne,7.384986107,48.102530621,HIXnJ
A1610030,A161003001,2013-11-09,2396.0,2026-05-31T20:30:42Z,16,Donnée validée,10,Expertisée,20,Bonne,7.384986107,48.102530621,HIXnJ
A1610030,A161003001,2013-11-10,2884.0,2026-05-31T20:30:42Z,16,Donnée validée,10,Expertisée,20,Bonne,7.384986107,48.102530621,HIXnJ
A1610030,A161003001,2013-11-11,2940.0,2026-05-31T20:30:42Z,16,Donnée validée,10,Expertisée,20,Bonne,7.384986107,48.102530621,HIXnJ
A1610030,A161003001,2013-11-12,2511.0,2026-05-31T20:30:42Z,16,Donnée validée,10,Expertisée,20,Bonne,7.384986107,48.102530621,HIXnJ
A1610030,A161003001,2013-11-13,2085.0,2026-05-31T20:30:42Z,16,Donnée validée,10,Expertisée,20,Bonne,7.384986107,48.102530621,HIXnJ
A1610030,A161003001,2013-11-14,1873.0,2026-05-31T20:30:42Z,16,Donnée validée,10,Expertisée,20,Bonne,7.384986107,48.102530621,HIXnJ
A1610030,A161003001,2013-11-15,1780.0,2026-05-31T20:30:42Z,16,Donnée validée,10,Expertisée,20,Bonne,7.384986107,48.102530621,HIXnJ
A1610030,A161003001,2013-11-16,1683.0,2026-05-31T20:30:42Z,16,Donnée validée,10,Expertisée,20,Bonne,7.384986107,48.102530621,HIXnJ
A1610030,A161003001,2013-11-17,1599.0,2026-05-31T20:30:42Z,16,Donnée validée,10,Expertisée,20,Bonne,7.384986107,48.102530621,HIXnJ
A1610030,A161003001,2013-11-18,1542.0,2026-05-31T20:30:42Z,16,Donnée validée,10,Expertisée,20,Bonne,7.384986107,48.102530621,HIXnJ
A1610030,A161003001,2013-11-19,1555.0,2026-05-31T20:30:42Z,16,Donnée validée,10,Expertisée,20,Bonne,7.384986107,48.102530621,HIXnJ
A1610030,A161003001,2013-11-20,1681.0,2026-05-31T20:30:42Z,16,Donnée validée,10,Expertisée,20,Bonne,7.384986107,48.102530621,HIXnJ
A1610030,A161003001,2013-11-21,1689.0,2026-05-31T20:30:42Z,16,Donnée validée,10,Expertisée,20,Bonne,7.384986107,48.102530621,HIXnJ
A1610030,A161003001,2013-11-22,1898.0,2026-05-31T20:30:42Z,16,Donnée validée,10,Expertisée,20,Bonne,7.384986107,48.102530621,HIXnJ
A1610030,A161003001,2013-11-23,1910.0,2026-05-31T20:30:42Z,16,Donnée validée,10,Expertisée,20,Bonne,7.384986107,48.102530621,HIXnJ
A1610030,A161003001,2013-11-24,1973.0,2026-05-31T20:30:42Z,16,Donnée validée,10,Expertisée,20,Bonne,7.384986107,48.102530621,HIXnJ
A1610030,A161003001,2013-11-25,1896.0,2026-05-31T20:30:42Z,16,Donnée validée,10,Expertisée,20,Bonne,7.384986107,48.102530621,HIXnJ
A1610030,A161003001,2013-11-26,1680.0,2026-05-31T20:30:42Z,16,Donnée validée,10,Expertisée,20,Bonne,7.384986107,48.102530621,HIXnJ
A1610030,A161003001,2013-11-27,1575.0,2026-05-31T20:30:42Z,16,Donnée validée,10,Expertisée,20,Bonne,7.384986107,48.102530621,HIXnJ
A1610030,A161003001,2013-11-28,1509.0,2026-05-31T20:30:42Z,16,Donnée validée,10,Expertisée,20,Bonne,7.384986107,48.102530621,HIXnJ
A1610030,A161003001,2013-11-29,1465.0,2026-05-31T20:30:42Z,16,Donnée validée,10,Expertisée,20,Bonne,7.384986107,48.102530621,HIXnJ
A1610030,A161003001,2013-11-30,1436.0,2026-05-31T20:30:42Z,16,Donnée validée,10,Expertisée,20,Bonne,7.384986107,48.102530621,HIXnJ
A1610030,A161003001,2013-12-01,1440.0,2026-05-31T20:30:42Z,16,Donnée validée,10,Expertisée,20,Bonne,7.384986107,48.102530621,HIXnJ
A1610030,A161003001,2013-12-02,1402.0,2026-05-31T20:30:42Z,16,Donnée validée,10,Expertisée,20,Bonne,7.384986107,48.102530621,HIXnJ
A1610030,A161003001,2013-12-03,1385.0,2026-05-31T20:30:42Z,16,Donnée validée,10,Expertisée,20,Bonne,7.384986107,48.102530621,HIXnJ
A1610030,A161003001,2013-12-04,1361.0,2026-05-31T20:30:42Z,16,Donnée validée,10,Expertisée,20,Bonne,7.384986107,48.102530621,HIXnJ
A1610030,A161003001,2013-12-05,1368.0,2026-05-31T20:30:42Z,16,Donnée validée,10,Expertisée,20,Bonne,7.384986107,48.102530621,HIXnJ
A1610030,A161003001,2013-12-06,1364.0,2026-05-31T20:30:42Z,16,Donnée validée,10,Expertisée,20,Bonne,7.384986107,48.102530621,HIXnJ
A1610030,A161003001,2013-12-07,1382.0,2026-05-31T20:30:42Z,16,Donnée validée,10,Expertisée,20,Bonne,7.384986107,48.102530621,HIXnJ
A1610030,A161003001,2013-12-08,1368.0,2026-05-31T20:30:42Z,16,Donnée validée,10,Expertisée,20,Bonne,7.384986107,48.102530621,HIXnJ
A1610030,A161003001,2013-12-09,1326.0,2026-05-31T20:30:42Z,16,Donnée validée,10,Expertisée,20,Bonne,7.384986107,48.102530621,HIXnJ
A1610030,A161003001,2013-12-10,1310.0,2026-05-31T20:30:42Z,16,Donnée validée,10,Expertisée,20,Bonne,7.384986107,48.102530621,HIXnJ
A1610030,A161003001,2013-12-11,1298.0,2026-05-31T20:30:42Z,16,Donnée validée,10,Expertisée,20,Bonne,7.384986107,48.102530621,HIXnJ
A1610030,A161003001,2013-12-12,1291.0,2026-05-31T20:30:42Z,16,Donnée validée,10,Expertisée,20,Bonne,7.384986107,48.102530621,HIXnJ
A1610030,A161003001,2013-12-13,1327.0,2026-05-31T20:30:42Z,16,Donnée validée,10,Expertisée,20,Bonne,7.384986107,48.102530621,HIXnJ
A1610030,A161003001,2013-12-14,1283.0,2026-05-31T20:30:42Z,16,Donnée validée,10,Expertisée,20,Bonne,7.384986107,48.102530621,HIXnJ
A1610030,A161003001,2013-12-15,1282.0,2026-05-31T20:30:42Z,16,Donnée validée,10,Expertisée,20,Bonne,7.384986107,48.102530621,HIXnJ
A1610030,A161003001,2013-12-16,1276.0,2026-05-31T20:30:42Z,16,Donnée validée,10,Expertisée,20,Bonne,7.384986107,48.102530621,HIXnJ
A1610030,A161003001,2013-12-17,1276.0,2026-05-31T20:30:42Z,16,Donnée validée,10,Expertisée,20,Bonne,7.384986107,48.102530621,HIXnJ
A1610030,A161003001,2013-12-18,1257.0,2026-05-31T20:30:42Z,16,Donnée validée,10,Expertisée,20,Bonne,7.384986107,48.102530621,HIXnJ
A1610030,A161003001,2013-12-19,1298.0,2026-05-31T20:30:42Z,16,Donnée validée,10,Expertisée,20,Bonne,7.384986107,48.102530621,HIXnJ
A1610030,A161003001,2013-12-20,1326.0,2026-05-31T20:30:42Z,16,Donnée validée,10,Expertisée,20,Bonne,7.384986107,48.102530621,HIXnJ
A1610030,A161003001,2013-12-21,1342.0,2026-05-31T20:30:42Z,16,Donnée validée,10,Expertisée,20,Bonne,7.384986107,48.102530621,HIXnJ
A1610030,A161003001,2013-12-22,1320.0,2026-05-31T20:30:42Z,16,Donnée validée,10,Expertisée,20,Bonne,7.384986107,48.102530621,HIXnJ
A1610030,A161003001,2013-12-23,1354.0,2026-05-31T20:30:42Z,16,Donnée validée,10,Expertisée,20,Bonne,7.384986107,48.102530621,HIXnJ
A1610030,A161003001,2013-12-24,1366.0,2026-05-31T20:30:42Z,16,Donnée validée,10,Expertisée,20,Bonne,7.384986107,48.102530621,HIXnJ
A1610030,A161003001,2013-12-25,2287.0,2026-05-31T20:30:42Z,16,Donnée validée,10,Expertisée,20,Bonne,7.384986107,48.102530621,HIXnJ
A1610030,A161003001,2013-12-26,2986.0,2026-05-31T20:30:42Z,16,Donnée validée,10,Expertisée,20,Bonne,7.384986107,48.102530621,HIXnJ
A1610030,A161003001,2013-12-27,2943.0,2026-05-31T20:30:42Z,16,Donnée validée,10,Expertisée,20,Bonne,7.384986107,48.102530621,HIXnJ
A1610030,A161003001,2013-12-28,2586.0,2026-05-31T20:30:42Z,16,Donnée validée,10,Expertisée,20,Bonne,7.384986107,48.102530621,HIXnJ
A1610030,A161003001,2013-12-29,3290.0,2026-05-31T20:30:42Z,16,Donnée validée,10,Expertisée,20,Bonne,7.384986107,48.102530621,HIXnJ
A1610030,A161003001,2013-12-30,3197.0,2026-05-31T20:30:42Z,16,Donnée validée,10,Expertisée,20,Bonne,7.384986107,48.102530621,HIXnJ
A1610030,A161003001,2013-12-31,2336.0,2026-05-31T20:30:42Z,16,Donnée validée,10,Expertisée,20,Bonne,7.384986107,48.102530621,HIXnJ
A1610030,A161003001,2014-01-01,2058.0,2026-05-31T20:30:42Z,16,Donnée validée,10,Expertisée,20,Bonne,7.384986107,48.102530621,HIXnJ
A1610030,A161003001,2014-01-02,2255.0,2026-05-31T20:30:42Z,16,Donnée validée,10,Expertisée,20,Bonne,7.384986107,48.102530621,HIXnJ
A1610030,A161003001,2014-01-03,2290.0,2026-05-31T20:30:42Z,16,Donnée validée,10,Expertisée,20,Bonne,7.384986107,48.102530621,HIXnJ
A1610030,A161003001,2014-01-04,2842.0,2026-05-31T20:30:42Z,16,Donnée validée,10,Expertisée,20,Bonne,7.384986107,48.102530621,HIXnJ
A1610030,A161003001,2014-01-05,2964.0,2026-05-31T20:30:42Z,16,Donnée validée,10,Expertisée,20,Bonne,7.384986107,48.102530621,HIXnJ
A1610030,A161003001,2014-01-06,2699.0,2026-05-31T20:30:42Z,16,Donnée validée,10,Expertisée,20,Bonne,7.384986107,48.102530621,HIXnJ
A1610030,A161003001,2014-01-07,2247.0,2026-05-31T20:30:42Z,16,Donnée validée,10,Expertisée,20,Bonne,7.384986107,48.102530621,HIXnJ
A1610030,A161003001,2014-01-08,2035.0,2026-05-31T20:30:42Z,16,Donnée validée,10,Expertisée,20,Bonne,7.384986107,48.102530621,HIXnJ
A1610030,A161003001,2014-01-09,1888.0,2026-05-31T20:30:42Z,16,Donnée validée,10,Expertisée,20,Bonne,7.384986107,48.102530621,HIXnJ
A1610030,A161003001,2014-01-10,1840.0,2026-05-31T20:30:42Z,16,Donnée validée,10,Expertisée,20,Bonne,7.384986107,48.102530621,HIXnJ
A1610030,A161003001,2014-01-11,1821.0,2026-05-31T20:30:42Z,16,Donnée validée,10,Expertisée,20,Bonne,7.384986107,48.102530621,HIXnJ
A1610030,A161003001,2014-01-12,1714.0,2026-05-31T20:30:42Z,16,Donnée validée,10,Expertisée,20,Bonne,7.384986107,48.102530621,HIXnJ
A1610030,A161003001,2014-01-13,1716.0,2026-05-31T20:30:42Z,16,Donnée validée,10,Expertisée,20,Bonne,7.384986107,48.102530621,HIXnJ
A1610030,A161003001,2014-01-14,1641.0,2026-05-31T20:30:42Z,16,Donnée validée,10,Expertisée,20,Bonne,7.384986107,48.102530621,HIXnJ
A1610030,A161003001,2014-01-15,1624.0,2026-05-31T20:30:42Z,16,Donnée validée,10,Expertisée,20,Bonne,7.384986107,48.102530621,HIXnJ
A1610030,A161003001,2014-01-16,1600.0,2026-05-31T20:30:42Z,16,Donnée validée,10,Expertisée,20,Bonne,7.384986107,48.102530621,HIXnJ
A1610030,A161003001,2014-01-17,2014.0,2026-05-31T20:30:42Z,16,Donnée validée,10,Expertisée,20,Bonne,7.384986107,48.102530621,HIXnJ
A1610030,A161003001,2014-01-18,1889.0,2026-05-31T20:30:42Z,16,Donnée validée,10,Expertisée,20,Bonne,7.384986107,48.102530621,HIXnJ
A1610030,A161003001,2014-01-19,1681.0,2026-05-31T20:30:42Z,16,Donnée validée,10,Expertisée,20,Bonne,7.384986107,48.102530621,HIXnJ
A1610030,A161003001,2014-01-20,1612.0,2026-05-31T20:30:42Z,16,Donnée validée,10,Expertisée,20,Bonne,7.384986107,48.102530621,HIXnJ
A1610030,A161003001,2014-01-21,1571.0,2026-05-31T20:30:42Z,16,Donnée validée,10,Expertisée,20,Bonne,7.384986107,48.102530621,HIXnJ
A1610030,A161003001,2014-01-22,1570.0,2026-05-31T20:30:42Z,16,Donnée validée,10,Expertisée,20,Bonne,7.384986107,48.102530621,HIXnJ
A1610030,A161003001,2014-01-23,1472.0,2026-05-31T20:30:42Z,16,Donnée validée,10,Expertisée,20,Bonne,7.384986107,48.102530621,HIXnJ
A1610030,A161003001,2014-01-24,1572.0,2026-05-31T20:30:42Z,16,Donnée validée,10,Expertisée,20,Bonne,7.384986107,48.102530621,HIXnJ
A1610030,A161003001,2014-01-25,1567.0,2026-05-31T20:30:42Z,16,Donnée validée,10,Expertisée,20,Bonne,7.384986107,48.102530621,HIXnJ
A1610030,A161003001,2014-01-26,1490.0,2026-05-31T20:30:42Z,16,Donnée validée,10,Expertisée,20,Bonne,7.384986107,48.102530621,HIXnJ
A1610030,A161003001,2014-01-27,1723.0,2026-05-31T20:30:42Z,16,Donnée validée,10,Expertisée,20,Bonne,7.384986107,48.102530621,HIXnJ
A1610030,A161003001,2014-01-28,1724.0,2026-05-31T20:30:42Z,16,Donnée validée,10,Expertisée,20,Bonne,7.384986107,48.102530621,HIXnJ
A1610030,A161003001,2014-01-29,1620.0,2026-05-31T20:30:42Z,16,Donnée validée,10,Expertisée,20,Bonne,7.384986107,48.102530621,HIXnJ
A1610030,A161003001,2014-01-30,1555.0,2026-05-31T20:30:42Z,16,Donnée validée,10,Expertisée,20,Bonne,7.384986107,48.102530621,HIXnJ
A1610030,A161003001,2014-01-31,1499.0,2026-05-31T20:30:42Z,16,Donnée validée,10,Expertisée,20,Bonne,7.384986107,48.102530621,HIXnJ
A1610030,A161003001,2014-02-01,1459.0,2026-05-31T20:30:42Z,16,Donnée validée,10,Expertisée,20,Bonne,7.384986107,48.102530621,HIXnJ
A1610030,A161003001,2014-02-02,1465.0,2026-05-31T20:30:42Z,16,Donnée validée,10,Expertisée,20,Bonne,7.384986107,48.102530621,HIXnJ
A1610030,A161003001,2014-02-03,1471.0,2026-05-31T20:30:42Z,16,Donnée validée,10,Expertisée,20,Bonne,7.384986107,48.102530621,HIXnJ
A1610030,A161003001,2014-02-04,1449.0,2026-05-31T20:30:42Z,16,Donnée validée,10,Expertisée,20,Bonne,7.384986107,48.102530621,HIXnJ
A1610030,A161003001,2014-02-05,1749.0,2026-05-31T20:30:42Z,16,Donnée validée,10,Expertisée,20,Bonne,7.384986107,48.102530621,HIXnJ
A1610030,A161003001,2014-02-06,1429.0,2026-05-31T20:30:42Z,16,Donnée validée,10,Expertisée,20,Bonne,7.384986107,48.102530621,HIXnJ
A1610030,A161003001,2014-02-07,1537.0,2026-05-31T20:30:42Z,16,Donnée validée,10,Expertisée,20,Bonne,7.384986107,48.102530621,HIXnJ
A1610030,A161003001,2014-02-08,1702.0,2026-05-31T20:30:42Z,16,Donnée validée,10,Expertisée,20,Bonne,7.384986107,48.102530621,HIXnJ
A1610030,A161003001,2014-02-09,1945.0,2026-05-31T20:30:42Z,16,Donnée validée,10,Expertisée,20,Bonne,7.384986107,48.102530621,HIXnJ
A1610030,A161003001,2014-02-10,1808.0,2026-05-31T20:30:42Z,16,Donnée validée,10,Expertisée,20,Bonne,7.384986107,48.102530621,HIXnJ
A1610030,A161003001,2014-02-11,1747.0,2026-05-31T20:30:42Z,16,Donnée validée,10,Expertisée,20,Bonne,7.384986107,48.102530621,HIXnJ
A1610030,A161003001,2014-02-12,1829.0,2026-05-31T20:30:42Z,16,Donnée validée,10,Expertisée,20,Bonne,7.384986107,48.102530621,HIXnJ
A1610030,A161003001,2014-02-13,2146.0,2026-05-31T20:30:42Z,16,Donnée validée,10,Expertisée,20,Bonne,7.384986107,48.102530621,HIXnJ
A1610030,A161003001,2014-02-14,2717.0,2026-05-31T20:30:42Z,16,Donnée validée,10,Expertisée,20,Bonne,7.384986107,48.102530621,HIXnJ
A1610030,A161003001,2014-02-15,2530.0,2026-05-31T20:30:42Z,16,Donnée validée,10,Expertisée,20,Bonne,7.384986107,48.102530621,HIXnJ
A1610030,A161003001,2014-02-16,3191.0,2026-05-31T20:30:42Z,16,Donnée validée,10,Expertisée,20,Bonne,7.384986107,48.102530621,HIXnJ
A1610030,A161003001,2014-02-17,3148.0,2026-05-31T20:30:42Z,16,Donnée validée,10,Expertisée,20,Bonne,7.384986107,48.102530621,HIXnJ
A1610030,A161003001,2014-02-18,2424.0,2026-05-31T20:30:42Z,16,Donnée validée,10,Expertisée,20,Bonne,7.384986107,48.102530621,HIXnJ
A1610030,A161003001,2014-02-19,2152.0,2026-05-31T20:30:42Z,16,Donnée validée,10,Expertisée,20,Bonne,7.384986107,48.102530621,HIXnJ
A1610030,A161003001,2014-02-20,1953.0,2026-05-31T20:30:42Z,16,Donnée validée,10,Expertisée,20,Bonne,7.384986107,48.102530621,HIXnJ
A1610030,A161003001,2014-02-21,1868.0,2026-05-31T20:30:42Z,16,Donnée validée,10,Expertisée,20,Bonne,7.384986107,48.102530621,HIXnJ
A1610030,A161003001,2014-02-22,1892.0,2026-05-31T20:30:42Z,16,Donnée validée,10,Expertisée,20,Bonne,7.384986107,48.102530621,HIXnJ
A1610030,A161003001,2014-02-23,1769.0,2026-05-31T20:30:42Z,16,Donnée validée,10,Expertisée,20,Bonne,7.384986107,48.102530621,HIXnJ
A1610030,A161003001,2014-02-24,1722.0,2026-05-31T20:30:42Z,16,Donnée validée,10,Expertisée,20,Bonne,7.384986107,48.102530621,HIXnJ
A1610030,A161003001,2014-02-25,1654.0,2026-05-31T20:30:42Z,16,Donnée validée,10,Expertisée,20,Bonne,7.384986107,48.102530621,HIXnJ
A1610030,A161003001,2014-02-26,1672.0,2026-05-31T20:30:42Z,16,Donnée validée,10,Expertisée,20,Bonne,7.384986107,48.102530621,HIXnJ
A1610030,A161003001,2014-02-27,1899.0,2026-05-31T20:30:42Z,16,Donnée validée,10,Expertisée,20,Bonne,7.384986107,48.102530621,HIXnJ
A1610030,A161003001,2014-02-28,1742.0,2026-05-31T20:30:42Z,16,Donnée validée,10,Expertisée,20,Bonne,7.384986107,48.102530621,HIXnJ
A1610030,A161003001,2014-03-01,1767.0,2026-05-31T20:30:42Z,16,Donnée validée,10,Expertisée,20,Bonne,7.384986107,48.102530621,HIXnJ
A1610030,A161003001,2014-03-02,1731.0,2026-05-31T20:30:42Z,16,Donnée validée,10,Expertisée,20,Bonne,7.384986107,48.102530621,HIXnJ
A1610030,A161003001,2014-03-03,1668.0,2026-05-31T20:30:42Z,16,Donnée validée,10,Expertisée,20,Bonne,7.384986107,48.102530621,HIXnJ
A1610030,A161003001,2014-03-04,1664.0,2026-05-31T20:30:42Z,16,Donnée validée,10,Expertisée,20,Bonne,7.384986107,48.102530621,HIXnJ
A1610030,A161003001,2014-03-05,1593.0,2026-05-31T20:30:42Z,16,Donnée validée,10,Expertisée,20,Bonne,7.384986107,48.102530621,HIXnJ
A1610030,A161003001,2014-03-06,1541.0,2026-05-31T20:30:42Z,16,Donnée validée,10,Expertisée,20,Bonne,7.384986107,48.102530621,HIXnJ
A1610030,A161003001,2014-03-07,1507.0,2026-05-31T20:30:42Z,16,Donnée validée,10,Expertisée,20,Bonne,7.384986107,48.102530621,HIXnJ
A1610030,A161003001,2014-03-08,1480.0,2026-05-31T20:30:42Z,16,Donnée validée,10,Expertisée,20,Bonne,7.384986107,48.102530621,HIXnJ
A1610030,A161003001,2014-03-09,1451.0,2026-05-31T20:30:42Z,16,Donnée validée,10,Expertisée,20,Bonne,7.384986107,48.102530621,HIXnJ
A1610030,A161003001,2014-03-10,1427.0,2026-05-31T20:30:42Z,16,Donnée validée,10,Expertisée,20,Bonne,7.384986107,48.102530621,HIXnJ
A1610030,A161003001,2014-03-11,1414.0,2026-05-31T20:30:42Z,16,Donnée validée,10,Expertisée,20,Bonne,7.384986107,48.102530621,HIXnJ
A1610030,A161003001,2014-03-12,1401.0,2026-05-31T20:30:42Z,16,Donnée validée,10,Expertisée,20,Bonne,7.384986107,48.102530621,HIXnJ
A1610030,A161003001,2014-03-13,1385.0,2026-05-31T20:30:42Z,16,Donnée validée,10,Expertisée,20,Bonne,7.384986107,48.102530621,HIXnJ
A1610030,A161003001,2014-03-14,1382.0,2026-05-31T20:30:42Z,16,Donnée validée,10,Expertisée,20,Bonne,7.384986107,48.102530621,HIXnJ
A1610030,A161003001,2014-03-15,1371.0,2026-05-31T20:30:42Z,16,Donnée validée,10,Expertisée,20,Bonne,7.384986107,48.102530621,HIXnJ
A1610030,A161003001,2014-03-16,1362.0,2026-05-31T20:30:42Z,16,Donnée validée,10,Expertisée,20,Bonne,7.384986107,48.102530621,HIXnJ
A1610030,A161003001,2014-03-17,1372.0,2026-05-31T20:30:42Z,16,Donnée validée,10,Expertisée,20,Bonne,7.384986107,48.102530621,HIXnJ
A1610030,A161003001,2014-03-18,1461.0,2026-05-31T20:30:42Z,16,Donnée validée,10,Expertisée,20,Bonne,7.384986107,48.102530621,HIXnJ
A1610030,A161003001,2014-03-19,1366.0,2026-05-31T20:30:42Z,16,Donnée validée,10,Expertisée,20,Bonne,7.384986107,48.102530621,HIXnJ
A1610030,A161003001,2014-03-20,1348.0,2026-05-31T20:30:42Z,16,Donnée validée,10,Expertisée,20,Bonne,7.384986107,48.102530621,HIXnJ
A1610030,A161003001,2014-03-21,1325.0,2026-05-31T20:30:42Z,16,Donnée validée,10,Expertisée,20,Bonne,7.384986107,48.102530621,HIXnJ
A1610030,A161003001,2014-03-22,1356.0,2026-05-31T20:30:42Z,16,Donnée validée,10,Expertisée,20,Bonne,7.384986107,48.102530621,HIXnJ
A1610030,A161003001,2014-03-23,1372.0,2026-05-31T20:30:42Z,16,Donnée validée,10,Expertisée,20,Bonne,7.384986107,48.102530621,HIXnJ
A1610030,A161003001,2014-03-24,1360.0,2026-05-31T20:30:42Z,16,Donnée validée,10,Expertisée,20,Bonne,7.384986107,48.102530621,HIXnJ
A1610030,A161003001,2014-03-25,1343.0,2026-05-31T20:30:42Z,16,Donnée validée,10,Expertisée,20,Bonne,7.384986107,48.102530621,HIXnJ
A1610030,A161003001,2014-03-26,1388.0,2026-05-31T20:30:42Z,16,Donnée validée,10,Expertisée,20,Bonne,7.384986107,48.102530621,HIXnJ
A1610030,A161003001,2014-03-27,1316.0,2026-05-31T20:30:42Z,16,Donnée validée,10,Expertisée,20,Bonne,7.384986107,48.102530621,HIXnJ
A1610030,A161003001,2014-03-28,1294.0,2026-05-31T20:30:42Z,16,Donnée validée,10,Expertisée,20,Bonne,7.384986107,48.102530621,HIXnJ
A1610030,A161003001,2014-03-29,1281.0,2026-05-31T20:30:42Z,16,Donnée validée,10,Expertisée,20,Bonne,7.384986107,48.102530621,HIXnJ
A1610030,A161003001,2014-03-30,1268.0,2026-05-31T20:30:42Z,16,Donnée validée,10,Expertisée,20,Bonne,7.384986107,48.102530621,HIXnJ
A1610030,A161003001,2014-03-31,1261.0,2026-05-31T20:30:42Z,16,Donnée validée,10,Expertisée,20,Bonne,7.384986107,48.102530621,HIXnJ
A1610030,A161003001,2014-04-01,1256.0,2026-05-31T20:30:42Z,16,Donnée validée,10,Expertisée,20,Bonne,7.384986107,48.102530621,HIXnJ
A1610030,A161003001,2014-04-02,1251.0,2026-05-31T20:30:42Z,16,Donnée validée,10,Expertisée,20,Bonne,7.384986107,48.102530621,HIXnJ
A1610030,A161003001,2014-04-03,1250.0,2026-05-31T20:30:42Z,16,Donnée validée,10,Expertisée,20,Bonne,7.384986107,48.102530621,HIXnJ
A1610030,A161003001,2014-04-04,1253.0,2026-05-31T20:30:42Z,16,Donnée validée,10,Expertisée,20,Bonne,7.384986107,48.102530621,HIXnJ
A1610030,A161003001,2014-04-05,1256.0,2026-05-31T20:30:42Z,16,Donnée validée,10,Expertisée,20,Bonne,7.384986107,48.102530621,HIXnJ
A1610030,A161003001,2014-04-06,1254.0,2026-05-31T20:30:42Z,16,Donnée validée,10,Expertisée,20,Bonne,7.384986107,48.102530621,HIXnJ
A1610030,A161003001,2014-04-07,1252.0,2026-05-31T20:30:42Z,16,Donnée validée,10,Expertisée,20,Bonne,7.384986107,48.102530621,HIXnJ
A1610030,A161003001,2014-04-08,1245.0,2026-05-31T20:30:42Z,16,Donnée validée,10,Expertisée,20,Bonne,7.384986107,48.102530621,HIXnJ
A1610030,A161003001,2014-04-09,1241.0,2026-05-31T20:30:42Z,16,Donnée validée,10,Expertisée,20,Bonne,7.384986107,48.102530621,HIXnJ
A1610030,A161003001,2014-04-10,1231.0,2026-05-31T20:30:42Z,16,Donnée validée,10,Expertisée,20,Bonne,7.384986107,48.102530621,HIXnJ
A1610030,A161003001,2014-04-11,1229.0,2026-05-31T20:30:42Z,16,Donnée validée,10,Expertisée,20,Bonne,7.384986107,48.102530621,HIXnJ
A1610030,A161003001,2014-04-12,1222.0,2026-05-31T20:30:42Z,16,Donnée validée,10,Expertisée,20,Bonne,7.384986107,48.102530621,HIXnJ
A1610030,A161003001,2014-04-13,1211.0,2026-05-31T20:30:42Z,16,Donnée validée,10,Expertisée,20,Bonne,7.384986107,48.102530621,HIXnJ
A1610030,A161003001,2014-04-14,1213.0,2026-05-31T20:30:42Z,16,Donnée validée,10,Expertisée,20,Bonne,7.384986107,48.102530621,HIXnJ
A1610030,A161003001,2014-04-15,1210.0,2026-05-31T20:30:42Z,16,Donnée validée,10,Expertisée,20,Bonne,7.384986107,48.102530621,HIXnJ
A1610030,A161003001,2014-04-16,1206.0,2026-05-31T20:30:42Z,16,Donnée validée,10,Expertisée,20,Bonne,7.384986107,48.102530621,HIXnJ
A1610030,A161003001,2014-04-17,1201.0,2026-05-31T20:30:42Z,16,Donnée validée,10,Expertisée,20,Bonne,7.384986107,48.102530621,HIXnJ
A1610030,A161003001,2014-04-18,1201.0,2026-05-31T20:30:42Z,16,Donnée validée,10,Expertisée,20,Bonne,7.384986107,48.102530621,HIXnJ
A1610030,A161003001,2014-04-19,1209.0,2026-05-31T20:30:42Z,16,Donnée validée,10,Expertisée,20,Bonne,7.384986107,48.102530621,HIXnJ
A1610030,A161003001,2014-04-20,1203.0,2026-05-31T20:30:42Z,16,Donnée validée,10,Expertisée,20,Bonne,7.384986107,48.102530621,HIXnJ
A1610030,A161003001,2014-04-21,1243.0,2026-05-31T20:30:42Z,16,Donnée validée,10,Expertisée,20,Bonne,7.384986107,48.102530621,HIXnJ
A1610030,A161003001,2014-04-22,1215.0,2026-05-31T20:30:42Z,16,Donnée validée,10,Expertisée,20,Bonne,7.384986107,48.102530621,HIXnJ
A1610030,A161003001,2014-04-23,1206.0,2026-05-31T20:30:42Z,16,Donnée validée,10,Expertisée,20,Bonne,7.384986107,48.102530621,HIXnJ
A1610030,A161003001,2014-04-24,1248.0,2026-05-31T20:30:42Z,16,Donnée validée,10,Expertisée,20,Bonne,7.384986107,48.102530621,HIXnJ
A1610030,A161003001,2014-04-25,1208.0,2026-05-31T20:30:42Z,16,Donnée validée,10,Expertisée,20,Bonne,7.384986107,48.102530621,HIXnJ
A1610030,A161003001,2014-04-26,1267.0,2026-05-31T20:30:42Z,16,Donnée validée,10,Expertisée,20,Bonne,7.384986107,48.102530621,HIXnJ
A1610030,A161003001,2014-04-27,1267.0,2026-05-31T20:30:42Z,16,Donnée validée,10,Expertisée,20,Bonne,7.384986107,48.102530621,HIXnJ
A1610030,A161003001,2014-04-28,1242.0,2026-05-31T20:30:42Z,16,Donnée validée,10,Expertisée,20,Bonne,7.384986107,48.102530621,HIXnJ
A1610030,A161003001,2014-04-29,1253.0,2026-05-31T20:30:42Z,16,Donnée validée,10,Expertisée,20,Bonne,7.384986107,48.102530621,HIXnJ
A1610030,A161003001,2014-04-30,1250.0,2026-05-31T20:30:42Z,16,Donnée validée,10,Expertisée,20,Bonne,7.384986107,48.102530621,HIXnJ
A1610030,A161003001,2014-05-01,1452.0,2026-05-31T20:30:42Z,16,Donnée validée,10,Expertisée,20,Bonne,7.384986107,48.102530621,HIXnJ
A1610030,A161003001,2014-05-02,1353.0,2026-05-31T20:30:42Z,16,Donnée validée,10,Expertisée,20,Bonne,7.384986107,48.102530621,HIXnJ
A1610030,A161003001,2014-05-03,1316.0,2026-05-31T20:30:42Z,16,Donnée validée,10,Expertisée,20,Bonne,7.384986107,48.102530621,HIXnJ
A1610030,A161003001,2014-05-04,1282.0,2026-05-31T20:30:42Z,16,Donnée validée,10,Expertisée,20,Bonne,7.384986107,48.102530621,HIXnJ
A1610030,A161003001,2014-05-05,1259.0,2026-05-31T20:30:42Z,16,Donnée validée,10,Expertisée,20,Bonne,7.384986107,48.102530621,HIXnJ
A1610030,A161003001,2014-05-06,1241.0,2026-05-31T20:30:42Z,16,Donnée validée,10,Expertisée,20,Bonne,7.384986107,48.102530621,HIXnJ
A1610030,A161003001,2014-05-07,1285.0,2026-05-31T20:30:42Z,16,Donnée validée,10,Expertisée,20,Bonne,7.384986107,48.102530621,HIXnJ
A1610030,A161003001,2014-05-08,1287.0,2026-05-31T20:30:42Z,16,Donnée validée,10,Expertisée,20,Bonne,7.384986107,48.102530621,HIXnJ
A1610030,A161003001,2014-05-09,1253.0,2026-05-31T20:30:42Z,16,Donnée validée,10,Expertisée,20,Bonne,7.384986107,48.102530621,HIXnJ
A1610030,A161003001,2014-05-10,1256.0,2026-05-31T20:30:42Z,16,Donnée validée,10,Expertisée,20,Bonne,7.384986107,48.102530621,HIXnJ
A1610030,A161003001,2014-05-11,1250.0,2026-05-31T20:30:42Z,16,Donnée validée,10,Expertisée,20,Bonne,7.384986107,48.102530621,HIXnJ
A1610030,A161003001,2014-05-12,1318.0,2026-05-31T20:30:42Z,16,Donnée validée,10,Expertisée,20,Bonne,7.384986107,48.102530621,HIXnJ
A1610030,A161003001,2014-05-13,1355.0,2026-05-31T20:30:42Z,16,Donnée validée,10,Expertisée,20,Bonne,7.384986107,48.102530621,HIXnJ
A1610030,A161003001,2014-05-14,1345.0,2026-05-31T20:30:42Z,16,Donnée validée,10,Expertisée,20,Bonne,7.384986107,48.102530621,HIXnJ
A1610030,A161003001,2014-05-15,1358.0,2026-05-31T20:30:42Z,16,Donnée validée,10,Expertisée,20,Bonne,7.384986107,48.102530621,HIXnJ
A1610030,A161003001,2014-05-16,1322.0,2026-05-31T20:30:42Z,16,Donnée validée,10,Expertisée,20,Bonne,7.384986107,48.102530621,HIXnJ
A1610030,A161003001,2014-05-17,1305.0,2026-05-31T20:30:42Z,16,Donnée validée,10,Expertisée,20,Bonne,7.384986107,48.102530621,HIXnJ
A1610030,A161003001,2014-05-18,1283.0,2026-05-31T20:30:42Z,16,Donnée validée,10,Expertisée,20,Bonne,7.384986107,48.102530621,HIXnJ
A1610030,A161003001,2014-05-19,1267.0,2026-05-31T20:30:42Z,16,Donnée validée,10,Expertisée,20,Bonne,7.384986107,48.102530621,HIXnJ
A1610030,A161003001,2014-05-20,1244.0,2026-05-31T20:30:42Z,16,Donnée validée,10,Expertisée,20,Bonne,7.384986107,48.102530621,HIXnJ
A1610030,A161003001,2014-05-21,1220.0,2026-05-31T20:30:42Z,16,Donnée validée,10,Expertisée,20,Bonne,7.384986107,48.102530621,HIXnJ
A1610030,A161003001,2014-05-22,1209.0,2026-05-31T20:30:42Z,16,Donnée validée,10,Expertisée,20,Bonne,7.384986107,48.102530621,HIXnJ
A1610030,A161003001,2014-05-23,1397.0,2026-05-31T20:30:42Z,16,Donnée validée,10,Expertisée,20,Bonne,7.384986107,48.102530621,HIXnJ
A1610030,A161003001,2014-05-24,1370.0,2026-05-31T20:30:42Z,16,Donnée validée,10,Expertisée,20,Bonne,7.384986107,48.102530621,HIXnJ
A1610030,A161003001,2014-05-25,1280.0,2026-05-31T20:30:42Z,16,Donnée validée,10,Expertisée,20,Bonne,7.384986107,48.102530621,HIXnJ
A1610030,A161003001,2014-05-26,1331.0,2026-05-31T20:30:42Z,16,Donnée validée,10,Expertisée,20,Bonne,7.384986107,48.102530621,HIXnJ
A1610030,A161003001,2014-05-27,1353.0,2026-05-31T20:30:42Z,16,Donnée validée,10,Expertisée,20,Bonne,7.384986107,48.102530621,HIXnJ
A1610030,A161003001,2014-05-28,1259.0,2026-05-31T20:30:42Z,16,Donnée validée,10,Expertisée,20,Bonne,7.384986107,48.102530621,HIXnJ
A1610030,A161003001,2014-05-29,1233.0,2026-05-31T20:30:42Z,16,Donnée validée,10,Expertisée,20,Bonne,7.384986107,48.102530621,HIXnJ
A1610030,A161003001,2014-05-30,1217.0,2026-05-31T20:30:42Z,16,Donnée validée,10,Expertisée,20,Bonne,7.384986107,48.102530621,HIXnJ
A1610030,A161003001,2014-05-31,1209.0,2026-05-31T20:30:42Z,16,Donnée validée,10,Expertisée,20,Bonne,7.384986107,48.102530621,HIXnJ
A1610030,A161003001,2014-06-01,1201.0,2026-05-31T20:30:42Z,16,Donnée validée,10,Expertisée,20,Bonne,7.384986107,48.102530621,HIXnJ
A1610030,A161003001,2014-06-02,1194.0,2026-05-31T20:30:42Z,16,Donnée validée,10,Expertisée,20,Bonne,7.384986107,48.102530621,HIXnJ
A1610030,A161003001,2014-06-03,1192.0,2026-05-31T20:30:42Z,16,Donnée validée,10,Expertisée,20,Bonne,7.384986107,48.102530621,HIXnJ
A1610030,A161003001,2014-06-04,1196.0,2026-05-31T20:30:42Z,16,Donnée validée,10,Expertisée,20,Bonne,7.384986107,48.102530621,HIXnJ
A1610030,A161003001,2014-06-05,1227.0,2026-05-31T20:30:42Z,16,Donnée validée,10,Expertisée,20,Bonne,7.384986107,48.102530621,HIXnJ
A1610030,A161003001,2014-06-06,1209.0,2026-05-31T20:30:42Z,16,Donnée validée,10,Expertisée,20,Bonne,7.384986107,48.102530621,HIXnJ
A1610030,A161003001,2014-06-07,1190.0,2026-05-31T20:30:42Z,16,Donnée validée,10,Expertisée,20,Bonne,7.384986107,48.102530621,HIXnJ
A1610030,A161003001,2014-06-08,1176.0,2026-05-31T20:30:42Z,16,Donnée validée,10,Expertisée,20,Bonne,7.384986107,48.102530621,HIXnJ
A1610030,A161003001,2014-06-09,1166.0,2026-05-31T20:30:42Z,16,Donnée validée,10,Expertisée,20,Bonne,7.384986107,48.102530621,HIXnJ
A1610030,A161003001,2014-06-10,1147.0,2026-05-31T20:30:42Z,16,Donnée validée,10,Expertisée,20,Bonne,7.384986107,48.102530621,HIXnJ
A1610030,A161003001,2014-06-11,1148.0,2026-05-31T20:30:42Z,16,Donnée validée,10,Expertisée,20,Bonne,7.384986107,48.102530621,HIXnJ
A1610030,A161003001,2014-06-12,1163.0,2026-05-31T20:30:42Z,16,Donnée validée,10,Expertisée,20,Bonne,7.384986107,48.102530621,HIXnJ
A1610030,A161003001,2014-06-13,1150.0,2026-05-31T20:30:42Z,16,Donnée validée,10,Expertisée,20,Bonne,7.384986107,48.102530621,HIXnJ
A1610030,A161003001,2014-06-14,1146.0,2026-05-31T20:30:42Z,16,Donnée validée,10,Expertisée,20,Bonne,7.384986107,48.102530621,HIXnJ
A1610030,A161003001,2014-06-15,1136.0,2026-05-31T20:30:42Z,16,Donnée validée,10,Expertisée,20,Bonne,7.384986107,48.102530621,HIXnJ
A1610030,A161003001,2014-06-16,1131.0,2026-05-31T20:30:42Z,16,Donnée validée,10,Expertisée,20,Bonne,7.384986107,48.102530621,HIXnJ
A1610030,A161003001,2014-06-17,1127.0,2026-05-31T20:30:42Z,16,Donnée validée,10,Expertisée,20,Bonne,7.384986107,48.102530621,HIXnJ
A1610030,A161003001,2014-06-18,1129.0,2026-05-31T20:30:42Z,16,Donnée validée,10,Expertisée,20,Bonne,7.384986107,48.102530621,HIXnJ
A1610030,A161003001,2014-06-19,1125.0,2026-05-31T20:30:42Z,16,Donnée validée,10,Expertisée,20,Bonne,7.384986107,48.102530621,HIXnJ
A1610030,A161003001,2014-06-20,1116.0,2026-05-31T20:30:42Z,16,Donnée validée,10,Expertisée,20,Bonne,7.384986107,48.102530621,HIXnJ
A1610030,A161003001,2014-06-21,1104.0,2026-05-31T20:30:42Z,16,Donnée validée,10,Expertisée,20,Bonne,7.384986107,48.102530621,HIXnJ
A1610030,A161003001,2014-06-22,1119.0,2026-05-31T20:30:42Z,16,Donnée validée,10,Expertisée,20,Bonne,7.384986107,48.102530621,HIXnJ
A1610030,A161003001,2014-06-23,1129.0,2026-05-31T20:30:42Z,16,Donnée validée,10,Expertisée,20,Bonne,7.384986107,48.102530621,HIXnJ
A1610030,A161003001,2014-06-24,1124.0,2026-05-31T20:30:42Z,16,Donnée validée,10,Expertisée,20,Bonne,7.384986107,48.102530621,HIXnJ
A1610030,A161003001,2014-06-25,1143.0,2026-05-31T20:30:42Z,16,Donnée validée,10,Expertisée,20,Bonne,7.384986107,48.102530621,HIXnJ
A1610030,A161003001,2014-06-26,1131.0,2026-05-31T20:30:42Z,16,Donnée validée,10,Expertisée,20,Bonne,7.384986107,48.102530621,HIXnJ
A1610030,A161003001,2014-06-27,1131.0,2026-05-31T20:30:42Z,16,Donnée validée,10,Expertisée,20,Bonne,7.384986107,48.102530621,HIXnJ
A1610030,A161003001,2014-06-28,1128.0,2026-05-31T20:30:42Z,16,Donnée validée,10,Expertisée,20,Bonne,7.384986107,48.102530621,HIXnJ
A1610030,A161003001,2014-06-29,1234.0,2026-05-31T20:30:42Z,16,Donnée validée,10,Expertisée,20,Bonne,7.384986107,48.102530621,HIXnJ
A1610030,A161003001,2014-06-30,1233.0,2026-05-31T20:30:42Z,16,Donnée validée,10,Expertisée,20,Bonne,7.384986107,48.102530621,HIXnJ
A1610030,A161003001,2014-07-01,1188.0,2026-05-31T20:30:42Z,16,Donnée validée,10,Expertisée,20,Bonne,7.384986107,48.102530621,HIXnJ
A1610030,A161003001,2014-07-02,1143.0,2026-05-31T20:30:42Z,16,Donnée validée,10,Expertisée,20,Bonne,7.384986107,48.102530621,HIXnJ
A1610030,A161003001,2014-07-03,1128.0,2026-05-31T20:30:42Z,16,Donnée validée,10,Expertisée,20,Bonne,7.384986107,48.102530621,HIXnJ
A1610030,A161003001,2014-07-04,1118.0,2026-05-31T20:30:42Z,16,Donnée validée,10,Expertisée,20,Bonne,7.384986107,48.102530621,HIXnJ
A1610030,A161003001,2014-07-05,1174.0,2026-05-31T20:30:42Z,16,Donnée validée,10,Expertisée,20,Bonne,7.384986107,48.102530621,HIXnJ
A1610030,A161003001,2014-07-06,1259.0,2026-05-31T20:30:42Z,16,Donnée validée,10,Expertisée,20,Bonne,7.384986107,48.102530621,HIXnJ
A1610030,A161003001,2014-07-07,1427.0,2026-05-31T20:30:42Z,16,Donnée validée,10,Expertisée,20,Bonne,7.384986107,48.102530621,HIXnJ
A1610030,A161003001,2014-07-08,1272.0,2026-05-31T20:30:42Z,16,Donnée validée,10,Expertisée,20,Bonne,7.384986107,48.102530621,HIXnJ
A1610030,A161003001,2014-07-09,1232.0,2026-05-31T20:30:42Z,16,Donnée validée,10,Expertisée,20,Bonne,7.384986107,48.102530621,HIXnJ
A1610030,A161003001,2014-07-10,1279.0,2026-05-31T20:30:42Z,16,Donnée validée,10,Expertisée,20,Bonne,7.384986107,48.102530621,HIXnJ
A1610030,A161003001,2014-07-11,1624.0,2026-05-31T20:30:42Z,16,Donnée validée,10,Expertisée,20,Bonne,7.384986107,48.102530621,HIXnJ
A1610030,A161003001,2014-07-12,1602.0,2026-05-31T20:30:42Z,16,Donnée validée,10,Expertisée,20,Bonne,7.384986107,48.102530621,HIXnJ
A1610030,A161003001,2014-07-13,1421.0,2026-05-31T20:30:42Z,16,Donnée validée,10,Expertisée,20,Bonne,7.384986107,48.102530621,HIXnJ
A1610030,A161003001,2014-07-14,1503.0,2026-05-31T20:30:42Z,16,Donnée validée,10,Expertisée,20,Bonne,7.384986107,48.102530621,HIXnJ
A1610030,A161003001,2014-07-15,1335.0,2026-05-31T20:30:42Z,16,Donnée validée,10,Expertisée,20,Bonne,7.384986107,48.102530621,HIXnJ
A1610030,A161003001,2014-07-16,1275.0,2026-05-31T20:30:42Z,16,Donnée validée,10,Expertisée,20,Bonne,7.384986107,48.102530621,HIXnJ
A1610030,A161003001,2014-07-17,1223.0,2026-05-31T20:30:42Z,16,Donnée validée,10,Expertisée,20,Bonne,7.384986107,48.102530621,HIXnJ
A1610030,A161003001,2014-07-18,1188.0,2026-05-31T20:30:42Z,16,Donnée validée,10,Expertisée,20,Bonne,7.384986107,48.102530621,HIXnJ
A1610030,A161003001,2014-07-19,1179.0,2026-05-31T20:30:42Z,16,Donnée validée,10,Expertisée,20,Bonne,7.384986107,48.102530621,HIXnJ
A1610030,A161003001,2014-07-20,1475.0,2026-05-31T20:30:42Z,16,Donnée validée,10,Expertisée,20,Bonne,7.384986107,48.102530621,HIXnJ
A1610030,A161003001,2014-07-21,1393.0,2026-05-31T20:30:42Z,16,Donnée validée,10,Expertisée,20,Bonne,7.384986107,48.102530621,HIXnJ
A1610030,A161003001,2014-07-22,1607.0,2026-05-31T20:30:42Z,16,Donnée validée,10,Expertisée,20,Bonne,7.384986107,48.102530621,HIXnJ
A1610030,A161003001,2014-07-23,1709.0,2026-05-31T20:30:42Z,16,Donnée validée,10,Expertisée,20,Bonne,7.384986107,48.102530621,HIXnJ
A1610030,A161003001,2014-07-24,1540.0,2026-05-31T20:30:42Z,16,Donnée validée,10,Expertisée,20,Bonne,7.384986107,48.102530621,HIXnJ
A1610030,A161003001,2014-07-25,1329.0,2026-05-31T20:30:42Z,16,Donnée validée,10,Expertisée,20,Bonne,7.384986107,48.102530621,HIXnJ
A1610030,A161003001,2014-07-26,1642.0,2026-05-31T20:30:42Z,16,Donnée validée,10,Expertisée,20,Bonne,7.384986107,48.102530621,HIXnJ
A1610030,A161003001,2014-07-27,1473.0,2026-05-31T20:30:42Z,16,Donnée validée,10,Expertisée,20,Bonne,7.384986107,48.102530621,HIXnJ
A1610030,A161003001,2014-07-28,1408.0,2026-05-31T20:30:42Z,16,Donnée validée,10,Expertisée,20,Bonne,7.384986107,48.102530621,HIXnJ
A1610030,A161003001,2014-07-29,1600.0,2026-05-31T20:30:42Z,16,Donnée validée,10,Expertisée,20,Bonne,7.384986107,48.102530621,HIXnJ
A1610030,A161003001,2014-07-30,1742.0,2026-05-31T20:30:42Z,16,Donnée validée,10,Expertisée,20,Bonne,7.384986107,48.102530621,HIXnJ
A1610030,A161003001,2014-07-31,1752.0,2026-05-31T20:30:42Z,16,Donnée validée,10,Expertisée,20,Bonne,7.384986107,48.102530621,HIXnJ
A1610030,A161003001,2014-08-01,1559.0,2026-05-31T20:30:42Z,16,Donnée validée,10,Expertisée,20,Bonne,7.384986107,48.102530621,HIXnJ
A1610030,A161003001,2014-08-02,1425.0,2026-05-31T20:30:42Z,16,Donnée validée,10,Expertisée,20,Bonne,7.384986107,48.102530621,HIXnJ
A1610030,A161003001,2014-08-03,1358.0,2026-05-31T20:30:42Z,16,Donnée validée,10,Expertisée,20,Bonne,7.384986107,48.102530621,HIXnJ
A1610030,A161003001,2014-08-04,1523.0,2026-05-31T20:30:42Z,16,Donnée validée,10,Expertisée,20,Bonne,7.384986107,48.102530621,HIXnJ
A1610030,A161003001,2014-08-05,1366.0,2026-05-31T20:30:42Z,16,Donnée validée,10,Expertisée,20,Bonne,7.384986107,48.102530621,HIXnJ
A1610030,A161003001,2014-08-06,1304.0,2026-05-31T20:30:42Z,16,Donnée validée,10,Expertisée,20,Bonne,7.384986107,48.102530621,HIXnJ
A1610030,A161003001,2014-08-07,1490.0,2026-05-31T20:30:42Z,16,Donnée validée,10,Expertisée,20,Bonne,7.384986107,48.102530621,HIXnJ
A1610030,A161003001,2014-08-08,1509.0,2026-05-31T20:30:42Z,16,Donnée validée,10,Expertisée,20,Bonne,7.384986107,48.102530621,HIXnJ
A1610030,A161003001,2014-08-09,1405.0,2026-05-31T20:30:42Z,16,Donnée validée,10,Expertisée,20,Bonne,7.384986107,48.102530621,HIXnJ
A1610030,A161003001,2014-08-10,1428.0,2026-05-31T20:30:42Z,16,Donnée validée,10,Expertisée,20,Bonne,7.384986107,48.102530621,HIXnJ
A1610030,A161003001,2014-08-11,1522.0,2026-05-31T20:30:42Z,16,Donnée validée,10,Expertisée,20,Bonne,7.384986107,48.102530621,HIXnJ
A1610030,A161003001,2014-08-12,1546.0,2026-05-31T20:30:42Z,16,Donnée validée,10,Expertisée,20,Bonne,7.384986107,48.102530621,HIXnJ
A1610030,A161003001,2014-08-13,1604.0,2026-05-31T20:30:42Z,16,Donnée validée,10,Expertisée,20,Bonne,7.384986107,48.102530621,HIXnJ
A1610030,A161003001,2014-08-14,1586.0,2026-05-31T20:30:42Z,16,Donnée validée,10,Expertisée,20,Bonne,7.384986107,48.102530621,HIXnJ
A1610030,A161003001,2014-08-15,1481.0,2026-05-31T20:30:42Z,16,Donnée validée,10,Expertisée,20,Bonne,7.384986107,48.102530621,HIXnJ
A1610030,A161003001,2014-08-16,1563.0,2026-05-31T20:30:42Z,16,Donnée validée,10,Expertisée,20,Bonne,7.384986107,48.102530621,HIXnJ
A1610030,A161003001,2014-08-17,1530.0,2026-05-31T20:30:42Z,16,Donnée validée,10,Expertisée,20,Bonne,7.384986107,48.102530621,HIXnJ
A1610030,A161003001,2014-08-18,1401.0,2026-05-31T20:30:42Z,16,Donnée validée,10,Expertisée,20,Bonne,7.384986107,48.102530621,HIXnJ
A1610030,A161003001,2014-08-19,1357.0,2026-05-31T20:30:42Z,16,Donnée validée,10,Expertisée,20,Bonne,7.384986107,48.102530621,HIXnJ
A1610030,A161003001,2014-08-20,1309.0,2026-05-31T20:30:42Z,16,Donnée validée,10,Expertisée,20,Bonne,7.384986107,48.102530621,HIXnJ
A1610030,A161003001,2014-08-21,1277.0,2026-05-31T20:30:42Z,16,Donnée validée,10,Expertisée,20,Bonne,7.384986107,48.102530621,HIXnJ
A1610030,A161003001,2014-08-22,1290.0,2026-05-31T20:30:42Z,16,Donnée validée,10,Expertisée,20,Bonne,7.384986107,48.102530621,HIXnJ
A1610030,A161003001,2014-08-23,1257.0,2026-05-31T20:30:42Z,16,Donnée validée,10,Expertisée,20,Bonne,7.384986107,48.102530621,HIXnJ
A1610030,A161003001,2014-08-24,1241.0,2026-05-31T20:30:42Z,16,Donnée validée,10,Expertisée,20,Bonne,7.384986107,48.102530621,HIXnJ
A1610030,A161003001,2014-08-25,1238.0,2026-05-31T20:30:42Z,16,Donnée validée,10,Expertisée,20,Bonne,7.384986107,48.102530621,HIXnJ
A1610030,A161003001,2014-08-26,1271.0,2026-05-31T20:30:42Z,16,Donnée validée,10,Expertisée,20,Bonne,7.384986107,48.102530621,HIXnJ
A1610030,A161003001,2014-08-27,1333.0,2026-05-31T20:30:42Z,16,Donnée validée,10,Expertisée,20,Bonne,7.384986107,48.102530621,HIXnJ
A1610030,A161003001,2014-08-28,1318.0,2026-05-31T20:30:42Z,16,Donnée validée,10,Expertisée,20,Bonne,7.384986107,48.102530621,HIXnJ
A1610030,A161003001,2014-08-29,1292.0,2026-05-31T20:30:42Z,16,Donnée validée,10,Expertisée,20,Bonne,7.384986107,48.102530621,HIXnJ
A1610030,A161003001,2014-08-30,1270.0,2026-05-31T20:30:42Z,16,Donnée validée,10,Expertisée,20,Bonne,7.384986107,48.102530621,HIXnJ
A1610030,A161003001,2014-08-31,1259.0,2026-05-31T20:30:42Z,16,Donnée validée,10,Expertisée,20,Bonne,7.384986107,48.102530621,HIXnJ
A1610030,A161003001,2014-09-01,1239.0,2026-05-31T20:30:42Z,16,Donnée validée,10,Expertisée,20,Bonne,7.384986107,48.102530621,HIXnJ
A1610030,A161003001,2014-09-02,1237.0,2026-05-31T20:30:42Z,16,Donnée validée,10,Expertisée,20,Bonne,7.384986107,48.102530621,HIXnJ
A1610030,A161003001,2014-09-03,1228.0,2026-05-31T20:30:42Z,16,Donnée validée,10,Expertisée,20,Bonne,7.384986107,48.102530621,HIXnJ
A1610030,A161003001,2014-09-04,1208.0,2026-05-31T20:30:42Z,16,Donnée validée,10,Expertisée,20,Bonne,7.384986107,48.102530621,HIXnJ
A1610030,A161003001,2014-09-05,1220.0,2026-05-31T20:30:42Z,16,Donnée validée,10,Expertisée,20,Bonne,7.384986107,48.102530621,HIXnJ
A1610030,A161003001,2014-09-06,1198.0,2026-05-31T20:30:42Z,16,Donnée validée,10,Expertisée,20,Bonne,7.384986107,48.102530621,HIXnJ
A1610030,A161003001,2014-09-07,1195.0,2026-05-31T20:30:42Z,16,Donnée validée,10,Expertisée,20,Bonne,7.384986107,48.102530621,HIXnJ
A1610030,A161003001,2014-09-08,1182.0,2026-05-31T20:30:42Z,16,Donnée validée,10,Expertisée,20,Bonne,7.384986107,48.102530621,HIXnJ
A1610030,A161003001,2014-09-09,1188.0,2026-05-31T20:30:42Z,16,Donnée validée,10,Expertisée,20,Bonne,7.384986107,48.102530621,HIXnJ
A1610030,A161003001,2014-09-10,1192.0,2026-05-31T20:30:42Z,16,Donnée validée,10,Expertisée,20,Bonne,7.384986107,48.102530621,HIXnJ
A1610030,A161003001,2014-09-11,1181.0,2026-05-31T20:30:42Z,16,Donnée validée,10,Expertisée,20,Bonne,7.384986107,48.102530621,HIXnJ
A1610030,A161003001,2014-09-12,1172.0,2026-05-31T20:30:42Z,16,Donnée validée,10,Expertisée,20,Bonne,7.384986107,48.102530621,HIXnJ
A1610030,A161003001,2014-09-13,1185.0,2026-05-31T20:30:42Z,16,Donnée validée,10,Expertisée,20,Bonne,7.384986107,48.102530621,HIXnJ
A1610030,A161003001,2014-09-14,1194.0,2026-05-31T20:30:42Z,16,Donnée validée,10,Expertisée,20,Bonne,7.384986107,48.102530621,HIXnJ
A1610030,A161003001,2014-09-15,1187.0,2026-05-31T20:30:42Z,16,Donnée validée,10,Expertisée,20,Bonne,7.384986107,48.102530621,HIXnJ
A1610030,A161003001,2014-09-16,1187.0,2026-05-31T20:30:42Z,16,Donnée validée,10,Expertisée,20,Bonne,7.384986107,48.102530621,HIXnJ
A1610030,A161003001,2014-09-17,1187.0,2026-05-31T20:30:42Z,16,Donnée validée,10,Expertisée,20,Bonne,7.384986107,48.102530621,HIXnJ
A1610030,A161003001,2014-09-18,1177.0,2026-05-31T20:30:42Z,16,Donnée validée,10,Expertisée,20,Bonne,7.384986107,48.102530621,HIXnJ
A1610030,A161003001,2014-09-19,1192.0,2026-05-31T20:30:42Z,16,Donnée validée,10,Expertisée,20,Bonne,7.384986107,48.102530621,HIXnJ
A1610030,A161003001,2014-09-20,1233.0,2026-05-31T20:30:42Z,16,Donnée validée,10,Expertisée,20,Bonne,7.384986107,48.102530621,HIXnJ
A1610030,A161003001,2014-09-21,1222.0,2026-05-31T20:30:42Z,16,Donnée validée,10,Expertisée,20,Bonne,7.384986107,48.102530621,HIXnJ
A1610030,A161003001,2014-09-22,1233.0,2026-05-31T20:30:42Z,16,Donnée validée,10,Expertisée,20,Bonne,7.384986107,48.102530621,HIXnJ
A1610030,A161003001,2014-09-23,1232.0,2026-05-31T20:30:42Z,16,Donnée validée,10,Expertisée,20,Bonne,7.384986107,48.102530621,HIXnJ
A1610030,A161003001,2014-09-24,1194.0,2026-05-31T20:30:42Z,16,Donnée validée,10,Expertisée,20,Bonne,7.384986107,48.102530621,HIXnJ
A1610030,A161003001,2014-09-25,1185.0,2026-05-31T20:30:42Z,16,Donnée validée,10,Expertisée,20,Bonne,7.384986107,48.102530621,HIXnJ
A1610030,A161003001,2014-09-26,1179.0,2026-05-31T20:30:42Z,16,Donnée validée,10,Expertisée,20,Bonne,7.384986107,48.102530621,HIXnJ
A1610030,A161003001,2014-09-27,1170.0,2026-05-31T20:30:42Z,16,Donnée validée,10,Expertisée,20,Bonne,7.384986107,48.102530621,HIXnJ
A1610030,A161003001,2014-09-28,1159.0,2026-05-31T20:30:42Z,16,Donnée validée,10,Expertisée,20,Bonne,7.384986107,48.102530621,HIXnJ
A1610030,A161003001,2014-09-29,1154.0,2026-05-31T20:30:42Z,16,Donnée validée,10,Expertisée,20,Bonne,7.384986107,48.102530621,HIXnJ
A1610030,A161003001,2014-09-30,1152.0,2026-05-31T20:30:42Z,16,Donnée validée,10,Expertisée,20,Bonne,7.384986107,48.102530621,HIXnJ
A1610030,A161003001,2014-10-01,1188.0,2026-05-31T20:30:42Z,16,Donnée validée,10,Expertisée,20,Bonne,7.384986107,48.102530621,HIXnJ
A1610030,A161003001,2014-10-02,1148.0,2026-05-31T20:30:42Z,16,Donnée validée,10,Expertisée,20,Bonne,7.384986107,48.102530621,HIXnJ
A1610030,A161003001,2014-10-03,1130.0,2026-05-31T20:30:42Z,16,Donnée validée,10,Expertisée,20,Bonne,7.384986107,48.102530621,HIXnJ
A1610030,A161003001,2014-10-04,1128.0,2026-05-31T20:30:42Z,16,Donnée validée,10,Expertisée,20,Bonne,7.384986107,48.102530621,HIXnJ
A1610030,A161003001,2014-10-05,1144.0,2026-05-31T20:30:42Z,16,Donnée validée,10,Expertisée,20,Bonne,7.384986107,48.102530621,HIXnJ
A1610030,A161003001,2014-10-06,1192.0,2026-05-31T20:30:42Z,16,Donnée validée,10,Expertisée,20,Bonne,7.384986107,48.102530621,HIXnJ
A1610030,A161003001,2014-10-07,1166.0,2026-05-31T20:30:42Z,16,Donnée validée,10,Expertisée,20,Bonne,7.384986107,48.102530621,HIXnJ
A1610030,A161003001,2014-10-08,1222.0,2026-05-31T20:30:42Z,16,Donnée validée,10,Expertisée,20,Bonne,7.384986107,48.102530621,HIXnJ
A1610030,A161003001,2014-10-09,1193.0,2026-05-31T20:30:42Z,16,Donnée validée,10,Expertisée,20,Bonne,7.384986107,48.102530621,HIXnJ
A1610030,A161003001,2014-10-10,1191.0,2026-05-31T20:30:42Z,16,Donnée validée,10,Expertisée,20,Bonne,7.384986107,48.102530621,HIXnJ
A1610030,A161003001,2014-10-11,1223.0,2026-05-31T20:30:42Z,16,Donnée validée,10,Expertisée,20,Bonne,7.384986107,48.102530621,HIXnJ
A1610030,A161003001,2014-10-12,1222.0,2026-05-31T20:30:42Z,16,Donnée validée,10,Expertisée,20,Bonne,7.384986107,48.102530621,HIXnJ
A1610030,A161003001,2014-10-13,1275.0,2026-05-31T20:30:42Z,16,Donnée validée,10,Expertisée,20,Bonne,7.384986107,48.102530621,HIXnJ
A1610030,A161003001,2014-10-14,1282.0,2026-05-31T20:30:42Z,16,Donnée validée,10,Expertisée,20,Bonne,7.384986107,48.102530621,HIXnJ
A1610030,A161003001,2014-10-15,1234.0,2026-05-31T20:30:42Z,16,Donnée validée,10,Expertisée,20,Bonne,7.384986107,48.102530621,HIXnJ
A1610030,A161003001,2014-10-16,1300.0,2026-05-31T20:30:42Z,16,Donnée validée,10,Expertisée,20,Bonne,7.384986107,48.102530621,HIXnJ
A1610030,A161003001,2014-10-17,1668.0,2026-05-31T20:30:42Z,16,Donnée validée,10,Expertisée,20,Bonne,7.384986107,48.102530621,HIXnJ
A1610030,A161003001,2014-10-18,1662.0,2026-05-31T20:30:42Z,16,Donnée validée,10,Expertisée,20,Bonne,7.384986107,48.102530621,HIXnJ
A1610030,A161003001,2014-10-19,1432.0,2026-05-31T20:30:42Z,16,Donnée validée,10,Expertisée,20,Bonne,7.384986107,48.102530621,HIXnJ
A1610030,A161003001,2014-10-20,1341.0,2026-05-31T20:30:42Z,16,Donnée validée,10,Expertisée,20,Bonne,7.384986107,48.102530621,HIXnJ
A1610030,A161003001,2014-10-21,1430.0,2026-05-31T20:30:42Z,16,Donnée validée,10,Expertisée,20,Bonne,7.384986107,48.102530621,HIXnJ
A1610030,A161003001,2014-10-22,1686.0,2026-05-31T20:30:42Z,16,Donnée validée,10,Expertisée,20,Bonne,7.384986107,48.102530621,HIXnJ
A1610030,A161003001,2014-10-23,1658.0,2026-05-31T20:30:42Z,16,Donnée validée,10,Expertisée,20,Bonne,7.384986107,48.102530621,HIXnJ
A1610030,A161003001,2014-10-24,1499.0,2026-05-31T20:30:42Z,16,Donnée validée,10,Expertisée,20,Bonne,7.384986107,48.102530621,HIXnJ
A1610030,A161003001,2014-10-25,1417.0,2026-05-31T20:30:42Z,16,Donnée validée,10,Expertisée,20,Bonne,7.384986107,48.102530621,HIXnJ
A1610030,A161003001,2014-10-26,1367.0,2026-05-31T20:30:42Z,16,Donnée validée,10,Expertisée,20,Bonne,7.384986107,48.102530621,HIXnJ
A1610030,A161003001,2014-10-27,1328.0,2026-05-31T20:30:42Z,16,Donnée validée,10,Expertisée,20,Bonne,7.384986107,48.102530621,HIXnJ
A1610030,A161003001,2014-10-28,1304.0,2026-05-31T20:30:42Z,16,Donnée validée,10,Expertisée,20,Bonne,7.384986107,48.102530621,HIXnJ
A1610030,A161003001,2014-10-29,1281.0,2026-05-31T20:30:42Z,16,Donnée validée,10,Expertisée,20,Bonne,7.384986107,48.102530621,HIXnJ
A1610030,A161003001,2014-10-30,1265.0,2026-05-31T20:30:42Z,16,Donnée validée,10,Expertisée,20,Bonne,7.384986107,48.102530621,HIXnJ
A1610030,A161003001,2014-10-31,1238.0,2026-05-31T20:30:42Z,16,Donnée validée,10,Expertisée,20,Bonne,7.384986107,48.102530621,HIXnJ
A1610030,A161003001,2014-11-01,1226.0,2026-05-31T20:30:42Z,16,Donnée validée,10,Expertisée,20,Bonne,7.384986107,48.102530621,HIXnJ
A1610030,A161003001,2014-11-02,1220.0,2026-05-31T20:30:42Z,16,Donnée validée,10,Expertisée,20,Bonne,7.384986107,48.102530621,HIXnJ
A1610030,A161003001,2014-11-03,1235.0,2026-05-31T20:30:42Z,16,Donnée validée,10,Expertisée,20,Bonne,7.384986107,48.102530621,HIXnJ
A1610030,A161003001,2014-11-04,1311.0,2026-05-31T20:30:42Z,16,Donnée validée,10,Expertisée,20,Bonne,7.384986107,48.102530621,HIXnJ
A1610030,A161003001,2014-11-05,1595.0,2026-05-31T20:30:42Z,16,Donnée validée,10,Expertisée,20,Bonne,7.384986107,48.102530621,HIXnJ
A1610030,A161003001,2014-11-06,1727.0,2026-05-31T20:30:42Z,16,Donnée validée,10,Expertisée,20,Bonne,7.384986107,48.102530621,HIXnJ
A1610030,A161003001,2014-11-07,1627.0,2026-05-31T20:30:42Z,16,Donnée validée,10,Expertisée,20,Bonne,7.384986107,48.102530621,HIXnJ
A1610030,A161003001,2014-11-08,1432.0,2026-05-31T20:30:42Z,16,Donnée validée,10,Expertisée,20,Bonne,7.384986107,48.102530621,HIXnJ
A1610030,A161003001,2014-11-09,1368.0,2026-05-31T20:30:42Z,16,Donnée validée,10,Expertisée,20,Bonne,7.384986107,48.102530621,HIXnJ
A1610030,A161003001,2014-11-10,1327.0,2026-05-31T20:30:42Z,16,Donnée validée,10,Expertisée,20,Bonne,7.384986107,48.102530621,HIXnJ
A1610030,A161003001,2014-11-11,1314.0,2026-05-31T20:30:42Z,16,Donnée validée,10,Expertisée,20,Bonne,7.384986107,48.102530621,HIXnJ
A1610030,A161003001,2014-11-12,1315.0,2026-05-31T20:30:42Z,16,Donnée validée,10,Expertisée,20,Bonne,7.384986107,48.102530621,HIXnJ
A1610030,A161003001,2014-11-13,1463.0,2026-05-31T20:30:42Z,16,Donnée validée,10,Expertisée,20,Bonne,7.384986107,48.102530621,HIXnJ
A1610030,A161003001,2014-11-14,1457.0,2026-05-31T20:30:42Z,16,Donnée validée,10,Expertisée,20,Bonne,7.384986107,48.102530621,HIXnJ
A1610030,A161003001,2014-11-15,1549.0,2026-05-31T20:30:42Z,16,Donnée validée,10,Expertisée,20,Bonne,7.384986107,48.102530621,HIXnJ
A1610030,A161003001,2014-11-16,2317.0,2026-05-31T20:30:42Z,16,Donnée validée,10,Expertisée,20,Bonne,7.384986107,48.102530621,HIXnJ
A1610030,A161003001,2014-11-17,2316.0,2026-05-31T20:30:42Z,16,Donnée validée,10,Expertisée,20,Bonne,7.384986107,48.102530621,HIXnJ
A1610030,A161003001,2014-11-18,1868.0,2026-05-31T20:30:42Z,16,Donnée validée,10,Expertisée,20,Bonne,7.384986107,48.102530621,HIXnJ
A1610030,A161003001,2014-11-19,1739.0,2026-05-31T20:30:42Z,16,Donnée validée,10,Expertisée,20,Bonne,7.384986107,48.102530621,HIXnJ
A1610030,A161003001,2014-11-20,1614.0,2026-05-31T20:30:42Z,16,Donnée validée,10,Expertisée,20,Bonne,7.384986107,48.102530621,HIXnJ
A1610030,A161003001,2014-11-21,1533.0,2026-05-31T20:30:42Z,16,Donnée validée,10,Expertisée,20,Bonne,7.384986107,48.102530621,HIXnJ
A1610030,A161003001,2014-11-22,1470.0,2026-05-31T20:30:42Z,16,Donnée validée,10,Expertisée,20,Bonne,7.384986107,48.102530621,HIXnJ
A1610030,A161003001,2014-11-23,1425.0,2026-05-31T20:30:42Z,16,Donnée validée,10,Expertisée,20,Bonne,7.384986107,48.102530621,HIXnJ
A1610030,A161003001,2014-11-24,1387.0,2026-05-31T20:30:42Z,16,Donnée validée,10,Expertisée,20,Bonne,7.384986107,48.102530621,HIXnJ
A1610030,A161003001,2014-11-25,1366.0,2026-05-31T20:30:42Z,16,Donnée validée,10,Expertisée,20,Bonne,7.384986107,48.102530621,HIXnJ
A1610030,A161003001,2014-11-26,1407.0,2026-05-31T20:30:42Z,16,Donnée validée,10,Expertisée,20,Bonne,7.384986107,48.102530621,HIXnJ
A1610030,A161003001,2014-11-27,1326.0,2026-05-31T20:30:42Z,16,Donnée validée,10,Expertisée,20,Bonne,7.384986107,48.102530621,HIXnJ
A1610030,A161003001,2014-11-28,1315.0,2026-05-31T20:30:42Z,16,Donnée validée,10,Expertisée,20,Bonne,7.384986107,48.102530621,HIXnJ
A1610030,A161003001,2014-11-29,1302.0,2026-05-31T20:30:42Z,16,Donnée validée,10,Expertisée,20,Bonne,7.384986107,48.102530621,HIXnJ
A1610030,A161003001,2014-11-30,1279.0,2026-05-31T20:30:42Z,16,Donnée validée,10,Expertisée,20,Bonne,7.384986107,48.102530621,HIXnJ
A1610030,A161003001,2014-12-01,1278.0,2026-05-31T20:30:42Z,16,Donnée validée,10,Expertisée,20,Bonne,7.384986107,48.102530621,HIXnJ
A1610030,A161003001,2014-12-02,1282.0,2026-05-31T20:30:42Z,16,Donnée validée,10,Expertisée,20,Bonne,7.384986107,48.102530621,HIXnJ
A1610030,A161003001,2014-12-03,1279.0,2026-05-31T20:30:42Z,16,Donnée validée,10,Expertisée,20,Bonne,7.384986107,48.102530621,HIXnJ
A1610030,A161003001,2014-12-04,1259.0,2026-05-31T20:30:42Z,16,Donnée validée,10,Expertisée,20,Bonne,7.384986107,48.102530621,HIXnJ
A1610030,A161003001,2014-12-05,1256.0,2026-05-31T20:30:42Z,16,Donnée validée,10,Expertisée,20,Bonne,7.384986107,48.102530621,HIXnJ
A1610030,A161003001,2014-12-06,1248.0,2026-05-31T20:30:42Z,16,Donnée validée,10,Expertisée,20,Bonne,7.384986107,48.102530621,HIXnJ
A1610030,A161003001,2014-12-07,1273.0,2026-05-31T20:30:42Z,16,Donnée validée,10,Expertisée,20,Bonne,7.384986107,48.102530621,HIXnJ
A1610030,A161003001,2014-12-08,1270.0,2026-05-31T20:30:42Z,16,Donnée validée,10,Expertisée,20,Bonne,7.384986107,48.102530621,HIXnJ
A1610030,A161003001,2014-12-09,1248.0,2026-05-31T20:30:42Z,16,Donnée validée,10,Expertisée,20,Bonne,7.384986107,48.102530621,HIXnJ
A1610030,A161003001,2014-12-10,1246.0,2026-05-31T20:30:42Z,16,Donnée validée,10,Expertisée,20,Bonne,7.384986107,48.102530621,HIXnJ
A1610030,A161003001,2014-12-11,1354.0,2026-05-31T20:30:42Z,16,Donnée validée,10,Expertisée,20,Bonne,7.384986107,48.102530621,HIXnJ
A1610030,A161003001,2014-12-12,1303.0,2026-05-31T20:30:42Z,16,Donnée validée,10,Expertisée,20,Bonne,7.384986107,48.102530621,HIXnJ
A1610030,A161003001,2014-12-13,1311.0,2026-05-31T20:30:42Z,16,Donnée validée,10,Expertisée,20,Bonne,7.384986107,48.102530621,HIXnJ
A1610030,A161003001,2014-12-14,1324.0,2026-05-31T20:30:42Z,16,Donnée validée,10,Expertisée,20,Bonne,7.384986107,48.102530621,HIXnJ
A1610030,A161003001,2014-12-15,1333.0,2026-05-31T20:30:42Z,16,Donnée validée,10,Expertisée,20,Bonne,7.384986107,48.102530621,HIXnJ
A1610030,A161003001,2014-12-16,1391.0,2026-05-31T20:30:42Z,16,Donnée validée,10,Expertisée,20,Bonne,7.384986107,48.102530621,HIXnJ
A1610030,A161003001,2014-12-17,1372.0,2026-05-31T20:30:42Z,16,Donnée validée,10,Expertisée,20,Bonne,7.384986107,48.102530621,HIXnJ
A1610030,A161003001,2014-12-18,1342.0,2026-05-31T20:30:42Z,16,Donnée validée,10,Expertisée,20,Bonne,7.384986107,48.102530621,HIXnJ
A1610030,A161003001,2014-12-19,1359.0,2026-05-31T20:30:42Z,16,Donnée validée,10,Expertisée,20,Bonne,7.384986107,48.102530621,HIXnJ
A1610030,A161003001,2014-12-20,1535.0,2026-05-31T20:30:42Z,16,Donnée validée,10,Expertisée,20,Bonne,7.384986107,48.102530621,HIXnJ
A1610030,A161003001,2014-12-21,1528.0,2026-05-31T20:30:42Z,16,Donnée validée,10,Expertisée,20,Bonne,7.384986107,48.102530621,HIXnJ
A1610030,A161003001,2014-12-22,1477.0,2026-05-31T20:30:42Z,16,Donnée validée,10,Expertisée,20,Bonne,7.384986107,48.102530621,HIXnJ
A1610030,A161003001,2014-12-23,1433.0,2026-05-31T20:30:42Z,16,Donnée validée,10,Expertisée,20,Bonne,7.384986107,48.102530621,HIXnJ
A1610030,A161003001,2014-12-24,1397.0,2026-05-31T20:30:42Z,16,Donnée validée,10,Expertisée,20,Bonne,7.384986107,48.102530621,HIXnJ
A1610030,A161003001,2014-12-25,1352.0,2026-05-31T20:30:42Z,16,Donnée validée,10,Expertisée,20,Bonne,7.384986107,48.102530621,HIXnJ
A1610030,A161003001,2014-12-26,1334.0,2026-05-31T20:30:42Z,16,Donnée validée,10,Expertisée,20,Bonne,7.384986107,48.102530621,HIXnJ
A1610030,A161003001,2014-12-27,1544.0,2026-05-31T20:30:42Z,16,Donnée validée,10,Expertisée,20,Bonne,7.384986107,48.102530621,HIXnJ
A1610030,A161003001,2014-12-28,1913.0,2026-05-31T20:30:42Z,16,Donnée validée,10,Expertisée,20,Bonne,7.384986107,48.102530621,HIXnJ
A1610030,A161003001,2014-12-29,1807.0,2026-05-31T20:30:42Z,16,Donnée validée,10,Expertisée,20,Bonne,7.384986107,48.102530621,HIXnJ
A1610030,A161003001,2014-12-30,1526.0,2026-05-31T20:30:42Z,16,Donnée validée,10,Expertisée,20,Bonne,7.384986107,48.102530621,HIXnJ
A1610030,A161003001,2014-12-31,1436.0,2026-05-31T20:30:42Z,16,Donnée validée,10,Expertisée,20,Bonne,7.384986107,48.102530621,HIXnJ
A1610030,A161003001,2015-01-01,1400.0,2026-05-31T20:30:42Z,16,Donnée validée,10,Expertisée,20,Bonne,7.384986107,48.102530621,HIXnJ
A1610030,A161003001,2015-01-02,1373.0,2026-05-31T20:30:42Z,16,Donnée validée,10,Expertisée,20,Bonne,7.384986107,48.102530621,HIXnJ
A1610030,A161003001,2015-01-03,1490.0,2026-05-31T20:30:42Z,16,Donnée validée,10,Expertisée,20,Bonne,7.384986107,48.102530621,HIXnJ
A1610030,A161003001,2015-01-04,2978.0,2026-05-31T20:30:42Z,16,Donnée validée,10,Expertisée,20,Bonne,7.384986107,48.102530621,HIXnJ
A1610030,A161003001,2015-01-05,2799.0,2026-05-31T20:30:42Z,16,Donnée validée,10,Expertisée,20,Bonne,7.384986107,48.102530621,HIXnJ
A1610030,A161003001,2015-01-06,2105.0,2026-05-31T20:30:42Z,16,Donnée validée,10,Expertisée,20,Bonne,7.384986107,48.102530621,HIXnJ
A1610030,A161003001,2015-01-07,1833.0,2026-05-31T20:30:42Z,16,Donnée validée,10,Expertisée,20,Bonne,7.384986107,48.102530621,HIXnJ
A1610030,A161003001,2015-01-08,1693.0,2026-05-31T20:30:42Z,16,Donnée validée,10,Expertisée,20,Bonne,7.384986107,48.102530621,HIXnJ
A1610030,A161003001,2015-01-09,1661.0,2026-05-31T20:30:42Z,16,Donnée validée,10,Expertisée,20,Bonne,7.384986107,48.102530621,HIXnJ
A1610030,A161003001,2015-01-10,2212.0,2026-05-31T20:30:42Z,16,Donnée validée,10,Expertisée,20,Bonne,7.384986107,48.102530621,HIXnJ
A1610030,A161003001,2015-01-11,2396.0,2026-05-31T20:30:42Z,16,Donnée validée,10,Expertisée,20,Bonne,7.384986107,48.102530621,HIXnJ
A1610030,A161003001,2015-01-12,2360.0,2026-05-31T20:30:42Z,16,Donnée validée,10,Expertisée,20,Bonne,7.384986107,48.102530621,HIXnJ
A1610030,A161003001,2015-01-13,2093.0,2026-05-31T20:30:42Z,16,Donnée validée,10,Expertisée,20,Bonne,7.384986107,48.102530621,HIXnJ
A1610030,A161003001,2015-01-14,2099.0,2026-05-31T20:30:42Z,16,Donnée validée,10,Expertisée,20,Bonne,7.384986107,48.102530621,HIXnJ
A1610030,A161003001,2015-01-15,2118.0,2026-05-31T20:30:42Z,16,Donnée validée,10,Expertisée,20,Bonne,7.384986107,48.102530621,HIXnJ
A1610030,A161003001,2015-01-16,2448.0,2026-05-31T20:30:42Z,16,Donnée validée,10,Expertisée,20,Bonne,7.384986107,48.102530621,HIXnJ
A1610030,A161003001,2015-01-17,3040.0,2026-05-31T20:30:42Z,16,Donnée validée,10,Expertisée,20,Bonne,7.384986107,48.102530621,HIXnJ
A1610030,A161003001,2015-01-18,3022.0,2026-05-31T20:30:42Z,16,Donnée validée,10,Expertisée,20,Bonne,7.384986107,48.102530621,HIXnJ
A1610030,A161003001,2015-01-19,2364.0,2026-05-31T20:30:42Z,16,Donnée validée,10,Expertisée,20,Bonne,7.384986107,48.102530621,HIXnJ
A1610030,A161003001,2015-01-20,2082.0,2026-05-31T20:30:42Z,16,Donnée validée,10,Expertisée,20,Bonne,7.384986107,48.102530621,HIXnJ
A1610030,A161003001,2015-01-21,1937.0,2026-05-31T20:30:42Z,16,Donnée validée,10,Expertisée,20,Bonne,7.384986107,48.102530621,HIXnJ
A1610030,A161003001,2015-01-22,1821.0,2026-05-31T20:30:42Z,16,Donnée validée,10,Expertisée,20,Bonne,7.384986107,48.102530621,HIXnJ
A1610030,A161003001,2015-01-23,1701.0,2026-05-31T20:30:42Z,16,Donnée validée,10,Expertisée,20,Bonne,7.384986107,48.102530621,HIXnJ
A1610030,A161003001,2015-01-24,1598.0,2026-05-31T20:30:42Z,16,Donnée validée,10,Expertisée,20,Bonne,7.384986107,48.102530621,HIXnJ
A1610030,A161003001,2015-01-25,1531.0,2026-05-31T20:30:42Z,16,Donnée validée,10,Expertisée,20,Bonne,7.384986107,48.102530621,HIXnJ
A1610030,A161003001,2015-01-26,1591.0,2026-05-31T20:30:42Z,16,Donnée validée,10,Expertisée,20,Bonne,7.384986107,48.102530621,HIXnJ
A1610030,A161003001,2015-01-27,1473.0,2026-05-31T20:30:42Z,16,Donnée validée,10,Expertisée,20,Bonne,7.384986107,48.102530621,HIXnJ
A1610030,A161003001,2015-01-28,1483.0,2026-05-31T20:30:42Z,16,Donnée validée,10,Expertisée,20,Bonne,7.384986107,48.102530621,HIXnJ
A1610030,A161003001,2015-01-29,1660.0,2026-05-31T20:30:42Z,16,Donnée validée,10,Expertisée,20,Bonne,7.384986107,48.102530621,HIXnJ
A1610030,A161003001,2015-01-30,2236.0,2026-05-31T20:30:42Z,16,Donnée validée,10,Expertisée,20,Bonne,7.384986107,48.102530621,HIXnJ
A1610030,A161003001,2015-01-31,2175.0,2026-05-31T20:30:42Z,16,Donnée validée,10,Expertisée,20,Bonne,7.384986107,48.102530621,HIXnJ
A1610030,A161003001,2015-02-01,1834.0,2026-05-31T20:30:42Z,16,Donnée validée,10,Expertisée,20,Bonne,7.384986107,48.102530621,HIXnJ
A1610030,A161003001,2015-02-02,1696.0,2026-05-31T20:30:42Z,16,Donnée validée,10,Expertisée,20,Bonne,7.384986107,48.102530621,HIXnJ
A1610030,A161003001,2015-02-03,1649.0,2026-05-31T20:30:42Z,16,Donnée validée,10,Expertisée,20,Bonne,7.384986107,48.102530621,HIXnJ
A1610030,A161003001,2015-02-04,1584.0,2026-05-31T20:30:42Z,16,Donnée validée,10,Expertisée,20,Bonne,7.384986107,48.102530621,HIXnJ
A1610030,A161003001,2015-02-05,1499.0,2026-05-31T20:30:42Z,16,Donnée validée,10,Expertisée,20,Bonne,7.384986107,48.102530621,HIXnJ
A1610030,A161003001,2015-02-06,1449.0,2026-05-31T20:30:42Z,16,Donnée validée,10,Expertisée,20,Bonne,7.384986107,48.102530621,HIXnJ
A1610030,A161003001,2015-02-07,1418.0,2026-05-31T20:30:42Z,16,Donnée validée,10,Expertisée,20,Bonne,7.384986107,48.102530621,HIXnJ
A1610030,A161003001,2015-02-08,1402.0,2026-05-31T20:30:42Z,16,Donnée validée,10,Expertisée,20,Bonne,7.384986107,48.102530621,HIXnJ
A1610030,A161003001,2015-02-09,1378.0,2026-05-31T20:30:42Z,16,Donnée validée,10,Expertisée,20,Bonne,7.384986107,48.102530621,HIXnJ
A1610030,A161003001,2015-02-10,1338.0,2026-05-31T20:30:42Z,16,Donnée validée,10,Expertisée,20,Bonne,7.384986107,48.102530621,HIXnJ
A1610030,A161003001,2015-02-11,1324.0,2026-05-31T20:30:42Z,16,Donnée validée,10,Expertisée,20,Bonne,7.384986107,48.102530621,HIXnJ
A1610030,A161003001,2015-02-12,1316.0,2026-05-31T20:30:42Z,16,Donnée validée,10,Expertisée,20,Bonne,7.384986107,48.102530621,HIXnJ
A1610030,A161003001,2015-02-13,1295.0,2026-05-31T20:30:42Z,16,Donnée validée,10,Expertisée,20,Bonne,7.384986107,48.102530621,HIXnJ
A1610030,A161003001,2015-02-14,1336.0,2026-05-31T20:30:42Z,16,Donnée validée,10,Expertisée,20,Bonne,7.384986107,48.102530621,HIXnJ
A1610030,A161003001,2015-02-15,1426.0,2026-05-31T20:30:42Z,16,Donnée validée,10,Expertisée,20,Bonne,7.384986107,48.102530621,HIXnJ
A1610030,A161003001,2015-02-16,1424.0,2026-05-31T20:30:42Z,16,Donnée validée,10,Expertisée,20,Bonne,7.384986107,48.102530621,HIXnJ
A1610030,A161003001,2015-02-17,1416.0,2026-05-31T20:30:42Z,16,Donnée validée,10,Expertisée,20,Bonne,7.384986107,48.102530621,HIXnJ
A1610030,A161003001,2015-02-18,1511.0,2026-05-31T20:30:42Z,16,Donnée validée,10,Expertisée,20,Bonne,7.384986107,48.102530621,HIXnJ
A1610030,A161003001,2015-02-19,1355.0,2026-05-31T20:30:42Z,16,Donnée validée,10,Expertisée,20,Bonne,7.384986107,48.102530621,HIXnJ
A1610030,A161003001,2015-02-20,1343.0,2026-05-31T20:30:42Z,16,Donnée validée,10,Expertisée,20,Bonne,7.384986107,48.102530621,HIXnJ
A1610030,A161003001,2015-02-21,1446.0,2026-05-31T20:30:42Z,16,Donnée validée,10,Expertisée,20,Bonne,7.384986107,48.102530621,HIXnJ
A1610030,A161003001,2015-02-22,1453.0,2026-05-31T20:30:42Z,16,Donnée validée,10,Expertisée,20,Bonne,7.384986107,48.102530621,HIXnJ
A1610030,A161003001,2015-02-23,1552.0,2026-05-31T20:30:42Z,16,Donnée validée,10,Expertisée,20,Bonne,7.384986107,48.102530621,HIXnJ
A1610030,A161003001,2015-02-24,1928.0,2026-05-31T20:30:42Z,16,Donnée validée,10,Expertisée,20,Bonne,7.384986107,48.102530621,HIXnJ
A1610030,A161003001,2015-02-25,1923.0,2026-05-31T20:30:42Z,16,Donnée validée,10,Expertisée,20,Bonne,7.384986107,48.102530621,HIXnJ
A1610030,A161003001,2015-02-26,1645.0,2026-05-31T20:30:42Z,16,Donnée validée,10,Expertisée,20,Bonne,7.384986107,48.102530621,HIXnJ
A1610030,A161003001,2015-02-27,1601.0,2026-05-31T20:30:42Z,16,Donnée validée,10,Expertisée,20,Bonne,7.384986107,48.102530621,HIXnJ
A1610030,A161003001,2015-02-28,1723.0,2026-05-31T20:30:42Z,16,Donnée validée,10,Expertisée,20,Bonne,7.384986107,48.102530621,HIXnJ
A1610030,A161003001,2015-03-01,1660.0,2026-05-31T20:30:42Z,16,Donnée validée,10,Expertisée,20,Bonne,7.384986107,48.102530621,HIXnJ
A1610030,A161003001,2015-03-02,2368.0,2026-05-31T20:30:42Z,16,Donnée validée,10,Expertisée,20,Bonne,7.384986107,48.102530621,HIXnJ
A1610030,A161003001,2015-03-03,2532.0,2026-05-31T20:30:42Z,16,Donnée validée,10,Expertisée,20,Bonne,7.384986107,48.102530621,HIXnJ
A1610030,A161003001,2015-03-04,2203.0,2026-05-31T20:30:42Z,16,Donnée validée,10,Expertisée,20,Bonne,7.384986107,48.102530621,HIXnJ
A1610030,A161003001,2015-03-05,1934.0,2026-05-31T20:30:42Z,16,Donnée validée,10,Expertisée,20,Bonne,7.384986107,48.102530621,HIXnJ
A1610030,A161003001,2015-03-06,1772.0,2026-05-31T20:30:42Z,16,Donnée validée,10,Expertisée,20,Bonne,7.384986107,48.102530621,HIXnJ
A1610030,A161003001,2015-03-07,1651.0,2026-05-31T20:30:42Z,16,Donnée validée,10,Expertisée,20,Bonne,7.384986107,48.102530621,HIXnJ
A1610030,A161003001,2015-03-08,1577.0,2026-05-31T20:30:42Z,16,Donnée validée,10,Expertisée,20,Bonne,7.384986107,48.102530621,HIXnJ
A1610030,A161003001,2015-03-09,1522.0,2026-05-31T20:30:42Z,16,Donnée validée,10,Expertisée,20,Bonne,7.384986107,48.102530621,HIXnJ
A1610030,A161003001,2015-03-10,1482.0,2026-05-31T20:30:42Z,16,Donnée validée,10,Expertisée,20,Bonne,7.384986107,48.102530621,HIXnJ
A1610030,A161003001,2015-03-11,1456.0,2026-05-31T20:30:42Z,16,Donnée validée,10,Expertisée,20,Bonne,7.384986107,48.102530621,HIXnJ
A1610030,A161003001,2015-03-12,1559.0,2026-05-31T20:30:42Z,16,Donnée validée,10,Expertisée,20,Bonne,7.384986107,48.102530621,HIXnJ
A1610030,A161003001,2015-03-13,1427.0,2026-05-31T20:30:42Z,16,Donnée validée,10,Expertisée,20,Bonne,7.384986107,48.102530621,HIXnJ
A1610030,A161003001,2015-03-14,1407.0,2026-05-31T20:30:42Z,16,Donnée validée,10,Expertisée,20,Bonne,7.384986107,48.102530621,HIXnJ
A1610030,A161003001,2015-03-15,1383.0,2026-05-31T20:30:42Z,16,Donnée validée,10,Expertisée,20,Bonne,7.384986107,48.102530621,HIXnJ
A1610030,A161003001,2015-03-16,1363.0,2026-05-31T20:30:42Z,16,Donnée validée,10,Expertisée,20,Bonne,7.384986107,48.102530621,HIXnJ
A1610030,A161003001,2015-03-17,1341.0,2026-05-31T20:30:42Z,16,Donnée validée,10,Expertisée,20,Bonne,7.384986107,48.102530621,HIXnJ
A1610030,A161003001,2015-03-18,1476.0,2026-05-31T20:30:42Z,16,Donnée validée,10,Expertisée,20,Bonne,7.384986107,48.102530621,HIXnJ
A1610030,A161003001,2015-03-19,1313.0,2026-05-31T20:30:42Z,16,Donnée validée,10,Expertisée,20,Bonne,7.384986107,48.102530621,HIXnJ
A1610030,A161003001,2015-03-20,1314.0,2026-05-31T20:30:42Z,16,Donnée validée,10,Expertisée,20,Bonne,7.384986107,48.102530621,HIXnJ
A1610030,A161003001,2015-03-21,1308.0,2026-05-31T20:30:42Z,16,Donnée validée,10,Expertisée,20,Bonne,7.384986107,48.102530621,HIXnJ
A1610030,A161003001,2015-03-22,1304.0,2026-05-31T20:30:42Z,16,Donnée validée,10,Expertisée,20,Bonne,7.384986107,48.102530621,HIXnJ
A1610030,A161003001,2015-03-23,1297.0,2026-05-31T20:30:42Z,16,Donnée validée,10,Expertisée,20,Bonne,7.384986107,48.102530621,HIXnJ
A1610030,A161003001,2015-03-24,1284.0,2026-05-31T20:30:42Z,16,Donnée validée,10,Expertisée,20,Bonne,7.384986107,48.102530621,HIXnJ
A1610030,A161003001,2015-03-25,1277.0,2026-05-31T20:30:42Z,16,Donnée validée,10,Expertisée,20,Bonne,7.384986107,48.102530621,HIXnJ
A1610030,A161003001,2015-03-26,1289.0,2026-05-31T20:30:42Z,16,Donnée validée,10,Expertisée,20,Bonne,7.384986107,48.102530621,HIXnJ
A1610030,A161003001,2015-03-27,1288.0,2026-05-31T20:30:42Z,16,Donnée validée,10,Expertisée,20,Bonne,7.384986107,48.102530621,HIXnJ
A1610030,A161003001,2015-03-28,1273.0,2026-05-31T20:30:42Z,16,Donnée validée,10,Expertisée,20,Bonne,7.384986107,48.102530621,HIXnJ
A1610030,A161003001,2015-03-29,1296.0,2026-05-31T20:30:42Z,16,Donnée validée,10,Expertisée,20,Bonne,7.384986107,48.102530621,HIXnJ
A1610030,A161003001,2015-03-30,2477.0,2026-05-31T20:30:42Z,16,Donnée validée,10,Expertisée,20,Bonne,7.384986107,48.102530621,HIXnJ
A1610030,A161003001,2015-03-31,2474.0,2026-05-31T20:30:42Z,16,Donnée validée,10,Expertisée,20,Bonne,7.384986107,48.102530621,HIXnJ
A1610030,A161003001,2015-04-01,2199.0,2026-05-31T20:30:42Z,16,Donnée validée,10,Expertisée,20,Bonne,7.384986107,48.102530621,HIXnJ
A1610030,A161003001,2015-04-02,2123.0,2026-05-31T20:30:42Z,16,Donnée validée,10,Expertisée,20,Bonne,7.384986107,48.102530621,HIXnJ
A1610030,A161003001,2015-04-03,2309.0,2026-05-31T20:30:42Z,16,Donnée validée,10,Expertisée,20,Bonne,7.384986107,48.102530621,HIXnJ
A1610030,A161003001,2015-04-04,2109.0,2026-05-31T20:30:42Z,16,Donnée validée,10,Expertisée,20,Bonne,7.384986107,48.102530621,HIXnJ
A1610030,A161003001,2015-04-05,2409.0,2026-05-31T20:30:42Z,16,Donnée validée,10,Expertisée,20,Bonne,7.384986107,48.102530621,HIXnJ
A1610030,A161003001,2015-04-06,2210.0,2026-05-31T20:30:42Z,16,Donnée validée,10,Expertisée,20,Bonne,7.384986107,48.102530621,HIXnJ
A1610030,A161003001,2015-04-07,1880.0,2026-05-31T20:30:42Z,16,Donnée validée,10,Expertisée,20,Bonne,7.384986107,48.102530621,HIXnJ
A1610030,A161003001,2015-04-08,1702.0,2026-05-31T20:30:42Z,16,Donnée validée,10,Expertisée,20,Bonne,7.384986107,48.102530621,HIXnJ
A1610030,A161003001,2015-04-09,1610.0,2026-05-31T20:30:42Z,16,Donnée validée,10,Expertisée,20,Bonne,7.384986107,48.102530621,HIXnJ
A1610030,A161003001,2015-04-10,1536.0,2026-05-31T20:30:42Z,16,Donnée validée,10,Expertisée,20,Bonne,7.384986107,48.102530621,HIXnJ
A1610030,A161003001,2015-04-11,1491.0,2026-05-31T20:30:42Z,16,Donnée validée,10,Expertisée,20,Bonne,7.384986107,48.102530621,HIXnJ
A1610030,A161003001,2015-04-12,1450.0,2026-05-31T20:30:42Z,16,Donnée validée,10,Expertisée,20,Bonne,7.384986107,48.102530621,HIXnJ
A1610030,A161003001,2015-04-13,1411.0,2026-05-31T20:30:42Z,16,Donnée validée,10,Expertisée,20,Bonne,7.384986107,48.102530621,HIXnJ
A1610030,A161003001,2015-04-14,1390.0,2026-05-31T20:30:42Z,16,Donnée validée,10,Expertisée,20,Bonne,7.384986107,48.102530621,HIXnJ
A1610030,A161003001,2015-04-15,1358.0,2026-05-31T20:30:42Z,16,Donnée validée,10,Expertisée,20,Bonne,7.384986107,48.102530621,HIXnJ
A1610030,A161003001,2015-04-16,1348.0,2026-05-31T20:30:42Z,16,Donnée validée,10,Expertisée,20,Bonne,7.384986107,48.102530621,HIXnJ
A1610030,A161003001,2015-04-17,1392.0,2026-05-31T20:30:42Z,16,Donnée validée,10,Expertisée,20,Bonne,7.384986107,48.102530621,HIXnJ
A1610030,A161003001,2015-04-18,1418.0,2026-05-31T20:30:42Z,16,Donnée validée,10,Expertisée,20,Bonne,7.384986107,48.102530621,HIXnJ
A1610030,A161003001,2015-04-19,1389.0,2026-05-31T20:30:42Z,16,Donnée validée,10,Expertisée,20,Bonne,7.384986107,48.102530621,HIXnJ
A1610030,A161003001,2015-04-20,1332.0,2026-05-31T20:30:42Z,16,Donnée validée,10,Expertisée,20,Bonne,7.384986107,48.102530621,HIXnJ
A1610030,A161003001,2015-04-21,1306.0,2026-05-31T20:30:42Z,16,Donnée validée,10,Expertisée,20,Bonne,7.384986107,48.102530621,HIXnJ
A1610030,A161003001,2015-04-22,1288.0,2026-05-31T20:30:42Z,16,Donnée validée,10,Expertisée,20,Bonne,7.384986107,48.102530621,HIXnJ
A1610030,A161003001,2015-04-23,1272.0,2026-05-31T20:30:42Z,16,Donnée validée,10,Expertisée,20,Bonne,7.384986107,48.102530621,HIXnJ
A1610030,A161003001,2015-04-24,1253.0,2026-05-31T20:30:42Z,16,Donnée validée,10,Expertisée,20,Bonne,7.384986107,48.102530621,HIXnJ
A1610030,A161003001,2015-04-25,1244.0,2026-05-31T20:30:42Z,16,Donnée validée,10,Expertisée,20,Bonne,7.384986107,48.102530621,HIXnJ
A1610030,A161003001,2015-04-26,1258.0,2026-05-31T20:30:42Z,16,Donnée validée,10,Expertisée,20,Bonne,7.384986107,48.102530621,HIXnJ
A1610030,A161003001,2015-04-27,1270.0,2026-05-31T20:30:42Z,16,Donnée validée,10,Expertisée,20,Bonne,7.384986107,48.102530621,HIXnJ
A1610030,A161003001,2015-04-28,1877.0,2026-05-31T20:30:42Z,16,Donnée validée,10,Expertisée,20,Bonne,7.384986107,48.102530621,HIXnJ
A1610030,A161003001,2015-04-29,1823.0,2026-05-31T20:30:42Z,16,Donnée validée,10,Expertisée,20,Bonne,7.384986107,48.102530621,HIXnJ
A1610030,A161003001,2015-04-30,1441.0,2026-05-31T20:30:42Z,16,Donnée validée,10,Expertisée,20,Bonne,7.384986107,48.102530621,HIXnJ
A1610030,A161003001,2015-05-01,2695.0,2026-05-31T20:30:42Z,16,Donnée validée,10,Expertisée,20,Bonne,7.384986107,48.102530621,HIXnJ
A1610030,A161003001,2015-05-02,3458.0,2026-05-31T20:30:42Z,16,Donnée validée,10,Expertisée,20,Bonne,7.384986107,48.102530621,HIXnJ
A1610030,A161003001,2015-05-03,3490.0,2026-05-31T20:30:42Z,16,Donnée validée,10,Expertisée,20,Bonne,7.384986107,48.102530621,HIXnJ
A1610030,A161003001,2015-05-04,3494.0,2026-05-31T20:30:42Z,16,Donnée validée,10,Expertisée,20,Bonne,7.384986107,48.102530621,HIXnJ
A1610030,A161003001,2015-05-05,3194.0,2026-05-31T20:30:42Z,16,Donnée validée,10,Expertisée,20,Bonne,7.384986107,48.102530621,HIXnJ
A1610030,A161003001,2015-05-06,2317.0,2026-05-31T20:30:42Z,16,Donnée validée,10,Expertisée,20,Bonne,7.384986107,48.102530621,HIXnJ
A1610030,A161003001,2015-05-07,2027.0,2026-05-31T20:30:42Z,16,Donnée validée,10,Expertisée,20,Bonne,7.384986107,48.102530621,HIXnJ
A1610030,A161003001,2015-05-08,1815.0,2026-05-31T20:30:42Z,16,Donnée validée,10,Expertisée,20,Bonne,7.384986107,48.102530621,HIXnJ
A1610030,A161003001,2015-05-09,1664.0,2026-05-31T20:30:42Z,16,Donnée validée,10,Expertisée,20,Bonne,7.384986107,48.102530621,HIXnJ
A1610030,A161003001,2015-05-10,1565.0,2026-05-31T20:30:42Z,16,Donnée validée,10,Expertisée,20,Bonne,7.384986107,48.102530621,HIXnJ
A1610030,A161003001,2015-05-11,1489.0,2026-05-31T20:30:42Z,16,Donnée validée,10,Expertisée,20,Bonne,7.384986107,48.102530621,HIXnJ
A1610030,A161003001,2015-05-12,1444.0,2026-05-31T20:30:42Z,16,Donnée validée,10,Expertisée,20,Bonne,7.384986107,48.102530621,HIXnJ
A1610030,A161003001,2015-05-13,1419.0,2026-05-31T20:30:42Z,16,Donnée validée,10,Expertisée,20,Bonne,7.384986107,48.102530621,HIXnJ
A1610030,A161003001,2015-05-14,1394.0,2026-05-31T20:30:42Z,16,Donnée validée,10,Expertisée,20,Bonne,7.384986107,48.102530621,HIXnJ
A1610030,A161003001,2015-05-15,1567.0,2026-05-31T20:30:42Z,16,Donnée validée,10,Expertisée,20,Bonne,7.384986107,48.102530621,HIXnJ
A1610030,A161003001,2015-05-16,1564.0,2026-05-31T20:30:42Z,16,Donnée validée,10,Expertisée,20,Bonne,7.384986107,48.102530621,HIXnJ
A1610030,A161003001,2015-05-17,1433.0,2026-05-31T20:30:42Z,16,Donnée validée,10,Expertisée,20,Bonne,7.384986107,48.102530621,HIXnJ
A1610030,A161003001,2015-05-18,1366.0,2026-05-31T20:30:42Z,16,Donnée validée,10,Expertisée,20,Bonne,7.384986107,48.102530621,HIXnJ
A1610030,A161003001,2015-05-19,1325.0,2026-05-31T20:30:42Z,16,Donnée validée,10,Expertisée,20,Bonne,7.384986107,48.102530621,HIXnJ
A1610030,A161003001,2015-05-20,1406.0,2026-05-31T20:30:42Z,16,Donnée validée,10,Expertisée,20,Bonne,7.384986107,48.102530621,HIXnJ
A1610030,A161003001,2015-05-21,1288.0,2026-05-31T20:30:42Z,16,Donnée validée,10,Expertisée,20,Bonne,7.384986107,48.102530621,HIXnJ
A1610030,A161003001,2015-05-22,1265.0,2026-05-31T20:30:42Z,16,Donnée validée,10,Expertisée,20,Bonne,7.384986107,48.102530621,HIXnJ
A1610030,A161003001,2015-05-23,1243.0,2026-05-31T20:30:42Z,16,Donnée validée,10,Expertisée,20,Bonne,7.384986107,48.102530621,HIXnJ
A1610030,A161003001,2015-05-24,1231.0,2026-05-31T20:30:42Z,16,Donnée validée,10,Expertisée,20,Bonne,7.384986107,48.102530621,HIXnJ
A1610030,A161003001,2015-05-25,1224.0,2026-05-31T20:30:42Z,16,Donnée validée,10,Expertisée,20,Bonne,7.384986107,48.102530621,HIXnJ
A1610030,A161003001,2015-05-26,1214.0,2026-05-31T20:30:42Z,16,Donnée validée,10,Expertisée,20,Bonne,7.384986107,48.102530621,HIXnJ
A1610030,A161003001,2015-05-27,1211.0,2026-05-31T20:30:42Z,16,Donnée validée,10,Expertisée,20,Bonne,7.384986107,48.102530621,HIXnJ
A1610030,A161003001,2015-05-28,1201.0,2026-05-31T20:30:42Z,16,Donnée validée,10,Expertisée,20,Bonne,7.384986107,48.102530621,HIXnJ
A1610030,A161003001,2015-05-29,1191.0,2026-05-31T20:30:42Z,16,Donnée validée,10,Expertisée,20,Bonne,7.384986107,48.102530621,HIXnJ
A1610030,A161003001,2015-05-30,1180.0,2026-05-31T20:30:42Z,16,Donnée validée,10,Expertisée,20,Bonne,7.384986107,48.102530621,HIXnJ
A1610030,A161003001,2015-05-31,1164.0,2026-05-31T20:30:42Z,16,Donnée validée,10,Expertisée,20,Bonne,7.384986107,48.102530621,HIXnJ
A1610030,A161003001,2015-06-01,1155.0,2026-05-31T20:30:42Z,16,Donnée validée,10,Expertisée,20,Bonne,7.384986107,48.102530621,HIXnJ
A1610030,A161003001,2015-06-02,1138.0,2026-05-31T20:30:42Z,16,Donnée validée,10,Expertisée,20,Bonne,7.384986107,48.102530621,HIXnJ
A1610030,A161003001,2015-06-03,1161.0,2026-05-31T20:30:42Z,16,Donnée validée,10,Expertisée,20,Bonne,7.384986107,48.102530621,HIXnJ
A1610030,A161003001,2015-06-04,1160.0,2026-05-31T20:30:42Z,16,Donnée validée,10,Expertisée,20,Bonne,7.384986107,48.102530621,HIXnJ
A1610030,A161003001,2015-06-05,1157.0,2026-05-31T20:30:42Z,16,Donnée validée,10,Expertisée,20,Bonne,7.384986107,48.102530621,HIXnJ
A1610030,A161003001,2015-06-06,1402.0,2026-05-31T20:30:42Z,16,Donnée validée,10,Expertisée,20,Bonne,7.384986107,48.102530621,HIXnJ
A1610030,A161003001,2015-06-07,1286.0,2026-05-31T20:30:42Z,16,Donnée validée,10,Expertisée,20,Bonne,7.384986107,48.102530621,HIXnJ
A1610030,A161003001,2015-06-08,1239.0,2026-05-31T20:30:42Z,16,Donnée validée,10,Expertisée,20,Bonne,7.384986107,48.102530621,HIXnJ
A1610030,A161003001,2015-06-09,1220.0,2026-05-31T20:30:42Z,16,Donnée validée,10,Expertisée,20,Bonne,7.384986107,48.102530621,HIXnJ
A1610030,A161003001,2015-06-10,1201.0,2026-05-31T20:30:42Z,16,Donnée validée,10,Expertisée,20,Bonne,7.384986107,48.102530621,HIXnJ
A1610030,A161003001,2015-06-11,1168.0,2026-05-31T20:30:42Z,16,Donnée validée,10,Expertisée,20,Bonne,7.384986107,48.102530621,HIXnJ
A1610030,A161003001,2015-06-12,1179.0,2026-05-31T20:30:42Z,16,Donnée validée,10,Expertisée,20,Bonne,7.384986107,48.102530621,HIXnJ
A1610030,A161003001,2015-06-13,1149.0,2026-05-31T20:30:42Z,16,Donnée validée,10,Expertisée,20,Bonne,7.384986107,48.102530621,HIXnJ
A1610030,A161003001,2015-06-14,1142.0,2026-05-31T20:30:42Z,16,Donnée validée,10,Expertisée,20,Bonne,7.384986107,48.102530621,HIXnJ
A1610030,A161003001,2015-06-15,1406.0,2026-05-31T20:30:42Z,16,Donnée validée,10,Expertisée,20,Bonne,7.384986107,48.102530621,HIXnJ
A1610030,A161003001,2015-06-16,1363.0,2026-05-31T20:30:42Z,16,Donnée validée,10,Expertisée,20,Bonne,7.384986107,48.102530621,HIXnJ
A1610030,A161003001,2015-06-17,1275.0,2026-05-31T20:30:42Z,16,Donnée validée,10,Expertisée,20,Bonne,7.384986107,48.102530621,HIXnJ
A1610030,A161003001,2015-06-18,1225.0,2026-05-31T20:30:42Z,16,Donnée validée,10,Expertisée,20,Bonne,7.384986107,48.102530621,HIXnJ
A1610030,A161003001,2015-06-19,1214.0,2026-05-31T20:30:42Z,16,Donnée validée,10,Expertisée,20,Bonne,7.384986107,48.102530621,HIXnJ
A1610030,A161003001,2015-06-20,1193.0,2026-05-31T20:30:42Z,16,Donnée validée,10,Expertisée,20,Bonne,7.384986107,48.102530621,HIXnJ
A1610030,A161003001,2015-06-21,1186.0,2026-05-31T20:30:42Z,16,Donnée validée,10,Expertisée,20,Bonne,7.384986107,48.102530621,HIXnJ
A1610030,A161003001,2015-06-22,1215.0,2026-05-31T20:30:42Z,16,Donnée validée,10,Expertisée,20,Bonne,7.384986107,48.102530621,HIXnJ
A1610030,A161003001,2015-06-23,1192.0,2026-05-31T20:30:42Z,16,Donnée validée,10,Expertisée,20,Bonne,7.384986107,48.102530621,HIXnJ
A1610030,A161003001,2015-06-24,1192.0,2026-05-31T20:30:42Z,16,Donnée validée,10,Expertisée,20,Bonne,7.384986107,48.102530621,HIXnJ
A1610030,A161003001,2015-06-25,1162.0,2026-05-31T20:30:42Z,16,Donnée validée,10,Expertisée,20,Bonne,7.384986107,48.102530621,HIXnJ
A1610030,A161003001,2015-06-26,1150.0,2026-05-31T20:30:42Z,16,Donnée validée,10,Expertisée,20,Bonne,7.384986107,48.102530621,HIXnJ
A1610030,A161003001,2015-06-27,1118.0,2026-05-31T20:30:42Z,16,Donnée validée,10,Expertisée,20,Bonne,7.384986107,48.102530621,HIXnJ
A1610030,A161003001,2015-06-28,1096.0,2026-05-31T20:30:42Z,16,Donnée validée,10,Expertisée,20,Bonne,7.384986107,48.102530621,HIXnJ
A1610030,A161003001,2015-06-29,1086.0,2026-05-31T20:30:42Z,16,Donnée validée,10,Expertisée,20,Bonne,7.384986107,48.102530621,HIXnJ
A1610030,A161003001,2015-06-30,1080.0,2026-05-31T20:30:42Z,16,Donnée validée,10,Expertisée,20,Bonne,7.384986107,48.102530621,HIXnJ
A1610030,A161003001,2015-07-01,1088.0,2026-05-31T20:30:42Z,16,Donnée validée,10,Expertisée,20,Bonne,7.384986107,48.102530621,HIXnJ
A1610030,A161003001,2015-07-02,1147.0,2026-05-31T20:30:42Z,16,Donnée validée,10,Expertisée,20,Bonne,7.384986107,48.102530621,HIXnJ
A1610030,A161003001,2015-07-03,1105.0,2026-05-31T20:30:42Z,16,Donnée validée,10,Expertisée,20,Bonne,7.384986107,48.102530621,HIXnJ
A1610030,A161003001,2015-07-04,1099.0,2026-05-31T20:30:42Z,16,Donnée validée,10,Expertisée,20,Bonne,7.384986107,48.102530621,HIXnJ
A1610030,A161003001,2015-07-05,1098.0,2026-05-31T20:30:42Z,16,Donnée validée,10,Expertisée,20,Bonne,7.384986107,48.102530621,HIXnJ
A1610030,A161003001,2015-07-06,1100.0,2026-05-31T20:30:42Z,16,Donnée validée,10,Expertisée,20,Bonne,7.384986107,48.102530621,HIXnJ
A1610030,A161003001,2015-07-07,1094.0,2026-05-31T20:30:42Z,16,Donnée validée,10,Expertisée,20,Bonne,7.384986107,48.102530621,HIXnJ
A1610030,A161003001,2015-07-08,1118.0,2026-05-31T20:30:42Z,16,Donnée validée,10,Expertisée,20,Bonne,7.384986107,48.102530621,HIXnJ
A1610030,A161003001,2015-07-09,1151.0,2026-05-31T20:30:42Z,16,Donnée validée,10,Expertisée,20,Bonne,7.384986107,48.102530621,HIXnJ
A1610030,A161003001,2015-07-10,1085.0,2026-05-31T20:30:42Z,16,Donnée validée,10,Expertisée,20,Bonne,7.384986107,48.102530621,HIXnJ
A1610030,A161003001,2015-07-11,1083.0,2026-05-31T20:30:42Z,16,Donnée validée,10,Expertisée,20,Bonne,7.384986107,48.102530621,HIXnJ
A1610030,A161003001,2015-07-12,1081.0,2026-05-31T20:30:42Z,16,Donnée validée,10,Expertisée,20,Bonne,7.384986107,48.102530621,HIXnJ
A1610030,A161003001,2015-07-13,1072.0,2026-05-31T20:30:42Z,16,Donnée validée,10,Expertisée,20,Bonne,7.384986107,48.102530621,HIXnJ
A1610030,A161003001,2015-07-14,1072.0,2026-05-31T20:30:42Z,16,Donnée validée,10,Expertisée,20,Bonne,7.384986107,48.102530621,HIXnJ
A1610030,A161003001,2015-07-15,1062.0,2026-05-31T20:30:42Z,16,Donnée validée,10,Expertisée,20,Bonne,7.384986107,48.102530621,HIXnJ
A1610030,A161003001,2015-07-16,1074.0,2026-05-31T20:30:42Z,16,Donnée validée,10,Expertisée,20,Bonne,7.384986107,48.102530621,HIXnJ
A1610030,A161003001,2015-07-17,1148.0,2026-05-31T20:30:42Z,16,Donnée validée,10,Expertisée,20,Bonne,7.384986107,48.102530621,HIXnJ
A1610030,A161003001,2015-07-18,1079.0,2026-05-31T20:30:42Z,16,Donnée validée,10,Expertisée,20,Bonne,7.384986107,48.102530621,HIXnJ
A1610030,A161003001,2015-07-19,1079.0,2026-05-31T20:30:42Z,16,Donnée validée,10,Expertisée,20,Bonne,7.384986107,48.102530621,HIXnJ
A1610030,A161003001,2015-07-20,1085.0,2026-05-31T20:30:42Z,16,Donnée validée,10,Expertisée,20,Bonne,7.384986107,48.102530621,HIXnJ
A1610030,A161003001,2015-07-21,1101.0,2026-05-31T20:30:42Z,16,Donnée validée,10,Expertisée,20,Bonne,7.384986107,48.102530621,HIXnJ
A1610030,A161003001,2015-07-22,1194.0,2026-05-31T20:30:42Z,16,Donnée validée,10,Expertisée,20,Bonne,7.384986107,48.102530621,HIXnJ
A1610030,A161003001,2015-07-23,1192.0,2026-05-31T20:30:42Z,16,Donnée validée,10,Expertisée,20,Bonne,7.384986107,48.102530621,HIXnJ
A1610030,A161003001,2015-07-24,1108.0,2026-05-31T20:30:42Z,16,Donnée validée,10,Expertisée,20,Bonne,7.384986107,48.102530621,HIXnJ
A1610030,A161003001,2015-07-25,1103.0,2026-05-31T20:30:42Z,16,Donnée validée,10,Expertisée,20,Bonne,7.384986107,48.102530621,HIXnJ
A1610030,A161003001,2015-07-26,1091.0,2026-05-31T20:30:42Z,16,Donnée validée,10,Expertisée,20,Bonne,7.384986107,48.102530621,HIXnJ
A1610030,A161003001,2015-07-27,1095.0,2026-05-31T20:30:42Z,16,Donnée validée,10,Expertisée,20,Bonne,7.384986107,48.102530621,HIXnJ
A1610030,A161003001,2015-07-28,1099.0,2026-05-31T20:30:42Z,16,Donnée validée,10,Expertisée,20,Bonne,7.384986107,48.102530621,HIXnJ
A1610030,A161003001,2015-07-29,1099.0,2026-05-31T20:30:42Z,16,Donnée validée,10,Expertisée,20,Bonne,7.384986107,48.102530621,HIXnJ
A1610030,A161003001,2015-07-30,1094.0,2026-05-31T20:30:42Z,16,Donnée validée,10,Expertisée,20,Bonne,7.384986107,48.102530621,HIXnJ
A1610030,A161003001,2015-07-31,1091.0,2026-05-31T20:30:42Z,16,Donnée validée,10,Expertisée,20,Bonne,7.384986107,48.102530621,HIXnJ
A1610030,A161003001,2015-08-01,1087.0,2026-05-31T20:30:42Z,16,Donnée validée,10,Expertisée,20,Bonne,7.384986107,48.102530621,HIXnJ
A1610030,A161003001,2015-08-02,1086.0,2026-05-31T20:30:42Z,16,Donnée validée,10,Expertisée,20,Bonne,7.384986107,48.102530621,HIXnJ
A1610030,A161003001,2015-08-03,1087.0,2026-05-31T20:30:42Z,16,Donnée validée,10,Expertisée,20,Bonne,7.384986107,48.102530621,HIXnJ
A1610030,A161003001,2015-08-04,1079.0,2026-05-31T20:30:42Z,16,Donnée validée,10,Expertisée,20,Bonne,7.384986107,48.102530621,HIXnJ
A1610030,A161003001,2015-08-05,1079.0,2026-05-31T20:30:42Z,16,Donnée validée,10,Expertisée,20,Bonne,7.384986107,48.102530621,HIXnJ
A1610030,A161003001,2015-08-06,1078.0,2026-05-31T20:30:42Z,16,Donnée validée,10,Expertisée,20,Bonne,7.384986107,48.102530621,HIXnJ
A1610030,A161003001,2015-08-07,1067.0,2026-05-31T20:30:42Z,16,Donnée validée,10,Expertisée,20,Bonne,7.384986107,48.102530621,HIXnJ
A1610030,A161003001,2015-08-08,1061.0,2026-05-31T20:30:42Z,16,Donnée validée,10,Expertisée,20,Bonne,7.384986107,48.102530621,HIXnJ
A1610030,A161003001,2015-08-09,1530.0,2026-05-31T20:30:42Z,16,Donnée validée,10,Expertisée,20,Bonne,7.384986107,48.102530621,HIXnJ
A1610030,A161003001,2015-08-10,1373.0,2026-05-31T20:30:42Z,16,Donnée validée,10,Expertisée,20,Bonne,7.384986107,48.102530621,HIXnJ
A1610030,A161003001,2015-08-11,1147.0,2026-05-31T20:30:42Z,16,Donnée validée,10,Expertisée,20,Bonne,7.384986107,48.102530621,HIXnJ
A1610030,A161003001,2015-08-12,1113.0,2026-05-31T20:30:42Z,16,Donnée validée,10,Expertisée,20,Bonne,7.384986107,48.102530621,HIXnJ
A1610030,A161003001,2015-08-13,1272.0,2026-05-31T20:30:42Z,16,Donnée validée,10,Expertisée,20,Bonne,7.384986107,48.102530621,HIXnJ
A1610030,A161003001,2015-08-14,1129.0,2026-05-31T20:30:42Z,16,Donnée validée,10,Expertisée,20,Bonne,7.384986107,48.102530621,HIXnJ
A1610030,A161003001,2015-08-15,1173.0,2026-05-31T20:30:42Z,16,Donnée validée,10,Expertisée,20,Bonne,7.384986107,48.102530621,HIXnJ
A1610030,A161003001,2015-08-16,1122.0,2026-05-31T20:30:42Z,16,Donnée validée,10,Expertisée,20,Bonne,7.384986107,48.102530621,HIXnJ
A1610030,A161003001,2015-08-17,1145.0,2026-05-31T20:30:42Z,16,Donnée validée,10,Expertisée,20,Bonne,7.384986107,48.102530621,HIXnJ
A1610030,A161003001,2015-08-18,1140.0,2026-05-31T20:30:42Z,16,Donnée validée,10,Expertisée,20,Bonne,7.384986107,48.102530621,HIXnJ
A1610030,A161003001,2015-08-19,1117.0,2026-05-31T20:30:42Z,16,Donnée validée,10,Expertisée,20,Bonne,7.384986107,48.102530621,HIXnJ
A1610030,A161003001,2015-08-20,1115.0,2026-05-31T20:30:42Z,16,Donnée validée,10,Expertisée,20,Bonne,7.384986107,48.102530621,HIXnJ
A1610030,A161003001,2015-08-21,1109.0,2026-05-31T20:30:42Z,16,Donnée validée,10,Expertisée,20,Bonne,7.384986107,48.102530621,HIXnJ
A1610030,A161003001,2015-08-22,1108.0,2026-05-31T20:30:42Z,16,Donnée validée,10,Expertisée,20,Bonne,7.384986107,48.102530621,HIXnJ
A1610030,A161003001,2015-08-23,1112.0,2026-05-31T20:30:42Z,16,Donnée validée,10,Expertisée,20,Bonne,7.384986107,48.102530621,HIXnJ
A1610030,A161003001,2015-08-24,1277.0,2026-05-31T20:30:42Z,16,Donnée validée,10,Expertisée,20,Bonne,7.384986107,48.102530621,HIXnJ
A1610030,A161003001,2015-08-25,1265.0,2026-05-31T20:30:42Z,16,Donnée validée,10,Expertisée,20,Bonne,7.384986107,48.102530621,HIXnJ
A1610030,A161003001,2015-08-26,1173.0,2026-05-31T20:30:42Z,16,Donnée validée,10,Expertisée,20,Bonne,7.384986107,48.102530621,HIXnJ
A1610030,A161003001,2015-08-27,1144.0,2026-05-31T20:30:42Z,16,Donnée validée,10,Expertisée,20,Bonne,7.384986107,48.102530621,HIXnJ
A1610030,A161003001,2015-08-28,1118.0,2026-05-31T20:30:42Z,16,Donnée validée,10,Expertisée,20,Bonne,7.384986107,48.102530621,HIXnJ
A1610030,A161003001,2015-08-29,1097.0,2026-05-31T20:30:42Z,16,Donnée validée,10,Expertisée,20,Bonne,7.384986107,48.102530621,HIXnJ
A1610030,A161003001,2015-08-30,1096.0,2026-05-31T20:30:42Z,16,Donnée validée,10,Expertisée,20,Bonne,7.384986107,48.102530621,HIXnJ
A1610030,A161003001,2015-08-31,1095.0,2026-05-31T20:30:42Z,16,Donnée validée,10,Expertisée,20,Bonne,7.384986107,48.102530621,HIXnJ
A1610030,A161003001,2015-09-01,1063.0,2026-05-31T20:30:42Z,16,Donnée validée,10,Expertisée,20,Bonne,7.384986107,48.102530621,HIXnJ
A1610030,A161003001,2015-09-02,1066.0,2026-05-31T20:30:42Z,16,Donnée validée,10,Expertisée,20,Bonne,7.384986107,48.102530621,HIXnJ
A1610030,A161003001,2015-09-03,1070.0,2026-05-31T20:30:42Z,16,Donnée validée,10,Expertisée,20,Bonne,7.384986107,48.102530621,HIXnJ
A1610030,A161003001,2015-09-04,1087.0,2026-05-31T20:30:42Z,16,Donnée validée,10,Expertisée,20,Bonne,7.384986107,48.102530621,HIXnJ
A1610030,A161003001,2015-09-05,1094.0,2026-05-31T20:30:42Z,16,Donnée validée,10,Expertisée,20,Bonne,7.384986107,48.102530621,HIXnJ
A1610030,A161003001,2015-09-06,1092.0,2026-05-31T20:30:42Z,16,Donnée validée,10,Expertisée,20,Bonne,7.384986107,48.102530621,HIXnJ
A1610030,A161003001,2015-09-07,1091.0,2026-05-31T20:30:42Z,16,Donnée validée,10,Expertisée,20,Bonne,7.384986107,48.102530621,HIXnJ
A1610030,A161003001,2015-09-08,1087.0,2026-05-31T20:30:42Z,16,Donnée validée,10,Expertisée,20,Bonne,7.384986107,48.102530621,HIXnJ
A1610030,A161003001,2015-09-09,1098.0,2026-05-31T20:30:42Z,16,Donnée validée,10,Expertisée,20,Bonne,7.384986107,48.102530621,HIXnJ
A1610030,A161003001,2015-09-10,1092.0,2026-05-31T20:30:42Z,16,Donnée validée,10,Expertisée,20,Bonne,7.384986107,48.102530621,HIXnJ
A1610030,A161003001,2015-09-11,1091.0,2026-05-31T20:30:42Z,16,Donnée validée,10,Expertisée,20,Bonne,7.384986107,48.102530621,HIXnJ
A1610030,A161003001,2015-09-12,1093.0,2026-05-31T20:30:42Z,16,Donnée validée,10,Expertisée,20,Bonne,7.384986107,48.102530621,HIXnJ
A1610030,A161003001,2015-09-13,1378.0,2026-05-31T20:30:42Z,16,Donnée validée,10,Expertisée,20,Bonne,7.384986107,48.102530621,HIXnJ
A1610030,A161003001,2015-09-14,1192.0,2026-05-31T20:30:42Z,16,Donnée validée,10,Expertisée,20,Bonne,7.384986107,48.102530621,HIXnJ
A1610030,A161003001,2015-09-15,1152.0,2026-05-31T20:30:42Z,16,Donnée validée,10,Expertisée,20,Bonne,7.384986107,48.102530621,HIXnJ
A1610030,A161003001,2015-09-16,1185.0,2026-05-31T20:30:42Z,16,Donnée validée,10,Expertisée,20,Bonne,7.384986107,48.102530621,HIXnJ
A1610030,A161003001,2015-09-17,1358.0,2026-05-31T20:30:42Z,16,Donnée validée,10,Expertisée,20,Bonne,7.384986107,48.102530621,HIXnJ
A1610030,A161003001,2015-09-18,1326.0,2026-05-31T20:30:42Z,16,Donnée validée,10,Expertisée,20,Bonne,7.384986107,48.102530621,HIXnJ
A1610030,A161003001,2015-09-19,1208.0,2026-05-31T20:30:42Z,16,Donnée validée,10,Expertisée,20,Bonne,7.384986107,48.102530621,HIXnJ
A1610030,A161003001,2015-09-20,1196.0,2026-05-31T20:30:42Z,16,Donnée validée,10,Expertisée,20,Bonne,7.384986107,48.102530621,HIXnJ
A1610030,A161003001,2015-09-21,1144.0,2026-05-31T20:30:42Z,16,Donnée validée,10,Expertisée,20,Bonne,7.384986107,48.102530621,HIXnJ
A1610030,A161003001,2015-09-22,1138.0,2026-05-31T20:30:42Z,16,Donnée validée,10,Expertisée,20,Bonne,7.384986107,48.102530621,HIXnJ
A1610030,A161003001,2015-09-23,1214.0,2026-05-31T20:30:42Z,16,Donnée validée,10,Expertisée,20,Bonne,7.384986107,48.102530621,HIXnJ
A1610030,A161003001,2015-09-24,1192.0,2026-05-31T20:30:42Z,16,Donnée validée,10,Expertisée,20,Bonne,7.384986107,48.102530621,HIXnJ
A1610030,A161003001,2015-09-25,1160.0,2026-05-31T20:30:42Z,16,Donnée validée,10,Expertisée,20,Bonne,7.384986107,48.102530621,HIXnJ
A1610030,A161003001,2015-09-26,1153.0,2026-05-31T20:30:42Z,16,Donnée validée,10,Expertisée,20,Bonne,7.384986107,48.102530621,HIXnJ
A1610030,A161003001,2015-09-27,1130.0,2026-05-31T20:30:42Z,16,Donnée validée,10,Expertisée,20,Bonne,7.384986107,48.102530621,HIXnJ
A1610030,A161003001,2015-09-28,1124.0,2026-05-31T20:30:42Z,16,Donnée validée,10,Expertisée,20,Bonne,7.384986107,48.102530621,HIXnJ
A1610030,A161003001,2015-09-29,1121.0,2026-05-31T20:30:42Z,16,Donnée validée,10,Expertisée,20,Bonne,7.384986107,48.102530621,HIXnJ
A1610030,A161003001,2015-09-30,1114.0,2026-05-31T20:30:42Z,16,Donnée validée,10,Expertisée,20,Bonne,7.384986107,48.102530621,HIXnJ
A1610030,A161003001,2015-10-01,1099.0,2026-05-31T20:30:42Z,16,Donnée validée,10,Expertisée,20,Bonne,7.384986107,48.102530621,HIXnJ
A1610030,A161003001,2015-10-02,1096.0,2026-05-31T20:30:42Z,16,Donnée validée,10,Expertisée,20,Bonne,7.384986107,48.102530621,HIXnJ
A1610030,A161003001,2015-10-03,1095.0,2026-05-31T20:30:42Z,16,Donnée validée,10,Expertisée,20,Bonne,7.384986107,48.102530621,HIXnJ
A1610030,A161003001,2015-10-04,1242.0,2026-05-31T20:30:42Z,16,Donnée validée,10,Expertisée,20,Bonne,7.384986107,48.102530621,HIXnJ
A1610030,A161003001,2015-10-05,1136.0,2026-05-31T20:30:42Z,16,Donnée validée,10,Expertisée,20,Bonne,7.384986107,48.102530621,HIXnJ
A1610030,A161003001,2015-10-06,1201.0,2026-05-31T20:30:42Z,16,Donnée validée,10,Expertisée,20,Bonne,7.384986107,48.102530621,HIXnJ
A1610030,A161003001,2015-10-07,1166.0,2026-05-31T20:30:42Z,16,Donnée validée,10,Expertisée,20,Bonne,7.384986107,48.102530621,HIXnJ
A1610030,A161003001,2015-10-08,1157.0,2026-05-31T20:30:42Z,16,Donnée validée,10,Expertisée,20,Bonne,7.384986107,48.102530621,HIXnJ
A1610030,A161003001,2015-10-09,1121.0,2026-05-31T20:30:42Z,16,Donnée validée,10,Expertisée,20,Bonne,7.384986107,48.102530621,HIXnJ
A1610030,A161003001,2015-10-10,1113.0,2026-05-31T20:30:42Z,16,Donnée validée,10,Expertisée,20,Bonne,7.384986107,48.102530621,HIXnJ
A1610030,A161003001,2015-10-11,1114.0,2026-05-31T20:30:42Z,16,Donnée validée,10,Expertisée,20,Bonne,7.384986107,48.102530621,HIXnJ
A1610030,A161003001,2015-10-12,1121.0,2026-05-31T20:30:42Z,16,Donnée validée,10,Expertisée,20,Bonne,7.384986107,48.102530621,HIXnJ
A1610030,A161003001,2015-10-13,1217.0,2026-05-31T20:30:42Z,16,Donnée validée,10,Expertisée,20,Bonne,7.384986107,48.102530621,HIXnJ
A1610030,A161003001,2015-10-14,1109.0,2026-05-31T20:30:42Z,16,Donnée validée,10,Expertisée,20,Bonne,7.384986107,48.102530621,HIXnJ
A1610030,A161003001,2015-10-15,1109.0,2026-05-31T20:30:42Z,16,Donnée validée,10,Expertisée,20,Bonne,7.384986107,48.102530621,HIXnJ
A1610030,A161003001,2015-10-16,1112.0,2026-05-31T20:30:42Z,16,Donnée validée,10,Expertisée,20,Bonne,7.384986107,48.102530621,HIXnJ
A1610030,A161003001,2015-10-17,1116.0,2026-05-31T20:30:42Z,16,Donnée validée,10,Expertisée,20,Bonne,7.384986107,48.102530621,HIXnJ
A1610030,A161003001,2015-10-18,1111.0,2026-05-31T20:30:42Z,16,Donnée validée,10,Expertisée,20,Bonne,7.384986107,48.102530621,HIXnJ
A1610030,A161003001,2015-10-19,1108.0,2026-05-31T20:30:42Z,16,Donnée validée,10,Expertisée,20,Bonne,7.384986107,48.102530621,HIXnJ
A1610030,A161003001,2015-10-20,1109.0,2026-05-31T20:30:42Z,16,Donnée validée,10,Expertisée,20,Bonne,7.384986107,48.102530621,HIXnJ
A1610030,A161003001,2015-10-21,1108.0,2026-05-31T20:30:42Z,16,Donnée validée,10,Expertisée,20,Bonne,7.384986107,48.102530621,HIXnJ
A1610030,A161003001,2015-10-22,1096.0,2026-05-31T20:30:42Z,16,Donnée validée,10,Expertisée,20,Bonne,7.384986107,48.102530621,HIXnJ
A1610030,A161003001,2015-10-23,1104.0,2026-05-31T20:30:42Z,16,Donnée validée,10,Expertisée,20,Bonne,7.384986107,48.102530621,HIXnJ
A1610030,A161003001,2015-10-24,1095.0,2026-05-31T20:30:42Z,16,Donnée validée,10,Expertisée,20,Bonne,7.384986107,48.102530621,HIXnJ
A1610030,A161003001,2015-10-25,1094.0,2026-05-31T20:30:42Z,16,Donnée validée,10,Expertisée,20,Bonne,7.384986107,48.102530621,HIXnJ
A1610030,A161003001,2015-10-26,1095.0,2026-05-31T20:30:42Z,16,Donnée validée,10,Expertisée,20,Bonne,7.384986107,48.102530621,HIXnJ
A1610030,A161003001,2015-10-27,1089.0,2026-05-31T20:30:42Z,16,Donnée validée,10,Expertisée,20,Bonne,7.384986107,48.102530621,HIXnJ
A1610030,A161003001,2015-10-28,1119.0,2026-05-31T20:30:42Z,16,Donnée validée,10,Expertisée,20,Bonne,7.384986107,48.102530621,HIXnJ
A1610030,A161003001,2015-10-29,1124.0,2026-05-31T20:30:42Z,16,Donnée validée,10,Expertisée,20,Bonne,7.384986107,48.102530621,HIXnJ
A1610030,A161003001,2015-10-30,1104.0,2026-05-31T20:30:42Z,16,Donnée validée,10,Expertisée,20,Bonne,7.384986107,48.102530621,HIXnJ
A1610030,A161003001,2015-10-31,1117.0,2026-05-31T20:30:42Z,16,Donnée validée,10,Expertisée,20,Bonne,7.384986107,48.102530621,HIXnJ
A1610030,A161003001,2015-11-01,1093.0,2026-05-31T20:30:42Z,16,Donnée validée,10,Expertisée,20,Bonne,7.384986107,48.102530621,HIXnJ
A1610030,A161003001,2015-11-02,1127.0,2026-05-31T20:30:42Z,16,Donnée validée,10,Expertisée,20,Bonne,7.384986107,48.102530621,HIXnJ
A1610030,A161003001,2015-11-03,1087.0,2026-05-31T20:30:42Z,16,Donnée validée,10,Expertisée,20,Bonne,7.384986107,48.102530621,HIXnJ
A1610030,A161003001,2015-11-04,1083.0,2026-05-31T20:30:42Z,16,Donnée validée,10,Expertisée,20,Bonne,7.384986107,48.102530621,HIXnJ
A1610030,A161003001,2015-11-05,1077.0,2026-05-31T20:30:42Z,16,Donnée validée,10,Expertisée,20,Bonne,7.384986107,48.102530621,HIXnJ
A1610030,A161003001,2015-11-06,1080.0,2026-05-31T20:30:42Z,16,Donnée validée,10,Expertisée,20,Bonne,7.384986107,48.102530621,HIXnJ
A1610030,A161003001,2015-11-07,1075.0,2026-05-31T20:30:42Z,16,Donnée validée,10,Expertisée,20,Bonne,7.384986107,48.102530621,HIXnJ
A1610030,A161003001,2015-11-08,1065.0,2026-05-31T20:30:42Z,16,Donnée validée,10,Expertisée,20,Bonne,7.384986107,48.102530621,HIXnJ
A1610030,A161003001,2015-11-09,1133.0,2026-05-31T20:30:42Z,16,Donnée validée,10,Expertisée,20,Bonne,7.384986107,48.102530621,HIXnJ
A1610030,A161003001,2015-11-10,1043.0,2026-05-31T20:30:42Z,16,Donnée validée,10,Expertisée,20,Bonne,7.384986107,48.102530621,HIXnJ
A1610030,A161003001,2015-11-11,1036.0,2026-05-31T20:30:42Z,16,Donnée validée,10,Expertisée,20,Bonne,7.384986107,48.102530621,HIXnJ
A1610030,A161003001,2015-11-12,1043.0,2026-05-31T20:30:42Z,16,Donnée validée,10,Expertisée,20,Bonne,7.384986107,48.102530621,HIXnJ
A1610030,A161003001,2015-11-13,1041.0,2026-05-31T20:30:42Z,16,Donnée validée,10,Expertisée,20,Bonne,7.384986107,48.102530621,HIXnJ
A1610030,A161003001,2015-11-14,1041.0,2026-05-31T20:30:42Z,16,Donnée validée,10,Expertisée,20,Bonne,7.384986107,48.102530621,HIXnJ
A1610030,A161003001,2015-11-15,1042.0,2026-05-31T20:30:42Z,16,Donnée validée,10,Expertisée,20,Bonne,7.384986107,48.102530621,HIXnJ
A1610030,A161003001,2015-11-16,1097.0,2026-05-31T20:30:42Z,16,Donnée validée,10,Expertisée,20,Bonne,7.384986107,48.102530621,HIXnJ
A1610030,A161003001,2015-11-17,1045.0,2026-05-31T20:30:42Z,16,Donnée validée,10,Expertisée,20,Bonne,7.384986107,48.102530621,HIXnJ
A1610030,A161003001,2015-11-18,1045.0,2026-05-31T20:30:42Z,16,Donnée validée,10,Expertisée,20,Bonne,7.384986107,48.102530621,HIXnJ
A1610030,A161003001,2015-11-19,1053.0,2026-05-31T20:30:42Z,16,Donnée validée,10,Expertisée,20,Bonne,7.384986107,48.102530621,HIXnJ
A1610030,A161003001,2015-11-20,1629.0,2026-05-31T20:30:42Z,16,Donnée validée,10,Expertisée,20,Bonne,7.384986107,48.102530621,HIXnJ
A1610030,A161003001,2015-11-21,2618.0,2026-05-31T20:30:42Z,16,Donnée validée,10,Expertisée,20,Bonne,7.384986107,48.102530621,HIXnJ
A1610030,A161003001,2015-11-22,2033.0,2026-05-31T20:30:42Z,16,Donnée validée,10,Expertisée,20,Bonne,7.384986107,48.102530621,HIXnJ
A1610030,A161003001,2015-11-23,1532.0,2026-05-31T20:30:42Z,16,Donnée validée,10,Expertisée,20,Bonne,7.384986107,48.102530621,HIXnJ
A1610030,A161003001,2015-11-24,1355.0,2026-05-31T20:30:42Z,16,Donnée validée,10,Expertisée,20,Bonne,7.384986107,48.102530621,HIXnJ
A1610030,A161003001,2015-11-25,1284.0,2026-05-31T20:30:42Z,16,Donnée validée,10,Expertisée,20,Bonne,7.384986107,48.102530621,HIXnJ
A1610030,A161003001,2015-11-26,1274.0,2026-05-31T20:30:42Z,16,Donnée validée,10,Expertisée,20,Bonne,7.384986107,48.102530621,HIXnJ
A1610030,A161003001,2015-11-27,1263.0,2026-05-31T20:30:42Z,16,Donnée validée,10,Expertisée,20,Bonne,7.384986107,48.102530621,HIXnJ
A1610030,A161003001,2015-11-28,1217.0,2026-05-31T20:30:42Z,16,Donnée validée,10,Expertisée,20,Bonne,7.384986107,48.102530621,HIXnJ
A1610030,A161003001,2015-11-29,1265.0,2026-05-31T20:30:42Z,16,Donnée validée,10,Expertisée,20,Bonne,7.384986107,48.102530621,HIXnJ
A1610030,A161003001,2015-11-30,1455.0,2026-05-31T20:30:42Z,16,Donnée validée,10,Expertisée,20,Bonne,7.384986107,48.102530621,HIXnJ
A1610030,A161003001,2015-12-01,1538.0,2026-05-31T20:30:42Z,16,Donnée validée,10,Expertisée,20,Bonne,7.384986107,48.102530621,HIXnJ
A1610030,A161003001,2015-12-02,1606.0,2026-05-31T20:30:42Z,16,Donnée validée,10,Expertisée,20,Bonne,7.384986107,48.102530621,HIXnJ
A1610030,A161003001,2015-12-03,1453.0,2026-05-31T20:30:42Z,16,Donnée validée,10,Expertisée,20,Bonne,7.384986107,48.102530621,HIXnJ
A1610030,A161003001,2015-12-04,1384.0,2026-05-31T20:30:42Z,16,Donnée validée,10,Expertisée,20,Bonne,7.384986107,48.102530621,HIXnJ
A1610030,A161003001,2015-12-05,1322.0,2026-05-31T20:30:42Z,16,Donnée validée,10,Expertisée,20,Bonne,7.384986107,48.102530621,HIXnJ
A1610030,A161003001,2015-12-06,1279.0,2026-05-31T20:30:42Z,16,Donnée validée,10,Expertisée,20,Bonne,7.384986107,48.102530621,HIXnJ
A1610030,A161003001,2015-12-07,1249.0,2026-05-31T20:30:42Z,16,Donnée validée,10,Expertisée,20,Bonne,7.384986107,48.102530621,HIXnJ
A1610030,A161003001,2015-12-08,1221.0,2026-05-31T20:30:42Z,16,Donnée validée,10,Expertisée,20,Bonne,7.384986107,48.102530621,HIXnJ
A1610030,A161003001,2015-12-09,1201.0,2026-05-31T20:30:42Z,16,Donnée validée,10,Expertisée,20,Bonne,7.384986107,48.102530621,HIXnJ
A1610030,A161003001,2015-12-10,1191.0,2026-05-31T20:30:42Z,16,Donnée validée,10,Expertisée,20,Bonne,7.384986107,48.102530621,HIXnJ
A1610030,A161003001,2015-12-11,1178.0,2026-05-31T20:30:42Z,16,Donnée validée,10,Expertisée,20,Bonne,7.384986107,48.102530621,HIXnJ
A1610030,A161003001,2015-12-12,1166.0,2026-05-31T20:30:42Z,16,Donnée validée,10,Expertisée,20,Bonne,7.384986107,48.102530621,HIXnJ
A1610030,A161003001,2015-12-13,1155.0,2026-05-31T20:30:42Z,16,Donnée validée,10,Expertisée,20,Bonne,7.384986107,48.102530621,HIXnJ
A1610030,A161003001,2015-12-14,1154.0,2026-05-31T20:30:42Z,16,Donnée validée,10,Expertisée,20,Bonne,7.384986107,48.102530621,HIXnJ
A1610030,A161003001,2015-12-15,1146.0,2026-05-31T20:30:42Z,16,Donnée validée,10,Expertisée,20,Bonne,7.384986107,48.102530621,HIXnJ
A1610030,A161003001,2015-12-16,1146.0,2026-05-31T20:30:42Z,16,Donnée validée,10,Expertisée,20,Bonne,7.384986107,48.102530621,HIXnJ
A1610030,A161003001,2015-12-17,1151.0,2026-05-31T20:30:42Z,16,Donnée validée,10,Expertisée,20,Bonne,7.384986107,48.102530621,HIXnJ
A1610030,A161003001,2015-12-18,1151.0,2026-05-31T20:30:42Z,16,Donnée validée,10,Expertisée,20,Bonne,7.384986107,48.102530621,HIXnJ
A1610030,A161003001,2015-12-19,1135.0,2026-05-31T20:30:42Z,16,Donnée validée,10,Expertisée,20,Bonne,7.384986107,48.102530621,HIXnJ
A1610030,A161003001,2015-12-20,1129.0,2026-05-31T20:30:42Z,16,Donnée validée,10,Expertisée,20,Bonne,7.384986107,48.102530621,HIXnJ
A1610030,A161003001,2015-12-21,1129.0,2026-05-31T20:30:42Z,16,Donnée validée,10,Expertisée,20,Bonne,7.384986107,48.102530621,HIXnJ
A1610030,A161003001,2015-12-22,1130.0,2026-05-31T20:30:42Z,16,Donnée validée,10,Expertisée,20,Bonne,7.384986107,48.102530621,HIXnJ
A1610030,A161003001,2015-12-23,1128.0,2026-05-31T20:30:42Z,16,Donnée validée,10,Expertisée,20,Bonne,7.384986107,48.102530621,HIXnJ
A1610030,A161003001,2015-12-24,1170.0,2026-05-31T20:30:42Z,16,Donnée validée,10,Expertisée,20,Bonne,7.384986107,48.102530621,HIXnJ
A1610030,A161003001,2015-12-25,1122.0,2026-05-31T20:30:42Z,16,Donnée validée,10,Expertisée,20,Bonne,7.384986107,48.102530621,HIXnJ
A1610030,A161003001,2015-12-26,1123.0,2026-05-31T20:30:42Z,16,Donnée validée,10,Expertisée,20,Bonne,7.384986107,48.102530621,HIXnJ
A1610030,A161003001,2015-12-27,1122.0,2026-05-31T20:30:42Z,16,Donnée validée,10,Expertisée,20,Bonne,7.384986107,48.102530621,HIXnJ
A1610030,A161003001,2015-12-28,1119.0,2026-05-31T20:30:42Z,16,Donnée validée,10,Expertisée,20,Bonne,7.384986107,48.102530621,HIXnJ
A1610030,A161003001,2015-12-29,1116.0,2026-05-31T20:30:42Z,16,Donnée validée,10,Expertisée,20,Bonne,7.384986107,48.102530621,HIXnJ
A1610030,A161003001,2015-12-30,1114.0,2026-05-31T20:30:42Z,16,Donnée validée,10,Expertisée,20,Bonne,7.384986107,48.102530621,HIXnJ
A1610030,A161003001,2015-12-31,1118.0,2026-05-31T20:30:42Z,16,Donnée validée,10,Expertisée,20,Bonne,7.384986107,48.102530621,HIXnJ
A1610030,A161003001,2016-01-01,1118.0,2026-05-31T20:30:42Z,16,Donnée validée,10,Expertisée,20,Bonne,7.384986107,48.102530621,HIXnJ
A1610030,A161003001,2016-01-02,1146.0,2026-05-31T20:30:42Z,16,Donnée validée,10,Expertisée,20,Bonne,7.384986107,48.102530621,HIXnJ
A1610030,A161003001,2016-01-03,1171.0,2026-05-31T20:30:42Z,16,Donnée validée,10,Expertisée,20,Bonne,7.384986107,48.102530621,HIXnJ
A1610030,A161003001,2016-01-04,1572.0,2026-05-31T20:30:42Z,16,Donnée validée,10,Expertisée,20,Bonne,7.384986107,48.102530621,HIXnJ
A1610030,A161003001,2016-01-05,1599.0,2026-05-31T20:30:42Z,16,Donnée validée,10,Expertisée,20,Bonne,7.384986107,48.102530621,HIXnJ
A1610030,A161003001,2016-01-06,1637.0,2026-05-31T20:30:42Z,16,Donnée validée,10,Expertisée,20,Bonne,7.384986107,48.102530621,HIXnJ
A1610030,A161003001,2016-01-07,1567.0,2026-05-31T20:30:42Z,16,Donnée validée,10,Expertisée,20,Bonne,7.384986107,48.102530621,HIXnJ
A1610030,A161003001,2016-01-08,1754.0,2026-05-31T20:30:42Z,16,Donnée validée,10,Expertisée,20,Bonne,7.384986107,48.102530621,HIXnJ
A1610030,A161003001,2016-01-09,1945.0,2026-05-31T20:30:42Z,16,Donnée validée,10,Expertisée,20,Bonne,7.384986107,48.102530621,HIXnJ
A1610030,A161003001,2016-01-10,1912.0,2026-05-31T20:30:42Z,16,Donnée validée,10,Expertisée,20,Bonne,7.384986107,48.102530621,HIXnJ
A1610030,A161003001,2016-01-11,2853.0,2026-05-31T20:30:42Z,16,Donnée validée,10,Expertisée,20,Bonne,7.384986107,48.102530621,HIXnJ
A1610030,A161003001,2016-01-12,3274.0,2026-05-31T20:30:42Z,16,Donnée validée,10,Expertisée,20,Bonne,7.384986107,48.102530621,HIXnJ
A1610030,A161003001,2016-01-13,3271.0,2026-05-31T20:30:42Z,16,Donnée validée,10,Expertisée,20,Bonne,7.384986107,48.102530621,HIXnJ
A1610030,A161003001,2016-01-14,2898.0,2026-05-31T20:30:42Z,16,Donnée validée,10,Expertisée,20,Bonne,7.384986107,48.102530621,HIXnJ
A1610030,A161003001,2016-01-15,2198.0,2026-05-31T20:30:42Z,16,Donnée validée,10,Expertisée,20,Bonne,7.384986107,48.102530621,HIXnJ
A1610030,A161003001,2016-01-16,1887.0,2026-05-31T20:30:42Z,16,Donnée validée,10,Expertisée,20,Bonne,7.384986107,48.102530621,HIXnJ
A1610030,A161003001,2016-01-17,1683.0,2026-05-31T20:30:42Z,16,Donnée validée,10,Expertisée,20,Bonne,7.384986107,48.102530621,HIXnJ
A1610030,A161003001,2016-01-18,1568.0,2026-05-31T20:30:42Z,16,Donnée validée,10,Expertisée,20,Bonne,7.384986107,48.102530621,HIXnJ
A1610030,A161003001,2016-01-19,1527.0,2026-05-31T20:30:42Z,16,Donnée validée,10,Expertisée,20,Bonne,7.384986107,48.102530621,HIXnJ
A1610030,A161003001,2016-01-20,1445.0,2026-05-31T20:30:42Z,16,Donnée validée,10,Expertisée,20,Bonne,7.384986107,48.102530621,HIXnJ
A1610030,A161003001,2016-01-21,1373.0,2026-05-31T20:30:42Z,16,Donnée validée,10,Expertisée,20,Bonne,7.384986107,48.102530621,HIXnJ
A1610030,A161003001,2016-01-22,1326.0,2026-05-31T20:30:42Z,16,Donnée validée,10,Expertisée,20,Bonne,7.384986107,48.102530621,HIXnJ
A1610030,A161003001,2016-01-23,1301.0,2026-05-31T20:30:42Z,16,Donnée validée,10,Expertisée,20,Bonne,7.384986107,48.102530621,HIXnJ
A1610030,A161003001,2016-01-24,1297.0,2026-05-31T20:30:42Z,16,Donnée validée,10,Expertisée,20,Bonne,7.384986107,48.102530621,HIXnJ
A1610030,A161003001,2016-01-25,1292.0,2026-05-31T20:30:42Z,16,Donnée validée,10,Expertisée,20,Bonne,7.384986107,48.102530621,HIXnJ
A1610030,A161003001,2016-01-26,1317.0,2026-05-31T20:30:42Z,16,Donnée validée,10,Expertisée,20,Bonne,7.384986107,48.102530621,HIXnJ
A1610030,A161003001,2016-01-27,1353.0,2026-05-31T20:30:42Z,16,Donnée validée,10,Expertisée,20,Bonne,7.384986107,48.102530621,HIXnJ
A1610030,A161003001,2016-01-28,1425.0,2026-05-31T20:30:42Z,16,Donnée validée,10,Expertisée,20,Bonne,7.384986107,48.102530621,HIXnJ
A1610030,A161003001,2016-01-29,1532.0,2026-05-31T20:30:42Z,16,Donnée validée,10,Expertisée,20,Bonne,7.384986107,48.102530621,HIXnJ
A1610030,A161003001,2016-01-30,1646.0,2026-05-31T20:30:42Z,16,Donnée validée,10,Expertisée,20,Bonne,7.384986107,48.102530621,HIXnJ
A1610030,A161003001,2016-01-31,3152.0,2026-05-31T20:30:42Z,16,Donnée validée,10,Expertisée,20,Bonne,7.384986107,48.102530621,HIXnJ
A1610030,A161003001,2016-02-01,3502.0,2026-05-31T20:30:42Z,16,Donnée validée,10,Expertisée,20,Bonne,7.384986107,48.102530621,HIXnJ
A1610030,A161003001,2016-02-02,3475.0,2026-05-31T20:30:42Z,16,Donnée validée,10,Expertisée,20,Bonne,7.384986107,48.102530621,HIXnJ
A1610030,A161003001,2016-02-03,2606.0,2026-05-31T20:30:42Z,16,Donnée validée,10,Expertisée,20,Bonne,7.384986107,48.102530621,HIXnJ
A1610030,A161003001,2016-02-04,2376.0,2026-05-31T20:30:42Z,16,Donnée validée,10,Expertisée,20,Bonne,7.384986107,48.102530621,HIXnJ
A1610030,A161003001,2016-02-05,2402.0,2026-05-31T20:30:42Z,16,Donnée validée,10,Expertisée,20,Bonne,7.384986107,48.102530621,HIXnJ
A1610030,A161003001,2016-02-06,2302.0,2026-05-31T20:30:42Z,16,Donnée validée,10,Expertisée,20,Bonne,7.384986107,48.102530621,HIXnJ
A1610030,A161003001,2016-02-07,2098.0,2026-05-31T20:30:42Z,16,Donnée validée,10,Expertisée,20,Bonne,7.384986107,48.102530621,HIXnJ
A1610030,A161003001,2016-02-08,2181.0,2026-05-31T20:30:42Z,16,Donnée validée,10,Expertisée,20,Bonne,7.384986107,48.102530621,HIXnJ
A1610030,A161003001,2016-02-09,3026.0,2026-05-31T20:30:42Z,16,Donnée validée,10,Expertisée,20,Bonne,7.384986107,48.102530621,HIXnJ
A1610030,A161003001,2016-02-10,3191.0,2026-05-31T20:30:42Z,16,Donnée validée,10,Expertisée,20,Bonne,7.384986107,48.102530621,HIXnJ
A1610030,A161003001,2016-02-11,3055.0,2026-05-31T20:30:42Z,16,Donnée validée,10,Expertisée,20,Bonne,7.384986107,48.102530621,HIXnJ
A1610030,A161003001,2016-02-12,2480.0,2026-05-31T20:30:42Z,16,Donnée validée,10,Expertisée,20,Bonne,7.384986107,48.102530621,HIXnJ
A1610030,A161003001,2016-02-13,2821.0,2026-05-31T20:30:42Z,16,Donnée validée,10,Expertisée,20,Bonne,7.384986107,48.102530621,HIXnJ
A1610030,A161003001,2016-02-14,3362.0,2026-05-31T20:30:42Z,16,Donnée validée,10,Expertisée,20,Bonne,7.384986107,48.102530621,HIXnJ
A1610030,A161003001,2016-02-15,3322.0,2026-05-31T20:30:42Z,16,Donnée validée,10,Expertisée,20,Bonne,7.384986107,48.102530621,HIXnJ
A1610030,A161003001,2016-02-16,2802.0,2026-05-31T20:30:42Z,16,Donnée validée,10,Expertisée,20,Bonne,7.384986107,48.102530621,HIXnJ
A1610030,A161003001,2016-02-17,2267.0,2026-05-31T20:30:42Z,16,Donnée validée,10,Expertisée,20,Bonne,7.384986107,48.102530621,HIXnJ
A1610030,A161003001,2016-02-18,2011.0,2026-05-31T20:30:42Z,16,Donnée validée,10,Expertisée,20,Bonne,7.384986107,48.102530621,HIXnJ
A1610030,A161003001,2016-02-19,1836.0,2026-05-31T20:30:42Z,16,Donnée validée,10,Expertisée,20,Bonne,7.384986107,48.102530621,HIXnJ
A1610030,A161003001,2016-02-20,1706.0,2026-05-31T20:30:42Z,16,Donnée validée,10,Expertisée,20,Bonne,7.384986107,48.102530621,HIXnJ
A1610030,A161003001,2016-02-21,1955.0,2026-05-31T20:30:42Z,16,Donnée validée,10,Expertisée,20,Bonne,7.384986107,48.102530621,HIXnJ
A1610030,A161003001,2016-02-22,1955.0,2026-05-31T20:30:42Z,16,Donnée validée,10,Expertisée,20,Bonne,7.384986107,48.102530621,HIXnJ
A1610030,A161003001,2016-02-23,2246.0,2026-05-31T20:30:42Z,16,Donnée validée,10,Expertisée,20,Bonne,7.384986107,48.102530621,HIXnJ
A1610030,A161003001,2016-02-24,2339.0,2026-05-31T20:30:42Z,16,Donnée validée,10,Expertisée,20,Bonne,7.384986107,48.102530621,HIXnJ
A1610030,A161003001,2016-02-25,2332.0,2026-05-31T20:30:42Z,16,Donnée validée,10,Expertisée,20,Bonne,7.384986107,48.102530621,HIXnJ
A1610030,A161003001,2016-02-26,2343.0,2026-05-31T20:30:42Z,16,Donnée validée,10,Expertisée,20,Bonne,7.384986107,48.102530621,HIXnJ
A1610030,A161003001,2016-02-27,2158.0,2026-05-31T20:30:42Z,16,Donnée validée,10,Expertisée,20,Bonne,7.384986107,48.102530621,HIXnJ
A1610030,A161003001,2016-02-28,2012.0,2026-05-31T20:30:42Z,16,Donnée validée,10,Expertisée,20,Bonne,7.384986107,48.102530621,HIXnJ
A1610030,A161003001,2016-02-29,1878.0,2026-05-31T20:30:42Z,16,Donnée validée,10,Expertisée,20,Bonne,7.384986107,48.102530621,HIXnJ
A1610030,A161003001,2016-03-01,1762.0,2026-05-31T20:30:42Z,16,Donnée validée,10,Expertisée,20,Bonne,7.384986107,48.102530621,HIXnJ
A1610030,A161003001,2016-03-02,1923.0,2026-05-31T20:30:42Z,16,Donnée validée,10,Expertisée,20,Bonne,7.384986107,48.102530621,HIXnJ
A1610030,A161003001,2016-03-03,2247.0,2026-05-31T20:30:42Z,16,Donnée validée,10,Expertisée,20,Bonne,7.384986107,48.102530621,HIXnJ
A1610030,A161003001,2016-03-04,2181.0,2026-05-31T20:30:42Z,16,Donnée validée,10,Expertisée,20,Bonne,7.384986107,48.102530621,HIXnJ
A1610030,A161003001,2016-03-05,2990.0,2026-05-31T20:30:42Z,16,Donnée validée,10,Expertisée,20,Bonne,7.384986107,48.102530621,HIXnJ
A1610030,A161003001,2016-03-06,3007.0,2026-05-31T20:30:42Z,16,Donnée validée,10,Expertisée,20,Bonne,7.384986107,48.102530621,HIXnJ
A1610030,A161003001,2016-03-07,2564.0,2026-05-31T20:30:42Z,16,Donnée validée,10,Expertisée,20,Bonne,7.384986107,48.102530621,HIXnJ
A1610030,A161003001,2016-03-08,2191.0,2026-05-31T20:30:42Z,16,Donnée validée,10,Expertisée,20,Bonne,7.384986107,48.102530621,HIXnJ
A1610030,A161003001,2016-03-09,1964.0,2026-05-31T20:30:42Z,16,Donnée validée,10,Expertisée,20,Bonne,7.384986107,48.102530621,HIXnJ
A1610030,A161003001,2016-03-10,1854.0,2026-05-31T20:30:42Z,16,Donnée validée,10,Expertisée,20,Bonne,7.384986107,48.102530621,HIXnJ
A1610030,A161003001,2016-03-11,1712.0,2026-05-31T20:30:42Z,16,Donnée validée,10,Expertisée,20,Bonne,7.384986107,48.102530621,HIXnJ
A1610030,A161003001,2016-03-12,1608.0,2026-05-31T20:30:42Z,16,Donnée validée,10,Expertisée,20,Bonne,7.384986107,48.102530621,HIXnJ
A1610030,A161003001,2016-03-13,1538.0,2026-05-31T20:30:42Z,16,Donnée validée,10,Expertisée,20,Bonne,7.384986107,48.102530621,HIXnJ
A1610030,A161003001,2016-03-14,1484.0,2026-05-31T20:30:42Z,16,Donnée validée,10,Expertisée,20,Bonne,7.384986107,48.102530621,HIXnJ
A1610030,A161003001,2016-03-15,1455.0,2026-05-31T20:30:42Z,16,Donnée validée,10,Expertisée,20,Bonne,7.384986107,48.102530621,HIXnJ
A1610030,A161003001,2016-03-16,1449.0,2026-05-31T20:30:42Z,16,Donnée validée,10,Expertisée,20,Bonne,7.384986107,48.102530621,HIXnJ
A1610030,A161003001,2016-03-17,1402.0,2026-05-31T20:30:42Z,16,Donnée validée,10,Expertisée,20,Bonne,7.384986107,48.102530621,HIXnJ
A1610030,A161003001,2016-03-18,1400.0,2026-05-31T20:30:42Z,16,Donnée validée,10,Expertisée,20,Bonne,7.384986107,48.102530621,HIXnJ
A1610030,A161003001,2016-03-19,1360.0,2026-05-31T20:30:42Z,16,Donnée validée,10,Expertisée,20,Bonne,7.384986107,48.102530621,HIXnJ
A1610030,A161003001,2016-03-20,1362.0,2026-05-31T20:30:42Z,16,Donnée validée,10,Expertisée,20,Bonne,7.384986107,48.102530621,HIXnJ
A1610030,A161003001,2016-03-21,1336.0,2026-05-31T20:30:42Z,16,Donnée validée,10,Expertisée,20,Bonne,7.384986107,48.102530621,HIXnJ
A1610030,A161003001,2016-03-22,1332.0,2026-05-31T20:30:42Z,16,Donnée validée,10,Expertisée,20,Bonne,7.384986107,48.102530621,HIXnJ
A1610030,A161003001,2016-03-23,1317.0,2026-05-31T20:30:42Z,16,Donnée validée,10,Expertisée,20,Bonne,7.384986107,48.102530621,HIXnJ
A1610030,A161003001,2016-03-24,1326.0,2026-05-31T20:30:42Z,16,Donnée validée,10,Expertisée,20,Bonne,7.384986107,48.102530621,HIXnJ
A1610030,A161003001,2016-03-25,1291.0,2026-05-31T20:30:42Z,16,Donnée validée,10,Expertisée,20,Bonne,7.384986107,48.102530621,HIXnJ
A1610030,A161003001,2016-03-26,1317.0,2026-05-31T20:30:42Z,16,Donnée validée,10,Expertisée,20,Bonne,7.384986107,48.102530621,HIXnJ
A1610030,A161003001,2016-03-27,1297.0,2026-05-31T20:30:42Z,16,Donnée validée,10,Expertisée,20,Bonne,7.384986107,48.102530621,HIXnJ
A1610030,A161003001,2016-03-28,1342.0,2026-05-31T20:30:42Z,16,Donnée validée,10,Expertisée,20,Bonne,7.384986107,48.102530621,HIXnJ
A1610030,A161003001,2016-03-29,1352.0,2026-05-31T20:30:42Z,16,Donnée validée,10,Expertisée,20,Bonne,7.384986107,48.102530621,HIXnJ
A1610030,A161003001,2016-03-30,1409.0,2026-05-31T20:30:42Z,16,Donnée validée,10,Expertisée,20,Bonne,7.384986107,48.102530621,HIXnJ
A1610030,A161003001,2016-03-31,1451.0,2026-05-31T20:30:42Z,16,Donnée validée,10,Expertisée,20,Bonne,7.384986107,48.102530621,HIXnJ
A1610030,A161003001,2016-04-01,1477.0,2026-05-31T20:30:42Z,16,Donnée validée,10,Expertisée,20,Bonne,7.384986107,48.102530621,HIXnJ
A1610030,A161003001,2016-04-02,1406.0,2026-05-31T20:30:42Z,16,Donnée validée,10,Expertisée,20,Bonne,7.384986107,48.102530621,HIXnJ
A1610030,A161003001,2016-04-03,1376.0,2026-05-31T20:30:42Z,16,Donnée validée,10,Expertisée,20,Bonne,7.384986107,48.102530621,HIXnJ
A1610030,A161003001,2016-04-04,1394.0,2026-05-31T20:30:42Z,16,Donnée validée,10,Expertisée,20,Bonne,7.384986107,48.102530621,HIXnJ
A1610030,A161003001,2016-04-05,1549.0,2026-05-31T20:30:42Z,16,Donnée validée,10,Expertisée,20,Bonne,7.384986107,48.102530621,HIXnJ
A1610030,A161003001,2016-04-06,1741.0,2026-05-31T20:30:42Z,16,Donnée validée,10,Expertisée,20,Bonne,7.384986107,48.102530621,HIXnJ
A1610030,A161003001,2016-04-07,1674.0,2026-05-31T20:30:42Z,16,Donnée validée,10,Expertisée,20,Bonne,7.384986107,48.102530621,HIXnJ
A1610030,A161003001,2016-04-08,1530.0,2026-05-31T20:30:42Z,16,Donnée validée,10,Expertisée,20,Bonne,7.384986107,48.102530621,HIXnJ
A1610030,A161003001,2016-04-09,1465.0,2026-05-31T20:30:42Z,16,Donnée validée,10,Expertisée,20,Bonne,7.384986107,48.102530621,HIXnJ
A1610030,A161003001,2016-04-10,1424.0,2026-05-31T20:30:42Z,16,Donnée validée,10,Expertisée,20,Bonne,7.384986107,48.102530621,HIXnJ
A1610030,A161003001,2016-04-11,1387.0,2026-05-31T20:30:42Z,16,Donnée validée,10,Expertisée,20,Bonne,7.384986107,48.102530621,HIXnJ
A1610030,A161003001,2016-04-12,1412.0,2026-05-31T20:30:42Z,16,Donnée validée,10,Expertisée,20,Bonne,7.384986107,48.102530621,HIXnJ
A1610030,A161003001,2016-04-13,1488.0,2026-05-31T20:30:42Z,16,Donnée validée,10,Expertisée,20,Bonne,7.384986107,48.102530621,HIXnJ
A1610030,A161003001,2016-04-14,1506.0,2026-05-31T20:30:42Z,16,Donnée validée,10,Expertisée,20,Bonne,7.384986107,48.102530621,HIXnJ
A1610030,A161003001,2016-04-15,1594.0,2026-05-31T20:30:42Z,16,Donnée validée,10,Expertisée,20,Bonne,7.384986107,48.102530621,HIXnJ
A1610030,A161003001,2016-04-16,2280.0,2026-05-31T20:30:42Z,16,Donnée validée,10,Expertisée,20,Bonne,7.384986107,48.102530621,HIXnJ
A1610030,A161003001,2016-04-17,3240.0,2026-05-31T20:30:42Z,16,Donnée validée,10,Expertisée,20,Bonne,7.384986107,48.102530621,HIXnJ
A1610030,A161003001,2016-04-18,3582.0,2026-05-31T20:30:42Z,16,Donnée validée,10,Expertisée,20,Bonne,7.384986107,48.102530621,HIXnJ
A1610030,A161003001,2016-04-19,3375.0,2026-05-31T20:30:42Z,16,Donnée validée,10,Expertisée,20,Bonne,7.384986107,48.102530621,HIXnJ
A1610030,A161003001,2016-04-20,2514.0,2026-05-31T20:30:42Z,16,Donnée validée,10,Expertisée,20,Bonne,7.384986107,48.102530621,HIXnJ
A1610030,A161003001,2016-04-21,2099.0,2026-05-31T20:30:42Z,16,Donnée validée,10,Expertisée,20,Bonne,7.384986107,48.102530621,HIXnJ
A1610030,A161003001,2016-04-22,1864.0,2026-05-31T20:30:42Z,16,Donnée validée,10,Expertisée,20,Bonne,7.384986107,48.102530621,HIXnJ
A1610030,A161003001,2016-04-23,1773.0,2026-05-31T20:30:42Z,16,Donnée validée,10,Expertisée,20,Bonne,7.384986107,48.102530621,HIXnJ
A1610030,A161003001,2016-04-24,1730.0,2026-05-31T20:30:42Z,16,Donnée validée,10,Expertisée,20,Bonne,7.384986107,48.102530621,HIXnJ
A1610030,A161003001,2016-04-25,1686.0,2026-05-31T20:30:42Z,16,Donnée validée,10,Expertisée,20,Bonne,7.384986107,48.102530621,HIXnJ
A1610030,A161003001,2016-04-26,1695.0,2026-05-31T20:30:42Z,16,Donnée validée,10,Expertisée,20,Bonne,7.384986107,48.102530621,HIXnJ
A1610030,A161003001,2016-04-27,1946.0,2026-05-31T20:30:42Z,16,Donnée validée,10,Expertisée,20,Bonne,7.384986107,48.102530621,HIXnJ
A1610030,A161003001,2016-04-28,1828.0,2026-05-31T20:30:42Z,16,Donnée validée,10,Expertisée,20,Bonne,7.384986107,48.102530621,HIXnJ
A1610030,A161003001,2016-04-29,1648.0,2026-05-31T20:30:42Z,16,Donnée validée,10,Expertisée,20,Bonne,7.384986107,48.102530621,HIXnJ
A1610030,A161003001,2016-04-30,1610.0,2026-05-31T20:30:42Z,16,Donnée validée,10,Expertisée,20,Bonne,7.384986107,48.102530621,HIXnJ
A1610030,A161003001,2016-05-01,2313.0,2026-05-31T20:30:42Z,16,Donnée validée,10,Expertisée,20,Bonne,7.384986107,48.102530621,HIXnJ
A1610030,A161003001,2016-05-02,2361.0,2026-05-31T20:30:42Z,16,Donnée validée,10,Expertisée,20,Bonne,7.384986107,48.102530621,HIXnJ
A1610030,A161003001,2016-05-03,2026.0,2026-05-31T20:30:42Z,16,Donnée validée,10,Expertisée,20,Bonne,7.384986107,48.102530621,HIXnJ
A1610030,A161003001,2016-05-04,1788.0,2026-05-31T20:30:42Z,16,Donnée validée,10,Expertisée,20,Bonne,7.384986107,48.102530621,HIXnJ
A1610030,A161003001,2016-05-05,1638.0,2026-05-31T20:30:42Z,16,Donnée validée,10,Expertisée,20,Bonne,7.384986107,48.102530621,HIXnJ
A1610030,A161003001,2016-05-06,1553.0,2026-05-31T20:30:42Z,16,Donnée validée,10,Expertisée,20,Bonne,7.384986107,48.102530621,HIXnJ
A1610030,A161003001,2016-05-07,1492.0,2026-05-31T20:30:42Z,16,Donnée validée,10,Expertisée,20,Bonne,7.384986107,48.102530621,HIXnJ
A1610030,A161003001,2016-05-08,1431.0,2026-05-31T20:30:42Z,16,Donnée validée,10,Expertisée,20,Bonne,7.384986107,48.102530621,HIXnJ
A1610030,A161003001,2016-05-09,1402.0,2026-05-31T20:30:42Z,16,Donnée validée,10,Expertisée,20,Bonne,7.384986107,48.102530621,HIXnJ
A1610030,A161003001,2016-05-10,1398.0,2026-05-31T20:30:42Z,16,Donnée validée,10,Expertisée,20,Bonne,7.384986107,48.102530621,HIXnJ
A1610030,A161003001,2016-05-11,1397.0,2026-05-31T20:30:42Z,16,Donnée validée,10,Expertisée,20,Bonne,7.384986107,48.102530621,HIXnJ
A1610030,A161003001,2016-05-12,1974.0,2026-05-31T20:30:42Z,16,Donnée validée,10,Expertisée,20,Bonne,7.384986107,48.102530621,HIXnJ
A1610030,A161003001,2016-05-13,1917.0,2026-05-31T20:30:42Z,16,Donnée validée,10,Expertisée,20,Bonne,7.384986107,48.102530621,HIXnJ
A1610030,A161003001,2016-05-14,2201.0,2026-05-31T20:30:42Z,16,Donnée validée,10,Expertisée,20,Bonne,7.384986107,48.102530621,HIXnJ
A1610030,A161003001,2016-05-15,2097.0,2026-05-31T20:30:42Z,16,Donnée validée,10,Expertisée,20,Bonne,7.384986107,48.102530621,HIXnJ
A1610030,A161003001,2016-05-16,1742.0,2026-05-31T20:30:42Z,16,Donnée validée,10,Expertisée,20,Bonne,7.384986107,48.102530621,HIXnJ
A1610030,A161003001,2016-05-17,1564.0,2026-05-31T20:30:42Z,16,Donnée validée,10,Expertisée,20,Bonne,7.384986107,48.102530621,HIXnJ
A1610030,A161003001,2016-05-18,1487.0,2026-05-31T20:30:42Z,16,Donnée validée,10,Expertisée,20,Bonne,7.384986107,48.102530621,HIXnJ
A1610030,A161003001,2016-05-19,1585.0,2026-05-31T20:30:42Z,16,Donnée validée,10,Expertisée,20,Bonne,7.384986107,48.102530621,HIXnJ
A1610030,A161003001,2016-05-20,1580.0,2026-05-31T20:30:42Z,16,Donnée validée,10,Expertisée,20,Bonne,7.384986107,48.102530621,HIXnJ
A1610030,A161003001,2016-05-21,1465.0,2026-05-31T20:30:42Z,16,Donnée validée,10,Expertisée,20,Bonne,7.384986107,48.102530621,HIXnJ
A1610030,A161003001,2016-05-22,1399.0,2026-05-31T20:30:42Z,16,Donnée validée,10,Expertisée,20,Bonne,7.384986107,48.102530621,HIXnJ
A1610030,A161003001,2016-05-23,1643.0,2026-05-31T20:30:42Z,16,Donnée validée,10,Expertisée,20,Bonne,7.384986107,48.102530621,HIXnJ
A1610030,A161003001,2016-05-24,1642.0,2026-05-31T20:30:42Z,16,Donnée validée,10,Expertisée,20,Bonne,7.384986107,48.102530621,HIXnJ
A1610030,A161003001,2016-05-25,1621.0,2026-05-31T20:30:42Z,16,Donnée validée,10,Expertisée,20,Bonne,7.384986107,48.102530621,HIXnJ
A1610030,A161003001,2016-05-26,1509.0,2026-05-31T20:30:42Z,16,Donnée validée,10,Expertisée,20,Bonne,7.384986107,48.102530621,HIXnJ
A1610030,A161003001,2016-05-27,1439.0,2026-05-31T20:30:42Z,16,Donnée validée,10,Expertisée,20,Bonne,7.384986107,48.102530621,HIXnJ
A1610030,A161003001,2016-05-28,1387.0,2026-05-31T20:30:42Z,16,Donnée validée,10,Expertisée,20,Bonne,7.384986107,48.102530621,HIXnJ
A1610030,A161003001,2016-05-29,1787.0,2026-05-31T20:30:42Z,16,Donnée validée,10,Expertisée,20,Bonne,7.384986107,48.102530621,HIXnJ
A1610030,A161003001,2016-05-30,1682.0,2026-05-31T20:30:42Z,16,Donnée validée,10,Expertisée,20,Bonne,7.384986107,48.102530621,HIXnJ
A1610030,A161003001,2016-05-31,1708.0,2026-05-31T20:30:42Z,16,Donnée validée,10,Expertisée,20,Bonne,7.384986107,48.102530621,HIXnJ
A1610030,A161003001,2016-06-01,2043.0,2026-05-31T20:30:42Z,16,Donnée validée,10,Expertisée,20,Bonne,7.384986107,48.102530621,HIXnJ
A1610030,A161003001,2016-06-02,1837.0,2026-05-31T20:30:42Z,16,Donnée validée,10,Expertisée,20,Bonne,7.384986107,48.102530621,HIXnJ
A1610030,A161003001,2016-06-03,1856.0,2026-05-31T20:30:42Z,16,Donnée validée,10,Expertisée,20,Bonne,7.384986107,48.102530621,HIXnJ
A1610030,A161003001,2016-06-04,1859.0,2026-05-31T20:30:42Z,16,Donnée validée,10,Expertisée,20,Bonne,7.384986107,48.102530621,HIXnJ
A1610030,A161003001,2016-06-05,1858.0,2026-05-31T20:30:42Z,16,Donnée validée,10,Expertisée,20,Bonne,7.384986107,48.102530621,HIXnJ
A1610030,A161003001,2016-06-06,1802.0,2026-05-31T20:30:42Z,16,Donnée validée,10,Expertisée,20,Bonne,7.384986107,48.102530621,HIXnJ
A1610030,A161003001,2016-06-07,1684.0,2026-05-31T20:30:42Z,16,Donnée validée,10,Expertisée,20,Bonne,7.384986107,48.102530621,HIXnJ
A1610030,A161003001,2016-06-08,2308.0,2026-05-31T20:30:42Z,16,Donnée validée,10,Expertisée,20,Bonne,7.384986107,48.102530621,HIXnJ
A1610030,A161003001,2016-06-09,2811.0,2026-05-31T20:30:42Z,16,Donnée validée,10,Expertisée,20,Bonne,7.384986107,48.102530621,HIXnJ
A1610030,A161003001,2016-06-10,2175.0,2026-05-31T20:30:42Z,16,Donnée validée,10,Expertisée,20,Bonne,7.384986107,48.102530621,HIXnJ
A1610030,A161003001,2016-06-11,1836.0,2026-05-31T20:30:42Z,16,Donnée validée,10,Expertisée,20,Bonne,7.384986107,48.102530621,HIXnJ
A1610030,A161003001,2016-06-12,1814.0,2026-05-31T20:30:42Z,16,Donnée validée,10,Expertisée,20,Bonne,7.384986107,48.102530621,HIXnJ
A1610030,A161003001,2016-06-13,1907.0,2026-05-31T20:30:42Z,16,Donnée validée,10,Expertisée,20,Bonne,7.384986107,48.102530621,HIXnJ
A1610030,A161003001,2016-06-14,2048.0,2026-05-31T20:30:42Z,16,Donnée validée,10,Expertisée,20,Bonne,7.384986107,48.102530621,HIXnJ
A1610030,A161003001,2016-06-15,2319.0,2026-05-31T20:30:42Z,16,Donnée validée,10,Expertisée,20,Bonne,7.384986107,48.102530621,HIXnJ
A1610030,A161003001,2016-06-16,2359.0,2026-05-31T20:30:42Z,16,Donnée validée,10,Expertisée,20,Bonne,7.384986107,48.102530621,HIXnJ
A1610030,A161003001,2016-06-17,2810.0,2026-05-31T20:30:42Z,16,Donnée validée,10,Expertisée,20,Bonne,7.384986107,48.102530621,HIXnJ
A1610030,A161003001,2016-06-18,2719.0,2026-05-31T20:30:42Z,16,Donnée validée,10,Expertisée,20,Bonne,7.384986107,48.102530621,HIXnJ
A1610030,A161003001,2016-06-19,2253.0,2026-05-31T20:30:42Z,16,Donnée validée,10,Expertisée,20,Bonne,7.384986107,48.102530621,HIXnJ
A1610030,A161003001,2016-06-20,2142.0,2026-05-31T20:30:42Z,16,Donnée validée,10,Expertisée,20,Bonne,7.384986107,48.102530621,HIXnJ
A1610030,A161003001,2016-06-21,1888.0,2026-05-31T20:30:42Z,16,Donnée validée,10,Expertisée,20,Bonne,7.384986107,48.102530621,HIXnJ
A1610030,A161003001,2016-06-22,1725.0,2026-05-31T20:30:42Z,16,Donnée validée,10,Expertisée,20,Bonne,7.384986107,48.102530621,HIXnJ
A1610030,A161003001,2016-06-23,1623.0,2026-05-31T20:30:42Z,16,Donnée validée,10,Expertisée,20,Bonne,7.384986107,48.102530621,HIXnJ
A1610030,A161003001,2016-06-24,1527.0,2026-05-31T20:30:42Z,16,Donnée validée,10,Expertisée,20,Bonne,7.384986107,48.102530621,HIXnJ
A1610030,A161003001,2016-06-25,3033.0,2026-05-31T20:30:42Z,16,Donnée validée,10,Expertisée,20,Bonne,7.384986107,48.102530621,HIXnJ
A1610030,A161003001,2016-06-26,3033.0,2026-05-31T20:30:42Z,16,Donnée validée,10,Expertisée,20,Bonne,7.384986107,48.102530621,HIXnJ
A1610030,A161003001,2016-06-27,2081.0,2026-05-31T20:30:42Z,16,Donnée validée,10,Expertisée,20,Bonne,7.384986107,48.102530621,HIXnJ
A1610030,A161003001,2016-06-28,1748.0,2026-05-31T20:30:42Z,16,Donnée validée,10,Expertisée,20,Bonne,7.384986107,48.102530621,HIXnJ
A1610030,A161003001,2016-06-29,1618.0,2026-05-31T20:30:42Z,16,Donnée validée,10,Expertisée,20,Bonne,7.384986107,48.102530621,HIXnJ
A1610030,A161003001,2016-06-30,1523.0,2026-05-31T20:30:42Z,16,Donnée validée,10,Expertisée,20,Bonne,7.384986107,48.102530621,HIXnJ
A1610030,A161003001,2016-07-01,1472.0,2026-05-31T20:30:42Z,16,Donnée validée,10,Expertisée,20,Bonne,7.384986107,48.102530621,HIXnJ
A1610030,A161003001,2016-07-02,1423.0,2026-05-31T20:30:42Z,16,Donnée validée,10,Expertisée,20,Bonne,7.384986107,48.102530621,HIXnJ
A1610030,A161003001,2016-07-03,1391.0,2026-05-31T20:30:42Z,16,Donnée validée,10,Expertisée,20,Bonne,7.384986107,48.102530621,HIXnJ
A1610030,A161003001,2016-07-04,1358.0,2026-05-31T20:30:42Z,16,Donnée validée,10,Expertisée,20,Bonne,7.384986107,48.102530621,HIXnJ
A1610030,A161003001,2016-07-05,1322.0,2026-05-31T20:30:42Z,16,Donnée validée,10,Expertisée,20,Bonne,7.384986107,48.102530621,HIXnJ
A1610030,A161003001,2016-07-06,1307.0,2026-05-31T20:30:42Z,16,Donnée validée,10,Expertisée,20,Bonne,7.384986107,48.102530621,HIXnJ
A1610030,A161003001,2016-07-07,1296.0,2026-05-31T20:30:42Z,16,Donnée validée,10,Expertisée,20,Bonne,7.384986107,48.102530621,HIXnJ
A1610030,A161003001,2016-07-08,1267.0,2026-05-31T20:30:42Z,16,Donnée validée,10,Expertisée,20,Bonne,7.384986107,48.102530621,HIXnJ
A1610030,A161003001,2016-07-09,1235.0,2026-05-31T20:30:42Z,16,Donnée validée,10,Expertisée,20,Bonne,7.384986107,48.102530621,HIXnJ
A1610030,A161003001,2016-07-10,1202.0,2026-05-31T20:30:42Z,16,Donnée validée,10,Expertisée,20,Bonne,7.384986107,48.102530621,HIXnJ
A1610030,A161003001,2016-07-11,1198.0,2026-05-31T20:30:42Z,16,Donnée validée,10,Expertisée,20,Bonne,7.384986107,48.102530621,HIXnJ
A1610030,A161003001,2016-07-12,1184.0,2026-05-31T20:30:42Z,16,Donnée validée,10,Expertisée,20,Bonne,7.384986107,48.102530621,HIXnJ
A1610030,A161003001,2016-07-13,1231.0,2026-05-31T20:30:42Z,16,Donnée validée,10,Expertisée,20,Bonne,7.384986107,48.102530621,HIXnJ
A1610030,A161003001,2016-07-14,1327.0,2026-05-31T20:30:42Z,16,Donnée validée,10,Expertisée,20,Bonne,7.384986107,48.102530621,HIXnJ
A1610030,A161003001,2016-07-15,1360.0,2026-05-31T20:30:42Z,16,Donnée validée,10,Expertisée,20,Bonne,7.384986107,48.102530621,HIXnJ
A1610030,A161003001,2016-07-16,1285.0,2026-05-31T20:30:42Z,16,Donnée validée,10,Expertisée,20,Bonne,7.384986107,48.102530621,HIXnJ
A1610030,A161003001,2016-07-17,1227.0,2026-05-31T20:30:42Z,16,Donnée validée,10,Expertisée,20,Bonne,7.384986107,48.102530621,HIXnJ
A1610030,A161003001,2016-07-18,1195.0,2026-05-31T20:30:42Z,16,Donnée validée,10,Expertisée,20,Bonne,7.384986107,48.102530621,HIXnJ
A1610030,A161003001,2016-07-19,1171.0,2026-05-31T20:30:42Z,16,Donnée validée,10,Expertisée,20,Bonne,7.384986107,48.102530621,HIXnJ
A1610030,A161003001,2016-07-20,1147.0,2026-05-31T20:30:42Z,16,Donnée validée,10,Expertisée,20,Bonne,7.384986107,48.102530621,HIXnJ
A1610030,A161003001,2016-07-21,1142.0,2026-05-31T20:30:42Z,16,Donnée validée,10,Expertisée,20,Bonne,7.384986107,48.102530621,HIXnJ
A1610030,A161003001,2016-07-22,1148.0,2026-05-31T20:30:42Z,16,Donnée validée,10,Expertisée,20,Bonne,7.384986107,48.102530621,HIXnJ
A1610030,A161003001,2016-07-23,1259.0,2026-05-31T20:30:42Z,16,Donnée validée,10,Expertisée,20,Bonne,7.384986107,48.102530621,HIXnJ
A1610030,A161003001,2016-07-24,1195.0,2026-05-31T20:30:42Z,16,Donnée validée,10,Expertisée,20,Bonne,7.384986107,48.102530621,HIXnJ
A1610030,A161003001,2016-07-25,1146.0,2026-05-31T20:30:42Z,16,Donnée validée,10,Expertisée,20,Bonne,7.384986107,48.102530621,HIXnJ
A1610030,A161003001,2016-07-26,1128.0,2026-05-31T20:30:42Z,16,Donnée validée,10,Expertisée,20,Bonne,7.384986107,48.102530621,HIXnJ
A1610030,A161003001,2016-07-27,1193.0,2026-05-31T20:30:42Z,16,Donnée validée,10,Expertisée,20,Bonne,7.384986107,48.102530621,HIXnJ
A1610030,A161003001,2016-07-28,1187.0,2026-05-31T20:30:42Z,16,Donnée validée,10,Expertisée,20,Bonne,7.384986107,48.102530621,HIXnJ
A1610030,A161003001,2016-07-29,1156.0,2026-05-31T20:30:42Z,16,Donnée validée,10,Expertisée,20,Bonne,7.384986107,48.102530621,HIXnJ
A1610030,A161003001,2016-07-30,1144.0,2026-05-31T20:30:42Z,16,Donnée validée,10,Expertisée,20,Bonne,7.384986107,48.102530621,HIXnJ
A1610030,A161003001,2016-07-31,1242.0,2026-05-31T20:30:42Z,16,Donnée validée,10,Expertisée,20,Bonne,7.384986107,48.102530621,HIXnJ
A1610030,A161003001,2016-08-01,1173.0,2026-05-31T20:30:42Z,16,Donnée validée,10,Expertisée,20,Bonne,7.384986107,48.102530621,HIXnJ
A1610030,A161003001,2016-08-02,1164.0,2026-05-31T20:30:42Z,16,Donnée validée,10,Expertisée,20,Bonne,7.384986107,48.102530621,HIXnJ
A1610030,A161003001,2016-08-03,1151.0,2026-05-31T20:30:42Z,16,Donnée validée,10,Expertisée,20,Bonne,7.384986107,48.102530621,HIXnJ
A1610030,A161003001,2016-08-04,1258.0,2026-05-31T20:30:42Z,16,Donnée validée,10,Expertisée,20,Bonne,7.384986107,48.102530621,HIXnJ
A1610030,A161003001,2016-08-05,1266.0,2026-05-31T20:30:42Z,16,Donnée validée,10,Expertisée,20,Bonne,7.384986107,48.102530621,HIXnJ
A1610030,A161003001,2016-08-06,1240.0,2026-05-31T20:30:42Z,16,Donnée validée,10,Expertisée,20,Bonne,7.384986107,48.102530621,HIXnJ
A1610030,A161003001,2016-08-07,1183.0,2026-05-31T20:30:42Z,16,Donnée validée,10,Expertisée,20,Bonne,7.384986107,48.102530621,HIXnJ
A1610030,A161003001,2016-08-08,1160.0,2026-05-31T20:30:42Z,16,Donnée validée,10,Expertisée,20,Bonne,7.384986107,48.102530621,HIXnJ
A1610030,A161003001,2016-08-09,1152.0,2026-05-31T20:30:42Z,16,Donnée validée,10,Expertisée,20,Bonne,7.384986107,48.102530621,HIXnJ
A1610030,A161003001,2016-08-10,1153.0,2026-05-31T20:30:42Z,16,Donnée validée,10,Expertisée,20,Bonne,7.384986107,48.102530621,HIXnJ
A1610030,A161003001,2016-08-11,1145.0,2026-05-31T20:30:42Z,16,Donnée validée,10,Expertisée,20,Bonne,7.384986107,48.102530621,HIXnJ
A1610030,A161003001,2016-08-12,1124.0,2026-05-31T20:30:42Z,16,Donnée validée,10,Expertisée,20,Bonne,7.384986107,48.102530621,HIXnJ
A1610030,A161003001,2016-08-13,1122.0,2026-05-31T20:30:42Z,16,Donnée validée,10,Expertisée,20,Bonne,7.384986107,48.102530621,HIXnJ
A1610030,A161003001,2016-08-14,1110.0,2026-05-31T20:30:42Z,16,Donnée validée,10,Expertisée,20,Bonne,7.384986107,48.102530621,HIXnJ
A1610030,A161003001,2016-08-15,1106.0,2026-05-31T20:30:42Z,16,Donnée validée,10,Expertisée,20,Bonne,7.384986107,48.102530621,HIXnJ
A1610030,A161003001,2016-08-16,1096.0,2026-05-31T20:30:42Z,16,Donnée validée,10,Expertisée,20,Bonne,7.384986107,48.102530621,HIXnJ
A1610030,A161003001,2016-08-17,1166.0,2026-05-31T20:30:42Z,16,Donnée validée,10,Expertisée,20,Bonne,7.384986107,48.102530621,HIXnJ
A1610030,A161003001,2016-08-18,1160.0,2026-05-31T20:30:42Z,16,Donnée validée,10,Expertisée,20,Bonne,7.384986107,48.102530621,HIXnJ
A1610030,A161003001,2016-08-19,1180.0,2026-05-31T20:30:42Z,16,Donnée validée,10,Expertisée,20,Bonne,7.384986107,48.102530621,HIXnJ
A1610030,A161003001,2016-08-20,1132.0,2026-05-31T20:30:42Z,16,Donnée validée,10,Expertisée,20,Bonne,7.384986107,48.102530621,HIXnJ
A1610030,A161003001,2016-08-21,1123.0,2026-05-31T20:30:42Z,16,Donnée validée,10,Expertisée,20,Bonne,7.384986107,48.102530621,HIXnJ
A1610030,A161003001,2016-08-22,1122.0,2026-05-31T20:30:42Z,16,Donnée validée,10,Expertisée,20,Bonne,7.384986107,48.102530621,HIXnJ
A1610030,A161003001,2016-08-23,1115.0,2026-05-31T20:30:42Z,16,Donnée validée,10,Expertisée,20,Bonne,7.384986107,48.102530621,HIXnJ
A1610030,A161003001,2016-08-24,1107.0,2026-05-31T20:30:42Z,16,Donnée validée,10,Expertisée,20,Bonne,7.384986107,48.102530621,HIXnJ
A1610030,A161003001,2016-08-25,1107.0,2026-05-31T20:30:42Z,16,Donnée validée,10,Expertisée,20,Bonne,7.384986107,48.102530621,HIXnJ
A1610030,A161003001,2016-08-26,1093.0,2026-05-31T20:30:42Z,16,Donnée validée,10,Expertisée,20,Bonne,7.384986107,48.102530621,HIXnJ
A1610030,A161003001,2016-08-27,1094.0,2026-05-31T20:30:42Z,16,Donnée validée,10,Expertisée,20,Bonne,7.384986107,48.102530621,HIXnJ
A1610030,A161003001,2016-08-28,1083.0,2026-05-31T20:30:42Z,16,Donnée validée,10,Expertisée,20,Bonne,7.384986107,48.102530621,HIXnJ
A1610030,A161003001,2016-08-29,1087.0,2026-05-31T20:30:42Z,16,Donnée validée,10,Expertisée,20,Bonne,7.384986107,48.102530621,HIXnJ
A1610030,A161003001,2016-08-30,1085.0,2026-05-31T20:30:42Z,16,Donnée validée,10,Expertisée,20,Bonne,7.384986107,48.102530621,HIXnJ
A1610030,A161003001,2016-08-31,1121.0,2026-05-31T20:30:42Z,16,Donnée validée,10,Expertisée,20,Bonne,7.384986107,48.102530621,HIXnJ
A1610030,A161003001,2016-09-01,1111.0,2026-05-31T20:30:42Z,16,Donnée validée,10,Expertisée,20,Bonne,7.384986107,48.102530621,HIXnJ
A1610030,A161003001,2016-09-02,1068.0,2026-05-31T20:30:42Z,16,Donnée validée,10,Expertisée,20,Bonne,7.384986107,48.102530621,HIXnJ
A1610030,A161003001,2016-09-03,1061.0,2026-05-31T20:30:42Z,16,Donnée validée,10,Expertisée,20,Bonne,7.384986107,48.102530621,HIXnJ
A1610030,A161003001,2016-09-04,1078.0,2026-05-31T20:30:42Z,16,Donnée validée,10,Expertisée,20,Bonne,7.384986107,48.102530621,HIXnJ
A1610030,A161003001,2016-09-05,1131.0,2026-05-31T20:30:42Z,16,Donnée validée,10,Expertisée,20,Bonne,7.384986107,48.102530621,HIXnJ
A1610030,A161003001,2016-09-06,1119.0,2026-05-31T20:30:42Z,16,Donnée validée,10,Expertisée,20,Bonne,7.384986107,48.102530621,HIXnJ
A1610030,A161003001,2016-09-07,1101.0,2026-05-31T20:30:42Z,16,Donnée validée,10,Expertisée,20,Bonne,7.384986107,48.102530621,HIXnJ
A1610030,A161003001,2016-09-08,1083.0,2026-05-31T20:30:42Z,16,Donnée validée,10,Expertisée,20,Bonne,7.384986107,48.102530621,HIXnJ
A1610030,A161003001,2016-09-09,1081.0,2026-05-31T20:30:42Z,16,Donnée validée,10,Expertisée,20,Bonne,7.384986107,48.102530621,HIXnJ
A1610030,A161003001,2016-09-10,1105.0,2026-05-31T20:30:42Z,16,Donnée validée,10,Expertisée,20,Bonne,7.384986107,48.102530621,HIXnJ
A1610030,A161003001,2016-09-11,1081.0,2026-05-31T20:30:42Z,16,Donnée validée,10,Expertisée,20,Bonne,7.384986107,48.102530621,HIXnJ
A1610030,A161003001,2016-09-12,1067.0,2026-05-31T20:30:42Z,16,Donnée validée,10,Expertisée,20,Bonne,7.384986107,48.102530621,HIXnJ
A1610030,A161003001,2016-09-13,1074.0,2026-05-31T20:30:42Z,16,Donnée validée,10,Expertisée,20,Bonne,7.384986107,48.102530621,HIXnJ
A1610030,A161003001,2016-09-14,1075.0,2026-05-31T20:30:42Z,16,Donnée validée,10,Expertisée,20,Bonne,7.384986107,48.102530621,HIXnJ
A1610030,A161003001,2016-09-15,1128.0,2026-05-31T20:30:42Z,16,Donnée validée,10,Expertisée,20,Bonne,7.384986107,48.102530621,HIXnJ
A1610030,A161003001,2016-09-16,1096.0,2026-05-31T20:30:42Z,16,Donnée validée,10,Expertisée,20,Bonne,7.384986107,48.102530621,HIXnJ
A1610030,A161003001,2016-09-17,1096.0,2026-05-31T20:30:42Z,16,Donnée validée,10,Expertisée,20,Bonne,7.384986107,48.102530621,HIXnJ
A1610030,A161003001,2016-09-18,1201.0,2026-05-31T20:30:42Z,16,Donnée validée,10,Expertisée,20,Bonne,7.384986107,48.102530621,HIXnJ
A1610030,A161003001,2016-09-19,1215.0,2026-05-31T20:30:42Z,16,Donnée validée,10,Expertisée,20,Bonne,7.384986107,48.102530621,HIXnJ
A1610030,A161003001,2016-09-20,1184.0,2026-05-31T20:30:42Z,16,Donnée validée,10,Expertisée,20,Bonne,7.384986107,48.102530621,HIXnJ
A1610030,A161003001,2016-09-21,1147.0,2026-05-31T20:30:42Z,16,Donnée validée,10,Expertisée,20,Bonne,7.384986107,48.102530621,HIXnJ
A1610030,A161003001,2016-09-22,1124.0,2026-05-31T20:30:42Z,16,Donnée validée,10,Expertisée,20,Bonne,7.384986107,48.102530621,HIXnJ
A1610030,A161003001,2016-09-23,1119.0,2026-05-31T20:30:42Z,16,Donnée validée,10,Expertisée,20,Bonne,7.384986107,48.102530621,HIXnJ
A1610030,A161003001,2016-09-24,1147.0,2026-05-31T20:30:42Z,16,Donnée validée,10,Expertisée,20,Bonne,7.384986107,48.102530621,HIXnJ
A1610030,A161003001,2016-09-25,1112.0,2026-05-31T20:30:42Z,16,Donnée validée,10,Expertisée,20,Bonne,7.384986107,48.102530621,HIXnJ
A1610030,A161003001,2016-09-26,1103.0,2026-05-31T20:30:42Z,16,Donnée validée,10,Expertisée,20,Bonne,7.384986107,48.102530621,HIXnJ
A1610030,A161003001,2016-09-27,1089.0,2026-05-31T20:30:42Z,16,Donnée validée,10,Expertisée,20,Bonne,7.384986107,48.102530621,HIXnJ
A1610030,A161003001,2016-09-28,1083.0,2026-05-31T20:30:42Z,16,Donnée validée,10,Expertisée,20,Bonne,7.384986107,48.102530621,HIXnJ
A1610030,A161003001,2016-09-29,1078.0,2026-05-31T20:30:42Z,16,Donnée validée,10,Expertisée,20,Bonne,7.384986107,48.102530621,HIXnJ
A1610030,A161003001,2016-09-30,1056.0,2026-05-31T20:30:42Z,16,Donnée validée,10,Expertisée,20,Bonne,7.384986107,48.102530621,HIXnJ
A1610030,A161003001,2016-10-01,1059.0,2026-05-31T20:30:42Z,16,Donnée validée,10,Expertisée,20,Bonne,7.384986107,48.102530621,HIXnJ
A1610030,A161003001,2016-10-02,1078.0,2026-05-31T20:30:42Z,16,Donnée validée,10,Expertisée,20,Bonne,7.384986107,48.102530621,HIXnJ
A1610030,A161003001,2016-10-03,1078.0,2026-05-31T20:30:42Z,16,Donnée validée,10,Expertisée,20,Bonne,7.384986107,48.102530621,HIXnJ
A1610030,A161003001,2016-10-04,1063.0,2026-05-31T20:30:42Z,16,Donnée validée,10,Expertisée,20,Bonne,7.384986107,48.102530621,HIXnJ
A1610030,A161003001,2016-10-05,1056.0,2026-05-31T20:30:42Z,16,Donnée validée,10,Expertisée,20,Bonne,7.384986107,48.102530621,HIXnJ
A1610030,A161003001,2016-10-06,1057.0,2026-05-31T20:30:42Z,16,Donnée validée,10,Expertisée,20,Bonne,7.384986107,48.102530621,HIXnJ
A1610030,A161003001,2016-10-07,1066.0,2026-05-31T20:30:42Z,16,Donnée validée,10,Expertisée,20,Bonne,7.384986107,48.102530621,HIXnJ
A1610030,A161003001,2016-10-08,1071.0,2026-05-31T20:30:42Z,16,Donnée validée,10,Expertisée,20,Bonne,7.384986107,48.102530621,HIXnJ
A1610030,A161003001,2016-10-09,1073.0,2026-05-31T20:30:42Z,16,Donnée validée,10,Expertisée,20,Bonne,7.384986107,48.102530621,HIXnJ
A1610030,A161003001,2016-10-10,1086.0,2026-05-31T20:30:42Z,16,Donnée validée,10,Expertisée,20,Bonne,7.384986107,48.102530621,HIXnJ
A1610030,A161003001,2016-10-11,1082.0,2026-05-31T20:30:42Z,16,Donnée validée,10,Expertisée,20,Bonne,7.384986107,48.102530621,HIXnJ
A1610030,A161003001,2016-10-12,1079.0,2026-05-31T20:30:42Z,16,Donnée validée,10,Expertisée,20,Bonne,7.384986107,48.102530621,HIXnJ
A1610030,A161003001,2016-10-13,1089.0,2026-05-31T20:30:42Z,16,Donnée validée,10,Expertisée,20,Bonne,7.384986107,48.102530621,HIXnJ
A1610030,A161003001,2016-10-14,1084.0,2026-05-31T20:30:42Z,16,Donnée validée,10,Expertisée,20,Bonne,7.384986107,48.102530621,HIXnJ
A1610030,A161003001,2016-10-15,1083.0,2026-05-31T20:30:42Z,16,Donnée validée,10,Expertisée,20,Bonne,7.384986107,48.102530621,HIXnJ
A1610030,A161003001,2016-10-16,1079.0,2026-05-31T20:30:42Z,16,Donnée validée,10,Expertisée,20,Bonne,7.384986107,48.102530621,HIXnJ
A1610030,A161003001,2016-10-17,1079.0,2026-05-31T20:30:42Z,16,Donnée validée,10,Expertisée,20,Bonne,7.384986107,48.102530621,HIXnJ
A1610030,A161003001,2016-10-18,1112.0,2026-05-31T20:30:42Z,16,Donnée validée,10,Expertisée,20,Bonne,7.384986107,48.102530621,HIXnJ
A1610030,A161003001,2016-10-19,1111.0,2026-05-31T20:30:42Z,16,Donnée validée,10,Expertisée,20,Bonne,7.384986107,48.102530621,HIXnJ
A1610030,A161003001,2016-10-20,1077.0,2026-05-31T20:30:42Z,16,Donnée validée,10,Expertisée,20,Bonne,7.384986107,48.102530621,HIXnJ
A1610030,A161003001,2016-10-21,1078.0,2026-05-31T20:30:42Z,16,Donnée validée,10,Expertisée,20,Bonne,7.384986107,48.102530621,HIXnJ
A1610030,A161003001,2016-10-22,1078.0,2026-05-31T20:30:42Z,16,Donnée validée,10,Expertisée,20,Bonne,7.384986107,48.102530621,HIXnJ
A1610030,A161003001,2016-10-23,1074.0,2026-05-31T20:30:42Z,16,Donnée validée,10,Expertisée,20,Bonne,7.384986107,48.102530621,HIXnJ
A1610030,A161003001,2016-10-24,1196.0,2026-05-31T20:30:42Z,16,Donnée validée,10,Expertisée,20,Bonne,7.384986107,48.102530621,HIXnJ
A1610030,A161003001,2016-10-25,1241.0,2026-05-31T20:30:42Z,16,Donnée validée,10,Expertisée,20,Bonne,7.384986107,48.102530621,HIXnJ
A1610030,A161003001,2016-10-26,1241.0,2026-05-31T20:30:42Z,16,Donnée validée,10,Expertisée,20,Bonne,7.384986107,48.102530621,HIXnJ
A1610030,A161003001,2016-10-27,1147.0,2026-05-31T20:30:42Z,16,Donnée validée,10,Expertisée,20,Bonne,7.384986107,48.102530621,HIXnJ
A1610030,A161003001,2016-10-28,1119.0,2026-05-31T20:30:42Z,16,Donnée validée,10,Expertisée,20,Bonne,7.384986107,48.102530621,HIXnJ
A1610030,A161003001,2016-10-29,1101.0,2026-05-31T20:30:42Z,16,Donnée validée,10,Expertisée,20,Bonne,7.384986107,48.102530621,HIXnJ
A1610030,A161003001,2016-10-30,1088.0,2026-05-31T20:30:42Z,16,Donnée validée,10,Expertisée,20,Bonne,7.384986107,48.102530621,HIXnJ
A1610030,A161003001,2016-10-31,1082.0,2026-05-31T20:30:42Z,16,Donnée validée,10,Expertisée,20,Bonne,7.384986107,48.102530621,HIXnJ
A1610030,A161003001,2016-11-01,1092.0,2026-05-31T20:30:42Z,16,Donnée validée,10,Expertisée,20,Bonne,7.384986107,48.102530621,HIXnJ
A1610030,A161003001,2016-11-02,1104.0,2026-05-31T20:30:42Z,16,Donnée validée,10,Expertisée,20,Bonne,7.384986107,48.102530621,HIXnJ
A1610030,A161003001,2016-11-03,1091.0,2026-05-31T20:30:42Z,16,Donnée validée,10,Expertisée,20,Bonne,7.384986107,48.102530621,HIXnJ
A1610030,A161003001,2016-11-04,1095.0,2026-05-31T20:30:42Z,16,Donnée validée,10,Expertisée,20,Bonne,7.384986107,48.102530621,HIXnJ
A1610030,A161003001,2016-11-05,1113.0,2026-05-31T20:30:42Z,16,Donnée validée,10,Expertisée,20,Bonne,7.384986107,48.102530621,HIXnJ
A1610030,A161003001,2016-11-06,1193.0,2026-05-31T20:30:42Z,16,Donnée validée,10,Expertisée,20,Bonne,7.384986107,48.102530621,HIXnJ
A1610030,A161003001,2016-11-07,1162.0,2026-05-31T20:30:42Z,16,Donnée validée,10,Expertisée,20,Bonne,7.384986107,48.102530621,HIXnJ
A1610030,A161003001,2016-11-08,1139.0,2026-05-31T20:30:42Z,16,Donnée validée,10,Expertisée,20,Bonne,7.384986107,48.102530621,HIXnJ
A1610030,A161003001,2016-11-09,1129.0,2026-05-31T20:30:42Z,16,Donnée validée,10,Expertisée,20,Bonne,7.384986107,48.102530621,HIXnJ
A1610030,A161003001,2016-11-10,1348.0,2026-05-31T20:30:42Z,16,Donnée validée,10,Expertisée,20,Bonne,7.384986107,48.102530621,HIXnJ
A1610030,A161003001,2016-11-11,1504.0,2026-05-31T20:30:42Z,16,Donnée validée,10,Expertisée,20,Bonne,7.384986107,48.102530621,HIXnJ
A1610030,A161003001,2016-11-12,1498.0,2026-05-31T20:30:42Z,16,Donnée validée,10,Expertisée,20,Bonne,7.384986107,48.102530621,HIXnJ
A1610030,A161003001,2016-11-13,1309.0,2026-05-31T20:30:42Z,16,Donnée validée,10,Expertisée,20,Bonne,7.384986107,48.102530621,HIXnJ
A1610030,A161003001,2016-11-14,1245.0,2026-05-31T20:30:42Z,16,Donnée validée,10,Expertisée,20,Bonne,7.384986107,48.102530621,HIXnJ
A1610030,A161003001,2016-11-15,1232.0,2026-05-31T20:30:42Z,16,Donnée validée,10,Expertisée,20,Bonne,7.384986107,48.102530621,HIXnJ
A1610030,A161003001,2016-11-16,1165.0,2026-05-31T20:30:42Z,16,Donnée validée,10,Expertisée,20,Bonne,7.384986107,48.102530621,HIXnJ
A1610030,A161003001,2016-11-17,1144.0,2026-05-31T20:30:42Z,16,Donnée validée,10,Expertisée,20,Bonne,7.384986107,48.102530621,HIXnJ
A1610030,A161003001,2016-11-18,1293.0,2026-05-31T20:30:42Z,16,Donnée validée,10,Expertisée,20,Bonne,7.384986107,48.102530621,HIXnJ
A1610030,A161003001,2016-11-19,1605.0,2026-05-31T20:30:42Z,16,Donnée validée,10,Expertisée,20,Bonne,7.384986107,48.102530621,HIXnJ
A1610030,A161003001,2016-11-20,1644.0,2026-05-31T20:30:42Z,16,Donnée validée,10,Expertisée,20,Bonne,7.384986107,48.102530621,HIXnJ
A1610030,A161003001,2016-11-21,1476.0,2026-05-31T20:30:42Z,16,Donnée validée,10,Expertisée,20,Bonne,7.384986107,48.102530621,HIXnJ
A1610030,A161003001,2016-11-22,1340.0,2026-05-31T20:30:42Z,16,Donnée validée,10,Expertisée,20,Bonne,7.384986107,48.102530621,HIXnJ
A1610030,A161003001,2016-11-23,1285.0,2026-05-31T20:30:42Z,16,Donnée validée,10,Expertisée,20,Bonne,7.384986107,48.102530621,HIXnJ
A1610030,A161003001,2016-11-24,1233.0,2026-05-31T20:30:42Z,16,Donnée validée,10,Expertisée,20,Bonne,7.384986107,48.102530621,HIXnJ
A1610030,A161003001,2016-11-25,1209.0,2026-05-31T20:30:42Z,16,Donnée validée,10,Expertisée,20,Bonne,7.384986107,48.102530621,HIXnJ
A1610030,A161003001,2016-11-26,1185.0,2026-05-31T20:30:42Z,16,Donnée validée,10,Expertisée,20,Bonne,7.384986107,48.102530621,HIXnJ
A1610030,A161003001,2016-11-27,1176.0,2026-05-31T20:30:42Z,16,Donnée validée,10,Expertisée,20,Bonne,7.384986107,48.102530621,HIXnJ
A1610030,A161003001,2016-11-28,1154.0,2026-05-31T20:30:42Z,16,Donnée validée,10,Expertisée,20,Bonne,7.384986107,48.102530621,HIXnJ
A1610030,A161003001,2016-11-29,1143.0,2026-05-31T20:30:42Z,16,Donnée validée,10,Expertisée,20,Bonne,7.384986107,48.102530621,HIXnJ
A1610030,A161003001,2016-11-30,1134.0,2026-05-31T20:30:42Z,16,Donnée validée,10,Expertisée,20,Bonne,7.384986107,48.102530621,HIXnJ
A1610030,A161003001,2016-12-01,1126.0,2026-05-31T20:30:42Z,16,Donnée validée,10,Expertisée,20,Bonne,7.384986107,48.102530621,HIXnJ
A1610030,A161003001,2016-12-02,1119.0,2026-05-31T20:30:42Z,16,Donnée validée,10,Expertisée,20,Bonne,7.384986107,48.102530621,HIXnJ
A1610030,A161003001,2016-12-03,1114.0,2026-05-31T20:30:42Z,16,Donnée validée,10,Expertisée,20,Bonne,7.384986107,48.102530621,HIXnJ
A1610030,A161003001,2016-12-04,1109.0,2026-05-31T20:30:42Z,16,Donnée validée,10,Expertisée,20,Bonne,7.384986107,48.102530621,HIXnJ
A1610030,A161003001,2016-12-05,1106.0,2026-05-31T20:30:42Z,16,Donnée validée,10,Expertisée,20,Bonne,7.384986107,48.102530621,HIXnJ
A1610030,A161003001,2016-12-06,1130.0,2026-05-31T20:30:42Z,16,Donnée validée,10,Expertisée,20,Bonne,7.384986107,48.102530621,HIXnJ
A1610030,A161003001,2016-12-07,1131.0,2026-05-31T20:30:42Z,16,Donnée validée,10,Expertisée,20,Bonne,7.384986107,48.102530621,HIXnJ
A1610030,A161003001,2016-12-08,1135.0,2026-05-31T20:30:42Z,16,Donnée validée,10,Expertisée,20,Bonne,7.384986107,48.102530621,HIXnJ
A1610030,A161003001,2016-12-09,1104.0,2026-05-31T20:30:42Z,16,Donnée validée,10,Expertisée,20,Bonne,7.384986107,48.102530621,HIXnJ
A1610030,A161003001,2016-12-10,1093.0,2026-05-31T20:30:42Z,16,Donnée validée,10,Expertisée,20,Bonne,7.384986107,48.102530621,HIXnJ
A1610030,A161003001,2016-12-11,1088.0,2026-05-31T20:30:42Z,16,Donnée validée,10,Expertisée,20,Bonne,7.384986107,48.102530621,HIXnJ
A1610030,A161003001,2016-12-12,1088.0,2026-05-31T20:30:42Z,16,Donnée validée,10,Expertisée,20,Bonne,7.384986107,48.102530621,HIXnJ
A1610030,A161003001,2016-12-13,1087.0,2026-05-31T20:30:42Z,16,Donnée validée,10,Expertisée,20,Bonne,7.384986107,48.102530621,HIXnJ
A1610030,A161003001,2016-12-14,1087.0,2026-05-31T20:30:42Z,16,Donnée validée,10,Expertisée,20,Bonne,7.384986107,48.102530621,HIXnJ
A1610030,A161003001,2016-12-15,1077.0,2026-05-31T20:30:42Z,16,Donnée validée,10,Expertisée,20,Bonne,7.384986107,48.102530621,HIXnJ
A1610030,A161003001,2016-12-16,1072.0,2026-05-31T20:30:42Z,16,Donnée validée,10,Expertisée,20,Bonne,7.384986107,48.102530621,HIXnJ
A1610030,A161003001,2016-12-17,1068.0,2026-05-31T20:30:42Z,16,Donnée validée,10,Expertisée,20,Bonne,7.384986107,48.102530621,HIXnJ
A1610030,A161003001,2016-12-18,1066.0,2026-05-31T20:30:42Z,16,Donnée validée,10,Expertisée,20,Bonne,7.384986107,48.102530621,HIXnJ
A1610030,A161003001,2016-12-19,1068.0,2026-05-31T20:30:42Z,16,Donnée validée,10,Expertisée,20,Bonne,7.384986107,48.102530621,HIXnJ
A1610030,A161003001,2016-12-20,1068.0,2026-05-31T20:30:42Z,16,Donnée validée,10,Expertisée,20,Bonne,7.384986107,48.102530621,HIXnJ
A1610030,A161003001,2016-12-21,1065.0,2026-05-31T20:30:42Z,16,Donnée validée,10,Expertisée,20,Bonne,7.384986107,48.102530621,HIXnJ
A1610030,A161003001,2016-12-22,1061.0,2026-05-31T20:30:42Z,16,Donnée validée,10,Expertisée,20,Bonne,7.384986107,48.102530621,HIXnJ
A1610030,A161003001,2016-12-23,1068.0,2026-05-31T20:30:42Z,16,Donnée validée,10,Expertisée,20,Bonne,7.384986107,48.102530621,HIXnJ
A1610030,A161003001,2016-12-24,1059.0,2026-05-31T20:30:42Z,16,Donnée validée,10,Expertisée,20,Bonne,7.384986107,48.102530621,HIXnJ
A1610030,A161003001,2016-12-25,1055.0,2026-05-31T20:30:42Z,16,Donnée validée,10,Expertisée,20,Bonne,7.384986107,48.102530621,HIXnJ
A1610030,A161003001,2016-12-26,1053.0,2026-05-31T20:30:42Z,16,Donnée validée,10,Expertisée,20,Bonne,7.384986107,48.102530621,HIXnJ
A1610030,A161003001,2016-12-27,1051.0,2026-05-31T20:30:42Z,16,Donnée validée,10,Expertisée,20,Bonne,7.384986107,48.102530621,HIXnJ
A1610030,A161003001,2016-12-28,1052.0,2026-05-31T20:30:42Z,16,Donnée validée,10,Expertisée,20,Bonne,7.384986107,48.102530621,HIXnJ
A1610030,A161003001,2016-12-29,1050.0,2026-05-31T20:30:42Z,16,Donnée validée,10,Expertisée,20,Bonne,7.384986107,48.102530621,HIXnJ
A1610030,A161003001,2016-12-30,1053.0,2026-05-31T20:30:42Z,16,Donnée validée,10,Expertisée,20,Bonne,7.384986107,48.102530621,HIXnJ
A1610030,A161003001,2016-12-31,1050.0,2026-05-31T20:30:42Z,16,Donnée validée,10,Expertisée,20,Bonne,7.384986107,48.102530621,HIXnJ
A1610030,A161003001,2017-01-01,1050.0,2026-05-31T20:30:42Z,16,Donnée validée,10,Expertisée,20,Bonne,7.384986107,48.102530621,HIXnJ
A1610030,A161003001,2017-01-02,1052.0,2026-05-31T20:30:42Z,16,Donnée validée,10,Expertisée,20,Bonne,7.384986107,48.102530621,HIXnJ
A1610030,A161003001,2017-01-03,1054.0,2026-05-31T20:30:42Z,16,Donnée validée,10,Expertisée,20,Bonne,7.384986107,48.102530621,HIXnJ
A1610030,A161003001,2017-01-04,1056.0,2026-05-31T20:30:42Z,16,Donnée validée,10,Expertisée,20,Bonne,7.384986107,48.102530621,HIXnJ
A1610030,A161003001,2017-01-05,1039.0,2026-05-31T20:30:42Z,16,Donnée validée,10,Expertisée,20,Bonne,7.384986107,48.102530621,HIXnJ
A1610030,A161003001,2017-01-06,1063.0,2026-05-31T20:30:42Z,16,Donnée validée,10,Expertisée,20,Bonne,7.384986107,48.102530621,HIXnJ
A1610030,A161003001,2017-01-07,1048.0,2026-05-31T20:30:42Z,16,Donnée validée,10,Expertisée,20,Bonne,7.384986107,48.102530621,HIXnJ
A1610030,A161003001,2017-01-08,1054.0,2026-05-31T20:30:42Z,16,Donnée validée,10,Expertisée,20,Bonne,7.384986107,48.102530621,HIXnJ
A1610030,A161003001,2017-01-09,1057.0,2026-05-31T20:30:42Z,16,Donnée validée,10,Expertisée,20,Bonne,7.384986107,48.102530621,HIXnJ
A1610030,A161003001,2017-01-10,1061.0,2026-05-31T20:30:42Z,16,Donnée validée,10,Expertisée,20,Bonne,7.384986107,48.102530621,HIXnJ
A1610030,A161003001,2017-01-11,1067.0,2026-05-31T20:30:42Z,16,Donnée validée,10,Expertisée,20,Bonne,7.384986107,48.102530621,HIXnJ
A1610030,A161003001,2017-01-12,1121.0,2026-05-31T20:30:42Z,16,Donnée validée,10,Expertisée,20,Bonne,7.384986107,48.102530621,HIXnJ
A1610030,A161003001,2017-01-13,1201.0,2026-05-31T20:30:42Z,16,Donnée validée,10,Expertisée,20,Bonne,7.384986107,48.102530621,HIXnJ
A1610030,A161003001,2017-01-14,1204.0,2026-05-31T20:30:42Z,16,Donnée validée,10,Expertisée,20,Bonne,7.384986107,48.102530621,HIXnJ
A1610030,A161003001,2017-01-15,1150.0,2026-05-31T20:30:42Z,16,Donnée validée,10,Expertisée,20,Bonne,7.384986107,48.102530621,HIXnJ
A1610030,A161003001,2017-01-16,1119.0,2026-05-31T20:30:42Z,16,Donnée validée,10,Expertisée,20,Bonne,7.384986107,48.102530621,HIXnJ
A1610030,A161003001,2017-01-17,1088.0,2026-05-31T20:30:42Z,16,Donnée validée,8,Calculée,20,Bonne,7.384986107,48.102530621,HIXnJ
A1610030,A161003001,2017-01-18,1046.0,2026-05-31T20:30:42Z,16,Donnée validée,4,Reconstituée,20,Bonne,7.384986107,48.102530621,HIXnJ
A1610030,A161003001,2017-01-19,1009.0,2026-05-31T20:30:42Z,16,Donnée validée,4,Reconstituée,20,Bonne,7.384986107,48.102530621,HIXnJ
A1610030,A161003001,2017-01-20,996.0,2026-05-31T20:30:42Z,16,Donnée validée,4,Reconstituée,20,Bonne,7.384986107,48.102530621,HIXnJ
A1610030,A161003001,2017-01-21,992.0,2026-05-31T20:30:42Z,16,Donnée validée,4,Reconstituée,20,Bonne,7.384986107,48.102530621,HIXnJ
A1610030,A161003001,2017-01-22,987.0,2026-05-31T20:30:42Z,16,Donnée validée,4,Reconstituée,20,Bonne,7.384986107,48.102530621,HIXnJ
A1610030,A161003001,2017-01-23,985.0,2026-05-31T20:30:42Z,16,Donnée validée,4,Reconstituée,20,Bonne,7.384986107,48.102530621,HIXnJ
A1610030,A161003001,2017-01-24,985.0,2026-05-31T20:30:42Z,16,Donnée validée,4,Reconstituée,20,Bonne,7.384986107,48.102530621,HIXnJ
A1610030,A161003001,2017-01-25,985.0,2026-05-31T20:30:42Z,16,Donnée validée,4,Reconstituée,20,Bonne,7.384986107,48.102530621,HIXnJ
A1610030,A161003001,2017-01-26,985.0,2026-05-31T20:30:42Z,16,Donnée validée,4,Reconstituée,20,Bonne,7.384986107,48.102530621,HIXnJ
A1610030,A161003001,2017-01-27,988.0,2026-05-31T20:30:42Z,16,Donnée validée,8,Calculée,20,Bonne,7.384986107,48.102530621,HIXnJ
A1610030,A161003001,2017-01-28,994.0,2026-05-31T20:30:42Z,16,Donnée validée,8,Calculée,20,Bonne,7.384986107,48.102530621,HIXnJ
A1610030,A161003001,2017-01-29,1000.0,2026-05-31T20:30:42Z,16,Donnée validée,8,Calculée,20,Bonne,7.384986107,48.102530621,HIXnJ
A1610030,A161003001,2017-01-30,1073.0,2026-05-31T20:30:42Z,16,Donnée validée,10,Expertisée,20,Bonne,7.384986107,48.102530621,HIXnJ
A1610030,A161003001,2017-01-31,1104.0,2026-05-31T20:30:42Z,16,Donnée validée,10,Expertisée,20,Bonne,7.384986107,48.102530621,HIXnJ
A1610030,A161003001,2017-02-01,1372.0,2026-05-31T20:30:42Z,16,Donnée validée,10,Expertisée,20,Bonne,7.384986107,48.102530621,HIXnJ
A1610030,A161003001,2017-02-02,1362.0,2026-05-31T20:30:42Z,16,Donnée validée,10,Expertisée,20,Bonne,7.384986107,48.102530621,HIXnJ
A1610030,A161003001,2017-02-03,1300.0,2026-05-31T20:30:42Z,16,Donnée validée,10,Expertisée,20,Bonne,7.384986107,48.102530621,HIXnJ
A1610030,A161003001,2017-02-04,1425.0,2026-05-31T20:30:42Z,16,Donnée validée,10,Expertisée,20,Bonne,7.384986107,48.102530621,HIXnJ
A1610030,A161003001,2017-02-05,1725.0,2026-05-31T20:30:42Z,16,Donnée validée,10,Expertisée,20,Bonne,7.384986107,48.102530621,HIXnJ
A1610030,A161003001,2017-02-06,1932.0,2026-05-31T20:30:42Z,16,Donnée validée,10,Expertisée,20,Bonne,7.384986107,48.102530621,HIXnJ
A1610030,A161003001,2017-02-07,1915.0,2026-05-31T20:30:42Z,16,Donnée validée,10,Expertisée,20,Bonne,7.384986107,48.102530621,HIXnJ
A1610030,A161003001,2017-02-08,1645.0,2026-05-31T20:30:42Z,16,Donnée validée,10,Expertisée,20,Bonne,7.384986107,48.102530621,HIXnJ
A1610030,A161003001,2017-02-09,1562.0,2026-05-31T20:30:42Z,16,Donnée validée,10,Expertisée,20,Bonne,7.384986107,48.102530621,HIXnJ
A1610030,A161003001,2017-02-10,1447.0,2026-05-31T20:30:42Z,16,Donnée validée,10,Expertisée,20,Bonne,7.384986107,48.102530621,HIXnJ
A1610030,A161003001,2017-02-11,1373.0,2026-05-31T20:30:42Z,16,Donnée validée,10,Expertisée,20,Bonne,7.384986107,48.102530621,HIXnJ
A1610030,A161003001,2017-02-12,1326.0,2026-05-31T20:30:42Z,16,Donnée validée,10,Expertisée,20,Bonne,7.384986107,48.102530621,HIXnJ
A1610030,A161003001,2017-02-13,1303.0,2026-05-31T20:30:42Z,16,Donnée validée,10,Expertisée,20,Bonne,7.384986107,48.102530621,HIXnJ
A1610030,A161003001,2017-02-14,1271.0,2026-05-31T20:30:42Z,16,Donnée validée,10,Expertisée,20,Bonne,7.384986107,48.102530621,HIXnJ
A1610030,A161003001,2017-02-15,1342.0,2026-05-31T20:30:42Z,16,Donnée validée,10,Expertisée,20,Bonne,7.384986107,48.102530621,HIXnJ
A1610030,A161003001,2017-02-16,1231.0,2026-05-31T20:30:42Z,16,Donnée validée,10,Expertisée,20,Bonne,7.384986107,48.102530621,HIXnJ
A1610030,A161003001,2017-02-17,1228.0,2026-05-31T20:30:42Z,16,Donnée validée,10,Expertisée,20,Bonne,7.384986107,48.102530621,HIXnJ
A1610030,A161003001,2017-02-18,1229.0,2026-05-31T20:30:42Z,16,Donnée validée,10,Expertisée,20,Bonne,7.384986107,48.102530621,HIXnJ
A1610030,A161003001,2017-02-19,1213.0,2026-05-31T20:30:42Z,16,Donnée validée,10,Expertisée,20,Bonne,7.384986107,48.102530621,HIXnJ
A1610030,A161003001,2017-02-20,1232.0,2026-05-31T20:30:42Z,16,Donnée validée,10,Expertisée,20,Bonne,7.384986107,48.102530621,HIXnJ
A1610030,A161003001,2017-02-21,1242.0,2026-05-31T20:30:42Z,16,Donnée validée,10,Expertisée,20,Bonne,7.384986107,48.102530621,HIXnJ
A1610030,A161003001,2017-02-22,1222.0,2026-05-31T20:30:42Z,16,Donnée validée,10,Expertisée,20,Bonne,7.384986107,48.102530621,HIXnJ
A1610030,A161003001,2017-02-23,1224.0,2026-05-31T20:30:42Z,16,Donnée validée,10,Expertisée,20,Bonne,7.384986107,48.102530621,HIXnJ
A1610030,A161003001,2017-02-24,1229.0,2026-05-31T20:30:42Z,16,Donnée validée,10,Expertisée,20,Bonne,7.384986107,48.102530621,HIXnJ
A1610030,A161003001,2017-02-25,1232.0,2026-05-31T20:30:42Z,16,Donnée validée,10,Expertisée,20,Bonne,7.384986107,48.102530621,HIXnJ
A1610030,A161003001,2017-02-26,1217.0,2026-05-31T20:30:42Z,16,Donnée validée,10,Expertisée,20,Bonne,7.384986107,48.102530621,HIXnJ
A1610030,A161003001,2017-02-27,1221.0,2026-05-31T20:30:42Z,16,Donnée validée,10,Expertisée,20,Bonne,7.384986107,48.102530621,HIXnJ
A1610030,A161003001,2017-02-28,1833.0,2026-05-31T20:30:42Z,16,Donnée validée,10,Expertisée,20,Bonne,7.384986107,48.102530621,HIXnJ
A1610030,A161003001,2017-03-01,2078.0,2026-05-31T20:30:42Z,16,Donnée validée,10,Expertisée,20,Bonne,7.384986107,48.102530621,HIXnJ
A1610030,A161003001,2017-03-02,2967.0,2026-05-31T20:30:42Z,16,Donnée validée,10,Expertisée,20,Bonne,7.384986107,48.102530621,HIXnJ
A1610030,A161003001,2017-03-03,2986.0,2026-05-31T20:30:42Z,16,Donnée validée,10,Expertisée,20,Bonne,7.384986107,48.102530621,HIXnJ
A1610030,A161003001,2017-03-04,2200.0,2026-05-31T20:30:42Z,16,Donnée validée,10,Expertisée,20,Bonne,7.384986107,48.102530621,HIXnJ
A1610030,A161003001,2017-03-05,1826.0,2026-05-31T20:30:42Z,16,Donnée validée,10,Expertisée,20,Bonne,7.384986107,48.102530621,HIXnJ
A1610030,A161003001,2017-03-06,2201.0,2026-05-31T20:30:42Z,16,Donnée validée,10,Expertisée,20,Bonne,7.384986107,48.102530621,HIXnJ
A1610030,A161003001,2017-03-07,2465.0,2026-05-31T20:30:42Z,16,Donnée validée,10,Expertisée,20,Bonne,7.384986107,48.102530621,HIXnJ
A1610030,A161003001,2017-03-08,2332.0,2026-05-31T20:30:42Z,16,Donnée validée,10,Expertisée,20,Bonne,7.384986107,48.102530621,HIXnJ
A1610030,A161003001,2017-03-09,2093.0,2026-05-31T20:30:42Z,16,Donnée validée,10,Expertisée,20,Bonne,7.384986107,48.102530621,HIXnJ
A1610030,A161003001,2017-03-10,2161.0,2026-05-31T20:30:42Z,16,Donnée validée,10,Expertisée,20,Bonne,7.384986107,48.102530621,HIXnJ
A1610030,A161003001,2017-03-11,2041.0,2026-05-31T20:30:42Z,16,Donnée validée,10,Expertisée,20,Bonne,7.384986107,48.102530621,HIXnJ
A1610030,A161003001,2017-03-12,1786.0,2026-05-31T20:30:42Z,16,Donnée validée,10,Expertisée,20,Bonne,7.384986107,48.102530621,HIXnJ
A1610030,A161003001,2017-03-13,1621.0,2026-05-31T20:30:42Z,16,Donnée validée,10,Expertisée,20,Bonne,7.384986107,48.102530621,HIXnJ
A1610030,A161003001,2017-03-14,1524.0,2026-05-31T20:30:42Z,16,Donnée validée,10,Expertisée,20,Bonne,7.384986107,48.102530621,HIXnJ
A1610030,A161003001,2017-03-15,1447.0,2026-05-31T20:30:42Z,16,Donnée validée,10,Expertisée,20,Bonne,7.384986107,48.102530621,HIXnJ
A1610030,A161003001,2017-03-16,1386.0,2026-05-31T20:30:42Z,16,Donnée validée,10,Expertisée,20,Bonne,7.384986107,48.102530621,HIXnJ
A1610030,A161003001,2017-03-17,1339.0,2026-05-31T20:30:42Z,16,Donnée validée,10,Expertisée,20,Bonne,7.384986107,48.102530621,HIXnJ
A1610030,A161003001,2017-03-18,1339.0,2026-05-31T20:30:42Z,16,Donnée validée,10,Expertisée,20,Bonne,7.384986107,48.102530621,HIXnJ
A1610030,A161003001,2017-03-19,1426.0,2026-05-31T20:30:42Z,16,Donnée validée,10,Expertisée,20,Bonne,7.384986107,48.102530621,HIXnJ
A1610030,A161003001,2017-03-20,1418.0,2026-05-31T20:30:42Z,16,Donnée validée,10,Expertisée,20,Bonne,7.384986107,48.102530621,HIXnJ
A1610030,A161003001,2017-03-21,1373.0,2026-05-31T20:30:42Z,16,Donnée validée,10,Expertisée,20,Bonne,7.384986107,48.102530621,HIXnJ
A1610030,A161003001,2017-03-22,1423.0,2026-05-31T20:30:42Z,16,Donnée validée,10,Expertisée,20,Bonne,7.384986107,48.102530621,HIXnJ
A1610030,A161003001,2017-03-23,1412.0,2026-05-31T20:30:42Z,16,Donnée validée,10,Expertisée,20,Bonne,7.384986107,48.102530621,HIXnJ
A1610030,A161003001,2017-03-24,1355.0,2026-05-31T20:30:42Z,16,Donnée validée,10,Expertisée,20,Bonne,7.384986107,48.102530621,HIXnJ
A1610030,A161003001,2017-03-25,1303.0,2026-05-31T20:30:42Z,16,Donnée validée,10,Expertisée,20,Bonne,7.384986107,48.102530621,HIXnJ
A1610030,A161003001,2017-03-26,1283.0,2026-05-31T20:30:42Z,16,Donnée validée,10,Expertisée,20,Bonne,7.384986107,48.102530621,HIXnJ
A1610030,A161003001,2017-03-27,1254.0,2026-05-31T20:30:42Z,16,Donnée validée,10,Expertisée,20,Bonne,7.384986107,48.102530621,HIXnJ
A1610030,A161003001,2017-03-28,1238.0,2026-05-31T20:30:42Z,16,Donnée validée,10,Expertisée,20,Bonne,7.384986107,48.102530621,HIXnJ
A1610030,A161003001,2017-03-29,1225.0,2026-05-31T20:30:42Z,16,Donnée validée,10,Expertisée,20,Bonne,7.384986107,48.102530621,HIXnJ
A1610030,A161003001,2017-03-30,1207.0,2026-05-31T20:30:42Z,16,Donnée validée,10,Expertisée,20,Bonne,7.384986107,48.102530621,HIXnJ
A1610030,A161003001,2017-03-31,1189.0,2026-05-31T20:30:42Z,16,Donnée validée,10,Expertisée,20,Bonne,7.384986107,48.102530621,HIXnJ
A1610030,A161003001,2017-04-01,1177.0,2026-05-31T20:30:42Z,16,Donnée validée,10,Expertisée,20,Bonne,7.384986107,48.102530621,HIXnJ
A1610030,A161003001,2017-04-02,1174.0,2026-05-31T20:30:42Z,16,Donnée validée,10,Expertisée,20,Bonne,7.384986107,48.102530621,HIXnJ
A1610030,A161003001,2017-04-03,1181.0,2026-05-31T20:30:42Z,16,Donnée validée,10,Expertisée,20,Bonne,7.384986107,48.102530621,HIXnJ
A1610030,A161003001,2017-04-04,1152.0,2026-05-31T20:30:42Z,16,Donnée validée,10,Expertisée,20,Bonne,7.384986107,48.102530621,HIXnJ
A1610030,A161003001,2017-04-05,1154.0,2026-05-31T20:30:42Z,16,Donnée validée,10,Expertisée,20,Bonne,7.384986107,48.102530621,HIXnJ
A1610030,A161003001,2017-04-06,1142.0,2026-05-31T20:30:42Z,16,Donnée validée,10,Expertisée,20,Bonne,7.384986107,48.102530621,HIXnJ
A1610030,A161003001,2017-04-07,1127.0,2026-05-31T20:30:42Z,16,Donnée validée,10,Expertisée,20,Bonne,7.384986107,48.102530621,HIXnJ
A1610030,A161003001,2017-04-08,1112.0,2026-05-31T20:30:42Z,16,Donnée validée,10,Expertisée,20,Bonne,7.384986107,48.102530621,HIXnJ
A1610030,A161003001,2017-04-09,1103.0,2026-05-31T20:30:42Z,16,Donnée validée,10,Expertisée,20,Bonne,7.384986107,48.102530621,HIXnJ
A1610030,A161003001,2017-04-10,1118.0,2026-05-31T20:30:42Z,16,Donnée validée,10,Expertisée,20,Bonne,7.384986107,48.102530621,HIXnJ
A1610030,A161003001,2017-04-11,1099.0,2026-05-31T20:30:42Z,16,Donnée validée,10,Expertisée,20,Bonne,7.384986107,48.102530621,HIXnJ
A1610030,A161003001,2017-04-12,1091.0,2026-05-31T20:30:42Z,16,Donnée validée,10,Expertisée,20,Bonne,7.384986107,48.102530621,HIXnJ
A1610030,A161003001,2017-04-13,1108.0,2026-05-31T20:30:42Z,16,Donnée validée,10,Expertisée,20,Bonne,7.384986107,48.102530621,HIXnJ
A1610030,A161003001,2017-04-14,1092.0,2026-05-31T20:30:42Z,16,Donnée validée,10,Expertisée,20,Bonne,7.384986107,48.102530621,HIXnJ
A1610030,A161003001,2017-04-15,1093.0,2026-05-31T20:30:42Z,16,Donnée validée,10,Expertisée,20,Bonne,7.384986107,48.102530621,HIXnJ
A1610030,A161003001,2017-04-16,1085.0,2026-05-31T20:30:42Z,16,Donnée validée,10,Expertisée,20,Bonne,7.384986107,48.102530621,HIXnJ
A1610030,A161003001,2017-04-17,1084.0,2026-05-31T20:30:42Z,16,Donnée validée,10,Expertisée,20,Bonne,7.384986107,48.102530621,HIXnJ
A1610030,A161003001,2017-04-18,1135.0,2026-05-31T20:30:42Z,16,Donnée validée,10,Expertisée,20,Bonne,7.384986107,48.102530621,HIXnJ
A1610030,A161003001,2017-04-19,1128.0,2026-05-31T20:30:42Z,16,Donnée validée,10,Expertisée,20,Bonne,7.384986107,48.102530621,HIXnJ
A1610030,A161003001,2017-04-20,1140.0,2026-05-31T20:30:42Z,16,Donnée validée,10,Expertisée,20,Bonne,7.384986107,48.102530621,HIXnJ
A1610030,A161003001,2017-04-21,1107.0,2026-05-31T20:30:42Z,16,Donnée validée,10,Expertisée,20,Bonne,7.384986107,48.102530621,HIXnJ
A1610030,A161003001,2017-04-22,1107.0,2026-05-31T20:30:42Z,16,Donnée validée,10,Expertisée,20,Bonne,7.384986107,48.102530621,HIXnJ
A1610030,A161003001,2017-04-23,1105.0,2026-05-31T20:30:42Z,16,Donnée validée,10,Expertisée,20,Bonne,7.384986107,48.102530621,HIXnJ
A1610030,A161003001,2017-04-24,1097.0,2026-05-31T20:30:42Z,16,Donnée validée,10,Expertisée,20,Bonne,7.384986107,48.102530621,HIXnJ
A1610030,A161003001,2017-04-25,1107.0,2026-05-31T20:30:42Z,16,Donnée validée,10,Expertisée,20,Bonne,7.384986107,48.102530621,HIXnJ
A1610030,A161003001,2017-04-26,1278.0,2026-05-31T20:30:42Z,16,Donnée validée,10,Expertisée,20,Bonne,7.384986107,48.102530621,HIXnJ
A1610030,A161003001,2017-04-27,1292.0,2026-05-31T20:30:42Z,16,Donnée validée,10,Expertisée,20,Bonne,7.384986107,48.102530621,HIXnJ
A1610030,A161003001,2017-04-28,1278.0,2026-05-31T20:30:42Z,16,Donnée validée,10,Expertisée,20,Bonne,7.384986107,48.102530621,HIXnJ
A1610030,A161003001,2017-04-29,1272.0,2026-05-31T20:30:42Z,16,Donnée validée,10,Expertisée,20,Bonne,7.384986107,48.102530621,HIXnJ
A1610030,A161003001,2017-04-30,1214.0,2026-05-31T20:30:42Z,16,Donnée validée,10,Expertisée,20,Bonne,7.384986107,48.102530621,HIXnJ
A1610030,A161003001,2017-05-01,1175.0,2026-05-31T20:30:42Z,16,Donnée validée,10,Expertisée,20,Bonne,7.384986107,48.102530621,HIXnJ
A1610030,A161003001,2017-05-02,1159.0,2026-05-31T20:30:42Z,16,Donnée validée,10,Expertisée,20,Bonne,7.384986107,48.102530621,HIXnJ
A1610030,A161003001,2017-05-03,1146.0,2026-05-31T20:30:42Z,16,Donnée validée,10,Expertisée,20,Bonne,7.384986107,48.102530621,HIXnJ
A1610030,A161003001,2017-05-04,1141.0,2026-05-31T20:30:42Z,16,Donnée validée,10,Expertisée,20,Bonne,7.384986107,48.102530621,HIXnJ
A1610030,A161003001,2017-05-05,1181.0,2026-05-31T20:30:42Z,16,Donnée validée,10,Expertisée,20,Bonne,7.384986107,48.102530621,HIXnJ
A1610030,A161003001,2017-05-06,1157.0,2026-05-31T20:30:42Z,16,Donnée validée,10,Expertisée,20,Bonne,7.384986107,48.102530621,HIXnJ
A1610030,A161003001,2017-05-07,1190.0,2026-05-31T20:30:42Z,16,Donnée validée,10,Expertisée,20,Bonne,7.384986107,48.102530621,HIXnJ
A1610030,A161003001,2017-05-08,1300.0,2026-05-31T20:30:42Z,16,Donnée validée,10,Expertisée,20,Bonne,7.384986107,48.102530621,HIXnJ
A1610030,A161003001,2017-05-09,1328.0,2026-05-31T20:30:42Z,16,Donnée validée,10,Expertisée,20,Bonne,7.384986107,48.102530621,HIXnJ
A1610030,A161003001,2017-05-10,1269.0,2026-05-31T20:30:42Z,16,Donnée validée,10,Expertisée,20,Bonne,7.384986107,48.102530621,HIXnJ
A1610030,A161003001,2017-05-11,1220.0,2026-05-31T20:30:42Z,16,Donnée validée,10,Expertisée,20,Bonne,7.384986107,48.102530621,HIXnJ
A1610030,A161003001,2017-05-12,1226.0,2026-05-31T20:30:42Z,16,Donnée validée,10,Expertisée,20,Bonne,7.384986107,48.102530621,HIXnJ
A1610030,A161003001,2017-05-13,1239.0,2026-05-31T20:30:42Z,16,Donnée validée,10,Expertisée,20,Bonne,7.384986107,48.102530621,HIXnJ
A1610030,A161003001,2017-05-14,1236.0,2026-05-31T20:30:42Z,16,Donnée validée,10,Expertisée,20,Bonne,7.384986107,48.102530621,HIXnJ
A1610030,A161003001,2017-05-15,1262.0,2026-05-31T20:30:42Z,16,Donnée validée,10,Expertisée,20,Bonne,7.384986107,48.102530621,HIXnJ
A1610030,A161003001,2017-05-16,1235.0,2026-05-31T20:30:42Z,16,Donnée validée,10,Expertisée,20,Bonne,7.384986107,48.102530621,HIXnJ
A1610030,A161003001,2017-05-17,1188.0,2026-05-31T20:30:42Z,16,Donnée validée,10,Expertisée,20,Bonne,7.384986107,48.102530621,HIXnJ
A1610030,A161003001,2017-05-18,1240.0,2026-05-31T20:30:42Z,16,Donnée validée,10,Expertisée,20,Bonne,7.384986107,48.102530621,HIXnJ
A1610030,A161003001,2017-05-19,1316.0,2026-05-31T20:30:42Z,16,Donnée validée,10,Expertisée,20,Bonne,7.384986107,48.102530621,HIXnJ
A1610030,A161003001,2017-05-20,1318.0,2026-05-31T20:30:42Z,16,Donnée validée,10,Expertisée,20,Bonne,7.384986107,48.102530621,HIXnJ
A1610030,A161003001,2017-05-21,1238.0,2026-05-31T20:30:42Z,16,Donnée validée,10,Expertisée,20,Bonne,7.384986107,48.102530621,HIXnJ
A1610030,A161003001,2017-05-22,1193.0,2026-05-31T20:30:42Z,16,Donnée validée,10,Expertisée,20,Bonne,7.384986107,48.102530621,HIXnJ
A1610030,A161003001,2017-05-23,1169.0,2026-05-31T20:30:42Z,16,Donnée validée,10,Expertisée,20,Bonne,7.384986107,48.102530621,HIXnJ
A1610030,A161003001,2017-05-24,1138.0,2026-05-31T20:30:42Z,16,Donnée validée,10,Expertisée,20,Bonne,7.384986107,48.102530621,HIXnJ
A1610030,A161003001,2017-05-25,1125.0,2026-05-31T20:30:42Z,16,Donnée validée,10,Expertisée,20,Bonne,7.384986107,48.102530621,HIXnJ
A1610030,A161003001,2017-05-26,1108.0,2026-05-31T20:30:42Z,16,Donnée validée,10,Expertisée,20,Bonne,7.384986107,48.102530621,HIXnJ
A1610030,A161003001,2017-05-27,1113.0,2026-05-31T20:30:42Z,16,Donnée validée,10,Expertisée,20,Bonne,7.384986107,48.102530621,HIXnJ
A1610030,A161003001,2017-05-28,1090.0,2026-05-31T20:30:42Z,16,Donnée validée,10,Expertisée,20,Bonne,7.384986107,48.102530621,HIXnJ
A1610030,A161003001,2017-05-29,1080.0,2026-05-31T20:30:42Z,16,Donnée validée,10,Expertisée,20,Bonne,7.384986107,48.102530621,HIXnJ
A1610030,A161003001,2017-05-30,1072.0,2026-05-31T20:30:42Z,16,Donnée validée,10,Expertisée,20,Bonne,7.384986107,48.102530621,HIXnJ
A1610030,A161003001,2017-05-31,1072.0,2026-05-31T20:30:42Z,16,Donnée validée,10,Expertisée,20,Bonne,7.384986107,48.102530621,HIXnJ
A1610030,A161003001,2017-06-01,1161.0,2026-05-31T20:30:42Z,16,Donnée validée,10,Expertisée,20,Bonne,7.384986107,48.102530621,HIXnJ
A1610030,A161003001,2017-06-02,1160.0,2026-05-31T20:30:42Z,16,Donnée validée,10,Expertisée,20,Bonne,7.384986107,48.102530621,HIXnJ
A1610030,A161003001,2017-06-03,1188.0,2026-05-31T20:30:42Z,16,Donnée validée,10,Expertisée,20,Bonne,7.384986107,48.102530621,HIXnJ
A1610030,A161003001,2017-06-04,1252.0,2026-05-31T20:30:42Z,16,Donnée validée,10,Expertisée,20,Bonne,7.384986107,48.102530621,HIXnJ
A1610030,A161003001,2017-06-05,1193.0,2026-05-31T20:30:42Z,16,Donnée validée,10,Expertisée,20,Bonne,7.384986107,48.102530621,HIXnJ
A1610030,A161003001,2017-06-06,1132.0,2026-05-31T20:30:42Z,16,Donnée validée,10,Expertisée,20,Bonne,7.384986107,48.102530621,HIXnJ
A1610030,A161003001,2017-06-07,1192.0,2026-05-31T20:30:42Z,16,Donnée validée,10,Expertisée,20,Bonne,7.384986107,48.102530621,HIXnJ
A1610030,A161003001,2017-06-08,1175.0,2026-05-31T20:30:42Z,16,Donnée validée,10,Expertisée,20,Bonne,7.384986107,48.102530621,HIXnJ
A1610030,A161003001,2017-06-09,1171.0,2026-05-31T20:30:42Z,16,Donnée validée,10,Expertisée,20,Bonne,7.384986107,48.102530621,HIXnJ
A1610030,A161003001,2017-06-10,1112.0,2026-05-31T20:30:42Z,16,Donnée validée,10,Expertisée,20,Bonne,7.384986107,48.102530621,HIXnJ
A1610030,A161003001,2017-06-11,1094.0,2026-05-31T20:30:42Z,16,Donnée validée,10,Expertisée,20,Bonne,7.384986107,48.102530621,HIXnJ
A1610030,A161003001,2017-06-12,1066.0,2026-05-31T20:30:42Z,16,Donnée validée,10,Expertisée,20,Bonne,7.384986107,48.102530621,HIXnJ
A1610030,A161003001,2017-06-13,1062.0,2026-05-31T20:30:42Z,16,Donnée validée,10,Expertisée,20,Bonne,7.384986107,48.102530621,HIXnJ
A1610030,A161003001,2017-06-14,1037.0,2026-05-31T20:30:42Z,16,Donnée validée,10,Expertisée,20,Bonne,7.384986107,48.102530621,HIXnJ
A1610030,A161003001,2017-06-15,1040.0,2026-05-31T20:30:42Z,16,Donnée validée,10,Expertisée,20,Bonne,7.384986107,48.102530621,HIXnJ
A1610030,A161003001,2017-06-16,1037.0,2026-05-31T20:30:42Z,16,Donnée validée,10,Expertisée,20,Bonne,7.384986107,48.102530621,HIXnJ
A1610030,A161003001,2017-06-17,1016.0,2026-05-31T20:30:42Z,16,Donnée validée,10,Expertisée,20,Bonne,7.384986107,48.102530621,HIXnJ
A1610030,A161003001,2017-06-18,992.0,2026-05-31T20:30:42Z,16,Donnée validée,10,Expertisée,20,Bonne,7.384986107,48.102530621,HIXnJ
A1610030,A161003001,2017-06-19,1015.0,2026-05-31T20:30:42Z,16,Donnée validée,10,Expertisée,20,Bonne,7.384986107,48.102530621,HIXnJ
A1610030,A161003001,2017-06-20,980.0,2026-05-31T20:30:42Z,16,Donnée validée,10,Expertisée,20,Bonne,7.384986107,48.102530621,HIXnJ
A1610030,A161003001,2017-06-21,1065.0,2026-05-31T20:30:42Z,16,Donnée validée,10,Expertisée,20,Bonne,7.384986107,48.102530621,HIXnJ
A1610030,A161003001,2017-06-22,1002.0,2026-05-31T20:30:42Z,16,Donnée validée,10,Expertisée,20,Bonne,7.384986107,48.102530621,HIXnJ
A1610030,A161003001,2017-06-23,1003.0,2026-05-31T20:30:42Z,16,Donnée validée,10,Expertisée,20,Bonne,7.384986107,48.102530621,HIXnJ
A1610030,A161003001,2017-06-24,1002.0,2026-05-31T20:30:42Z,16,Donnée validée,10,Expertisée,20,Bonne,7.384986107,48.102530621,HIXnJ
A1610030,A161003001,2017-06-25,1010.0,2026-05-31T20:30:42Z,16,Donnée validée,10,Expertisée,20,Bonne,7.384986107,48.102530621,HIXnJ
A1610030,A161003001,2017-06-26,1049.0,2026-05-31T20:30:42Z,16,Donnée validée,10,Expertisée,20,Bonne,7.384986107,48.102530621,HIXnJ
A1610030,A161003001,2017-06-27,1176.0,2026-05-31T20:30:42Z,16,Donnée validée,10,Expertisée,20,Bonne,7.384986107,48.102530621,HIXnJ
A1610030,A161003001,2017-06-28,1208.0,2026-05-31T20:30:42Z,16,Donnée validée,10,Expertisée,20,Bonne,7.384986107,48.102530621,HIXnJ
A1610030,A161003001,2017-06-29,1124.0,2026-05-31T20:30:42Z,16,Donnée validée,10,Expertisée,20,Bonne,7.384986107,48.102530621,HIXnJ
A1610030,A161003001,2017-06-30,1124.0,2026-05-31T20:30:42Z,16,Donnée validée,10,Expertisée,20,Bonne,7.384986107,48.102530621,HIXnJ
A1610030,A161003001,2017-07-01,1088.0,2026-05-31T20:30:42Z,16,Donnée validée,10,Expertisée,20,Bonne,7.384986107,48.102530621,HIXnJ
A1610030,A161003001,2017-07-02,1079.0,2026-05-31T20:30:42Z,16,Donnée validée,10,Expertisée,20,Bonne,7.384986107,48.102530621,HIXnJ
A1610030,A161003001,2017-07-03,1069.0,2026-05-31T20:30:42Z,16,Donnée validée,10,Expertisée,20,Bonne,7.384986107,48.102530621,HIXnJ
A1610030,A161003001,2017-07-04,1068.0,2026-05-31T20:30:42Z,16,Donnée validée,10,Expertisée,20,Bonne,7.384986107,48.102530621,HIXnJ
A1610030,A161003001,2017-07-05,1089.0,2026-05-31T20:30:42Z,16,Donnée validée,10,Expertisée,20,Bonne,7.384986107,48.102530621,HIXnJ
A1610030,A161003001,2017-07-06,1052.0,2026-05-31T20:30:42Z,16,Donnée validée,10,Expertisée,20,Bonne,7.384986107,48.102530621,HIXnJ
A1610030,A161003001,2017-07-07,1106.0,2026-05-31T20:30:42Z,16,Donnée validée,10,Expertisée,20,Bonne,7.384986107,48.102530621,HIXnJ
A1610030,A161003001,2017-07-08,1094.0,2026-05-31T20:30:42Z,16,Donnée validée,10,Expertisée,20,Bonne,7.384986107,48.102530621,HIXnJ
A1610030,A161003001,2017-07-09,1155.0,2026-05-31T20:30:42Z,16,Donnée validée,10,Expertisée,20,Bonne,7.384986107,48.102530621,HIXnJ
A1610030,A161003001,2017-07-10,1187.0,2026-05-31T20:30:42Z,16,Donnée validée,10,Expertisée,20,Bonne,7.384986107,48.102530621,HIXnJ
A1610030,A161003001,2017-07-11,1157.0,2026-05-31T20:30:42Z,16,Donnée validée,10,Expertisée,20,Bonne,7.384986107,48.102530621,HIXnJ
A1610030,A161003001,2017-07-12,1122.0,2026-05-31T20:30:42Z,16,Donnée validée,10,Expertisée,20,Bonne,7.384986107,48.102530621,HIXnJ
A1610030,A161003001,2017-07-13,1125.0,2026-05-31T20:30:42Z,16,Donnée validée,10,Expertisée,20,Bonne,7.384986107,48.102530621,HIXnJ
A1610030,A161003001,2017-07-14,1187.0,2026-05-31T20:30:42Z,16,Donnée validée,10,Expertisée,20,Bonne,7.384986107,48.102530621,HIXnJ
A1610030,A161003001,2017-07-15,1096.0,2026-05-31T20:30:42Z,16,Donnée validée,10,Expertisée,20,Bonne,7.384986107,48.102530621,HIXnJ
A1610030,A161003001,2017-07-16,1083.0,2026-05-31T20:30:42Z,16,Donnée validée,10,Expertisée,20,Bonne,7.384986107,48.102530621,HIXnJ
A1610030,A161003001,2017-07-17,1072.0,2026-05-31T20:30:42Z,16,Donnée validée,10,Expertisée,20,Bonne,7.384986107,48.102530621,HIXnJ
A1610030,A161003001,2017-07-18,1082.0,2026-05-31T20:30:42Z,16,Donnée validée,10,Expertisée,20,Bonne,7.384986107,48.102530621,HIXnJ
A1610030,A161003001,2017-07-19,1076.0,2026-05-31T20:30:42Z,16,Donnée validée,10,Expertisée,20,Bonne,7.384986107,48.102530621,HIXnJ
A1610030,A161003001,2017-07-20,1129.0,2026-05-31T20:30:42Z,16,Donnée validée,10,Expertisée,20,Bonne,7.384986107,48.102530621,HIXnJ
A1610030,A161003001,2017-07-21,1089.0,2026-05-31T20:30:42Z,16,Donnée validée,10,Expertisée,20,Bonne,7.384986107,48.102530621,HIXnJ
A1610030,A161003001,2017-07-22,1133.0,2026-05-31T20:30:42Z,16,Donnée validée,10,Expertisée,20,Bonne,7.384986107,48.102530621,HIXnJ
A1610030,A161003001,2017-07-23,1123.0,2026-05-31T20:30:42Z,16,Donnée validée,10,Expertisée,20,Bonne,7.384986107,48.102530621,HIXnJ
A1610030,A161003001,2017-07-24,1120.0,2026-05-31T20:30:42Z,16,Donnée validée,10,Expertisée,20,Bonne,7.384986107,48.102530621,HIXnJ
A1610030,A161003001,2017-07-25,1128.0,2026-05-31T20:30:42Z,16,Donnée validée,10,Expertisée,20,Bonne,7.384986107,48.102530621,HIXnJ
A1610030,A161003001,2017-07-26,1141.0,2026-05-31T20:30:42Z,16,Donnée validée,10,Expertisée,20,Bonne,7.384986107,48.102530621,HIXnJ
A1610030,A161003001,2017-07-27,1117.0,2026-05-31T20:30:42Z,16,Donnée validée,10,Expertisée,20,Bonne,7.384986107,48.102530621,HIXnJ
A1610030,A161003001,2017-07-28,1116.0,2026-05-31T20:30:42Z,16,Donnée validée,10,Expertisée,20,Bonne,7.384986107,48.102530621,HIXnJ
A1610030,A161003001,2017-07-29,1110.0,2026-05-31T20:30:42Z,16,Donnée validée,10,Expertisée,20,Bonne,7.384986107,48.102530621,HIXnJ
A1610030,A161003001,2017-07-30,1100.0,2026-05-31T20:30:42Z,16,Donnée validée,10,Expertisée,20,Bonne,7.384986107,48.102530621,HIXnJ
A1610030,A161003001,2017-07-31,1106.0,2026-05-31T20:30:42Z,16,Donnée validée,10,Expertisée,20,Bonne,7.384986107,48.102530621,HIXnJ
A1610030,A161003001,2017-08-01,1202.0,2026-05-31T20:30:42Z,16,Donnée validée,10,Expertisée,20,Bonne,7.384986107,48.102530621,HIXnJ
A1610030,A161003001,2017-08-02,1261.0,2026-05-31T20:30:42Z,16,Donnée validée,10,Expertisée,20,Bonne,7.384986107,48.102530621,HIXnJ
A1610030,A161003001,2017-08-03,1199.0,2026-05-31T20:30:42Z,16,Donnée validée,10,Expertisée,20,Bonne,7.384986107,48.102530621,HIXnJ
A1610030,A161003001,2017-08-04,1147.0,2026-05-31T20:30:42Z,16,Donnée validée,10,Expertisée,20,Bonne,7.384986107,48.102530621,HIXnJ
A1610030,A161003001,2017-08-05,1121.0,2026-05-31T20:30:42Z,16,Donnée validée,10,Expertisée,20,Bonne,7.384986107,48.102530621,HIXnJ
A1610030,A161003001,2017-08-06,1112.0,2026-05-31T20:30:42Z,16,Donnée validée,10,Expertisée,20,Bonne,7.384986107,48.102530621,HIXnJ
A1610030,A161003001,2017-08-07,1112.0,2026-05-31T20:30:42Z,16,Donnée validée,10,Expertisée,20,Bonne,7.384986107,48.102530621,HIXnJ
A1610030,A161003001,2017-08-08,1122.0,2026-05-31T20:30:42Z,16,Donnée validée,10,Expertisée,20,Bonne,7.384986107,48.102530621,HIXnJ
A1610030,A161003001,2017-08-09,1132.0,2026-05-31T20:30:42Z,16,Donnée validée,10,Expertisée,20,Bonne,7.384986107,48.102530621,HIXnJ
A1610030,A161003001,2017-08-10,1228.0,2026-05-31T20:30:42Z,16,Donnée validée,10,Expertisée,20,Bonne,7.384986107,48.102530621,HIXnJ
A1610030,A161003001,2017-08-11,1170.0,2026-05-31T20:30:42Z,16,Donnée validée,10,Expertisée,20,Bonne,7.384986107,48.102530621,HIXnJ
A1610030,A161003001,2017-08-12,1166.0,2026-05-31T20:30:42Z,16,Donnée validée,10,Expertisée,20,Bonne,7.384986107,48.102530621,HIXnJ
A1610030,A161003001,2017-08-13,1142.0,2026-05-31T20:30:42Z,16,Donnée validée,10,Expertisée,20,Bonne,7.384986107,48.102530621,HIXnJ
A1610030,A161003001,2017-08-14,1132.0,2026-05-31T20:30:42Z,16,Donnée validée,10,Expertisée,20,Bonne,7.384986107,48.102530621,HIXnJ
A1610030,A161003001,2017-08-15,1122.0,2026-05-31T20:30:42Z,16,Donnée validée,10,Expertisée,20,Bonne,7.384986107,48.102530621,HIXnJ
A1610030,A161003001,2017-08-16,1113.0,2026-05-31T20:30:42Z,16,Donnée validée,10,Expertisée,20,Bonne,7.384986107,48.102530621,HIXnJ
A1610030,A161003001,2017-08-17,1102.0,2026-05-31T20:30:42Z,16,Donnée validée,10,Expertisée,20,Bonne,7.384986107,48.102530621,HIXnJ
A1610030,A161003001,2017-08-18,1096.0,2026-05-31T20:30:42Z,16,Donnée validée,10,Expertisée,20,Bonne,7.384986107,48.102530621,HIXnJ
A1610030,A161003001,2017-08-19,1133.0,2026-05-31T20:30:42Z,16,Donnée validée,10,Expertisée,20,Bonne,7.384986107,48.102530621,HIXnJ
A1610030,A161003001,2017-08-20,1132.0,2026-05-31T20:30:42Z,16,Donnée validée,10,Expertisée,20,Bonne,7.384986107,48.102530621,HIXnJ
A1610030,A161003001,2017-08-21,1105.0,2026-05-31T20:30:42Z,16,Donnée validée,10,Expertisée,20,Bonne,7.384986107,48.102530621,HIXnJ
A1610030,A161003001,2017-08-22,1093.0,2026-05-31T20:30:42Z,16,Donnée validée,10,Expertisée,20,Bonne,7.384986107,48.102530621,HIXnJ
A1610030,A161003001,2017-08-23,1082.0,2026-05-31T20:30:42Z,16,Donnée validée,10,Expertisée,20,Bonne,7.384986107,48.102530621,HIXnJ
A1610030,A161003001,2017-08-24,1082.0,2026-05-31T20:30:42Z,16,Donnée validée,10,Expertisée,20,Bonne,7.384986107,48.102530621,HIXnJ
A1610030,A161003001,2017-08-25,1084.0,2026-05-31T20:30:42Z,16,Donnée validée,10,Expertisée,20,Bonne,7.384986107,48.102530621,HIXnJ
A1610030,A161003001,2017-08-26,1080.0,2026-05-31T20:30:42Z,16,Donnée validée,10,Expertisée,20,Bonne,7.384986107,48.102530621,HIXnJ
A1610030,A161003001,2017-08-27,1087.0,2026-05-31T20:30:42Z,16,Donnée validée,10,Expertisée,20,Bonne,7.384986107,48.102530621,HIXnJ
A1610030,A161003001,2017-08-28,1080.0,2026-05-31T20:30:42Z,16,Donnée validée,10,Expertisée,20,Bonne,7.384986107,48.102530621,HIXnJ
A1610030,A161003001,2017-08-29,1075.0,2026-05-31T20:30:42Z,16,Donnée validée,10,Expertisée,20,Bonne,7.384986107,48.102530621,HIXnJ
A1610030,A161003001,2017-08-30,1214.0,2026-05-31T20:30:42Z,16,Donnée validée,10,Expertisée,20,Bonne,7.384986107,48.102530621,HIXnJ
A1610030,A161003001,2017-08-31,1094.0,2026-05-31T20:30:42Z,16,Donnée validée,10,Expertisée,20,Bonne,7.384986107,48.102530621,HIXnJ
A1610030,A161003001,2017-09-01,1102.0,2026-05-31T20:30:42Z,16,Donnée validée,10,Expertisée,20,Bonne,7.384986107,48.102530621,HIXnJ
A1610030,A161003001,2017-09-02,1104.0,2026-05-31T20:30:42Z,16,Donnée validée,10,Expertisée,20,Bonne,7.384986107,48.102530621,HIXnJ
A1610030,A161003001,2017-09-03,1127.0,2026-05-31T20:30:42Z,16,Donnée validée,10,Expertisée,20,Bonne,7.384986107,48.102530621,HIXnJ
A1610030,A161003001,2017-09-04,1114.0,2026-05-31T20:30:42Z,16,Donnée validée,10,Expertisée,20,Bonne,7.384986107,48.102530621,HIXnJ
A1610030,A161003001,2017-09-05,962.0,2026-05-31T20:30:42Z,16,Donnée validée,10,Expertisée,20,Bonne,7.384986107,48.102530621,HIXnJ
A1610030,A161003001,2017-09-06,954.0,2026-05-31T20:30:42Z,16,Donnée validée,10,Expertisée,20,Bonne,7.384986107,48.102530621,HIXnJ
A1610030,A161003001,2017-09-07,1076.0,2026-05-31T20:30:42Z,16,Donnée validée,10,Expertisée,20,Bonne,7.384986107,48.102530621,HIXnJ
A1610030,A161003001,2017-09-08,1077.0,2026-05-31T20:30:42Z,16,Donnée validée,10,Expertisée,20,Bonne,7.384986107,48.102530621,HIXnJ
A1610030,A161003001,2017-09-09,1078.0,2026-05-31T20:30:42Z,16,Donnée validée,10,Expertisée,20,Bonne,7.384986107,48.102530621,HIXnJ
A1610030,A161003001,2017-09-10,1084.0,2026-05-31T20:30:42Z,16,Donnée validée,10,Expertisée,20,Bonne,7.384986107,48.102530621,HIXnJ
A1610030,A161003001,2017-09-11,1091.0,2026-05-31T20:30:42Z,16,Donnée validée,10,Expertisée,20,Bonne,7.384986107,48.102530621,HIXnJ
A1610030,A161003001,2017-09-12,1097.0,2026-05-31T20:30:42Z,16,Donnée validée,10,Expertisée,20,Bonne,7.384986107,48.102530621,HIXnJ
A1610030,A161003001,2017-09-13,1105.0,2026-05-31T20:30:42Z,16,Donnée validée,10,Expertisée,20,Bonne,7.384986107,48.102530621,HIXnJ
A1610030,A161003001,2017-09-14,1124.0,2026-05-31T20:30:42Z,16,Donnée validée,10,Expertisée,20,Bonne,7.384986107,48.102530621,HIXnJ
A1610030,A161003001,2017-09-15,1278.0,2026-05-31T20:30:42Z,16,Donnée validée,10,Expertisée,20,Bonne,7.384986107,48.102530621,HIXnJ
A1610030,A161003001,2017-09-16,1268.0,2026-05-31T20:30:42Z,16,Donnée validée,10,Expertisée,20,Bonne,7.384986107,48.102530621,HIXnJ
A1610030,A161003001,2017-09-17,1181.0,2026-05-31T20:30:42Z,16,Donnée validée,10,Expertisée,20,Bonne,7.384986107,48.102530621,HIXnJ
A1610030,A161003001,2017-09-18,1187.0,2026-05-31T20:30:42Z,16,Donnée validée,10,Expertisée,20,Bonne,7.384986107,48.102530621,HIXnJ
A1610030,A161003001,2017-09-19,1208.0,2026-05-31T20:30:42Z,16,Donnée validée,10,Expertisée,20,Bonne,7.384986107,48.102530621,HIXnJ
A1610030,A161003001,2017-09-20,1172.0,2026-05-31T20:30:42Z,16,Donnée validée,10,Expertisée,20,Bonne,7.384986107,48.102530621,HIXnJ
A1610030,A161003001,2017-09-21,1155.0,2026-05-31T20:30:42Z,16,Donnée validée,10,Expertisée,20,Bonne,7.384986107,48.102530621,HIXnJ
A1610030,A161003001,2017-09-22,1135.0,2026-05-31T20:30:42Z,16,Donnée validée,10,Expertisée,20,Bonne,7.384986107,48.102530621,HIXnJ
A1610030,A161003001,2017-09-23,1127.0,2026-05-31T20:30:42Z,16,Donnée validée,10,Expertisée,20,Bonne,7.384986107,48.102530621,HIXnJ
A1610030,A161003001,2017-09-24,1118.0,2026-05-31T20:30:42Z,16,Donnée validée,10,Expertisée,20,Bonne,7.384986107,48.102530621,HIXnJ
A1610030,A161003001,2017-09-25,1111.0,2026-05-31T20:30:42Z,16,Donnée validée,10,Expertisée,20,Bonne,7.384986107,48.102530621,HIXnJ
A1610030,A161003001,2017-09-26,1106.0,2026-05-31T20:30:42Z,16,Donnée validée,10,Expertisée,20,Bonne,7.384986107,48.102530621,HIXnJ
A1610030,A161003001,2017-09-27,1160.0,2026-05-31T20:30:42Z,16,Donnée validée,10,Expertisée,20,Bonne,7.384986107,48.102530621,HIXnJ
A1610030,A161003001,2017-09-28,1094.0,2026-05-31T20:30:42Z,16,Donnée validée,10,Expertisée,20,Bonne,7.384986107,48.102530621,HIXnJ
A1610030,A161003001,2017-09-29,1093.0,2026-05-31T20:30:42Z,16,Donnée validée,10,Expertisée,20,Bonne,7.384986107,48.102530621,HIXnJ
A1610030,A161003001,2017-09-30,1129.0,2026-05-31T20:30:42Z,16,Donnée validée,10,Expertisée,20,Bonne,7.384986107,48.102530621,HIXnJ
A1610030,A161003001,2017-10-01,1095.0,2026-05-31T20:30:42Z,16,Donnée validée,10,Expertisée,20,Bonne,7.384986107,48.102530621,HIXnJ
A1610030,A161003001,2017-10-02,1089.0,2026-05-31T20:30:42Z,16,Donnée validée,10,Expertisée,20,Bonne,7.384986107,48.102530621,HIXnJ
A1610030,A161003001,2017-10-03,1241.0,2026-05-31T20:30:42Z,16,Donnée validée,10,Expertisée,20,Bonne,7.384986107,48.102530621,HIXnJ
A1610030,A161003001,2017-10-04,1178.0,2026-05-31T20:30:42Z,16,Donnée validée,10,Expertisée,20,Bonne,7.384986107,48.102530621,HIXnJ
A1610030,A161003001,2017-10-05,1146.0,2026-05-31T20:30:42Z,16,Donnée validée,10,Expertisée,20,Bonne,7.384986107,48.102530621,HIXnJ
A1610030,A161003001,2017-10-06,1137.0,2026-05-31T20:30:42Z,16,Donnée validée,10,Expertisée,20,Bonne,7.384986107,48.102530621,HIXnJ
A1610030,A161003001,2017-10-07,1124.0,2026-05-31T20:30:42Z,16,Donnée validée,10,Expertisée,20,Bonne,7.384986107,48.102530621,HIXnJ
A1610030,A161003001,2017-10-08,1117.0,2026-05-31T20:30:42Z,16,Donnée validée,10,Expertisée,20,Bonne,7.384986107,48.102530621,HIXnJ
A1610030,A161003001,2017-10-09,1117.0,2026-05-31T20:30:42Z,16,Donnée validée,10,Expertisée,20,Bonne,7.384986107,48.102530621,HIXnJ
A1610030,A161003001,2017-10-10,1115.0,2026-05-31T20:30:42Z,16,Donnée validée,10,Expertisée,20,Bonne,7.384986107,48.102530621,HIXnJ
A1610030,A161003001,2017-10-11,1115.0,2026-05-31T20:30:42Z,16,Donnée validée,10,Expertisée,20,Bonne,7.384986107,48.102530621,HIXnJ
A1610030,A161003001,2017-10-12,1103.0,2026-05-31T20:30:42Z,16,Donnée validée,10,Expertisée,20,Bonne,7.384986107,48.102530621,HIXnJ
A1610030,A161003001,2017-10-13,1084.0,2026-05-31T20:30:42Z,16,Donnée validée,10,Expertisée,20,Bonne,7.384986107,48.102530621,HIXnJ
A1610030,A161003001,2017-10-14,1089.0,2026-05-31T20:30:42Z,16,Donnée validée,10,Expertisée,20,Bonne,7.384986107,48.102530621,HIXnJ
A1610030,A161003001,2017-10-15,1075.0,2026-05-31T20:30:42Z,16,Donnée validée,10,Expertisée,20,Bonne,7.384986107,48.102530621,HIXnJ
A1610030,A161003001,2017-10-16,1073.0,2026-05-31T20:30:42Z,16,Donnée validée,10,Expertisée,20,Bonne,7.384986107,48.102530621,HIXnJ
A1610030,A161003001,2017-10-17,1067.0,2026-05-31T20:30:42Z,16,Donnée validée,10,Expertisée,20,Bonne,7.384986107,48.102530621,HIXnJ
A1610030,A161003001,2017-10-18,1066.0,2026-05-31T20:30:42Z,16,Donnée validée,10,Expertisée,20,Bonne,7.384986107,48.102530621,HIXnJ
A1610030,A161003001,2017-10-19,1060.0,2026-05-31T20:30:42Z,16,Donnée validée,10,Expertisée,20,Bonne,7.384986107,48.102530621,HIXnJ
A1610030,A161003001,2017-10-20,1058.0,2026-05-31T20:30:42Z,16,Donnée validée,10,Expertisée,20,Bonne,7.384986107,48.102530621,HIXnJ
A1610030,A161003001,2017-10-21,1056.0,2026-05-31T20:30:42Z,16,Donnée validée,10,Expertisée,20,Bonne,7.384986107,48.102530621,HIXnJ
A1610030,A161003001,2017-10-22,1057.0,2026-05-31T20:30:42Z,16,Donnée validée,10,Expertisée,20,Bonne,7.384986107,48.102530621,HIXnJ
A1610030,A161003001,2017-10-23,1058.0,2026-05-31T20:30:42Z,16,Donnée validée,10,Expertisée,20,Bonne,7.384986107,48.102530621,HIXnJ
A1610030,A161003001,2017-10-24,1070.0,2026-05-31T20:30:42Z,16,Donnée validée,10,Expertisée,20,Bonne,7.384986107,48.102530621,HIXnJ
A1610030,A161003001,2017-10-25,1074.0,2026-05-31T20:30:42Z,16,Donnée validée,10,Expertisée,20,Bonne,7.384986107,48.102530621,HIXnJ
A1610030,A161003001,2017-10-26,1082.0,2026-05-31T20:30:42Z,16,Donnée validée,10,Expertisée,20,Bonne,7.384986107,48.102530621,HIXnJ
A1610030,A161003001,2017-10-27,1068.0,2026-05-31T20:30:42Z,16,Donnée validée,10,Expertisée,20,Bonne,7.384986107,48.102530621,HIXnJ
A1610030,A161003001,2017-10-28,1060.0,2026-05-31T20:30:42Z,16,Donnée validée,10,Expertisée,20,Bonne,7.384986107,48.102530621,HIXnJ
A1610030,A161003001,2017-10-29,1063.0,2026-05-31T20:30:42Z,16,Donnée validée,10,Expertisée,20,Bonne,7.384986107,48.102530621,HIXnJ
A1610030,A161003001,2017-10-30,1087.0,2026-05-31T20:30:42Z,16,Donnée validée,10,Expertisée,20,Bonne,7.384986107,48.102530621,HIXnJ
A1610030,A161003001,2017-10-31,1083.0,2026-05-31T20:30:42Z,16,Donnée validée,10,Expertisée,20,Bonne,7.384986107,48.102530621,HIXnJ
A1610030,A161003001,2017-11-01,1081.0,2026-05-31T20:30:42Z,16,Donnée validée,10,Expertisée,20,Bonne,7.384986107,48.102530621,HIXnJ
A1610030,A161003001,2017-11-02,1075.0,2026-05-31T20:30:42Z,16,Donnée validée,10,Expertisée,20,Bonne,7.384986107,48.102530621,HIXnJ
A1610030,A161003001,2017-11-03,1072.0,2026-05-31T20:30:42Z,16,Donnée validée,10,Expertisée,20,Bonne,7.384986107,48.102530621,HIXnJ
A1610030,A161003001,2017-11-04,1054.0,2026-05-31T20:30:42Z,16,Donnée validée,10,Expertisée,20,Bonne,7.384986107,48.102530621,HIXnJ
A1610030,A161003001,2017-11-05,1106.0,2026-05-31T20:30:42Z,16,Donnée validée,10,Expertisée,20,Bonne,7.384986107,48.102530621,HIXnJ
A1610030,A161003001,2017-11-06,1116.0,2026-05-31T20:30:42Z,16,Donnée validée,10,Expertisée,20,Bonne,7.384986107,48.102530621,HIXnJ
A1610030,A161003001,2017-11-07,1117.0,2026-05-31T20:30:42Z,16,Donnée validée,10,Expertisée,20,Bonne,7.384986107,48.102530621,HIXnJ
A1610030,A161003001,2017-11-08,1087.0,2026-05-31T20:30:42Z,16,Donnée validée,10,Expertisée,20,Bonne,7.384986107,48.102530621,HIXnJ
A1610030,A161003001,2017-11-09,1084.0,2026-05-31T20:30:42Z,16,Donnée validée,10,Expertisée,20,Bonne,7.384986107,48.102530621,HIXnJ
A1610030,A161003001,2017-11-10,1083.0,2026-05-31T20:30:42Z,16,Donnée validée,10,Expertisée,20,Bonne,7.384986107,48.102530621,HIXnJ
A1610030,A161003001,2017-11-11,1098.0,2026-05-31T20:30:42Z,16,Donnée validée,10,Expertisée,20,Bonne,7.384986107,48.102530621,HIXnJ
A1610030,A161003001,2017-11-12,2136.0,2026-05-31T20:30:42Z,16,Donnée validée,10,Expertisée,20,Bonne,7.384986107,48.102530621,HIXnJ
A1610030,A161003001,2017-11-13,2356.0,2026-05-31T20:30:42Z,16,Donnée validée,10,Expertisée,20,Bonne,7.384986107,48.102530621,HIXnJ
A1610030,A161003001,2017-11-14,1876.0,2026-05-31T20:30:42Z,16,Donnée validée,10,Expertisée,20,Bonne,7.384986107,48.102530621,HIXnJ
A1610030,A161003001,2017-11-15,1544.0,2026-05-31T20:30:42Z,16,Donnée validée,10,Expertisée,20,Bonne,7.384986107,48.102530621,HIXnJ
A1610030,A161003001,2017-11-16,1430.0,2026-05-31T20:30:42Z,16,Donnée validée,10,Expertisée,20,Bonne,7.384986107,48.102530621,HIXnJ
A1610030,A161003001,2017-11-17,1375.0,2026-05-31T20:30:42Z,16,Donnée validée,10,Expertisée,20,Bonne,7.384986107,48.102530621,HIXnJ
A1610030,A161003001,2017-11-18,1257.0,2026-05-31T20:30:42Z,16,Donnée validée,10,Expertisée,20,Bonne,7.384986107,48.102530621,HIXnJ
A1610030,A161003001,2017-11-19,1229.0,2026-05-31T20:30:42Z,16,Donnée validée,10,Expertisée,20,Bonne,7.384986107,48.102530621,HIXnJ
A1610030,A161003001,2017-11-20,1215.0,2026-05-31T20:30:42Z,16,Donnée validée,10,Expertisée,20,Bonne,7.384986107,48.102530621,HIXnJ
A1610030,A161003001,2017-11-21,1183.0,2026-05-31T20:30:42Z,16,Donnée validée,10,Expertisée,20,Bonne,7.384986107,48.102530621,HIXnJ
A1610030,A161003001,2017-11-22,1182.0,2026-05-31T20:30:42Z,16,Donnée validée,10,Expertisée,20,Bonne,7.384986107,48.102530621,HIXnJ
A1610030,A161003001,2017-11-23,1166.0,2026-05-31T20:30:42Z,16,Donnée validée,10,Expertisée,20,Bonne,7.384986107,48.102530621,HIXnJ
A1610030,A161003001,2017-11-24,1154.0,2026-05-31T20:30:42Z,16,Donnée validée,10,Expertisée,20,Bonne,7.384986107,48.102530621,HIXnJ
A1610030,A161003001,2017-11-25,1426.0,2026-05-31T20:30:42Z,16,Donnée validée,10,Expertisée,20,Bonne,7.384986107,48.102530621,HIXnJ
A1610030,A161003001,2017-11-26,1501.0,2026-05-31T20:30:42Z,16,Donnée validée,10,Expertisée,20,Bonne,7.384986107,48.102530621,HIXnJ
A1610030,A161003001,2017-11-27,1428.0,2026-05-31T20:30:42Z,16,Donnée validée,10,Expertisée,20,Bonne,7.384986107,48.102530621,HIXnJ
A1610030,A161003001,2017-11-28,1396.0,2026-05-31T20:30:42Z,16,Donnée validée,10,Expertisée,20,Bonne,7.384986107,48.102530621,HIXnJ
A1610030,A161003001,2017-11-29,1491.0,2026-05-31T20:30:42Z,16,Donnée validée,10,Expertisée,20,Bonne,7.384986107,48.102530621,HIXnJ
A1610030,A161003001,2017-11-30,1456.0,2026-05-31T20:30:42Z,16,Donnée validée,10,Expertisée,20,Bonne,7.384986107,48.102530621,HIXnJ
A1610030,A161003001,2017-12-01,1344.0,2026-05-31T20:30:42Z,16,Donnée validée,10,Expertisée,20,Bonne,7.384986107,48.102530621,HIXnJ
A1610030,A161003001,2017-12-02,1302.0,2026-05-31T20:30:42Z,16,Donnée validée,10,Expertisée,20,Bonne,7.384986107,48.102530621,HIXnJ
A1610030,A161003001,2017-12-03,1262.0,2026-05-31T20:30:42Z,16,Donnée validée,10,Expertisée,20,Bonne,7.384986107,48.102530621,HIXnJ
A1610030,A161003001,2017-12-04,1365.0,2026-05-31T20:30:42Z,16,Donnée validée,10,Expertisée,20,Bonne,7.384986107,48.102530621,HIXnJ
A1610030,A161003001,2017-12-05,1204.0,2026-05-31T20:30:42Z,16,Donnée validée,10,Expertisée,20,Bonne,7.384986107,48.102530621,HIXnJ
A1610030,A161003001,2017-12-06,1188.0,2026-05-31T20:30:42Z,16,Donnée validée,10,Expertisée,20,Bonne,7.384986107,48.102530621,HIXnJ
A1610030,A161003001,2017-12-07,1177.0,2026-05-31T20:30:42Z,16,Donnée validée,10,Expertisée,20,Bonne,7.384986107,48.102530621,HIXnJ
A1610030,A161003001,2017-12-08,1295.0,2026-05-31T20:30:42Z,16,Donnée validée,10,Expertisée,20,Bonne,7.384986107,48.102530621,HIXnJ
A1610030,A161003001,2017-12-09,1340.0,2026-05-31T20:30:42Z,16,Donnée validée,10,Expertisée,20,Bonne,7.384986107,48.102530621,HIXnJ
A1610030,A161003001,2017-12-10,1486.0,2026-05-31T20:30:42Z,16,Donnée validée,10,Expertisée,20,Bonne,7.384986107,48.102530621,HIXnJ
A1610030,A161003001,2017-12-11,2825.0,2026-05-31T20:30:42Z,16,Donnée validée,10,Expertisée,20,Bonne,7.384986107,48.102530621,HIXnJ
A1610030,A161003001,2017-12-12,2782.0,2026-05-31T20:30:42Z,16,Donnée validée,10,Expertisée,20,Bonne,7.384986107,48.102530621,HIXnJ
A1610030,A161003001,2017-12-13,2263.0,2026-05-31T20:30:42Z,16,Donnée validée,10,Expertisée,20,Bonne,7.384986107,48.102530621,HIXnJ
A1610030,A161003001,2017-12-14,2536.0,2026-05-31T20:30:42Z,16,Donnée validée,10,Expertisée,20,Bonne,7.384986107,48.102530621,HIXnJ
A1610030,A161003001,2017-12-15,2873.0,2026-05-31T20:30:42Z,16,Donnée validée,10,Expertisée,20,Bonne,7.384986107,48.102530621,HIXnJ
A1610030,A161003001,2017-12-16,2804.0,2026-05-31T20:30:42Z,16,Donnée validée,10,Expertisée,20,Bonne,7.384986107,48.102530621,HIXnJ
A1610030,A161003001,2017-12-17,2021.0,2026-05-31T20:30:42Z,16,Donnée validée,10,Expertisée,20,Bonne,7.384986107,48.102530621,HIXnJ
A1610030,A161003001,2017-12-18,1681.0,2026-05-31T20:30:42Z,16,Donnée validée,10,Expertisée,20,Bonne,7.384986107,48.102530621,HIXnJ
A1610030,A161003001,2017-12-19,1551.0,2026-05-31T20:30:42Z,16,Donnée validée,10,Expertisée,20,Bonne,7.384986107,48.102530621,HIXnJ
A1610030,A161003001,2017-12-20,1443.0,2026-05-31T20:30:42Z,16,Donnée validée,10,Expertisée,20,Bonne,7.384986107,48.102530621,HIXnJ
A1610030,A161003001,2017-12-21,1424.0,2026-05-31T20:30:42Z,16,Donnée validée,10,Expertisée,20,Bonne,7.384986107,48.102530621,HIXnJ
A1610030,A161003001,2017-12-22,1379.0,2026-05-31T20:30:42Z,16,Donnée validée,10,Expertisée,20,Bonne,7.384986107,48.102530621,HIXnJ
A1610030,A161003001,2017-12-23,1376.0,2026-05-31T20:30:42Z,16,Donnée validée,10,Expertisée,20,Bonne,7.384986107,48.102530621,HIXnJ
A1610030,A161003001,2017-12-24,1367.0,2026-05-31T20:30:42Z,16,Donnée validée,10,Expertisée,20,Bonne,7.384986107,48.102530621,HIXnJ
A1610030,A161003001,2017-12-25,1347.0,2026-05-31T20:30:42Z,16,Donnée validée,10,Expertisée,20,Bonne,7.384986107,48.102530621,HIXnJ
A1610030,A161003001,2017-12-26,1327.0,2026-05-31T20:30:42Z,16,Donnée validée,10,Expertisée,20,Bonne,7.384986107,48.102530621,HIXnJ
A1610030,A161003001,2017-12-27,1416.0,2026-05-31T20:30:42Z,16,Donnée validée,10,Expertisée,20,Bonne,7.384986107,48.102530621,HIXnJ
A1610030,A161003001,2017-12-28,1447.0,2026-05-31T20:30:42Z,16,Donnée validée,10,Expertisée,20,Bonne,7.384986107,48.102530621,HIXnJ
A1610030,A161003001,2017-12-29,1402.0,2026-05-31T20:30:42Z,16,Donnée validée,10,Expertisée,20,Bonne,7.384986107,48.102530621,HIXnJ
A1610030,A161003001,2017-12-30,1512.0,2026-05-31T20:30:42Z,16,Donnée validée,10,Expertisée,20,Bonne,7.384986107,48.102530621,HIXnJ
A1610030,A161003001,2017-12-31,2095.0,2026-05-31T20:30:42Z,16,Donnée validée,10,Expertisée,20,Bonne,7.384986107,48.102530621,HIXnJ
A1610030,A161003001,2018-01-01,2163.0,2026-05-31T20:30:42Z,16,Donnée validée,10,Expertisée,20,Bonne,7.384986107,48.102530621,HIXnJ
A1610030,A161003001,2018-01-02,2377.0,2026-05-31T20:30:42Z,16,Donnée validée,10,Expertisée,20,Bonne,7.384986107,48.102530621,HIXnJ
A1610030,A161003001,2018-01-03,3254.0,2026-05-31T20:30:42Z,16,Donnée validée,10,Expertisée,20,Bonne,7.384986107,48.102530621,HIXnJ
A1610030,A161003001,2018-01-04,3566.0,2026-05-31T20:30:42Z,16,Donnée validée,10,Expertisée,20,Bonne,7.384986107,48.102530621,HIXnJ
A1610030,A161003001,2018-01-05,4248.0,2026-05-31T20:30:42Z,16,Donnée validée,10,Expertisée,20,Bonne,7.384986107,48.102530621,HIXnJ
A1610030,A161003001,2018-01-06,4237.0,2026-05-31T20:30:42Z,16,Donnée validée,10,Expertisée,20,Bonne,7.384986107,48.102530621,HIXnJ
A1610030,A161003001,2018-01-07,3558.0,2026-05-31T20:30:42Z,16,Donnée validée,10,Expertisée,20,Bonne,7.384986107,48.102530621,HIXnJ
A1610030,A161003001,2018-01-08,2712.0,2026-05-31T20:30:42Z,16,Donnée validée,10,Expertisée,20,Bonne,7.384986107,48.102530621,HIXnJ
A1610030,A161003001,2018-01-09,2208.0,2026-05-31T20:30:42Z,16,Donnée validée,10,Expertisée,20,Bonne,7.384986107,48.102530621,HIXnJ
A1610030,A161003001,2018-01-10,1949.0,2026-05-31T20:30:42Z,16,Donnée validée,10,Expertisée,20,Bonne,7.384986107,48.102530621,HIXnJ
A1610030,A161003001,2018-01-11,1801.0,2026-05-31T20:30:42Z,16,Donnée validée,10,Expertisée,20,Bonne,7.384986107,48.102530621,HIXnJ
A1610030,A161003001,2018-01-12,1683.0,2026-05-31T20:30:42Z,16,Donnée validée,10,Expertisée,20,Bonne,7.384986107,48.102530621,HIXnJ
A1610030,A161003001,2018-01-13,1586.0,2026-05-31T20:30:42Z,16,Donnée validée,10,Expertisée,20,Bonne,7.384986107,48.102530621,HIXnJ
A1610030,A161003001,2018-01-14,1518.0,2026-05-31T20:30:42Z,16,Donnée validée,10,Expertisée,20,Bonne,7.384986107,48.102530621,HIXnJ
A1610030,A161003001,2018-01-15,1467.0,2026-05-31T20:30:42Z,16,Donnée validée,10,Expertisée,20,Bonne,7.384986107,48.102530621,HIXnJ
A1610030,A161003001,2018-01-16,2729.0,2026-05-31T20:30:42Z,16,Donnée validée,10,Expertisée,20,Bonne,7.384986107,48.102530621,HIXnJ
A1610030,A161003001,2018-01-17,3109.0,2026-05-31T20:30:42Z,16,Donnée validée,10,Expertisée,20,Bonne,7.384986107,48.102530621,HIXnJ
A1610030,A161003001,2018-01-18,3145.0,2026-05-31T20:30:42Z,16,Donnée validée,10,Expertisée,20,Bonne,7.384986107,48.102530621,HIXnJ
A1610030,A161003001,2018-01-19,3766.0,2026-05-31T20:30:42Z,16,Donnée validée,10,Expertisée,20,Bonne,7.384986107,48.102530621,HIXnJ
A1610030,A161003001,2018-01-20,3770.0,2026-05-31T20:30:42Z,16,Donnée validée,10,Expertisée,20,Bonne,7.384986107,48.102530621,HIXnJ
A1610030,A161003001,2018-01-21,3359.0,2026-05-31T20:30:42Z,16,Donnée validée,10,Expertisée,20,Bonne,7.384986107,48.102530621,HIXnJ
A1610030,A161003001,2018-01-22,3450.0,2026-05-31T20:30:42Z,16,Donnée validée,10,Expertisée,20,Bonne,7.384986107,48.102530621,HIXnJ
A1610030,A161003001,2018-01-23,3841.0,2026-05-31T20:30:42Z,16,Donnée validée,10,Expertisée,20,Bonne,7.384986107,48.102530621,HIXnJ
A1610030,A161003001,2018-01-24,3689.0,2026-05-31T20:30:42Z,16,Donnée validée,10,Expertisée,20,Bonne,7.384986107,48.102530621,HIXnJ
A1610030,A161003001,2018-01-25,2764.0,2026-05-31T20:30:42Z,16,Donnée validée,10,Expertisée,20,Bonne,7.384986107,48.102530621,HIXnJ
A1610030,A161003001,2018-01-26,2364.0,2026-05-31T20:30:42Z,16,Donnée validée,10,Expertisée,20,Bonne,7.384986107,48.102530621,HIXnJ
A1610030,A161003001,2018-01-27,2463.0,2026-05-31T20:30:42Z,16,Donnée validée,10,Expertisée,20,Bonne,7.384986107,48.102530621,HIXnJ
A1610030,A161003001,2018-01-28,2387.0,2026-05-31T20:30:42Z,16,Donnée validée,10,Expertisée,20,Bonne,7.384986107,48.102530621,HIXnJ
A1610030,A161003001,2018-01-29,2092.0,2026-05-31T20:30:42Z,16,Donnée validée,10,Expertisée,20,Bonne,7.384986107,48.102530621,HIXnJ
A1610030,A161003001,2018-01-30,1915.0,2026-05-31T20:30:42Z,16,Donnée validée,10,Expertisée,20,Bonne,7.384986107,48.102530621,HIXnJ
A1610030,A161003001,2018-01-31,1795.0,2026-05-31T20:30:42Z,16,Donnée validée,10,Expertisée,20,Bonne,7.384986107,48.102530621,HIXnJ
A1610030,A161003001,2018-02-01,2654.0,2026-05-31T20:30:42Z,16,Donnée validée,10,Expertisée,20,Bonne,7.384986107,48.102530621,HIXnJ
A1610030,A161003001,2018-02-02,2645.0,2026-05-31T20:30:42Z,16,Donnée validée,10,Expertisée,20,Bonne,7.384986107,48.102530621,HIXnJ
A1610030,A161003001,2018-02-03,2163.0,2026-05-31T20:30:42Z,16,Donnée validée,10,Expertisée,20,Bonne,7.384986107,48.102530621,HIXnJ
A1610030,A161003001,2018-02-04,1924.0,2026-05-31T20:30:42Z,16,Donnée validée,10,Expertisée,20,Bonne,7.384986107,48.102530621,HIXnJ
A1610030,A161003001,2018-02-05,1766.0,2026-05-31T20:30:42Z,16,Donnée validée,10,Expertisée,20,Bonne,7.384986107,48.102530621,HIXnJ
A1610030,A161003001,2018-02-06,1650.0,2026-05-31T20:30:42Z,16,Donnée validée,10,Expertisée,20,Bonne,7.384986107,48.102530621,HIXnJ
A1610030,A161003001,2018-02-07,1669.0,2026-05-31T20:30:42Z,16,Donnée validée,10,Expertisée,20,Bonne,7.384986107,48.102530621,HIXnJ
A1610030,A161003001,2018-02-08,1510.0,2026-05-31T20:30:42Z,16,Donnée validée,10,Expertisée,20,Bonne,7.384986107,48.102530621,HIXnJ
A1610030,A161003001,2018-02-09,1487.0,2026-05-31T20:30:42Z,16,Donnée validée,10,Expertisée,20,Bonne,7.384986107,48.102530621,HIXnJ
A1610030,A161003001,2018-02-10,1447.0,2026-05-31T20:30:42Z,16,Donnée validée,10,Expertisée,20,Bonne,7.384986107,48.102530621,HIXnJ
A1610030,A161003001,2018-02-11,1407.0,2026-05-31T20:30:42Z,16,Donnée validée,10,Expertisée,20,Bonne,7.384986107,48.102530621,HIXnJ
A1610030,A161003001,2018-02-12,1391.0,2026-05-31T20:30:42Z,16,Donnée validée,10,Expertisée,20,Bonne,7.384986107,48.102530621,HIXnJ
A1610030,A161003001,2018-02-13,1387.0,2026-05-31T20:30:42Z,16,Donnée validée,10,Expertisée,20,Bonne,7.384986107,48.102530621,HIXnJ
A1610030,A161003001,2018-02-14,1355.0,2026-05-31T20:30:42Z,16,Donnée validée,10,Expertisée,20,Bonne,7.384986107,48.102530621,HIXnJ
A1610030,A161003001,2018-02-15,1331.0,2026-05-31T20:30:42Z,16,Donnée validée,10,Expertisée,20,Bonne,7.384986107,48.102530621,HIXnJ
A1610030,A161003001,2018-02-16,1658.0,2026-05-31T20:30:42Z,16,Donnée validée,10,Expertisée,20,Bonne,7.384986107,48.102530621,HIXnJ
A1610030,A161003001,2018-02-17,2374.0,2026-05-31T20:30:42Z,16,Donnée validée,10,Expertisée,20,Bonne,7.384986107,48.102530621,HIXnJ
A1610030,A161003001,2018-02-18,2687.0,2026-05-31T20:30:42Z,16,Donnée validée,10,Expertisée,20,Bonne,7.384986107,48.102530621,HIXnJ
A1610030,A161003001,2018-02-19,2321.0,2026-05-31T20:30:42Z,16,Donnée validée,10,Expertisée,20,Bonne,7.384986107,48.102530621,HIXnJ
A1610030,A161003001,2018-02-20,1910.0,2026-05-31T20:30:42Z,16,Donnée validée,10,Expertisée,20,Bonne,7.384986107,48.102530621,HIXnJ
A1610030,A161003001,2018-02-21,1741.0,2026-05-31T20:30:42Z,16,Donnée validée,10,Expertisée,20,Bonne,7.384986107,48.102530621,HIXnJ
A1610030,A161003001,2018-02-22,1611.0,2026-05-31T20:30:42Z,16,Donnée validée,10,Expertisée,20,Bonne,7.384986107,48.102530621,HIXnJ
A1610030,A161003001,2018-02-23,1535.0,2026-05-31T20:30:42Z,16,Donnée validée,10,Expertisée,20,Bonne,7.384986107,48.102530621,HIXnJ
A1610030,A161003001,2018-02-24,1478.0,2026-05-31T20:30:42Z,16,Donnée validée,10,Expertisée,20,Bonne,7.384986107,48.102530621,HIXnJ
A1610030,A161003001,2018-02-25,1434.0,2026-05-31T20:30:42Z,16,Donnée validée,10,Expertisée,20,Bonne,7.384986107,48.102530621,HIXnJ
A1610030,A161003001,2018-02-26,1387.0,2026-05-31T20:30:42Z,16,Donnée validée,10,Expertisée,20,Bonne,7.384986107,48.102530621,HIXnJ
A1610030,A161003001,2018-02-27,1360.0,2026-05-31T20:30:42Z,16,Donnée validée,10,Expertisée,20,Bonne,7.384986107,48.102530621,HIXnJ
A1610030,A161003001,2018-02-28,1376.0,2026-05-31T20:30:42Z,16,Donnée validée,10,Expertisée,20,Bonne,7.384986107,48.102530621,HIXnJ
A1610030,A161003001,2018-03-01,1344.0,2026-05-31T20:30:42Z,16,Donnée validée,10,Expertisée,20,Bonne,7.384986107,48.102530621,HIXnJ
A1610030,A161003001,2018-03-02,1322.0,2026-05-31T20:30:42Z,16,Donnée validée,10,Expertisée,20,Bonne,7.384986107,48.102530621,HIXnJ
A1610030,A161003001,2018-03-03,1304.0,2026-05-31T20:30:42Z,16,Donnée validée,10,Expertisée,20,Bonne,7.384986107,48.102530621,HIXnJ
A1610030,A161003001,2018-03-04,1304.0,2026-05-31T20:30:42Z,16,Donnée validée,10,Expertisée,20,Bonne,7.384986107,48.102530621,HIXnJ
A1610030,A161003001,2018-03-05,1338.0,2026-05-31T20:30:42Z,16,Donnée validée,10,Expertisée,20,Bonne,7.384986107,48.102530621,HIXnJ
A1610030,A161003001,2018-03-06,1322.0,2026-05-31T20:30:42Z,16,Donnée validée,10,Expertisée,20,Bonne,7.384986107,48.102530621,HIXnJ
A1610030,A161003001,2018-03-07,1312.0,2026-05-31T20:30:42Z,16,Donnée validée,10,Expertisée,20,Bonne,7.384986107,48.102530621,HIXnJ
A1610030,A161003001,2018-03-08,1322.0,2026-05-31T20:30:42Z,16,Donnée validée,10,Expertisée,20,Bonne,7.384986107,48.102530621,HIXnJ
A1610030,A161003001,2018-03-09,1315.0,2026-05-31T20:30:42Z,16,Donnée validée,10,Expertisée,20,Bonne,7.384986107,48.102530621,HIXnJ
A1610030,A161003001,2018-03-10,1355.0,2026-05-31T20:30:42Z,16,Donnée validée,10,Expertisée,20,Bonne,7.384986107,48.102530621,HIXnJ
A1610030,A161003001,2018-03-11,1457.0,2026-05-31T20:30:42Z,16,Donnée validée,10,Expertisée,20,Bonne,7.384986107,48.102530621,HIXnJ
A1610030,A161003001,2018-03-12,1518.0,2026-05-31T20:30:42Z,16,Donnée validée,10,Expertisée,20,Bonne,7.384986107,48.102530621,HIXnJ
A1610030,A161003001,2018-03-13,2035.0,2026-05-31T20:30:42Z,16,Donnée validée,10,Expertisée,20,Bonne,7.384986107,48.102530621,HIXnJ
A1610030,A161003001,2018-03-14,2119.0,2026-05-31T20:30:42Z,16,Donnée validée,10,Expertisée,20,Bonne,7.384986107,48.102530621,HIXnJ
A1610030,A161003001,2018-03-15,2009.0,2026-05-31T20:30:42Z,16,Donnée validée,10,Expertisée,20,Bonne,7.384986107,48.102530621,HIXnJ
A1610030,A161003001,2018-03-16,1816.0,2026-05-31T20:30:42Z,16,Donnée validée,10,Expertisée,20,Bonne,7.384986107,48.102530621,HIXnJ
A1610030,A161003001,2018-03-17,1680.0,2026-05-31T20:30:42Z,16,Donnée validée,10,Expertisée,20,Bonne,7.384986107,48.102530621,HIXnJ
A1610030,A161003001,2018-03-18,1616.0,2026-05-31T20:30:42Z,16,Donnée validée,10,Expertisée,20,Bonne,7.384986107,48.102530621,HIXnJ
A1610030,A161003001,2018-03-19,1579.0,2026-05-31T20:30:42Z,16,Donnée validée,10,Expertisée,20,Bonne,7.384986107,48.102530621,HIXnJ
A1610030,A161003001,2018-03-20,1525.0,2026-05-31T20:30:42Z,16,Donnée validée,10,Expertisée,20,Bonne,7.384986107,48.102530621,HIXnJ
A1610030,A161003001,2018-03-21,1493.0,2026-05-31T20:30:42Z,16,Donnée validée,10,Expertisée,20,Bonne,7.384986107,48.102530621,HIXnJ
A1610030,A161003001,2018-03-22,1453.0,2026-05-31T20:30:42Z,16,Donnée validée,10,Expertisée,20,Bonne,7.384986107,48.102530621,HIXnJ
A1610030,A161003001,2018-03-23,1425.0,2026-05-31T20:30:42Z,16,Donnée validée,10,Expertisée,20,Bonne,7.384986107,48.102530621,HIXnJ
A1610030,A161003001,2018-03-24,1404.0,2026-05-31T20:30:42Z,16,Donnée validée,10,Expertisée,20,Bonne,7.384986107,48.102530621,HIXnJ
A1610030,A161003001,2018-03-25,1378.0,2026-05-31T20:30:42Z,16,Donnée validée,10,Expertisée,20,Bonne,7.384986107,48.102530621,HIXnJ
A1610030,A161003001,2018-03-26,1344.0,2026-05-31T20:30:42Z,16,Donnée validée,10,Expertisée,20,Bonne,7.384986107,48.102530621,HIXnJ
A1610030,A161003001,2018-03-27,1319.0,2026-05-31T20:30:42Z,16,Donnée validée,10,Expertisée,20,Bonne,7.384986107,48.102530621,HIXnJ
A1610030,A161003001,2018-03-28,1397.0,2026-05-31T20:30:42Z,16,Donnée validée,10,Expertisée,20,Bonne,7.384986107,48.102530621,HIXnJ
A1610030,A161003001,2018-03-29,1779.0,2026-05-31T20:30:42Z,16,Donnée validée,10,Expertisée,20,Bonne,7.384986107,48.102530621,HIXnJ
A1610030,A161003001,2018-03-30,1732.0,2026-05-31T20:30:42Z,16,Donnée validée,10,Expertisée,20,Bonne,7.384986107,48.102530621,HIXnJ
A1610030,A161003001,2018-03-31,1691.0,2026-05-31T20:30:42Z,16,Donnée validée,10,Expertisée,20,Bonne,7.384986107,48.102530621,HIXnJ
A1610030,A161003001,2018-04-01,1654.0,2026-05-31T20:30:42Z,16,Donnée validée,10,Expertisée,20,Bonne,7.384986107,48.102530621,HIXnJ
A1610030,A161003001,2018-04-02,1593.0,2026-05-31T20:30:42Z,16,Donnée validée,10,Expertisée,20,Bonne,7.384986107,48.102530621,HIXnJ
A1610030,A161003001,2018-04-03,1534.0,2026-05-31T20:30:42Z,16,Donnée validée,10,Expertisée,20,Bonne,7.384986107,48.102530621,HIXnJ
A1610030,A161003001,2018-04-04,1513.0,2026-05-31T20:30:42Z,16,Donnée validée,10,Expertisée,20,Bonne,7.384986107,48.102530621,HIXnJ
A1610030,A161003001,2018-04-05,1644.0,2026-05-31T20:30:42Z,16,Donnée validée,10,Expertisée,20,Bonne,7.384986107,48.102530621,HIXnJ
A1610030,A161003001,2018-04-06,1643.0,2026-05-31T20:30:42Z,16,Donnée validée,10,Expertisée,20,Bonne,7.384986107,48.102530621,HIXnJ
A1610030,A161003001,2018-04-07,1607.0,2026-05-31T20:30:42Z,16,Donnée validée,10,Expertisée,20,Bonne,7.384986107,48.102530621,HIXnJ
A1610030,A161003001,2018-04-08,1553.0,2026-05-31T20:30:42Z,16,Donnée validée,10,Expertisée,20,Bonne,7.384986107,48.102530621,HIXnJ
A1610030,A161003001,2018-04-09,1519.0,2026-05-31T20:30:42Z,16,Donnée validée,10,Expertisée,20,Bonne,7.384986107,48.102530621,HIXnJ
A1610030,A161003001,2018-04-10,1491.0,2026-05-31T20:30:42Z,16,Donnée validée,10,Expertisée,20,Bonne,7.384986107,48.102530621,HIXnJ
A1610030,A161003001,2018-04-11,1468.0,2026-05-31T20:30:42Z,16,Donnée validée,10,Expertisée,20,Bonne,7.384986107,48.102530621,HIXnJ
A1610030,A161003001,2018-04-12,1421.0,2026-05-31T20:30:42Z,16,Donnée validée,10,Expertisée,20,Bonne,7.384986107,48.102530621,HIXnJ
A1610030,A161003001,2018-04-13,1442.0,2026-05-31T20:30:42Z,16,Donnée validée,10,Expertisée,20,Bonne,7.384986107,48.102530621,HIXnJ
A1610030,A161003001,2018-04-14,1405.0,2026-05-31T20:30:42Z,16,Donnée validée,10,Expertisée,20,Bonne,7.384986107,48.102530621,HIXnJ
A1610030,A161003001,2018-04-15,1346.0,2026-05-31T20:30:42Z,16,Donnée validée,10,Expertisée,20,Bonne,7.384986107,48.102530621,HIXnJ
A1610030,A161003001,2018-04-16,1340.0,2026-05-31T20:30:42Z,16,Donnée validée,10,Expertisée,20,Bonne,7.384986107,48.102530621,HIXnJ
A1610030,A161003001,2018-04-17,1318.0,2026-05-31T20:30:42Z,16,Donnée validée,10,Expertisée,20,Bonne,7.384986107,48.102530621,HIXnJ
A1610030,A161003001,2018-04-18,1286.0,2026-05-31T20:30:42Z,16,Donnée validée,10,Expertisée,20,Bonne,7.384986107,48.102530621,HIXnJ
A1610030,A161003001,2018-04-19,1265.0,2026-05-31T20:30:42Z,16,Donnée validée,10,Expertisée,20,Bonne,7.384986107,48.102530621,HIXnJ
A1610030,A161003001,2018-04-20,1236.0,2026-05-31T20:30:42Z,16,Donnée validée,10,Expertisée,20,Bonne,7.384986107,48.102530621,HIXnJ
A1610030,A161003001,2018-04-21,1217.0,2026-05-31T20:30:42Z,16,Donnée validée,10,Expertisée,20,Bonne,7.384986107,48.102530621,HIXnJ
A1610030,A161003001,2018-04-22,1209.0,2026-05-31T20:30:42Z,16,Donnée validée,10,Expertisée,20,Bonne,7.384986107,48.102530621,HIXnJ
A1610030,A161003001,2018-04-23,1234.0,2026-05-31T20:30:42Z,16,Donnée validée,10,Expertisée,20,Bonne,7.384986107,48.102530621,HIXnJ
A1610030,A161003001,2018-04-24,1216.0,2026-05-31T20:30:42Z,16,Donnée validée,10,Expertisée,20,Bonne,7.384986107,48.102530621,HIXnJ
A1610030,A161003001,2018-04-25,1196.0,2026-05-31T20:30:42Z,16,Donnée validée,10,Expertisée,20,Bonne,7.384986107,48.102530621,HIXnJ
A1610030,A161003001,2018-04-26,1178.0,2026-05-31T20:30:42Z,16,Donnée validée,10,Expertisée,20,Bonne,7.384986107,48.102530621,HIXnJ
A1610030,A161003001,2018-04-27,1167.0,2026-05-31T20:30:42Z,16,Donnée validée,10,Expertisée,20,Bonne,7.384986107,48.102530621,HIXnJ
A1610030,A161003001,2018-04-28,1157.0,2026-05-31T20:30:42Z,16,Donnée validée,10,Expertisée,20,Bonne,7.384986107,48.102530621,HIXnJ
A1610030,A161003001,2018-04-29,1160.0,2026-05-31T20:30:42Z,16,Donnée validée,10,Expertisée,20,Bonne,7.384986107,48.102530621,HIXnJ
A1610030,A161003001,2018-04-30,1150.0,2026-05-31T20:30:42Z,16,Donnée validée,10,Expertisée,20,Bonne,7.384986107,48.102530621,HIXnJ
A1610030,A161003001,2018-05-01,1140.0,2026-05-31T20:30:42Z,16,Donnée validée,10,Expertisée,20,Bonne,7.384986107,48.102530621,HIXnJ
A1610030,A161003001,2018-05-02,1125.0,2026-05-31T20:30:42Z,16,Donnée validée,10,Expertisée,20,Bonne,7.384986107,48.102530621,HIXnJ
A1610030,A161003001,2018-05-03,1162.0,2026-05-31T20:30:42Z,16,Donnée validée,10,Expertisée,20,Bonne,7.384986107,48.102530621,HIXnJ
A1610030,A161003001,2018-05-04,1157.0,2026-05-31T20:30:42Z,16,Donnée validée,10,Expertisée,20,Bonne,7.384986107,48.102530621,HIXnJ
A1610030,A161003001,2018-05-05,1145.0,2026-05-31T20:30:42Z,16,Donnée validée,10,Expertisée,20,Bonne,7.384986107,48.102530621,HIXnJ
A1610030,A161003001,2018-05-06,1129.0,2026-05-31T20:30:42Z,16,Donnée validée,10,Expertisée,20,Bonne,7.384986107,48.102530621,HIXnJ
A1610030,A161003001,2018-05-07,1123.0,2026-05-31T20:30:42Z,16,Donnée validée,10,Expertisée,20,Bonne,7.384986107,48.102530621,HIXnJ
A1610030,A161003001,2018-05-08,1107.0,2026-05-31T20:30:42Z,16,Donnée validée,10,Expertisée,20,Bonne,7.384986107,48.102530621,HIXnJ
A1610030,A161003001,2018-05-09,1095.0,2026-05-31T20:30:42Z,16,Donnée validée,10,Expertisée,20,Bonne,7.384986107,48.102530621,HIXnJ
A1610030,A161003001,2018-05-10,1235.0,2026-05-31T20:30:42Z,16,Donnée validée,10,Expertisée,20,Bonne,7.384986107,48.102530621,HIXnJ
A1610030,A161003001,2018-05-11,1191.0,2026-05-31T20:30:42Z,16,Donnée validée,10,Expertisée,20,Bonne,7.384986107,48.102530621,HIXnJ
A1610030,A161003001,2018-05-12,1166.0,2026-05-31T20:30:42Z,16,Donnée validée,10,Expertisée,20,Bonne,7.384986107,48.102530621,HIXnJ
A1610030,A161003001,2018-05-13,1187.0,2026-05-31T20:30:42Z,16,Donnée validée,10,Expertisée,20,Bonne,7.384986107,48.102530621,HIXnJ
A1610030,A161003001,2018-05-14,1450.0,2026-05-31T20:30:42Z,16,Donnée validée,10,Expertisée,20,Bonne,7.384986107,48.102530621,HIXnJ
A1610030,A161003001,2018-05-15,1477.0,2026-05-31T20:30:42Z,16,Donnée validée,10,Expertisée,20,Bonne,7.384986107,48.102530621,HIXnJ
A1610030,A161003001,2018-05-16,1448.0,2026-05-31T20:30:42Z,16,Donnée validée,10,Expertisée,20,Bonne,7.384986107,48.102530621,HIXnJ
A1610030,A161003001,2018-05-17,1398.0,2026-05-31T20:30:42Z,16,Donnée validée,10,Expertisée,20,Bonne,7.384986107,48.102530621,HIXnJ
A1610030,A161003001,2018-05-18,1333.0,2026-05-31T20:30:42Z,16,Donnée validée,10,Expertisée,20,Bonne,7.384986107,48.102530621,HIXnJ
A1610030,A161003001,2018-05-19,1262.0,2026-05-31T20:30:42Z,16,Donnée validée,10,Expertisée,20,Bonne,7.384986107,48.102530621,HIXnJ
A1610030,A161003001,2018-05-20,1236.0,2026-05-31T20:30:42Z,16,Donnée validée,10,Expertisée,20,Bonne,7.384986107,48.102530621,HIXnJ
A1610030,A161003001,2018-05-21,1260.0,2026-05-31T20:30:42Z,16,Donnée validée,10,Expertisée,20,Bonne,7.384986107,48.102530621,HIXnJ
A1610030,A161003001,2018-05-22,1198.0,2026-05-31T20:30:42Z,16,Donnée validée,10,Expertisée,20,Bonne,7.384986107,48.102530621,HIXnJ
A1610030,A161003001,2018-05-23,1187.0,2026-05-31T20:30:42Z,16,Donnée validée,10,Expertisée,20,Bonne,7.384986107,48.102530621,HIXnJ
A1610030,A161003001,2018-05-24,1241.0,2026-05-31T20:30:42Z,16,Donnée validée,10,Expertisée,20,Bonne,7.384986107,48.102530621,HIXnJ
A1610030,A161003001,2018-05-25,1226.0,2026-05-31T20:30:42Z,16,Donnée validée,10,Expertisée,20,Bonne,7.384986107,48.102530621,HIXnJ
A1610030,A161003001,2018-05-26,1184.0,2026-05-31T20:30:42Z,16,Donnée validée,10,Expertisée,20,Bonne,7.384986107,48.102530621,HIXnJ
A1610030,A161003001,2018-05-27,1144.0,2026-05-31T20:30:42Z,16,Donnée validée,10,Expertisée,20,Bonne,7.384986107,48.102530621,HIXnJ
A1610030,A161003001,2018-05-28,1158.0,2026-05-31T20:30:42Z,16,Donnée validée,10,Expertisée,20,Bonne,7.384986107,48.102530621,HIXnJ
A1610030,A161003001,2018-05-29,1156.0,2026-05-31T20:30:42Z,16,Donnée validée,10,Expertisée,20,Bonne,7.384986107,48.102530621,HIXnJ
A1610030,A161003001,2018-05-30,1301.0,2026-05-31T20:30:42Z,16,Donnée validée,10,Expertisée,20,Bonne,7.384986107,48.102530621,HIXnJ
A1610030,A161003001,2018-05-31,1774.0,2026-05-31T20:30:42Z,16,Donnée validée,10,Expertisée,20,Bonne,7.384986107,48.102530621,HIXnJ
A1610030,A161003001,2018-06-01,1599.0,2026-05-31T20:30:42Z,16,Donnée validée,10,Expertisée,20,Bonne,7.384986107,48.102530621,HIXnJ
A1610030,A161003001,2018-06-02,1365.0,2026-05-31T20:30:42Z,16,Donnée validée,10,Expertisée,20,Bonne,7.384986107,48.102530621,HIXnJ
A1610030,A161003001,2018-06-03,1278.0,2026-05-31T20:30:42Z,16,Donnée validée,10,Expertisée,20,Bonne,7.384986107,48.102530621,HIXnJ
A1610030,A161003001,2018-06-04,1239.0,2026-05-31T20:30:42Z,16,Donnée validée,10,Expertisée,20,Bonne,7.384986107,48.102530621,HIXnJ
A1610030,A161003001,2018-06-05,2238.0,2026-05-31T20:30:42Z,16,Donnée validée,10,Expertisée,20,Bonne,7.384986107,48.102530621,HIXnJ
A1610030,A161003001,2018-06-06,2144.0,2026-05-31T20:30:42Z,16,Donnée validée,10,Expertisée,20,Bonne,7.384986107,48.102530621,HIXnJ
A1610030,A161003001,2018-06-07,1671.0,2026-05-31T20:30:42Z,16,Donnée validée,10,Expertisée,20,Bonne,7.384986107,48.102530621,HIXnJ
A1610030,A161003001,2018-06-08,1392.0,2026-05-31T20:30:42Z,16,Donnée validée,10,Expertisée,20,Bonne,7.384986107,48.102530621,HIXnJ
A1610030,A161003001,2018-06-09,1694.0,2026-05-31T20:30:42Z,16,Donnée validée,10,Expertisée,20,Bonne,7.384986107,48.102530621,HIXnJ
A1610030,A161003001,2018-06-10,1737.0,2026-05-31T20:30:42Z,16,Donnée validée,10,Expertisée,20,Bonne,7.384986107,48.102530621,HIXnJ
A1610030,A161003001,2018-06-11,1529.0,2026-05-31T20:30:42Z,16,Donnée validée,10,Expertisée,20,Bonne,7.384986107,48.102530621,HIXnJ
A1610030,A161003001,2018-06-12,1595.0,2026-05-31T20:30:42Z,16,Donnée validée,10,Expertisée,20,Bonne,7.384986107,48.102530621,HIXnJ
A1610030,A161003001,2018-06-13,1927.0,2026-05-31T20:30:42Z,16,Donnée validée,10,Expertisée,20,Bonne,7.384986107,48.102530621,HIXnJ
A1610030,A161003001,2018-06-14,1884.0,2026-05-31T20:30:42Z,16,Donnée validée,10,Expertisée,20,Bonne,7.384986107,48.102530621,HIXnJ
A1610030,A161003001,2018-06-15,1548.0,2026-05-31T20:30:42Z,16,Donnée validée,10,Expertisée,20,Bonne,7.384986107,48.102530621,HIXnJ
A1610030,A161003001,2018-06-16,1408.0,2026-05-31T20:30:42Z,16,Donnée validée,10,Expertisée,20,Bonne,7.384986107,48.102530621,HIXnJ
A1610030,A161003001,2018-06-17,1343.0,2026-05-31T20:30:42Z,16,Donnée validée,10,Expertisée,20,Bonne,7.384986107,48.102530621,HIXnJ
A1610030,A161003001,2018-06-18,1265.0,2026-05-31T20:30:42Z,16,Donnée validée,10,Expertisée,20,Bonne,7.384986107,48.102530621,HIXnJ
A1610030,A161003001,2018-06-19,1253.0,2026-05-31T20:30:42Z,16,Donnée validée,10,Expertisée,20,Bonne,7.384986107,48.102530621,HIXnJ
A1610030,A161003001,2018-06-20,1227.0,2026-05-31T20:30:42Z,16,Donnée validée,10,Expertisée,20,Bonne,7.384986107,48.102530621,HIXnJ
A1610030,A161003001,2018-06-21,1203.0,2026-05-31T20:30:42Z,16,Donnée validée,10,Expertisée,20,Bonne,7.384986107,48.102530621,HIXnJ
A1610030,A161003001,2018-06-22,1182.0,2026-05-31T20:30:42Z,16,Donnée validée,10,Expertisée,20,Bonne,7.384986107,48.102530621,HIXnJ
A1610030,A161003001,2018-06-23,1168.0,2026-05-31T20:30:42Z,16,Donnée validée,10,Expertisée,20,Bonne,7.384986107,48.102530621,HIXnJ
A1610030,A161003001,2018-06-24,1159.0,2026-05-31T20:30:42Z,16,Donnée validée,10,Expertisée,20,Bonne,7.384986107,48.102530621,HIXnJ
A1610030,A161003001,2018-06-25,1150.0,2026-05-31T20:30:42Z,16,Donnée validée,10,Expertisée,20,Bonne,7.384986107,48.102530621,HIXnJ
A1610030,A161003001,2018-06-26,1142.0,2026-05-31T20:30:42Z,16,Donnée validée,10,Expertisée,20,Bonne,7.384986107,48.102530621,HIXnJ
A1610030,A161003001,2018-06-27,1133.0,2026-05-31T20:30:42Z,16,Donnée validée,10,Expertisée,20,Bonne,7.384986107,48.102530621,HIXnJ
A1610030,A161003001,2018-06-28,1147.0,2026-05-31T20:30:42Z,16,Donnée validée,10,Expertisée,20,Bonne,7.384986107,48.102530621,HIXnJ
A1610030,A161003001,2018-06-29,1141.0,2026-05-31T20:30:42Z,16,Donnée validée,10,Expertisée,20,Bonne,7.384986107,48.102530621,HIXnJ
A1610030,A161003001,2018-06-30,1148.0,2026-05-31T20:30:42Z,16,Donnée validée,10,Expertisée,20,Bonne,7.384986107,48.102530621,HIXnJ
A1610030,A161003001,2018-07-01,1139.0,2026-05-31T20:30:42Z,16,Donnée validée,10,Expertisée,20,Bonne,7.384986107,48.102530621,HIXnJ
A1610030,A161003001,2018-07-02,1131.0,2026-05-31T20:30:42Z,16,Donnée validée,10,Expertisée,20,Bonne,7.384986107,48.102530621,HIXnJ
A1610030,A161003001,2018-07-03,1127.0,2026-05-31T20:30:42Z,16,Donnée validée,10,Expertisée,20,Bonne,7.384986107,48.102530621,HIXnJ
A1610030,A161003001,2018-07-04,1141.0,2026-05-31T20:30:42Z,16,Donnée validée,10,Expertisée,20,Bonne,7.384986107,48.102530621,HIXnJ
A1610030,A161003001,2018-07-05,1175.0,2026-05-31T20:30:42Z,16,Donnée validée,10,Expertisée,20,Bonne,7.384986107,48.102530621,HIXnJ
A1610030,A161003001,2018-07-06,1176.0,2026-05-31T20:30:42Z,16,Donnée validée,10,Expertisée,20,Bonne,7.384986107,48.102530621,HIXnJ
A1610030,A161003001,2018-07-07,1213.0,2026-05-31T20:30:42Z,16,Donnée validée,10,Expertisée,20,Bonne,7.384986107,48.102530621,HIXnJ
A1610030,A161003001,2018-07-08,1176.0,2026-05-31T20:30:42Z,16,Donnée validée,10,Expertisée,20,Bonne,7.384986107,48.102530621,HIXnJ
A1610030,A161003001,2018-07-09,1146.0,2026-05-31T20:30:42Z,16,Donnée validée,10,Expertisée,20,Bonne,7.384986107,48.102530621,HIXnJ
A1610030,A161003001,2018-07-10,1127.0,2026-05-31T20:30:42Z,16,Donnée validée,10,Expertisée,20,Bonne,7.384986107,48.102530621,HIXnJ
A1610030,A161003001,2018-07-11,1128.0,2026-05-31T20:30:42Z,16,Donnée validée,10,Expertisée,20,Bonne,7.384986107,48.102530621,HIXnJ
A1610030,A161003001,2018-07-12,1136.0,2026-05-31T20:30:42Z,16,Donnée validée,10,Expertisée,20,Bonne,7.384986107,48.102530621,HIXnJ
A1610030,A161003001,2018-07-13,1139.0,2026-05-31T20:30:42Z,16,Donnée validée,10,Expertisée,20,Bonne,7.384986107,48.102530621,HIXnJ
A1610030,A161003001,2018-07-14,1140.0,2026-05-31T20:30:42Z,16,Donnée validée,10,Expertisée,20,Bonne,7.384986107,48.102530621,HIXnJ
A1610030,A161003001,2018-07-15,1136.0,2026-05-31T20:30:42Z,16,Donnée validée,10,Expertisée,20,Bonne,7.384986107,48.102530621,HIXnJ
A1610030,A161003001,2018-07-16,1147.0,2026-05-31T20:30:42Z,16,Donnée validée,10,Expertisée,20,Bonne,7.384986107,48.102530621,HIXnJ
A1610030,A161003001,2018-07-17,1113.0,2026-05-31T20:30:42Z,16,Donnée validée,10,Expertisée,20,Bonne,7.384986107,48.102530621,HIXnJ
A1610030,A161003001,2018-07-18,1090.0,2026-05-31T20:30:42Z,16,Donnée validée,10,Expertisée,20,Bonne,7.384986107,48.102530621,HIXnJ
A1610030,A161003001,2018-07-19,1059.0,2026-05-31T20:30:42Z,16,Donnée validée,10,Expertisée,20,Bonne,7.384986107,48.102530621,HIXnJ
A1610030,A161003001,2018-07-20,1258.0,2026-05-31T20:30:42Z,16,Donnée validée,10,Expertisée,20,Bonne,7.384986107,48.102530621,HIXnJ
A1610030,A161003001,2018-07-21,1189.0,2026-05-31T20:30:42Z,16,Donnée validée,10,Expertisée,20,Bonne,7.384986107,48.102530621,HIXnJ
A1610030,A161003001,2018-07-22,1182.0,2026-05-31T20:30:42Z,16,Donnée validée,10,Expertisée,20,Bonne,7.384986107,48.102530621,HIXnJ
A1610030,A161003001,2018-07-23,1134.0,2026-05-31T20:30:42Z,16,Donnée validée,10,Expertisée,20,Bonne,7.384986107,48.102530621,HIXnJ
A1610030,A161003001,2018-07-24,1112.0,2026-05-31T20:30:42Z,16,Donnée validée,10,Expertisée,20,Bonne,7.384986107,48.102530621,HIXnJ
A1610030,A161003001,2018-07-25,1095.0,2026-05-31T20:30:42Z,16,Donnée validée,10,Expertisée,20,Bonne,7.384986107,48.102530621,HIXnJ
A1610030,A161003001,2018-07-26,1094.0,2026-05-31T20:30:42Z,16,Donnée validée,10,Expertisée,20,Bonne,7.384986107,48.102530621,HIXnJ
A1610030,A161003001,2018-07-27,1083.0,2026-05-31T20:30:42Z,16,Donnée validée,10,Expertisée,20,Bonne,7.384986107,48.102530621,HIXnJ
A1610030,A161003001,2018-07-28,1083.0,2026-05-31T20:30:42Z,16,Donnée validée,10,Expertisée,20,Bonne,7.384986107,48.102530621,HIXnJ
A1610030,A161003001,2018-07-29,1089.0,2026-05-31T20:30:42Z,16,Donnée validée,10,Expertisée,20,Bonne,7.384986107,48.102530621,HIXnJ
A1610030,A161003001,2018-07-30,1090.0,2026-05-31T20:30:42Z,16,Donnée validée,10,Expertisée,20,Bonne,7.384986107,48.102530621,HIXnJ
A1610030,A161003001,2018-07-31,1073.0,2026-05-31T20:30:42Z,16,Donnée validée,10,Expertisée,20,Bonne,7.384986107,48.102530621,HIXnJ
A1610030,A161003001,2018-08-01,1060.0,2026-05-31T20:30:42Z,16,Donnée validée,10,Expertisée,20,Bonne,7.384986107,48.102530621,HIXnJ
A1610030,A161003001,2018-08-02,1073.0,2026-05-31T20:30:42Z,16,Donnée validée,10,Expertisée,20,Bonne,7.384986107,48.102530621,HIXnJ
A1610030,A161003001,2018-08-03,1080.0,2026-05-31T20:30:42Z,16,Donnée validée,10,Expertisée,20,Bonne,7.384986107,48.102530621,HIXnJ
A1610030,A161003001,2018-08-04,1062.0,2026-05-31T20:30:42Z,16,Donnée validée,10,Expertisée,20,Bonne,7.384986107,48.102530621,HIXnJ
A1610030,A161003001,2018-08-05,1047.0,2026-05-31T20:30:42Z,16,Donnée validée,10,Expertisée,20,Bonne,7.384986107,48.102530621,HIXnJ
A1610030,A161003001,2018-08-06,1044.0,2026-05-31T20:30:42Z,16,Donnée validée,10,Expertisée,20,Bonne,7.384986107,48.102530621,HIXnJ
A1610030,A161003001,2018-08-07,1049.0,2026-05-31T20:30:42Z,16,Donnée validée,10,Expertisée,20,Bonne,7.384986107,48.102530621,HIXnJ
A1610030,A161003001,2018-08-08,1090.0,2026-05-31T20:30:42Z,16,Donnée validée,10,Expertisée,20,Bonne,7.384986107,48.102530621,HIXnJ
A1610030,A161003001,2018-08-09,1088.0,2026-05-31T20:30:42Z,16,Donnée validée,10,Expertisée,20,Bonne,7.384986107,48.102530621,HIXnJ
A1610030,A161003001,2018-08-10,1073.0,2026-05-31T20:30:42Z,16,Donnée validée,10,Expertisée,20,Bonne,7.384986107,48.102530621,HIXnJ
A1610030,A161003001,2018-08-11,1077.0,2026-05-31T20:30:42Z,16,Donnée validée,10,Expertisée,20,Bonne,7.384986107,48.102530621,HIXnJ
A1610030,A161003001,2018-08-12,1077.0,2026-05-31T20:30:42Z,16,Donnée validée,10,Expertisée,20,Bonne,7.384986107,48.102530621,HIXnJ
A1610030,A161003001,2018-08-13,1085.0,2026-05-31T20:30:42Z,16,Donnée validée,10,Expertisée,20,Bonne,7.384986107,48.102530621,HIXnJ
A1610030,A161003001,2018-08-14,1091.0,2026-05-31T20:30:42Z,16,Donnée validée,10,Expertisée,20,Bonne,7.384986107,48.102530621,HIXnJ
A1610030,A161003001,2018-08-15,1112.0,2026-05-31T20:30:42Z,16,Donnée validée,10,Expertisée,20,Bonne,7.384986107,48.102530621,HIXnJ
A1610030,A161003001,2018-08-16,1093.0,2026-05-31T20:30:42Z,16,Donnée validée,10,Expertisée,20,Bonne,7.384986107,48.102530621,HIXnJ
A1610030,A161003001,2018-08-17,1255.0,2026-05-31T20:30:42Z,16,Donnée validée,10,Expertisée,20,Bonne,7.384986107,48.102530621,HIXnJ
A1610030,A161003001,2018-08-18,1104.0,2026-05-31T20:30:42Z,16,Donnée validée,10,Expertisée,20,Bonne,7.384986107,48.102530621,HIXnJ
A1610030,A161003001,2018-08-19,1090.0,2026-05-31T20:30:42Z,16,Donnée validée,10,Expertisée,20,Bonne,7.384986107,48.102530621,HIXnJ
A1610030,A161003001,2018-08-20,1085.0,2026-05-31T20:30:42Z,16,Donnée validée,10,Expertisée,20,Bonne,7.384986107,48.102530621,HIXnJ
A1610030,A161003001,2018-08-21,1084.0,2026-05-31T20:30:42Z,16,Donnée validée,10,Expertisée,20,Bonne,7.384986107,48.102530621,HIXnJ
A1610030,A161003001,2018-08-22,1086.0,2026-05-31T20:30:42Z,16,Donnée validée,10,Expertisée,20,Bonne,7.384986107,48.102530621,HIXnJ
A1610030,A161003001,2018-08-23,1227.0,2026-05-31T20:30:42Z,16,Donnée validée,10,Expertisée,20,Bonne,7.384986107,48.102530621,HIXnJ
A1610030,A161003001,2018-08-24,1094.0,2026-05-31T20:30:42Z,16,Donnée validée,10,Expertisée,20,Bonne,7.384986107,48.102530621,HIXnJ
A1610030,A161003001,2018-08-25,1101.0,2026-05-31T20:30:42Z,16,Donnée validée,10,Expertisée,20,Bonne,7.384986107,48.102530621,HIXnJ
A1610030,A161003001,2018-08-26,1113.0,2026-05-31T20:30:42Z,16,Donnée validée,10,Expertisée,20,Bonne,7.384986107,48.102530621,HIXnJ
A1610030,A161003001,2018-08-27,1109.0,2026-05-31T20:30:42Z,16,Donnée validée,10,Expertisée,20,Bonne,7.384986107,48.102530621,HIXnJ
A1610030,A161003001,2018-08-28,1103.0,2026-05-31T20:30:42Z,16,Donnée validée,10,Expertisée,20,Bonne,7.384986107,48.102530621,HIXnJ
A1610030,A161003001,2018-08-29,1103.0,2026-05-31T20:30:42Z,16,Donnée validée,10,Expertisée,20,Bonne,7.384986107,48.102530621,HIXnJ
A1610030,A161003001,2018-08-30,1138.0,2026-05-31T20:30:42Z,16,Donnée validée,10,Expertisée,20,Bonne,7.384986107,48.102530621,HIXnJ
A1610030,A161003001,2018-08-31,1157.0,2026-05-31T20:30:42Z,16,Donnée validée,10,Expertisée,20,Bonne,7.384986107,48.102530621,HIXnJ
A1610030,A161003001,2018-09-01,1156.0,2026-05-31T20:30:42Z,16,Donnée validée,10,Expertisée,20,Bonne,7.384986107,48.102530621,HIXnJ
A1610030,A161003001,2018-09-02,1147.0,2026-05-31T20:30:42Z,16,Donnée validée,10,Expertisée,20,Bonne,7.384986107,48.102530621,HIXnJ
A1610030,A161003001,2018-09-03,1130.0,2026-05-31T20:30:42Z,16,Donnée validée,10,Expertisée,20,Bonne,7.384986107,48.102530621,HIXnJ
A1610030,A161003001,2018-09-04,1125.0,2026-05-31T20:30:42Z,16,Donnée validée,10,Expertisée,20,Bonne,7.384986107,48.102530621,HIXnJ
A1610030,A161003001,2018-09-05,1124.0,2026-05-31T20:30:42Z,16,Donnée validée,10,Expertisée,20,Bonne,7.384986107,48.102530621,HIXnJ
A1610030,A161003001,2018-09-06,1123.0,2026-05-31T20:30:42Z,16,Donnée validée,10,Expertisée,20,Bonne,7.384986107,48.102530621,HIXnJ
A1610030,A161003001,2018-09-07,1124.0,2026-05-31T20:30:42Z,16,Donnée validée,10,Expertisée,20,Bonne,7.384986107,48.102530621,HIXnJ
A1610030,A161003001,2018-09-08,1119.0,2026-05-31T20:30:42Z,16,Donnée validée,10,Expertisée,20,Bonne,7.384986107,48.102530621,HIXnJ
A1610030,A161003001,2018-09-09,1117.0,2026-05-31T20:30:42Z,16,Donnée validée,10,Expertisée,20,Bonne,7.384986107,48.102530621,HIXnJ
A1610030,A161003001,2018-09-10,1116.0,2026-05-31T20:30:42Z,16,Donnée validée,10,Expertisée,20,Bonne,7.384986107,48.102530621,HIXnJ
A1610030,A161003001,2018-09-11,1110.0,2026-05-31T20:30:42Z,16,Donnée validée,10,Expertisée,20,Bonne,7.384986107,48.102530621,HIXnJ
A1610030,A161003001,2018-09-12,1110.0,2026-05-31T20:30:42Z,16,Donnée validée,10,Expertisée,20,Bonne,7.384986107,48.102530621,HIXnJ
A1610030,A161003001,2018-09-13,1211.0,2026-05-31T20:30:42Z,16,Donnée validée,10,Expertisée,20,Bonne,7.384986107,48.102530621,HIXnJ
A1610030,A161003001,2018-09-14,1180.0,2026-05-31T20:30:42Z,16,Donnée validée,10,Expertisée,20,Bonne,7.384986107,48.102530621,HIXnJ
A1610030,A161003001,2018-09-15,1140.0,2026-05-31T20:30:42Z,16,Donnée validée,10,Expertisée,20,Bonne,7.384986107,48.102530621,HIXnJ
A1610030,A161003001,2018-09-16,1125.0,2026-05-31T20:30:42Z,16,Donnée validée,10,Expertisée,20,Bonne,7.384986107,48.102530621,HIXnJ
A1610030,A161003001,2018-09-17,1124.0,2026-05-31T20:30:42Z,16,Donnée validée,10,Expertisée,20,Bonne,7.384986107,48.102530621,HIXnJ
A1610030,A161003001,2018-09-18,1362.0,2026-05-31T20:30:42Z,16,Donnée validée,10,Expertisée,20,Bonne,7.384986107,48.102530621,HIXnJ
A1610030,A161003001,2018-09-19,1163.0,2026-05-31T20:30:42Z,16,Donnée validée,10,Expertisée,20,Bonne,7.384986107,48.102530621,HIXnJ
A1610030,A161003001,2018-09-20,1130.0,2026-05-31T20:30:42Z,16,Donnée validée,10,Expertisée,20,Bonne,7.384986107,48.102530621,HIXnJ
A1610030,A161003001,2018-09-21,1126.0,2026-05-31T20:30:42Z,16,Donnée validée,10,Expertisée,20,Bonne,7.384986107,48.102530621,HIXnJ
A1610030,A161003001,2018-09-22,1124.0,2026-05-31T20:30:42Z,16,Donnée validée,10,Expertisée,20,Bonne,7.384986107,48.102530621,HIXnJ
A1610030,A161003001,2018-09-23,1229.0,2026-05-31T20:30:42Z,16,Donnée validée,10,Expertisée,20,Bonne,7.384986107,48.102530621,HIXnJ
A1610030,A161003001,2018-09-24,1189.0,2026-05-31T20:30:42Z,16,Donnée validée,10,Expertisée,20,Bonne,7.384986107,48.102530621,HIXnJ
A1610030,A161003001,2018-09-25,1156.0,2026-05-31T20:30:42Z,16,Donnée validée,10,Expertisée,20,Bonne,7.384986107,48.102530621,HIXnJ
A1610030,A161003001,2018-09-26,1145.0,2026-05-31T20:30:42Z,16,Donnée validée,10,Expertisée,20,Bonne,7.384986107,48.102530621,HIXnJ
A1610030,A161003001,2018-09-27,1135.0,2026-05-31T20:30:42Z,16,Donnée validée,10,Expertisée,20,Bonne,7.384986107,48.102530621,HIXnJ
A1610030,A161003001,2018-09-28,1134.0,2026-05-31T20:30:42Z,16,Donnée validée,10,Expertisée,20,Bonne,7.384986107,48.102530621,HIXnJ
A1610030,A161003001,2018-09-29,1125.0,2026-05-31T20:30:42Z,16,Donnée validée,10,Expertisée,20,Bonne,7.384986107,48.102530621,HIXnJ
A1610030,A161003001,2018-09-30,1128.0,2026-05-31T20:30:42Z,16,Donnée validée,10,Expertisée,20,Bonne,7.384986107,48.102530621,HIXnJ
A1610030,A161003001,2018-10-01,1127.0,2026-05-31T20:30:42Z,16,Donnée validée,10,Expertisée,20,Bonne,7.384986107,48.102530621,HIXnJ
A1610030,A161003001,2018-10-02,1111.0,2026-05-31T20:30:42Z,16,Donnée validée,10,Expertisée,20,Bonne,7.384986107,48.102530621,HIXnJ
A1610030,A161003001,2018-10-03,1113.0,2026-05-31T20:30:42Z,16,Donnée validée,10,Expertisée,20,Bonne,7.384986107,48.102530621,HIXnJ
A1610030,A161003001,2018-10-04,1114.0,2026-05-31T20:30:42Z,16,Donnée validée,10,Expertisée,20,Bonne,7.384986107,48.102530621,HIXnJ
A1610030,A161003001,2018-10-05,1113.0,2026-05-31T20:30:42Z,16,Donnée validée,10,Expertisée,20,Bonne,7.384986107,48.102530621,HIXnJ
A1610030,A161003001,2018-10-06,1109.0,2026-05-31T20:30:42Z,16,Donnée validée,10,Expertisée,20,Bonne,7.384986107,48.102530621,HIXnJ
A1610030,A161003001,2018-10-07,1107.0,2026-05-31T20:30:42Z,16,Donnée validée,10,Expertisée,20,Bonne,7.384986107,48.102530621,HIXnJ
A1610030,A161003001,2018-10-08,1115.0,2026-05-31T20:30:42Z,16,Donnée validée,10,Expertisée,20,Bonne,7.384986107,48.102530621,HIXnJ
A1610030,A161003001,2018-10-09,1118.0,2026-05-31T20:30:42Z,16,Donnée validée,10,Expertisée,20,Bonne,7.384986107,48.102530621,HIXnJ
A1610030,A161003001,2018-10-10,1114.0,2026-05-31T20:30:42Z,16,Donnée validée,10,Expertisée,20,Bonne,7.384986107,48.102530621,HIXnJ
A1610030,A161003001,2018-10-11,1108.0,2026-05-31T20:30:42Z,16,Donnée validée,10,Expertisée,20,Bonne,7.384986107,48.102530621,HIXnJ
A1610030,A161003001,2018-10-12,1106.0,2026-05-31T20:30:42Z,16,Donnée validée,10,Expertisée,20,Bonne,7.384986107,48.102530621,HIXnJ
A1610030,A161003001,2018-10-13,1104.0,2026-05-31T20:30:42Z,16,Donnée validée,10,Expertisée,20,Bonne,7.384986107,48.102530621,HIXnJ
A1610030,A161003001,2018-10-14,1106.0,2026-05-31T20:30:42Z,16,Donnée validée,10,Expertisée,20,Bonne,7.384986107,48.102530621,HIXnJ
A1610030,A161003001,2018-10-15,1106.0,2026-05-31T20:30:42Z,16,Donnée validée,10,Expertisée,20,Bonne,7.384986107,48.102530621,HIXnJ
A1610030,A161003001,2018-10-16,1106.0,2026-05-31T20:30:42Z,16,Donnée validée,10,Expertisée,20,Bonne,7.384986107,48.102530621,HIXnJ
A1610030,A161003001,2018-10-17,1142.0,2026-05-31T20:30:42Z,16,Donnée validée,10,Expertisée,20,Bonne,7.384986107,48.102530621,HIXnJ
A1610030,A161003001,2018-10-18,1067.0,2026-05-31T20:30:42Z,16,Donnée validée,10,Expertisée,20,Bonne,7.384986107,48.102530621,HIXnJ
A1610030,A161003001,2018-10-19,1072.0,2026-05-31T20:30:42Z,16,Donnée validée,10,Expertisée,20,Bonne,7.384986107,48.102530621,HIXnJ
A1610030,A161003001,2018-10-20,1074.0,2026-05-31T20:30:42Z,16,Donnée validée,10,Expertisée,20,Bonne,7.384986107,48.102530621,HIXnJ
A1610030,A161003001,2018-10-21,1072.0,2026-05-31T20:30:42Z,16,Donnée validée,10,Expertisée,20,Bonne,7.384986107,48.102530621,HIXnJ
A1610030,A161003001,2018-10-22,1085.0,2026-05-31T20:30:42Z,16,Donnée validée,10,Expertisée,20,Bonne,7.384986107,48.102530621,HIXnJ
A1610030,A161003001,2018-10-23,1067.0,2026-05-31T20:30:42Z,16,Donnée validée,10,Expertisée,20,Bonne,7.384986107,48.102530621,HIXnJ
A1610030,A161003001,2018-10-24,1081.0,2026-05-31T20:30:42Z,16,Donnée validée,10,Expertisée,20,Bonne,7.384986107,48.102530621,HIXnJ
A1610030,A161003001,2018-10-25,1055.0,2026-05-31T20:30:42Z,16,Donnée validée,10,Expertisée,20,Bonne,7.384986107,48.102530621,HIXnJ
A1610030,A161003001,2018-10-26,1040.0,2026-05-31T20:30:42Z,16,Donnée validée,10,Expertisée,20,Bonne,7.384986107,48.102530621,HIXnJ
A1610030,A161003001,2018-10-27,1041.0,2026-05-31T20:30:42Z,16,Donnée validée,10,Expertisée,20,Bonne,7.384986107,48.102530621,HIXnJ
A1610030,A161003001,2018-10-28,1139.0,2026-05-31T20:30:42Z,16,Donnée validée,10,Expertisée,20,Bonne,7.384986107,48.102530621,HIXnJ
A1610030,A161003001,2018-10-29,1139.0,2026-05-31T20:30:42Z,16,Donnée validée,10,Expertisée,20,Bonne,7.384986107,48.102530621,HIXnJ
A1610030,A161003001,2018-10-30,1106.0,2026-05-31T20:30:42Z,16,Donnée validée,10,Expertisée,20,Bonne,7.384986107,48.102530621,HIXnJ
A1610030,A161003001,2018-10-31,1077.0,2026-05-31T20:30:42Z,16,Donnée validée,10,Expertisée,20,Bonne,7.384986107,48.102530621,HIXnJ
A1610030,A161003001,2018-11-01,1088.0,2026-05-31T20:30:42Z,16,Donnée validée,10,Expertisée,20,Bonne,7.384986107,48.102530621,HIXnJ
A1610030,A161003001,2018-11-02,1084.0,2026-05-31T20:30:42Z,16,Donnée validée,10,Expertisée,20,Bonne,7.384986107,48.102530621,HIXnJ
A1610030,A161003001,2018-11-03,1078.0,2026-05-31T20:30:42Z,16,Donnée validée,10,Expertisée,20,Bonne,7.384986107,48.102530621,HIXnJ
A1610030,A161003001,2018-11-04,1081.0,2026-05-31T20:30:42Z,16,Donnée validée,10,Expertisée,20,Bonne,7.384986107,48.102530621,HIXnJ
A1610030,A161003001,2018-11-05,1130.0,2026-05-31T20:30:42Z,16,Donnée validée,10,Expertisée,20,Bonne,7.384986107,48.102530621,HIXnJ
A1610030,A161003001,2018-11-06,1076.0,2026-05-31T20:30:42Z,16,Donnée validée,10,Expertisée,20,Bonne,7.384986107,48.102530621,HIXnJ
A1610030,A161003001,2018-11-07,1073.0,2026-05-31T20:30:42Z,16,Donnée validée,10,Expertisée,20,Bonne,7.384986107,48.102530621,HIXnJ
A1610030,A161003001,2018-11-08,1090.0,2026-05-31T20:30:42Z,16,Donnée validée,10,Expertisée,20,Bonne,7.384986107,48.102530621,HIXnJ
A1610030,A161003001,2018-11-09,1090.0,2026-05-31T20:30:42Z,16,Donnée validée,10,Expertisée,20,Bonne,7.384986107,48.102530621,HIXnJ
A1610030,A161003001,2018-11-10,1084.0,2026-05-31T20:30:42Z,16,Donnée validée,10,Expertisée,20,Bonne,7.384986107,48.102530621,HIXnJ
A1610030,A161003001,2018-11-11,1115.0,2026-05-31T20:30:42Z,16,Donnée validée,10,Expertisée,20,Bonne,7.384986107,48.102530621,HIXnJ
A1610030,A161003001,2018-11-12,1124.0,2026-05-31T20:30:42Z,16,Donnée validée,10,Expertisée,20,Bonne,7.384986107,48.102530621,HIXnJ
A1610030,A161003001,2018-11-13,1114.0,2026-05-31T20:30:42Z,16,Donnée validée,10,Expertisée,20,Bonne,7.384986107,48.102530621,HIXnJ
A1610030,A161003001,2018-11-14,1092.0,2026-05-31T20:30:42Z,16,Donnée validée,10,Expertisée,20,Bonne,7.384986107,48.102530621,HIXnJ
A1610030,A161003001,2018-11-15,1089.0,2026-05-31T20:30:42Z,16,Donnée validée,10,Expertisée,20,Bonne,7.384986107,48.102530621,HIXnJ
A1610030,A161003001,2018-11-16,1085.0,2026-05-31T20:30:42Z,16,Donnée validée,10,Expertisée,20,Bonne,7.384986107,48.102530621,HIXnJ
A1610030,A161003001,2018-11-17,1085.0,2026-05-31T20:30:42Z,16,Donnée validée,10,Expertisée,20,Bonne,7.384986107,48.102530621,HIXnJ
A1610030,A161003001,2018-11-18,1084.0,2026-05-31T20:30:42Z,16,Donnée validée,10,Expertisée,20,Bonne,7.384986107,48.102530621,HIXnJ
A1610030,A161003001,2018-11-19,1086.0,2026-05-31T20:30:42Z,16,Donnée validée,10,Expertisée,20,Bonne,7.384986107,48.102530621,HIXnJ
A1610030,A161003001,2018-11-20,1087.0,2026-05-31T20:30:42Z,16,Donnée validée,10,Expertisée,20,Bonne,7.384986107,48.102530621,HIXnJ
A1610030,A161003001,2018-11-21,1096.0,2026-05-31T20:30:42Z,16,Donnée validée,10,Expertisée,20,Bonne,7.384986107,48.102530621,HIXnJ
A1610030,A161003001,2018-11-22,1094.0,2026-05-31T20:30:42Z,16,Donnée validée,10,Expertisée,20,Bonne,7.384986107,48.102530621,HIXnJ
A1610030,A161003001,2018-11-23,1096.0,2026-05-31T20:30:42Z,16,Donnée validée,10,Expertisée,20,Bonne,7.384986107,48.102530621,HIXnJ
A1610030,A161003001,2018-11-24,1125.0,2026-05-31T20:30:42Z,16,Donnée validée,10,Expertisée,20,Bonne,7.384986107,48.102530621,HIXnJ
A1610030,A161003001,2018-11-25,1130.0,2026-05-31T20:30:42Z,16,Donnée validée,10,Expertisée,20,Bonne,7.384986107,48.102530621,HIXnJ
A1610030,A161003001,2018-11-26,1111.0,2026-05-31T20:30:42Z,16,Donnée validée,10,Expertisée,20,Bonne,7.384986107,48.102530621,HIXnJ
A1610030,A161003001,2018-11-27,1111.0,2026-05-31T20:30:42Z,16,Donnée validée,10,Expertisée,20,Bonne,7.384986107,48.102530621,HIXnJ
A1610030,A161003001,2018-11-28,1111.0,2026-05-31T20:30:42Z,16,Donnée validée,10,Expertisée,20,Bonne,7.384986107,48.102530621,HIXnJ
A1610030,A161003001,2018-11-29,1107.0,2026-05-31T20:30:42Z,16,Donnée validée,10,Expertisée,20,Bonne,7.384986107,48.102530621,HIXnJ
A1610030,A161003001,2018-11-30,1113.0,2026-05-31T20:30:42Z,16,Donnée validée,10,Expertisée,20,Bonne,7.384986107,48.102530621,HIXnJ
A1610030,A161003001,2018-12-01,1117.0,2026-05-31T20:30:42Z,16,Donnée validée,10,Expertisée,20,Bonne,7.384986107,48.102530621,HIXnJ
A1610030,A161003001,2018-12-02,1165.0,2026-05-31T20:30:42Z,16,Donnée validée,10,Expertisée,20,Bonne,7.384986107,48.102530621,HIXnJ
A1610030,A161003001,2018-12-03,1392.0,2026-05-31T20:30:42Z,16,Donnée validée,10,Expertisée,20,Bonne,7.384986107,48.102530621,HIXnJ
A1610030,A161003001,2018-12-04,1512.0,2026-05-31T20:30:42Z,16,Donnée validée,10,Expertisée,20,Bonne,7.384986107,48.102530621,HIXnJ
A1610030,A161003001,2018-12-05,1418.0,2026-05-31T20:30:42Z,16,Donnée validée,10,Expertisée,20,Bonne,7.384986107,48.102530621,HIXnJ
A1610030,A161003001,2018-12-06,1264.0,2026-05-31T20:30:42Z,16,Donnée validée,10,Expertisée,20,Bonne,7.384986107,48.102530621,HIXnJ
A1610030,A161003001,2018-12-07,1208.0,2026-05-31T20:30:42Z,16,Donnée validée,10,Expertisée,20,Bonne,7.384986107,48.102530621,HIXnJ
A1610030,A161003001,2018-12-08,1361.0,2026-05-31T20:30:42Z,16,Donnée validée,10,Expertisée,20,Bonne,7.384986107,48.102530621,HIXnJ
A1610030,A161003001,2018-12-09,2094.0,2026-05-31T20:30:42Z,16,Donnée validée,10,Expertisée,20,Bonne,7.384986107,48.102530621,HIXnJ
A1610030,A161003001,2018-12-10,2357.0,2026-05-31T20:30:42Z,16,Donnée validée,10,Expertisée,20,Bonne,7.384986107,48.102530621,HIXnJ
A1610030,A161003001,2018-12-11,1973.0,2026-05-31T20:30:42Z,16,Donnée validée,10,Expertisée,20,Bonne,7.384986107,48.102530621,HIXnJ
A1610030,A161003001,2018-12-12,1676.0,2026-05-31T20:30:42Z,16,Donnée validée,10,Expertisée,20,Bonne,7.384986107,48.102530621,HIXnJ
A1610030,A161003001,2018-12-13,1458.0,2026-05-31T20:30:42Z,16,Donnée validée,10,Expertisée,20,Bonne,7.384986107,48.102530621,HIXnJ
A1610030,A161003001,2018-12-14,1372.0,2026-05-31T20:30:42Z,16,Donnée validée,10,Expertisée,20,Bonne,7.384986107,48.102530621,HIXnJ
A1610030,A161003001,2018-12-15,1295.0,2026-05-31T20:30:42Z,16,Donnée validée,10,Expertisée,20,Bonne,7.384986107,48.102530621,HIXnJ
A1610030,A161003001,2018-12-16,1269.0,2026-05-31T20:30:42Z,16,Donnée validée,10,Expertisée,20,Bonne,7.384986107,48.102530621,HIXnJ
A1610030,A161003001,2018-12-17,1255.0,2026-05-31T20:30:42Z,16,Donnée validée,10,Expertisée,20,Bonne,7.384986107,48.102530621,HIXnJ
A1610030,A161003001,2018-12-18,1238.0,2026-05-31T20:30:42Z,16,Donnée validée,10,Expertisée,20,Bonne,7.384986107,48.102530621,HIXnJ
A1610030,A161003001,2018-12-19,1226.0,2026-05-31T20:30:42Z,16,Donnée validée,10,Expertisée,20,Bonne,7.384986107,48.102530621,HIXnJ
A1610030,A161003001,2018-12-20,1229.0,2026-05-31T20:30:42Z,16,Donnée validée,10,Expertisée,20,Bonne,7.384986107,48.102530621,HIXnJ
A1610030,A161003001,2018-12-21,1650.0,2026-05-31T20:30:42Z,16,Donnée validée,10,Expertisée,20,Bonne,7.384986107,48.102530621,HIXnJ
A1610030,A161003001,2018-12-22,2587.0,2026-05-31T20:30:42Z,16,Donnée validée,10,Expertisée,20,Bonne,7.384986107,48.102530621,HIXnJ
A1610030,A161003001,2018-12-23,2548.0,2026-05-31T20:30:42Z,16,Donnée validée,10,Expertisée,20,Bonne,7.384986107,48.102530621,HIXnJ
A1610030,A161003001,2018-12-24,2634.0,2026-05-31T20:30:42Z,16,Donnée validée,10,Expertisée,20,Bonne,7.384986107,48.102530621,HIXnJ
A1610030,A161003001,2018-12-25,2609.0,2026-05-31T20:30:42Z,16,Donnée validée,10,Expertisée,20,Bonne,7.384986107,48.102530621,HIXnJ
A1610030,A161003001,2018-12-26,2124.0,2026-05-31T20:30:42Z,16,Donnée validée,10,Expertisée,20,Bonne,7.384986107,48.102530621,HIXnJ
A1610030,A161003001,2018-12-27,1805.0,2026-05-31T20:30:42Z,16,Donnée validée,10,Expertisée,20,Bonne,7.384986107,48.102530621,HIXnJ
A1610030,A161003001,2018-12-28,1592.0,2026-05-31T20:30:42Z,16,Donnée validée,10,Expertisée,20,Bonne,7.384986107,48.102530621,HIXnJ
A1610030,A161003001,2018-12-29,1460.0,2026-05-31T20:30:42Z,16,Donnée validée,10,Expertisée,20,Bonne,7.384986107,48.102530621,HIXnJ
A1610030,A161003001,2018-12-30,1383.0,2026-05-31T20:30:42Z,16,Donnée validée,10,Expertisée,20,Bonne,7.384986107,48.102530621,HIXnJ
A1610030,A161003001,2018-12-31,1329.0,2026-05-31T20:30:42Z,16,Donnée validée,10,Expertisée,20,Bonne,7.384986107,48.102530621,HIXnJ
A1610030,A161003001,2019-01-01,1288.0,2026-05-31T20:30:42Z,16,Donnée validée,10,Expertisée,20,Bonne,7.384986107,48.102530621,HIXnJ
A1610030,A161003001,2019-01-02,1256.0,2026-05-31T20:30:42Z,16,Donnée validée,10,Expertisée,20,Bonne,7.384986107,48.102530621,HIXnJ
A1610030,A161003001,2019-01-03,1241.0,2026-05-31T20:30:42Z,16,Donnée validée,10,Expertisée,20,Bonne,7.384986107,48.102530621,HIXnJ
A1610030,A161003001,2019-01-04,1214.0,2026-05-31T20:30:42Z,16,Donnée validée,10,Expertisée,20,Bonne,7.384986107,48.102530621,HIXnJ
A1610030,A161003001,2019-01-05,1190.0,2026-05-31T20:30:42Z,16,Donnée validée,10,Expertisée,20,Bonne,7.384986107,48.102530621,HIXnJ
A1610030,A161003001,2019-01-06,1178.0,2026-05-31T20:30:42Z,16,Donnée validée,10,Expertisée,20,Bonne,7.384986107,48.102530621,HIXnJ
A1610030,A161003001,2019-01-07,1164.0,2026-05-31T20:30:42Z,16,Donnée validée,10,Expertisée,20,Bonne,7.384986107,48.102530621,HIXnJ
A1610030,A161003001,2019-01-08,1158.0,2026-05-31T20:30:42Z,16,Donnée validée,10,Expertisée,20,Bonne,7.384986107,48.102530621,HIXnJ
A1610030,A161003001,2019-01-09,1193.0,2026-05-31T20:30:42Z,16,Donnée validée,10,Expertisée,20,Bonne,7.384986107,48.102530621,HIXnJ
A1610030,A161003001,2019-01-10,1248.0,2026-05-31T20:30:42Z,16,Donnée validée,10,Expertisée,20,Bonne,7.384986107,48.102530621,HIXnJ
A1610030,A161003001,2019-01-11,1183.0,2026-05-31T20:30:42Z,16,Donnée validée,10,Expertisée,20,Bonne,7.384986107,48.102530621,HIXnJ
A1610030,A161003001,2019-01-12,1171.0,2026-05-31T20:30:42Z,16,Donnée validée,10,Expertisée,20,Bonne,7.384986107,48.102530621,HIXnJ
A1610030,A161003001,2019-01-13,1290.0,2026-05-31T20:30:42Z,16,Donnée validée,10,Expertisée,20,Bonne,7.384986107,48.102530621,HIXnJ
A1610030,A161003001,2019-01-14,1967.0,2026-05-31T20:30:42Z,16,Donnée validée,10,Expertisée,20,Bonne,7.384986107,48.102530621,HIXnJ
A1610030,A161003001,2019-01-15,1957.0,2026-05-31T20:30:42Z,16,Donnée validée,10,Expertisée,20,Bonne,7.384986107,48.102530621,HIXnJ
A1610030,A161003001,2019-01-16,1711.0,2026-05-31T20:30:42Z,16,Donnée validée,10,Expertisée,20,Bonne,7.384986107,48.102530621,HIXnJ
A1610030,A161003001,2019-01-17,1513.0,2026-05-31T20:30:42Z,16,Donnée validée,10,Expertisée,20,Bonne,7.384986107,48.102530621,HIXnJ
A1610030,A161003001,2019-01-18,1503.0,2026-05-31T20:30:42Z,16,Donnée validée,10,Expertisée,20,Bonne,7.384986107,48.102530621,HIXnJ
A1610030,A161003001,2019-01-19,1458.0,2026-05-31T20:30:42Z,16,Donnée validée,10,Expertisée,20,Bonne,7.384986107,48.102530621,HIXnJ
A1610030,A161003001,2019-01-20,1414.0,2026-05-31T20:30:42Z,16,Donnée validée,10,Expertisée,20,Bonne,7.384986107,48.102530621,HIXnJ
A1610030,A161003001,2019-01-21,1370.0,2026-05-31T20:30:42Z,16,Donnée validée,10,Expertisée,20,Bonne,7.384986107,48.102530621,HIXnJ
A1610030,A161003001,2019-01-22,1329.0,2026-05-31T20:30:42Z,16,Donnée validée,10,Expertisée,20,Bonne,7.384986107,48.102530621,HIXnJ
A1610030,A161003001,2019-01-23,1305.0,2026-05-31T20:30:42Z,16,Donnée validée,10,Expertisée,20,Bonne,7.384986107,48.102530621,HIXnJ
A1610030,A161003001,2019-01-24,1289.0,2026-05-31T20:30:42Z,16,Donnée validée,10,Expertisée,20,Bonne,7.384986107,48.102530621,HIXnJ
A1610030,A161003001,2019-01-25,1255.0,2026-05-31T20:30:42Z,16,Donnée validée,10,Expertisée,20,Bonne,7.384986107,48.102530621,HIXnJ
A1610030,A161003001,2019-01-26,1251.0,2026-05-31T20:30:42Z,16,Donnée validée,10,Expertisée,20,Bonne,7.384986107,48.102530621,HIXnJ
A1610030,A161003001,2019-01-27,1236.0,2026-05-31T20:30:42Z,16,Donnée validée,10,Expertisée,20,Bonne,7.384986107,48.102530621,HIXnJ
A1610030,A161003001,2019-01-28,1338.0,2026-05-31T20:30:42Z,16,Donnée validée,10,Expertisée,20,Bonne,7.384986107,48.102530621,HIXnJ
A1610030,A161003001,2019-01-29,1365.0,2026-05-31T20:30:42Z,16,Donnée validée,10,Expertisée,20,Bonne,7.384986107,48.102530621,HIXnJ
A1610030,A161003001,2019-01-30,1316.0,2026-05-31T20:30:42Z,16,Donnée validée,10,Expertisée,20,Bonne,7.384986107,48.102530621,HIXnJ
A1610030,A161003001,2019-01-31,1312.0,2026-05-31T20:30:42Z,16,Donnée validée,10,Expertisée,20,Bonne,7.384986107,48.102530621,HIXnJ
A1610030,A161003001,2019-02-01,1424.0,2026-05-31T20:30:42Z,16,Donnée validée,10,Expertisée,20,Bonne,7.384986107,48.102530621,HIXnJ
A1610030,A161003001,2019-02-02,1690.0,2026-05-31T20:30:42Z,16,Donnée validée,10,Expertisée,20,Bonne,7.384986107,48.102530621,HIXnJ
A1610030,A161003001,2019-02-03,1654.0,2026-05-31T20:30:42Z,16,Donnée validée,10,Expertisée,20,Bonne,7.384986107,48.102530621,HIXnJ
A1610030,A161003001,2019-02-04,1570.0,2026-05-31T20:30:42Z,16,Donnée validée,10,Expertisée,20,Bonne,7.384986107,48.102530621,HIXnJ
A1610030,A161003001,2019-02-05,1482.0,2026-05-31T20:30:42Z,16,Donnée validée,10,Expertisée,20,Bonne,7.384986107,48.102530621,HIXnJ
A1610030,A161003001,2019-02-06,1415.0,2026-05-31T20:30:42Z,16,Donnée validée,10,Expertisée,20,Bonne,7.384986107,48.102530621,HIXnJ
A1610030,A161003001,2019-02-07,1371.0,2026-05-31T20:30:42Z,16,Donnée validée,10,Expertisée,20,Bonne,7.384986107,48.102530621,HIXnJ
A1610030,A161003001,2019-02-08,1391.0,2026-05-31T20:30:42Z,16,Donnée validée,10,Expertisée,20,Bonne,7.384986107,48.102530621,HIXnJ
A1610030,A161003001,2019-02-09,1471.0,2026-05-31T20:30:42Z,16,Donnée validée,10,Expertisée,20,Bonne,7.384986107,48.102530621,HIXnJ
A1610030,A161003001,2019-02-10,1809.0,2026-05-31T20:30:42Z,16,Donnée validée,10,Expertisée,20,Bonne,7.384986107,48.102530621,HIXnJ
A1610030,A161003001,2019-02-11,2139.0,2026-05-31T20:30:42Z,16,Donnée validée,10,Expertisée,20,Bonne,7.384986107,48.102530621,HIXnJ
A1610030,A161003001,2019-02-12,2098.0,2026-05-31T20:30:42Z,16,Donnée validée,10,Expertisée,20,Bonne,7.384986107,48.102530621,HIXnJ
A1610030,A161003001,2019-02-13,1839.0,2026-05-31T20:30:42Z,16,Donnée validée,10,Expertisée,20,Bonne,7.384986107,48.102530621,HIXnJ
A1610030,A161003001,2019-02-14,1667.0,2026-05-31T20:30:42Z,16,Donnée validée,10,Expertisée,20,Bonne,7.384986107,48.102530621,HIXnJ
A1610030,A161003001,2019-02-15,1542.0,2026-05-31T20:30:42Z,16,Donnée validée,10,Expertisée,20,Bonne,7.384986107,48.102530621,HIXnJ
A1610030,A161003001,2019-02-16,1468.0,2026-05-31T20:30:42Z,16,Donnée validée,10,Expertisée,20,Bonne,7.384986107,48.102530621,HIXnJ
A1610030,A161003001,2019-02-17,1439.0,2026-05-31T20:30:42Z,16,Donnée validée,10,Expertisée,20,Bonne,7.384986107,48.102530621,HIXnJ
A1610030,A161003001,2019-02-18,1428.0,2026-05-31T20:30:42Z,16,Donnée validée,10,Expertisée,20,Bonne,7.384986107,48.102530621,HIXnJ
A1610030,A161003001,2019-02-19,1416.0,2026-05-31T20:30:42Z,16,Donnée validée,10,Expertisée,20,Bonne,7.384986107,48.102530621,HIXnJ
A1610030,A161003001,2019-02-20,1390.0,2026-05-31T20:30:42Z,16,Donnée validée,10,Expertisée,20,Bonne,7.384986107,48.102530621,HIXnJ
A1610030,A161003001,2019-02-21,1366.0,2026-05-31T20:30:42Z,16,Donnée validée,10,Expertisée,20,Bonne,7.384986107,48.102530621,HIXnJ
A1610030,A161003001,2019-02-22,1341.0,2026-05-31T20:30:42Z,16,Donnée validée,10,Expertisée,20,Bonne,7.384986107,48.102530621,HIXnJ
A1610030,A161003001,2019-02-23,1331.0,2026-05-31T20:30:42Z,16,Donnée validée,10,Expertisée,20,Bonne,7.384986107,48.102530621,HIXnJ
A1610030,A161003001,2019-02-24,1326.0,2026-05-31T20:30:42Z,16,Donnée validée,10,Expertisée,20,Bonne,7.384986107,48.102530621,HIXnJ
A1610030,A161003001,2019-02-25,1309.0,2026-05-31T20:30:42Z,16,Donnée validée,10,Expertisée,20,Bonne,7.384986107,48.102530621,HIXnJ
A1610030,A161003001,2019-02-26,1286.0,2026-05-31T20:30:42Z,16,Donnée validée,10,Expertisée,20,Bonne,7.384986107,48.102530621,HIXnJ
A1610030,A161003001,2019-02-27,1278.0,2026-05-31T20:30:42Z,16,Donnée validée,10,Expertisée,20,Bonne,7.384986107,48.102530621,HIXnJ
A1610030,A161003001,2019-02-28,1273.0,2026-05-31T20:30:42Z,16,Donnée validée,10,Expertisée,20,Bonne,7.384986107,48.102530621,HIXnJ
A1610030,A161003001,2019-03-01,1463.0,2026-05-31T20:30:42Z,16,Donnée validée,10,Expertisée,20,Bonne,7.384986107,48.102530621,HIXnJ
A1610030,A161003001,2019-03-02,1514.0,2026-05-31T20:30:42Z,16,Donnée validée,10,Expertisée,20,Bonne,7.384986107,48.102530621,HIXnJ
A1610030,A161003001,2019-03-03,1458.0,2026-05-31T20:30:42Z,16,Donnée validée,10,Expertisée,20,Bonne,7.384986107,48.102530621,HIXnJ
A1610030,A161003001,2019-03-04,1448.0,2026-05-31T20:30:42Z,16,Donnée validée,10,Expertisée,20,Bonne,7.384986107,48.102530621,HIXnJ
A1610030,A161003001,2019-03-05,1525.0,2026-05-31T20:30:42Z,16,Donnée validée,10,Expertisée,20,Bonne,7.384986107,48.102530621,HIXnJ
A1610030,A161003001,2019-03-06,1517.0,2026-05-31T20:30:42Z,16,Donnée validée,10,Expertisée,20,Bonne,7.384986107,48.102530621,HIXnJ
A1610030,A161003001,2019-03-07,1528.0,2026-05-31T20:30:42Z,16,Donnée validée,10,Expertisée,20,Bonne,7.384986107,48.102530621,HIXnJ
A1610030,A161003001,2019-03-08,1633.0,2026-05-31T20:30:42Z,16,Donnée validée,10,Expertisée,20,Bonne,7.384986107,48.102530621,HIXnJ
A1610030,A161003001,2019-03-09,1626.0,2026-05-31T20:30:42Z,16,Donnée validée,10,Expertisée,20,Bonne,7.384986107,48.102530621,HIXnJ
A1610030,A161003001,2019-03-10,2700.0,2026-05-31T20:30:42Z,16,Donnée validée,10,Expertisée,20,Bonne,7.384986107,48.102530621,HIXnJ
A1610030,A161003001,2019-03-11,2755.0,2026-05-31T20:30:42Z,16,Donnée validée,10,Expertisée,20,Bonne,7.384986107,48.102530621,HIXnJ
A1610030,A161003001,2019-03-12,2401.0,2026-05-31T20:30:42Z,16,Donnée validée,10,Expertisée,20,Bonne,7.384986107,48.102530621,HIXnJ
A1610030,A161003001,2019-03-13,2049.0,2026-05-31T20:30:42Z,16,Donnée validée,10,Expertisée,20,Bonne,7.384986107,48.102530621,HIXnJ
A1610030,A161003001,2019-03-14,2329.0,2026-05-31T20:30:42Z,16,Donnée validée,10,Expertisée,20,Bonne,7.384986107,48.102530621,HIXnJ
A1610030,A161003001,2019-03-15,3139.0,2026-05-31T20:30:42Z,16,Donnée validée,10,Expertisée,20,Bonne,7.384986107,48.102530621,HIXnJ
A1610030,A161003001,2019-03-16,3291.0,2026-05-31T20:30:42Z,16,Donnée validée,10,Expertisée,20,Bonne,7.384986107,48.102530621,HIXnJ
A1610030,A161003001,2019-03-17,3191.0,2026-05-31T20:30:42Z,16,Donnée validée,10,Expertisée,20,Bonne,7.384986107,48.102530621,HIXnJ
A1610030,A161003001,2019-03-18,2579.0,2026-05-31T20:30:42Z,16,Donnée validée,10,Expertisée,20,Bonne,7.384986107,48.102530621,HIXnJ
A1610030,A161003001,2019-03-19,2204.0,2026-05-31T20:30:42Z,16,Donnée validée,10,Expertisée,20,Bonne,7.384986107,48.102530621,HIXnJ
A1610030,A161003001,2019-03-20,1892.0,2026-05-31T20:30:42Z,16,Donnée validée,10,Expertisée,20,Bonne,7.384986107,48.102530621,HIXnJ
A1610030,A161003001,2019-03-21,1894.0,2026-05-31T20:30:42Z,16,Donnée validée,10,Expertisée,20,Bonne,7.384986107,48.102530621,HIXnJ
A1610030,A161003001,2019-03-22,1659.0,2026-05-31T20:30:42Z,16,Donnée validée,10,Expertisée,20,Bonne,7.384986107,48.102530621,HIXnJ
A1610030,A161003001,2019-03-23,1551.0,2026-05-31T20:30:42Z,16,Donnée validée,10,Expertisée,20,Bonne,7.384986107,48.102530621,HIXnJ
A1610030,A161003001,2019-03-24,1487.0,2026-05-31T20:30:42Z,16,Donnée validée,10,Expertisée,20,Bonne,7.384986107,48.102530621,HIXnJ
A1610030,A161003001,2019-03-25,1443.0,2026-05-31T20:30:42Z,16,Donnée validée,10,Expertisée,20,Bonne,7.384986107,48.102530621,HIXnJ
A1610030,A161003001,2019-03-26,1398.0,2026-05-31T20:30:42Z,16,Donnée validée,10,Expertisée,20,Bonne,7.384986107,48.102530621,HIXnJ
A1610030,A161003001,2019-03-27,1350.0,2026-05-31T20:30:42Z,16,Donnée validée,10,Expertisée,20,Bonne,7.384986107,48.102530621,HIXnJ
A1610030,A161003001,2019-03-28,1330.0,2026-05-31T20:30:42Z,16,Donnée validée,10,Expertisée,20,Bonne,7.384986107,48.102530621,HIXnJ
A1610030,A161003001,2019-03-29,1320.0,2026-05-31T20:30:42Z,16,Donnée validée,10,Expertisée,20,Bonne,7.384986107,48.102530621,HIXnJ
A1610030,A161003001,2019-03-30,1285.0,2026-05-31T20:30:42Z,16,Donnée validée,10,Expertisée,20,Bonne,7.384986107,48.102530621,HIXnJ
A1610030,A161003001,2019-03-31,1255.0,2026-05-31T20:30:42Z,16,Donnée validée,10,Expertisée,20,Bonne,7.384986107,48.102530621,HIXnJ
A1610030,A161003001,2019-04-01,1249.0,2026-05-31T20:30:42Z,16,Donnée validée,10,Expertisée,20,Bonne,7.384986107,48.102530621,HIXnJ
A1610030,A161003001,2019-04-02,1234.0,2026-05-31T20:30:42Z,16,Donnée validée,10,Expertisée,20,Bonne,7.384986107,48.102530621,HIXnJ
A1610030,A161003001,2019-04-03,1265.0,2026-05-31T20:30:42Z,16,Donnée validée,10,Expertisée,20,Bonne,7.384986107,48.102530621,HIXnJ
A1610030,A161003001,2019-04-04,1422.0,2026-05-31T20:30:42Z,16,Donnée validée,10,Expertisée,20,Bonne,7.384986107,48.102530621,HIXnJ
A1610030,A161003001,2019-04-05,1407.0,2026-05-31T20:30:42Z,16,Donnée validée,10,Expertisée,20,Bonne,7.384986107,48.102530621,HIXnJ
A1610030,A161003001,2019-04-06,1356.0,2026-05-31T20:30:42Z,16,Donnée validée,10,Expertisée,20,Bonne,7.384986107,48.102530621,HIXnJ
A1610030,A161003001,2019-04-07,1335.0,2026-05-31T20:30:42Z,16,Donnée validée,10,Expertisée,20,Bonne,7.384986107,48.102530621,HIXnJ
A1610030,A161003001,2019-04-08,1307.0,2026-05-31T20:30:42Z,16,Donnée validée,10,Expertisée,20,Bonne,7.384986107,48.102530621,HIXnJ
A1610030,A161003001,2019-04-09,1253.0,2026-05-31T20:30:42Z,16,Donnée validée,10,Expertisée,20,Bonne,7.384986107,48.102530621,HIXnJ
A1610030,A161003001,2019-04-10,1279.0,2026-05-31T20:30:42Z,16,Donnée validée,10,Expertisée,20,Bonne,7.384986107,48.102530621,HIXnJ
A1610030,A161003001,2019-04-11,1276.0,2026-05-31T20:30:42Z,16,Donnée validée,10,Expertisée,20,Bonne,7.384986107,48.102530621,HIXnJ
A1610030,A161003001,2019-04-12,1268.0,2026-05-31T20:30:42Z,16,Donnée validée,10,Expertisée,20,Bonne,7.384986107,48.102530621,HIXnJ
A1610030,A161003001,2019-04-13,1239.0,2026-05-31T20:30:42Z,16,Donnée validée,10,Expertisée,20,Bonne,7.384986107,48.102530621,HIXnJ
A1610030,A161003001,2019-04-14,1227.0,2026-05-31T20:30:42Z,16,Donnée validée,10,Expertisée,20,Bonne,7.384986107,48.102530621,HIXnJ
A1610030,A161003001,2019-04-15,1222.0,2026-05-31T20:30:42Z,16,Donnée validée,10,Expertisée,20,Bonne,7.384986107,48.102530621,HIXnJ
A1610030,A161003001,2019-04-16,1213.0,2026-05-31T20:30:42Z,16,Donnée validée,10,Expertisée,20,Bonne,7.384986107,48.102530621,HIXnJ
A1610030,A161003001,2019-04-17,1219.0,2026-05-31T20:30:42Z,16,Donnée validée,10,Expertisée,20,Bonne,7.384986107,48.102530621,HIXnJ
A1610030,A161003001,2019-04-18,1213.0,2026-05-31T20:30:42Z,16,Donnée validée,10,Expertisée,20,Bonne,7.384986107,48.102530621,HIXnJ
A1610030,A161003001,2019-04-19,1182.0,2026-05-31T20:30:42Z,16,Donnée validée,10,Expertisée,20,Bonne,7.384986107,48.102530621,HIXnJ
A1610030,A161003001,2019-04-20,1192.0,2026-05-31T20:30:42Z,16,Donnée validée,10,Expertisée,20,Bonne,7.384986107,48.102530621,HIXnJ
A1610030,A161003001,2019-04-21,1176.0,2026-05-31T20:30:42Z,16,Donnée validée,10,Expertisée,20,Bonne,7.384986107,48.102530621,HIXnJ
A1610030,A161003001,2019-04-22,1154.0,2026-05-31T20:30:42Z,16,Donnée validée,10,Expertisée,20,Bonne,7.384986107,48.102530621,HIXnJ
A1610030,A161003001,2019-04-23,1187.0,2026-05-31T20:30:42Z,16,Donnée validée,10,Expertisée,20,Bonne,7.384986107,48.102530621,HIXnJ
A1610030,A161003001,2019-04-24,1156.0,2026-05-31T20:30:42Z,16,Donnée validée,10,Expertisée,20,Bonne,7.384986107,48.102530621,HIXnJ
A1610030,A161003001,2019-04-25,1247.0,2026-05-31T20:30:42Z,16,Donnée validée,10,Expertisée,20,Bonne,7.384986107,48.102530621,HIXnJ
A1610030,A161003001,2019-04-26,1229.0,2026-05-31T20:30:42Z,16,Donnée validée,10,Expertisée,20,Bonne,7.384986107,48.102530621,HIXnJ
A1610030,A161003001,2019-04-27,1215.0,2026-05-31T20:30:42Z,16,Donnée validée,10,Expertisée,20,Bonne,7.384986107,48.102530621,HIXnJ
A1610030,A161003001,2019-04-28,1270.0,2026-05-31T20:30:42Z,16,Donnée validée,10,Expertisée,20,Bonne,7.384986107,48.102530621,HIXnJ
A1610030,A161003001,2019-04-29,1270.0,2026-05-31T20:30:42Z,16,Donnée validée,10,Expertisée,20,Bonne,7.384986107,48.102530621,HIXnJ
A1610030,A161003001,2019-04-30,1245.0,2026-05-31T20:30:42Z,16,Donnée validée,10,Expertisée,20,Bonne,7.384986107,48.102530621,HIXnJ
A1610030,A161003001,2019-05-01,1212.0,2026-05-31T20:30:42Z,16,Donnée validée,10,Expertisée,20,Bonne,7.384986107,48.102530621,HIXnJ
A1610030,A161003001,2019-05-02,1202.0,2026-05-31T20:30:42Z,16,Donnée validée,10,Expertisée,20,Bonne,7.384986107,48.102530621,HIXnJ
A1610030,A161003001,2019-05-03,1215.0,2026-05-31T20:30:42Z,16,Donnée validée,10,Expertisée,20,Bonne,7.384986107,48.102530621,HIXnJ
A1610030,A161003001,2019-05-04,1327.0,2026-05-31T20:30:42Z,16,Donnée validée,10,Expertisée,20,Bonne,7.384986107,48.102530621,HIXnJ
A1610030,A161003001,2019-05-05,1327.0,2026-05-31T20:30:42Z,16,Donnée validée,10,Expertisée,20,Bonne,7.384986107,48.102530621,HIXnJ
A1610030,A161003001,2019-05-06,1271.0,2026-05-31T20:30:42Z,16,Donnée validée,10,Expertisée,20,Bonne,7.384986107,48.102530621,HIXnJ
A1610030,A161003001,2019-05-07,1244.0,2026-05-31T20:30:42Z,16,Donnée validée,10,Expertisée,20,Bonne,7.384986107,48.102530621,HIXnJ
A1610030,A161003001,2019-05-08,1352.0,2026-05-31T20:30:42Z,16,Donnée validée,10,Expertisée,20,Bonne,7.384986107,48.102530621,HIXnJ
A1610030,A161003001,2019-05-09,1480.0,2026-05-31T20:30:42Z,16,Donnée validée,10,Expertisée,20,Bonne,7.384986107,48.102530621,HIXnJ
A1610030,A161003001,2019-05-10,1512.0,2026-05-31T20:30:42Z,16,Donnée validée,10,Expertisée,20,Bonne,7.384986107,48.102530621,HIXnJ
A1610030,A161003001,2019-05-11,1457.0,2026-05-31T20:30:42Z,16,Donnée validée,10,Expertisée,20,Bonne,7.384986107,48.102530621,HIXnJ
A1610030,A161003001,2019-05-12,1437.0,2026-05-31T20:30:42Z,16,Donnée validée,10,Expertisée,20,Bonne,7.384986107,48.102530621,HIXnJ
A1610030,A161003001,2019-05-13,1399.0,2026-05-31T20:30:42Z,16,Donnée validée,10,Expertisée,20,Bonne,7.384986107,48.102530621,HIXnJ
A1610030,A161003001,2019-05-14,1360.0,2026-05-31T20:30:42Z,16,Donnée validée,10,Expertisée,20,Bonne,7.384986107,48.102530621,HIXnJ
A1610030,A161003001,2019-05-15,1329.0,2026-05-31T20:30:42Z,16,Donnée validée,10,Expertisée,20,Bonne,7.384986107,48.102530621,HIXnJ
A1610030,A161003001,2019-05-16,1304.0,2026-05-31T20:30:42Z,16,Donnée validée,10,Expertisée,20,Bonne,7.384986107,48.102530621,HIXnJ
A1610030,A161003001,2019-05-17,1292.0,2026-05-31T20:30:42Z,16,Donnée validée,10,Expertisée,20,Bonne,7.384986107,48.102530621,HIXnJ
A1610030,A161003001,2019-05-18,1263.0,2026-05-31T20:30:42Z,16,Donnée validée,10,Expertisée,20,Bonne,7.384986107,48.102530621,HIXnJ
A1610030,A161003001,2019-05-19,1268.0,2026-05-31T20:30:42Z,16,Donnée validée,10,Expertisée,20,Bonne,7.384986107,48.102530621,HIXnJ
A1610030,A161003001,2019-05-20,1339.0,2026-05-31T20:30:42Z,16,Donnée validée,10,Expertisée,20,Bonne,7.384986107,48.102530621,HIXnJ
A1610030,A161003001,2019-05-21,1525.0,2026-05-31T20:30:42Z,16,Donnée validée,10,Expertisée,20,Bonne,7.384986107,48.102530621,HIXnJ
A1610030,A161003001,2019-05-22,1363.0,2026-05-31T20:30:42Z,16,Donnée validée,10,Expertisée,20,Bonne,7.384986107,48.102530621,HIXnJ
A1610030,A161003001,2019-05-23,1309.0,2026-05-31T20:30:42Z,16,Donnée validée,10,Expertisée,20,Bonne,7.384986107,48.102530621,HIXnJ
A1610030,A161003001,2019-05-24,1249.0,2026-05-31T20:30:42Z,16,Donnée validée,10,Expertisée,20,Bonne,7.384986107,48.102530621,HIXnJ
A1610030,A161003001,2019-05-25,1212.0,2026-05-31T20:30:42Z,16,Donnée validée,10,Expertisée,20,Bonne,7.384986107,48.102530621,HIXnJ
A1610030,A161003001,2019-05-26,1204.0,2026-05-31T20:30:42Z,16,Donnée validée,10,Expertisée,20,Bonne,7.384986107,48.102530621,HIXnJ
A1610030,A161003001,2019-05-27,1177.0,2026-05-31T20:30:42Z,16,Donnée validée,10,Expertisée,20,Bonne,7.384986107,48.102530621,HIXnJ
A1610030,A161003001,2019-05-28,1195.0,2026-05-31T20:30:42Z,16,Donnée validée,10,Expertisée,20,Bonne,7.384986107,48.102530621,HIXnJ
A1610030,A161003001,2019-05-29,1192.0,2026-05-31T20:30:42Z,16,Donnée validée,10,Expertisée,20,Bonne,7.384986107,48.102530621,HIXnJ
A1610030,A161003001,2019-05-30,1168.0,2026-05-31T20:30:42Z,16,Donnée validée,10,Expertisée,20,Bonne,7.384986107,48.102530621,HIXnJ
A1610030,A161003001,2019-05-31,1142.0,2026-05-31T20:30:42Z,16,Donnée validée,10,Expertisée,20,Bonne,7.384986107,48.102530621,HIXnJ
A1610030,A161003001,2019-06-01,1126.0,2026-05-31T20:30:42Z,16,Donnée validée,10,Expertisée,20,Bonne,7.384986107,48.102530621,HIXnJ
A1610030,A161003001,2019-06-02,1103.0,2026-05-31T20:30:42Z,16,Donnée validée,10,Expertisée,20,Bonne,7.384986107,48.102530621,HIXnJ
A1610030,A161003001,2019-06-03,1107.0,2026-05-31T20:30:42Z,16,Donnée validée,10,Expertisée,20,Bonne,7.384986107,48.102530621,HIXnJ
A1610030,A161003001,2019-06-04,1083.0,2026-05-31T20:30:42Z,16,Donnée validée,10,Expertisée,20,Bonne,7.384986107,48.102530621,HIXnJ
A1610030,A161003001,2019-06-05,1082.0,2026-05-31T20:30:42Z,16,Donnée validée,10,Expertisée,20,Bonne,7.384986107,48.102530621,HIXnJ
A1610030,A161003001,2019-06-06,1046.0,2026-05-31T20:30:42Z,16,Donnée validée,10,Expertisée,20,Bonne,7.384986107,48.102530621,HIXnJ
A1610030,A161003001,2019-06-07,1083.0,2026-05-31T20:30:42Z,16,Donnée validée,10,Expertisée,20,Bonne,7.384986107,48.102530621,HIXnJ
A1610030,A161003001,2019-06-08,1084.0,2026-05-31T20:30:42Z,16,Donnée validée,10,Expertisée,20,Bonne,7.384986107,48.102530621,HIXnJ
A1610030,A161003001,2019-06-09,1066.0,2026-05-31T20:30:42Z,16,Donnée validée,10,Expertisée,20,Bonne,7.384986107,48.102530621,HIXnJ
A1610030,A161003001,2019-06-10,1267.0,2026-05-31T20:30:42Z,16,Donnée validée,10,Expertisée,20,Bonne,7.384986107,48.102530621,HIXnJ
A1610030,A161003001,2019-06-11,1476.0,2026-05-31T20:30:42Z,16,Donnée validée,10,Expertisée,20,Bonne,7.384986107,48.102530621,HIXnJ
A1610030,A161003001,2019-06-12,1401.0,2026-05-31T20:30:42Z,16,Donnée validée,10,Expertisée,20,Bonne,7.384986107,48.102530621,HIXnJ
A1610030,A161003001,2019-06-13,1230.0,2026-05-31T20:30:42Z,16,Donnée validée,10,Expertisée,20,Bonne,7.384986107,48.102530621,HIXnJ
A1610030,A161003001,2019-06-14,1158.0,2026-05-31T20:30:42Z,16,Donnée validée,10,Expertisée,20,Bonne,7.384986107,48.102530621,HIXnJ
A1610030,A161003001,2019-06-15,1451.0,2026-05-31T20:30:42Z,16,Donnée validée,10,Expertisée,20,Bonne,7.384986107,48.102530621,HIXnJ
A1610030,A161003001,2019-06-16,1237.0,2026-05-31T20:30:42Z,16,Donnée validée,10,Expertisée,20,Bonne,7.384986107,48.102530621,HIXnJ
A1610030,A161003001,2019-06-17,1186.0,2026-05-31T20:30:42Z,16,Donnée validée,10,Expertisée,20,Bonne,7.384986107,48.102530621,HIXnJ
A1610030,A161003001,2019-06-18,1133.0,2026-05-31T20:30:42Z,16,Donnée validée,10,Expertisée,20,Bonne,7.384986107,48.102530621,HIXnJ
A1610030,A161003001,2019-06-19,1104.0,2026-05-31T20:30:42Z,16,Donnée validée,10,Expertisée,20,Bonne,7.384986107,48.102530621,HIXnJ
A1610030,A161003001,2019-06-20,1081.0,2026-05-31T20:30:42Z,16,Donnée validée,10,Expertisée,20,Bonne,7.384986107,48.102530621,HIXnJ
A1610030,A161003001,2019-06-21,1108.0,2026-05-31T20:30:42Z,16,Donnée validée,10,Expertisée,20,Bonne,7.384986107,48.102530621,HIXnJ
A1610030,A161003001,2019-06-22,1272.0,2026-05-31T20:30:42Z,16,Donnée validée,10,Expertisée,20,Bonne,7.384986107,48.102530621,HIXnJ
A1610030,A161003001,2019-06-23,1119.0,2026-05-31T20:30:42Z,16,Donnée validée,10,Expertisée,20,Bonne,7.384986107,48.102530621,HIXnJ
A1610030,A161003001,2019-06-24,1123.0,2026-05-31T20:30:42Z,16,Donnée validée,10,Expertisée,20,Bonne,7.384986107,48.102530621,HIXnJ
A1610030,A161003001,2019-06-25,1101.0,2026-05-31T20:30:42Z,16,Donnée validée,10,Expertisée,20,Bonne,7.384986107,48.102530621,HIXnJ
A1610030,A161003001,2019-06-26,1110.0,2026-05-31T20:30:42Z,16,Donnée validée,10,Expertisée,20,Bonne,7.384986107,48.102530621,HIXnJ
A1610030,A161003001,2019-06-27,1122.0,2026-05-31T20:30:42Z,16,Donnée validée,10,Expertisée,20,Bonne,7.384986107,48.102530621,HIXnJ
A1610030,A161003001,2019-06-28,1118.0,2026-05-31T20:30:42Z,16,Donnée validée,10,Expertisée,20,Bonne,7.384986107,48.102530621,HIXnJ
A1610030,A161003001,2019-06-29,1125.0,2026-05-31T20:30:42Z,16,Donnée validée,10,Expertisée,20,Bonne,7.384986107,48.102530621,HIXnJ
A1610030,A161003001,2019-06-30,1115.0,2026-05-31T20:30:42Z,16,Donnée validée,10,Expertisée,20,Bonne,7.384986107,48.102530621,HIXnJ
A1610030,A161003001,2019-07-01,1103.0,2026-05-31T20:30:42Z,16,Donnée validée,10,Expertisée,20,Bonne,7.384986107,48.102530621,HIXnJ
A1610030,A161003001,2019-07-02,1099.0,2026-05-31T20:30:42Z,16,Donnée validée,10,Expertisée,20,Bonne,7.384986107,48.102530621,HIXnJ
A1610030,A161003001,2019-07-03,1094.0,2026-05-31T20:30:42Z,16,Donnée validée,10,Expertisée,20,Bonne,7.384986107,48.102530621,HIXnJ
A1610030,A161003001,2019-07-04,1089.0,2026-05-31T20:30:42Z,16,Donnée validée,10,Expertisée,20,Bonne,7.384986107,48.102530621,HIXnJ
A1610030,A161003001,2019-07-05,1088.0,2026-05-31T20:30:42Z,16,Donnée validée,10,Expertisée,20,Bonne,7.384986107,48.102530621,HIXnJ
A1610030,A161003001,2019-07-06,1108.0,2026-05-31T20:30:42Z,16,Donnée validée,10,Expertisée,20,Bonne,7.384986107,48.102530621,HIXnJ
A1610030,A161003001,2019-07-07,1124.0,2026-05-31T20:30:42Z,16,Donnée validée,10,Expertisée,20,Bonne,7.384986107,48.102530621,HIXnJ
A1610030,A161003001,2019-07-08,1130.0,2026-05-31T20:30:42Z,16,Donnée validée,10,Expertisée,20,Bonne,7.384986107,48.102530621,HIXnJ
A1610030,A161003001,2019-07-09,1114.0,2026-05-31T20:30:42Z,16,Donnée validée,10,Expertisée,20,Bonne,7.384986107,48.102530621,HIXnJ
A1610030,A161003001,2019-07-10,1093.0,2026-05-31T20:30:42Z,16,Donnée validée,10,Expertisée,20,Bonne,7.384986107,48.102530621,HIXnJ
A1610030,A161003001,2019-07-11,1095.0,2026-05-31T20:30:42Z,16,Donnée validée,10,Expertisée,20,Bonne,7.384986107,48.102530621,HIXnJ
A1610030,A161003001,2019-07-12,1092.0,2026-05-31T20:30:42Z,16,Donnée validée,10,Expertisée,20,Bonne,7.384986107,48.102530621,HIXnJ
A1610030,A161003001,2019-07-13,1103.0,2026-05-31T20:30:42Z,16,Donnée validée,10,Expertisée,20,Bonne,7.384986107,48.102530621,HIXnJ
A1610030,A161003001,2019-07-14,1094.0,2026-05-31T20:30:42Z,16,Donnée validée,10,Expertisée,20,Bonne,7.384986107,48.102530621,HIXnJ
A1610030,A161003001,2019-07-15,1100.0,2026-05-31T20:30:42Z,16,Donnée validée,10,Expertisée,20,Bonne,7.384986107,48.102530621,HIXnJ
A1610030,A161003001,2019-07-16,1099.0,2026-05-31T20:30:42Z,16,Donnée validée,10,Expertisée,20,Bonne,7.384986107,48.102530621,HIXnJ
A1610030,A161003001,2019-07-17,1088.0,2026-05-31T20:30:42Z,16,Donnée validée,10,Expertisée,20,Bonne,7.384986107,48.102530621,HIXnJ
A1610030,A161003001,2019-07-18,1081.0,2026-05-31T20:30:42Z,16,Donnée validée,10,Expertisée,20,Bonne,7.384986107,48.102530621,HIXnJ
A1610030,A161003001,2019-07-19,1078.0,2026-05-31T20:30:42Z,16,Donnée validée,10,Expertisée,20,Bonne,7.384986107,48.102530621,HIXnJ
A1610030,A161003001,2019-07-20,1081.0,2026-05-31T20:30:42Z,16,Donnée validée,10,Expertisée,20,Bonne,7.384986107,48.102530621,HIXnJ
A1610030,A161003001,2019-07-21,1196.0,2026-05-31T20:30:42Z,16,Donnée validée,10,Expertisée,20,Bonne,7.384986107,48.102530621,HIXnJ
A1610030,A161003001,2019-07-22,1067.0,2026-05-31T20:30:42Z,16,Donnée validée,10,Expertisée,20,Bonne,7.384986107,48.102530621,HIXnJ
A1610030,A161003001,2019-07-23,1062.0,2026-05-31T20:30:42Z,16,Donnée validée,10,Expertisée,20,Bonne,7.384986107,48.102530621,HIXnJ
A1610030,A161003001,2019-07-24,1053.0,2026-05-31T20:30:42Z,16,Donnée validée,10,Expertisée,20,Bonne,7.384986107,48.102530621,HIXnJ
A1610030,A161003001,2019-07-25,1051.0,2026-05-31T20:30:42Z,16,Donnée validée,10,Expertisée,20,Bonne,7.384986107,48.102530621,HIXnJ
A1610030,A161003001,2019-07-26,1109.0,2026-05-31T20:30:42Z,16,Donnée validée,10,Expertisée,20,Bonne,7.384986107,48.102530621,HIXnJ
A1610030,A161003001,2019-07-27,1580.0,2026-05-31T20:30:42Z,16,Donnée validée,10,Expertisée,20,Bonne,7.384986107,48.102530621,HIXnJ
A1610030,A161003001,2019-07-28,1469.0,2026-05-31T20:30:42Z,16,Donnée validée,10,Expertisée,20,Bonne,7.384986107,48.102530621,HIXnJ
A1610030,A161003001,2019-07-29,1299.0,2026-05-31T20:30:42Z,16,Donnée validée,10,Expertisée,20,Bonne,7.384986107,48.102530621,HIXnJ
A1610030,A161003001,2019-07-30,1170.0,2026-05-31T20:30:42Z,16,Donnée validée,10,Expertisée,20,Bonne,7.384986107,48.102530621,HIXnJ
A1610030,A161003001,2019-07-31,1123.0,2026-05-31T20:30:42Z,16,Donnée validée,10,Expertisée,20,Bonne,7.384986107,48.102530621,HIXnJ
A1610030,A161003001,2019-08-01,1100.0,2026-05-31T20:30:42Z,16,Donnée validée,10,Expertisée,20,Bonne,7.384986107,48.102530621,HIXnJ
A1610030,A161003001,2019-08-02,1085.0,2026-05-31T20:30:42Z,16,Donnée validée,10,Expertisée,20,Bonne,7.384986107,48.102530621,HIXnJ
A1610030,A161003001,2019-08-03,1080.0,2026-05-31T20:30:42Z,16,Donnée validée,10,Expertisée,20,Bonne,7.384986107,48.102530621,HIXnJ
A1610030,A161003001,2019-08-04,1075.0,2026-05-31T20:30:42Z,16,Donnée validée,10,Expertisée,20,Bonne,7.384986107,48.102530621,HIXnJ
A1610030,A161003001,2019-08-05,1069.0,2026-05-31T20:30:42Z,16,Donnée validée,10,Expertisée,20,Bonne,7.384986107,48.102530621,HIXnJ
A1610030,A161003001,2019-08-06,1311.0,2026-05-31T20:30:42Z,16,Donnée validée,10,Expertisée,20,Bonne,7.384986107,48.102530621,HIXnJ
A1610030,A161003001,2019-08-07,1422.0,2026-05-31T20:30:42Z,16,Donnée validée,10,Expertisée,20,Bonne,7.384986107,48.102530621,HIXnJ
A1610030,A161003001,2019-08-08,1238.0,2026-05-31T20:30:42Z,16,Donnée validée,10,Expertisée,20,Bonne,7.384986107,48.102530621,HIXnJ
A1610030,A161003001,2019-08-09,1204.0,2026-05-31T20:30:42Z,16,Donnée validée,10,Expertisée,20,Bonne,7.384986107,48.102530621,HIXnJ
A1610030,A161003001,2019-08-10,1284.0,2026-05-31T20:30:42Z,16,Donnée validée,10,Expertisée,20,Bonne,7.384986107,48.102530621,HIXnJ
A1610030,A161003001,2019-08-11,1246.0,2026-05-31T20:30:42Z,16,Donnée validée,10,Expertisée,20,Bonne,7.384986107,48.102530621,HIXnJ
A1610030,A161003001,2019-08-12,1280.0,2026-05-31T20:30:42Z,16,Donnée validée,10,Expertisée,20,Bonne,7.384986107,48.102530621,HIXnJ
A1610030,A161003001,2019-08-13,1203.0,2026-05-31T20:30:42Z,16,Donnée validée,10,Expertisée,20,Bonne,7.384986107,48.102530621,HIXnJ
A1610030,A161003001,2019-08-14,1171.0,2026-05-31T20:30:42Z,16,Donnée validée,10,Expertisée,20,Bonne,7.384986107,48.102530621,HIXnJ
A1610030,A161003001,2019-08-15,1146.0,2026-05-31T20:30:42Z,16,Donnée validée,10,Expertisée,20,Bonne,7.384986107,48.102530621,HIXnJ
A1610030,A161003001,2019-08-16,1136.0,2026-05-31T20:30:42Z,16,Donnée validée,10,Expertisée,20,Bonne,7.384986107,48.102530621,HIXnJ
A1610030,A161003001,2019-08-17,1122.0,2026-05-31T20:30:42Z,16,Donnée validée,10,Expertisée,20,Bonne,7.384986107,48.102530621,HIXnJ
A1610030,A161003001,2019-08-18,1123.0,2026-05-31T20:30:42Z,16,Donnée validée,10,Expertisée,20,Bonne,7.384986107,48.102530621,HIXnJ
A1610030,A161003001,2019-08-19,1276.0,2026-05-31T20:30:42Z,16,Donnée validée,10,Expertisée,20,Bonne,7.384986107,48.102530621,HIXnJ
A1610030,A161003001,2019-08-20,1271.0,2026-05-31T20:30:42Z,16,Donnée validée,10,Expertisée,20,Bonne,7.384986107,48.102530621,HIXnJ
A1610030,A161003001,2019-08-21,1240.0,2026-05-31T20:30:42Z,16,Donnée validée,10,Expertisée,20,Bonne,7.384986107,48.102530621,HIXnJ
A1610030,A161003001,2019-08-22,1228.0,2026-05-31T20:30:42Z,16,Donnée validée,10,Expertisée,20,Bonne,7.384986107,48.102530621,HIXnJ
A1610030,A161003001,2019-08-23,1168.0,2026-05-31T20:30:42Z,16,Donnée validée,10,Expertisée,20,Bonne,7.384986107,48.102530621,HIXnJ
A1610030,A161003001,2019-08-24,1152.0,2026-05-31T20:30:42Z,16,Donnée validée,10,Expertisée,20,Bonne,7.384986107,48.102530621,HIXnJ
A1610030,A161003001,2019-08-25,1140.0,2026-05-31T20:30:42Z,16,Donnée validée,10,Expertisée,20,Bonne,7.384986107,48.102530621,HIXnJ
A1610030,A161003001,2019-08-26,1130.0,2026-05-31T20:30:42Z,16,Donnée validée,10,Expertisée,20,Bonne,7.384986107,48.102530621,HIXnJ
A1610030,A161003001,2019-08-27,1123.0,2026-05-31T20:30:42Z,16,Donnée validée,10,Expertisée,20,Bonne,7.384986107,48.102530621,HIXnJ
A1610030,A161003001,2019-08-28,1121.0,2026-05-31T20:30:42Z,16,Donnée validée,10,Expertisée,20,Bonne,7.384986107,48.102530621,HIXnJ
A1610030,A161003001,2019-08-29,1104.0,2026-05-31T20:30:42Z,16,Donnée validée,10,Expertisée,20,Bonne,7.384986107,48.102530621,HIXnJ
A1610030,A161003001,2019-08-30,1105.0,2026-05-31T20:30:42Z,16,Donnée validée,10,Expertisée,20,Bonne,7.384986107,48.102530621,HIXnJ
A1610030,A161003001,2019-08-31,1097.0,2026-05-31T20:30:42Z,16,Donnée validée,10,Expertisée,20,Bonne,7.384986107,48.102530621,HIXnJ
A1610030,A161003001,2019-09-01,1108.0,2026-05-31T20:30:42Z,16,Donnée validée,10,Expertisée,20,Bonne,7.384986107,48.102530621,HIXnJ
A1610030,A161003001,2019-09-02,1091.0,2026-05-31T20:30:42Z,16,Donnée validée,10,Expertisée,20,Bonne,7.384986107,48.102530621,HIXnJ
A1610030,A161003001,2019-09-03,1086.0,2026-05-31T20:30:42Z,16,Donnée validée,10,Expertisée,20,Bonne,7.384986107,48.102530621,HIXnJ
A1610030,A161003001,2019-09-04,1084.0,2026-05-31T20:30:42Z,16,Donnée validée,10,Expertisée,20,Bonne,7.384986107,48.102530621,HIXnJ
A1610030,A161003001,2019-09-05,1085.0,2026-05-31T20:30:42Z,16,Donnée validée,10,Expertisée,20,Bonne,7.384986107,48.102530621,HIXnJ
A1610030,A161003001,2019-09-06,1097.0,2026-05-31T20:30:42Z,16,Donnée validée,10,Expertisée,20,Bonne,7.384986107,48.102530621,HIXnJ
A1610030,A161003001,2019-09-07,1122.0,2026-05-31T20:30:42Z,16,Donnée validée,10,Expertisée,20,Bonne,7.384986107,48.102530621,HIXnJ
A1610030,A161003001,2019-09-08,1111.0,2026-05-31T20:30:42Z,16,Donnée validée,10,Expertisée,20,Bonne,7.384986107,48.102530621,HIXnJ
A1610030,A161003001,2019-09-09,1201.0,2026-05-31T20:30:42Z,16,Donnée validée,10,Expertisée,20,Bonne,7.384986107,48.102530621,HIXnJ
A1610030,A161003001,2019-09-10,1144.0,2026-05-31T20:30:42Z,16,Donnée validée,10,Expertisée,20,Bonne,7.384986107,48.102530621,HIXnJ
A1610030,A161003001,2019-09-11,1121.0,2026-05-31T20:30:42Z,16,Donnée validée,10,Expertisée,20,Bonne,7.384986107,48.102530621,HIXnJ
A1610030,A161003001,2019-09-12,1115.0,2026-05-31T20:30:42Z,16,Donnée validée,10,Expertisée,20,Bonne,7.384986107,48.102530621,HIXnJ
A1610030,A161003001,2019-09-13,1114.0,2026-05-31T20:30:42Z,16,Donnée validée,10,Expertisée,20,Bonne,7.384986107,48.102530621,HIXnJ
A1610030,A161003001,2019-09-14,1114.0,2026-05-31T20:30:42Z,16,Donnée validée,10,Expertisée,20,Bonne,7.384986107,48.102530621,HIXnJ
A1610030,A161003001,2019-09-15,1113.0,2026-05-31T20:30:42Z,16,Donnée validée,10,Expertisée,20,Bonne,7.384986107,48.102530621,HIXnJ
A1610030,A161003001,2019-09-16,1097.0,2026-05-31T20:30:42Z,16,Donnée validée,10,Expertisée,20,Bonne,7.384986107,48.102530621,HIXnJ
A1610030,A161003001,2019-09-17,1088.0,2026-05-31T20:30:42Z,16,Donnée validée,10,Expertisée,20,Bonne,7.384986107,48.102530621,HIXnJ
A1610030,A161003001,2019-09-18,1080.0,2026-05-31T20:30:42Z,16,Donnée validée,10,Expertisée,20,Bonne,7.384986107,48.102530621,HIXnJ
A1610030,A161003001,2019-09-19,1071.0,2026-05-31T20:30:42Z,16,Donnée validée,10,Expertisée,20,Bonne,7.384986107,48.102530621,HIXnJ
A1610030,A161003001,2019-09-20,1066.0,2026-05-31T20:30:42Z,16,Donnée validée,10,Expertisée,20,Bonne,7.384986107,48.102530621,HIXnJ
A1610030,A161003001,2019-09-21,1066.0,2026-05-31T20:30:42Z,16,Donnée validée,10,Expertisée,20,Bonne,7.384986107,48.102530621,HIXnJ
A1610030,A161003001,2019-09-22,1130.0,2026-05-31T20:30:42Z,16,Donnée validée,10,Expertisée,20,Bonne,7.384986107,48.102530621,HIXnJ
A1610030,A161003001,2019-09-23,1158.0,2026-05-31T20:30:42Z,16,Donnée validée,10,Expertisée,20,Bonne,7.384986107,48.102530621,HIXnJ
A1610030,A161003001,2019-09-24,1135.0,2026-05-31T20:30:42Z,16,Donnée validée,10,Expertisée,20,Bonne,7.384986107,48.102530621,HIXnJ
A1610030,A161003001,2019-09-25,1094.0,2026-05-31T20:30:42Z,16,Donnée validée,10,Expertisée,20,Bonne,7.384986107,48.102530621,HIXnJ
A1610030,A161003001,2019-09-26,1088.0,2026-05-31T20:30:42Z,16,Donnée validée,10,Expertisée,20,Bonne,7.384986107,48.102530621,HIXnJ
A1610030,A161003001,2019-09-27,1083.0,2026-05-31T20:30:42Z,16,Donnée validée,10,Expertisée,20,Bonne,7.384986107,48.102530621,HIXnJ
A1610030,A161003001,2019-09-28,1090.0,2026-05-31T20:30:42Z,16,Donnée validée,10,Expertisée,20,Bonne,7.384986107,48.102530621,HIXnJ
A1610030,A161003001,2019-09-29,1091.0,2026-05-31T20:30:42Z,16,Donnée validée,10,Expertisée,20,Bonne,7.384986107,48.102530621,HIXnJ
A1610030,A161003001,2019-09-30,1084.0,2026-05-31T20:30:42Z,16,Donnée validée,10,Expertisée,20,Bonne,7.384986107,48.102530621,HIXnJ
A1610030,A161003001,2019-10-01,1082.0,2026-05-31T20:30:42Z,16,Donnée validée,10,Expertisée,20,Bonne,7.384986107,48.102530621,HIXnJ
A1610030,A161003001,2019-10-02,1106.0,2026-05-31T20:30:42Z,16,Donnée validée,10,Expertisée,20,Bonne,7.384986107,48.102530621,HIXnJ
A1610030,A161003001,2019-10-03,1115.0,2026-05-31T20:30:42Z,16,Donnée validée,10,Expertisée,20,Bonne,7.384986107,48.102530621,HIXnJ
A1610030,A161003001,2019-10-04,1122.0,2026-05-31T20:30:42Z,16,Donnée validée,10,Expertisée,20,Bonne,7.384986107,48.102530621,HIXnJ
A1610030,A161003001,2019-10-05,1137.0,2026-05-31T20:30:42Z,16,Donnée validée,10,Expertisée,20,Bonne,7.384986107,48.102530621,HIXnJ
A1610030,A161003001,2019-10-06,1175.0,2026-05-31T20:30:42Z,16,Donnée validée,10,Expertisée,20,Bonne,7.384986107,48.102530621,HIXnJ
A1610030,A161003001,2019-10-07,1179.0,2026-05-31T20:30:42Z,16,Donnée validée,10,Expertisée,20,Bonne,7.384986107,48.102530621,HIXnJ
A1610030,A161003001,2019-10-08,1187.0,2026-05-31T20:30:42Z,16,Donnée validée,10,Expertisée,20,Bonne,7.384986107,48.102530621,HIXnJ
A1610030,A161003001,2019-10-09,1143.0,2026-05-31T20:30:42Z,16,Donnée validée,10,Expertisée,20,Bonne,7.384986107,48.102530621,HIXnJ
A1610030,A161003001,2019-10-10,1206.0,2026-05-31T20:30:42Z,16,Donnée validée,10,Expertisée,20,Bonne,7.384986107,48.102530621,HIXnJ
A1610030,A161003001,2019-10-11,1220.0,2026-05-31T20:30:42Z,16,Donnée validée,10,Expertisée,20,Bonne,7.384986107,48.102530621,HIXnJ
A1610030,A161003001,2019-10-12,1250.0,2026-05-31T20:30:42Z,16,Donnée validée,10,Expertisée,20,Bonne,7.384986107,48.102530621,HIXnJ
A1610030,A161003001,2019-10-13,1216.0,2026-05-31T20:30:42Z,16,Donnée validée,10,Expertisée,20,Bonne,7.384986107,48.102530621,HIXnJ
A1610030,A161003001,2019-10-14,1173.0,2026-05-31T20:30:42Z,16,Donnée validée,10,Expertisée,20,Bonne,7.384986107,48.102530621,HIXnJ
A1610030,A161003001,2019-10-15,1150.0,2026-05-31T20:30:42Z,16,Donnée validée,10,Expertisée,20,Bonne,7.384986107,48.102530621,HIXnJ
A1610030,A161003001,2019-10-16,1170.0,2026-05-31T20:30:42Z,16,Donnée validée,10,Expertisée,20,Bonne,7.384986107,48.102530621,HIXnJ
A1610030,A161003001,2019-10-17,1173.0,2026-05-31T20:30:42Z,16,Donnée validée,10,Expertisée,20,Bonne,7.384986107,48.102530621,HIXnJ
A1610030,A161003001,2019-10-18,1165.0,2026-05-31T20:30:42Z,16,Donnée validée,10,Expertisée,20,Bonne,7.384986107,48.102530621,HIXnJ
A1610030,A161003001,2019-10-19,1617.0,2026-05-31T20:30:42Z,16,Donnée validée,10,Expertisée,20,Bonne,7.384986107,48.102530621,HIXnJ
A1610030,A161003001,2019-10-20,2075.0,2026-05-31T20:30:42Z,16,Donnée validée,10,Expertisée,20,Bonne,7.384986107,48.102530621,HIXnJ
A1610030,A161003001,2019-10-21,1856.0,2026-05-31T20:30:42Z,16,Donnée validée,10,Expertisée,20,Bonne,7.384986107,48.102530621,HIXnJ
A1610030,A161003001,2019-10-22,1690.0,2026-05-31T20:30:42Z,16,Donnée validée,10,Expertisée,20,Bonne,7.384986107,48.102530621,HIXnJ
A1610030,A161003001,2019-10-23,1591.0,2026-05-31T20:30:42Z,16,Donnée validée,10,Expertisée,20,Bonne,7.384986107,48.102530621,HIXnJ
A1610030,A161003001,2019-10-24,1435.0,2026-05-31T20:30:42Z,16,Donnée validée,10,Expertisée,20,Bonne,7.384986107,48.102530621,HIXnJ
A1610030,A161003001,2019-10-25,1352.0,2026-05-31T20:30:42Z,16,Donnée validée,10,Expertisée,20,Bonne,7.384986107,48.102530621,HIXnJ
A1610030,A161003001,2019-10-26,1293.0,2026-05-31T20:30:42Z,16,Donnée validée,10,Expertisée,20,Bonne,7.384986107,48.102530621,HIXnJ
A1610030,A161003001,2019-10-27,1266.0,2026-05-31T20:30:42Z,16,Donnée validée,10,Expertisée,20,Bonne,7.384986107,48.102530621,HIXnJ
A1610030,A161003001,2019-10-28,1244.0,2026-05-31T20:30:42Z,16,Donnée validée,10,Expertisée,20,Bonne,7.384986107,48.102530621,HIXnJ
A1610030,A161003001,2019-10-29,1195.0,2026-05-31T20:30:42Z,16,Donnée validée,10,Expertisée,20,Bonne,7.384986107,48.102530621,HIXnJ
A1610030,A161003001,2019-10-30,1184.0,2026-05-31T20:30:42Z,16,Donnée validée,10,Expertisée,20,Bonne,7.384986107,48.102530621,HIXnJ
A1610030,A161003001,2019-10-31,1279.0,2026-05-31T20:30:42Z,16,Donnée validée,10,Expertisée,20,Bonne,7.384986107,48.102530621,HIXnJ
A1610030,A161003001,2019-11-01,1253.0,2026-05-31T20:30:42Z,16,Donnée validée,10,Expertisée,20,Bonne,7.384986107,48.102530621,HIXnJ
A1610030,A161003001,2019-11-02,1343.0,2026-05-31T20:30:42Z,16,Donnée validée,10,Expertisée,20,Bonne,7.384986107,48.102530621,HIXnJ
A1610030,A161003001,2019-11-03,1717.0,2026-05-31T20:30:42Z,16,Donnée validée,10,Expertisée,20,Bonne,7.384986107,48.102530621,HIXnJ
A1610030,A161003001,2019-11-04,2006.0,2026-05-31T20:30:42Z,16,Donnée validée,10,Expertisée,20,Bonne,7.384986107,48.102530621,HIXnJ
A1610030,A161003001,2019-11-05,2037.0,2026-05-31T20:30:42Z,16,Donnée validée,10,Expertisée,20,Bonne,7.384986107,48.102530621,HIXnJ
A1610030,A161003001,2019-11-06,1969.0,2026-05-31T20:30:42Z,16,Donnée validée,10,Expertisée,20,Bonne,7.384986107,48.102530621,HIXnJ
A1610030,A161003001,2019-11-07,1770.0,2026-05-31T20:30:42Z,16,Donnée validée,10,Expertisée,20,Bonne,7.384986107,48.102530621,HIXnJ
A1610030,A161003001,2019-11-08,1620.0,2026-05-31T20:30:42Z,16,Donnée validée,10,Expertisée,20,Bonne,7.384986107,48.102530621,HIXnJ
A1610030,A161003001,2019-11-09,1524.0,2026-05-31T20:30:42Z,16,Donnée validée,10,Expertisée,20,Bonne,7.384986107,48.102530621,HIXnJ
A1610030,A161003001,2019-11-10,1443.0,2026-05-31T20:30:42Z,16,Donnée validée,10,Expertisée,20,Bonne,7.384986107,48.102530621,HIXnJ
A1610030,A161003001,2019-11-11,1391.0,2026-05-31T20:30:42Z,16,Donnée validée,10,Expertisée,20,Bonne,7.384986107,48.102530621,HIXnJ
A1610030,A161003001,2019-11-12,1352.0,2026-05-31T20:30:42Z,16,Donnée validée,10,Expertisée,20,Bonne,7.384986107,48.102530621,HIXnJ
A1610030,A161003001,2019-11-13,1333.0,2026-05-31T20:30:42Z,16,Donnée validée,10,Expertisée,20,Bonne,7.384986107,48.102530621,HIXnJ
A1610030,A161003001,2019-11-14,1366.0,2026-05-31T20:30:42Z,16,Donnée validée,10,Expertisée,20,Bonne,7.384986107,48.102530621,HIXnJ
A1610030,A161003001,2019-11-15,1272.0,2026-05-31T20:30:42Z,16,Donnée validée,10,Expertisée,20,Bonne,7.384986107,48.102530621,HIXnJ
A1610030,A161003001,2019-11-16,1256.0,2026-05-31T20:30:42Z,16,Donnée validée,10,Expertisée,20,Bonne,7.384986107,48.102530621,HIXnJ
A1610030,A161003001,2019-11-17,1250.0,2026-05-31T20:30:42Z,16,Donnée validée,10,Expertisée,20,Bonne,7.384986107,48.102530621,HIXnJ
A1610030,A161003001,2019-11-18,1345.0,2026-05-31T20:30:42Z,16,Donnée validée,10,Expertisée,20,Bonne,7.384986107,48.102530621,HIXnJ
A1610030,A161003001,2019-11-19,1434.0,2026-05-31T20:30:42Z,16,Donnée validée,10,Expertisée,20,Bonne,7.384986107,48.102530621,HIXnJ
A1610030,A161003001,2019-11-20,1406.0,2026-05-31T20:30:42Z,16,Donnée validée,10,Expertisée,20,Bonne,7.384986107,48.102530621,HIXnJ
A1610030,A161003001,2019-11-21,1330.0,2026-05-31T20:30:42Z,16,Donnée validée,10,Expertisée,20,Bonne,7.384986107,48.102530621,HIXnJ
A1610030,A161003001,2019-11-22,1306.0,2026-05-31T20:30:42Z,16,Donnée validée,10,Expertisée,20,Bonne,7.384986107,48.102530621,HIXnJ
A1610030,A161003001,2019-11-23,1288.0,2026-05-31T20:30:42Z,16,Donnée validée,10,Expertisée,20,Bonne,7.384986107,48.102530621,HIXnJ
A1610030,A161003001,2019-11-24,1277.0,2026-05-31T20:30:42Z,16,Donnée validée,10,Expertisée,20,Bonne,7.384986107,48.102530621,HIXnJ
A1610030,A161003001,2019-11-25,1263.0,2026-05-31T20:30:42Z,16,Donnée validée,10,Expertisée,20,Bonne,7.384986107,48.102530621,HIXnJ
A1610030,A161003001,2019-11-26,1234.0,2026-05-31T20:30:42Z,16,Donnée validée,10,Expertisée,20,Bonne,7.384986107,48.102530621,HIXnJ
A1610030,A161003001,2019-11-27,1231.0,2026-05-31T20:30:42Z,16,Donnée validée,10,Expertisée,20,Bonne,7.384986107,48.102530621,HIXnJ
A1610030,A161003001,2019-11-28,1399.0,2026-05-31T20:30:42Z,16,Donnée validée,10,Expertisée,20,Bonne,7.384986107,48.102530621,HIXnJ
A1610030,A161003001,2019-11-29,2156.0,2026-05-31T20:30:42Z,16,Donnée validée,10,Expertisée,20,Bonne,7.384986107,48.102530621,HIXnJ
A1610030,A161003001,2019-11-30,2218.0,2026-05-31T20:30:42Z,16,Donnée validée,10,Expertisée,20,Bonne,7.384986107,48.102530621,HIXnJ
A1610030,A161003001,2019-12-01,2135.0,2026-05-31T20:30:42Z,16,Donnée validée,10,Expertisée,20,Bonne,7.384986107,48.102530621,HIXnJ
A1610030,A161003001,2019-12-02,1885.0,2026-05-31T20:30:42Z,16,Donnée validée,10,Expertisée,20,Bonne,7.384986107,48.102530621,HIXnJ
A1610030,A161003001,2019-12-03,1655.0,2026-05-31T20:30:42Z,16,Donnée validée,10,Expertisée,20,Bonne,7.384986107,48.102530621,HIXnJ
A1610030,A161003001,2019-12-04,1529.0,2026-05-31T20:30:42Z,16,Donnée validée,10,Expertisée,20,Bonne,7.384986107,48.102530621,HIXnJ
A1610030,A161003001,2019-12-05,1470.0,2026-05-31T20:30:42Z,16,Donnée validée,10,Expertisée,20,Bonne,7.384986107,48.102530621,HIXnJ
A1610030,A161003001,2019-12-06,1414.0,2026-05-31T20:30:42Z,16,Donnée validée,10,Expertisée,20,Bonne,7.384986107,48.102530621,HIXnJ
A1610030,A161003001,2019-12-07,1371.0,2026-05-31T20:30:42Z,16,Donnée validée,10,Expertisée,20,Bonne,7.384986107,48.102530621,HIXnJ
A1610030,A161003001,2019-12-08,1359.0,2026-05-31T20:30:42Z,16,Donnée validée,10,Expertisée,20,Bonne,7.384986107,48.102530621,HIXnJ
A1610030,A161003001,2019-12-09,1568.0,2026-05-31T20:30:42Z,16,Donnée validée,10,Expertisée,20,Bonne,7.384986107,48.102530621,HIXnJ
A1610030,A161003001,2019-12-10,1960.0,2026-05-31T20:30:42Z,16,Donnée validée,10,Expertisée,20,Bonne,7.384986107,48.102530621,HIXnJ
A1610030,A161003001,2019-12-11,1897.0,2026-05-31T20:30:42Z,16,Donnée validée,10,Expertisée,20,Bonne,7.384986107,48.102530621,HIXnJ
A1610030,A161003001,2019-12-12,1738.0,2026-05-31T20:30:42Z,16,Donnée validée,10,Expertisée,20,Bonne,7.384986107,48.102530621,HIXnJ
A1610030,A161003001,2019-12-13,2147.0,2026-05-31T20:30:42Z,16,Donnée validée,10,Expertisée,20,Bonne,7.384986107,48.102530621,HIXnJ
A1610030,A161003001,2019-12-14,2315.0,2026-05-31T20:30:42Z,16,Donnée validée,10,Expertisée,20,Bonne,7.384986107,48.102530621,HIXnJ
A1610030,A161003001,2019-12-15,2685.0,2026-05-31T20:30:42Z,16,Donnée validée,10,Expertisée,20,Bonne,7.384986107,48.102530621,HIXnJ
A1610030,A161003001,2019-12-16,3037.0,2026-05-31T20:30:42Z,16,Donnée validée,10,Expertisée,20,Bonne,7.384986107,48.102530621,HIXnJ
A1610030,A161003001,2019-12-17,2616.0,2026-05-31T20:30:42Z,16,Donnée validée,10,Expertisée,20,Bonne,7.384986107,48.102530621,HIXnJ
A1610030,A161003001,2019-12-18,2190.0,2026-05-31T20:30:42Z,16,Donnée validée,10,Expertisée,20,Bonne,7.384986107,48.102530621,HIXnJ
A1610030,A161003001,2019-12-19,1899.0,2026-05-31T20:30:42Z,16,Donnée validée,10,Expertisée,20,Bonne,7.384986107,48.102530621,HIXnJ
A1610030,A161003001,2019-12-20,1797.0,2026-05-31T20:30:42Z,16,Donnée validée,10,Expertisée,20,Bonne,7.384986107,48.102530621,HIXnJ
A1610030,A161003001,2019-12-21,1870.0,2026-05-31T20:30:42Z,16,Donnée validée,10,Expertisée,20,Bonne,7.384986107,48.102530621,HIXnJ
A1610030,A161003001,2019-12-22,2143.0,2026-05-31T20:30:42Z,16,Donnée validée,10,Expertisée,20,Bonne,7.384986107,48.102530621,HIXnJ
A1610030,A161003001,2019-12-23,2638.0,2026-05-31T20:30:42Z,16,Donnée validée,10,Expertisée,20,Bonne,7.384986107,48.102530621,HIXnJ
A1610030,A161003001,2019-12-24,2660.0,2026-05-31T20:30:42Z,16,Donnée validée,10,Expertisée,20,Bonne,7.384986107,48.102530621,HIXnJ
A1610030,A161003001,2019-12-25,2640.0,2026-05-31T20:30:42Z,16,Donnée validée,10,Expertisée,20,Bonne,7.384986107,48.102530621,HIXnJ
A1610030,A161003001,2019-12-26,2575.0,2026-05-31T20:30:42Z,16,Donnée validée,10,Expertisée,20,Bonne,7.384986107,48.102530621,HIXnJ
A1610030,A161003001,2019-12-27,2313.0,2026-05-31T20:30:42Z,16,Donnée validée,10,Expertisée,20,Bonne,7.384986107,48.102530621,HIXnJ
A1610030,A161003001,2019-12-28,2316.0,2026-05-31T20:30:42Z,16,Donnée validée,10,Expertisée,20,Bonne,7.384986107,48.102530621,HIXnJ
A1610030,A161003001,2019-12-29,2158.0,2026-05-31T20:30:42Z,16,Donnée validée,10,Expertisée,20,Bonne,7.384986107,48.102530621,HIXnJ
A1610030,A161003001,2019-12-30,1916.0,2026-05-31T20:30:42Z,16,Donnée validée,10,Expertisée,20,Bonne,7.384986107,48.102530621,HIXnJ
A1610030,A161003001,2019-12-31,1768.0,2026-05-31T20:30:42Z,16,Donnée validée,10,Expertisée,20,Bonne,7.384986107,48.102530621,HIXnJ
A1610030,A161003001,2020-01-01,1650.0,2026-05-31T20:30:42Z,16,Donnée validée,10,Expertisée,20,Bonne,7.384986107,48.102530621,HIXnJ
A1610030,A161003001,2020-01-02,1586.0,2026-05-31T20:30:42Z,16,Donnée validée,10,Expertisée,20,Bonne,7.384986107,48.102530621,HIXnJ
A1610030,A161003001,2020-01-03,1518.0,2026-05-31T20:30:42Z,16,Donnée validée,10,Expertisée,20,Bonne,7.384986107,48.102530621,HIXnJ
A1610030,A161003001,2020-01-04,1467.0,2026-05-31T20:30:42Z,16,Donnée validée,10,Expertisée,20,Bonne,7.384986107,48.102530621,HIXnJ
A1610030,A161003001,2020-01-05,1443.0,2026-05-31T20:30:42Z,16,Donnée validée,10,Expertisée,20,Bonne,7.384986107,48.102530621,HIXnJ
A1610030,A161003001,2020-01-06,1393.0,2026-05-31T20:30:42Z,16,Donnée validée,10,Expertisée,20,Bonne,7.384986107,48.102530621,HIXnJ
A1610030,A161003001,2020-01-07,1378.0,2026-05-31T20:30:42Z,16,Donnée validée,10,Expertisée,20,Bonne,7.384986107,48.102530621,HIXnJ
A1610030,A161003001,2020-01-08,1352.0,2026-05-31T20:30:42Z,16,Donnée validée,10,Expertisée,20,Bonne,7.384986107,48.102530621,HIXnJ
A1610030,A161003001,2020-01-09,1320.0,2026-05-31T20:30:42Z,16,Donnée validée,10,Expertisée,20,Bonne,7.384986107,48.102530621,HIXnJ
A1610030,A161003001,2020-01-10,1312.0,2026-05-31T20:30:42Z,16,Donnée validée,10,Expertisée,20,Bonne,7.384986107,48.102530621,HIXnJ
A1610030,A161003001,2020-01-11,1298.0,2026-05-31T20:30:42Z,16,Donnée validée,10,Expertisée,20,Bonne,7.384986107,48.102530621,HIXnJ
A1610030,A161003001,2020-01-12,1283.0,2026-05-31T20:30:42Z,16,Donnée validée,10,Expertisée,20,Bonne,7.384986107,48.102530621,HIXnJ
A1610030,A161003001,2020-01-13,1334.0,2026-05-31T20:30:42Z,16,Donnée validée,10,Expertisée,20,Bonne,7.384986107,48.102530621,HIXnJ
A1610030,A161003001,2020-01-14,1313.0,2026-05-31T20:30:42Z,16,Donnée validée,10,Expertisée,20,Bonne,7.384986107,48.102530621,HIXnJ
A1610030,A161003001,2020-01-15,1265.0,2026-05-31T20:30:42Z,16,Donnée validée,10,Expertisée,20,Bonne,7.384986107,48.102530621,HIXnJ
A1610030,A161003001,2020-01-16,1241.0,2026-05-31T20:30:42Z,16,Donnée validée,10,Expertisée,20,Bonne,7.384986107,48.102530621,HIXnJ
A1610030,A161003001,2020-01-17,1240.0,2026-05-31T20:30:42Z,16,Donnée validée,10,Expertisée,20,Bonne,7.384986107,48.102530621,HIXnJ
A1610030,A161003001,2020-01-18,1252.0,2026-05-31T20:30:42Z,16,Donnée validée,10,Expertisée,20,Bonne,7.384986107,48.102530621,HIXnJ
A1610030,A161003001,2020-01-19,1243.0,2026-05-31T20:30:42Z,16,Donnée validée,10,Expertisée,20,Bonne,7.384986107,48.102530621,HIXnJ
A1610030,A161003001,2020-01-20,1227.0,2026-05-31T20:30:42Z,16,Donnée validée,10,Expertisée,20,Bonne,7.384986107,48.102530621,HIXnJ
A1610030,A161003001,2020-01-21,1214.0,2026-05-31T20:30:42Z,16,Donnée validée,10,Expertisée,20,Bonne,7.384986107,48.102530621,HIXnJ
A1610030,A161003001,2020-01-22,1213.0,2026-05-31T20:30:42Z,16,Donnée validée,10,Expertisée,20,Bonne,7.384986107,48.102530621,HIXnJ
A1610030,A161003001,2020-01-23,1209.0,2026-05-31T20:30:42Z,16,Donnée validée,10,Expertisée,20,Bonne,7.384986107,48.102530621,HIXnJ
A1610030,A161003001,2020-01-24,1198.0,2026-05-31T20:30:42Z,16,Donnée validée,10,Expertisée,20,Bonne,7.384986107,48.102530621,HIXnJ
A1610030,A161003001,2020-01-25,1195.0,2026-05-31T20:30:42Z,16,Donnée validée,10,Expertisée,20,Bonne,7.384986107,48.102530621,HIXnJ
A1610030,A161003001,2020-01-26,1194.0,2026-05-31T20:30:42Z,16,Donnée validée,10,Expertisée,20,Bonne,7.384986107,48.102530621,HIXnJ
A1610030,A161003001,2020-01-27,1189.0,2026-05-31T20:30:42Z,16,Donnée validée,10,Expertisée,20,Bonne,7.384986107,48.102530621,HIXnJ
A1610030,A161003001,2020-01-28,1434.0,2026-05-31T20:30:42Z,16,Donnée validée,10,Expertisée,20,Bonne,7.384986107,48.102530621,HIXnJ
A1610030,A161003001,2020-01-29,1720.0,2026-05-31T20:30:42Z,16,Donnée validée,10,Expertisée,20,Bonne,7.384986107,48.102530621,HIXnJ
A1610030,A161003001,2020-01-30,1714.0,2026-05-31T20:30:42Z,16,Donnée validée,10,Expertisée,20,Bonne,7.384986107,48.102530621,HIXnJ
A1610030,A161003001,2020-01-31,1836.0,2026-05-31T20:30:42Z,16,Donnée validée,10,Expertisée,20,Bonne,7.384986107,48.102530621,HIXnJ
A1610030,A161003001,2020-02-01,1836.0,2026-05-31T20:30:42Z,16,Donnée validée,10,Expertisée,20,Bonne,7.384986107,48.102530621,HIXnJ
A1610030,A161003001,2020-02-02,2182.0,2026-05-31T20:30:42Z,16,Donnée validée,10,Expertisée,20,Bonne,7.384986107,48.102530621,HIXnJ
A1610030,A161003001,2020-02-03,3187.0,2026-05-31T20:30:42Z,16,Donnée validée,10,Expertisée,20,Bonne,7.384986107,48.102530621,HIXnJ
A1610030,A161003001,2020-02-04,3429.0,2026-05-31T20:30:42Z,16,Donnée validée,10,Expertisée,20,Bonne,7.384986107,48.102530621,HIXnJ
A1610030,A161003001,2020-02-05,3306.0,2026-05-31T20:30:42Z,16,Donnée validée,10,Expertisée,20,Bonne,7.384986107,48.102530621,HIXnJ
A1610030,A161003001,2020-02-06,2692.0,2026-05-31T20:30:42Z,16,Donnée validée,10,Expertisée,20,Bonne,7.384986107,48.102530621,HIXnJ
A1610030,A161003001,2020-02-07,2251.0,2026-05-31T20:30:42Z,16,Donnée validée,10,Expertisée,20,Bonne,7.384986107,48.102530621,HIXnJ
A1610030,A161003001,2020-02-08,1985.0,2026-05-31T20:30:42Z,16,Donnée validée,10,Expertisée,20,Bonne,7.384986107,48.102530621,HIXnJ
A1610030,A161003001,2020-02-09,1783.0,2026-05-31T20:30:42Z,16,Donnée validée,10,Expertisée,20,Bonne,7.384986107,48.102530621,HIXnJ
A1610030,A161003001,2020-02-10,1862.0,2026-05-31T20:30:42Z,16,Donnée validée,10,Expertisée,20,Bonne,7.384986107,48.102530621,HIXnJ
A1610030,A161003001,2020-02-11,2346.0,2026-05-31T20:30:42Z,16,Donnée validée,10,Expertisée,20,Bonne,7.384986107,48.102530621,HIXnJ
A1610030,A161003001,2020-02-12,2444.0,2026-05-31T20:30:42Z,16,Donnée validée,10,Expertisée,20,Bonne,7.384986107,48.102530621,HIXnJ
A1610030,A161003001,2020-02-13,2311.0,2026-05-31T20:30:42Z,16,Donnée validée,10,Expertisée,20,Bonne,7.384986107,48.102530621,HIXnJ
A1610030,A161003001,2020-02-14,2827.0,2026-05-31T20:30:42Z,16,Donnée validée,10,Expertisée,20,Bonne,7.384986107,48.102530621,HIXnJ
A1610030,A161003001,2020-02-15,2778.0,2026-05-31T20:30:42Z,16,Donnée validée,10,Expertisée,20,Bonne,7.384986107,48.102530621,HIXnJ
A1610030,A161003001,2020-02-16,2313.0,2026-05-31T20:30:42Z,16,Donnée validée,10,Expertisée,20,Bonne,7.384986107,48.102530621,HIXnJ
A1610030,A161003001,2020-02-17,2053.0,2026-05-31T20:30:42Z,16,Donnée validée,10,Expertisée,20,Bonne,7.384986107,48.102530621,HIXnJ
A1610030,A161003001,2020-02-18,2117.0,2026-05-31T20:30:42Z,16,Donnée validée,10,Expertisée,20,Bonne,7.384986107,48.102530621,HIXnJ
A1610030,A161003001,2020-02-19,2091.0,2026-05-31T20:30:42Z,16,Donnée validée,10,Expertisée,20,Bonne,7.384986107,48.102530621,HIXnJ
A1610030,A161003001,2020-02-20,2073.0,2026-05-31T20:30:42Z,16,Donnée validée,10,Expertisée,20,Bonne,7.384986107,48.102530621,HIXnJ
A1610030,A161003001,2020-02-21,1939.0,2026-05-31T20:30:42Z,16,Donnée validée,10,Expertisée,20,Bonne,7.384986107,48.102530621,HIXnJ
A1610030,A161003001,2020-02-22,1808.0,2026-05-31T20:30:42Z,16,Donnée validée,10,Expertisée,20,Bonne,7.384986107,48.102530621,HIXnJ
A1610030,A161003001,2020-02-23,1704.0,2026-05-31T20:30:42Z,16,Donnée validée,10,Expertisée,20,Bonne,7.384986107,48.102530621,HIXnJ
A1610030,A161003001,2020-02-24,1634.0,2026-05-31T20:30:42Z,16,Donnée validée,10,Expertisée,20,Bonne,7.384986107,48.102530621,HIXnJ
A1610030,A161003001,2020-02-25,1618.0,2026-05-31T20:30:42Z,16,Donnée validée,10,Expertisée,20,Bonne,7.384986107,48.102530621,HIXnJ
A1610030,A161003001,2020-02-26,1719.0,2026-05-31T20:30:42Z,16,Donnée validée,10,Expertisée,20,Bonne,7.384986107,48.102530621,HIXnJ
A1610030,A161003001,2020-02-27,1856.0,2026-05-31T20:30:42Z,16,Donnée validée,10,Expertisée,20,Bonne,7.384986107,48.102530621,HIXnJ
A1610030,A161003001,2020-02-28,2123.0,2026-05-31T20:30:42Z,16,Donnée validée,10,Expertisée,20,Bonne,7.384986107,48.102530621,HIXnJ
A1610030,A161003001,2020-02-29,1978.0,2026-05-31T20:30:42Z,16,Donnée validée,10,Expertisée,20,Bonne,7.384986107,48.102530621,HIXnJ
A1610030,A161003001,2020-03-01,1962.0,2026-05-31T20:30:42Z,16,Donnée validée,10,Expertisée,20,Bonne,7.384986107,48.102530621,HIXnJ
A1610030,A161003001,2020-03-02,1984.0,2026-05-31T20:30:42Z,16,Donnée validée,10,Expertisée,20,Bonne,7.384986107,48.102530621,HIXnJ
A1610030,A161003001,2020-03-03,2089.0,2026-05-31T20:30:42Z,16,Donnée validée,10,Expertisée,20,Bonne,7.384986107,48.102530621,HIXnJ
A1610030,A161003001,2020-03-04,2048.0,2026-05-31T20:30:42Z,16,Donnée validée,10,Expertisée,20,Bonne,7.384986107,48.102530621,HIXnJ
A1610030,A161003001,2020-03-05,2702.0,2026-05-31T20:30:42Z,16,Donnée validée,10,Expertisée,20,Bonne,7.384986107,48.102530621,HIXnJ
A1610030,A161003001,2020-03-06,3564.0,2026-05-31T20:30:42Z,16,Donnée validée,10,Expertisée,20,Bonne,7.384986107,48.102530621,HIXnJ
A1610030,A161003001,2020-03-07,3576.0,2026-05-31T20:30:42Z,16,Donnée validée,10,Expertisée,20,Bonne,7.384986107,48.102530621,HIXnJ
A1610030,A161003001,2020-03-08,2854.0,2026-05-31T20:30:42Z,16,Donnée validée,10,Expertisée,20,Bonne,7.384986107,48.102530621,HIXnJ
A1610030,A161003001,2020-03-09,2365.0,2026-05-31T20:30:42Z,16,Donnée validée,10,Expertisée,20,Bonne,7.384986107,48.102530621,HIXnJ
A1610030,A161003001,2020-03-10,2305.0,2026-05-31T20:30:42Z,16,Donnée validée,10,Expertisée,20,Bonne,7.384986107,48.102530621,HIXnJ
A1610030,A161003001,2020-03-11,2292.0,2026-05-31T20:30:42Z,16,Donnée validée,10,Expertisée,20,Bonne,7.384986107,48.102530621,HIXnJ
A1610030,A161003001,2020-03-12,2319.0,2026-05-31T20:30:42Z,16,Donnée validée,10,Expertisée,20,Bonne,7.384986107,48.102530621,HIXnJ
A1610030,A161003001,2020-03-13,2200.0,2026-05-31T20:30:42Z,16,Donnée validée,10,Expertisée,20,Bonne,7.384986107,48.102530621,HIXnJ
A1610030,A161003001,2020-03-14,2075.0,2026-05-31T20:30:42Z,16,Donnée validée,10,Expertisée,20,Bonne,7.384986107,48.102530621,HIXnJ
A1610030,A161003001,2020-03-15,1900.0,2026-05-31T20:30:42Z,16,Donnée validée,10,Expertisée,20,Bonne,7.384986107,48.102530621,HIXnJ
A1610030,A161003001,2020-03-16,1760.0,2026-05-31T20:30:42Z,16,Donnée validée,10,Expertisée,20,Bonne,7.384986107,48.102530621,HIXnJ
A1610030,A161003001,2020-03-17,1647.0,2026-05-31T20:30:42Z,16,Donnée validée,10,Expertisée,20,Bonne,7.384986107,48.102530621,HIXnJ
A1610030,A161003001,2020-03-18,1567.0,2026-05-31T20:30:42Z,16,Donnée validée,10,Expertisée,20,Bonne,7.384986107,48.102530621,HIXnJ
A1610030,A161003001,2020-03-19,1512.0,2026-05-31T20:30:42Z,16,Donnée validée,10,Expertisée,20,Bonne,7.384986107,48.102530621,HIXnJ
A1610030,A161003001,2020-03-20,1463.0,2026-05-31T20:30:42Z,16,Donnée validée,10,Expertisée,20,Bonne,7.384986107,48.102530621,HIXnJ
A1610030,A161003001,2020-03-21,1423.0,2026-05-31T20:30:42Z,16,Donnée validée,10,Expertisée,20,Bonne,7.384986107,48.102530621,HIXnJ
A1610030,A161003001,2020-03-22,1393.0,2026-05-31T20:30:42Z,16,Donnée validée,10,Expertisée,20,Bonne,7.384986107,48.102530621,HIXnJ
A1610030,A161003001,2020-03-23,1370.0,2026-05-31T20:30:42Z,16,Donnée validée,10,Expertisée,20,Bonne,7.384986107,48.102530621,HIXnJ
A1610030,A161003001,2020-03-24,1336.0,2026-05-31T20:30:42Z,16,Donnée validée,10,Expertisée,20,Bonne,7.384986107,48.102530621,HIXnJ
A1610030,A161003001,2020-03-25,1311.0,2026-05-31T20:30:42Z,16,Donnée validée,10,Expertisée,20,Bonne,7.384986107,48.102530621,HIXnJ
A1610030,A161003001,2020-03-26,1297.0,2026-05-31T20:30:42Z,16,Donnée validée,10,Expertisée,20,Bonne,7.384986107,48.102530621,HIXnJ
A1610030,A161003001,2020-03-27,1293.0,2026-05-31T20:30:42Z,16,Donnée validée,10,Expertisée,20,Bonne,7.384986107,48.102530621,HIXnJ
A1610030,A161003001,2020-03-28,1272.0,2026-05-31T20:30:42Z,16,Donnée validée,10,Expertisée,20,Bonne,7.384986107,48.102530621,HIXnJ
A1610030,A161003001,2020-03-29,1249.0,2026-05-31T20:30:42Z,16,Donnée validée,10,Expertisée,20,Bonne,7.384986107,48.102530621,HIXnJ
A1610030,A161003001,2020-03-30,1268.0,2026-05-31T20:30:42Z,16,Donnée validée,10,Expertisée,20,Bonne,7.384986107,48.102530621,HIXnJ
A1610030,A161003001,2020-03-31,1257.0,2026-05-31T20:30:42Z,16,Donnée validée,10,Expertisée,20,Bonne,7.384986107,48.102530621,HIXnJ
A1610030,A161003001,2020-04-01,1231.0,2026-05-31T20:30:42Z,16,Donnée validée,10,Expertisée,20,Bonne,7.384986107,48.102530621,HIXnJ
A1610030,A161003001,2020-04-02,1216.0,2026-05-31T20:30:42Z,16,Donnée validée,10,Expertisée,20,Bonne,7.384986107,48.102530621,HIXnJ
A1610030,A161003001,2020-04-03,1210.0,2026-05-31T20:30:42Z,16,Donnée validée,10,Expertisée,20,Bonne,7.384986107,48.102530621,HIXnJ
A1610030,A161003001,2020-04-04,1200.0,2026-05-31T20:30:42Z,16,Donnée validée,10,Expertisée,20,Bonne,7.384986107,48.102530621,HIXnJ
A1610030,A161003001,2020-04-05,1196.0,2026-05-31T20:30:42Z,16,Donnée validée,10,Expertisée,20,Bonne,7.384986107,48.102530621,HIXnJ
A1610030,A161003001,2020-04-06,1171.0,2026-05-31T20:30:42Z,16,Donnée validée,10,Expertisée,20,Bonne,7.384986107,48.102530621,HIXnJ
A1610030,A161003001,2020-04-07,1212.0,2026-05-31T20:30:42Z,16,Donnée validée,10,Expertisée,20,Bonne,7.384986107,48.102530621,HIXnJ
A1610030,A161003001,2020-04-08,1144.0,2026-05-31T20:30:42Z,16,Donnée validée,10,Expertisée,20,Bonne,7.384986107,48.102530621,HIXnJ
A1610030,A161003001,2020-04-09,1188.0,2026-05-31T20:30:42Z,16,Donnée validée,10,Expertisée,20,Bonne,7.384986107,48.102530621,HIXnJ
A1610030,A161003001,2020-04-10,1115.0,2026-05-31T20:30:42Z,16,Donnée validée,10,Expertisée,20,Bonne,7.384986107,48.102530621,HIXnJ
A1610030,A161003001,2020-04-11,1175.0,2026-05-31T20:30:42Z,16,Donnée validée,10,Expertisée,20,Bonne,7.384986107,48.102530621,HIXnJ
A1610030,A161003001,2020-04-12,1092.0,2026-05-31T20:30:42Z,16,Donnée validée,10,Expertisée,20,Bonne,7.384986107,48.102530621,HIXnJ
A1610030,A161003001,2020-04-13,1089.0,2026-05-31T20:30:42Z,16,Donnée validée,10,Expertisée,20,Bonne,7.384986107,48.102530621,HIXnJ
A1610030,A161003001,2020-04-14,1083.0,2026-05-31T20:30:42Z,16,Donnée validée,10,Expertisée,20,Bonne,7.384986107,48.102530621,HIXnJ
A1610030,A161003001,2020-04-15,1126.0,2026-05-31T20:30:42Z,16,Donnée validée,10,Expertisée,20,Bonne,7.384986107,48.102530621,HIXnJ
A1610030,A161003001,2020-04-16,1118.0,2026-05-31T20:30:42Z,16,Donnée validée,10,Expertisée,20,Bonne,7.384986107,48.102530621,HIXnJ
A1610030,A161003001,2020-04-17,1101.0,2026-05-31T20:30:42Z,16,Donnée validée,10,Expertisée,20,Bonne,7.384986107,48.102530621,HIXnJ
A1610030,A161003001,2020-04-18,1095.0,2026-05-31T20:30:42Z,16,Donnée validée,10,Expertisée,20,Bonne,7.384986107,48.102530621,HIXnJ
A1610030,A161003001,2020-04-19,1086.0,2026-05-31T20:30:42Z,16,Donnée validée,10,Expertisée,20,Bonne,7.384986107,48.102530621,HIXnJ
A1610030,A161003001,2020-04-20,1100.0,2026-05-31T20:30:42Z,16,Donnée validée,10,Expertisée,20,Bonne,7.384986107,48.102530621,HIXnJ
A1610030,A161003001,2020-04-21,1091.0,2026-05-31T20:30:42Z,16,Donnée validée,10,Expertisée,20,Bonne,7.384986107,48.102530621,HIXnJ
A1610030,A161003001,2020-04-22,1098.0,2026-05-31T20:30:42Z,16,Donnée validée,10,Expertisée,20,Bonne,7.384986107,48.102530621,HIXnJ
A1610030,A161003001,2020-04-23,1096.0,2026-05-31T20:30:42Z,16,Donnée validée,10,Expertisée,20,Bonne,7.384986107,48.102530621,HIXnJ
A1610030,A161003001,2020-04-24,1086.0,2026-05-31T20:30:42Z,16,Donnée validée,10,Expertisée,20,Bonne,7.384986107,48.102530621,HIXnJ
A1610030,A161003001,2020-04-25,1082.0,2026-05-31T20:30:42Z,16,Donnée validée,10,Expertisée,20,Bonne,7.384986107,48.102530621,HIXnJ
A1610030,A161003001,2020-04-26,1076.0,2026-05-31T20:30:42Z,16,Donnée validée,10,Expertisée,20,Bonne,7.384986107,48.102530621,HIXnJ
A1610030,A161003001,2020-04-27,1117.0,2026-05-31T20:30:42Z,16,Donnée validée,10,Expertisée,20,Bonne,7.384986107,48.102530621,HIXnJ
A1610030,A161003001,2020-04-28,1108.0,2026-05-31T20:30:42Z,16,Donnée validée,10,Expertisée,20,Bonne,7.384986107,48.102530621,HIXnJ
A1610030,A161003001,2020-04-29,1111.0,2026-05-31T20:30:42Z,16,Donnée validée,10,Expertisée,20,Bonne,7.384986107,48.102530621,HIXnJ
A1610030,A161003001,2020-04-30,1130.0,2026-05-31T20:30:42Z,16,Donnée validée,10,Expertisée,20,Bonne,7.384986107,48.102530621,HIXnJ
A1610030,A161003001,2020-05-01,1164.0,2026-05-31T20:30:42Z,16,Donnée validée,10,Expertisée,20,Bonne,7.384986107,48.102530621,HIXnJ
A1610030,A161003001,2020-05-02,1174.0,2026-05-31T20:30:42Z,16,Donnée validée,10,Expertisée,20,Bonne,7.384986107,48.102530621,HIXnJ
A1610030,A161003001,2020-05-03,1194.0,2026-05-31T20:30:42Z,16,Donnée validée,10,Expertisée,20,Bonne,7.384986107,48.102530621,HIXnJ
A1610030,A161003001,2020-05-04,1173.0,2026-05-31T20:30:42Z,16,Donnée validée,10,Expertisée,20,Bonne,7.384986107,48.102530621,HIXnJ
A1610030,A161003001,2020-05-05,1141.0,2026-05-31T20:30:42Z,16,Donnée validée,10,Expertisée,20,Bonne,7.384986107,48.102530621,HIXnJ
A1610030,A161003001,2020-05-06,1132.0,2026-05-31T20:30:42Z,16,Donnée validée,10,Expertisée,20,Bonne,7.384986107,48.102530621,HIXnJ
A1610030,A161003001,2020-05-07,1129.0,2026-05-31T20:30:42Z,16,Donnée validée,10,Expertisée,20,Bonne,7.384986107,48.102530621,HIXnJ
A1610030,A161003001,2020-05-08,1108.0,2026-05-31T20:30:42Z,16,Donnée validée,10,Expertisée,20,Bonne,7.384986107,48.102530621,HIXnJ
A1610030,A161003001,2020-05-09,1106.0,2026-05-31T20:30:42Z,16,Donnée validée,10,Expertisée,20,Bonne,7.384986107,48.102530621,HIXnJ
A1610030,A161003001,2020-05-10,1102.0,2026-05-31T20:30:42Z,16,Donnée validée,10,Expertisée,20,Bonne,7.384986107,48.102530621,HIXnJ
A1610030,A161003001,2020-05-11,1322.0,2026-05-31T20:30:42Z,16,Donnée validée,10,Expertisée,20,Bonne,7.384986107,48.102530621,HIXnJ
A1610030,A161003001,2020-05-12,1472.0,2026-05-31T20:30:42Z,16,Donnée validée,10,Expertisée,20,Bonne,7.384986107,48.102530621,HIXnJ
A1610030,A161003001,2020-05-13,1314.0,2026-05-31T20:30:42Z,16,Donnée validée,10,Expertisée,20,Bonne,7.384986107,48.102530621,HIXnJ
A1610030,A161003001,2020-05-14,1359.0,2026-05-31T20:30:42Z,16,Donnée validée,10,Expertisée,20,Bonne,7.384986107,48.102530621,HIXnJ
A1610030,A161003001,2020-05-15,1351.0,2026-05-31T20:30:42Z,16,Donnée validée,10,Expertisée,20,Bonne,7.384986107,48.102530621,HIXnJ
A1610030,A161003001,2020-05-16,1261.0,2026-05-31T20:30:42Z,16,Donnée validée,10,Expertisée,20,Bonne,7.384986107,48.102530621,HIXnJ
A1610030,A161003001,2020-05-17,1209.0,2026-05-31T20:30:42Z,16,Donnée validée,10,Expertisée,20,Bonne,7.384986107,48.102530621,HIXnJ
A1610030,A161003001,2020-05-18,1207.0,2026-05-31T20:30:42Z,16,Donnée validée,10,Expertisée,20,Bonne,7.384986107,48.102530621,HIXnJ
A1610030,A161003001,2020-05-19,1154.0,2026-05-31T20:30:42Z,16,Donnée validée,10,Expertisée,20,Bonne,7.384986107,48.102530621,HIXnJ
A1610030,A161003001,2020-05-20,1166.0,2026-05-31T20:30:42Z,16,Donnée validée,10,Expertisée,20,Bonne,7.384986107,48.102530621,HIXnJ
A1610030,A161003001,2020-05-21,1121.0,2026-05-31T20:30:42Z,16,Donnée validée,10,Expertisée,20,Bonne,7.384986107,48.102530621,HIXnJ
A1610030,A161003001,2020-05-22,1144.0,2026-05-31T20:30:42Z,16,Donnée validée,10,Expertisée,20,Bonne,7.384986107,48.102530621,HIXnJ
A1610030,A161003001,2020-05-23,1339.0,2026-05-31T20:30:42Z,16,Donnée validée,10,Expertisée,20,Bonne,7.384986107,48.102530621,HIXnJ
A1610030,A161003001,2020-05-24,1396.0,2026-05-31T20:30:42Z,16,Donnée validée,10,Expertisée,20,Bonne,7.384986107,48.102530621,HIXnJ
A1610030,A161003001,2020-05-25,1251.0,2026-05-31T20:30:42Z,16,Donnée validée,10,Expertisée,20,Bonne,7.384986107,48.102530621,HIXnJ
A1610030,A161003001,2020-05-26,1164.0,2026-05-31T20:30:42Z,16,Donnée validée,10,Expertisée,20,Bonne,7.384986107,48.102530621,HIXnJ
A1610030,A161003001,2020-05-27,1137.0,2026-05-31T20:30:42Z,16,Donnée validée,10,Expertisée,20,Bonne,7.384986107,48.102530621,HIXnJ
A1610030,A161003001,2020-05-28,1120.0,2026-05-31T20:30:42Z,16,Donnée validée,10,Expertisée,20,Bonne,7.384986107,48.102530621,HIXnJ
A1610030,A161003001,2020-05-29,1110.0,2026-05-31T20:30:42Z,16,Donnée validée,10,Expertisée,20,Bonne,7.384986107,48.102530621,HIXnJ
A1610030,A161003001,2020-05-30,1103.0,2026-05-31T20:30:42Z,16,Donnée validée,10,Expertisée,20,Bonne,7.384986107,48.102530621,HIXnJ
A1610030,A161003001,2020-05-31,1097.0,2026-05-31T20:30:42Z,16,Donnée validée,10,Expertisée,20,Bonne,7.384986107,48.102530621,HIXnJ
A1610030,A161003001,2020-06-01,1088.0,2026-05-31T20:30:42Z,16,Donnée validée,10,Expertisée,20,Bonne,7.384986107,48.102530621,HIXnJ
A1610030,A161003001,2020-06-02,1076.0,2026-05-31T20:30:42Z,16,Donnée validée,10,Expertisée,20,Bonne,7.384986107,48.102530621,HIXnJ
A1610030,A161003001,2020-06-03,1145.0,2026-05-31T20:30:42Z,16,Donnée validée,10,Expertisée,20,Bonne,7.384986107,48.102530621,HIXnJ
A1610030,A161003001,2020-06-04,1132.0,2026-05-31T20:30:42Z,16,Donnée validée,10,Expertisée,20,Bonne,7.384986107,48.102530621,HIXnJ
A1610030,A161003001,2020-06-05,1177.0,2026-05-31T20:30:42Z,16,Donnée validée,10,Expertisée,20,Bonne,7.384986107,48.102530621,HIXnJ
A1610030,A161003001,2020-06-06,1194.0,2026-05-31T20:30:42Z,16,Donnée validée,10,Expertisée,20,Bonne,7.384986107,48.102530621,HIXnJ
A1610030,A161003001,2020-06-07,1277.0,2026-05-31T20:30:42Z,16,Donnée validée,10,Expertisée,20,Bonne,7.384986107,48.102530621,HIXnJ
A1610030,A161003001,2020-06-08,1271.0,2026-05-31T20:30:42Z,16,Donnée validée,10,Expertisée,20,Bonne,7.384986107,48.102530621,HIXnJ
A1610030,A161003001,2020-06-09,1205.0,2026-05-31T20:30:42Z,16,Donnée validée,10,Expertisée,20,Bonne,7.384986107,48.102530621,HIXnJ
A1610030,A161003001,2020-06-10,1182.0,2026-05-31T20:30:42Z,16,Donnée validée,10,Expertisée,20,Bonne,7.384986107,48.102530621,HIXnJ
A1610030,A161003001,2020-06-11,1218.0,2026-05-31T20:30:42Z,16,Donnée validée,10,Expertisée,20,Bonne,7.384986107,48.102530621,HIXnJ
A1610030,A161003001,2020-06-12,1231.0,2026-05-31T20:30:42Z,16,Donnée validée,10,Expertisée,20,Bonne,7.384986107,48.102530621,HIXnJ
A1610030,A161003001,2020-06-13,1226.0,2026-05-31T20:30:42Z,16,Donnée validée,10,Expertisée,20,Bonne,7.384986107,48.102530621,HIXnJ
A1610030,A161003001,2020-06-14,1238.0,2026-05-31T20:30:42Z,16,Donnée validée,10,Expertisée,20,Bonne,7.384986107,48.102530621,HIXnJ
A1610030,A161003001,2020-06-15,1236.0,2026-05-31T20:30:42Z,16,Donnée validée,10,Expertisée,20,Bonne,7.384986107,48.102530621,HIXnJ
A1610030,A161003001,2020-06-16,1183.0,2026-05-31T20:30:42Z,16,Donnée validée,10,Expertisée,20,Bonne,7.384986107,48.102530621,HIXnJ
A1610030,A161003001,2020-06-17,1599.0,2026-05-31T20:30:42Z,16,Donnée validée,10,Expertisée,20,Bonne,7.384986107,48.102530621,HIXnJ
A1610030,A161003001,2020-06-18,1631.0,2026-05-31T20:30:42Z,16,Donnée validée,10,Expertisée,20,Bonne,7.384986107,48.102530621,HIXnJ
A1610030,A161003001,2020-06-19,1545.0,2026-05-31T20:30:42Z,16,Donnée validée,10,Expertisée,20,Bonne,7.384986107,48.102530621,HIXnJ
A1610030,A161003001,2020-06-20,1474.0,2026-05-31T20:30:42Z,16,Donnée validée,10,Expertisée,20,Bonne,7.384986107,48.102530621,HIXnJ
A1610030,A161003001,2020-06-21,1324.0,2026-05-31T20:30:42Z,16,Donnée validée,10,Expertisée,20,Bonne,7.384986107,48.102530621,HIXnJ
A1610030,A161003001,2020-06-22,1282.0,2026-05-31T20:30:42Z,16,Donnée validée,10,Expertisée,20,Bonne,7.384986107,48.102530621,HIXnJ
A1610030,A161003001,2020-06-23,1231.0,2026-05-31T20:30:42Z,16,Donnée validée,10,Expertisée,20,Bonne,7.384986107,48.102530621,HIXnJ
A1610030,A161003001,2020-06-24,1199.0,2026-05-31T20:30:42Z,16,Donnée validée,10,Expertisée,20,Bonne,7.384986107,48.102530621,HIXnJ
A1610030,A161003001,2020-06-25,1329.0,2026-05-31T20:30:42Z,16,Donnée validée,10,Expertisée,20,Bonne,7.384986107,48.102530621,HIXnJ
A1610030,A161003001,2020-06-26,1157.0,2026-05-31T20:30:42Z,16,Donnée validée,10,Expertisée,20,Bonne,7.384986107,48.102530621,HIXnJ
A1610030,A161003001,2020-06-27,1131.0,2026-05-31T20:30:42Z,16,Donnée validée,10,Expertisée,20,Bonne,7.384986107,48.102530621,HIXnJ
A1610030,A161003001,2020-06-28,1230.0,2026-05-31T20:30:42Z,16,Donnée validée,10,Expertisée,20,Bonne,7.384986107,48.102530621,HIXnJ
A1610030,A161003001,2020-06-29,1295.0,2026-05-31T20:30:42Z,16,Donnée validée,10,Expertisée,20,Bonne,7.384986107,48.102530621,HIXnJ
A1610030,A161003001,2020-06-30,1209.0,2026-05-31T20:30:42Z,16,Donnée validée,10,Expertisée,20,Bonne,7.384986107,48.102530621,HIXnJ
A1610030,A161003001,2020-07-01,1126.0,2026-05-31T20:30:42Z,16,Donnée validée,10,Expertisée,20,Bonne,7.384986107,48.102530621,HIXnJ
A1610030,A161003001,2020-07-02,1131.0,2026-05-31T20:30:42Z,16,Donnée validée,10,Expertisée,20,Bonne,7.384986107,48.102530621,HIXnJ
A1610030,A161003001,2020-07-03,1129.0,2026-05-31T20:30:42Z,16,Donnée validée,10,Expertisée,20,Bonne,7.384986107,48.102530621,HIXnJ
A1610030,A161003001,2020-07-04,1102.0,2026-05-31T20:30:42Z,16,Donnée validée,10,Expertisée,20,Bonne,7.384986107,48.102530621,HIXnJ
A1610030,A161003001,2020-07-05,1080.0,2026-05-31T20:30:42Z,16,Donnée validée,10,Expertisée,20,Bonne,7.384986107,48.102530621,HIXnJ
A1610030,A161003001,2020-07-06,1074.0,2026-05-31T20:30:42Z,16,Donnée validée,10,Expertisée,20,Bonne,7.384986107,48.102530621,HIXnJ
A1610030,A161003001,2020-07-07,1149.0,2026-05-31T20:30:42Z,16,Donnée validée,10,Expertisée,20,Bonne,7.384986107,48.102530621,HIXnJ
A1610030,A161003001,2020-07-08,1131.0,2026-05-31T20:30:42Z,16,Donnée validée,10,Expertisée,20,Bonne,7.384986107,48.102530621,HIXnJ
A1610030,A161003001,2020-07-09,1121.0,2026-05-31T20:30:42Z,16,Donnée validée,10,Expertisée,20,Bonne,7.384986107,48.102530621,HIXnJ
A1610030,A161003001,2020-07-10,1108.0,2026-05-31T20:30:42Z,16,Donnée validée,10,Expertisée,20,Bonne,7.384986107,48.102530621,HIXnJ
A1610030,A161003001,2020-07-11,1126.0,2026-05-31T20:30:42Z,16,Donnée validée,10,Expertisée,20,Bonne,7.384986107,48.102530621,HIXnJ
A1610030,A161003001,2020-07-12,1110.0,2026-05-31T20:30:42Z,16,Donnée validée,10,Expertisée,20,Bonne,7.384986107,48.102530621,HIXnJ
A1610030,A161003001,2020-07-13,1158.0,2026-05-31T20:30:42Z,16,Donnée validée,10,Expertisée,20,Bonne,7.384986107,48.102530621,HIXnJ
A1610030,A161003001,2020-07-14,1110.0,2026-05-31T20:30:42Z,16,Donnée validée,10,Expertisée,20,Bonne,7.384986107,48.102530621,HIXnJ
A1610030,A161003001,2020-07-15,1120.0,2026-05-31T20:30:42Z,16,Donnée validée,10,Expertisée,20,Bonne,7.384986107,48.102530621,HIXnJ
A1610030,A161003001,2020-07-16,1124.0,2026-05-31T20:30:42Z,16,Donnée validée,10,Expertisée,20,Bonne,7.384986107,48.102530621,HIXnJ
A1610030,A161003001,2020-07-17,1132.0,2026-05-31T20:30:42Z,16,Donnée validée,10,Expertisée,20,Bonne,7.384986107,48.102530621,HIXnJ
A1610030,A161003001,2020-07-18,1119.0,2026-05-31T20:30:42Z,16,Donnée validée,10,Expertisée,20,Bonne,7.384986107,48.102530621,HIXnJ
A1610030,A161003001,2020-07-19,1114.0,2026-05-31T20:30:42Z,16,Donnée validée,10,Expertisée,20,Bonne,7.384986107,48.102530621,HIXnJ
A1610030,A161003001,2020-07-20,1089.0,2026-05-31T20:30:42Z,16,Donnée validée,10,Expertisée,20,Bonne,7.384986107,48.102530621,HIXnJ
A1610030,A161003001,2020-07-21,1110.0,2026-05-31T20:30:42Z,16,Donnée validée,10,Expertisée,20,Bonne,7.384986107,48.102530621,HIXnJ
A1610030,A161003001,2020-07-22,1097.0,2026-05-31T20:30:42Z,16,Donnée validée,10,Expertisée,20,Bonne,7.384986107,48.102530621,HIXnJ
A1610030,A161003001,2020-07-23,1098.0,2026-05-31T20:30:42Z,16,Donnée validée,10,Expertisée,20,Bonne,7.384986107,48.102530621,HIXnJ
A1610030,A161003001,2020-07-24,1101.0,2026-05-31T20:30:42Z,16,Donnée validée,10,Expertisée,20,Bonne,7.384986107,48.102530621,HIXnJ
A1610030,A161003001,2020-07-25,1145.0,2026-05-31T20:30:42Z,16,Donnée validée,10,Expertisée,20,Bonne,7.384986107,48.102530621,HIXnJ
A1610030,A161003001,2020-07-26,1102.0,2026-05-31T20:30:42Z,16,Donnée validée,10,Expertisée,20,Bonne,7.384986107,48.102530621,HIXnJ
A1610030,A161003001,2020-07-27,1098.0,2026-05-31T20:30:42Z,16,Donnée validée,10,Expertisée,20,Bonne,7.384986107,48.102530621,HIXnJ
A1610030,A161003001,2020-07-28,1099.0,2026-05-31T20:30:42Z,16,Donnée validée,10,Expertisée,20,Bonne,7.384986107,48.102530621,HIXnJ
A1610030,A161003001,2020-07-29,1098.0,2026-05-31T20:30:42Z,16,Donnée validée,10,Expertisée,20,Bonne,7.384986107,48.102530621,HIXnJ
A1610030,A161003001,2020-07-30,1101.0,2026-05-31T20:30:42Z,16,Donnée validée,10,Expertisée,20,Bonne,7.384986107,48.102530621,HIXnJ
A1610030,A161003001,2020-07-31,1095.0,2026-05-31T20:30:42Z,16,Donnée validée,10,Expertisée,20,Bonne,7.384986107,48.102530621,HIXnJ
A1610030,A161003001,2020-08-01,1356.0,2026-05-31T20:30:42Z,16,Donnée validée,10,Expertisée,20,Bonne,7.384986107,48.102530621,HIXnJ
A1610030,A161003001,2020-08-02,1159.0,2026-05-31T20:30:42Z,16,Donnée validée,10,Expertisée,20,Bonne,7.384986107,48.102530621,HIXnJ
A1610030,A161003001,2020-08-03,1347.0,2026-05-31T20:30:42Z,16,Donnée validée,10,Expertisée,20,Bonne,7.384986107,48.102530621,HIXnJ
A1610030,A161003001,2020-08-04,1313.0,2026-05-31T20:30:42Z,16,Donnée validée,10,Expertisée,20,Bonne,7.384986107,48.102530621,HIXnJ
A1610030,A161003001,2020-08-05,1141.0,2026-05-31T20:30:42Z,16,Donnée validée,10,Expertisée,20,Bonne,7.384986107,48.102530621,HIXnJ
A1610030,A161003001,2020-08-06,1126.0,2026-05-31T20:30:42Z,16,Donnée validée,10,Expertisée,20,Bonne,7.384986107,48.102530621,HIXnJ
A1610030,A161003001,2020-08-07,1119.0,2026-05-31T20:30:42Z,16,Donnée validée,10,Expertisée,20,Bonne,7.384986107,48.102530621,HIXnJ
A1610030,A161003001,2020-08-08,1108.0,2026-05-31T20:30:42Z,16,Donnée validée,10,Expertisée,20,Bonne,7.384986107,48.102530621,HIXnJ
A1610030,A161003001,2020-08-09,1098.0,2026-05-31T20:30:42Z,16,Donnée validée,10,Expertisée,20,Bonne,7.384986107,48.102530621,HIXnJ
A1610030,A161003001,2020-08-10,1088.0,2026-05-31T20:30:42Z,16,Donnée validée,10,Expertisée,20,Bonne,7.384986107,48.102530621,HIXnJ
A1610030,A161003001,2020-08-11,1079.0,2026-05-31T20:30:42Z,16,Donnée validée,10,Expertisée,20,Bonne,7.384986107,48.102530621,HIXnJ
A1610030,A161003001,2020-08-12,1076.0,2026-05-31T20:30:42Z,16,Donnée validée,10,Expertisée,20,Bonne,7.384986107,48.102530621,HIXnJ
A1610030,A161003001,2020-08-13,1085.0,2026-05-31T20:30:42Z,16,Donnée validée,10,Expertisée,20,Bonne,7.384986107,48.102530621,HIXnJ
A1610030,A161003001,2020-08-14,1081.0,2026-05-31T20:30:42Z,16,Donnée validée,10,Expertisée,20,Bonne,7.384986107,48.102530621,HIXnJ
A1610030,A161003001,2020-08-15,1104.0,2026-05-31T20:30:42Z,16,Donnée validée,10,Expertisée,20,Bonne,7.384986107,48.102530621,HIXnJ
A1610030,A161003001,2020-08-16,1095.0,2026-05-31T20:30:42Z,16,Donnée validée,10,Expertisée,20,Bonne,7.384986107,48.102530621,HIXnJ
A1610030,A161003001,2020-08-17,1124.0,2026-05-31T20:30:42Z,16,Donnée validée,10,Expertisée,20,Bonne,7.384986107,48.102530621,HIXnJ
A1610030,A161003001,2020-08-18,1174.0,2026-05-31T20:30:42Z,16,Donnée validée,10,Expertisée,20,Bonne,7.384986107,48.102530621,HIXnJ
A1610030,A161003001,2020-08-19,1101.0,2026-05-31T20:30:42Z,16,Donnée validée,10,Expertisée,20,Bonne,7.384986107,48.102530621,HIXnJ
A1610030,A161003001,2020-08-20,1091.0,2026-05-31T20:30:42Z,16,Donnée validée,10,Expertisée,20,Bonne,7.384986107,48.102530621,HIXnJ
A1610030,A161003001,2020-08-21,1087.0,2026-05-31T20:30:42Z,16,Donnée validée,10,Expertisée,20,Bonne,7.384986107,48.102530621,HIXnJ
A1610030,A161003001,2020-08-22,1083.0,2026-05-31T20:30:42Z,16,Donnée validée,10,Expertisée,20,Bonne,7.384986107,48.102530621,HIXnJ
A1610030,A161003001,2020-08-23,1083.0,2026-05-31T20:30:42Z,16,Donnée validée,10,Expertisée,20,Bonne,7.384986107,48.102530621,HIXnJ
A1610030,A161003001,2020-08-24,1082.0,2026-05-31T20:30:42Z,16,Donnée validée,10,Expertisée,20,Bonne,7.384986107,48.102530621,HIXnJ
A1610030,A161003001,2020-08-25,1088.0,2026-05-31T20:30:42Z,16,Donnée validée,10,Expertisée,20,Bonne,7.384986107,48.102530621,HIXnJ
A1610030,A161003001,2020-08-26,1090.0,2026-05-31T20:30:42Z,16,Donnée validée,10,Expertisée,20,Bonne,7.384986107,48.102530621,HIXnJ
A1610030,A161003001,2020-08-27,1082.0,2026-05-31T20:30:42Z,16,Donnée validée,10,Expertisée,20,Bonne,7.384986107,48.102530621,HIXnJ
A1610030,A161003001,2020-08-28,1232.0,2026-05-31T20:30:42Z,16,Donnée validée,10,Expertisée,20,Bonne,7.384986107,48.102530621,HIXnJ
A1610030,A161003001,2020-08-29,1115.0,2026-05-31T20:30:42Z,16,Donnée validée,10,Expertisée,20,Bonne,7.384986107,48.102530621,HIXnJ
A1610030,A161003001,2020-08-30,1206.0,2026-05-31T20:30:42Z,16,Donnée validée,10,Expertisée,20,Bonne,7.384986107,48.102530621,HIXnJ
A1610030,A161003001,2020-08-31,1170.0,2026-05-31T20:30:42Z,16,Donnée validée,10,Expertisée,20,Bonne,7.384986107,48.102530621,HIXnJ
A1610030,A161003001,2020-09-01,1155.0,2026-05-31T20:30:42Z,16,Donnée validée,10,Expertisée,20,Bonne,7.384986107,48.102530621,HIXnJ
A1610030,A161003001,2020-09-02,1124.0,2026-05-31T20:30:42Z,16,Donnée validée,10,Expertisée,20,Bonne,7.384986107,48.102530621,HIXnJ
A1610030,A161003001,2020-09-03,1124.0,2026-05-31T20:30:42Z,16,Donnée validée,10,Expertisée,20,Bonne,7.384986107,48.102530621,HIXnJ
A1610030,A161003001,2020-09-04,1118.0,2026-05-31T20:30:42Z,16,Donnée validée,10,Expertisée,20,Bonne,7.384986107,48.102530621,HIXnJ
A1610030,A161003001,2020-09-05,1115.0,2026-05-31T20:30:42Z,16,Donnée validée,10,Expertisée,20,Bonne,7.384986107,48.102530621,HIXnJ
A1610030,A161003001,2020-09-06,1115.0,2026-05-31T20:30:42Z,16,Donnée validée,10,Expertisée,20,Bonne,7.384986107,48.102530621,HIXnJ
A1610030,A161003001,2020-09-07,1112.0,2026-05-31T20:30:42Z,16,Donnée validée,10,Expertisée,20,Bonne,7.384986107,48.102530621,HIXnJ
A1610030,A161003001,2020-09-08,1114.0,2026-05-31T20:30:42Z,16,Donnée validée,10,Expertisée,20,Bonne,7.384986107,48.102530621,HIXnJ
A1610030,A161003001,2020-09-09,1114.0,2026-05-31T20:30:42Z,16,Donnée validée,10,Expertisée,20,Bonne,7.384986107,48.102530621,HIXnJ
A1610030,A161003001,2020-09-10,1112.0,2026-05-31T20:30:42Z,16,Donnée validée,10,Expertisée,20,Bonne,7.384986107,48.102530621,HIXnJ
A1610030,A161003001,2020-09-11,1110.0,2026-05-31T20:30:42Z,16,Donnée validée,10,Expertisée,20,Bonne,7.384986107,48.102530621,HIXnJ
A1610030,A161003001,2020-09-12,1108.0,2026-05-31T20:30:42Z,16,Donnée validée,10,Expertisée,20,Bonne,7.384986107,48.102530621,HIXnJ
A1610030,A161003001,2020-09-13,1105.0,2026-05-31T20:30:42Z,16,Donnée validée,10,Expertisée,20,Bonne,7.384986107,48.102530621,HIXnJ
A1610030,A161003001,2020-09-14,1102.0,2026-05-31T20:30:42Z,16,Donnée validée,10,Expertisée,20,Bonne,7.384986107,48.102530621,HIXnJ
A1610030,A161003001,2020-09-15,1092.0,2026-05-31T20:30:42Z,16,Donnée validée,10,Expertisée,20,Bonne,7.384986107,48.102530621,HIXnJ
A1610030,A161003001,2020-09-16,1090.0,2026-05-31T20:30:42Z,16,Donnée validée,10,Expertisée,20,Bonne,7.384986107,48.102530621,HIXnJ
A1610030,A161003001,2020-09-17,1090.0,2026-05-31T20:30:42Z,16,Donnée validée,10,Expertisée,20,Bonne,7.384986107,48.102530621,HIXnJ
A1610030,A161003001,2020-09-18,1091.0,2026-05-31T20:30:42Z,16,Donnée validée,10,Expertisée,20,Bonne,7.384986107,48.102530621,HIXnJ
A1610030,A161003001,2020-09-19,1091.0,2026-05-31T20:30:42Z,16,Donnée validée,10,Expertisée,20,Bonne,7.384986107,48.102530621,HIXnJ
A1610030,A161003001,2020-09-20,1093.0,2026-05-31T20:30:42Z,16,Donnée validée,10,Expertisée,20,Bonne,7.384986107,48.102530621,HIXnJ
A1610030,A161003001,2020-09-21,1094.0,2026-05-31T20:30:42Z,16,Donnée validée,10,Expertisée,20,Bonne,7.384986107,48.102530621,HIXnJ
A1610030,A161003001,2020-09-22,1098.0,2026-05-31T20:30:42Z,16,Donnée validée,10,Expertisée,20,Bonne,7.384986107,48.102530621,HIXnJ
A1610030,A161003001,2020-09-23,1097.0,2026-05-31T20:30:42Z,16,Donnée validée,10,Expertisée,20,Bonne,7.384986107,48.102530621,HIXnJ
A1610030,A161003001,2020-09-24,1105.0,2026-05-31T20:30:42Z,16,Donnée validée,10,Expertisée,20,Bonne,7.384986107,48.102530621,HIXnJ
A1610030,A161003001,2020-09-25,1166.0,2026-05-31T20:30:42Z,16,Donnée validée,10,Expertisée,20,Bonne,7.384986107,48.102530621,HIXnJ
A1610030,A161003001,2020-09-26,1161.0,2026-05-31T20:30:42Z,16,Donnée validée,10,Expertisée,20,Bonne,7.384986107,48.102530621,HIXnJ
A1610030,A161003001,2020-09-27,1233.0,2026-05-31T20:30:42Z,16,Donnée validée,10,Expertisée,20,Bonne,7.384986107,48.102530621,HIXnJ
A1610030,A161003001,2020-09-28,1235.0,2026-05-31T20:30:42Z,16,Donnée validée,10,Expertisée,20,Bonne,7.384986107,48.102530621,HIXnJ
A1610030,A161003001,2020-09-29,1201.0,2026-05-31T20:30:42Z,16,Donnée validée,10,Expertisée,20,Bonne,7.384986107,48.102530621,HIXnJ
A1610030,A161003001,2020-09-30,1190.0,2026-05-31T20:30:42Z,16,Donnée validée,10,Expertisée,20,Bonne,7.384986107,48.102530621,HIXnJ
A1610030,A161003001,2020-10-01,1183.0,2026-05-31T20:30:42Z,16,Donnée validée,10,Expertisée,20,Bonne,7.384986107,48.102530621,HIXnJ
A1610030,A161003001,2020-10-02,1176.0,2026-05-31T20:30:42Z,16,Donnée validée,10,Expertisée,20,Bonne,7.384986107,48.102530621,HIXnJ
A1610030,A161003001,2020-10-03,1273.0,2026-05-31T20:30:42Z,16,Donnée validée,10,Expertisée,20,Bonne,7.384986107,48.102530621,HIXnJ
A1610030,A161003001,2020-10-04,1382.0,2026-05-31T20:30:42Z,16,Donnée validée,10,Expertisée,20,Bonne,7.384986107,48.102530621,HIXnJ
A1610030,A161003001,2020-10-05,1382.0,2026-05-31T20:30:42Z,16,Donnée validée,10,Expertisée,20,Bonne,7.384986107,48.102530621,HIXnJ
A1610030,A161003001,2020-10-06,1591.0,2026-05-31T20:30:42Z,16,Donnée validée,10,Expertisée,20,Bonne,7.384986107,48.102530621,HIXnJ
A1610030,A161003001,2020-10-07,1965.0,2026-05-31T20:30:42Z,16,Donnée validée,10,Expertisée,20,Bonne,7.384986107,48.102530621,HIXnJ
A1610030,A161003001,2020-10-08,2009.0,2026-05-31T20:30:42Z,16,Donnée validée,10,Expertisée,20,Bonne,7.384986107,48.102530621,HIXnJ
A1610030,A161003001,2020-10-09,1812.0,2026-05-31T20:30:42Z,16,Donnée validée,10,Expertisée,20,Bonne,7.384986107,48.102530621,HIXnJ
A1610030,A161003001,2020-10-10,1579.0,2026-05-31T20:30:42Z,16,Donnée validée,10,Expertisée,20,Bonne,7.384986107,48.102530621,HIXnJ
A1610030,A161003001,2020-10-11,1475.0,2026-05-31T20:30:42Z,16,Donnée validée,10,Expertisée,20,Bonne,7.384986107,48.102530621,HIXnJ
A1610030,A161003001,2020-10-12,1419.0,2026-05-31T20:30:42Z,16,Donnée validée,10,Expertisée,20,Bonne,7.384986107,48.102530621,HIXnJ
A1610030,A161003001,2020-10-13,1317.0,2026-05-31T20:30:42Z,16,Donnée validée,10,Expertisée,20,Bonne,7.384986107,48.102530621,HIXnJ
A1610030,A161003001,2020-10-14,1280.0,2026-05-31T20:30:42Z,16,Donnée validée,10,Expertisée,20,Bonne,7.384986107,48.102530621,HIXnJ
A1610030,A161003001,2020-10-15,1241.0,2026-05-31T20:30:42Z,16,Donnée validée,10,Expertisée,20,Bonne,7.384986107,48.102530621,HIXnJ
A1610030,A161003001,2020-10-16,1203.0,2026-05-31T20:30:42Z,16,Donnée validée,10,Expertisée,20,Bonne,7.384986107,48.102530621,HIXnJ
A1610030,A161003001,2020-10-17,1177.0,2026-05-31T20:30:42Z,16,Donnée validée,10,Expertisée,20,Bonne,7.384986107,48.102530621,HIXnJ
A1610030,A161003001,2020-10-18,1172.0,2026-05-31T20:30:42Z,16,Donnée validée,10,Expertisée,20,Bonne,7.384986107,48.102530621,HIXnJ
A1610030,A161003001,2020-10-19,1158.0,2026-05-31T20:30:42Z,16,Donnée validée,10,Expertisée,20,Bonne,7.384986107,48.102530621,HIXnJ
A1610030,A161003001,2020-10-20,1121.0,2026-05-31T20:30:42Z,16,Donnée validée,10,Expertisée,20,Bonne,7.384986107,48.102530621,HIXnJ
A1610030,A161003001,2020-10-21,1087.0,2026-05-31T20:30:42Z,16,Donnée validée,10,Expertisée,20,Bonne,7.384986107,48.102530621,HIXnJ
A1610030,A161003001,2020-10-22,1083.0,2026-05-31T20:30:42Z,16,Donnée validée,10,Expertisée,20,Bonne,7.384986107,48.102530621,HIXnJ
A1610030,A161003001,2020-10-23,1139.0,2026-05-31T20:30:42Z,16,Donnée validée,10,Expertisée,20,Bonne,7.384986107,48.102530621,HIXnJ
A1610030,A161003001,2020-10-24,1321.0,2026-05-31T20:30:42Z,16,Donnée validée,10,Expertisée,20,Bonne,7.384986107,48.102530621,HIXnJ
A1610030,A161003001,2020-10-25,1308.0,2026-05-31T20:30:42Z,16,Donnée validée,10,Expertisée,20,Bonne,7.384986107,48.102530621,HIXnJ
A1610030,A161003001,2020-10-26,1305.0,2026-05-31T20:30:42Z,16,Donnée validée,10,Expertisée,20,Bonne,7.384986107,48.102530621,HIXnJ
A1610030,A161003001,2020-10-27,1338.0,2026-05-31T20:30:42Z,16,Donnée validée,10,Expertisée,20,Bonne,7.384986107,48.102530621,HIXnJ
A1610030,A161003001,2020-10-28,1318.0,2026-05-31T20:30:42Z,16,Donnée validée,10,Expertisée,20,Bonne,7.384986107,48.102530621,HIXnJ
A1610030,A161003001,2020-10-29,1406.0,2026-05-31T20:30:42Z,16,Donnée validée,10,Expertisée,20,Bonne,7.384986107,48.102530621,HIXnJ
A1610030,A161003001,2020-10-30,1468.0,2026-05-31T20:30:42Z,16,Donnée validée,10,Expertisée,20,Bonne,7.384986107,48.102530621,HIXnJ
A1610030,A161003001,2020-10-31,1463.0,2026-05-31T20:30:42Z,16,Donnée validée,10,Expertisée,20,Bonne,7.384986107,48.102530621,HIXnJ
A1610030,A161003001,2020-11-01,1404.0,2026-05-31T20:30:42Z,16,Donnée validée,10,Expertisée,20,Bonne,7.384986107,48.102530621,HIXnJ
A1610030,A161003001,2020-11-02,1390.0,2026-05-31T20:30:42Z,16,Donnée validée,10,Expertisée,20,Bonne,7.384986107,48.102530621,HIXnJ
A1610030,A161003001,2020-11-03,1420.0,2026-05-31T20:30:42Z,16,Donnée validée,10,Expertisée,20,Bonne,7.384986107,48.102530621,HIXnJ
A1610030,A161003001,2020-11-04,1376.0,2026-05-31T20:30:42Z,16,Donnée validée,10,Expertisée,20,Bonne,7.384986107,48.102530621,HIXnJ
A1610030,A161003001,2020-11-05,1347.0,2026-05-31T20:30:42Z,16,Donnée validée,10,Expertisée,20,Bonne,7.384986107,48.102530621,HIXnJ
A1610030,A161003001,2020-11-06,1312.0,2026-05-31T20:30:42Z,16,Donnée validée,10,Expertisée,20,Bonne,7.384986107,48.102530621,HIXnJ
A1610030,A161003001,2020-11-07,1263.0,2026-05-31T20:30:42Z,16,Donnée validée,10,Expertisée,20,Bonne,7.384986107,48.102530621,HIXnJ
A1610030,A161003001,2020-11-08,1237.0,2026-05-31T20:30:42Z,16,Donnée validée,10,Expertisée,20,Bonne,7.384986107,48.102530621,HIXnJ
A1610030,A161003001,2020-11-09,1207.0,2026-05-31T20:30:42Z,16,Donnée validée,10,Expertisée,20,Bonne,7.384986107,48.102530621,HIXnJ
A1610030,A161003001,2020-11-10,1240.0,2026-05-31T20:30:42Z,16,Donnée validée,10,Expertisée,20,Bonne,7.384986107,48.102530621,HIXnJ
A1610030,A161003001,2020-11-11,1159.0,2026-05-31T20:30:42Z,16,Donnée validée,10,Expertisée,20,Bonne,7.384986107,48.102530621,HIXnJ
A1610030,A161003001,2020-11-12,1151.0,2026-05-31T20:30:42Z,16,Donnée validée,10,Expertisée,20,Bonne,7.384986107,48.102530621,HIXnJ
A1610030,A161003001,2020-11-13,1138.0,2026-05-31T20:30:42Z,16,Donnée validée,10,Expertisée,20,Bonne,7.384986107,48.102530621,HIXnJ
A1610030,A161003001,2020-11-14,1128.0,2026-05-31T20:30:42Z,16,Donnée validée,10,Expertisée,20,Bonne,7.384986107,48.102530621,HIXnJ
A1610030,A161003001,2020-11-15,1115.0,2026-05-31T20:30:42Z,16,Donnée validée,10,Expertisée,20,Bonne,7.384986107,48.102530621,HIXnJ
A1610030,A161003001,2020-11-16,1119.0,2026-05-31T20:30:42Z,16,Donnée validée,10,Expertisée,20,Bonne,7.384986107,48.102530621,HIXnJ
A1610030,A161003001,2020-11-17,1118.0,2026-05-31T20:30:42Z,16,Donnée validée,10,Expertisée,20,Bonne,7.384986107,48.102530621,HIXnJ
A1610030,A161003001,2020-11-18,1107.0,2026-05-31T20:30:42Z,16,Donnée validée,10,Expertisée,20,Bonne,7.384986107,48.102530621,HIXnJ
A1610030,A161003001,2020-11-19,1088.0,2026-05-31T20:30:42Z,16,Donnée validée,10,Expertisée,20,Bonne,7.384986107,48.102530621,HIXnJ
A1610030,A161003001,2020-11-20,1100.0,2026-05-31T20:30:42Z,16,Donnée validée,10,Expertisée,20,Bonne,7.384986107,48.102530621,HIXnJ
A1610030,A161003001,2020-11-21,1102.0,2026-05-31T20:30:42Z,16,Donnée validée,10,Expertisée,20,Bonne,7.384986107,48.102530621,HIXnJ
A1610030,A161003001,2020-11-22,1104.0,2026-05-31T20:30:42Z,16,Donnée validée,10,Expertisée,20,Bonne,7.384986107,48.102530621,HIXnJ
A1610030,A161003001,2020-11-23,1104.0,2026-05-31T20:30:42Z,16,Donnée validée,10,Expertisée,20,Bonne,7.384986107,48.102530621,HIXnJ
A1610030,A161003001,2020-11-24,1110.0,2026-05-31T20:30:42Z,16,Donnée validée,10,Expertisée,20,Bonne,7.384986107,48.102530621,HIXnJ
A1610030,A161003001,2020-11-25,1105.0,2026-05-31T20:30:42Z,16,Donnée validée,10,Expertisée,20,Bonne,7.384986107,48.102530621,HIXnJ
A1610030,A161003001,2020-11-26,1106.0,2026-05-31T20:30:42Z,16,Donnée validée,10,Expertisée,20,Bonne,7.384986107,48.102530621,HIXnJ
A1610030,A161003001,2020-11-27,1105.0,2026-05-31T20:30:42Z,16,Donnée validée,10,Expertisée,20,Bonne,7.384986107,48.102530621,HIXnJ
A1610030,A161003001,2020-11-28,1100.0,2026-05-31T20:30:42Z,16,Donnée validée,10,Expertisée,20,Bonne,7.384986107,48.102530621,HIXnJ
A1610030,A161003001,2020-11-29,1091.0,2026-05-31T20:30:42Z,16,Donnée validée,10,Expertisée,20,Bonne,7.384986107,48.102530621,HIXnJ
A1610030,A161003001,2020-11-30,1091.0,2026-05-31T20:30:42Z,16,Donnée validée,10,Expertisée,20,Bonne,7.384986107,48.102530621,HIXnJ
A1610030,A161003001,2020-12-01,1093.0,2026-05-31T20:30:42Z,16,Donnée validée,10,Expertisée,20,Bonne,7.384986107,48.102530621,HIXnJ
A1610030,A161003001,2020-12-02,1095.0,2026-05-31T20:30:42Z,16,Donnée validée,10,Expertisée,20,Bonne,7.384986107,48.102530621,HIXnJ
A1610030,A161003001,2020-12-03,1100.0,2026-05-31T20:30:42Z,16,Donnée validée,10,Expertisée,20,Bonne,7.384986107,48.102530621,HIXnJ
A1610030,A161003001,2020-12-04,1227.0,2026-05-31T20:30:42Z,16,Donnée validée,10,Expertisée,20,Bonne,7.384986107,48.102530621,HIXnJ
A1610030,A161003001,2020-12-05,1299.0,2026-05-31T20:30:42Z,16,Donnée validée,10,Expertisée,20,Bonne,7.384986107,48.102530621,HIXnJ
A1610030,A161003001,2020-12-06,1299.0,2026-05-31T20:30:42Z,16,Donnée validée,10,Expertisée,20,Bonne,7.384986107,48.102530621,HIXnJ
A1610030,A161003001,2020-12-07,1238.0,2026-05-31T20:30:42Z,16,Donnée validée,10,Expertisée,20,Bonne,7.384986107,48.102530621,HIXnJ
A1610030,A161003001,2020-12-08,1221.0,2026-05-31T20:30:42Z,16,Donnée validée,10,Expertisée,20,Bonne,7.384986107,48.102530621,HIXnJ
A1610030,A161003001,2020-12-09,1182.0,2026-05-31T20:30:42Z,16,Donnée validée,10,Expertisée,20,Bonne,7.384986107,48.102530621,HIXnJ
A1610030,A161003001,2020-12-10,1168.0,2026-05-31T20:30:42Z,16,Donnée validée,10,Expertisée,20,Bonne,7.384986107,48.102530621,HIXnJ
A1610030,A161003001,2020-12-11,1158.0,2026-05-31T20:30:42Z,16,Donnée validée,10,Expertisée,20,Bonne,7.384986107,48.102530621,HIXnJ
A1610030,A161003001,2020-12-12,1254.0,2026-05-31T20:30:42Z,16,Donnée validée,10,Expertisée,20,Bonne,7.384986107,48.102530621,HIXnJ
A1610030,A161003001,2020-12-13,1324.0,2026-05-31T20:30:42Z,16,Donnée validée,10,Expertisée,20,Bonne,7.384986107,48.102530621,HIXnJ
A1610030,A161003001,2020-12-14,1324.0,2026-05-31T20:30:42Z,16,Donnée validée,10,Expertisée,20,Bonne,7.384986107,48.102530621,HIXnJ
A1610030,A161003001,2020-12-15,1310.0,2026-05-31T20:30:42Z,16,Donnée validée,10,Expertisée,20,Bonne,7.384986107,48.102530621,HIXnJ
A1610030,A161003001,2020-12-16,1326.0,2026-05-31T20:30:42Z,16,Donnée validée,10,Expertisée,20,Bonne,7.384986107,48.102530621,HIXnJ
A1610030,A161003001,2020-12-17,1322.0,2026-05-31T20:30:42Z,16,Donnée validée,10,Expertisée,20,Bonne,7.384986107,48.102530621,HIXnJ
A1610030,A161003001,2020-12-18,1303.0,2026-05-31T20:30:42Z,16,Donnée validée,10,Expertisée,20,Bonne,7.384986107,48.102530621,HIXnJ
A1610030,A161003001,2020-12-19,1275.0,2026-05-31T20:30:42Z,16,Donnée validée,10,Expertisée,20,Bonne,7.384986107,48.102530621,HIXnJ
A1610030,A161003001,2020-12-20,1276.0,2026-05-31T20:30:42Z,16,Donnée validée,10,Expertisée,20,Bonne,7.384986107,48.102530621,HIXnJ
A1610030,A161003001,2020-12-21,1285.0,2026-05-31T20:30:42Z,16,Donnée validée,10,Expertisée,20,Bonne,7.384986107,48.102530621,HIXnJ
A1610030,A161003001,2020-12-22,1369.0,2026-05-31T20:30:42Z,16,Donnée validée,10,Expertisée,20,Bonne,7.384986107,48.102530621,HIXnJ
A1610030,A161003001,2020-12-23,1605.0,2026-05-31T20:30:42Z,16,Donnée validée,10,Expertisée,20,Bonne,7.384986107,48.102530621,HIXnJ
A1610030,A161003001,2020-12-24,1982.0,2026-05-31T20:30:42Z,16,Donnée validée,10,Expertisée,20,Bonne,7.384986107,48.102530621,HIXnJ
A1610030,A161003001,2020-12-25,2136.0,2026-05-31T20:30:42Z,16,Donnée validée,10,Expertisée,20,Bonne,7.384986107,48.102530621,HIXnJ
A1610030,A161003001,2020-12-26,1977.0,2026-05-31T20:30:42Z,16,Donnée validée,10,Expertisée,20,Bonne,7.384986107,48.102530621,HIXnJ
A1610030,A161003001,2020-12-27,1728.0,2026-05-31T20:30:42Z,16,Donnée validée,10,Expertisée,20,Bonne,7.384986107,48.102530621,HIXnJ
A1610030,A161003001,2020-12-28,1820.0,2026-05-31T20:30:42Z,16,Donnée validée,10,Expertisée,20,Bonne,7.384986107,48.102530621,HIXnJ
A1610030,A161003001,2020-12-29,2028.0,2026-05-31T20:30:42Z,16,Donnée validée,10,Expertisée,20,Bonne,7.384986107,48.102530621,HIXnJ
A1610030,A161003001,2020-12-30,2008.0,2026-05-31T20:30:42Z,16,Donnée validée,10,Expertisée,20,Bonne,7.384986107,48.102530621,HIXnJ
A1610030,A161003001,2020-12-31,1769.0,2026-05-31T20:30:42Z,16,Donnée validée,10,Expertisée,20,Bonne,7.384986107,48.102530621,HIXnJ
A1610030,A161003001,2021-01-01,1638.0,2026-05-31T20:30:42Z,16,Donnée validée,10,Expertisée,20,Bonne,7.384986107,48.102530621,HIXnJ
A1610030,A161003001,2021-01-02,1584.0,2026-05-31T20:30:42Z,16,Donnée validée,10,Expertisée,20,Bonne,7.384986107,48.102530621,HIXnJ
A1610030,A161003001,2021-01-03,1516.0,2026-05-31T20:30:42Z,16,Donnée validée,10,Expertisée,20,Bonne,7.384986107,48.102530621,HIXnJ
A1610030,A161003001,2021-01-04,1440.0,2026-05-31T20:30:42Z,16,Donnée validée,10,Expertisée,20,Bonne,7.384986107,48.102530621,HIXnJ
A1610030,A161003001,2021-01-05,1400.0,2026-05-31T20:30:42Z,16,Donnée validée,10,Expertisée,20,Bonne,7.384986107,48.102530621,HIXnJ
A1610030,A161003001,2021-01-06,1380.0,2026-05-31T20:30:42Z,16,Donnée validée,10,Expertisée,20,Bonne,7.384986107,48.102530621,HIXnJ
A1610030,A161003001,2021-01-07,1342.0,2026-05-31T20:30:42Z,16,Donnée validée,10,Expertisée,20,Bonne,7.384986107,48.102530621,HIXnJ
A1610030,A161003001,2021-01-08,1341.0,2026-05-31T20:30:42Z,16,Donnée validée,10,Expertisée,20,Bonne,7.384986107,48.102530621,HIXnJ
A1610030,A161003001,2021-01-09,1324.0,2026-05-31T20:30:42Z,16,Donnée validée,10,Expertisée,20,Bonne,7.384986107,48.102530621,HIXnJ
A1610030,A161003001,2021-01-10,1282.0,2026-05-31T20:30:42Z,16,Donnée validée,10,Expertisée,20,Bonne,7.384986107,48.102530621,HIXnJ
A1610030,A161003001,2021-01-11,1263.0,2026-05-31T20:30:42Z,16,Donnée validée,10,Expertisée,20,Bonne,7.384986107,48.102530621,HIXnJ
A1610030,A161003001,2021-01-12,1264.0,2026-05-31T20:30:42Z,16,Donnée validée,10,Expertisée,20,Bonne,7.384986107,48.102530621,HIXnJ
A1610030,A161003001,2021-01-13,1291.0,2026-05-31T20:30:42Z,16,Donnée validée,10,Expertisée,20,Bonne,7.384986107,48.102530621,HIXnJ
A1610030,A161003001,2021-01-14,2181.0,2026-05-31T20:30:42Z,16,Donnée validée,10,Expertisée,20,Bonne,7.384986107,48.102530621,HIXnJ
A1610030,A161003001,2021-01-15,2460.0,2026-05-31T20:30:42Z,16,Donnée validée,10,Expertisée,20,Bonne,7.384986107,48.102530621,HIXnJ
A1610030,A161003001,2021-01-16,2120.0,2026-05-31T20:30:42Z,16,Donnée validée,10,Expertisée,20,Bonne,7.384986107,48.102530621,HIXnJ
A1610030,A161003001,2021-01-17,1772.0,2026-05-31T20:30:42Z,16,Donnée validée,10,Expertisée,20,Bonne,7.384986107,48.102530621,HIXnJ
A1610030,A161003001,2021-01-18,1653.0,2026-05-31T20:30:42Z,16,Donnée validée,10,Expertisée,20,Bonne,7.384986107,48.102530621,HIXnJ
A1610030,A161003001,2021-01-19,1616.0,2026-05-31T20:30:42Z,16,Donnée validée,10,Expertisée,20,Bonne,7.384986107,48.102530621,HIXnJ
A1610030,A161003001,2021-01-20,1551.0,2026-05-31T20:30:42Z,16,Donnée validée,10,Expertisée,20,Bonne,7.384986107,48.102530621,HIXnJ
A1610030,A161003001,2021-01-21,1771.0,2026-05-31T20:30:42Z,16,Donnée validée,10,Expertisée,20,Bonne,7.384986107,48.102530621,HIXnJ
A1610030,A161003001,2021-01-22,2837.0,2026-05-31T20:30:42Z,16,Donnée validée,10,Expertisée,20,Bonne,7.384986107,48.102530621,HIXnJ
A1610030,A161003001,2021-01-23,3045.0,2026-05-31T20:30:42Z,16,Donnée validée,10,Expertisée,20,Bonne,7.384986107,48.102530621,HIXnJ
A1610030,A161003001,2021-01-24,3036.0,2026-05-31T20:30:42Z,16,Donnée validée,10,Expertisée,20,Bonne,7.384986107,48.102530621,HIXnJ
A1610030,A161003001,2021-01-25,2604.0,2026-05-31T20:30:42Z,16,Donnée validée,10,Expertisée,20,Bonne,7.384986107,48.102530621,HIXnJ
A1610030,A161003001,2021-01-26,2182.0,2026-05-31T20:30:42Z,16,Donnée validée,10,Expertisée,20,Bonne,7.384986107,48.102530621,HIXnJ
A1610030,A161003001,2021-01-27,1906.0,2026-05-31T20:30:42Z,16,Donnée validée,10,Expertisée,20,Bonne,7.384986107,48.102530621,HIXnJ
A1610030,A161003001,2021-01-28,2355.0,2026-05-31T20:30:42Z,16,Donnée validée,10,Expertisée,20,Bonne,7.384986107,48.102530621,HIXnJ
A1610030,A161003001,2021-01-29,3497.0,2026-05-31T20:30:42Z,16,Donnée validée,10,Expertisée,20,Bonne,7.384986107,48.102530621,HIXnJ
A1610030,A161003001,2021-01-30,3802.0,2026-05-31T20:30:42Z,16,Donnée validée,10,Expertisée,20,Bonne,7.384986107,48.102530621,HIXnJ
A1610030,A161003001,2021-01-31,3778.0,2026-05-31T20:30:42Z,16,Donnée validée,10,Expertisée,20,Bonne,7.384986107,48.102530621,HIXnJ
A1610030,A161003001,2021-02-01,3434.0,2026-05-31T20:30:42Z,16,Donnée validée,10,Expertisée,20,Bonne,7.384986107,48.102530621,HIXnJ
A1610030,A161003001,2021-02-02,3352.0,2026-05-31T20:30:42Z,16,Donnée validée,10,Expertisée,20,Bonne,7.384986107,48.102530621,HIXnJ
A1610030,A161003001,2021-02-03,3665.0,2026-05-31T20:30:42Z,16,Donnée validée,10,Expertisée,20,Bonne,7.384986107,48.102530621,HIXnJ
A1610030,A161003001,2021-02-04,3797.0,2026-05-31T20:30:42Z,16,Donnée validée,10,Expertisée,20,Bonne,7.384986107,48.102530621,HIXnJ
A1610030,A161003001,2021-02-05,3543.0,2026-05-31T20:30:42Z,16,Donnée validée,10,Expertisée,20,Bonne,7.384986107,48.102530621,HIXnJ
A1610030,A161003001,2021-02-06,2916.0,2026-05-31T20:30:42Z,16,Donnée validée,10,Expertisée,20,Bonne,7.384986107,48.102530621,HIXnJ
A1610030,A161003001,2021-02-07,2529.0,2026-05-31T20:30:42Z,16,Donnée validée,10,Expertisée,20,Bonne,7.384986107,48.102530621,HIXnJ
A1610030,A161003001,2021-02-08,2279.0,2026-05-31T20:30:42Z,16,Donnée validée,10,Expertisée,20,Bonne,7.384986107,48.102530621,HIXnJ
A1610030,A161003001,2021-02-09,2055.0,2026-05-31T20:30:42Z,16,Donnée validée,10,Expertisée,20,Bonne,7.384986107,48.102530621,HIXnJ
A1610030,A161003001,2021-02-10,1899.0,2026-05-31T20:30:42Z,16,Donnée validée,10,Expertisée,20,Bonne,7.384986107,48.102530621,HIXnJ
A1610030,A161003001,2021-02-11,1799.0,2026-05-31T20:30:42Z,16,Donnée validée,10,Expertisée,20,Bonne,7.384986107,48.102530621,HIXnJ
A1610030,A161003001,2021-02-12,1669.0,2026-05-31T20:30:42Z,16,Donnée validée,10,Expertisée,20,Bonne,7.384986107,48.102530621,HIXnJ
A1610030,A161003001,2021-02-13,1596.0,2026-05-31T20:30:42Z,16,Donnée validée,10,Expertisée,20,Bonne,7.384986107,48.102530621,HIXnJ
A1610030,A161003001,2021-02-14,1532.0,2026-05-31T20:30:42Z,16,Donnée validée,10,Expertisée,20,Bonne,7.384986107,48.102530621,HIXnJ
A1610030,A161003001,2021-02-15,1488.0,2026-05-31T20:30:42Z,16,Donnée validée,10,Expertisée,20,Bonne,7.384986107,48.102530621,HIXnJ
A1610030,A161003001,2021-02-16,1457.0,2026-05-31T20:30:42Z,16,Donnée validée,10,Expertisée,20,Bonne,7.384986107,48.102530621,HIXnJ
A1610030,A161003001,2021-02-17,1595.0,2026-05-31T20:30:42Z,16,Donnée validée,10,Expertisée,20,Bonne,7.384986107,48.102530621,HIXnJ
A1610030,A161003001,2021-02-18,1583.0,2026-05-31T20:30:42Z,16,Donnée validée,10,Expertisée,20,Bonne,7.384986107,48.102530621,HIXnJ
A1610030,A161003001,2021-02-19,1518.0,2026-05-31T20:30:42Z,16,Donnée validée,10,Expertisée,20,Bonne,7.384986107,48.102530621,HIXnJ
A1610030,A161003001,2021-02-20,1508.0,2026-05-31T20:30:42Z,16,Donnée validée,10,Expertisée,20,Bonne,7.384986107,48.102530621,HIXnJ
A1610030,A161003001,2021-02-21,1471.0,2026-05-31T20:30:42Z,16,Donnée validée,10,Expertisée,20,Bonne,7.384986107,48.102530621,HIXnJ
A1610030,A161003001,2021-02-22,1449.0,2026-05-31T20:30:42Z,16,Donnée validée,10,Expertisée,20,Bonne,7.384986107,48.102530621,HIXnJ
A1610030,A161003001,2021-02-23,1424.0,2026-05-31T20:30:42Z,16,Donnée validée,10,Expertisée,20,Bonne,7.384986107,48.102530621,HIXnJ
A1610030,A161003001,2021-02-24,1398.0,2026-05-31T20:30:42Z,16,Donnée validée,10,Expertisée,20,Bonne,7.384986107,48.102530621,HIXnJ
A1610030,A161003001,2021-02-25,1377.0,2026-05-31T20:30:42Z,16,Donnée validée,10,Expertisée,20,Bonne,7.384986107,48.102530621,HIXnJ
A1610030,A161003001,2021-02-26,1359.0,2026-05-31T20:30:42Z,16,Donnée validée,10,Expertisée,20,Bonne,7.384986107,48.102530621,HIXnJ
A1610030,A161003001,2021-02-27,1348.0,2026-05-31T20:30:42Z,16,Donnée validée,10,Expertisée,20,Bonne,7.384986107,48.102530621,HIXnJ
A1610030,A161003001,2021-02-28,1325.0,2026-05-31T20:30:42Z,16,Donnée validée,10,Expertisée,20,Bonne,7.384986107,48.102530621,HIXnJ
A1610030,A161003001,2021-03-01,1335.0,2026-05-31T20:30:42Z,16,Donnée validée,10,Expertisée,20,Bonne,7.384986107,48.102530621,HIXnJ
A1610030,A161003001,2021-03-02,1295.0,2026-05-31T20:30:42Z,16,Donnée validée,10,Expertisée,20,Bonne,7.384986107,48.102530621,HIXnJ
A1610030,A161003001,2021-03-03,1287.0,2026-05-31T20:30:42Z,16,Donnée validée,10,Expertisée,20,Bonne,7.384986107,48.102530621,HIXnJ
A1610030,A161003001,2021-03-04,1285.0,2026-05-31T20:30:42Z,16,Donnée validée,10,Expertisée,20,Bonne,7.384986107,48.102530621,HIXnJ
A1610030,A161003001,2021-03-05,1272.0,2026-05-31T20:30:42Z,16,Donnée validée,10,Expertisée,20,Bonne,7.384986107,48.102530621,HIXnJ
A1610030,A161003001,2021-03-06,1259.0,2026-05-31T20:30:42Z,16,Donnée validée,10,Expertisée,20,Bonne,7.384986107,48.102530621,HIXnJ
A1610030,A161003001,2021-03-07,1243.0,2026-05-31T20:30:42Z,16,Donnée validée,10,Expertisée,20,Bonne,7.384986107,48.102530621,HIXnJ
A1610030,A161003001,2021-03-08,1254.0,2026-05-31T20:30:42Z,16,Donnée validée,10,Expertisée,20,Bonne,7.384986107,48.102530621,HIXnJ
A1610030,A161003001,2021-03-09,1246.0,2026-05-31T20:30:42Z,16,Donnée validée,10,Expertisée,20,Bonne,7.384986107,48.102530621,HIXnJ
A1610030,A161003001,2021-03-10,1262.0,2026-05-31T20:30:42Z,16,Donnée validée,10,Expertisée,20,Bonne,7.384986107,48.102530621,HIXnJ
A1610030,A161003001,2021-03-11,1246.0,2026-05-31T20:30:42Z,16,Donnée validée,10,Expertisée,20,Bonne,7.384986107,48.102530621,HIXnJ
A1610030,A161003001,2021-03-12,1475.0,2026-05-31T20:30:42Z,16,Donnée validée,10,Expertisée,20,Bonne,7.384986107,48.102530621,HIXnJ
A1610030,A161003001,2021-03-13,1542.0,2026-05-31T20:30:42Z,16,Donnée validée,10,Expertisée,20,Bonne,7.384986107,48.102530621,HIXnJ
A1610030,A161003001,2021-03-14,2218.0,2026-05-31T20:30:42Z,16,Donnée validée,10,Expertisée,20,Bonne,7.384986107,48.102530621,HIXnJ
A1610030,A161003001,2021-03-15,2332.0,2026-05-31T20:30:42Z,16,Donnée validée,10,Expertisée,20,Bonne,7.384986107,48.102530621,HIXnJ
A1610030,A161003001,2021-03-16,2308.0,2026-05-31T20:30:42Z,16,Donnée validée,10,Expertisée,20,Bonne,7.384986107,48.102530621,HIXnJ
A1610030,A161003001,2021-03-17,2035.0,2026-05-31T20:30:42Z,16,Donnée validée,10,Expertisée,20,Bonne,7.384986107,48.102530621,HIXnJ
A1610030,A161003001,2021-03-18,1857.0,2026-05-31T20:30:42Z,16,Donnée validée,10,Expertisée,20,Bonne,7.384986107,48.102530621,HIXnJ
A1610030,A161003001,2021-03-19,1747.0,2026-05-31T20:30:42Z,16,Donnée validée,10,Expertisée,20,Bonne,7.384986107,48.102530621,HIXnJ
A1610030,A161003001,2021-03-20,1638.0,2026-05-31T20:30:42Z,16,Donnée validée,10,Expertisée,20,Bonne,7.384986107,48.102530621,HIXnJ
A1610030,A161003001,2021-03-21,1557.0,2026-05-31T20:30:42Z,16,Donnée validée,10,Expertisée,20,Bonne,7.384986107,48.102530621,HIXnJ
A1610030,A161003001,2021-03-22,1549.0,2026-05-31T20:30:42Z,16,Donnée validée,10,Expertisée,20,Bonne,7.384986107,48.102530621,HIXnJ
A1610030,A161003001,2021-03-23,1454.0,2026-05-31T20:30:42Z,16,Donnée validée,10,Expertisée,20,Bonne,7.384986107,48.102530621,HIXnJ
A1610030,A161003001,2021-03-24,1415.0,2026-05-31T20:30:42Z,16,Donnée validée,10,Expertisée,20,Bonne,7.384986107,48.102530621,HIXnJ
A1610030,A161003001,2021-03-25,1423.0,2026-05-31T20:30:42Z,16,Donnée validée,10,Expertisée,20,Bonne,7.384986107,48.102530621,HIXnJ
A1610030,A161003001,2021-03-26,1383.0,2026-05-31T20:30:42Z,16,Donnée validée,10,Expertisée,20,Bonne,7.384986107,48.102530621,HIXnJ
A1610030,A161003001,2021-03-27,1456.0,2026-05-31T20:30:42Z,16,Donnée validée,10,Expertisée,20,Bonne,7.384986107,48.102530621,HIXnJ
A1610030,A161003001,2021-03-28,1455.0,2026-05-31T20:30:42Z,16,Donnée validée,10,Expertisée,20,Bonne,7.384986107,48.102530621,HIXnJ
A1610030,A161003001,2021-03-29,1449.0,2026-05-31T20:30:42Z,16,Donnée validée,10,Expertisée,20,Bonne,7.384986107,48.102530621,HIXnJ
A1610030,A161003001,2021-03-30,1423.0,2026-05-31T20:30:42Z,16,Donnée validée,10,Expertisée,20,Bonne,7.384986107,48.102530621,HIXnJ
A1610030,A161003001,2021-03-31,1398.0,2026-05-31T20:30:42Z,16,Donnée validée,10,Expertisée,20,Bonne,7.384986107,48.102530621,HIXnJ
A1610030,A161003001,2021-04-01,1389.0,2026-05-31T20:30:42Z,16,Donnée validée,10,Expertisée,20,Bonne,7.384986107,48.102530621,HIXnJ
A1610030,A161003001,2021-04-02,1356.0,2026-05-31T20:30:42Z,16,Donnée validée,10,Expertisée,20,Bonne,7.384986107,48.102530621,HIXnJ
A1610030,A161003001,2021-04-03,1338.0,2026-05-31T20:30:42Z,16,Donnée validée,10,Expertisée,20,Bonne,7.384986107,48.102530621,HIXnJ
A1610030,A161003001,2021-04-04,1320.0,2026-05-31T20:30:42Z,16,Donnée validée,10,Expertisée,20,Bonne,7.384986107,48.102530621,HIXnJ
A1610030,A161003001,2021-04-05,1298.0,2026-05-31T20:30:42Z,16,Donnée validée,10,Expertisée,20,Bonne,7.384986107,48.102530621,HIXnJ
A1610030,A161003001,2021-04-06,1305.0,2026-05-31T20:30:42Z,16,Donnée validée,10,Expertisée,20,Bonne,7.384986107,48.102530621,HIXnJ
A1610030,A161003001,2021-04-07,1306.0,2026-05-31T20:30:42Z,16,Donnée validée,10,Expertisée,20,Bonne,7.384986107,48.102530621,HIXnJ
A1610030,A161003001,2021-04-08,1290.0,2026-05-31T20:30:42Z,16,Donnée validée,10,Expertisée,20,Bonne,7.384986107,48.102530621,HIXnJ
A1610030,A161003001,2021-04-09,1297.0,2026-05-31T20:30:42Z,16,Donnée validée,10,Expertisée,20,Bonne,7.384986107,48.102530621,HIXnJ
A1610030,A161003001,2021-04-10,1253.0,2026-05-31T20:30:42Z,16,Donnée validée,10,Expertisée,20,Bonne,7.384986107,48.102530621,HIXnJ
A1610030,A161003001,2021-04-11,1241.0,2026-05-31T20:30:42Z,16,Donnée validée,10,Expertisée,20,Bonne,7.384986107,48.102530621,HIXnJ
A1610030,A161003001,2021-04-12,1325.0,2026-05-31T20:30:42Z,16,Donnée validée,10,Expertisée,20,Bonne,7.384986107,48.102530621,HIXnJ
A1610030,A161003001,2021-04-13,1307.0,2026-05-31T20:30:42Z,16,Donnée validée,10,Expertisée,20,Bonne,7.384986107,48.102530621,HIXnJ
A1610030,A161003001,2021-04-14,1271.0,2026-05-31T20:30:42Z,16,Donnée validée,10,Expertisée,20,Bonne,7.384986107,48.102530621,HIXnJ
A1610030,A161003001,2021-04-15,1239.0,2026-05-31T20:30:42Z,16,Donnée validée,10,Expertisée,20,Bonne,7.384986107,48.102530621,HIXnJ
A1610030,A161003001,2021-04-16,1227.0,2026-05-31T20:30:42Z,16,Donnée validée,10,Expertisée,20,Bonne,7.384986107,48.102530621,HIXnJ
A1610030,A161003001,2021-04-17,1214.0,2026-05-31T20:30:42Z,16,Donnée validée,10,Expertisée,20,Bonne,7.384986107,48.102530621,HIXnJ
A1610030,A161003001,2021-04-18,1212.0,2026-05-31T20:30:42Z,16,Donnée validée,10,Expertisée,20,Bonne,7.384986107,48.102530621,HIXnJ
A1610030,A161003001,2021-04-19,1198.0,2026-05-31T20:30:42Z,16,Donnée validée,10,Expertisée,20,Bonne,7.384986107,48.102530621,HIXnJ
A1610030,A161003001,2021-04-20,1189.0,2026-05-31T20:30:42Z,16,Donnée validée,10,Expertisée,20,Bonne,7.384986107,48.102530621,HIXnJ
A1610030,A161003001,2021-04-21,1204.0,2026-05-31T20:30:42Z,16,Donnée validée,10,Expertisée,20,Bonne,7.384986107,48.102530621,HIXnJ
A1610030,A161003001,2021-04-22,1206.0,2026-05-31T20:30:42Z,16,Donnée validée,10,Expertisée,20,Bonne,7.384986107,48.102530621,HIXnJ
A1610030,A161003001,2021-04-23,1161.0,2026-05-31T20:30:42Z,16,Donnée validée,10,Expertisée,20,Bonne,7.384986107,48.102530621,HIXnJ
A1610030,A161003001,2021-04-24,1252.0,2026-05-31T20:30:42Z,16,Donnée validée,10,Expertisée,20,Bonne,7.384986107,48.102530621,HIXnJ
A1610030,A161003001,2021-04-25,1245.0,2026-05-31T20:30:42Z,16,Donnée validée,10,Expertisée,20,Bonne,7.384986107,48.102530621,HIXnJ
A1610030,A161003001,2021-04-26,1238.0,2026-05-31T20:30:42Z,16,Donnée validée,10,Expertisée,20,Bonne,7.384986107,48.102530621,HIXnJ
A1610030,A161003001,2021-04-27,1237.0,2026-05-31T20:30:42Z,16,Donnée validée,10,Expertisée,20,Bonne,7.384986107,48.102530621,HIXnJ
A1610030,A161003001,2021-04-28,1232.0,2026-05-31T20:30:42Z,16,Donnée validée,10,Expertisée,20,Bonne,7.384986107,48.102530621,HIXnJ
A1610030,A161003001,2021-04-29,1252.0,2026-05-31T20:30:42Z,16,Donnée validée,10,Expertisée,20,Bonne,7.384986107,48.102530621,HIXnJ
A1610030,A161003001,2021-04-30,1328.0,2026-05-31T20:30:42Z,16,Donnée validée,10,Expertisée,20,Bonne,7.384986107,48.102530621,HIXnJ
A1610030,A161003001,2021-05-01,1305.0,2026-05-31T20:30:42Z,16,Donnée validée,10,Expertisée,20,Bonne,7.384986107,48.102530621,HIXnJ
A1610030,A161003001,2021-05-02,1369.0,2026-05-31T20:30:42Z,16,Donnée validée,10,Expertisée,20,Bonne,7.384986107,48.102530621,HIXnJ
A1610030,A161003001,2021-05-03,1357.0,2026-05-31T20:30:42Z,16,Donnée validée,10,Expertisée,20,Bonne,7.384986107,48.102530621,HIXnJ
A1610030,A161003001,2021-05-04,1303.0,2026-05-31T20:30:42Z,16,Donnée validée,10,Expertisée,20,Bonne,7.384986107,48.102530621,HIXnJ
A1610030,A161003001,2021-05-05,1494.0,2026-05-31T20:30:42Z,16,Donnée validée,10,Expertisée,20,Bonne,7.384986107,48.102530621,HIXnJ
A1610030,A161003001,2021-05-06,1599.0,2026-05-31T20:30:42Z,16,Donnée validée,10,Expertisée,20,Bonne,7.384986107,48.102530621,HIXnJ
A1610030,A161003001,2021-05-07,2632.0,2026-05-31T20:30:42Z,16,Donnée validée,10,Expertisée,20,Bonne,7.384986107,48.102530621,HIXnJ
A1610030,A161003001,2021-05-08,2636.0,2026-05-31T20:30:42Z,16,Donnée validée,10,Expertisée,20,Bonne,7.384986107,48.102530621,HIXnJ
A1610030,A161003001,2021-05-09,2088.0,2026-05-31T20:30:42Z,16,Donnée validée,10,Expertisée,20,Bonne,7.384986107,48.102530621,HIXnJ
A1610030,A161003001,2021-05-10,1788.0,2026-05-31T20:30:42Z,16,Donnée validée,10,Expertisée,20,Bonne,7.384986107,48.102530621,HIXnJ
A1610030,A161003001,2021-05-11,2318.0,2026-05-31T20:30:42Z,16,Donnée validée,10,Expertisée,20,Bonne,7.384986107,48.102530621,HIXnJ
A1610030,A161003001,2021-05-12,2424.0,2026-05-31T20:30:42Z,16,Donnée validée,10,Expertisée,20,Bonne,7.384986107,48.102530621,HIXnJ
A1610030,A161003001,2021-05-13,2144.0,2026-05-31T20:30:42Z,16,Donnée validée,10,Expertisée,20,Bonne,7.384986107,48.102530621,HIXnJ
A1610030,A161003001,2021-05-14,1888.0,2026-05-31T20:30:42Z,16,Donnée validée,10,Expertisée,20,Bonne,7.384986107,48.102530621,HIXnJ
A1610030,A161003001,2021-05-15,1735.0,2026-05-31T20:30:42Z,16,Donnée validée,10,Expertisée,20,Bonne,7.384986107,48.102530621,HIXnJ
A1610030,A161003001,2021-05-16,1746.0,2026-05-31T20:30:42Z,16,Donnée validée,10,Expertisée,20,Bonne,7.384986107,48.102530621,HIXnJ
A1610030,A161003001,2021-05-17,2621.0,2026-05-31T20:30:42Z,16,Donnée validée,10,Expertisée,20,Bonne,7.384986107,48.102530621,HIXnJ
A1610030,A161003001,2021-05-18,2917.0,2026-05-31T20:30:42Z,16,Donnée validée,10,Expertisée,20,Bonne,7.384986107,48.102530621,HIXnJ
A1610030,A161003001,2021-05-19,2879.0,2026-05-31T20:30:42Z,16,Donnée validée,10,Expertisée,20,Bonne,7.384986107,48.102530621,HIXnJ
A1610030,A161003001,2021-05-20,2478.0,2026-05-31T20:30:42Z,16,Donnée validée,10,Expertisée,20,Bonne,7.384986107,48.102530621,HIXnJ
A1610030,A161003001,2021-05-21,2198.0,2026-05-31T20:30:42Z,16,Donnée validée,10,Expertisée,20,Bonne,7.384986107,48.102530621,HIXnJ
A1610030,A161003001,2021-05-22,2285.0,2026-05-31T20:30:42Z,16,Donnée validée,10,Expertisée,20,Bonne,7.384986107,48.102530621,HIXnJ
A1610030,A161003001,2021-05-23,2187.0,2026-05-31T20:30:42Z,16,Donnée validée,10,Expertisée,20,Bonne,7.384986107,48.102530621,HIXnJ
A1610030,A161003001,2021-05-24,1869.0,2026-05-31T20:30:42Z,16,Donnée validée,10,Expertisée,20,Bonne,7.384986107,48.102530621,HIXnJ
A1610030,A161003001,2021-05-25,1739.0,2026-05-31T20:30:42Z,16,Donnée validée,10,Expertisée,20,Bonne,7.384986107,48.102530621,HIXnJ
A1610030,A161003001,2021-05-26,1674.0,2026-05-31T20:30:42Z,16,Donnée validée,10,Expertisée,20,Bonne,7.384986107,48.102530621,HIXnJ
A1610030,A161003001,2021-05-27,1686.0,2026-05-31T20:30:42Z,16,Donnée validée,10,Expertisée,20,Bonne,7.384986107,48.102530621,HIXnJ
A1610030,A161003001,2021-05-28,1667.0,2026-05-31T20:30:42Z,16,Donnée validée,10,Expertisée,20,Bonne,7.384986107,48.102530621,HIXnJ
A1610030,A161003001,2021-05-29,1601.0,2026-05-31T20:30:42Z,16,Donnée validée,10,Expertisée,20,Bonne,7.384986107,48.102530621,HIXnJ
A1610030,A161003001,2021-05-30,1537.0,2026-05-31T20:30:42Z,16,Donnée validée,10,Expertisée,20,Bonne,7.384986107,48.102530621,HIXnJ
A1610030,A161003001,2021-05-31,1486.0,2026-05-31T20:30:42Z,16,Donnée validée,10,Expertisée,20,Bonne,7.384986107,48.102530621,HIXnJ
A1610030,A161003001,2021-06-01,1444.0,2026-05-31T20:30:42Z,16,Donnée validée,10,Expertisée,20,Bonne,7.384986107,48.102530621,HIXnJ
A1610030,A161003001,2021-06-02,1412.0,2026-05-31T20:30:42Z,16,Donnée validée,10,Expertisée,20,Bonne,7.384986107,48.102530621,HIXnJ
A1610030,A161003001,2021-06-03,1434.0,2026-05-31T20:30:42Z,16,Donnée validée,10,Expertisée,20,Bonne,7.384986107,48.102530621,HIXnJ
A1610030,A161003001,2021-06-04,1560.0,2026-05-31T20:30:42Z,16,Donnée validée,10,Expertisée,20,Bonne,7.384986107,48.102530621,HIXnJ
A1610030,A161003001,2021-06-05,1470.0,2026-05-31T20:30:42Z,16,Donnée validée,10,Expertisée,20,Bonne,7.384986107,48.102530621,HIXnJ
A1610030,A161003001,2021-06-06,1452.0,2026-05-31T20:30:42Z,16,Donnée validée,10,Expertisée,20,Bonne,7.384986107,48.102530621,HIXnJ
A1610030,A161003001,2021-06-07,1402.0,2026-05-31T20:30:42Z,16,Donnée validée,10,Expertisée,20,Bonne,7.384986107,48.102530621,HIXnJ
A1610030,A161003001,2021-06-08,1397.0,2026-05-31T20:30:42Z,16,Donnée validée,10,Expertisée,20,Bonne,7.384986107,48.102530621,HIXnJ
A1610030,A161003001,2021-06-09,1854.0,2026-05-31T20:30:42Z,16,Donnée validée,10,Expertisée,20,Bonne,7.384986107,48.102530621,HIXnJ
A1610030,A161003001,2021-06-10,1788.0,2026-05-31T20:30:42Z,16,Donnée validée,10,Expertisée,20,Bonne,7.384986107,48.102530621,HIXnJ
A1610030,A161003001,2021-06-11,1601.0,2026-05-31T20:30:42Z,16,Donnée validée,10,Expertisée,20,Bonne,7.384986107,48.102530621,HIXnJ
A1610030,A161003001,2021-06-12,1490.0,2026-05-31T20:30:42Z,16,Donnée validée,10,Expertisée,20,Bonne,7.384986107,48.102530621,HIXnJ
A1610030,A161003001,2021-06-13,1424.0,2026-05-31T20:30:42Z,16,Donnée validée,10,Expertisée,20,Bonne,7.384986107,48.102530621,HIXnJ
A1610030,A161003001,2021-06-14,1373.0,2026-05-31T20:30:42Z,16,Donnée validée,10,Expertisée,20,Bonne,7.384986107,48.102530621,HIXnJ
A1610030,A161003001,2021-06-15,1337.0,2026-05-31T20:30:42Z,16,Donnée validée,10,Expertisée,20,Bonne,7.384986107,48.102530621,HIXnJ
A1610030,A161003001,2021-06-16,1310.0,2026-05-31T20:30:42Z,16,Donnée validée,10,Expertisée,20,Bonne,7.384986107,48.102530621,HIXnJ
A1610030,A161003001,2021-06-17,1284.0,2026-05-31T20:30:42Z,16,Donnée validée,10,Expertisée,20,Bonne,7.384986107,48.102530621,HIXnJ
A1610030,A161003001,2021-06-18,1272.0,2026-05-31T20:30:42Z,16,Donnée validée,10,Expertisée,20,Bonne,7.384986107,48.102530621,HIXnJ
A1610030,A161003001,2021-06-19,1252.0,2026-05-31T20:30:42Z,16,Donnée validée,10,Expertisée,20,Bonne,7.384986107,48.102530621,HIXnJ
A1610030,A161003001,2021-06-20,1470.0,2026-05-31T20:30:42Z,16,Donnée validée,10,Expertisée,20,Bonne,7.384986107,48.102530621,HIXnJ
A1610030,A161003001,2021-06-21,1688.0,2026-05-31T20:30:42Z,16,Donnée validée,10,Expertisée,20,Bonne,7.384986107,48.102530621,HIXnJ
A1610030,A161003001,2021-06-22,1464.0,2026-05-31T20:30:42Z,16,Donnée validée,10,Expertisée,20,Bonne,7.384986107,48.102530621,HIXnJ
A1610030,A161003001,2021-06-23,1425.0,2026-05-31T20:30:42Z,16,Donnée validée,10,Expertisée,20,Bonne,7.384986107,48.102530621,HIXnJ
A1610030,A161003001,2021-06-24,1390.0,2026-05-31T20:30:42Z,16,Donnée validée,10,Expertisée,20,Bonne,7.384986107,48.102530621,HIXnJ
A1610030,A161003001,2021-06-25,1375.0,2026-05-31T20:30:42Z,16,Donnée validée,10,Expertisée,20,Bonne,7.384986107,48.102530621,HIXnJ
A1610030,A161003001,2021-06-26,1309.0,2026-05-31T20:30:42Z,16,Donnée validée,10,Expertisée,20,Bonne,7.384986107,48.102530621,HIXnJ
A1610030,A161003001,2021-06-27,1269.0,2026-05-31T20:30:42Z,16,Donnée validée,10,Expertisée,20,Bonne,7.384986107,48.102530621,HIXnJ
A1610030,A161003001,2021-06-28,1385.0,2026-05-31T20:30:42Z,16,Donnée validée,10,Expertisée,20,Bonne,7.384986107,48.102530621,HIXnJ
A1610030,A161003001,2021-06-29,1593.0,2026-05-31T20:30:42Z,16,Donnée validée,10,Expertisée,20,Bonne,7.384986107,48.102530621,HIXnJ
A1610030,A161003001,2021-06-30,1730.0,2026-05-31T20:30:42Z,16,Donnée validée,10,Expertisée,20,Bonne,7.384986107,48.102530621,HIXnJ
A1610030,A161003001,2021-07-01,1535.0,2026-05-31T20:30:42Z,16,Donnée validée,10,Expertisée,20,Bonne,7.384986107,48.102530621,HIXnJ
A1610030,A161003001,2021-07-02,1501.0,2026-05-31T20:30:42Z,16,Donnée validée,10,Expertisée,20,Bonne,7.384986107,48.102530621,HIXnJ
A1610030,A161003001,2021-07-03,1413.0,2026-05-31T20:30:42Z,16,Donnée validée,10,Expertisée,20,Bonne,7.384986107,48.102530621,HIXnJ
A1610030,A161003001,2021-07-04,1376.0,2026-05-31T20:30:42Z,16,Donnée validée,10,Expertisée,20,Bonne,7.384986107,48.102530621,HIXnJ
A1610030,A161003001,2021-07-05,1448.0,2026-05-31T20:30:42Z,16,Donnée validée,10,Expertisée,20,Bonne,7.384986107,48.102530621,HIXnJ
A1610030,A161003001,2021-07-06,1556.0,2026-05-31T20:30:42Z,16,Donnée validée,10,Expertisée,20,Bonne,7.384986107,48.102530621,HIXnJ
A1610030,A161003001,2021-07-07,1683.0,2026-05-31T20:30:42Z,16,Donnée validée,10,Expertisée,20,Bonne,7.384986107,48.102530621,HIXnJ
A1610030,A161003001,2021-07-08,1621.0,2026-05-31T20:30:42Z,16,Donnée validée,10,Expertisée,20,Bonne,7.384986107,48.102530621,HIXnJ
A1610030,A161003001,2021-07-09,1534.0,2026-05-31T20:30:42Z,16,Donnée validée,10,Expertisée,20,Bonne,7.384986107,48.102530621,HIXnJ
A1610030,A161003001,2021-07-10,1471.0,2026-05-31T20:30:42Z,16,Donnée validée,10,Expertisée,20,Bonne,7.384986107,48.102530621,HIXnJ
A1610030,A161003001,2021-07-11,1533.0,2026-05-31T20:30:42Z,16,Donnée validée,10,Expertisée,20,Bonne,7.384986107,48.102530621,HIXnJ
A1610030,A161003001,2021-07-12,1496.0,2026-05-31T20:30:42Z,16,Donnée validée,10,Expertisée,20,Bonne,7.384986107,48.102530621,HIXnJ
A1610030,A161003001,2021-07-13,2742.0,2026-05-31T20:30:42Z,16,Donnée validée,10,Expertisée,20,Bonne,7.384986107,48.102530621,HIXnJ
A1610030,A161003001,2021-07-14,2828.0,2026-05-31T20:30:42Z,16,Donnée validée,10,Expertisée,20,Bonne,7.384986107,48.102530621,HIXnJ
A1610030,A161003001,2021-07-15,2895.0,2026-05-31T20:30:42Z,16,Donnée validée,10,Expertisée,20,Bonne,7.384986107,48.102530621,HIXnJ
A1610030,A161003001,2021-07-16,3052.0,2026-05-31T20:30:42Z,16,Donnée validée,10,Expertisée,20,Bonne,7.384986107,48.102530621,HIXnJ
A1610030,A161003001,2021-07-17,2983.0,2026-05-31T20:30:42Z,16,Donnée validée,10,Expertisée,20,Bonne,7.384986107,48.102530621,HIXnJ
A1610030,A161003001,2021-07-18,2420.0,2026-05-31T20:30:42Z,16,Donnée validée,10,Expertisée,20,Bonne,7.384986107,48.102530621,HIXnJ
A1610030,A161003001,2021-07-19,2074.0,2026-05-31T20:30:42Z,16,Donnée validée,10,Expertisée,20,Bonne,7.384986107,48.102530621,HIXnJ
A1610030,A161003001,2021-07-20,1871.0,2026-05-31T20:30:42Z,16,Donnée validée,10,Expertisée,20,Bonne,7.384986107,48.102530621,HIXnJ
A1610030,A161003001,2021-07-21,1720.0,2026-05-31T20:30:42Z,16,Donnée validée,10,Expertisée,20,Bonne,7.384986107,48.102530621,HIXnJ
A1610030,A161003001,2021-07-22,1632.0,2026-05-31T20:30:42Z,16,Donnée validée,10,Expertisée,20,Bonne,7.384986107,48.102530621,HIXnJ
A1610030,A161003001,2021-07-23,1596.0,2026-05-31T20:30:42Z,16,Donnée validée,10,Expertisée,20,Bonne,7.384986107,48.102530621,HIXnJ
A1610030,A161003001,2021-07-24,1533.0,2026-05-31T20:30:42Z,16,Donnée validée,10,Expertisée,20,Bonne,7.384986107,48.102530621,HIXnJ
A1610030,A161003001,2021-07-25,1633.0,2026-05-31T20:30:42Z,16,Donnée validée,10,Expertisée,20,Bonne,7.384986107,48.102530621,HIXnJ
A1610030,A161003001,2021-07-26,1555.0,2026-05-31T20:30:42Z,16,Donnée validée,10,Expertisée,20,Bonne,7.384986107,48.102530621,HIXnJ
A1610030,A161003001,2021-07-27,1488.0,2026-05-31T20:30:42Z,16,Donnée validée,10,Expertisée,20,Bonne,7.384986107,48.102530621,HIXnJ
A1610030,A161003001,2021-07-28,1432.0,2026-05-31T20:30:42Z,16,Donnée validée,10,Expertisée,20,Bonne,7.384986107,48.102530621,HIXnJ
A1610030,A161003001,2021-07-29,1414.0,2026-05-31T20:30:42Z,16,Donnée validée,10,Expertisée,20,Bonne,7.384986107,48.102530621,HIXnJ
A1610030,A161003001,2021-07-30,1388.0,2026-05-31T20:30:42Z,16,Donnée validée,10,Expertisée,20,Bonne,7.384986107,48.102530621,HIXnJ
A1610030,A161003001,2021-07-31,1377.0,2026-05-31T20:30:42Z,16,Donnée validée,10,Expertisée,20,Bonne,7.384986107,48.102530621,HIXnJ
A1610030,A161003001,2021-08-01,1418.0,2026-05-31T20:30:42Z,16,Donnée validée,10,Expertisée,20,Bonne,7.384986107,48.102530621,HIXnJ
A1610030,A161003001,2021-08-02,1471.0,2026-05-31T20:30:42Z,16,Donnée validée,10,Expertisée,20,Bonne,7.384986107,48.102530621,HIXnJ
A1610030,A161003001,2021-08-03,1423.0,2026-05-31T20:30:42Z,16,Donnée validée,10,Expertisée,20,Bonne,7.384986107,48.102530621,HIXnJ
A1610030,A161003001,2021-08-04,1408.0,2026-05-31T20:30:42Z,16,Donnée validée,10,Expertisée,20,Bonne,7.384986107,48.102530621,HIXnJ
A1610030,A161003001,2021-08-05,1403.0,2026-05-31T20:30:42Z,16,Donnée validée,10,Expertisée,20,Bonne,7.384986107,48.102530621,HIXnJ
A1610030,A161003001,2021-08-06,1462.0,2026-05-31T20:30:42Z,16,Donnée validée,10,Expertisée,20,Bonne,7.384986107,48.102530621,HIXnJ
A1610030,A161003001,2021-08-07,1543.0,2026-05-31T20:30:42Z,16,Donnée validée,10,Expertisée,20,Bonne,7.384986107,48.102530621,HIXnJ
A1610030,A161003001,2021-08-08,1812.0,2026-05-31T20:30:42Z,16,Donnée validée,10,Expertisée,20,Bonne,7.384986107,48.102530621,HIXnJ
A1610030,A161003001,2021-08-09,1612.0,2026-05-31T20:30:42Z,16,Donnée validée,10,Expertisée,20,Bonne,7.384986107,48.102530621,HIXnJ
A1610030,A161003001,2021-08-10,1459.0,2026-05-31T20:30:42Z,16,Donnée validée,10,Expertisée,20,Bonne,7.384986107,48.102530621,HIXnJ
A1610030,A161003001,2021-08-11,1398.0,2026-05-31T20:30:42Z,16,Donnée validée,10,Expertisée,20,Bonne,7.384986107,48.102530621,HIXnJ
A1610030,A161003001,2021-08-12,1404.0,2026-05-31T20:30:42Z,16,Donnée validée,10,Expertisée,20,Bonne,7.384986107,48.102530621,HIXnJ
A1610030,A161003001,2021-08-13,1332.0,2026-05-31T20:30:42Z,16,Donnée validée,10,Expertisée,20,Bonne,7.384986107,48.102530621,HIXnJ
A1610030,A161003001,2021-08-14,1300.0,2026-05-31T20:30:42Z,16,Donnée validée,10,Expertisée,20,Bonne,7.384986107,48.102530621,HIXnJ
A1610030,A161003001,2021-08-15,1284.0,2026-05-31T20:30:42Z,16,Donnée validée,10,Expertisée,20,Bonne,7.384986107,48.102530621,HIXnJ
A1610030,A161003001,2021-08-16,1367.0,2026-05-31T20:30:42Z,16,Donnée validée,10,Expertisée,20,Bonne,7.384986107,48.102530621,HIXnJ
A1610030,A161003001,2021-08-17,1255.0,2026-05-31T20:30:42Z,16,Donnée validée,10,Expertisée,20,Bonne,7.384986107,48.102530621,HIXnJ
A1610030,A161003001,2021-08-18,1254.0,2026-05-31T20:30:42Z,16,Donnée validée,10,Expertisée,20,Bonne,7.384986107,48.102530621,HIXnJ
A1610030,A161003001,2021-08-19,1247.0,2026-05-31T20:30:42Z,16,Donnée validée,10,Expertisée,20,Bonne,7.384986107,48.102530621,HIXnJ
A1610030,A161003001,2021-08-20,1253.0,2026-05-31T20:30:42Z,16,Donnée validée,10,Expertisée,20,Bonne,7.384986107,48.102530621,HIXnJ
A1610030,A161003001,2021-08-21,1245.0,2026-05-31T20:30:42Z,16,Donnée validée,10,Expertisée,20,Bonne,7.384986107,48.102530621,HIXnJ
A1610030,A161003001,2021-08-22,1257.0,2026-05-31T20:30:42Z,16,Donnée validée,10,Expertisée,20,Bonne,7.384986107,48.102530621,HIXnJ
A1610030,A161003001,2021-08-23,1274.0,2026-05-31T20:30:42Z,16,Donnée validée,10,Expertisée,20,Bonne,7.384986107,48.102530621,HIXnJ
A1610030,A161003001,2021-08-24,1263.0,2026-05-31T20:30:42Z,16,Donnée validée,10,Expertisée,20,Bonne,7.384986107,48.102530621,HIXnJ
A1610030,A161003001,2021-08-25,1258.0,2026-05-31T20:30:42Z,16,Donnée validée,10,Expertisée,20,Bonne,7.384986107,48.102530621,HIXnJ
A1610030,A161003001,2021-08-26,1249.0,2026-05-31T20:30:42Z,16,Donnée validée,10,Expertisée,20,Bonne,7.384986107,48.102530621,HIXnJ
A1610030,A161003001,2021-08-27,1248.0,2026-05-31T20:30:42Z,16,Donnée validée,10,Expertisée,20,Bonne,7.384986107,48.102530621,HIXnJ
A1610030,A161003001,2021-08-28,1251.0,2026-05-31T20:30:42Z,16,Donnée validée,10,Expertisée,20,Bonne,7.384986107,48.102530621,HIXnJ
A1610030,A161003001,2021-08-29,1256.0,2026-05-31T20:30:42Z,16,Donnée validée,10,Expertisée,20,Bonne,7.384986107,48.102530621,HIXnJ
A1610030,A161003001,2021-08-30,1241.0,2026-05-31T20:30:42Z,16,Donnée validée,10,Expertisée,20,Bonne,7.384986107,48.102530621,HIXnJ
A1610030,A161003001,2021-08-31,1248.0,2026-05-31T20:30:42Z,16,Donnée validée,10,Expertisée,20,Bonne,7.384986107,48.102530621,HIXnJ
A1610030,A161003001,2021-09-01,1226.0,2026-05-31T20:30:42Z,16,Donnée validée,0,Mesurée,20,Bonne,7.384986107,48.102530621,HIXnJ
A1610030,A161003001,2021-09-02,1203.0,2026-05-31T20:30:42Z,16,Donnée validée,0,Mesurée,20,Bonne,7.384986107,48.102530621,HIXnJ
A1610030,A161003001,2021-09-03,1192.0,2026-05-31T20:30:42Z,16,Donnée validée,0,Mesurée,20,Bonne,7.384986107,48.102530621,HIXnJ
A1610030,A161003001,2021-09-04,1183.0,2026-05-31T20:30:42Z,16,Donnée validée,0,Mesurée,20,Bonne,7.384986107,48.102530621,HIXnJ
A1610030,A161003001,2021-09-05,1174.0,2026-05-31T20:30:42Z,16,Donnée validée,0,Mesurée,20,Bonne,7.384986107,48.102530621,HIXnJ
A1610030,A161003001,2021-09-06,1201.0,2026-05-31T20:30:42Z,16,Donnée validée,0,Mesurée,20,Bonne,7.384986107,48.102530621,HIXnJ
A1610030,A161003001,2021-09-07,1203.0,2026-05-31T20:30:42Z,16,Donnée validée,0,Mesurée,20,Bonne,7.384986107,48.102530621,HIXnJ
A1610030,A161003001,2021-09-08,1231.0,2026-05-31T20:30:42Z,16,Donnée validée,0,Mesurée,20,Bonne,7.384986107,48.102530621,HIXnJ
A1610030,A161003001,2021-09-09,1233.0,2026-05-31T20:30:42Z,16,Donnée validée,0,Mesurée,20,Bonne,7.384986107,48.102530621,HIXnJ
A1610030,A161003001,2021-09-10,1229.0,2026-05-31T20:30:42Z,16,Donnée validée,0,Mesurée,20,Bonne,7.384986107,48.102530621,HIXnJ
A1610030,A161003001,2021-09-11,1360.0,2026-05-31T20:30:42Z,16,Donnée validée,0,Mesurée,20,Bonne,7.384986107,48.102530621,HIXnJ
A1610030,A161003001,2021-09-12,1235.0,2026-05-31T20:30:42Z,16,Donnée validée,0,Mesurée,20,Bonne,7.384986107,48.102530621,HIXnJ
A1610030,A161003001,2021-09-13,1231.0,2026-05-31T20:30:42Z,16,Donnée validée,0,Mesurée,20,Bonne,7.384986107,48.102530621,HIXnJ
A1610030,A161003001,2021-09-14,1231.0,2026-05-31T20:30:42Z,16,Donnée validée,0,Mesurée,20,Bonne,7.384986107,48.102530621,HIXnJ
A1610030,A161003001,2021-09-15,1236.0,2026-05-31T20:30:42Z,16,Donnée validée,8,Calculée,20,Bonne,7.384986107,48.102530621,HIXnJ
A1610030,A161003001,2021-09-16,1251.0,2026-05-31T20:30:42Z,16,Donnée validée,0,Mesurée,20,Bonne,7.384986107,48.102530621,HIXnJ
A1610030,A161003001,2021-09-17,1253.0,2026-05-31T20:30:42Z,16,Donnée validée,0,Mesurée,20,Bonne,7.384986107,48.102530621,HIXnJ
A1610030,A161003001,2021-09-18,1246.0,2026-05-31T20:30:42Z,16,Donnée validée,0,Mesurée,20,Bonne,7.384986107,48.102530621,HIXnJ
A1610030,A161003001,2021-09-19,1247.0,2026-05-31T20:30:42Z,16,Donnée validée,0,Mesurée,20,Bonne,7.384986107,48.102530621,HIXnJ
A1610030,A161003001,2021-09-20,1273.0,2026-05-31T20:30:42Z,16,Donnée validée,10,Expertisée,20,Bonne,7.384986107,48.102530621,HIXnJ
A1610030,A161003001,2021-09-21,1271.0,2026-05-31T20:30:42Z,16,Donnée validée,10,Expertisée,20,Bonne,7.384986107,48.102530621,HIXnJ
A1610030,A161003001,2021-09-22,1248.0,2026-05-31T20:30:42Z,16,Donnée validée,10,Expertisée,20,Bonne,7.384986107,48.102530621,HIXnJ
A1610030,A161003001,2021-09-23,1246.0,2026-05-31T20:30:42Z,16,Donnée validée,10,Expertisée,20,Bonne,7.384986107,48.102530621,HIXnJ
A1610030,A161003001,2021-09-24,1243.0,2026-05-31T20:30:42Z,16,Donnée validée,10,Expertisée,20,Bonne,7.384986107,48.102530621,HIXnJ
A1610030,A161003001,2021-09-25,1244.0,2026-05-31T20:30:42Z,16,Donnée validée,10,Expertisée,20,Bonne,7.384986107,48.102530621,HIXnJ
A1610030,A161003001,2021-09-26,1245.0,2026-05-31T20:30:42Z,16,Donnée validée,10,Expertisée,20,Bonne,7.384986107,48.102530621,HIXnJ
A1610030,A161003001,2021-09-27,1269.0,2026-05-31T20:30:42Z,16,Donnée validée,10,Expertisée,20,Bonne,7.384986107,48.102530621,HIXnJ
A1610030,A161003001,2021-09-28,1251.0,2026-05-31T20:30:42Z,16,Donnée validée,10,Expertisée,20,Bonne,7.384986107,48.102530621,HIXnJ
A1610030,A161003001,2021-09-29,1250.0,2026-05-31T20:30:42Z,16,Donnée validée,10,Expertisée,20,Bonne,7.384986107,48.102530621,HIXnJ
A1610030,A161003001,2021-09-30,1252.0,2026-05-31T20:30:42Z,16,Donnée validée,10,Expertisée,20,Bonne,7.384986107,48.102530621,HIXnJ
A1610030,A161003001,2021-10-01,1243.0,2026-05-31T20:30:42Z,16,Donnée validée,10,Expertisée,20,Bonne,7.384986107,48.102530621,HIXnJ
A1610030,A161003001,2021-10-02,1241.0,2026-05-31T20:30:42Z,16,Donnée validée,10,Expertisée,20,Bonne,7.384986107,48.102530621,HIXnJ
A1610030,A161003001,2021-10-03,1240.0,2026-05-31T20:30:42Z,16,Donnée validée,10,Expertisée,20,Bonne,7.384986107,48.102530621,HIXnJ
A1610030,A161003001,2021-10-04,1302.0,2026-05-31T20:30:42Z,16,Donnée validée,10,Expertisée,20,Bonne,7.384986107,48.102530621,HIXnJ
A1610030,A161003001,2021-10-05,1323.0,2026-05-31T20:30:42Z,16,Donnée validée,10,Expertisée,20,Bonne,7.384986107,48.102530621,HIXnJ
A1610030,A161003001,2021-10-06,1305.0,2026-05-31T20:30:42Z,16,Donnée validée,10,Expertisée,20,Bonne,7.384986107,48.102530621,HIXnJ
A1610030,A161003001,2021-10-07,1306.0,2026-05-31T20:30:42Z,16,Donnée validée,10,Expertisée,20,Bonne,7.384986107,48.102530621,HIXnJ
A1610030,A161003001,2021-10-08,1294.0,2026-05-31T20:30:42Z,16,Donnée validée,10,Expertisée,20,Bonne,7.384986107,48.102530621,HIXnJ
A1610030,A161003001,2021-10-09,1279.0,2026-05-31T20:30:42Z,16,Donnée validée,10,Expertisée,20,Bonne,7.384986107,48.102530621,HIXnJ
A1610030,A161003001,2021-10-10,1267.0,2026-05-31T20:30:42Z,16,Donnée validée,10,Expertisée,20,Bonne,7.384986107,48.102530621,HIXnJ
A1610030,A161003001,2021-10-11,1260.0,2026-05-31T20:30:42Z,16,Donnée validée,0,Mesurée,20,Bonne,7.384986107,48.102530621,HIXnJ
A1610030,A161003001,2021-10-12,1259.0,2026-05-31T20:30:42Z,16,Donnée validée,0,Mesurée,20,Bonne,7.384986107,48.102530621,HIXnJ
A1610030,A161003001,2021-10-13,1259.0,2026-05-31T20:30:42Z,16,Donnée validée,0,Mesurée,20,Bonne,7.384986107,48.102530621,HIXnJ
A1610030,A161003001,2021-10-14,1259.0,2026-05-31T20:30:42Z,16,Donnée validée,0,Mesurée,20,Bonne,7.384986107,48.102530621,HIXnJ
A1610030,A161003001,2021-10-15,1260.0,2026-05-31T20:30:42Z,16,Donnée validée,0,Mesurée,20,Bonne,7.384986107,48.102530621,HIXnJ
A1610030,A161003001,2021-10-16,1257.0,2026-05-31T20:30:42Z,16,Donnée validée,0,Mesurée,20,Bonne,7.384986107,48.102530621,HIXnJ
A1610030,A161003001,2021-10-17,1257.0,2026-05-31T20:30:42Z,16,Donnée validée,0,Mesurée,20,Bonne,7.384986107,48.102530621,HIXnJ
A1610030,A161003001,2021-10-18,1259.0,2026-05-31T20:30:42Z,16,Donnée validée,0,Mesurée,20,Bonne,7.384986107,48.102530621,HIXnJ
A1610030,A161003001,2021-10-19,1269.0,2026-05-31T20:30:42Z,16,Donnée validée,0,Mesurée,20,Bonne,7.384986107,48.102530621,HIXnJ
A1610030,A161003001,2021-10-20,1265.0,2026-05-31T20:30:42Z,16,Donnée validée,0,Mesurée,20,Bonne,7.384986107,48.102530621,HIXnJ
A1610030,A161003001,2021-10-21,1255.0,2026-05-31T20:30:42Z,16,Donnée validée,0,Mesurée,20,Bonne,7.384986107,48.102530621,HIXnJ
A1610030,A161003001,2021-10-22,1261.0,2026-05-31T20:30:42Z,16,Donnée validée,0,Mesurée,20,Bonne,7.384986107,48.102530621,HIXnJ
A1610030,A161003001,2021-10-23,1256.0,2026-05-31T20:30:42Z,16,Donnée validée,8,Calculée,20,Bonne,7.384986107,48.102530621,HIXnJ
A1610030,A161003001,2021-10-24,1249.0,2026-05-31T20:30:42Z,16,Donnée validée,0,Mesurée,20,Bonne,7.384986107,48.102530621,HIXnJ
A1610030,A161003001,2021-10-25,1254.0,2026-05-31T20:30:42Z,16,Donnée validée,0,Mesurée,20,Bonne,7.384986107,48.102530621,HIXnJ
A1610030,A161003001,2021-10-26,1245.0,2026-05-31T20:30:42Z,16,Donnée validée,0,Mesurée,20,Bonne,7.384986107,48.102530621,HIXnJ
A1610030,A161003001,2021-10-27,1244.0,2026-05-31T20:30:42Z,16,Donnée validée,0,Mesurée,20,Bonne,7.384986107,48.102530621,HIXnJ
A1610030,A161003001,2021-10-28,1247.0,2026-05-31T20:30:42Z,16,Donnée validée,0,Mesurée,20,Bonne,7.384986107,48.102530621,HIXnJ
A1610030,A161003001,2021-10-29,1245.0,2026-05-31T20:30:42Z,16,Donnée validée,0,Mesurée,20,Bonne,7.384986107,48.102530621,HIXnJ
A1610030,A161003001,2021-10-30,1250.0,2026-05-31T20:30:42Z,16,Donnée validée,0,Mesurée,20,Bonne,7.384986107,48.102530621,HIXnJ
A1610030,A161003001,2021-10-31,1261.0,2026-05-31T20:30:42Z,16,Donnée validée,0,Mesurée,20,Bonne,7.384986107,48.102530621,HIXnJ
A1610030,A161003001,2021-11-01,1303.0,2026-05-31T20:30:42Z,16,Donnée validée,8,Calculée,20,Bonne,7.384986107,48.102530621,HIXnJ
A1610030,A161003001,2021-11-02,1348.0,2026-05-31T20:30:42Z,16,Donnée validée,0,Mesurée,20,Bonne,7.384986107,48.102530621,HIXnJ
A1610030,A161003001,2021-11-03,1459.0,2026-05-31T20:30:42Z,16,Donnée validée,0,Mesurée,20,Bonne,7.384986107,48.102530621,HIXnJ
A1610030,A161003001,2021-11-04,1477.0,2026-05-31T20:30:42Z,16,Donnée validée,0,Mesurée,20,Bonne,7.384986107,48.102530621,HIXnJ
A1610030,A161003001,2021-11-05,1450.0,2026-05-31T20:30:42Z,16,Donnée validée,0,Mesurée,20,Bonne,7.384986107,48.102530621,HIXnJ
A1610030,A161003001,2021-11-06,1421.0,2026-05-31T20:30:42Z,16,Donnée validée,0,Mesurée,20,Bonne,7.384986107,48.102530621,HIXnJ
A1610030,A161003001,2021-11-07,1385.0,2026-05-31T20:30:42Z,16,Donnée validée,8,Calculée,20,Bonne,7.384986107,48.102530621,HIXnJ
A1610030,A161003001,2021-11-08,1355.0,2026-05-31T20:30:42Z,16,Donnée validée,0,Mesurée,20,Bonne,7.384986107,48.102530621,HIXnJ
A1610030,A161003001,2021-11-09,1334.0,2026-05-31T20:30:42Z,16,Donnée validée,0,Mesurée,20,Bonne,7.384986107,48.102530621,HIXnJ
A1610030,A161003001,2021-11-10,1322.0,2026-05-31T20:30:42Z,16,Donnée validée,0,Mesurée,20,Bonne,7.384986107,48.102530621,HIXnJ
A1610030,A161003001,2021-11-11,1314.0,2026-05-31T20:30:42Z,16,Donnée validée,0,Mesurée,20,Bonne,7.384986107,48.102530621,HIXnJ
A1610030,A161003001,2021-11-12,1304.0,2026-05-31T20:30:42Z,16,Donnée validée,0,Mesurée,20,Bonne,7.384986107,48.102530621,HIXnJ
A1610030,A161003001,2021-11-13,1300.0,2026-05-31T20:30:42Z,16,Donnée validée,0,Mesurée,20,Bonne,7.384986107,48.102530621,HIXnJ
A1610030,A161003001,2021-11-14,1307.0,2026-05-31T20:30:42Z,16,Donnée validée,0,Mesurée,20,Bonne,7.384986107,48.102530621,HIXnJ
A1610030,A161003001,2021-11-15,1369.0,2026-05-31T20:30:42Z,16,Donnée validée,0,Mesurée,20,Bonne,7.384986107,48.102530621,HIXnJ
A1610030,A161003001,2021-11-16,1290.0,2026-05-31T20:30:42Z,16,Donnée validée,0,Mesurée,20,Bonne,7.384986107,48.102530621,HIXnJ
A1610030,A161003001,2021-11-17,1286.0,2026-05-31T20:30:42Z,16,Donnée validée,0,Mesurée,20,Bonne,7.384986107,48.102530621,HIXnJ
A1610030,A161003001,2021-11-18,1281.0,2026-05-31T20:30:42Z,16,Donnée validée,0,Mesurée,20,Bonne,7.384986107,48.102530621,HIXnJ
A1610030,A161003001,2021-11-19,1269.0,2026-05-31T20:30:42Z,16,Donnée validée,0,Mesurée,20,Bonne,7.384986107,48.102530621,HIXnJ
A1610030,A161003001,2021-11-20,1264.0,2026-05-31T20:30:42Z,16,Donnée validée,0,Mesurée,20,Bonne,7.384986107,48.102530621,HIXnJ
A1610030,A161003001,2021-11-21,1265.0,2026-05-31T20:30:42Z,16,Donnée validée,0,Mesurée,20,Bonne,7.384986107,48.102530621,HIXnJ
A1610030,A161003001,2021-11-22,1267.0,2026-05-31T20:30:42Z,16,Donnée validée,0,Mesurée,20,Bonne,7.384986107,48.102530621,HIXnJ
A1610030,A161003001,2021-11-23,1265.0,2026-05-31T20:30:42Z,16,Donnée validée,0,Mesurée,20,Bonne,7.384986107,48.102530621,HIXnJ
A1610030,A161003001,2021-11-24,1264.0,2026-05-31T20:30:42Z,16,Donnée validée,0,Mesurée,20,Bonne,7.384986107,48.102530621,HIXnJ
A1610030,A161003001,2021-11-25,1260.0,2026-05-31T20:30:42Z,16,Donnée validée,0,Mesurée,20,Bonne,7.384986107,48.102530621,HIXnJ
A1610030,A161003001,2021-11-26,1262.0,2026-05-31T20:30:42Z,16,Donnée validée,0,Mesurée,20,Bonne,7.384986107,48.102530621,HIXnJ
A1610030,A161003001,2021-11-27,1294.0,2026-05-31T20:30:42Z,16,Donnée validée,0,Mesurée,20,Bonne,7.384986107,48.102530621,HIXnJ
A1610030,A161003001,2021-11-28,1306.0,2026-05-31T20:30:42Z,16,Donnée validée,0,Mesurée,20,Bonne,7.384986107,48.102530621,HIXnJ
A1610030,A161003001,2021-11-29,1370.0,2026-05-31T20:30:42Z,16,Donnée validée,0,Mesurée,20,Bonne,7.384986107,48.102530621,HIXnJ
A1610030,A161003001,2021-11-30,1285.0,2026-05-31T20:30:42Z,16,Donnée validée,0,Mesurée,20,Bonne,7.384986107,48.102530621,HIXnJ
A1610030,A161003001,2021-12-01,1255.0,2026-05-31T20:30:42Z,16,Donnée validée,8,Calculée,20,Bonne,7.384986107,48.102530621,HIXnJ
A1610030,A161003001,2021-12-02,1572.0,2026-05-31T20:30:42Z,16,Donnée validée,0,Mesurée,20,Bonne,7.384986107,48.102530621,HIXnJ
A1610030,A161003001,2021-12-03,1571.0,2026-05-31T20:30:42Z,16,Donnée validée,8,Calculée,20,Bonne,7.384986107,48.102530621,HIXnJ
A1610030,A161003001,2021-12-04,1891.0,2026-05-31T20:30:42Z,16,Donnée validée,8,Calculée,20,Bonne,7.384986107,48.102530621,HIXnJ
A1610030,A161003001,2021-12-05,2448.0,2026-05-31T20:30:42Z,16,Donnée validée,0,Mesurée,20,Bonne,7.384986107,48.102530621,HIXnJ
A1610030,A161003001,2021-12-06,2318.0,2026-05-31T20:30:42Z,16,Donnée validée,8,Calculée,20,Bonne,7.384986107,48.102530621,HIXnJ
A1610030,A161003001,2021-12-07,1784.0,2026-05-31T20:30:42Z,16,Donnée validée,8,Calculée,20,Bonne,7.384986107,48.102530621,HIXnJ
A1610030,A161003001,2021-12-08,1685.0,2026-05-31T20:30:42Z,16,Donnée validée,0,Mesurée,20,Bonne,7.384986107,48.102530621,HIXnJ
A1610030,A161003001,2021-12-09,1689.0,2026-05-31T20:30:42Z,16,Donnée validée,0,Mesurée,20,Bonne,7.384986107,48.102530621,HIXnJ
A1610030,A161003001,2021-12-10,1611.0,2026-05-31T20:30:42Z,16,Donnée validée,8,Calculée,20,Bonne,7.384986107,48.102530621,HIXnJ
A1610030,A161003001,2021-12-11,1868.0,2026-05-31T20:30:42Z,16,Donnée validée,0,Mesurée,20,Bonne,7.384986107,48.102530621,HIXnJ
A1610030,A161003001,2021-12-12,1842.0,2026-05-31T20:30:42Z,16,Donnée validée,8,Calculée,20,Bonne,7.384986107,48.102530621,HIXnJ
A1610030,A161003001,2021-12-13,1632.0,2026-05-31T20:30:42Z,16,Donnée validée,8,Calculée,20,Bonne,7.384986107,48.102530621,HIXnJ
A1610030,A161003001,2021-12-14,1553.0,2026-05-31T20:30:42Z,16,Donnée validée,8,Calculée,20,Bonne,7.384986107,48.102530621,HIXnJ
A1610030,A161003001,2021-12-15,1554.0,2026-05-31T20:30:42Z,16,Donnée validée,0,Mesurée,20,Bonne,7.384986107,48.102530621,HIXnJ
A1610030,A161003001,2021-12-16,1551.0,2026-05-31T20:30:42Z,16,Donnée validée,0,Mesurée,20,Bonne,7.384986107,48.102530621,HIXnJ
A1610030,A161003001,2021-12-17,1522.0,2026-05-31T20:30:42Z,16,Donnée validée,8,Calculée,20,Bonne,7.384986107,48.102530621,HIXnJ
A1610030,A161003001,2021-12-18,1493.0,2026-05-31T20:30:42Z,16,Donnée validée,8,Calculée,20,Bonne,7.384986107,48.102530621,HIXnJ
A1610030,A161003001,2021-12-19,1439.0,2026-05-31T20:30:42Z,16,Donnée validée,8,Calculée,20,Bonne,7.384986107,48.102530621,HIXnJ
A1610030,A161003001,2021-12-20,1475.0,2026-05-31T20:30:42Z,16,Donnée validée,0,Mesurée,20,Bonne,7.384986107,48.102530621,HIXnJ
A1610030,A161003001,2021-12-21,1400.0,2026-05-31T20:30:42Z,16,Donnée validée,8,Calculée,20,Bonne,7.384986107,48.102530621,HIXnJ
A1610030,A161003001,2021-12-22,1381.0,2026-05-31T20:30:42Z,16,Donnée validée,8,Calculée,20,Bonne,7.384986107,48.102530621,HIXnJ
A1610030,A161003001,2021-12-23,1370.0,2026-05-31T20:30:42Z,16,Donnée validée,0,Mesurée,20,Bonne,7.384986107,48.102530621,HIXnJ
A1610030,A161003001,2021-12-24,1378.0,2026-05-31T20:30:42Z,16,Donnée validée,0,Mesurée,20,Bonne,7.384986107,48.102530621,HIXnJ
A1610030,A161003001,2021-12-25,1430.0,2026-05-31T20:30:42Z,16,Donnée validée,0,Mesurée,20,Bonne,7.384986107,48.102530621,HIXnJ
A1610030,A161003001,2021-12-26,1510.0,2026-05-31T20:30:42Z,16,Donnée validée,8,Calculée,20,Bonne,7.384986107,48.102530621,HIXnJ
A1610030,A161003001,2021-12-27,1642.0,2026-05-31T20:30:42Z,16,Donnée validée,8,Calculée,20,Bonne,7.384986107,48.102530621,HIXnJ
A1610030,A161003001,2021-12-28,2037.0,2026-05-31T20:30:42Z,16,Donnée validée,8,Calculée,20,Bonne,7.384986107,48.102530621,HIXnJ
A1610030,A161003001,2021-12-29,2390.0,2026-05-31T20:30:42Z,16,Donnée validée,0,Mesurée,20,Bonne,7.384986107,48.102530621,HIXnJ
A1610030,A161003001,2021-12-30,2769.0,2026-05-31T20:30:42Z,16,Donnée validée,0,Mesurée,20,Bonne,7.384986107,48.102530621,HIXnJ
A1610030,A161003001,2021-12-31,2454.0,2026-05-31T20:30:42Z,16,Donnée validée,0,Mesurée,20,Bonne,7.384986107,48.102530621,HIXnJ
A1610030,A161003001,2022-01-01,2110.0,2026-05-31T20:30:42Z,16,Donnée validée,0,Mesurée,20,Bonne,7.384986107,48.102530621,HIXnJ
A1610030,A161003001,2022-01-02,1858.0,2026-05-31T20:30:42Z,16,Donnée validée,8,Calculée,20,Bonne,7.384986107,48.102530621,HIXnJ
A1610030,A161003001,2022-01-03,1714.0,2026-05-31T20:30:42Z,16,Donnée validée,0,Mesurée,20,Bonne,7.384986107,48.102530621,HIXnJ
A1610030,A161003001,2022-01-04,1836.0,2026-05-31T20:30:42Z,16,Donnée validée,8,Calculée,20,Bonne,7.384986107,48.102530621,HIXnJ
A1610030,A161003001,2022-01-05,2189.0,2026-05-31T20:30:42Z,16,Donnée validée,0,Mesurée,20,Bonne,7.384986107,48.102530621,HIXnJ
A1610030,A161003001,2022-01-06,2153.0,2026-05-31T20:30:42Z,16,Donnée validée,8,Calculée,20,Bonne,7.384986107,48.102530621,HIXnJ
A1610030,A161003001,2022-01-07,1894.0,2026-05-31T20:30:42Z,16,Donnée validée,8,Calculée,20,Bonne,7.384986107,48.102530621,HIXnJ
A1610030,A161003001,2022-01-08,1855.0,2026-05-31T20:30:42Z,16,Donnée validée,0,Mesurée,20,Bonne,7.384986107,48.102530621,HIXnJ
A1610030,A161003001,2022-01-09,2485.0,2026-05-31T20:30:42Z,16,Donnée validée,0,Mesurée,20,Bonne,7.384986107,48.102530621,HIXnJ
A1610030,A161003001,2022-01-10,2489.0,2026-05-31T20:30:42Z,16,Donnée validée,0,Mesurée,20,Bonne,7.384986107,48.102530621,HIXnJ
A1610030,A161003001,2022-01-11,2144.0,2026-05-31T20:30:42Z,16,Donnée validée,8,Calculée,20,Bonne,7.384986107,48.102530621,HIXnJ
A1610030,A161003001,2022-01-12,1887.0,2026-05-31T20:30:42Z,16,Donnée validée,8,Calculée,20,Bonne,7.384986107,48.102530621,HIXnJ
A1610030,A161003001,2022-01-13,1751.0,2026-05-31T20:30:42Z,16,Donnée validée,8,Calculée,20,Bonne,7.384986107,48.102530621,HIXnJ
A1610030,A161003001,2022-01-14,1667.0,2026-05-31T20:30:42Z,16,Donnée validée,0,Mesurée,20,Bonne,7.384986107,48.102530621,HIXnJ
A1610030,A161003001,2022-01-15,1620.0,2026-05-31T20:30:42Z,16,Donnée validée,8,Calculée,20,Bonne,7.384986107,48.102530621,HIXnJ
A1610030,A161003001,2022-01-16,1591.0,2026-05-31T20:30:42Z,16,Donnée validée,8,Calculée,20,Bonne,7.384986107,48.102530621,HIXnJ
A1610030,A161003001,2022-01-17,1530.0,2026-05-31T20:30:42Z,16,Donnée validée,0,Mesurée,20,Bonne,7.384986107,48.102530621,HIXnJ
A1610030,A161003001,2022-01-18,1490.0,2026-05-31T20:30:42Z,16,Donnée validée,0,Mesurée,20,Bonne,7.384986107,48.102530621,HIXnJ
A1610030,A161003001,2022-01-19,1515.0,2026-05-31T20:30:42Z,16,Donnée validée,0,Mesurée,20,Bonne,7.384986107,48.102530621,HIXnJ
A1610030,A161003001,2022-01-20,1454.0,2026-05-31T20:30:42Z,16,Donnée validée,8,Calculée,20,Bonne,7.384986107,48.102530621,HIXnJ
A1610030,A161003001,2022-01-21,1430.0,2026-05-31T20:30:42Z,16,Donnée validée,8,Calculée,20,Bonne,7.384986107,48.102530621,HIXnJ
A1610030,A161003001,2022-01-22,1408.0,2026-05-31T20:30:42Z,16,Donnée validée,8,Calculée,20,Bonne,7.384986107,48.102530621,HIXnJ
A1610030,A161003001,2022-01-23,1388.0,2026-05-31T20:30:42Z,16,Donnée validée,8,Calculée,20,Bonne,7.384986107,48.102530621,HIXnJ
A1610030,A161003001,2022-01-24,1562.0,2026-05-31T20:30:42Z,16,Donnée validée,0,Mesurée,20,Bonne,7.384986107,48.102530621,HIXnJ
A1610030,A161003001,2022-01-25,1368.0,2026-05-31T20:30:42Z,16,Donnée validée,0,Mesurée,20,Bonne,7.384986107,48.102530621,HIXnJ
A1610030,A161003001,2022-01-26,1360.0,2026-05-31T20:30:42Z,16,Donnée validée,8,Calculée,20,Bonne,7.384986107,48.102530621,HIXnJ
A1610030,A161003001,2022-01-27,1351.0,2026-05-31T20:30:42Z,16,Donnée validée,8,Calculée,20,Bonne,7.384986107,48.102530621,HIXnJ
A1610030,A161003001,2022-01-28,1340.0,2026-05-31T20:30:42Z,16,Donnée validée,0,Mesurée,20,Bonne,7.384986107,48.102530621,HIXnJ
A1610030,A161003001,2022-01-29,1330.0,2026-05-31T20:30:42Z,16,Donnée validée,0,Mesurée,20,Bonne,7.384986107,48.102530621,HIXnJ
A1610030,A161003001,2022-01-30,1324.0,2026-05-31T20:30:42Z,16,Donnée validée,0,Mesurée,20,Bonne,7.384986107,48.102530621,HIXnJ
A1610030,A161003001,2022-01-31,1344.0,2026-05-31T20:30:42Z,16,Donnée validée,0,Mesurée,20,Bonne,7.384986107,48.102530621,HIXnJ
A1610030,A161003001,2022-02-01,1344.0,2026-05-31T20:30:42Z,16,Donnée validée,0,Mesurée,20,Bonne,7.384986107,48.102530621,HIXnJ
A1610030,A161003001,2022-02-02,1414.0,2026-05-31T20:30:42Z,16,Donnée validée,8,Calculée,20,Bonne,7.384986107,48.102530621,HIXnJ
A1610030,A161003001,2022-02-03,1519.0,2026-05-31T20:30:42Z,16,Donnée validée,0,Mesurée,20,Bonne,7.384986107,48.102530621,HIXnJ
A1610030,A161003001,2022-02-04,1506.0,2026-05-31T20:30:42Z,16,Donnée validée,0,Mesurée,20,Bonne,7.384986107,48.102530621,HIXnJ
A1610030,A161003001,2022-02-05,1490.0,2026-05-31T20:30:42Z,16,Donnée validée,0,Mesurée,20,Bonne,7.384986107,48.102530621,HIXnJ
A1610030,A161003001,2022-02-06,1589.0,2026-05-31T20:30:42Z,16,Donnée validée,0,Mesurée,20,Bonne,7.384986107,48.102530621,HIXnJ
A1610030,A161003001,2022-02-07,2295.0,2026-05-31T20:30:42Z,16,Donnée validée,0,Mesurée,20,Bonne,7.384986107,48.102530621,HIXnJ
A1610030,A161003001,2022-02-08,2260.0,2026-05-31T20:30:42Z,16,Donnée validée,0,Mesurée,20,Bonne,7.384986107,48.102530621,HIXnJ
A1610030,A161003001,2022-02-09,1910.0,2026-05-31T20:30:42Z,16,Donnée validée,8,Calculée,20,Bonne,7.384986107,48.102530621,HIXnJ
A1610030,A161003001,2022-02-10,1741.0,2026-05-31T20:30:42Z,16,Donnée validée,8,Calculée,20,Bonne,7.384986107,48.102530621,HIXnJ
A1610030,A161003001,2022-02-11,1662.0,2026-05-31T20:30:42Z,16,Donnée validée,8,Calculée,20,Bonne,7.384986107,48.102530621,HIXnJ
A1610030,A161003001,2022-02-12,1680.0,2026-05-31T20:30:42Z,16,Donnée validée,0,Mesurée,20,Bonne,7.384986107,48.102530621,HIXnJ
A1610030,A161003001,2022-02-13,1602.0,2026-05-31T20:30:42Z,16,Donnée validée,8,Calculée,20,Bonne,7.384986107,48.102530621,HIXnJ
A1610030,A161003001,2022-02-14,1543.0,2026-05-31T20:30:42Z,16,Donnée validée,8,Calculée,20,Bonne,7.384986107,48.102530621,HIXnJ
A1610030,A161003001,2022-02-15,1519.0,2026-05-31T20:30:42Z,16,Donnée validée,8,Calculée,20,Bonne,7.384986107,48.102530621,HIXnJ
A1610030,A161003001,2022-02-16,1541.0,2026-05-31T20:30:42Z,16,Donnée validée,8,Calculée,20,Bonne,7.384986107,48.102530621,HIXnJ
A1610030,A161003001,2022-02-17,2158.0,2026-05-31T20:30:42Z,16,Donnée validée,0,Mesurée,20,Bonne,7.384986107,48.102530621,HIXnJ
A1610030,A161003001,2022-02-18,2159.0,2026-05-31T20:30:42Z,16,Donnée validée,0,Mesurée,20,Bonne,7.384986107,48.102530621,HIXnJ
A1610030,A161003001,2022-02-19,2043.0,2026-05-31T20:30:42Z,16,Donnée validée,8,Calculée,20,Bonne,7.384986107,48.102530621,HIXnJ
A1610030,A161003001,2022-02-20,1858.0,2026-05-31T20:30:42Z,16,Donnée validée,8,Calculée,20,Bonne,7.384986107,48.102530621,HIXnJ
A1610030,A161003001,2022-02-21,2182.0,2026-05-31T20:30:42Z,16,Donnée validée,0,Mesurée,20,Bonne,7.384986107,48.102530621,HIXnJ
A1610030,A161003001,2022-02-22,2300.0,2026-05-31T20:30:42Z,16,Donnée validée,0,Mesurée,20,Bonne,7.384986107,48.102530621,HIXnJ
A1610030,A161003001,2022-02-23,2195.0,2026-05-31T20:30:42Z,16,Donnée validée,8,Calculée,20,Bonne,7.384986107,48.102530621,HIXnJ
A1610030,A161003001,2022-02-24,2104.0,2026-05-31T20:30:42Z,16,Donnée validée,0,Mesurée,20,Bonne,7.384986107,48.102530621,HIXnJ
A1610030,A161003001,2022-02-25,1952.0,2026-05-31T20:30:42Z,16,Donnée validée,8,Calculée,20,Bonne,7.384986107,48.102530621,HIXnJ
A1610030,A161003001,2022-02-26,1814.0,2026-05-31T20:30:42Z,16,Donnée validée,8,Calculée,20,Bonne,7.384986107,48.102530621,HIXnJ
A1610030,A161003001,2022-02-27,1696.0,2026-05-31T20:30:42Z,16,Donnée validée,8,Calculée,20,Bonne,7.384986107,48.102530621,HIXnJ
A1610030,A161003001,2022-02-28,1616.0,2026-05-31T20:30:42Z,16,Donnée validée,8,Calculée,20,Bonne,7.384986107,48.102530621,HIXnJ
A1610030,A161003001,2022-03-01,1567.0,2026-05-31T20:30:42Z,16,Donnée validée,8,Calculée,20,Bonne,7.384986107,48.102530621,HIXnJ
A1610030,A161003001,2022-03-02,1510.0,2026-05-31T20:30:42Z,16,Donnée validée,0,Mesurée,20,Bonne,7.384986107,48.102530621,HIXnJ
A1610030,A161003001,2022-03-03,1471.0,2026-05-31T20:30:42Z,16,Donnée validée,8,Calculée,20,Bonne,7.384986107,48.102530621,HIXnJ
A1610030,A161003001,2022-03-04,1442.0,2026-05-31T20:30:42Z,16,Donnée validée,0,Mesurée,20,Bonne,7.384986107,48.102530621,HIXnJ
A1610030,A161003001,2022-03-05,1415.0,2026-05-31T20:30:42Z,16,Donnée validée,0,Mesurée,20,Bonne,7.384986107,48.102530621,HIXnJ
A1610030,A161003001,2022-03-06,1395.0,2026-05-31T20:30:42Z,16,Donnée validée,8,Calculée,20,Bonne,7.384986107,48.102530621,HIXnJ
A1610030,A161003001,2022-03-07,1374.0,2026-05-31T20:30:42Z,16,Donnée validée,0,Mesurée,20,Bonne,7.384986107,48.102530621,HIXnJ
A1610030,A161003001,2022-03-08,1351.0,2026-05-31T20:30:42Z,16,Donnée validée,8,Calculée,20,Bonne,7.384986107,48.102530621,HIXnJ
A1610030,A161003001,2022-03-09,1342.0,2026-05-31T20:30:42Z,16,Donnée validée,0,Mesurée,20,Bonne,7.384986107,48.102530621,HIXnJ
A1610030,A161003001,2022-03-10,1325.0,2026-05-31T20:30:42Z,16,Donnée validée,0,Mesurée,20,Bonne,7.384986107,48.102530621,HIXnJ
A1610030,A161003001,2022-03-11,1312.0,2026-05-31T20:30:42Z,16,Donnée validée,0,Mesurée,20,Bonne,7.384986107,48.102530621,HIXnJ
A1610030,A161003001,2022-03-12,1300.0,2026-05-31T20:30:42Z,16,Donnée validée,0,Mesurée,20,Bonne,7.384986107,48.102530621,HIXnJ
A1610030,A161003001,2022-03-13,1289.0,2026-05-31T20:30:42Z,16,Donnée validée,8,Calculée,20,Bonne,7.384986107,48.102530621,HIXnJ
A1610030,A161003001,2022-03-14,1285.0,2026-05-31T20:30:42Z,16,Donnée validée,0,Mesurée,20,Bonne,7.384986107,48.102530621,HIXnJ
A1610030,A161003001,2022-03-15,1285.0,2026-05-31T20:30:42Z,16,Donnée validée,8,Calculée,20,Bonne,7.384986107,48.102530621,HIXnJ
A1610030,A161003001,2022-03-16,1279.0,2026-05-31T20:30:42Z,16,Donnée validée,0,Mesurée,20,Bonne,7.384986107,48.102530621,HIXnJ
A1610030,A161003001,2022-03-17,1273.0,2026-05-31T20:30:42Z,16,Donnée validée,0,Mesurée,20,Bonne,7.384986107,48.102530621,HIXnJ
A1610030,A161003001,2022-03-18,1271.0,2026-05-31T20:30:42Z,16,Donnée validée,0,Mesurée,20,Bonne,7.384986107,48.102530621,HIXnJ
A1610030,A161003001,2022-03-19,1247.0,2026-05-31T20:30:42Z,16,Donnée validée,0,Mesurée,20,Bonne,7.384986107,48.102530621,HIXnJ
A1610030,A161003001,2022-03-20,1253.0,2026-05-31T20:30:42Z,16,Donnée validée,0,Mesurée,20,Bonne,7.384986107,48.102530621,HIXnJ
A1610030,A161003001,2022-03-21,1250.0,2026-05-31T20:30:42Z,16,Donnée validée,8,Calculée,20,Bonne,7.384986107,48.102530621,HIXnJ
A1610030,A161003001,2022-03-22,1237.0,2026-05-31T20:30:42Z,16,Donnée validée,8,Calculée,20,Bonne,7.384986107,48.102530621,HIXnJ
A1610030,A161003001,2022-03-23,1223.0,2026-05-31T20:30:42Z,16,Donnée validée,8,Calculée,20,Bonne,7.384986107,48.102530621,HIXnJ
A1610030,A161003001,2022-03-24,1215.0,2026-05-31T20:30:42Z,16,Donnée validée,0,Mesurée,20,Bonne,7.384986107,48.102530621,HIXnJ
A1610030,A161003001,2022-03-25,1208.0,2026-05-31T20:30:42Z,16,Donnée validée,8,Calculée,20,Bonne,7.384986107,48.102530621,HIXnJ
A1610030,A161003001,2022-03-26,1202.0,2026-05-31T20:30:42Z,16,Donnée validée,0,Mesurée,20,Bonne,7.384986107,48.102530621,HIXnJ
A1610030,A161003001,2022-03-27,1197.0,2026-05-31T20:30:42Z,16,Donnée validée,8,Calculée,20,Bonne,7.384986107,48.102530621,HIXnJ
A1610030,A161003001,2022-03-28,1194.0,2026-05-31T20:30:42Z,16,Donnée validée,0,Mesurée,20,Bonne,7.384986107,48.102530621,HIXnJ
A1610030,A161003001,2022-03-29,1184.0,2026-05-31T20:30:42Z,16,Donnée validée,0,Mesurée,20,Bonne,7.384986107,48.102530621,HIXnJ
A1610030,A161003001,2022-03-30,1194.0,2026-05-31T20:30:42Z,16,Donnée validée,0,Mesurée,20,Bonne,7.384986107,48.102530621,HIXnJ
A1610030,A161003001,2022-03-31,1265.0,2026-05-31T20:30:42Z,16,Donnée validée,0,Mesurée,20,Bonne,7.384986107,48.102530621,HIXnJ
A1610030,A161003001,2022-04-01,1327.0,2026-05-31T20:30:42Z,16,Donnée validée,0,Mesurée,20,Bonne,7.384986107,48.102530621,HIXnJ
A1610030,A161003001,2022-04-02,1323.0,2026-05-31T20:30:42Z,16,Donnée validée,0,Mesurée,20,Bonne,7.384986107,48.102530621,HIXnJ
A1610030,A161003001,2022-04-03,1310.0,2026-05-31T20:30:42Z,16,Donnée validée,8,Calculée,20,Bonne,7.384986107,48.102530621,HIXnJ
A1610030,A161003001,2022-04-04,1272.0,2026-05-31T20:30:42Z,16,Donnée validée,8,Calculée,20,Bonne,7.384986107,48.102530621,HIXnJ
A1610030,A161003001,2022-04-05,1257.0,2026-05-31T20:30:42Z,16,Donnée validée,8,Calculée,20,Bonne,7.384986107,48.102530621,HIXnJ
A1610030,A161003001,2022-04-06,1262.0,2026-05-31T20:30:42Z,16,Donnée validée,0,Mesurée,20,Bonne,7.384986107,48.102530621,HIXnJ
A1610030,A161003001,2022-04-07,1337.0,2026-05-31T20:30:42Z,16,Donnée validée,0,Mesurée,20,Bonne,7.384986107,48.102530621,HIXnJ
A1610030,A161003001,2022-04-08,2832.0,2026-05-31T20:30:42Z,16,Donnée validée,0,Mesurée,20,Bonne,7.384986107,48.102530621,HIXnJ
A1610030,A161003001,2022-04-09,3308.0,2026-05-31T20:30:42Z,16,Donnée validée,0,Mesurée,20,Bonne,7.384986107,48.102530621,HIXnJ
A1610030,A161003001,2022-04-10,3256.0,2026-05-31T20:30:42Z,16,Donnée validée,0,Mesurée,20,Bonne,7.384986107,48.102530621,HIXnJ
A1610030,A161003001,2022-04-11,2359.0,2026-05-31T20:30:42Z,16,Donnée validée,8,Calculée,20,Bonne,7.384986107,48.102530621,HIXnJ
A1610030,A161003001,2022-04-12,1956.0,2026-05-31T20:30:42Z,16,Donnée validée,8,Calculée,20,Bonne,7.384986107,48.102530621,HIXnJ
A1610030,A161003001,2022-04-13,1779.0,2026-05-31T20:30:42Z,16,Donnée validée,0,Mesurée,20,Bonne,7.384986107,48.102530621,HIXnJ
A1610030,A161003001,2022-04-14,1640.0,2026-05-31T20:30:42Z,16,Donnée validée,8,Calculée,20,Bonne,7.384986107,48.102530621,HIXnJ
A1610030,A161003001,2022-04-15,1554.0,2026-05-31T20:30:42Z,16,Donnée validée,0,Mesurée,20,Bonne,7.384986107,48.102530621,HIXnJ
A1610030,A161003001,2022-04-16,1487.0,2026-05-31T20:30:42Z,16,Donnée validée,0,Mesurée,20,Bonne,7.384986107,48.102530621,HIXnJ
A1610030,A161003001,2022-04-17,1440.0,2026-05-31T20:30:42Z,16,Donnée validée,8,Calculée,20,Bonne,7.384986107,48.102530621,HIXnJ
A1610030,A161003001,2022-04-18,1405.0,2026-05-31T20:30:42Z,16,Donnée validée,8,Calculée,20,Bonne,7.384986107,48.102530621,HIXnJ
A1610030,A161003001,2022-04-19,1377.0,2026-05-31T20:30:42Z,16,Donnée validée,0,Mesurée,20,Bonne,7.384986107,48.102530621,HIXnJ
A1610030,A161003001,2022-04-20,1361.0,2026-05-31T20:30:42Z,16,Donnée validée,8,Calculée,20,Bonne,7.384986107,48.102530621,HIXnJ
A1610030,A161003001,2022-04-21,1324.0,2026-05-31T20:30:42Z,16,Donnée validée,8,Calculée,20,Bonne,7.384986107,48.102530621,HIXnJ
A1610030,A161003001,2022-04-22,1339.0,2026-05-31T20:30:42Z,16,Donnée validée,0,Mesurée,20,Bonne,7.384986107,48.102530621,HIXnJ
A1610030,A161003001,2022-04-23,1292.0,2026-05-31T20:30:42Z,16,Donnée validée,0,Mesurée,20,Bonne,7.384986107,48.102530621,HIXnJ
A1610030,A161003001,2022-04-24,1337.0,2026-05-31T20:30:42Z,16,Donnée validée,0,Mesurée,20,Bonne,7.384986107,48.102530621,HIXnJ
A1610030,A161003001,2022-04-25,1469.0,2026-05-31T20:30:42Z,16,Donnée validée,0,Mesurée,20,Bonne,7.384986107,48.102530621,HIXnJ
A1610030,A161003001,2022-04-26,1509.0,2026-05-31T20:30:42Z,16,Donnée validée,0,Mesurée,20,Bonne,7.384986107,48.102530621,HIXnJ
A1610030,A161003001,2022-04-27,1491.0,2026-05-31T20:30:42Z,16,Donnée validée,0,Mesurée,20,Bonne,7.384986107,48.102530621,HIXnJ
A1610030,A161003001,2022-04-28,1375.0,2026-05-31T20:30:42Z,16,Donnée validée,8,Calculée,20,Bonne,7.384986107,48.102530621,HIXnJ
A1610030,A161003001,2022-04-29,1310.0,2026-05-31T20:30:42Z,16,Donnée validée,8,Calculée,20,Bonne,7.384986107,48.102530621,HIXnJ
A1610030,A161003001,2022-04-30,1297.0,2026-05-31T20:30:42Z,16,Donnée validée,8,Calculée,20,Bonne,7.384986107,48.102530621,HIXnJ
A1610030,A161003001,2022-05-01,1302.0,2026-05-31T20:30:42Z,16,Donnée validée,0,Mesurée,20,Bonne,7.384986107,48.102530621,HIXnJ
A1610030,A161003001,2022-05-02,1255.0,2026-05-31T20:30:42Z,16,Donnée validée,8,Calculée,20,Bonne,7.384986107,48.102530621,HIXnJ
A1610030,A161003001,2022-05-03,1232.0,2026-05-31T20:30:42Z,16,Donnée validée,0,Mesurée,20,Bonne,7.384986107,48.102530621,HIXnJ
A1610030,A161003001,2022-05-04,1297.0,2026-05-31T20:30:42Z,16,Donnée validée,8,Calculée,20,Bonne,7.384986107,48.102530621,HIXnJ
A1610030,A161003001,2022-05-05,1365.0,2026-05-31T20:30:42Z,16,Donnée validée,0,Mesurée,20,Bonne,7.384986107,48.102530621,HIXnJ
A1610030,A161003001,2022-05-06,1382.0,2026-05-31T20:30:42Z,16,Donnée validée,0,Mesurée,20,Bonne,7.384986107,48.102530621,HIXnJ
A1610030,A161003001,2022-05-07,1300.0,2026-05-31T20:30:42Z,16,Donnée validée,8,Calculée,20,Bonne,7.384986107,48.102530621,HIXnJ
A1610030,A161003001,2022-05-08,1275.0,2026-05-31T20:30:42Z,16,Donnée validée,8,Calculée,20,Bonne,7.384986107,48.102530621,HIXnJ
A1610030,A161003001,2022-05-09,1245.0,2026-05-31T20:30:42Z,16,Donnée validée,0,Mesurée,20,Bonne,7.384986107,48.102530621,HIXnJ
A1610030,A161003001,2022-05-10,1233.0,2026-05-31T20:30:42Z,16,Donnée validée,0,Mesurée,20,Bonne,7.384986107,48.102530621,HIXnJ
A1610030,A161003001,2022-05-11,1216.0,2026-05-31T20:30:42Z,16,Donnée validée,8,Calculée,20,Bonne,7.384986107,48.102530621,HIXnJ
A1610030,A161003001,2022-05-12,1222.0,2026-05-31T20:30:42Z,16,Donnée validée,0,Mesurée,20,Bonne,7.384986107,48.102530621,HIXnJ
A1610030,A161003001,2022-05-13,1204.0,2026-05-31T20:30:42Z,16,Donnée validée,0,Mesurée,20,Bonne,7.384986107,48.102530621,HIXnJ
A1610030,A161003001,2022-05-14,1203.0,2026-05-31T20:30:42Z,16,Donnée validée,8,Calculée,20,Bonne,7.384986107,48.102530621,HIXnJ
A1610030,A161003001,2022-05-15,1187.0,2026-05-31T20:30:42Z,16,Donnée validée,8,Calculée,20,Bonne,7.384986107,48.102530621,HIXnJ
A1610030,A161003001,2022-05-16,1171.0,2026-05-31T20:30:42Z,16,Donnée validée,0,Mesurée,20,Bonne,7.384986107,48.102530621,HIXnJ
A1610030,A161003001,2022-05-17,1164.0,2026-05-31T20:30:42Z,16,Donnée validée,0,Mesurée,20,Bonne,7.384986107,48.102530621,HIXnJ
A1610030,A161003001,2022-05-18,1179.0,2026-05-31T20:30:42Z,16,Donnée validée,0,Mesurée,20,Bonne,7.384986107,48.102530621,HIXnJ
A1610030,A161003001,2022-05-19,1180.0,2026-05-31T20:30:42Z,16,Donnée validée,0,Mesurée,20,Bonne,7.384986107,48.102530621,HIXnJ
A1610030,A161003001,2022-05-20,1237.0,2026-05-31T20:30:42Z,16,Donnée validée,0,Mesurée,20,Bonne,7.384986107,48.102530621,HIXnJ
A1610030,A161003001,2022-05-21,1164.0,2026-05-31T20:30:42Z,16,Donnée validée,8,Calculée,20,Bonne,7.384986107,48.102530621,HIXnJ
A1610030,A161003001,2022-05-22,1180.0,2026-05-31T20:30:42Z,16,Donnée validée,0,Mesurée,20,Bonne,7.384986107,48.102530621,HIXnJ
A1610030,A161003001,2022-05-23,1166.0,2026-05-31T20:30:42Z,16,Donnée validée,0,Mesurée,20,Bonne,7.384986107,48.102530621,HIXnJ
A1610030,A161003001,2022-05-24,1224.0,2026-05-31T20:30:42Z,16,Donnée validée,0,Mesurée,20,Bonne,7.384986107,48.102530621,HIXnJ
A1610030,A161003001,2022-05-25,1189.0,2026-05-31T20:30:42Z,16,Donnée validée,8,Calculée,20,Bonne,7.384986107,48.102530621,HIXnJ
A1610030,A161003001,2022-05-26,1171.0,2026-05-31T20:30:42Z,16,Donnée validée,0,Mesurée,20,Bonne,7.384986107,48.102530621,HIXnJ
A1610030,A161003001,2022-05-27,1158.0,2026-05-31T20:30:42Z,16,Donnée validée,0,Mesurée,20,Bonne,7.384986107,48.102530621,HIXnJ
A1610030,A161003001,2022-05-28,1155.0,2026-05-31T20:30:42Z,16,Donnée validée,0,Mesurée,20,Bonne,7.384986107,48.102530621,HIXnJ
A1610030,A161003001,2022-05-29,1151.0,2026-05-31T20:30:42Z,16,Donnée validée,0,Mesurée,20,Bonne,7.384986107,48.102530621,HIXnJ
A1610030,A161003001,2022-05-30,1152.0,2026-05-31T20:30:42Z,16,Donnée validée,0,Mesurée,20,Bonne,7.384986107,48.102530621,HIXnJ
A1610030,A161003001,2022-05-31,1155.0,2026-05-31T20:30:42Z,16,Donnée validée,0,Mesurée,20,Bonne,7.384986107,48.102530621,HIXnJ
A1610030,A161003001,2022-06-01,1160.0,2026-05-31T20:30:42Z,16,Donnée validée,0,Mesurée,20,Bonne,7.384986107,48.102530621,HIXnJ
A1610030,A161003001,2022-06-02,1167.0,2026-05-31T20:30:42Z,16,Donnée validée,0,Mesurée,20,Bonne,7.384986107,48.102530621,HIXnJ
A1610030,A161003001,2022-06-03,1172.0,2026-05-31T20:30:42Z,16,Donnée validée,0,Mesurée,20,Bonne,7.384986107,48.102530621,HIXnJ
A1610030,A161003001,2022-06-04,1172.0,2026-05-31T20:30:42Z,16,Donnée validée,0,Mesurée,20,Bonne,7.384986107,48.102530621,HIXnJ
A1610030,A161003001,2022-06-05,1290.0,2026-05-31T20:30:42Z,16,Donnée validée,0,Mesurée,20,Bonne,7.384986107,48.102530621,HIXnJ
A1610030,A161003001,2022-06-06,1178.0,2026-05-31T20:30:42Z,16,Donnée validée,0,Mesurée,20,Bonne,7.384986107,48.102530621,HIXnJ
A1610030,A161003001,2022-06-07,1178.0,2026-05-31T20:30:42Z,16,Donnée validée,0,Mesurée,20,Bonne,7.384986107,48.102530621,HIXnJ
A1610030,A161003001,2022-06-08,1192.0,2026-05-31T20:30:42Z,16,Donnée validée,8,Calculée,20,Bonne,7.384986107,48.102530621,HIXnJ
A1610030,A161003001,2022-06-09,1196.0,2026-05-31T20:30:42Z,16,Donnée validée,0,Mesurée,20,Bonne,7.384986107,48.102530621,HIXnJ
A1610030,A161003001,2022-06-10,1202.0,2026-05-31T20:30:42Z,16,Donnée validée,0,Mesurée,20,Bonne,7.384986107,48.102530621,HIXnJ
A1610030,A161003001,2022-06-11,1187.0,2026-05-31T20:30:42Z,16,Donnée validée,0,Mesurée,20,Bonne,7.384986107,48.102530621,HIXnJ
A1610030,A161003001,2022-06-12,1167.0,2026-05-31T20:30:42Z,16,Donnée validée,8,Calculée,20,Bonne,7.384986107,48.102530621,HIXnJ
A1610030,A161003001,2022-06-13,1208.0,2026-05-31T20:30:42Z,16,Donnée validée,0,Mesurée,20,Bonne,7.384986107,48.102530621,HIXnJ
A1610030,A161003001,2022-06-14,1164.0,2026-05-31T20:30:42Z,16,Donnée validée,8,Calculée,20,Bonne,7.384986107,48.102530621,HIXnJ
A1610030,A161003001,2022-06-15,1159.0,2026-05-31T20:30:42Z,16,Donnée validée,0,Mesurée,20,Bonne,7.384986107,48.102530621,HIXnJ
A1610030,A161003001,2022-06-16,1171.0,2026-05-31T20:30:42Z,16,Donnée validée,0,Mesurée,20,Bonne,7.384986107,48.102530621,HIXnJ
A1610030,A161003001,2022-06-17,1159.0,2026-05-31T20:30:42Z,16,Donnée validée,0,Mesurée,20,Bonne,7.384986107,48.102530621,HIXnJ
A1610030,A161003001,2022-06-18,1175.0,2026-05-31T20:30:42Z,16,Donnée validée,0,Mesurée,20,Bonne,7.384986107,48.102530621,HIXnJ
A1610030,A161003001,2022-06-19,1169.0,2026-05-31T20:30:42Z,16,Donnée validée,0,Mesurée,20,Bonne,7.384986107,48.102530621,HIXnJ
A1610030,A161003001,2022-06-20,1167.0,2026-05-31T20:30:42Z,16,Donnée validée,0,Mesurée,20,Bonne,7.384986107,48.102530621,HIXnJ
A1610030,A161003001,2022-06-21,1195.0,2026-05-31T20:30:42Z,16,Donnée validée,0,Mesurée,20,Bonne,7.384986107,48.102530621,HIXnJ
A1610030,A161003001,2022-06-22,1264.0,2026-05-31T20:30:42Z,16,Donnée validée,0,Mesurée,20,Bonne,7.384986107,48.102530621,HIXnJ
A1610030,A161003001,2022-06-23,1455.0,2026-05-31T20:30:42Z,16,Donnée validée,0,Mesurée,20,Bonne,7.384986107,48.102530621,HIXnJ
A1610030,A161003001,2022-06-24,1275.0,2026-05-31T20:30:42Z,16,Donnée validée,0,Mesurée,20,Bonne,7.384986107,48.102530621,HIXnJ
A1610030,A161003001,2022-06-25,1269.0,2026-05-31T20:30:42Z,16,Donnée validée,8,Calculée,20,Bonne,7.384986107,48.102530621,HIXnJ
A1610030,A161003001,2022-06-26,1667.0,2026-05-31T20:30:42Z,16,Donnée validée,0,Mesurée,20,Bonne,7.384986107,48.102530621,HIXnJ
A1610030,A161003001,2022-06-27,1637.0,2026-05-31T20:30:42Z,16,Donnée validée,0,Mesurée,20,Bonne,7.384986107,48.102530621,HIXnJ
A1610030,A161003001,2022-06-28,1413.0,2026-05-31T20:30:42Z,16,Donnée validée,8,Calculée,20,Bonne,7.384986107,48.102530621,HIXnJ
A1610030,A161003001,2022-06-29,1289.0,2026-05-31T20:30:42Z,16,Donnée validée,0,Mesurée,20,Bonne,7.384986107,48.102530621,HIXnJ
A1610030,A161003001,2022-06-30,1260.0,2026-05-31T20:30:42Z,16,Donnée validée,0,Mesurée,20,Bonne,7.384986107,48.102530621,HIXnJ
A1610030,A161003001,2022-07-01,1327.0,2026-05-31T20:30:42Z,16,Donnée validée,0,Mesurée,20,Bonne,7.384986107,48.102530621,HIXnJ
A1610030,A161003001,2022-07-02,1322.0,2026-05-31T20:30:42Z,16,Donnée validée,8,Calculée,20,Bonne,7.384986107,48.102530621,HIXnJ
A1610030,A161003001,2022-07-03,1263.0,2026-05-31T20:30:42Z,16,Donnée validée,0,Mesurée,20,Bonne,7.384986107,48.102530621,HIXnJ
A1610030,A161003001,2022-07-04,1245.0,2026-05-31T20:30:42Z,16,Donnée validée,8,Calculée,20,Bonne,7.384986107,48.102530621,HIXnJ
A1610030,A161003001,2022-07-05,1240.0,2026-05-31T20:30:42Z,16,Donnée validée,0,Mesurée,20,Bonne,7.384986107,48.102530621,HIXnJ
A1610030,A161003001,2022-07-06,1229.0,2026-05-31T20:30:42Z,16,Donnée validée,0,Mesurée,20,Bonne,7.384986107,48.102530621,HIXnJ
A1610030,A161003001,2022-07-07,1226.0,2026-05-31T20:30:42Z,16,Donnée validée,0,Mesurée,20,Bonne,7.384986107,48.102530621,HIXnJ
A1610030,A161003001,2022-07-08,1229.0,2026-05-31T20:30:42Z,16,Donnée validée,0,Mesurée,20,Bonne,7.384986107,48.102530621,HIXnJ
A1610030,A161003001,2022-07-09,1220.0,2026-05-31T20:30:42Z,16,Donnée validée,0,Mesurée,20,Bonne,7.384986107,48.102530621,HIXnJ
A1610030,A161003001,2022-07-10,1209.0,2026-05-31T20:30:42Z,16,Donnée validée,0,Mesurée,20,Bonne,7.384986107,48.102530621,HIXnJ
A1610030,A161003001,2022-07-11,1204.0,2026-05-31T20:30:42Z,16,Donnée validée,0,Mesurée,20,Bonne,7.384986107,48.102530621,HIXnJ
A1610030,A161003001,2022-07-12,1202.0,2026-05-31T20:30:42Z,16,Donnée validée,0,Mesurée,20,Bonne,7.384986107,48.102530621,HIXnJ
A1610030,A161003001,2022-07-13,1197.0,2026-05-31T20:30:42Z,16,Donnée validée,0,Mesurée,20,Bonne,7.384986107,48.102530621,HIXnJ
A1610030,A161003001,2022-07-14,1192.0,2026-05-31T20:30:42Z,16,Donnée validée,0,Mesurée,20,Bonne,7.384986107,48.102530621,HIXnJ
A1610030,A161003001,2022-07-15,1187.0,2026-05-31T20:30:42Z,16,Donnée validée,0,Mesurée,20,Bonne,7.384986107,48.102530621,HIXnJ
A1610030,A161003001,2022-07-16,1189.0,2026-05-31T20:30:42Z,16,Donnée validée,0,Mesurée,20,Bonne,7.384986107,48.102530621,HIXnJ
A1610030,A161003001,2022-07-17,1184.0,2026-05-31T20:30:42Z,16,Donnée validée,0,Mesurée,20,Bonne,7.384986107,48.102530621,HIXnJ
A1610030,A161003001,2022-07-18,1179.0,2026-05-31T20:30:42Z,16,Donnée validée,0,Mesurée,20,Bonne,7.384986107,48.102530621,HIXnJ
A1610030,A161003001,2022-07-19,1179.0,2026-05-31T20:30:42Z,16,Donnée validée,0,Mesurée,20,Bonne,7.384986107,48.102530621,HIXnJ
A1610030,A161003001,2022-07-20,1530.0,2026-05-31T20:30:42Z,16,Donnée validée,0,Mesurée,20,Bonne,7.384986107,48.102530621,HIXnJ
A1610030,A161003001,2022-07-21,1269.0,2026-05-31T20:30:42Z,16,Donnée validée,0,Mesurée,20,Bonne,7.384986107,48.102530621,HIXnJ
A1610030,A161003001,2022-07-22,1204.0,2026-05-31T20:30:42Z,16,Donnée validée,0,Mesurée,20,Bonne,7.384986107,48.102530621,HIXnJ
A1610030,A161003001,2022-07-23,1184.0,2026-05-31T20:30:42Z,16,Donnée validée,0,Mesurée,20,Bonne,7.384986107,48.102530621,HIXnJ
A1610030,A161003001,2022-07-24,1188.0,2026-05-31T20:30:42Z,16,Donnée validée,0,Mesurée,20,Bonne,7.384986107,48.102530621,HIXnJ
A1610030,A161003001,2022-07-25,1193.0,2026-05-31T20:30:42Z,16,Donnée validée,0,Mesurée,20,Bonne,7.384986107,48.102530621,HIXnJ
A1610030,A161003001,2022-07-26,1179.0,2026-05-31T20:30:42Z,16,Donnée validée,0,Mesurée,20,Bonne,7.384986107,48.102530621,HIXnJ
A1610030,A161003001,2022-07-27,1194.0,2026-05-31T20:30:42Z,16,Donnée validée,0,Mesurée,20,Bonne,7.384986107,48.102530621,HIXnJ
A1610030,A161003001,2022-07-28,1189.0,2026-05-31T20:30:42Z,16,Donnée validée,8,Calculée,20,Bonne,7.384986107,48.102530621,HIXnJ
A1610030,A161003001,2022-07-29,1198.0,2026-05-31T20:30:42Z,16,Donnée validée,0,Mesurée,20,Bonne,7.384986107,48.102530621,HIXnJ
A1610030,A161003001,2022-07-30,1197.0,2026-05-31T20:30:42Z,16,Donnée validée,0,Mesurée,20,Bonne,7.384986107,48.102530621,HIXnJ
A1610030,A161003001,2022-07-31,1200.0,2026-05-31T20:30:42Z,16,Donnée validée,0,Mesurée,20,Bonne,7.384986107,48.102530621,HIXnJ
A1610030,A161003001,2022-08-01,1189.0,2026-05-31T20:30:42Z,16,Donnée validée,0,Mesurée,20,Bonne,7.384986107,48.102530621,HIXnJ
A1610030,A161003001,2022-08-02,1189.0,2026-05-31T20:30:42Z,16,Donnée validée,0,Mesurée,20,Bonne,7.384986107,48.102530621,HIXnJ
A1610030,A161003001,2022-08-03,1187.0,2026-05-31T20:30:42Z,16,Donnée validée,0,Mesurée,20,Bonne,7.384986107,48.102530621,HIXnJ
A1610030,A161003001,2022-08-04,1186.0,2026-05-31T20:30:42Z,16,Donnée validée,8,Calculée,20,Bonne,7.384986107,48.102530621,HIXnJ
A1610030,A161003001,2022-08-05,1190.0,2026-05-31T20:30:42Z,16,Donnée validée,0,Mesurée,20,Bonne,7.384986107,48.102530621,HIXnJ
A1610030,A161003001,2022-08-06,1194.0,2026-05-31T20:30:42Z,16,Donnée validée,0,Mesurée,20,Bonne,7.384986107,48.102530621,HIXnJ
A1610030,A161003001,2022-08-07,1189.0,2026-05-31T20:30:42Z,16,Donnée validée,0,Mesurée,20,Bonne,7.384986107,48.102530621,HIXnJ
A1610030,A161003001,2022-08-08,1180.0,2026-05-31T20:30:42Z,16,Donnée validée,0,Mesurée,20,Bonne,7.384986107,48.102530621,HIXnJ
A1610030,A161003001,2022-08-09,1172.0,2026-05-31T20:30:42Z,16,Donnée validée,8,Calculée,20,Bonne,7.384986107,48.102530621,HIXnJ
A1610030,A161003001,2022-08-10,1188.0,2026-05-31T20:30:42Z,16,Donnée validée,0,Mesurée,20,Bonne,7.384986107,48.102530621,HIXnJ
A1610030,A161003001,2022-08-11,1179.0,2026-05-31T20:30:42Z,16,Donnée validée,0,Mesurée,20,Bonne,7.384986107,48.102530621,HIXnJ
A1610030,A161003001,2022-08-12,1180.0,2026-05-31T20:30:42Z,16,Donnée validée,0,Mesurée,20,Bonne,7.384986107,48.102530621,HIXnJ
A1610030,A161003001,2022-08-13,1195.0,2026-05-31T20:30:42Z,16,Donnée validée,0,Mesurée,20,Bonne,7.384986107,48.102530621,HIXnJ
A1610030,A161003001,2022-08-14,1189.0,2026-05-31T20:30:42Z,16,Donnée validée,0,Mesurée,20,Bonne,7.384986107,48.102530621,HIXnJ
A1610030,A161003001,2022-08-15,1180.0,2026-05-31T20:30:42Z,16,Donnée validée,8,Calculée,20,Bonne,7.384986107,48.102530621,HIXnJ
A1610030,A161003001,2022-08-16,1209.0,2026-05-31T20:30:42Z,16,Donnée validée,0,Mesurée,20,Bonne,7.384986107,48.102530621,HIXnJ
A1610030,A161003001,2022-08-17,1217.0,2026-05-31T20:30:42Z,16,Donnée validée,0,Mesurée,20,Bonne,7.384986107,48.102530621,HIXnJ
A1610030,A161003001,2022-08-18,1224.0,2026-05-31T20:30:42Z,16,Donnée validée,0,Mesurée,20,Bonne,7.384986107,48.102530621,HIXnJ
A1610030,A161003001,2022-08-19,1270.0,2026-05-31T20:30:42Z,16,Donnée validée,0,Mesurée,20,Bonne,7.384986107,48.102530621,HIXnJ
A1610030,A161003001,2022-08-20,1397.0,2026-05-31T20:30:42Z,16,Donnée validée,0,Mesurée,20,Bonne,7.384986107,48.102530621,HIXnJ
A1610030,A161003001,2022-08-21,1225.0,2026-05-31T20:30:42Z,16,Donnée validée,8,Calculée,20,Bonne,7.384986107,48.102530621,HIXnJ
A1610030,A161003001,2022-08-22,1203.0,2026-05-31T20:30:42Z,16,Donnée validée,0,Mesurée,20,Bonne,7.384986107,48.102530621,HIXnJ
A1610030,A161003001,2022-08-23,1189.0,2026-05-31T20:30:42Z,16,Donnée validée,0,Mesurée,20,Bonne,7.384986107,48.102530621,HIXnJ
A1610030,A161003001,2022-08-24,1195.0,2026-05-31T20:30:42Z,16,Donnée validée,0,Mesurée,20,Bonne,7.384986107,48.102530621,HIXnJ
A1610030,A161003001,2022-08-25,1212.0,2026-05-31T20:30:42Z,16,Donnée validée,0,Mesurée,20,Bonne,7.384986107,48.102530621,HIXnJ
A1610030,A161003001,2022-08-26,1197.0,2026-05-31T20:30:42Z,16,Donnée validée,0,Mesurée,20,Bonne,7.384986107,48.102530621,HIXnJ
A1610030,A161003001,2022-08-27,1232.0,2026-05-31T20:30:42Z,16,Donnée validée,0,Mesurée,20,Bonne,7.384986107,48.102530621,HIXnJ
A1610030,A161003001,2022-08-28,1269.0,2026-05-31T20:30:42Z,16,Donnée validée,0,Mesurée,20,Bonne,7.384986107,48.102530621,HIXnJ
A1610030,A161003001,2022-08-29,1194.0,2026-05-31T20:30:42Z,16,Donnée validée,0,Mesurée,20,Bonne,7.384986107,48.102530621,HIXnJ
A1610030,A161003001,2022-08-30,1194.0,2026-05-31T20:30:42Z,16,Donnée validée,0,Mesurée,20,Bonne,7.384986107,48.102530621,HIXnJ
A1610030,A161003001,2022-08-31,1306.0,2026-05-31T20:30:42Z,16,Donnée validée,0,Mesurée,20,Bonne,7.384986107,48.102530621,HIXnJ
A1610030,A161003001,2022-09-01,1194.0,2026-05-31T20:30:42Z,16,Donnée validée,0,Mesurée,20,Bonne,7.384986107,48.102530621,HIXnJ
A1610030,A161003001,2022-09-02,1186.0,2026-05-31T20:30:42Z,16,Donnée validée,0,Mesurée,20,Bonne,7.384986107,48.102530621,HIXnJ
A1610030,A161003001,2022-09-03,1268.0,2026-05-31T20:30:42Z,16,Donnée validée,0,Mesurée,20,Bonne,7.384986107,48.102530621,HIXnJ
A1610030,A161003001,2022-09-04,1263.0,2026-05-31T20:30:42Z,16,Donnée validée,0,Mesurée,20,Bonne,7.384986107,48.102530621,HIXnJ
A1610030,A161003001,2022-09-05,1247.0,2026-05-31T20:30:42Z,16,Donnée validée,8,Calculée,20,Bonne,7.384986107,48.102530621,HIXnJ
A1610030,A161003001,2022-09-06,1217.0,2026-05-31T20:30:42Z,16,Donnée validée,0,Mesurée,20,Bonne,7.384986107,48.102530621,HIXnJ
A1610030,A161003001,2022-09-07,1287.0,2026-05-31T20:30:42Z,16,Donnée validée,0,Mesurée,20,Bonne,7.384986107,48.102530621,HIXnJ
A1610030,A161003001,2022-09-08,1229.0,2026-05-31T20:30:42Z,16,Donnée validée,0,Mesurée,20,Bonne,7.384986107,48.102530621,HIXnJ
A1610030,A161003001,2022-09-09,1242.0,2026-05-31T20:30:42Z,16,Donnée validée,0,Mesurée,20,Bonne,7.384986107,48.102530621,HIXnJ
A1610030,A161003001,2022-09-10,1221.0,2026-05-31T20:30:42Z,16,Donnée validée,0,Mesurée,20,Bonne,7.384986107,48.102530621,HIXnJ
A1610030,A161003001,2022-09-11,1217.0,2026-05-31T20:30:42Z,16,Donnée validée,0,Mesurée,20,Bonne,7.384986107,48.102530621,HIXnJ
A1610030,A161003001,2022-09-12,1216.0,2026-05-31T20:30:42Z,16,Donnée validée,0,Mesurée,20,Bonne,7.384986107,48.102530621,HIXnJ
A1610030,A161003001,2022-09-13,1205.0,2026-05-31T20:30:42Z,16,Donnée validée,0,Mesurée,20,Bonne,7.384986107,48.102530621,HIXnJ
A1610030,A161003001,2022-09-14,1215.0,2026-05-31T20:30:42Z,16,Donnée validée,0,Mesurée,20,Bonne,7.384986107,48.102530621,HIXnJ
A1610030,A161003001,2022-09-15,1214.0,2026-05-31T20:30:42Z,16,Donnée validée,8,Calculée,20,Bonne,7.384986107,48.102530621,HIXnJ
A1610030,A161003001,2022-09-16,1229.0,2026-05-31T20:30:42Z,16,Donnée validée,8,Calculée,20,Bonne,7.384986107,48.102530621,HIXnJ
A1610030,A161003001,2022-09-17,1236.0,2026-05-31T20:30:42Z,16,Donnée validée,0,Mesurée,20,Bonne,7.384986107,48.102530621,HIXnJ
A1610030,A161003001,2022-09-18,1223.0,2026-05-31T20:30:42Z,16,Donnée validée,0,Mesurée,20,Bonne,7.384986107,48.102530621,HIXnJ
A1610030,A161003001,2022-09-19,1217.0,2026-05-31T20:30:42Z,16,Donnée validée,0,Mesurée,20,Bonne,7.384986107,48.102530621,HIXnJ
A1610030,A161003001,2022-09-20,1224.0,2026-05-31T20:30:42Z,16,Donnée validée,0,Mesurée,20,Bonne,7.384986107,48.102530621,HIXnJ
A1610030,A161003001,2022-09-21,1229.0,2026-05-31T20:30:42Z,16,Donnée validée,0,Mesurée,20,Bonne,7.384986107,48.102530621,HIXnJ
A1610030,A161003001,2022-09-22,1227.0,2026-05-31T20:30:42Z,16,Donnée validée,0,Mesurée,20,Bonne,7.384986107,48.102530621,HIXnJ
A1610030,A161003001,2022-09-23,1225.0,2026-05-31T20:30:42Z,16,Donnée validée,0,Mesurée,20,Bonne,7.384986107,48.102530621,HIXnJ
A1610030,A161003001,2022-09-24,1237.0,2026-05-31T20:30:42Z,16,Donnée validée,0,Mesurée,20,Bonne,7.384986107,48.102530621,HIXnJ
A1610030,A161003001,2022-09-25,1249.0,2026-05-31T20:30:42Z,16,Donnée validée,0,Mesurée,20,Bonne,7.384986107,48.102530621,HIXnJ
A1610030,A161003001,2022-09-26,1247.0,2026-05-31T20:30:42Z,16,Donnée validée,0,Mesurée,20,Bonne,7.384986107,48.102530621,HIXnJ
A1610030,A161003001,2022-09-27,1252.0,2026-05-31T20:30:42Z,16,Donnée validée,8,Calculée,20,Bonne,7.384986107,48.102530621,HIXnJ
A1610030,A161003001,2022-09-28,1470.0,2026-05-31T20:30:42Z,16,Donnée validée,8,Calculée,20,Bonne,7.384986107,48.102530621,HIXnJ
A1610030,A161003001,2022-09-29,1485.0,2026-05-31T20:30:42Z,16,Donnée validée,0,Mesurée,20,Bonne,7.384986107,48.102530621,HIXnJ
A1610030,A161003001,2022-09-30,1404.0,2026-05-31T20:30:42Z,16,Donnée validée,0,Mesurée,20,Bonne,7.384986107,48.102530621,HIXnJ
A1610030,A161003001,2022-10-01,1334.0,2026-05-31T20:30:42Z,16,Donnée validée,8,Calculée,20,Bonne,7.384986107,48.102530621,HIXnJ
A1610030,A161003001,2022-10-02,1400.0,2026-05-31T20:30:42Z,16,Donnée validée,0,Mesurée,20,Bonne,7.384986107,48.102530621,HIXnJ
A1610030,A161003001,2022-10-03,1458.0,2026-05-31T20:30:42Z,16,Donnée validée,0,Mesurée,20,Bonne,7.384986107,48.102530621,HIXnJ
A1610030,A161003001,2022-10-04,1454.0,2026-05-31T20:30:42Z,16,Donnée validée,0,Mesurée,20,Bonne,7.384986107,48.102530621,HIXnJ
A1610030,A161003001,2022-10-05,1378.0,2026-05-31T20:30:42Z,16,Donnée validée,8,Calculée,20,Bonne,7.384986107,48.102530621,HIXnJ
A1610030,A161003001,2022-10-06,1309.0,2026-05-31T20:30:42Z,16,Donnée validée,8,Calculée,20,Bonne,7.384986107,48.102530621,HIXnJ
A1610030,A161003001,2022-10-07,1281.0,2026-05-31T20:30:42Z,16,Donnée validée,0,Mesurée,20,Bonne,7.384986107,48.102530621,HIXnJ
A1610030,A161003001,2022-10-08,1274.0,2026-05-31T20:30:42Z,16,Donnée validée,0,Mesurée,20,Bonne,7.384986107,48.102530621,HIXnJ
A1610030,A161003001,2022-10-09,1267.0,2026-05-31T20:30:42Z,16,Donnée validée,0,Mesurée,20,Bonne,7.384986107,48.102530621,HIXnJ
A1610030,A161003001,2022-10-10,1259.0,2026-05-31T20:30:42Z,16,Donnée validée,8,Calculée,20,Bonne,7.384986107,48.102530621,HIXnJ
A1610030,A161003001,2022-10-11,1290.0,2026-05-31T20:30:42Z,16,Donnée validée,0,Mesurée,20,Bonne,7.384986107,48.102530621,HIXnJ
A1610030,A161003001,2022-10-12,1292.0,2026-05-31T20:30:42Z,16,Donnée validée,0,Mesurée,20,Bonne,7.384986107,48.102530621,HIXnJ
A1610030,A161003001,2022-10-13,1240.0,2026-05-31T20:30:42Z,16,Donnée validée,0,Mesurée,20,Bonne,7.384986107,48.102530621,HIXnJ
A1610030,A161003001,2022-10-14,1225.0,2026-05-31T20:30:42Z,16,Donnée validée,0,Mesurée,20,Bonne,7.384986107,48.102530621,HIXnJ
A1610030,A161003001,2022-10-15,1498.0,2026-05-31T20:30:42Z,16,Donnée validée,0,Mesurée,20,Bonne,7.384986107,48.102530621,HIXnJ
A1610030,A161003001,2022-10-16,1509.0,2026-05-31T20:30:42Z,16,Donnée validée,0,Mesurée,20,Bonne,7.384986107,48.102530621,HIXnJ
A1610030,A161003001,2022-10-17,1459.0,2026-05-31T20:30:42Z,16,Donnée validée,0,Mesurée,20,Bonne,7.384986107,48.102530621,HIXnJ
A1610030,A161003001,2022-10-18,1385.0,2026-05-31T20:30:42Z,16,Donnée validée,0,Mesurée,20,Bonne,7.384986107,48.102530621,HIXnJ
A1610030,A161003001,2022-10-19,1338.0,2026-05-31T20:30:42Z,16,Donnée validée,0,Mesurée,20,Bonne,7.384986107,48.102530621,HIXnJ
A1610030,A161003001,2022-10-20,1297.0,2026-05-31T20:30:42Z,16,Donnée validée,0,Mesurée,20,Bonne,7.384986107,48.102530621,HIXnJ
A1610030,A161003001,2022-10-21,1775.0,2026-05-31T20:30:42Z,16,Donnée validée,0,Mesurée,20,Bonne,7.384986107,48.102530621,HIXnJ
A1610030,A161003001,2022-10-22,2141.0,2026-05-31T20:30:42Z,16,Donnée validée,0,Mesurée,20,Bonne,7.384986107,48.102530621,HIXnJ
A1610030,A161003001,2022-10-23,1978.0,2026-05-31T20:30:42Z,16,Donnée validée,0,Mesurée,20,Bonne,7.384986107,48.102530621,HIXnJ
A1610030,A161003001,2022-10-24,1649.0,2026-05-31T20:30:42Z,16,Donnée validée,0,Mesurée,20,Bonne,7.384986107,48.102530621,HIXnJ
A1610030,A161003001,2022-10-25,1580.0,2026-05-31T20:30:42Z,16,Donnée validée,0,Mesurée,20,Bonne,7.384986107,48.102530621,HIXnJ
A1610030,A161003001,2022-10-26,1542.0,2026-05-31T20:30:42Z,16,Donnée validée,0,Mesurée,20,Bonne,7.384986107,48.102530621,HIXnJ
A1610030,A161003001,2022-10-27,1479.0,2026-05-31T20:30:42Z,16,Donnée validée,0,Mesurée,20,Bonne,7.384986107,48.102530621,HIXnJ
A1610030,A161003001,2022-10-28,1428.0,2026-05-31T20:30:42Z,16,Donnée validée,0,Mesurée,20,Bonne,7.384986107,48.102530621,HIXnJ
A1610030,A161003001,2022-10-29,1342.0,2026-05-31T20:30:42Z,16,Donnée validée,0,Mesurée,20,Bonne,7.384986107,48.102530621,HIXnJ
A1610030,A161003001,2022-10-30,1309.0,2026-05-31T20:30:42Z,16,Donnée validée,0,Mesurée,20,Bonne,7.384986107,48.102530621,HIXnJ
A1610030,A161003001,2022-10-31,1291.0,2026-05-31T20:30:42Z,16,Donnée validée,0,Mesurée,20,Bonne,7.384986107,48.102530621,HIXnJ
A1610030,A161003001,2022-11-01,1276.0,2026-05-31T20:30:42Z,16,Donnée validée,8,Calculée,20,Bonne,7.384986107,48.102530621,HIXnJ
A1610030,A161003001,2022-11-02,1281.0,2026-05-31T20:30:42Z,16,Donnée validée,0,Mesurée,20,Bonne,7.384986107,48.102530621,HIXnJ
A1610030,A161003001,2022-11-03,1276.0,2026-05-31T20:30:42Z,16,Donnée validée,0,Mesurée,20,Bonne,7.384986107,48.102530621,HIXnJ
A1610030,A161003001,2022-11-04,1318.0,2026-05-31T20:30:42Z,16,Donnée validée,0,Mesurée,20,Bonne,7.384986107,48.102530621,HIXnJ
A1610030,A161003001,2022-11-05,1319.0,2026-05-31T20:30:42Z,16,Donnée validée,0,Mesurée,20,Bonne,7.384986107,48.102530621,HIXnJ
A1610030,A161003001,2022-11-06,1288.0,2026-05-31T20:30:42Z,16,Donnée validée,8,Calculée,20,Bonne,7.384986107,48.102530621,HIXnJ
A1610030,A161003001,2022-11-07,1251.0,2026-05-31T20:30:42Z,16,Donnée validée,0,Mesurée,20,Bonne,7.384986107,48.102530621,HIXnJ
A1610030,A161003001,2022-11-08,1231.0,2026-05-31T20:30:42Z,16,Donnée validée,0,Mesurée,20,Bonne,7.384986107,48.102530621,HIXnJ
A1610030,A161003001,2022-11-09,1230.0,2026-05-31T20:30:42Z,16,Donnée validée,0,Mesurée,20,Bonne,7.384986107,48.102530621,HIXnJ
A1610030,A161003001,2022-11-10,1356.0,2026-05-31T20:30:42Z,16,Donnée validée,0,Mesurée,20,Bonne,7.384986107,48.102530621,HIXnJ
A1610030,A161003001,2022-11-11,1346.0,2026-05-31T20:30:42Z,16,Donnée validée,0,Mesurée,20,Bonne,7.384986107,48.102530621,HIXnJ
A1610030,A161003001,2022-11-12,1268.0,2026-05-31T20:30:42Z,16,Donnée validée,0,Mesurée,20,Bonne,7.384986107,48.102530621,HIXnJ
A1610030,A161003001,2022-11-13,1247.0,2026-05-31T20:30:42Z,16,Donnée validée,0,Mesurée,20,Bonne,7.384986107,48.102530621,HIXnJ
A1610030,A161003001,2022-11-14,1226.0,2026-05-31T20:30:42Z,16,Donnée validée,0,Mesurée,20,Bonne,7.384986107,48.102530621,HIXnJ
A1610030,A161003001,2022-11-15,1208.0,2026-05-31T20:30:42Z,16,Donnée validée,0,Mesurée,20,Bonne,7.384986107,48.102530621,HIXnJ
A1610030,A161003001,2022-11-16,1346.0,2026-05-31T20:30:42Z,16,Donnée validée,8,Calculée,20,Bonne,7.384986107,48.102530621,HIXnJ
A1610030,A161003001,2022-11-17,1366.0,2026-05-31T20:30:42Z,16,Donnée validée,0,Mesurée,20,Bonne,7.384986107,48.102530621,HIXnJ
A1610030,A161003001,2022-11-18,1684.0,2026-05-31T20:30:42Z,16,Donnée validée,0,Mesurée,20,Bonne,7.384986107,48.102530621,HIXnJ
A1610030,A161003001,2022-11-19,1747.0,2026-05-31T20:30:42Z,16,Donnée validée,0,Mesurée,20,Bonne,7.384986107,48.102530621,HIXnJ
A1610030,A161003001,2022-11-20,1667.0,2026-05-31T20:30:42Z,16,Donnée validée,0,Mesurée,20,Bonne,7.384986107,48.102530621,HIXnJ
A1610030,A161003001,2022-11-21,1642.0,2026-05-31T20:30:42Z,16,Donnée validée,0,Mesurée,20,Bonne,7.384986107,48.102530621,HIXnJ
A1610030,A161003001,2022-11-22,1721.0,2026-05-31T20:30:42Z,16,Donnée validée,0,Mesurée,20,Bonne,7.384986107,48.102530621,HIXnJ
A1610030,A161003001,2022-11-23,1695.0,2026-05-31T20:30:42Z,16,Donnée validée,8,Calculée,20,Bonne,7.384986107,48.102530621,HIXnJ
A1610030,A161003001,2022-11-24,1703.0,2026-05-31T20:30:42Z,16,Donnée validée,0,Mesurée,20,Bonne,7.384986107,48.102530621,HIXnJ
A1610030,A161003001,2022-11-25,1679.0,2026-05-31T20:30:42Z,16,Donnée validée,0,Mesurée,20,Bonne,7.384986107,48.102530621,HIXnJ
A1610030,A161003001,2022-11-26,1599.0,2026-05-31T20:30:42Z,16,Donnée validée,0,Mesurée,20,Bonne,7.384986107,48.102530621,HIXnJ
A1610030,A161003001,2022-11-27,1521.0,2026-05-31T20:30:42Z,16,Donnée validée,0,Mesurée,20,Bonne,7.384986107,48.102530621,HIXnJ
A1610030,A161003001,2022-11-28,1465.0,2026-05-31T20:30:42Z,16,Donnée validée,0,Mesurée,20,Bonne,7.384986107,48.102530621,HIXnJ
A1610030,A161003001,2022-11-29,1447.0,2026-05-31T20:30:42Z,16,Donnée validée,8,Calculée,20,Bonne,7.384986107,48.102530621,HIXnJ
A1610030,A161003001,2022-11-30,1408.0,2026-05-31T20:30:42Z,16,Donnée validée,8,Calculée,20,Bonne,7.384986107,48.102530621,HIXnJ
A1610030,A161003001,2022-12-01,1365.0,2026-05-31T20:30:42Z,16,Donnée validée,0,Mesurée,20,Bonne,7.384986107,48.102530621,HIXnJ
A1610030,A161003001,2022-12-02,1351.0,2026-05-31T20:30:42Z,16,Donnée validée,0,Mesurée,20,Bonne,7.384986107,48.102530621,HIXnJ
A1610030,A161003001,2022-12-03,1307.0,2026-05-31T20:30:42Z,16,Donnée validée,0,Mesurée,20,Bonne,7.384986107,48.102530621,HIXnJ
A1610030,A161003001,2022-12-04,1286.0,2026-05-31T20:30:42Z,16,Donnée validée,0,Mesurée,20,Bonne,7.384986107,48.102530621,HIXnJ
A1610030,A161003001,2022-12-05,1282.0,2026-05-31T20:30:42Z,16,Donnée validée,0,Mesurée,20,Bonne,7.384986107,48.102530621,HIXnJ
A1610030,A161003001,2022-12-06,1256.0,2026-05-31T20:30:42Z,16,Donnée validée,0,Mesurée,20,Bonne,7.384986107,48.102530621,HIXnJ
A1610030,A161003001,2022-12-07,1244.0,2026-05-31T20:30:42Z,16,Donnée validée,0,Mesurée,20,Bonne,7.384986107,48.102530621,HIXnJ
A1610030,A161003001,2022-12-08,1230.0,2026-05-31T20:30:42Z,16,Donnée validée,0,Mesurée,20,Bonne,7.384986107,48.102530621,HIXnJ
A1610030,A161003001,2022-12-09,1220.0,2026-05-31T20:30:42Z,16,Donnée validée,8,Calculée,20,Bonne,7.384986107,48.102530621,HIXnJ
A1610030,A161003001,2022-12-10,1212.0,2026-05-31T20:30:42Z,16,Donnée validée,0,Mesurée,20,Bonne,7.384986107,48.102530621,HIXnJ
A1610030,A161003001,2022-12-11,1211.0,2026-05-31T20:30:42Z,16,Donnée validée,0,Mesurée,20,Bonne,7.384986107,48.102530621,HIXnJ
A1610030,A161003001,2022-12-12,1202.0,2026-05-31T20:30:42Z,16,Donnée validée,0,Mesurée,20,Bonne,7.384986107,48.102530621,HIXnJ
A1610030,A161003001,2022-12-13,1190.0,2026-05-31T20:30:42Z,16,Donnée validée,0,Mesurée,20,Bonne,7.384986107,48.102530621,HIXnJ
A1610030,A161003001,2022-12-14,1235.0,2026-05-31T20:30:42Z,16,Donnée validée,0,Mesurée,20,Bonne,7.384986107,48.102530621,HIXnJ
A1610030,A161003001,2022-12-15,1547.0,2026-05-31T20:30:42Z,16,Donnée validée,0,Mesurée,20,Bonne,7.384986107,48.102530621,HIXnJ
A1610030,A161003001,2022-12-16,1541.0,2026-05-31T20:30:42Z,16,Donnée validée,8,Calculée,20,Bonne,7.384986107,48.102530621,HIXnJ
A1610030,A161003001,2022-12-17,1386.0,2026-05-31T20:30:42Z,16,Donnée validée,0,Mesurée,20,Bonne,7.384986107,48.102530621,HIXnJ
A1610030,A161003001,2022-12-18,1306.0,2026-05-31T20:30:42Z,16,Donnée validée,8,Calculée,20,Bonne,7.384986107,48.102530621,HIXnJ
A1610030,A161003001,2022-12-19,1273.0,2026-05-31T20:30:42Z,16,Donnée validée,0,Mesurée,20,Bonne,7.384986107,48.102530621,HIXnJ
A1610030,A161003001,2022-12-20,1284.0,2026-05-31T20:30:42Z,16,Donnée validée,0,Mesurée,20,Bonne,7.384986107,48.102530621,HIXnJ
A1610030,A161003001,2022-12-21,1464.0,2026-05-31T20:30:42Z,16,Donnée validée,0,Mesurée,20,Bonne,7.384986107,48.102530621,HIXnJ
A1610030,A161003001,2022-12-22,1602.0,2026-05-31T20:30:42Z,16,Donnée validée,0,Mesurée,20,Bonne,7.384986107,48.102530621,HIXnJ
A1610030,A161003001,2022-12-23,2339.0,2026-05-31T20:30:42Z,16,Donnée validée,0,Mesurée,20,Bonne,7.384986107,48.102530621,HIXnJ
A1610030,A161003001,2022-12-24,2899.0,2026-05-31T20:30:42Z,16,Donnée validée,0,Mesurée,20,Bonne,7.384986107,48.102530621,HIXnJ
A1610030,A161003001,2022-12-25,2683.0,2026-05-31T20:30:42Z,16,Donnée validée,0,Mesurée,20,Bonne,7.384986107,48.102530621,HIXnJ
A1610030,A161003001,2022-12-26,2049.0,2026-05-31T20:30:42Z,16,Donnée validée,0,Mesurée,20,Bonne,7.384986107,48.102530621,HIXnJ
A1610030,A161003001,2022-12-27,1964.0,2026-05-31T20:30:42Z,16,Donnée validée,0,Mesurée,20,Bonne,7.384986107,48.102530621,HIXnJ
A1610030,A161003001,2022-12-28,1973.0,2026-05-31T20:30:42Z,16,Donnée validée,0,Mesurée,20,Bonne,7.384986107,48.102530621,HIXnJ
A1610030,A161003001,2022-12-29,1847.0,2026-05-31T20:30:42Z,16,Donnée validée,0,Mesurée,20,Bonne,7.384986107,48.102530621,HIXnJ
A1610030,A161003001,2022-12-30,1695.0,2026-05-31T20:30:42Z,16,Donnée validée,0,Mesurée,20,Bonne,7.384986107,48.102530621,HIXnJ
A1610030,A161003001,2022-12-31,1868.0,2026-05-31T20:30:42Z,16,Donnée validée,0,Mesurée,20,Bonne,7.384986107,48.102530621,HIXnJ
A1610030,A161003001,2023-01-01,1851.0,2026-05-31T20:30:42Z,16,Donnée validée,0,Mesurée,20,Bonne,7.384986107,48.102530621,HIXnJ
A1610030,A161003001,2023-01-02,1735.0,2026-05-31T20:30:42Z,16,Donnée validée,0,Mesurée,20,Bonne,7.384986107,48.102530621,HIXnJ
A1610030,A161003001,2023-01-03,1642.0,2026-05-31T20:30:42Z,16,Donnée validée,0,Mesurée,20,Bonne,7.384986107,48.102530621,HIXnJ
A1610030,A161003001,2023-01-04,1551.0,2026-05-31T20:30:42Z,16,Donnée validée,0,Mesurée,20,Bonne,7.384986107,48.102530621,HIXnJ
A1610030,A161003001,2023-01-05,1506.0,2026-05-31T20:30:42Z,16,Donnée validée,8,Calculée,20,Bonne,7.384986107,48.102530621,HIXnJ
A1610030,A161003001,2023-01-06,1515.0,2026-05-31T20:30:42Z,16,Donnée validée,0,Mesurée,20,Bonne,7.384986107,48.102530621,HIXnJ
A1610030,A161003001,2023-01-07,1495.0,2026-05-31T20:30:42Z,16,Donnée validée,8,Calculée,20,Bonne,7.384986107,48.102530621,HIXnJ
A1610030,A161003001,2023-01-08,1553.0,2026-05-31T20:30:42Z,16,Donnée validée,0,Mesurée,20,Bonne,7.384986107,48.102530621,HIXnJ
A1610030,A161003001,2023-01-09,2255.0,2026-05-31T20:30:42Z,16,Donnée validée,8,Calculée,20,Bonne,7.384986107,48.102530621,HIXnJ
A1610030,A161003001,2023-01-10,2279.0,2026-05-31T20:30:42Z,16,Donnée validée,0,Mesurée,20,Bonne,7.384986107,48.102530621,HIXnJ
A1610030,A161003001,2023-01-11,2172.0,2026-05-31T20:30:42Z,16,Donnée validée,0,Mesurée,20,Bonne,7.384986107,48.102530621,HIXnJ
A1610030,A161003001,2023-01-12,2164.0,2026-05-31T20:30:42Z,16,Donnée validée,0,Mesurée,20,Bonne,7.384986107,48.102530621,HIXnJ
A1610030,A161003001,2023-01-13,2091.0,2026-05-31T20:30:42Z,16,Donnée validée,8,Calculée,20,Bonne,7.384986107,48.102530621,HIXnJ
A1610030,A161003001,2023-01-14,2082.0,2026-05-31T20:30:42Z,16,Donnée validée,0,Mesurée,20,Bonne,7.384986107,48.102530621,HIXnJ
A1610030,A161003001,2023-01-15,2773.0,2026-05-31T20:30:42Z,16,Donnée validée,0,Mesurée,20,Bonne,7.384986107,48.102530621,HIXnJ
A1610030,A161003001,2023-01-16,2616.0,2026-05-31T20:30:42Z,16,Donnée validée,0,Mesurée,20,Bonne,7.384986107,48.102530621,HIXnJ
A1610030,A161003001,2023-01-17,2549.0,2026-05-31T20:30:42Z,16,Donnée validée,0,Mesurée,20,Bonne,7.384986107,48.102530621,HIXnJ
A1610030,A161003001,2023-01-18,2237.0,2026-05-31T20:30:42Z,16,Donnée validée,0,Mesurée,20,Bonne,7.384986107,48.102530621,HIXnJ
A1610030,A161003001,2023-01-19,2084.0,2026-05-31T20:30:42Z,16,Donnée validée,8,Calculée,20,Bonne,7.384986107,48.102530621,HIXnJ
A1610030,A161003001,2023-01-20,1899.0,2026-05-31T20:30:42Z,16,Donnée validée,8,Calculée,20,Bonne,7.384986107,48.102530621,HIXnJ
A1610030,A161003001,2023-01-21,1746.0,2026-05-31T20:30:42Z,16,Donnée validée,8,Calculée,20,Bonne,7.384986107,48.102530621,HIXnJ
A1610030,A161003001,2023-01-22,1624.0,2026-05-31T20:30:42Z,16,Donnée validée,8,Calculée,20,Bonne,7.384986107,48.102530621,HIXnJ
A1610030,A161003001,2023-01-23,1563.0,2026-05-31T20:30:42Z,16,Donnée validée,8,Calculée,20,Bonne,7.384986107,48.102530621,HIXnJ
A1610030,A161003001,2023-01-24,1515.0,2026-05-31T20:30:42Z,16,Donnée validée,8,Calculée,20,Bonne,7.384986107,48.102530621,HIXnJ
A1610030,A161003001,2023-01-25,1477.0,2026-05-31T20:30:42Z,16,Donnée validée,0,Mesurée,20,Bonne,7.384986107,48.102530621,HIXnJ
A1610030,A161003001,2023-01-26,1471.0,2026-05-31T20:30:42Z,16,Donnée validée,8,Calculée,20,Bonne,7.384986107,48.102530621,HIXnJ
A1610030,A161003001,2023-01-27,1459.0,2026-05-31T20:30:42Z,16,Donnée validée,8,Calculée,20,Bonne,7.384986107,48.102530621,HIXnJ
A1610030,A161003001,2023-01-28,1433.0,2026-05-31T20:30:42Z,16,Donnée validée,8,Calculée,20,Bonne,7.384986107,48.102530621,HIXnJ
A1610030,A161003001,2023-01-29,1398.0,2026-05-31T20:30:42Z,16,Donnée validée,8,Calculée,20,Bonne,7.384986107,48.102530621,HIXnJ
A1610030,A161003001,2023-01-30,1416.0,2026-05-31T20:30:42Z,16,Donnée validée,0,Mesurée,20,Bonne,7.384986107,48.102530621,HIXnJ
A1610030,A161003001,2023-01-31,1395.0,2026-05-31T20:30:42Z,16,Donnée validée,8,Calculée,20,Bonne,7.384986107,48.102530621,HIXnJ
A1610030,A161003001,2023-02-01,1341.0,2026-05-31T20:30:42Z,16,Donnée validée,8,Calculée,20,Bonne,7.384986107,48.102530621,HIXnJ
A1610030,A161003001,2023-02-02,1332.0,2026-05-31T20:30:42Z,16,Donnée validée,8,Calculée,20,Bonne,7.384986107,48.102530621,HIXnJ
A1610030,A161003001,2023-02-03,1326.0,2026-05-31T20:30:42Z,16,Donnée validée,0,Mesurée,20,Bonne,7.384986107,48.102530621,HIXnJ
A1610030,A161003001,2023-02-04,1333.0,2026-05-31T20:30:42Z,16,Donnée validée,0,Mesurée,20,Bonne,7.384986107,48.102530621,HIXnJ
A1610030,A161003001,2023-02-05,1337.0,2026-05-31T20:30:42Z,16,Donnée validée,0,Mesurée,20,Bonne,7.384986107,48.102530621,HIXnJ
A1610030,A161003001,2023-02-06,1341.0,2026-05-31T20:30:42Z,16,Donnée validée,0,Mesurée,20,Bonne,7.384986107,48.102530621,HIXnJ
A1610030,A161003001,2023-02-07,1336.0,2026-05-31T20:30:42Z,16,Donnée validée,0,Mesurée,20,Bonne,7.384986107,48.102530621,HIXnJ
A1610030,A161003001,2023-02-08,1328.0,2026-05-31T20:30:42Z,16,Donnée validée,0,Mesurée,20,Bonne,7.384986107,48.102530621,HIXnJ
A1610030,A161003001,2023-02-09,1318.0,2026-05-31T20:30:42Z,16,Donnée validée,0,Mesurée,20,Bonne,7.384986107,48.102530621,HIXnJ
A1610030,A161003001,2023-02-10,1305.0,2026-05-31T20:30:42Z,16,Donnée validée,8,Calculée,20,Bonne,7.384986107,48.102530621,HIXnJ
A1610030,A161003001,2023-02-11,1292.0,2026-05-31T20:30:42Z,16,Donnée validée,8,Calculée,20,Bonne,7.384986107,48.102530621,HIXnJ
A1610030,A161003001,2023-02-12,1283.0,2026-05-31T20:30:42Z,16,Donnée validée,8,Calculée,20,Bonne,7.384986107,48.102530621,HIXnJ
A1610030,A161003001,2023-02-13,1273.0,2026-05-31T20:30:42Z,16,Donnée validée,8,Calculée,20,Bonne,7.384986107,48.102530621,HIXnJ
A1610030,A161003001,2023-02-14,1268.0,2026-05-31T20:30:42Z,16,Donnée validée,8,Calculée,20,Bonne,7.384986107,48.102530621,HIXnJ
A1610030,A161003001,2023-02-15,1264.0,2026-05-31T20:30:42Z,16,Donnée validée,0,Mesurée,20,Bonne,7.384986107,48.102530621,HIXnJ
A1610030,A161003001,2023-02-16,1259.0,2026-05-31T20:30:42Z,16,Donnée validée,8,Calculée,20,Bonne,7.384986107,48.102530621,HIXnJ
A1610030,A161003001,2023-02-17,1230.0,2026-05-31T20:30:42Z,16,Donnée validée,8,Calculée,20,Bonne,7.384986107,48.102530621,HIXnJ
A1610030,A161003001,2023-02-18,1229.0,2026-05-31T20:30:42Z,16,Donnée validée,0,Mesurée,20,Bonne,7.384986107,48.102530621,HIXnJ
A1610030,A161003001,2023-02-19,1241.0,2026-05-31T20:30:42Z,16,Donnée validée,0,Mesurée,20,Bonne,7.384986107,48.102530621,HIXnJ
A1610030,A161003001,2023-02-20,1243.0,2026-05-31T20:30:42Z,16,Donnée validée,0,Mesurée,20,Bonne,7.384986107,48.102530621,HIXnJ
A1610030,A161003001,2023-02-21,1243.0,2026-05-31T20:30:42Z,16,Donnée validée,0,Mesurée,20,Bonne,7.384986107,48.102530621,HIXnJ
A1610030,A161003001,2023-02-22,1238.0,2026-05-31T20:30:42Z,16,Donnée validée,8,Calculée,20,Bonne,7.384986107,48.102530621,HIXnJ
A1610030,A161003001,2023-02-23,1233.0,2026-05-31T20:30:42Z,16,Donnée validée,0,Mesurée,20,Bonne,7.384986107,48.102530621,HIXnJ
A1610030,A161003001,2023-02-24,1225.0,2026-05-31T20:30:42Z,16,Donnée validée,0,Mesurée,20,Bonne,7.384986107,48.102530621,HIXnJ
A1610030,A161003001,2023-02-25,1224.0,2026-05-31T20:30:42Z,16,Donnée validée,0,Mesurée,20,Bonne,7.384986107,48.102530621,HIXnJ
A1610030,A161003001,2023-02-26,1229.0,2026-05-31T20:30:42Z,16,Donnée validée,0,Mesurée,20,Bonne,7.384986107,48.102530621,HIXnJ
A1610030,A161003001,2023-02-27,1215.0,2026-05-31T20:30:42Z,16,Donnée validée,8,Calculée,20,Bonne,7.384986107,48.102530621,HIXnJ
A1610030,A161003001,2023-02-28,1198.0,2026-05-31T20:30:42Z,16,Donnée validée,8,Calculée,20,Bonne,7.384986107,48.102530621,HIXnJ
A1610030,A161003001,2023-03-01,1193.0,2026-05-31T20:30:42Z,16,Donnée validée,0,Mesurée,20,Bonne,7.384986107,48.102530621,HIXnJ
A1610030,A161003001,2023-03-02,1186.0,2026-05-31T20:30:42Z,16,Donnée validée,8,Calculée,20,Bonne,7.384986107,48.102530621,HIXnJ
A1610030,A161003001,2023-03-03,1179.0,2026-05-31T20:30:42Z,16,Donnée validée,0,Mesurée,20,Bonne,7.384986107,48.102530621,HIXnJ
A1610030,A161003001,2023-03-04,1170.0,2026-05-31T20:30:42Z,16,Donnée validée,0,Mesurée,20,Bonne,7.384986107,48.102530621,HIXnJ
A1610030,A161003001,2023-03-05,1162.0,2026-05-31T20:30:42Z,16,Donnée validée,8,Calculée,20,Bonne,7.384986107,48.102530621,HIXnJ
A1610030,A161003001,2023-03-06,1157.0,2026-05-31T20:30:42Z,16,Donnée validée,0,Mesurée,20,Bonne,7.384986107,48.102530621,HIXnJ
A1610030,A161003001,2023-03-07,1151.0,2026-05-31T20:30:42Z,16,Donnée validée,0,Mesurée,20,Bonne,7.384986107,48.102530621,HIXnJ
A1610030,A161003001,2023-03-08,1156.0,2026-05-31T20:30:42Z,16,Donnée validée,0,Mesurée,20,Bonne,7.384986107,48.102530621,HIXnJ
A1610030,A161003001,2023-03-09,1521.0,2026-05-31T20:30:42Z,16,Donnée validée,8,Calculée,20,Bonne,7.384986107,48.102530621,HIXnJ
A1610030,A161003001,2023-03-10,1759.0,2026-05-31T20:30:42Z,16,Donnée validée,8,Calculée,20,Bonne,7.384986107,48.102530621,HIXnJ
A1610030,A161003001,2023-03-11,1926.0,2026-05-31T20:30:42Z,16,Donnée validée,0,Mesurée,20,Bonne,7.384986107,48.102530621,HIXnJ
A1610030,A161003001,2023-03-12,1837.0,2026-05-31T20:30:42Z,16,Donnée validée,8,Calculée,20,Bonne,7.384986107,48.102530621,HIXnJ
A1610030,A161003001,2023-03-13,1690.0,2026-05-31T20:30:42Z,16,Donnée validée,8,Calculée,20,Bonne,7.384986107,48.102530621,HIXnJ
A1610030,A161003001,2023-03-14,2334.0,2026-05-31T20:30:42Z,16,Donnée validée,0,Mesurée,20,Bonne,7.384986107,48.102530621,HIXnJ
A1610030,A161003001,2023-03-15,2334.0,2026-05-31T20:30:42Z,16,Donnée validée,0,Mesurée,20,Bonne,7.384986107,48.102530621,HIXnJ
A1610030,A161003001,2023-03-16,2063.0,2026-05-31T20:30:42Z,16,Donnée validée,8,Calculée,20,Bonne,7.384986107,48.102530621,HIXnJ
A1610030,A161003001,2023-03-17,1838.0,2026-05-31T20:30:42Z,16,Donnée validée,8,Calculée,20,Bonne,7.384986107,48.102530621,HIXnJ
A1610030,A161003001,2023-03-18,1694.0,2026-05-31T20:30:42Z,16,Donnée validée,8,Calculée,20,Bonne,7.384986107,48.102530621,HIXnJ
A1610030,A161003001,2023-03-19,1575.0,2026-05-31T20:30:42Z,16,Donnée validée,8,Calculée,20,Bonne,7.384986107,48.102530621,HIXnJ
A1610030,A161003001,2023-03-20,1600.0,2026-05-31T20:30:42Z,16,Donnée validée,0,Mesurée,20,Bonne,7.384986107,48.102530621,HIXnJ
A1610030,A161003001,2023-03-21,1454.0,2026-05-31T20:30:42Z,16,Donnée validée,8,Calculée,20,Bonne,7.384986107,48.102530621,HIXnJ
A1610030,A161003001,2023-03-22,1402.0,2026-05-31T20:30:42Z,16,Donnée validée,8,Calculée,20,Bonne,7.384986107,48.102530621,HIXnJ
A1610030,A161003001,2023-03-23,1369.0,2026-05-31T20:30:42Z,16,Donnée validée,8,Calculée,20,Bonne,7.384986107,48.102530621,HIXnJ
A1610030,A161003001,2023-03-24,1408.0,2026-05-31T20:30:42Z,16,Donnée validée,8,Calculée,20,Bonne,7.384986107,48.102530621,HIXnJ
A1610030,A161003001,2023-03-25,1728.0,2026-05-31T20:30:42Z,16,Donnée validée,8,Calculée,20,Bonne,7.384986107,48.102530621,HIXnJ
A1610030,A161003001,2023-03-26,1839.0,2026-05-31T20:30:42Z,16,Donnée validée,0,Mesurée,20,Bonne,7.384986107,48.102530621,HIXnJ
A1610030,A161003001,2023-03-27,1778.0,2026-05-31T20:30:42Z,16,Donnée validée,0,Mesurée,20,Bonne,7.384986107,48.102530621,HIXnJ
A1610030,A161003001,2023-03-28,1719.0,2026-05-31T20:30:42Z,16,Donnée validée,8,Calculée,20,Bonne,7.384986107,48.102530621,HIXnJ
A1610030,A161003001,2023-03-29,1638.0,2026-05-31T20:30:42Z,16,Donnée validée,8,Calculée,20,Bonne,7.384986107,48.102530621,HIXnJ
A1610030,A161003001,2023-03-30,1568.0,2026-05-31T20:30:42Z,16,Donnée validée,8,Calculée,20,Bonne,7.384986107,48.102530621,HIXnJ
A1610030,A161003001,2023-03-31,1607.0,2026-05-31T20:30:42Z,16,Donnée validée,0,Mesurée,20,Bonne,7.384986107,48.102530621,HIXnJ
A1610030,A161003001,2023-04-01,2789.0,2026-05-31T20:30:42Z,16,Donnée validée,0,Mesurée,20,Bonne,7.384986107,48.102530621,HIXnJ
A1610030,A161003001,2023-04-02,2671.0,2026-05-31T20:30:42Z,16,Donnée validée,0,Mesurée,20,Bonne,7.384986107,48.102530621,HIXnJ
A1610030,A161003001,2023-04-03,2392.0,2026-05-31T20:30:42Z,16,Donnée validée,8,Calculée,20,Bonne,7.384986107,48.102530621,HIXnJ
A1610030,A161003001,2023-04-04,2102.0,2026-05-31T20:30:42Z,16,Donnée validée,8,Calculée,20,Bonne,7.384986107,48.102530621,HIXnJ
A1610030,A161003001,2023-04-05,1902.0,2026-05-31T20:30:42Z,16,Donnée validée,8,Calculée,20,Bonne,7.384986107,48.102530621,HIXnJ
A1610030,A161003001,2023-04-06,1754.0,2026-05-31T20:30:42Z,16,Donnée validée,8,Calculée,20,Bonne,7.384986107,48.102530621,HIXnJ
A1610030,A161003001,2023-04-07,1641.0,2026-05-31T20:30:42Z,16,Donnée validée,8,Calculée,20,Bonne,7.384986107,48.102530621,HIXnJ
A1610030,A161003001,2023-04-08,1673.0,2026-05-31T20:30:42Z,16,Donnée validée,0,Mesurée,20,Bonne,7.384986107,48.102530621,HIXnJ
A1610030,A161003001,2023-04-09,1585.0,2026-05-31T20:30:42Z,16,Donnée validée,8,Calculée,20,Bonne,7.384986107,48.102530621,HIXnJ
A1610030,A161003001,2023-04-10,1504.0,2026-05-31T20:30:42Z,16,Donnée validée,8,Calculée,20,Bonne,7.384986107,48.102530621,HIXnJ
A1610030,A161003001,2023-04-11,1466.0,2026-05-31T20:30:42Z,16,Donnée validée,0,Mesurée,20,Bonne,7.384986107,48.102530621,HIXnJ
A1610030,A161003001,2023-04-12,1509.0,2026-05-31T20:30:42Z,16,Donnée validée,0,Mesurée,20,Bonne,7.384986107,48.102530621,HIXnJ
A1610030,A161003001,2023-04-13,1664.0,2026-05-31T20:30:42Z,16,Donnée validée,0,Mesurée,20,Bonne,7.384986107,48.102530621,HIXnJ
A1610030,A161003001,2023-04-14,1653.0,2026-05-31T20:30:42Z,16,Donnée validée,8,Calculée,20,Bonne,7.384986107,48.102530621,HIXnJ
A1610030,A161003001,2023-04-15,1560.0,2026-05-31T20:30:42Z,16,Donnée validée,8,Calculée,20,Bonne,7.384986107,48.102530621,HIXnJ
A1610030,A161003001,2023-04-16,1522.0,2026-05-31T20:30:42Z,16,Donnée validée,8,Calculée,20,Bonne,7.384986107,48.102530621,HIXnJ
A1610030,A161003001,2023-04-17,1501.0,2026-05-31T20:30:42Z,16,Donnée validée,8,Calculée,20,Bonne,7.384986107,48.102530621,HIXnJ
A1610030,A161003001,2023-04-18,1489.0,2026-05-31T20:30:42Z,16,Donnée validée,0,Mesurée,20,Bonne,7.384986107,48.102530621,HIXnJ
A1610030,A161003001,2023-04-19,1454.0,2026-05-31T20:30:42Z,16,Donnée validée,8,Calculée,20,Bonne,7.384986107,48.102530621,HIXnJ
A1610030,A161003001,2023-04-20,1424.0,2026-05-31T20:30:42Z,16,Donnée validée,8,Calculée,20,Bonne,7.384986107,48.102530621,HIXnJ
A1610030,A161003001,2023-04-21,1405.0,2026-05-31T20:30:42Z,16,Donnée validée,8,Calculée,20,Bonne,7.384986107,48.102530621,HIXnJ
A1610030,A161003001,2023-04-22,1386.0,2026-05-31T20:30:42Z,16,Donnée validée,8,Calculée,20,Bonne,7.384986107,48.102530621,HIXnJ
A1610030,A161003001,2023-04-23,1361.0,2026-05-31T20:30:42Z,16,Donnée validée,8,Calculée,20,Bonne,7.384986107,48.102530621,HIXnJ
A1610030,A161003001,2023-04-24,1365.0,2026-05-31T20:30:42Z,16,Donnée validée,0,Mesurée,20,Bonne,7.384986107,48.102530621,HIXnJ
A1610030,A161003001,2023-04-25,1372.0,2026-05-31T20:30:42Z,16,Donnée validée,8,Calculée,20,Bonne,7.384986107,48.102530621,HIXnJ
A1610030,A161003001,2023-04-26,1378.0,2026-05-31T20:30:42Z,16,Donnée validée,0,Mesurée,20,Bonne,7.384986107,48.102530621,HIXnJ
A1610030,A161003001,2023-04-27,1359.0,2026-05-31T20:30:42Z,16,Donnée validée,0,Mesurée,20,Bonne,7.384986107,48.102530621,HIXnJ
A1610030,A161003001,2023-04-28,1394.0,2026-05-31T20:30:42Z,16,Donnée validée,8,Calculée,20,Bonne,7.384986107,48.102530621,HIXnJ
A1610030,A161003001,2023-04-29,1627.0,2026-05-31T20:30:42Z,16,Donnée validée,0,Mesurée,20,Bonne,7.384986107,48.102530621,HIXnJ
A1610030,A161003001,2023-04-30,1569.0,2026-05-31T20:30:42Z,16,Donnée validée,8,Calculée,20,Bonne,7.384986107,48.102530621,HIXnJ
A1610030,A161003001,2023-05-01,1441.0,2026-05-31T20:30:42Z,16,Donnée validée,8,Calculée,20,Bonne,7.384986107,48.102530621,HIXnJ
A1610030,A161003001,2023-05-02,1411.0,2026-05-31T20:30:42Z,16,Donnée validée,0,Mesurée,20,Bonne,7.384986107,48.102530621,HIXnJ
A1610030,A161003001,2023-05-03,1389.0,2026-05-31T20:30:42Z,16,Donnée validée,0,Mesurée,20,Bonne,7.384986107,48.102530621,HIXnJ
A1610030,A161003001,2023-05-04,1358.0,2026-05-31T20:30:42Z,16,Donnée validée,0,Mesurée,20,Bonne,7.384986107,48.102530621,HIXnJ
A1610030,A161003001,2023-05-05,1359.0,2026-05-31T20:30:42Z,16,Donnée validée,0,Mesurée,20,Bonne,7.384986107,48.102530621,HIXnJ
A1610030,A161003001,2023-05-06,1481.0,2026-05-31T20:30:42Z,16,Donnée validée,0,Mesurée,20,Bonne,7.384986107,48.102530621,HIXnJ
A1610030,A161003001,2023-05-07,1415.0,2026-05-31T20:30:42Z,16,Donnée validée,0,Mesurée,20,Bonne,7.384986107,48.102530621,HIXnJ
A1610030,A161003001,2023-05-08,1363.0,2026-05-31T20:30:42Z,16,Donnée validée,0,Mesurée,20,Bonne,7.384986107,48.102530621,HIXnJ
A1610030,A161003001,2023-05-09,1377.0,2026-05-31T20:30:42Z,16,Donnée validée,0,Mesurée,20,Bonne,7.384986107,48.102530621,HIXnJ
A1610030,A161003001,2023-05-10,1656.0,2026-05-31T20:30:42Z,16,Donnée validée,0,Mesurée,20,Bonne,7.384986107,48.102530621,HIXnJ
A1610030,A161003001,2023-05-11,1650.0,2026-05-31T20:30:42Z,16,Donnée validée,8,Calculée,20,Bonne,7.384986107,48.102530621,HIXnJ
A1610030,A161003001,2023-05-12,1484.0,2026-05-31T20:30:42Z,16,Donnée validée,0,Mesurée,20,Bonne,7.384986107,48.102530621,HIXnJ
A1610030,A161003001,2023-05-13,1460.0,2026-05-31T20:30:42Z,16,Donnée validée,0,Mesurée,20,Bonne,7.384986107,48.102530621,HIXnJ
A1610030,A161003001,2023-05-14,1409.0,2026-05-31T20:30:42Z,16,Donnée validée,0,Mesurée,20,Bonne,7.384986107,48.102530621,HIXnJ
A1610030,A161003001,2023-05-15,1410.0,2026-05-31T20:30:42Z,16,Donnée validée,0,Mesurée,20,Bonne,7.384986107,48.102530621,HIXnJ
A1610030,A161003001,2023-05-16,1410.0,2026-05-31T20:30:42Z,16,Donnée validée,0,Mesurée,20,Bonne,7.384986107,48.102530621,HIXnJ
A1610030,A161003001,2023-05-17,1376.0,2026-05-31T20:30:42Z,16,Donnée validée,0,Mesurée,20,Bonne,7.384986107,48.102530621,HIXnJ
A1610030,A161003001,2023-05-18,1350.0,2026-05-31T20:30:42Z,16,Donnée validée,8,Calculée,20,Bonne,7.384986107,48.102530621,HIXnJ
A1610030,A161003001,2023-05-19,1324.0,2026-05-31T20:30:42Z,16,Donnée validée,0,Mesurée,20,Bonne,7.384986107,48.102530621,HIXnJ
A1610030,A161003001,2023-05-20,1305.0,2026-05-31T20:30:42Z,16,Donnée validée,8,Calculée,20,Bonne,7.384986107,48.102530621,HIXnJ
A1610030,A161003001,2023-05-21,1291.0,2026-05-31T20:30:42Z,16,Donnée validée,0,Mesurée,20,Bonne,7.384986107,48.102530621,HIXnJ
A1610030,A161003001,2023-05-22,1273.0,2026-05-31T20:30:42Z,16,Donnée validée,0,Mesurée,20,Bonne,7.384986107,48.102530621,HIXnJ
A1610030,A161003001,2023-05-23,1338.0,2026-05-31T20:30:42Z,16,Donnée validée,0,Mesurée,20,Bonne,7.384986107,48.102530621,HIXnJ
A1610030,A161003001,2023-05-24,1260.0,2026-05-31T20:30:42Z,16,Donnée validée,0,Mesurée,20,Bonne,7.384986107,48.102530621,HIXnJ
A1610030,A161003001,2023-05-25,1244.0,2026-05-31T20:30:42Z,16,Donnée validée,0,Mesurée,20,Bonne,7.384986107,48.102530621,HIXnJ
A1610030,A161003001,2023-05-26,1235.0,2026-05-31T20:30:42Z,16,Donnée validée,0,Mesurée,20,Bonne,7.384986107,48.102530621,HIXnJ
A1610030,A161003001,2023-05-27,1219.0,2026-05-31T20:30:42Z,16,Donnée validée,0,Mesurée,20,Bonne,7.384986107,48.102530621,HIXnJ
A1610030,A161003001,2023-05-28,1203.0,2026-05-31T20:30:42Z,16,Donnée validée,0,Mesurée,20,Bonne,7.384986107,48.102530621,HIXnJ
A1610030,A161003001,2023-05-29,1187.0,2026-05-31T20:30:42Z,16,Donnée validée,0,Mesurée,20,Bonne,7.384986107,48.102530621,HIXnJ
A1610030,A161003001,2023-05-30,1177.0,2026-05-31T20:30:42Z,16,Donnée validée,0,Mesurée,20,Bonne,7.384986107,48.102530621,HIXnJ
A1610030,A161003001,2023-05-31,1164.0,2026-05-31T20:30:42Z,16,Donnée validée,0,Mesurée,20,Bonne,7.384986107,48.102530621,HIXnJ
A1610030,A161003001,2023-06-01,1155.0,2026-05-31T20:30:42Z,16,Donnée validée,8,Calculée,20,Bonne,7.384986107,48.102530621,HIXnJ
A1610030,A161003001,2023-06-02,1145.0,2026-05-31T20:30:42Z,16,Donnée validée,0,Mesurée,20,Bonne,7.384986107,48.102530621,HIXnJ
A1610030,A161003001,2023-06-03,1144.0,2026-05-31T20:30:42Z,16,Donnée validée,0,Mesurée,20,Bonne,7.384986107,48.102530621,HIXnJ
A1610030,A161003001,2023-06-04,1142.0,2026-05-31T20:30:42Z,16,Donnée validée,0,Mesurée,20,Bonne,7.384986107,48.102530621,HIXnJ
A1610030,A161003001,2023-06-05,1187.0,2026-05-31T20:30:42Z,16,Donnée validée,0,Mesurée,20,Bonne,7.384986107,48.102530621,HIXnJ
A1610030,A161003001,2023-06-06,1187.0,2026-05-31T20:30:42Z,16,Donnée validée,0,Mesurée,20,Bonne,7.384986107,48.102530621,HIXnJ
A1610030,A161003001,2023-06-07,1187.0,2026-05-31T20:30:42Z,16,Donnée validée,0,Mesurée,20,Bonne,7.384986107,48.102530621,HIXnJ
A1610030,A161003001,2023-06-08,1188.0,2026-05-31T20:30:42Z,16,Donnée validée,0,Mesurée,20,Bonne,7.384986107,48.102530621,HIXnJ
A1610030,A161003001,2023-06-09,1180.0,2026-05-31T20:30:42Z,16,Donnée validée,0,Mesurée,20,Bonne,7.384986107,48.102530621,HIXnJ
A1610030,A161003001,2023-06-10,1173.0,2026-05-31T20:30:42Z,16,Donnée validée,0,Mesurée,20,Bonne,7.384986107,48.102530621,HIXnJ
A1610030,A161003001,2023-06-11,1166.0,2026-05-31T20:30:42Z,16,Donnée validée,0,Mesurée,20,Bonne,7.384986107,48.102530621,HIXnJ
A1610030,A161003001,2023-06-12,1170.0,2026-05-31T20:30:42Z,16,Donnée validée,0,Mesurée,20,Bonne,7.384986107,48.102530621,HIXnJ
A1610030,A161003001,2023-06-13,1161.0,2026-05-31T20:30:42Z,16,Donnée validée,0,Mesurée,20,Bonne,7.384986107,48.102530621,HIXnJ
A1610030,A161003001,2023-06-14,1162.0,2026-05-31T20:30:42Z,16,Donnée validée,0,Mesurée,20,Bonne,7.384986107,48.102530621,HIXnJ
A1610030,A161003001,2023-06-15,1160.0,2026-05-31T20:30:42Z,16,Donnée validée,0,Mesurée,20,Bonne,7.384986107,48.102530621,HIXnJ
A1610030,A161003001,2023-06-16,1154.0,2026-05-31T20:30:42Z,16,Donnée validée,0,Mesurée,20,Bonne,7.384986107,48.102530621,HIXnJ
A1610030,A161003001,2023-06-17,1143.0,2026-05-31T20:30:42Z,16,Donnée validée,0,Mesurée,20,Bonne,7.384986107,48.102530621,HIXnJ
A1610030,A161003001,2023-06-18,1139.0,2026-05-31T20:30:42Z,16,Donnée validée,8,Calculée,20,Bonne,7.384986107,48.102530621,HIXnJ
A1610030,A161003001,2023-06-19,1151.0,2026-05-31T20:30:42Z,16,Donnée validée,0,Mesurée,20,Bonne,7.384986107,48.102530621,HIXnJ
A1610030,A161003001,2023-06-20,1151.0,2026-05-31T20:30:42Z,16,Donnée validée,0,Mesurée,20,Bonne,7.384986107,48.102530621,HIXnJ
A1610030,A161003001,2023-06-21,1159.0,2026-05-31T20:30:42Z,16,Donnée validée,0,Mesurée,20,Bonne,7.384986107,48.102530621,HIXnJ
A1610030,A161003001,2023-06-22,1219.0,2026-05-31T20:30:42Z,16,Donnée validée,0,Mesurée,20,Bonne,7.384986107,48.102530621,HIXnJ
A1610030,A161003001,2023-06-23,1223.0,2026-05-31T20:30:42Z,16,Donnée validée,0,Mesurée,20,Bonne,7.384986107,48.102530621,HIXnJ
A1610030,A161003001,2023-06-24,1207.0,2026-05-31T20:30:42Z,16,Donnée validée,8,Calculée,20,Bonne,7.384986107,48.102530621,HIXnJ
A1610030,A161003001,2023-06-25,1163.0,2026-05-31T20:30:42Z,16,Donnée validée,0,Mesurée,20,Bonne,7.384986107,48.102530621,HIXnJ
A1610030,A161003001,2023-06-26,1146.0,2026-05-31T20:30:42Z,16,Donnée validée,0,Mesurée,20,Bonne,7.384986107,48.102530621,HIXnJ
A1610030,A161003001,2023-06-27,1138.0,2026-05-31T20:30:42Z,16,Donnée validée,0,Mesurée,20,Bonne,7.384986107,48.102530621,HIXnJ
A1610030,A161003001,2023-06-28,1136.0,2026-05-31T20:30:42Z,16,Donnée validée,0,Mesurée,20,Bonne,7.384986107,48.102530621,HIXnJ
A1610030,A161003001,2023-06-29,1154.0,2026-05-31T20:30:42Z,16,Donnée validée,8,Calculée,20,Bonne,7.384986107,48.102530621,HIXnJ
A1610030,A161003001,2023-06-30,1477.0,2026-05-31T20:30:42Z,16,Donnée validée,0,Mesurée,20,Bonne,7.384986107,48.102530621,HIXnJ
A1610030,A161003001,2023-07-01,1331.0,2026-05-31T20:30:42Z,16,Donnée validée,0,Mesurée,20,Bonne,7.384986107,48.102530621,HIXnJ
A1610030,A161003001,2023-07-02,1221.0,2026-05-31T20:30:42Z,16,Donnée validée,0,Mesurée,20,Bonne,7.384986107,48.102530621,HIXnJ
A1610030,A161003001,2023-07-03,1195.0,2026-05-31T20:30:42Z,16,Donnée validée,0,Mesurée,20,Bonne,7.384986107,48.102530621,HIXnJ
A1610030,A161003001,2023-07-04,1186.0,2026-05-31T20:30:42Z,16,Donnée validée,0,Mesurée,20,Bonne,7.384986107,48.102530621,HIXnJ
A1610030,A161003001,2023-07-05,1188.0,2026-05-31T20:30:42Z,16,Donnée validée,0,Mesurée,20,Bonne,7.384986107,48.102530621,HIXnJ
A1610030,A161003001,2023-07-06,1190.0,2026-05-31T20:30:42Z,16,Donnée validée,0,Mesurée,20,Bonne,7.384986107,48.102530621,HIXnJ
A1610030,A161003001,2023-07-07,1187.0,2026-05-31T20:30:42Z,16,Donnée validée,0,Mesurée,20,Bonne,7.384986107,48.102530621,HIXnJ
A1610030,A161003001,2023-07-08,1256.0,2026-05-31T20:30:42Z,16,Donnée validée,0,Mesurée,20,Bonne,7.384986107,48.102530621,HIXnJ
A1610030,A161003001,2023-07-09,1258.0,2026-05-31T20:30:42Z,16,Donnée validée,0,Mesurée,20,Bonne,7.384986107,48.102530621,HIXnJ
A1610030,A161003001,2023-07-10,1340.0,2026-05-31T20:30:42Z,16,Donnée validée,0,Mesurée,20,Bonne,7.384986107,48.102530621,HIXnJ
A1610030,A161003001,2023-07-11,1276.0,2026-05-31T20:30:42Z,16,Donnée validée,0,Mesurée,20,Bonne,7.384986107,48.102530621,HIXnJ
A1610030,A161003001,2023-07-12,1444.0,2026-05-31T20:30:42Z,16,Donnée validée,0,Mesurée,20,Bonne,7.384986107,48.102530621,HIXnJ
A1610030,A161003001,2023-07-13,1390.0,2026-05-31T20:30:42Z,16,Donnée validée,8,Calculée,20,Bonne,7.384986107,48.102530621,HIXnJ
A1610030,A161003001,2023-07-14,1268.0,2026-05-31T20:30:42Z,16,Donnée validée,8,Calculée,20,Bonne,7.384986107,48.102530621,HIXnJ
A1610030,A161003001,2023-07-15,1221.0,2026-05-31T20:30:42Z,16,Donnée validée,8,Calculée,20,Bonne,7.384986107,48.102530621,HIXnJ
A1610030,A161003001,2023-07-16,1238.0,2026-05-31T20:30:42Z,16,Donnée validée,0,Mesurée,20,Bonne,7.384986107,48.102530621,HIXnJ
A1610030,A161003001,2023-07-17,1229.0,2026-05-31T20:30:42Z,16,Donnée validée,8,Calculée,20,Bonne,7.384986107,48.102530621,HIXnJ
A1610030,A161003001,2023-07-18,1230.0,2026-05-31T20:30:42Z,16,Donnée validée,0,Mesurée,20,Bonne,7.384986107,48.102530621,HIXnJ
A1610030,A161003001,2023-07-19,1229.0,2026-05-31T20:30:42Z,16,Donnée validée,0,Mesurée,20,Bonne,7.384986107,48.102530621,HIXnJ
A1610030,A161003001,2023-07-20,1228.0,2026-05-31T20:30:42Z,16,Donnée validée,0,Mesurée,20,Bonne,7.384986107,48.102530621,HIXnJ
A1610030,A161003001,2023-07-21,1191.0,2026-05-31T20:30:42Z,16,Donnée validée,0,Mesurée,20,Bonne,7.384986107,48.102530621,HIXnJ
A1610030,A161003001,2023-07-22,1189.0,2026-05-31T20:30:42Z,16,Donnée validée,0,Mesurée,20,Bonne,7.384986107,48.102530621,HIXnJ
A1610030,A161003001,2023-07-23,1174.0,2026-05-31T20:30:42Z,16,Donnée validée,0,Mesurée,20,Bonne,7.384986107,48.102530621,HIXnJ
A1610030,A161003001,2023-07-24,1354.0,2026-05-31T20:30:42Z,16,Donnée validée,0,Mesurée,20,Bonne,7.384986107,48.102530621,HIXnJ
A1610030,A161003001,2023-07-25,1306.0,2026-05-31T20:30:42Z,16,Donnée validée,0,Mesurée,20,Bonne,7.384986107,48.102530621,HIXnJ
A1610030,A161003001,2023-07-26,1273.0,2026-05-31T20:30:42Z,16,Donnée validée,8,Calculée,20,Bonne,7.384986107,48.102530621,HIXnJ
A1610030,A161003001,2023-07-27,1231.0,2026-05-31T20:30:42Z,16,Donnée validée,0,Mesurée,20,Bonne,7.384986107,48.102530621,HIXnJ
A1610030,A161003001,2023-07-28,1228.0,2026-05-31T20:30:42Z,16,Donnée validée,0,Mesurée,20,Bonne,7.384986107,48.102530621,HIXnJ
A1610030,A161003001,2023-07-29,1207.0,2026-05-31T20:30:42Z,16,Donnée validée,8,Calculée,20,Bonne,7.384986107,48.102530621,HIXnJ
A1610030,A161003001,2023-07-30,1208.0,2026-05-31T20:30:42Z,16,Donnée validée,0,Mesurée,20,Bonne,7.384986107,48.102530621,HIXnJ
A1610030,A161003001,2023-07-31,1209.0,2026-05-31T20:30:42Z,16,Donnée validée,0,Mesurée,20,Bonne,7.384986107,48.102530621,HIXnJ
A1610030,A161003001,2023-08-01,1266.0,2026-05-31T20:30:42Z,16,Donnée validée,0,Mesurée,20,Bonne,7.384986107,48.102530621,HIXnJ
A1610030,A161003001,2023-08-02,1260.0,2026-05-31T20:30:42Z,16,Donnée validée,0,Mesurée,20,Bonne,7.384986107,48.102530621,HIXnJ
A1610030,A161003001,2023-08-03,1299.0,2026-05-31T20:30:42Z,16,Donnée validée,0,Mesurée,20,Bonne,7.384986107,48.102530621,HIXnJ
A1610030,A161003001,2023-08-04,1292.0,2026-05-31T20:30:42Z,16,Donnée validée,0,Mesurée,20,Bonne,7.384986107,48.102530621,HIXnJ
A1610030,A161003001,2023-08-05,1346.0,2026-05-31T20:30:42Z,16,Donnée validée,0,Mesurée,20,Bonne,7.384986107,48.102530621,HIXnJ
A1610030,A161003001,2023-08-06,1325.0,2026-05-31T20:30:42Z,16,Donnée validée,8,Calculée,20,Bonne,7.384986107,48.102530621,HIXnJ
A1610030,A161003001,2023-08-07,1350.0,2026-05-31T20:30:42Z,16,Donnée validée,0,Mesurée,20,Bonne,7.384986107,48.102530621,HIXnJ
A1610030,A161003001,2023-08-08,1353.0,2026-05-31T20:30:42Z,16,Donnée validée,0,Mesurée,20,Bonne,7.384986107,48.102530621,HIXnJ
A1610030,A161003001,2023-08-09,1316.0,2026-05-31T20:30:42Z,16,Donnée validée,0,Mesurée,20,Bonne,7.384986107,48.102530621,HIXnJ
A1610030,A161003001,2023-08-10,1282.0,2026-05-31T20:30:42Z,16,Donnée validée,8,Calculée,20,Bonne,7.384986107,48.102530621,HIXnJ
A1610030,A161003001,2023-08-11,1265.0,2026-05-31T20:30:42Z,16,Donnée validée,8,Calculée,20,Bonne,7.384986107,48.102530621,HIXnJ
A1610030,A161003001,2023-08-12,1240.0,2026-05-31T20:30:42Z,16,Donnée validée,8,Calculée,20,Bonne,7.384986107,48.102530621,HIXnJ
A1610030,A161003001,2023-08-13,1222.0,2026-05-31T20:30:42Z,16,Donnée validée,0,Mesurée,20,Bonne,7.384986107,48.102530621,HIXnJ
A1610030,A161003001,2023-08-14,1229.0,2026-05-31T20:30:42Z,16,Donnée validée,0,Mesurée,20,Bonne,7.384986107,48.102530621,HIXnJ
A1610030,A161003001,2023-08-15,1233.0,2026-05-31T20:30:42Z,16,Donnée validée,0,Mesurée,20,Bonne,7.384986107,48.102530621,HIXnJ
A1610030,A161003001,2023-08-16,1209.0,2026-05-31T20:30:42Z,16,Donnée validée,8,Calculée,20,Bonne,7.384986107,48.102530621,HIXnJ
A1610030,A161003001,2023-08-17,1196.0,2026-05-31T20:30:42Z,16,Donnée validée,0,Mesurée,20,Bonne,7.384986107,48.102530621,HIXnJ
A1610030,A161003001,2023-08-18,1189.0,2026-05-31T20:30:42Z,16,Donnée validée,8,Calculée,20,Bonne,7.384986107,48.102530621,HIXnJ
A1610030,A161003001,2023-08-19,1181.0,2026-05-31T20:30:42Z,16,Donnée validée,0,Mesurée,20,Bonne,7.384986107,48.102530621,HIXnJ
A1610030,A161003001,2023-08-20,1186.0,2026-05-31T20:30:42Z,16,Donnée validée,0,Mesurée,20,Bonne,7.384986107,48.102530621,HIXnJ
A1610030,A161003001,2023-08-21,1180.0,2026-05-31T20:30:42Z,16,Donnée validée,0,Mesurée,20,Bonne,7.384986107,48.102530621,HIXnJ
A1610030,A161003001,2023-08-22,1173.0,2026-05-31T20:30:42Z,16,Donnée validée,0,Mesurée,20,Bonne,7.384986107,48.102530621,HIXnJ
A1610030,A161003001,2023-08-23,1176.0,2026-05-31T20:30:42Z,16,Donnée validée,0,Mesurée,20,Bonne,7.384986107,48.102530621,HIXnJ
A1610030,A161003001,2023-08-24,1268.0,2026-05-31T20:30:42Z,16,Donnée validée,0,Mesurée,20,Bonne,7.384986107,48.102530621,HIXnJ
A1610030,A161003001,2023-08-25,1398.0,2026-05-31T20:30:42Z,16,Donnée validée,0,Mesurée,20,Bonne,7.384986107,48.102530621,HIXnJ
A1610030,A161003001,2023-08-26,1238.0,2026-05-31T20:30:42Z,16,Donnée validée,0,Mesurée,20,Bonne,7.384986107,48.102530621,HIXnJ
A1610030,A161003001,2023-08-27,1225.0,2026-05-31T20:30:42Z,16,Donnée validée,8,Calculée,20,Bonne,7.384986107,48.102530621,HIXnJ
A1610030,A161003001,2023-08-28,1227.0,2026-05-31T20:30:42Z,16,Donnée validée,0,Mesurée,20,Bonne,7.384986107,48.102530621,HIXnJ
A1610030,A161003001,2023-08-29,1238.0,2026-05-31T20:30:42Z,16,Donnée validée,8,Calculée,20,Bonne,7.384986107,48.102530621,HIXnJ
A1610030,A161003001,2023-08-30,1243.0,2026-05-31T20:30:42Z,16,Donnée validée,0,Mesurée,20,Bonne,7.384986107,48.102530621,HIXnJ
A1610030,A161003001,2023-08-31,1222.0,2026-05-31T20:30:42Z,16,Donnée validée,0,Mesurée,20,Bonne,7.384986107,48.102530621,HIXnJ
A1610030,A161003001,2023-09-01,1211.0,2026-05-31T20:30:42Z,16,Donnée validée,0,Mesurée,20,Bonne,7.384986107,48.102530621,HIXnJ
A1610030,A161003001,2023-09-02,1199.0,2026-05-31T20:30:42Z,16,Donnée validée,0,Mesurée,20,Bonne,7.384986107,48.102530621,HIXnJ
A1610030,A161003001,2023-09-03,1202.0,2026-05-31T20:30:42Z,16,Donnée validée,0,Mesurée,20,Bonne,7.384986107,48.102530621,HIXnJ
A1610030,A161003001,2023-09-04,1218.0,2026-05-31T20:30:42Z,16,Donnée validée,0,Mesurée,20,Bonne,7.384986107,48.102530621,HIXnJ
A1610030,A161003001,2023-09-05,1199.0,2026-05-31T20:30:42Z,16,Donnée validée,0,Mesurée,20,Bonne,7.384986107,48.102530621,HIXnJ
A1610030,A161003001,2023-09-06,1204.0,2026-05-31T20:30:42Z,16,Donnée validée,0,Mesurée,20,Bonne,7.384986107,48.102530621,HIXnJ
A1610030,A161003001,2023-09-07,1196.0,2026-05-31T20:30:42Z,16,Donnée validée,8,Calculée,20,Bonne,7.384986107,48.102530621,HIXnJ
A1610030,A161003001,2023-09-08,1186.0,2026-05-31T20:30:42Z,16,Donnée validée,0,Mesurée,20,Bonne,7.384986107,48.102530621,HIXnJ
A1610030,A161003001,2023-09-09,1182.0,2026-05-31T20:30:42Z,16,Donnée validée,0,Mesurée,20,Bonne,7.384986107,48.102530621,HIXnJ
A1610030,A161003001,2023-09-10,1174.0,2026-05-31T20:30:42Z,16,Donnée validée,0,Mesurée,20,Bonne,7.384986107,48.102530621,HIXnJ
A1610030,A161003001,2023-09-11,1178.0,2026-05-31T20:30:42Z,16,Donnée validée,0,Mesurée,20,Bonne,7.384986107,48.102530621,HIXnJ
A1610030,A161003001,2023-09-12,1173.0,2026-05-31T20:30:42Z,16,Donnée validée,8,Calculée,20,Bonne,7.384986107,48.102530621,HIXnJ
A1610030,A161003001,2023-09-13,1190.0,2026-05-31T20:30:42Z,16,Donnée validée,0,Mesurée,20,Bonne,7.384986107,48.102530621,HIXnJ
A1610030,A161003001,2023-09-14,1199.0,2026-05-31T20:30:42Z,16,Donnée validée,8,Calculée,20,Bonne,7.384986107,48.102530621,HIXnJ
A1610030,A161003001,2023-09-15,1209.0,2026-05-31T20:30:42Z,16,Donnée validée,0,Mesurée,20,Bonne,7.384986107,48.102530621,HIXnJ
A1610030,A161003001,2023-09-16,1198.0,2026-05-31T20:30:42Z,16,Donnée validée,0,Mesurée,20,Bonne,7.384986107,48.102530621,HIXnJ
A1610030,A161003001,2023-09-17,1196.0,2026-05-31T20:30:42Z,16,Donnée validée,8,Calculée,20,Bonne,7.384986107,48.102530621,HIXnJ
A1610030,A161003001,2023-09-18,1297.0,2026-05-31T20:30:42Z,16,Donnée validée,0,Mesurée,20,Bonne,7.384986107,48.102530621,HIXnJ
A1610030,A161003001,2023-09-19,1255.0,2026-05-31T20:30:42Z,16,Donnée validée,8,Calculée,20,Bonne,7.384986107,48.102530621,HIXnJ
A1610030,A161003001,2023-09-20,1223.0,2026-05-31T20:30:42Z,16,Donnée validée,8,Calculée,20,Bonne,7.384986107,48.102530621,HIXnJ
A1610030,A161003001,2023-09-21,1191.0,2026-05-31T20:30:42Z,16,Donnée validée,0,Mesurée,20,Bonne,7.384986107,48.102530621,HIXnJ
A1610030,A161003001,2023-09-22,1199.0,2026-05-31T20:30:42Z,16,Donnée validée,0,Mesurée,20,Bonne,7.384986107,48.102530621,HIXnJ
A1610030,A161003001,2023-09-23,1203.0,2026-05-31T20:30:42Z,16,Donnée validée,0,Mesurée,20,Bonne,7.384986107,48.102530621,HIXnJ
A1610030,A161003001,2023-09-24,1202.0,2026-05-31T20:30:42Z,16,Donnée validée,8,Calculée,20,Bonne,7.384986107,48.102530621,HIXnJ
A1610030,A161003001,2023-09-25,1197.0,2026-05-31T20:30:42Z,16,Donnée validée,0,Mesurée,20,Bonne,7.384986107,48.102530621,HIXnJ
A1610030,A161003001,2023-09-26,1193.0,2026-05-31T20:30:42Z,16,Donnée validée,0,Mesurée,20,Bonne,7.384986107,48.102530621,HIXnJ
A1610030,A161003001,2023-09-27,1184.0,2026-05-31T20:30:42Z,16,Donnée validée,0,Mesurée,20,Bonne,7.384986107,48.102530621,HIXnJ
A1610030,A161003001,2023-09-28,1184.0,2026-05-31T20:30:42Z,16,Donnée validée,0,Mesurée,20,Bonne,7.384986107,48.102530621,HIXnJ
A1610030,A161003001,2023-09-29,1184.0,2026-05-31T20:30:42Z,16,Donnée validée,0,Mesurée,20,Bonne,7.384986107,48.102530621,HIXnJ
A1610030,A161003001,2023-09-30,1179.0,2026-05-31T20:30:42Z,16,Donnée validée,0,Mesurée,20,Bonne,7.384986107,48.102530621,HIXnJ
A1610030,A161003001,2023-10-01,1181.0,2026-05-31T20:30:42Z,16,Donnée validée,0,Mesurée,20,Bonne,7.384986107,48.102530621,HIXnJ
A1610030,A161003001,2023-10-02,1180.0,2026-05-31T20:30:42Z,16,Donnée validée,0,Mesurée,20,Bonne,7.384986107,48.102530621,HIXnJ
A1610030,A161003001,2023-10-03,1179.0,2026-05-31T20:30:42Z,16,Donnée validée,0,Mesurée,20,Bonne,7.384986107,48.102530621,HIXnJ
A1610030,A161003001,2023-10-04,1180.0,2026-05-31T20:30:42Z,16,Donnée validée,0,Mesurée,20,Bonne,7.384986107,48.102530621,HIXnJ
A1610030,A161003001,2023-10-05,1179.0,2026-05-31T20:30:42Z,16,Donnée validée,0,Mesurée,20,Bonne,7.384986107,48.102530621,HIXnJ
A1610030,A161003001,2023-10-06,1186.0,2026-05-31T20:30:42Z,16,Donnée validée,0,Mesurée,20,Bonne,7.384986107,48.102530621,HIXnJ
A1610030,A161003001,2023-10-07,1186.0,2026-05-31T20:30:42Z,16,Donnée validée,0,Mesurée,20,Bonne,7.384986107,48.102530621,HIXnJ
A1610030,A161003001,2023-10-08,1180.0,2026-05-31T20:30:42Z,16,Donnée validée,0,Mesurée,20,Bonne,7.384986107,48.102530621,HIXnJ
A1610030,A161003001,2023-10-09,1182.0,2026-05-31T20:30:42Z,16,Donnée validée,0,Mesurée,20,Bonne,7.384986107,48.102530621,HIXnJ
A1610030,A161003001,2023-10-10,1179.0,2026-05-31T20:30:42Z,16,Donnée validée,0,Mesurée,20,Bonne,7.384986107,48.102530621,HIXnJ
A1610030,A161003001,2023-10-11,1175.0,2026-05-31T20:30:42Z,16,Donnée validée,0,Mesurée,20,Bonne,7.384986107,48.102530621,HIXnJ
A1610030,A161003001,2023-10-12,1172.0,2026-05-31T20:30:42Z,16,Donnée validée,0,Mesurée,20,Bonne,7.384986107,48.102530621,HIXnJ
A1610030,A161003001,2023-10-13,1172.0,2026-05-31T20:30:42Z,16,Donnée validée,0,Mesurée,20,Bonne,7.384986107,48.102530621,HIXnJ
A1610030,A161003001,2023-10-14,1175.0,2026-05-31T20:30:42Z,16,Donnée validée,0,Mesurée,20,Bonne,7.384986107,48.102530621,HIXnJ
A1610030,A161003001,2023-10-15,1178.0,2026-05-31T20:30:42Z,16,Donnée validée,0,Mesurée,20,Bonne,7.384986107,48.102530621,HIXnJ
A1610030,A161003001,2023-10-16,1248.0,2026-05-31T20:30:42Z,16,Donnée validée,0,Mesurée,20,Bonne,7.384986107,48.102530621,HIXnJ
A1610030,A161003001,2023-10-17,1184.0,2026-05-31T20:30:42Z,16,Donnée validée,0,Mesurée,20,Bonne,7.384986107,48.102530621,HIXnJ
A1610030,A161003001,2023-10-18,1184.0,2026-05-31T20:30:42Z,16,Donnée validée,0,Mesurée,20,Bonne,7.384986107,48.102530621,HIXnJ
A1610030,A161003001,2023-10-19,1219.0,2026-05-31T20:30:42Z,16,Donnée validée,8,Calculée,20,Bonne,7.384986107,48.102530621,HIXnJ
A1610030,A161003001,2023-10-20,1254.0,2026-05-31T20:30:42Z,16,Donnée validée,0,Mesurée,20,Bonne,7.384986107,48.102530621,HIXnJ
A1610030,A161003001,2023-10-21,1248.0,2026-05-31T20:30:42Z,16,Donnée validée,0,Mesurée,20,Bonne,7.384986107,48.102530621,HIXnJ
A1610030,A161003001,2023-10-22,1235.0,2026-05-31T20:30:42Z,16,Donnée validée,0,Mesurée,20,Bonne,7.384986107,48.102530621,HIXnJ
A1610030,A161003001,2023-10-23,1308.0,2026-05-31T20:30:42Z,16,Donnée validée,0,Mesurée,20,Bonne,7.384986107,48.102530621,HIXnJ
A1610030,A161003001,2023-10-24,1306.0,2026-05-31T20:30:42Z,16,Donnée validée,8,Calculée,20,Bonne,7.384986107,48.102530621,HIXnJ
A1610030,A161003001,2023-10-25,1354.0,2026-05-31T20:30:42Z,16,Donnée validée,0,Mesurée,20,Bonne,7.384986107,48.102530621,HIXnJ
A1610030,A161003001,2023-10-26,1392.0,2026-05-31T20:30:42Z,16,Donnée validée,0,Mesurée,20,Bonne,7.384986107,48.102530621,HIXnJ
A1610030,A161003001,2023-10-27,1477.0,2026-05-31T20:30:42Z,16,Donnée validée,0,Mesurée,20,Bonne,7.384986107,48.102530621,HIXnJ
A1610030,A161003001,2023-10-28,1565.0,2026-05-31T20:30:42Z,16,Donnée validée,0,Mesurée,20,Bonne,7.384986107,48.102530621,HIXnJ
A1610030,A161003001,2023-10-29,1531.0,2026-05-31T20:30:42Z,16,Donnée validée,8,Calculée,20,Bonne,7.384986107,48.102530621,HIXnJ
A1610030,A161003001,2023-10-30,1450.0,2026-05-31T20:30:42Z,16,Donnée validée,0,Mesurée,20,Bonne,7.384986107,48.102530621,HIXnJ
A1610030,A161003001,2023-10-31,1453.0,2026-05-31T20:30:42Z,16,Donnée validée,0,Mesurée,20,Bonne,7.384986107,48.102530621,HIXnJ
A1610030,A161003001,2023-11-01,1454.0,2026-05-31T20:30:42Z,16,Donnée validée,0,Mesurée,20,Bonne,7.384986107,48.102530621,HIXnJ
A1610030,A161003001,2023-11-02,1553.0,2026-05-31T20:30:42Z,16,Donnée validée,0,Mesurée,20,Bonne,7.384986107,48.102530621,HIXnJ
A1610030,A161003001,2023-11-03,1611.0,2026-05-31T20:30:42Z,16,Donnée validée,0,Mesurée,20,Bonne,7.384986107,48.102530621,HIXnJ
A1610030,A161003001,2023-11-04,1560.0,2026-05-31T20:30:42Z,16,Donnée validée,8,Calculée,20,Bonne,7.384986107,48.102530621,HIXnJ
A1610030,A161003001,2023-11-05,1689.0,2026-05-31T20:30:42Z,16,Donnée validée,8,Calculée,20,Bonne,7.384986107,48.102530621,HIXnJ
A1610030,A161003001,2023-11-06,1840.0,2026-05-31T20:30:42Z,16,Donnée validée,0,Mesurée,20,Bonne,7.384986107,48.102530621,HIXnJ
A1610030,A161003001,2023-11-07,1800.0,2026-05-31T20:30:42Z,16,Donnée validée,0,Mesurée,20,Bonne,7.384986107,48.102530621,HIXnJ
A1610030,A161003001,2023-11-08,1754.0,2026-05-31T20:30:42Z,16,Donnée validée,0,Mesurée,20,Bonne,7.384986107,48.102530621,HIXnJ
A1610030,A161003001,2023-11-09,1710.0,2026-05-31T20:30:42Z,16,Donnée validée,0,Mesurée,20,Bonne,7.384986107,48.102530621,HIXnJ
A1610030,A161003001,2023-11-10,1988.0,2026-05-31T20:30:42Z,16,Donnée validée,8,Calculée,20,Bonne,7.384986107,48.102530621,HIXnJ
A1610030,A161003001,2023-11-11,2211.0,2026-05-31T20:30:42Z,16,Donnée validée,0,Mesurée,20,Bonne,7.384986107,48.102530621,HIXnJ
A1610030,A161003001,2023-11-12,2204.0,2026-05-31T20:30:42Z,16,Donnée validée,0,Mesurée,20,Bonne,7.384986107,48.102530621,HIXnJ
A1610030,A161003001,2023-11-13,2804.0,2026-05-31T20:30:42Z,16,Donnée validée,0,Mesurée,20,Bonne,7.384986107,48.102530621,HIXnJ
A1610030,A161003001,2023-11-14,3689.0,2026-05-31T20:30:42Z,16,Donnée validée,0,Mesurée,20,Bonne,7.384986107,48.102530621,HIXnJ
A1610030,A161003001,2023-11-15,3730.0,2026-05-31T20:30:42Z,16,Donnée validée,0,Mesurée,20,Bonne,7.384986107,48.102530621,HIXnJ
A1610030,A161003001,2023-11-16,3466.0,2026-05-31T20:30:42Z,16,Donnée validée,0,Mesurée,20,Bonne,7.384986107,48.102530621,HIXnJ
A1610030,A161003001,2023-11-17,3518.0,2026-05-31T20:30:42Z,16,Donnée validée,0,Mesurée,20,Bonne,7.384986107,48.102530621,HIXnJ
A1610030,A161003001,2023-11-18,3487.0,2026-05-31T20:30:42Z,16,Donnée validée,0,Mesurée,20,Bonne,7.384986107,48.102530621,HIXnJ
A1610030,A161003001,2023-11-19,2729.0,2026-05-31T20:30:42Z,16,Donnée validée,8,Calculée,20,Bonne,7.384986107,48.102530621,HIXnJ
A1610030,A161003001,2023-11-20,2519.0,2026-05-31T20:30:42Z,16,Donnée validée,8,Calculée,20,Bonne,7.384986107,48.102530621,HIXnJ
A1610030,A161003001,2023-11-21,2321.0,2026-05-31T20:30:42Z,16,Donnée validée,8,Calculée,20,Bonne,7.384986107,48.102530621,HIXnJ
A1610030,A161003001,2023-11-22,2193.0,2026-05-31T20:30:42Z,16,Donnée validée,8,Calculée,20,Bonne,7.384986107,48.102530621,HIXnJ
A1610030,A161003001,2023-11-23,1979.0,2026-05-31T20:30:42Z,16,Donnée validée,8,Calculée,20,Bonne,7.384986107,48.102530621,HIXnJ
A1610030,A161003001,2023-11-24,1837.0,2026-05-31T20:30:42Z,16,Donnée validée,8,Calculée,20,Bonne,7.384986107,48.102530621,HIXnJ
A1610030,A161003001,2023-11-25,1754.0,2026-05-31T20:30:42Z,16,Donnée validée,8,Calculée,20,Bonne,7.384986107,48.102530621,HIXnJ
A1610030,A161003001,2023-11-26,1643.0,2026-05-31T20:30:42Z,16,Donnée validée,0,Mesurée,20,Bonne,7.384986107,48.102530621,HIXnJ
A1610030,A161003001,2023-11-27,1598.0,2026-05-31T20:30:42Z,16,Donnée validée,8,Calculée,20,Bonne,7.384986107,48.102530621,HIXnJ
A1610030,A161003001,2023-11-28,1871.0,2026-05-31T20:30:42Z,16,Donnée validée,8,Calculée,20,Bonne,7.384986107,48.102530621,HIXnJ
A1610030,A161003001,2023-11-29,1890.0,2026-05-31T20:30:42Z,16,Donnée validée,0,Mesurée,20,Bonne,7.384986107,48.102530621,HIXnJ
A1610030,A161003001,2023-11-30,1725.0,2026-05-31T20:30:42Z,16,Donnée validée,8,Calculée,20,Bonne,7.384986107,48.102530621,HIXnJ
A1610030,A161003001,2023-12-01,2212.0,2026-05-31T20:30:42Z,16,Donnée validée,0,Mesurée,20,Bonne,7.384986107,48.102530621,HIXnJ
A1610030,A161003001,2023-12-02,2212.0,2026-05-31T20:30:42Z,16,Donnée validée,0,Mesurée,20,Bonne,7.384986107,48.102530621,HIXnJ
A1610030,A161003001,2023-12-03,1907.0,2026-05-31T20:30:42Z,16,Donnée validée,8,Calculée,20,Bonne,7.384986107,48.102530621,HIXnJ
A1610030,A161003001,2023-12-04,1718.0,2026-05-31T20:30:42Z,16,Donnée validée,8,Calculée,20,Bonne,7.384986107,48.102530621,HIXnJ
A1610030,A161003001,2023-12-05,1725.0,2026-05-31T20:30:42Z,16,Donnée validée,0,Mesurée,20,Bonne,7.384986107,48.102530621,HIXnJ
A1610030,A161003001,2023-12-06,1921.0,2026-05-31T20:30:42Z,16,Donnée validée,0,Mesurée,20,Bonne,7.384986107,48.102530621,HIXnJ
A1610030,A161003001,2023-12-07,1899.0,2026-05-31T20:30:42Z,16,Donnée validée,8,Calculée,20,Bonne,7.384986107,48.102530621,HIXnJ
A1610030,A161003001,2023-12-08,1777.0,2026-05-31T20:30:42Z,16,Donnée validée,0,Mesurée,20,Bonne,7.384986107,48.102530621,HIXnJ
A1610030,A161003001,2023-12-09,1764.0,2026-05-31T20:30:42Z,16,Donnée validée,8,Calculée,20,Bonne,7.384986107,48.102530621,HIXnJ
A1610030,A161003001,2023-12-10,2495.0,2026-05-31T20:30:42Z,16,Donnée validée,0,Mesurée,20,Bonne,7.384986107,48.102530621,HIXnJ
A1610030,A161003001,2023-12-11,2747.0,2026-05-31T20:30:42Z,16,Donnée validée,0,Mesurée,20,Bonne,7.384986107,48.102530621,HIXnJ
A1610030,A161003001,2023-12-12,2827.0,2026-05-31T20:30:42Z,16,Donnée validée,8,Calculée,20,Bonne,7.384986107,48.102530621,HIXnJ
A1610030,A161003001,2023-12-13,3199.0,2026-05-31T20:30:42Z,16,Donnée validée,0,Mesurée,20,Bonne,7.384986107,48.102530621,HIXnJ
A1610030,A161003001,2023-12-14,3183.0,2026-05-31T20:30:42Z,16,Donnée validée,8,Calculée,20,Bonne,7.384986107,48.102530621,HIXnJ
A1610030,A161003001,2023-12-15,2870.0,2026-05-31T20:30:42Z,16,Donnée validée,8,Calculée,20,Bonne,7.384986107,48.102530621,HIXnJ
A1610030,A161003001,2023-12-16,2414.0,2026-05-31T20:30:42Z,16,Donnée validée,8,Calculée,20,Bonne,7.384986107,48.102530621,HIXnJ
A1610030,A161003001,2023-12-17,2111.0,2026-05-31T20:30:42Z,16,Donnée validée,0,Mesurée,20,Bonne,7.384986107,48.102530621,HIXnJ
A1610030,A161003001,2023-12-18,1942.0,2026-05-31T20:30:42Z,16,Donnée validée,8,Calculée,20,Bonne,7.384986107,48.102530621,HIXnJ
A1610030,A161003001,2023-12-19,1818.0,2026-05-31T20:30:42Z,16,Donnée validée,8,Calculée,20,Bonne,7.384986107,48.102530621,HIXnJ
A1610030,A161003001,2023-12-20,1741.0,2026-05-31T20:30:42Z,16,Donnée validée,0,Mesurée,20,Bonne,7.384986107,48.102530621,HIXnJ
A1610030,A161003001,2023-12-21,1775.0,2026-05-31T20:30:42Z,16,Donnée validée,0,Mesurée,20,Bonne,7.384986107,48.102530621,HIXnJ
A1610030,A161003001,2023-12-22,2362.0,2026-05-31T20:30:42Z,16,Donnée validée,8,Calculée,20,Bonne,7.384986107,48.102530621,HIXnJ
A1610030,A161003001,2023-12-23,2984.0,2026-05-31T20:30:42Z,16,Donnée validée,0,Mesurée,20,Bonne,7.384986107,48.102530621,HIXnJ
A1610030,A161003001,2023-12-24,2989.0,2026-05-31T20:30:42Z,16,Donnée validée,0,Mesurée,20,Bonne,7.384986107,48.102530621,HIXnJ
A1610030,A161003001,2023-12-25,2576.0,2026-05-31T20:30:42Z,16,Donnée validée,0,Mesurée,20,Bonne,7.384986107,48.102530621,HIXnJ
A1610030,A161003001,2023-12-26,2233.0,2026-05-31T20:30:42Z,16,Donnée validée,0,Mesurée,20,Bonne,7.384986107,48.102530621,HIXnJ
A1610030,A161003001,2023-12-27,1994.0,2026-05-31T20:30:42Z,16,Donnée validée,8,Calculée,20,Bonne,7.384986107,48.102530621,HIXnJ
A1610030,A161003001,2023-12-28,1877.0,2026-05-31T20:30:42Z,16,Donnée validée,0,Mesurée,20,Bonne,7.384986107,48.102530621,HIXnJ
A1610030,A161003001,2023-12-29,1780.0,2026-05-31T20:30:42Z,16,Donnée validée,0,Mesurée,20,Bonne,7.384986107,48.102530621,HIXnJ
A1610030,A161003001,2023-12-30,1753.0,2026-05-31T20:30:42Z,16,Donnée validée,8,Calculée,20,Bonne,7.384986107,48.102530621,HIXnJ
A1610030,A161003001,2023-12-31,1752.0,2026-05-31T20:30:42Z,16,Donnée validée,8,Calculée,20,Bonne,7.384986107,48.102530621,HIXnJ
A1610030,A161003001,2024-01-01,1803.0,2026-05-31T20:30:42Z,16,Donnée validée,0,Mesurée,20,Bonne,7.384986107,48.102530621,HIXnJ
A1610030,A161003001,2024-01-02,2297.0,2026-05-31T20:30:42Z,16,Donnée validée,8,Calculée,20,Bonne,7.384986107,48.102530621,HIXnJ
A1610030,A161003001,2024-01-03,3450.0,2026-05-31T20:30:42Z,16,Donnée validée,0,Mesurée,20,Bonne,7.384986107,48.102530621,HIXnJ
A1610030,A161003001,2024-01-04,3551.0,2026-05-31T20:30:42Z,16,Donnée validée,0,Mesurée,20,Bonne,7.384986107,48.102530621,HIXnJ
A1610030,A161003001,2024-01-05,3514.0,2026-05-31T20:30:42Z,16,Donnée validée,8,Calculée,20,Bonne,7.384986107,48.102530621,HIXnJ
A1610030,A161003001,2024-01-06,2925.0,2026-05-31T20:30:42Z,16,Donnée validée,8,Calculée,20,Bonne,7.384986107,48.102530621,HIXnJ
A1610030,A161003001,2024-01-07,2391.0,2026-05-31T20:30:42Z,16,Donnée validée,8,Calculée,20,Bonne,7.384986107,48.102530621,HIXnJ
A1610030,A161003001,2024-01-08,2158.0,2026-05-31T20:30:42Z,16,Donnée validée,0,Mesurée,20,Bonne,7.384986107,48.102530621,HIXnJ
A1610030,A161003001,2024-01-09,2024.0,2026-05-31T20:30:42Z,16,Donnée validée,8,Calculée,20,Bonne,7.384986107,48.102530621,HIXnJ
A1610030,A161003001,2024-01-10,1878.0,2026-05-31T20:30:42Z,16,Donnée validée,0,Mesurée,20,Bonne,7.384986107,48.102530621,HIXnJ
A1610030,A161003001,2024-01-11,1759.0,2026-05-31T20:30:42Z,16,Donnée validée,0,Mesurée,20,Bonne,7.384986107,48.102530621,HIXnJ
A1610030,A161003001,2024-01-12,1685.0,2026-05-31T20:30:42Z,16,Donnée validée,8,Calculée,20,Bonne,7.384986107,48.102530621,HIXnJ
A1610030,A161003001,2024-01-13,1631.0,2026-05-31T20:30:42Z,16,Donnée validée,0,Mesurée,20,Bonne,7.384986107,48.102530621,HIXnJ
A1610030,A161003001,2024-01-14,1589.0,2026-05-31T20:30:42Z,16,Donnée validée,0,Mesurée,20,Bonne,7.384986107,48.102530621,HIXnJ
A1610030,A161003001,2024-01-15,1560.0,2026-05-31T20:30:42Z,16,Donnée validée,0,Mesurée,20,Bonne,7.384986107,48.102530621,HIXnJ
A1610030,A161003001,2024-01-16,1532.0,2026-05-31T20:30:42Z,16,Donnée validée,0,Mesurée,20,Bonne,7.384986107,48.102530621,HIXnJ
A1610030,A161003001,2024-01-17,1921.0,2026-05-31T20:30:42Z,16,Donnée validée,8,Calculée,20,Bonne,7.384986107,48.102530621,HIXnJ
A1610030,A161003001,2024-01-18,3200.0,2026-05-31T20:30:42Z,16,Donnée validée,0,Mesurée,20,Bonne,7.384986107,48.102530621,HIXnJ
A1610030,A161003001,2024-01-19,3357.0,2026-05-31T20:30:42Z,16,Donnée validée,0,Mesurée,20,Bonne,7.384986107,48.102530621,HIXnJ
A1610030,A161003001,2024-01-20,2961.0,2026-05-31T20:30:42Z,16,Donnée validée,0,Mesurée,20,Bonne,7.384986107,48.102530621,HIXnJ
A1610030,A161003001,2024-01-21,2278.0,2026-05-31T20:30:42Z,16,Donnée validée,8,Calculée,20,Bonne,7.384986107,48.102530621,HIXnJ
A1610030,A161003001,2024-01-22,2191.0,2026-05-31T20:30:42Z,16,Donnée validée,8,Calculée,20,Bonne,7.384986107,48.102530621,HIXnJ
A1610030,A161003001,2024-01-23,2928.0,2026-05-31T20:30:42Z,16,Donnée validée,0,Mesurée,20,Bonne,7.384986107,48.102530621,HIXnJ
A1610030,A161003001,2024-01-24,2851.0,2026-05-31T20:30:42Z,16,Donnée validée,0,Mesurée,20,Bonne,7.384986107,48.102530621,HIXnJ
A1610030,A161003001,2024-01-25,2643.0,2026-05-31T20:30:42Z,16,Donnée validée,8,Calculée,20,Bonne,7.384986107,48.102530621,HIXnJ
A1610030,A161003001,2024-01-26,2644.0,2026-05-31T20:30:42Z,16,Donnée validée,0,Mesurée,20,Bonne,7.384986107,48.102530621,HIXnJ
A1610030,A161003001,2024-01-27,2352.0,2026-05-31T20:30:42Z,16,Donnée validée,0,Mesurée,20,Bonne,7.384986107,48.102530621,HIXnJ
A1610030,A161003001,2024-01-28,2162.0,2026-05-31T20:30:42Z,16,Donnée validée,8,Calculée,20,Bonne,7.384986107,48.102530621,HIXnJ
A1610030,A161003001,2024-01-29,2028.0,2026-05-31T20:30:42Z,16,Donnée validée,0,Mesurée,20,Bonne,7.384986107,48.102530621,HIXnJ
A1610030,A161003001,2024-01-30,1894.0,2026-05-31T20:30:42Z,16,Donnée validée,8,Calculée,20,Bonne,7.384986107,48.102530621,HIXnJ
A1610030,A161003001,2024-01-31,1790.0,2026-05-31T20:30:42Z,16,Donnée validée,0,Mesurée,20,Bonne,7.384986107,48.102530621,HIXnJ
A1610030,A161003001,2024-02-01,1718.0,2026-05-31T20:30:42Z,16,Donnée validée,0,Mesurée,20,Bonne,7.384986107,48.102530621,HIXnJ
A1610030,A161003001,2024-02-02,1669.0,2026-05-31T20:30:42Z,16,Donnée validée,0,Mesurée,20,Bonne,7.384986107,48.102530621,HIXnJ
A1610030,A161003001,2024-02-03,1620.0,2026-05-31T20:30:42Z,16,Donnée validée,0,Mesurée,20,Bonne,7.384986107,48.102530621,HIXnJ
A1610030,A161003001,2024-02-04,1577.0,2026-05-31T20:30:42Z,16,Donnée validée,8,Calculée,20,Bonne,7.384986107,48.102530621,HIXnJ
A1610030,A161003001,2024-02-05,1549.0,2026-05-31T20:30:42Z,16,Donnée validée,8,Calculée,20,Bonne,7.384986107,48.102530621,HIXnJ
A1610030,A161003001,2024-02-06,1530.0,2026-05-31T20:30:42Z,16,Donnée validée,0,Mesurée,20,Bonne,7.384986107,48.102530621,HIXnJ
A1610030,A161003001,2024-02-07,1560.0,2026-05-31T20:30:42Z,16,Donnée validée,0,Mesurée,20,Bonne,7.384986107,48.102530621,HIXnJ
A1610030,A161003001,2024-02-08,1799.0,2026-05-31T20:30:42Z,16,Donnée validée,8,Calculée,20,Bonne,7.384986107,48.102530621,HIXnJ
A1610030,A161003001,2024-02-09,1839.0,2026-05-31T20:30:42Z,16,Donnée validée,0,Mesurée,20,Bonne,7.384986107,48.102530621,HIXnJ
A1610030,A161003001,2024-02-10,1904.0,2026-05-31T20:30:42Z,16,Donnée validée,0,Mesurée,20,Bonne,7.384986107,48.102530621,HIXnJ
A1610030,A161003001,2024-02-11,1887.0,2026-05-31T20:30:42Z,16,Donnée validée,0,Mesurée,20,Bonne,7.384986107,48.102530621,HIXnJ
A1610030,A161003001,2024-02-12,1883.0,2026-05-31T20:30:42Z,16,Donnée validée,0,Mesurée,20,Bonne,7.384986107,48.102530621,HIXnJ
A1610030,A161003001,2024-02-13,1859.0,2026-05-31T20:30:42Z,16,Donnée validée,0,Mesurée,20,Bonne,7.384986107,48.102530621,HIXnJ
A1610030,A161003001,2024-02-14,1773.0,2026-05-31T20:30:42Z,16,Donnée validée,8,Calculée,20,Bonne,7.384986107,48.102530621,HIXnJ
A1610030,A161003001,2024-02-15,1703.0,2026-05-31T20:30:42Z,16,Donnée validée,0,Mesurée,20,Bonne,7.384986107,48.102530621,HIXnJ
A1610030,A161003001,2024-02-16,1660.0,2026-05-31T20:30:42Z,16,Donnée validée,8,Calculée,20,Bonne,7.384986107,48.102530621,HIXnJ
A1610030,A161003001,2024-02-17,1610.0,2026-05-31T20:30:42Z,16,Donnée validée,0,Mesurée,20,Bonne,7.384986107,48.102530621,HIXnJ
A1610030,A161003001,2024-02-18,1587.0,2026-05-31T20:30:42Z,16,Donnée validée,0,Mesurée,20,Bonne,7.384986107,48.102530621,HIXnJ
A1610030,A161003001,2024-02-19,1574.0,2026-05-31T20:30:42Z,16,Donnée validée,0,Mesurée,20,Bonne,7.384986107,48.102530621,HIXnJ
A1610030,A161003001,2024-02-20,1592.0,2026-05-31T20:30:42Z,16,Donnée validée,0,Mesurée,20,Bonne,7.384986107,48.102530621,HIXnJ
A1610030,A161003001,2024-02-21,1578.0,2026-05-31T20:30:42Z,16,Donnée validée,0,Mesurée,20,Bonne,7.384986107,48.102530621,HIXnJ
A1610030,A161003001,2024-02-22,2293.0,2026-05-31T20:30:42Z,16,Donnée validée,8,Calculée,20,Bonne,7.384986107,48.102530621,HIXnJ
A1610030,A161003001,2024-02-23,2899.0,2026-05-31T20:30:42Z,16,Donnée validée,0,Mesurée,20,Bonne,7.384986107,48.102530621,HIXnJ
A1610030,A161003001,2024-02-24,2840.0,2026-05-31T20:30:42Z,16,Donnée validée,8,Calculée,20,Bonne,7.384986107,48.102530621,HIXnJ
A1610030,A161003001,2024-02-25,2397.0,2026-05-31T20:30:42Z,16,Donnée validée,8,Calculée,20,Bonne,7.384986107,48.102530621,HIXnJ
A1610030,A161003001,2024-02-26,2304.0,2026-05-31T20:30:42Z,16,Donnée validée,0,Mesurée,20,Bonne,7.384986107,48.102530621,HIXnJ
A1610030,A161003001,2024-02-27,2286.0,2026-05-31T20:30:42Z,16,Donnée validée,0,Mesurée,20,Bonne,7.384986107,48.102530621,HIXnJ
A1610030,A161003001,2024-02-28,2062.0,2026-05-31T20:30:42Z,16,Donnée validée,8,Calculée,20,Bonne,7.384986107,48.102530621,HIXnJ
A1610030,A161003001,2024-02-29,1907.0,2026-05-31T20:30:42Z,16,Donnée validée,8,Calculée,20,Bonne,7.384986107,48.102530621,HIXnJ
A1610030,A161003001,2024-03-01,1823.0,2026-05-31T20:30:42Z,16,Donnée validée,0,Mesurée,20,Bonne,7.384986107,48.102530621,HIXnJ
A1610030,A161003001,2024-03-02,1753.0,2026-05-31T20:30:42Z,16,Donnée validée,0,Mesurée,20,Bonne,7.384986107,48.102530621,HIXnJ
A1610030,A161003001,2024-03-03,1698.0,2026-05-31T20:30:42Z,16,Donnée validée,0,Mesurée,20,Bonne,7.384986107,48.102530621,HIXnJ
A1610030,A161003001,2024-03-04,1647.0,2026-05-31T20:30:42Z,16,Donnée validée,8,Calculée,20,Bonne,7.384986107,48.102530621,HIXnJ
A1610030,A161003001,2024-03-05,1588.0,2026-05-31T20:30:42Z,16,Donnée validée,0,Mesurée,20,Bonne,7.384986107,48.102530621,HIXnJ
A1610030,A161003001,2024-03-06,1548.0,2026-05-31T20:30:42Z,16,Donnée validée,0,Mesurée,20,Bonne,7.384986107,48.102530621,HIXnJ
A1610030,A161003001,2024-03-07,1520.0,2026-05-31T20:30:42Z,16,Donnée validée,0,Mesurée,20,Bonne,7.384986107,48.102530621,HIXnJ
A1610030,A161003001,2024-03-08,1501.0,2026-05-31T20:30:42Z,16,Donnée validée,0,Mesurée,20,Bonne,7.384986107,48.102530621,HIXnJ
A1610030,A161003001,2024-03-09,1490.0,2026-05-31T20:30:42Z,16,Donnée validée,0,Mesurée,20,Bonne,7.384986107,48.102530621,HIXnJ
A1610030,A161003001,2024-03-10,1470.0,2026-05-31T20:30:42Z,16,Donnée validée,0,Mesurée,20,Bonne,7.384986107,48.102530621,HIXnJ
A1610030,A161003001,2024-03-11,1470.0,2026-05-31T20:30:42Z,16,Donnée validée,0,Mesurée,20,Bonne,7.384986107,48.102530621,HIXnJ
A1610030,A161003001,2024-03-12,1455.0,2026-05-31T20:30:42Z,16,Donnée validée,0,Mesurée,20,Bonne,7.384986107,48.102530621,HIXnJ
A1610030,A161003001,2024-03-13,1499.0,2026-05-31T20:30:42Z,16,Donnée validée,0,Mesurée,20,Bonne,7.384986107,48.102530621,HIXnJ
A1610030,A161003001,2024-03-14,1492.0,2026-05-31T20:30:42Z,16,Donnée validée,0,Mesurée,20,Bonne,7.384986107,48.102530621,HIXnJ
A1610030,A161003001,2024-03-15,1458.0,2026-05-31T20:30:42Z,16,Donnée validée,0,Mesurée,20,Bonne,7.384986107,48.102530621,HIXnJ
A1610030,A161003001,2024-03-16,1595.0,2026-05-31T20:30:42Z,16,Donnée validée,0,Mesurée,20,Bonne,7.384986107,48.102530621,HIXnJ
A1610030,A161003001,2024-03-17,1625.0,2026-05-31T20:30:42Z,16,Donnée validée,0,Mesurée,20,Bonne,7.384986107,48.102530621,HIXnJ
A1610030,A161003001,2024-03-18,2045.0,2026-05-31T20:30:42Z,16,Donnée validée,0,Mesurée,20,Bonne,7.384986107,48.102530621,HIXnJ
A1610030,A161003001,2024-03-19,2227.0,2026-05-31T20:30:42Z,16,Donnée validée,0,Mesurée,20,Bonne,7.384986107,48.102530621,HIXnJ
A1610030,A161003001,2024-03-20,1932.0,2026-05-31T20:30:42Z,16,Donnée validée,8,Calculée,20,Bonne,7.384986107,48.102530621,HIXnJ
A1610030,A161003001,2024-03-21,1759.0,2026-05-31T20:30:42Z,16,Donnée validée,0,Mesurée,20,Bonne,7.384986107,48.102530621,HIXnJ
A1610030,A161003001,2024-03-22,1686.0,2026-05-31T20:30:42Z,16,Donnée validée,0,Mesurée,20,Bonne,7.384986107,48.102530621,HIXnJ
A1610030,A161003001,2024-03-23,1617.0,2026-05-31T20:30:42Z,16,Donnée validée,0,Mesurée,20,Bonne,7.384986107,48.102530621,HIXnJ
A1610030,A161003001,2024-03-24,1643.0,2026-05-31T20:30:42Z,16,Donnée validée,0,Mesurée,20,Bonne,7.384986107,48.102530621,HIXnJ
A1610030,A161003001,2024-03-25,1758.0,2026-05-31T20:30:42Z,16,Donnée validée,0,Mesurée,20,Bonne,7.384986107,48.102530621,HIXnJ
A1610030,A161003001,2024-03-26,1685.0,2026-05-31T20:30:42Z,16,Donnée validée,0,Mesurée,20,Bonne,7.384986107,48.102530621,HIXnJ
A1610030,A161003001,2024-03-27,1610.0,2026-05-31T20:30:42Z,16,Donnée validée,0,Mesurée,20,Bonne,7.384986107,48.102530621,HIXnJ
A1610030,A161003001,2024-03-28,1566.0,2026-05-31T20:30:42Z,16,Donnée validée,8,Calculée,20,Bonne,7.384986107,48.102530621,HIXnJ
A1610030,A161003001,2024-03-29,1578.0,2026-05-31T20:30:42Z,16,Donnée validée,0,Mesurée,20,Bonne,7.384986107,48.102530621,HIXnJ
A1610030,A161003001,2024-03-30,1569.0,2026-05-31T20:30:42Z,16,Donnée validée,0,Mesurée,20,Bonne,7.384986107,48.102530621,HIXnJ
A1610030,A161003001,2024-03-31,1551.0,2026-05-31T20:30:42Z,16,Donnée validée,0,Mesurée,20,Bonne,7.384986107,48.102530621,HIXnJ
A1610030,A161003001,2024-04-01,2006.0,2026-05-31T20:30:42Z,16,Donnée validée,8,Calculée,20,Bonne,7.384986107,48.102530621,HIXnJ
A1610030,A161003001,2024-04-02,2042.0,2026-05-31T20:30:42Z,16,Donnée validée,0,Mesurée,20,Bonne,7.384986107,48.102530621,HIXnJ
A1610030,A161003001,2024-04-03,1997.0,2026-05-31T20:30:42Z,16,Donnée validée,0,Mesurée,20,Bonne,7.384986107,48.102530621,HIXnJ
A1610030,A161003001,2024-04-04,2103.0,2026-05-31T20:30:42Z,16,Donnée validée,0,Mesurée,20,Bonne,7.384986107,48.102530621,HIXnJ
A1610030,A161003001,2024-04-05,2118.0,2026-05-31T20:30:42Z,16,Donnée validée,0,Mesurée,20,Bonne,7.384986107,48.102530621,HIXnJ
A1610030,A161003001,2024-04-06,1992.0,2026-05-31T20:30:42Z,16,Donnée validée,0,Mesurée,20,Bonne,7.384986107,48.102530621,HIXnJ
A1610030,A161003001,2024-04-07,1862.0,2026-05-31T20:30:42Z,16,Donnée validée,0,Mesurée,20,Bonne,7.384986107,48.102530621,HIXnJ
A1610030,A161003001,2024-04-08,1757.0,2026-05-31T20:30:42Z,16,Donnée validée,0,Mesurée,20,Bonne,7.384986107,48.102530621,HIXnJ
A1610030,A161003001,2024-04-09,1678.0,2026-05-31T20:30:42Z,16,Donnée validée,0,Mesurée,20,Bonne,7.384986107,48.102530621,HIXnJ
A1610030,A161003001,2024-04-10,1659.0,2026-05-31T20:30:42Z,16,Donnée validée,0,Mesurée,20,Bonne,7.384986107,48.102530621,HIXnJ
A1610030,A161003001,2024-04-11,1589.0,2026-05-31T20:30:42Z,16,Donnée validée,0,Mesurée,20,Bonne,7.384986107,48.102530621,HIXnJ
A1610030,A161003001,2024-04-12,1553.0,2026-05-31T20:30:42Z,16,Donnée validée,0,Mesurée,20,Bonne,7.384986107,48.102530621,HIXnJ
A1610030,A161003001,2024-04-13,1522.0,2026-05-31T20:30:42Z,16,Donnée validée,0,Mesurée,20,Bonne,7.384986107,48.102530621,HIXnJ
A1610030,A161003001,2024-04-14,1497.0,2026-05-31T20:30:42Z,16,Donnée validée,0,Mesurée,20,Bonne,7.384986107,48.102530621,HIXnJ
A1610030,A161003001,2024-04-15,1478.0,2026-05-31T20:30:42Z,16,Donnée validée,0,Mesurée,20,Bonne,7.384986107,48.102530621,HIXnJ
A1610030,A161003001,2024-04-16,1499.0,2026-05-31T20:30:42Z,16,Donnée validée,8,Calculée,20,Bonne,7.384986107,48.102530621,HIXnJ
A1610030,A161003001,2024-04-17,1547.0,2026-05-31T20:30:42Z,16,Donnée validée,0,Mesurée,20,Bonne,7.384986107,48.102530621,HIXnJ
A1610030,A161003001,2024-04-18,1542.0,2026-05-31T20:30:42Z,16,Donnée validée,0,Mesurée,20,Bonne,7.384986107,48.102530621,HIXnJ
A1610030,A161003001,2024-04-19,1505.0,2026-05-31T20:30:42Z,16,Donnée validée,0,Mesurée,20,Bonne,7.384986107,48.102530621,HIXnJ
A1610030,A161003001,2024-04-20,1635.0,2026-05-31T20:30:42Z,16,Donnée validée,0,Mesurée,20,Bonne,7.384986107,48.102530621,HIXnJ
A1610030,A161003001,2024-04-21,1641.0,2026-05-31T20:30:42Z,16,Donnée validée,0,Mesurée,20,Bonne,7.384986107,48.102530621,HIXnJ
A1610030,A161003001,2024-04-22,1665.0,2026-05-31T20:30:42Z,16,Donnée validée,0,Mesurée,20,Bonne,7.384986107,48.102530621,HIXnJ
A1610030,A161003001,2024-04-23,1635.0,2026-05-31T20:30:42Z,16,Donnée validée,0,Mesurée,20,Bonne,7.384986107,48.102530621,HIXnJ
A1610030,A161003001,2024-04-24,1584.0,2026-05-31T20:30:42Z,16,Donnée validée,0,Mesurée,20,Bonne,7.384986107,48.102530621,HIXnJ
A1610030,A161003001,2024-04-25,1542.0,2026-05-31T20:30:42Z,16,Donnée validée,0,Mesurée,20,Bonne,7.384986107,48.102530621,HIXnJ
A1610030,A161003001,2024-04-26,1530.0,2026-05-31T20:30:42Z,16,Donnée validée,8,Calculée,20,Bonne,7.384986107,48.102530621,HIXnJ
A1610030,A161003001,2024-04-27,1601.0,2026-05-31T20:30:42Z,16,Donnée validée,0,Mesurée,20,Bonne,7.384986107,48.102530621,HIXnJ
A1610030,A161003001,2024-04-28,1567.0,2026-05-31T20:30:42Z,16,Donnée validée,0,Mesurée,20,Bonne,7.384986107,48.102530621,HIXnJ
A1610030,A161003001,2024-04-29,1566.0,2026-05-31T20:30:42Z,16,Donnée validée,0,Mesurée,20,Bonne,7.384986107,48.102530621,HIXnJ
A1610030,A161003001,2024-04-30,1606.0,2026-05-31T20:30:42Z,16,Donnée validée,0,Mesurée,20,Bonne,7.384986107,48.102530621,HIXnJ
A1610030,A161003001,2024-05-01,1505.0,2026-05-31T20:30:42Z,16,Donnée validée,0,Mesurée,20,Bonne,7.384986107,48.102530621,HIXnJ
A1610030,A161003001,2024-05-02,1666.0,2026-05-31T20:30:42Z,16,Donnée validée,0,Mesurée,20,Bonne,7.384986107,48.102530621,HIXnJ
A1610030,A161003001,2024-05-03,1548.0,2026-05-31T20:30:42Z,16,Donnée validée,0,Mesurée,20,Bonne,7.384986107,48.102530621,HIXnJ
A1610030,A161003001,2024-05-04,1524.0,2026-05-31T20:30:42Z,16,Donnée validée,0,Mesurée,20,Bonne,7.384986107,48.102530621,HIXnJ
A1610030,A161003001,2024-05-05,1542.0,2026-05-31T20:30:42Z,16,Donnée validée,0,Mesurée,20,Bonne,7.384986107,48.102530621,HIXnJ
A1610030,A161003001,2024-05-06,1754.0,2026-05-31T20:30:42Z,16,Donnée validée,0,Mesurée,20,Bonne,7.384986107,48.102530621,HIXnJ
A1610030,A161003001,2024-05-07,1799.0,2026-05-31T20:30:42Z,16,Donnée validée,0,Mesurée,20,Bonne,7.384986107,48.102530621,HIXnJ
A1610030,A161003001,2024-05-08,1688.0,2026-05-31T20:30:42Z,16,Donnée validée,0,Mesurée,20,Bonne,7.384986107,48.102530621,HIXnJ
A1610030,A161003001,2024-05-09,1631.0,2026-05-31T20:30:42Z,16,Donnée validée,0,Mesurée,20,Bonne,7.384986107,48.102530621,HIXnJ
A1610030,A161003001,2024-05-10,1557.0,2026-05-31T20:30:42Z,16,Donnée validée,0,Mesurée,20,Bonne,7.384986107,48.102530621,HIXnJ
A1610030,A161003001,2024-05-11,1521.0,2026-05-31T20:30:42Z,16,Donnée validée,8,Calculée,20,Bonne,7.384986107,48.102530621,HIXnJ
A1610030,A161003001,2024-05-12,1480.0,2026-05-31T20:30:42Z,16,Donnée validée,0,Mesurée,20,Bonne,7.384986107,48.102530621,HIXnJ
A1610030,A161003001,2024-05-13,1466.0,2026-05-31T20:30:42Z,16,Donnée validée,0,Mesurée,20,Bonne,7.384986107,48.102530621,HIXnJ
A1610030,A161003001,2024-05-14,1458.0,2026-05-31T20:30:42Z,16,Donnée validée,8,Calculée,20,Bonne,7.384986107,48.102530621,HIXnJ
A1610030,A161003001,2024-05-15,1592.0,2026-05-31T20:30:42Z,16,Donnée validée,0,Mesurée,20,Bonne,7.384986107,48.102530621,HIXnJ
A1610030,A161003001,2024-05-16,1673.0,2026-05-31T20:30:42Z,16,Donnée validée,0,Mesurée,20,Bonne,7.384986107,48.102530621,HIXnJ
A1610030,A161003001,2024-05-17,2001.0,2026-05-31T20:30:42Z,16,Donnée validée,0,Mesurée,20,Bonne,7.384986107,48.102530621,HIXnJ
A1610030,A161003001,2024-05-18,2014.0,2026-05-31T20:30:42Z,16,Donnée validée,0,Mesurée,20,Bonne,7.384986107,48.102530621,HIXnJ
A1610030,A161003001,2024-05-19,1790.0,2026-05-31T20:30:42Z,16,Donnée validée,0,Mesurée,20,Bonne,7.384986107,48.102530621,HIXnJ
A1610030,A161003001,2024-05-20,1688.0,2026-05-31T20:30:42Z,16,Donnée validée,0,Mesurée,20,Bonne,7.384986107,48.102530621,HIXnJ
A1610030,A161003001,2024-05-21,1845.0,2026-05-31T20:30:42Z,16,Donnée validée,0,Mesurée,20,Bonne,7.384986107,48.102530621,HIXnJ
A1610030,A161003001,2024-05-22,1802.0,2026-05-31T20:30:42Z,16,Donnée validée,0,Mesurée,20,Bonne,7.384986107,48.102530621,HIXnJ
A1610030,A161003001,2024-05-23,1683.0,2026-05-31T20:30:42Z,16,Donnée validée,0,Mesurée,20,Bonne,7.384986107,48.102530621,HIXnJ
A1610030,A161003001,2024-05-24,1777.0,2026-05-31T20:30:42Z,16,Donnée validée,0,Mesurée,20,Bonne,7.384986107,48.102530621,HIXnJ
A1610030,A161003001,2024-05-25,1767.0,2026-05-31T20:30:42Z,16,Donnée validée,0,Mesurée,20,Bonne,7.384986107,48.102530621,HIXnJ
A1610030,A161003001,2024-05-26,1697.0,2026-05-31T20:30:42Z,16,Donnée validée,0,Mesurée,20,Bonne,7.384986107,48.102530621,HIXnJ
A1610030,A161003001,2024-05-27,1635.0,2026-05-31T20:30:42Z,16,Donnée validée,0,Mesurée,20,Bonne,7.384986107,48.102530621,HIXnJ
A1610030,A161003001,2024-05-28,1589.0,2026-05-31T20:30:42Z,16,Donnée validée,0,Mesurée,20,Bonne,7.384986107,48.102530621,HIXnJ
A1610030,A161003001,2024-05-29,1574.0,2026-05-31T20:30:42Z,16,Donnée validée,0,Mesurée,20,Bonne,7.384986107,48.102530621,HIXnJ
A1610030,A161003001,2024-05-30,1586.0,2026-05-31T20:30:42Z,16,Donnée validée,0,Mesurée,20,Bonne,7.384986107,48.102530621,HIXnJ
A1610030,A161003001,2024-05-31,1595.0,2026-05-31T20:30:42Z,16,Donnée validée,0,Mesurée,20,Bonne,7.384986107,48.102530621,HIXnJ
A1610030,A161003001,2024-06-01,1715.0,2026-05-31T20:30:42Z,16,Donnée validée,0,Mesurée,20,Bonne,7.384986107,48.102530621,HIXnJ
A1610030,A161003001,2024-06-02,1679.0,2026-05-31T20:30:42Z,16,Donnée validée,0,Mesurée,20,Bonne,7.384986107,48.102530621,HIXnJ
A1610030,A161003001,2024-06-03,1861.0,2026-05-31T20:30:42Z,16,Donnée validée,0,Mesurée,20,Bonne,7.384986107,48.102530621,HIXnJ
A1610030,A161003001,2024-06-04,1837.0,2026-05-31T20:30:42Z,16,Donnée validée,0,Mesurée,20,Bonne,7.384986107,48.102530621,HIXnJ
A1610030,A161003001,2024-06-05,1718.0,2026-05-31T20:30:42Z,16,Donnée validée,0,Mesurée,20,Bonne,7.384986107,48.102530621,HIXnJ
A1610030,A161003001,2024-06-06,1616.0,2026-05-31T20:30:42Z,16,Donnée validée,8,Calculée,20,Bonne,7.384986107,48.102530621,HIXnJ
A1610030,A161003001,2024-06-07,1545.0,2026-05-31T20:30:42Z,16,Donnée validée,0,Mesurée,20,Bonne,7.384986107,48.102530621,HIXnJ
A1610030,A161003001,2024-06-08,1516.0,2026-05-31T20:30:42Z,16,Donnée validée,8,Calculée,20,Bonne,7.384986107,48.102530621,HIXnJ
A1610030,A161003001,2024-06-09,1541.0,2026-05-31T20:30:42Z,16,Donnée validée,0,Mesurée,20,Bonne,7.384986107,48.102530621,HIXnJ
A1610030,A161003001,2024-06-10,1531.0,2026-05-31T20:30:42Z,16,Donnée validée,0,Mesurée,20,Bonne,7.384986107,48.102530621,HIXnJ
A1610030,A161003001,2024-06-11,1483.0,2026-05-31T20:30:42Z,16,Donnée validée,0,Mesurée,20,Bonne,7.384986107,48.102530621,HIXnJ
A1610030,A161003001,2024-06-12,1455.0,2026-05-31T20:30:42Z,16,Donnée validée,0,Mesurée,20,Bonne,7.384986107,48.102530621,HIXnJ
A1610030,A161003001,2024-06-13,1434.0,2026-05-31T20:30:42Z,16,Donnée validée,0,Mesurée,20,Bonne,7.384986107,48.102530621,HIXnJ
A1610030,A161003001,2024-06-14,1407.0,2026-05-31T20:30:42Z,16,Donnée validée,0,Mesurée,20,Bonne,7.384986107,48.102530621,HIXnJ
A1610030,A161003001,2024-06-15,1611.0,2026-05-31T20:30:42Z,16,Donnée validée,0,Mesurée,20,Bonne,7.384986107,48.102530621,HIXnJ
A1610030,A161003001,2024-06-16,1609.0,2026-05-31T20:30:42Z,16,Donnée validée,8,Calculée,20,Bonne,7.384986107,48.102530621,HIXnJ
A1610030,A161003001,2024-06-17,1476.0,2026-05-31T20:30:42Z,16,Donnée validée,8,Calculée,20,Bonne,7.384986107,48.102530621,HIXnJ
A1610030,A161003001,2024-06-18,1434.0,2026-05-31T20:30:42Z,16,Donnée validée,0,Mesurée,20,Bonne,7.384986107,48.102530621,HIXnJ
A1610030,A161003001,2024-06-19,1433.0,2026-05-31T20:30:42Z,16,Donnée validée,0,Mesurée,20,Bonne,7.384986107,48.102530621,HIXnJ
A1610030,A161003001,2024-06-20,1407.0,2026-05-31T20:30:42Z,16,Donnée validée,0,Mesurée,20,Bonne,7.384986107,48.102530621,HIXnJ
A1610030,A161003001,2024-06-21,1381.0,2026-05-31T20:30:42Z,16,Donnée validée,0,Mesurée,20,Bonne,7.384986107,48.102530621,HIXnJ
A1610030,A161003001,2024-06-22,1437.0,2026-05-31T20:30:42Z,16,Donnée validée,0,Mesurée,20,Bonne,7.384986107,48.102530621,HIXnJ
A1610030,A161003001,2024-06-23,1420.0,2026-05-31T20:30:42Z,16,Donnée validée,0,Mesurée,20,Bonne,7.384986107,48.102530621,HIXnJ
A1610030,A161003001,2024-06-24,1412.0,2026-05-31T20:30:42Z,16,Donnée validée,0,Mesurée,20,Bonne,7.384986107,48.102530621,HIXnJ
A1610030,A161003001,2024-06-25,1374.0,2026-05-31T20:30:42Z,16,Donnée validée,0,Mesurée,20,Bonne,7.384986107,48.102530621,HIXnJ
A1610030,A161003001,2024-06-26,1324.0,2026-05-31T20:30:42Z,16,Donnée validée,0,Mesurée,20,Bonne,7.384986107,48.102530621,HIXnJ
A1610030,A161003001,2024-06-27,1447.0,2026-05-31T20:30:42Z,16,Donnée validée,0,Mesurée,20,Bonne,7.384986107,48.102530621,HIXnJ
A1610030,A161003001,2024-06-28,1417.0,2026-05-31T20:30:42Z,16,Donnée validée,0,Mesurée,20,Bonne,7.384986107,48.102530621,HIXnJ
A1610030,A161003001,2024-06-29,1421.0,2026-05-31T20:30:42Z,16,Donnée validée,0,Mesurée,20,Bonne,7.384986107,48.102530621,HIXnJ
A1610030,A161003001,2024-06-30,1398.0,2026-05-31T20:30:42Z,16,Donnée validée,0,Mesurée,20,Bonne,7.384986107,48.102530621,HIXnJ
A1610030,A161003001,2024-07-01,1396.0,2026-05-31T20:30:42Z,16,Donnée validée,8,Calculée,20,Bonne,7.384986107,48.102530621,HIXnJ
A1610030,A161003001,2024-07-02,1380.0,2026-05-31T20:30:42Z,16,Donnée validée,0,Mesurée,20,Bonne,7.384986107,48.102530621,HIXnJ
A1610030,A161003001,2024-07-03,1380.0,2026-05-31T20:30:42Z,16,Donnée validée,0,Mesurée,20,Bonne,7.384986107,48.102530621,HIXnJ
A1610030,A161003001,2024-07-04,1389.0,2026-05-31T20:30:42Z,16,Donnée validée,0,Mesurée,20,Bonne,7.384986107,48.102530621,HIXnJ
A1610030,A161003001,2024-07-05,1386.0,2026-05-31T20:30:42Z,16,Donnée validée,0,Mesurée,20,Bonne,7.384986107,48.102530621,HIXnJ
A1610030,A161003001,2024-07-06,1380.0,2026-05-31T20:30:42Z,16,Donnée validée,0,Mesurée,20,Bonne,7.384986107,48.102530621,HIXnJ
A1610030,A161003001,2024-07-07,1539.0,2026-05-31T20:30:42Z,16,Donnée validée,0,Mesurée,20,Bonne,7.384986107,48.102530621,HIXnJ
A1610030,A161003001,2024-07-08,1510.0,2026-05-31T20:30:42Z,16,Donnée validée,8,Calculée,20,Bonne,7.384986107,48.102530621,HIXnJ
A1610030,A161003001,2024-07-09,1439.0,2026-05-31T20:30:42Z,16,Donnée validée,0,Mesurée,20,Bonne,7.384986107,48.102530621,HIXnJ
A1610030,A161003001,2024-07-10,1381.0,2026-05-31T20:30:42Z,16,Donnée validée,0,Mesurée,20,Bonne,7.384986107,48.102530621,HIXnJ
A1610030,A161003001,2024-07-11,1358.0,2026-05-31T20:30:42Z,16,Donnée validée,0,Mesurée,20,Bonne,7.384986107,48.102530621,HIXnJ
A1610030,A161003001,2024-07-12,1339.0,2026-05-31T20:30:42Z,16,Donnée validée,8,Calculée,20,Bonne,7.384986107,48.102530621,HIXnJ
A1610030,A161003001,2024-07-13,1398.0,2026-05-31T20:30:42Z,16,Donnée validée,0,Mesurée,20,Bonne,7.384986107,48.102530621,HIXnJ
A1610030,A161003001,2024-07-14,1379.0,2026-05-31T20:30:42Z,16,Donnée validée,0,Mesurée,20,Bonne,7.384986107,48.102530621,HIXnJ
A1610030,A161003001,2024-07-15,1321.0,2026-05-31T20:30:42Z,16,Donnée validée,0,Mesurée,20,Bonne,7.384986107,48.102530621,HIXnJ
A1610030,A161003001,2024-07-16,1438.0,2026-05-31T20:30:42Z,16,Donnée validée,0,Mesurée,20,Bonne,7.384986107,48.102530621,HIXnJ
A1610030,A161003001,2024-07-17,1347.0,2026-05-31T20:30:42Z,16,Donnée validée,8,Calculée,20,Bonne,7.384986107,48.102530621,HIXnJ
A1610030,A161003001,2024-07-18,1272.0,2026-05-31T20:30:42Z,16,Donnée validée,0,Mesurée,20,Bonne,7.384986107,48.102530621,HIXnJ
A1610030,A161003001,2024-07-19,1241.0,2026-05-31T20:30:42Z,16,Donnée validée,0,Mesurée,20,Bonne,7.384986107,48.102530621,HIXnJ
A1610030,A161003001,2024-07-20,1219.0,2026-05-31T20:30:42Z,16,Donnée validée,0,Mesurée,20,Bonne,7.384986107,48.102530621,HIXnJ
A1610030,A161003001,2024-07-21,1206.0,2026-05-31T20:30:42Z,16,Donnée validée,0,Mesurée,20,Bonne,7.384986107,48.102530621,HIXnJ
A1610030,A161003001,2024-07-22,1222.0,2026-05-31T20:30:42Z,16,Donnée validée,0,Mesurée,20,Bonne,7.384986107,48.102530621,HIXnJ
A1610030,A161003001,2024-07-23,1206.0,2026-05-31T20:30:42Z,16,Donnée validée,0,Mesurée,20,Bonne,7.384986107,48.102530621,HIXnJ
A1610030,A161003001,2024-07-24,1200.0,2026-05-31T20:30:42Z,16,Donnée validée,0,Mesurée,20,Bonne,7.384986107,48.102530621,HIXnJ
A1610030,A161003001,2024-07-25,1230.0,2026-05-31T20:30:42Z,16,Donnée validée,0,Mesurée,20,Bonne,7.384986107,48.102530621,HIXnJ
A1610030,A161003001,2024-07-26,1228.0,2026-05-31T20:30:42Z,16,Donnée validée,0,Mesurée,20,Bonne,7.384986107,48.102530621,HIXnJ
A1610030,A161003001,2024-07-27,1225.0,2026-05-31T20:30:42Z,16,Donnée validée,0,Mesurée,20,Bonne,7.384986107,48.102530621,HIXnJ
A1610030,A161003001,2024-07-28,1241.0,2026-05-31T20:30:42Z,16,Donnée validée,0,Mesurée,20,Bonne,7.384986107,48.102530621,HIXnJ
A1610030,A161003001,2024-07-29,1240.0,2026-05-31T20:30:42Z,16,Donnée validée,0,Mesurée,20,Bonne,7.384986107,48.102530621,HIXnJ
A1610030,A161003001,2024-07-30,1231.0,2026-05-31T20:30:42Z,16,Donnée validée,0,Mesurée,20,Bonne,7.384986107,48.102530621,HIXnJ
A1610030,A161003001,2024-07-31,1237.0,2026-05-31T20:30:42Z,16,Donnée validée,8,Calculée,20,Bonne,7.384986107,48.102530621,HIXnJ
A1610030,A161003001,2024-08-01,1384.0,2026-05-31T20:30:42Z,16,Donnée validée,0,Mesurée,20,Bonne,7.384986107,48.102530621,HIXnJ
A1610030,A161003001,2024-08-02,1721.0,2026-05-31T20:30:42Z,16,Donnée validée,0,Mesurée,20,Bonne,7.384986107,48.102530621,HIXnJ
A1610030,A161003001,2024-08-03,1429.0,2026-05-31T20:30:42Z,16,Donnée validée,8,Calculée,20,Bonne,7.384986107,48.102530621,HIXnJ
A1610030,A161003001,2024-08-04,1320.0,2026-05-31T20:30:42Z,16,Donnée validée,8,Calculée,20,Bonne,7.384986107,48.102530621,HIXnJ
A1610030,A161003001,2024-08-05,1296.0,2026-05-31T20:30:42Z,16,Donnée validée,0,Mesurée,20,Bonne,7.384986107,48.102530621,HIXnJ
A1610030,A161003001,2024-08-06,1289.0,2026-05-31T20:30:42Z,16,Donnée validée,0,Mesurée,20,Bonne,7.384986107,48.102530621,HIXnJ
A1610030,A161003001,2024-08-07,1316.0,2026-05-31T20:30:42Z,16,Donnée validée,0,Mesurée,20,Bonne,7.384986107,48.102530621,HIXnJ
A1610030,A161003001,2024-08-08,1309.0,2026-05-31T20:30:42Z,16,Donnée validée,0,Mesurée,20,Bonne,7.384986107,48.102530621,HIXnJ
A1610030,A161003001,2024-08-09,1287.0,2026-05-31T20:30:42Z,16,Donnée validée,0,Mesurée,20,Bonne,7.384986107,48.102530621,HIXnJ
A1610030,A161003001,2024-08-10,1267.0,2026-05-31T20:30:42Z,16,Donnée validée,0,Mesurée,20,Bonne,7.384986107,48.102530621,HIXnJ
A1610030,A161003001,2024-08-11,1256.0,2026-05-31T20:30:42Z,16,Donnée validée,0,Mesurée,20,Bonne,7.384986107,48.102530621,HIXnJ
A1610030,A161003001,2024-08-12,1257.0,2026-05-31T20:30:42Z,16,Donnée validée,0,Mesurée,20,Bonne,7.384986107,48.102530621,HIXnJ
A1610030,A161003001,2024-08-13,1305.0,2026-05-31T20:30:42Z,16,Donnée validée,0,Mesurée,20,Bonne,7.384986107,48.102530621,HIXnJ
A1610030,A161003001,2024-08-14,1297.0,2026-05-31T20:30:42Z,16,Donnée validée,0,Mesurée,20,Bonne,7.384986107,48.102530621,HIXnJ
A1610030,A161003001,2024-08-15,1295.0,2026-05-31T20:30:42Z,16,Donnée validée,0,Mesurée,20,Bonne,7.384986107,48.102530621,HIXnJ
A1610030,A161003001,2024-08-16,1340.0,2026-05-31T20:30:42Z,16,Donnée validée,0,Mesurée,20,Bonne,7.384986107,48.102530621,HIXnJ
A1610030,A161003001,2024-08-17,1266.0,2026-05-31T20:30:42Z,16,Donnée validée,0,Mesurée,20,Bonne,7.384986107,48.102530621,HIXnJ
A1610030,A161003001,2024-08-18,1388.0,2026-05-31T20:30:42Z,16,Donnée validée,0,Mesurée,20,Bonne,7.384986107,48.102530621,HIXnJ
A1610030,A161003001,2024-08-19,1296.0,2026-05-31T20:30:42Z,16,Donnée validée,0,Mesurée,20,Bonne,7.384986107,48.102530621,HIXnJ
A1610030,A161003001,2024-08-20,1278.0,2026-05-31T20:30:42Z,16,Donnée validée,0,Mesurée,20,Bonne,7.384986107,48.102530621,HIXnJ
A1610030,A161003001,2024-08-21,1268.0,2026-05-31T20:30:42Z,16,Donnée validée,0,Mesurée,20,Bonne,7.384986107,48.102530621,HIXnJ
A1610030,A161003001,2024-08-22,1263.0,2026-05-31T20:30:42Z,16,Donnée validée,0,Mesurée,20,Bonne,7.384986107,48.102530621,HIXnJ
A1610030,A161003001,2024-08-23,1257.0,2026-05-31T20:30:42Z,16,Donnée validée,0,Mesurée,20,Bonne,7.384986107,48.102530621,HIXnJ
A1610030,A161003001,2024-08-24,1255.0,2026-05-31T20:30:42Z,16,Donnée validée,0,Mesurée,20,Bonne,7.384986107,48.102530621,HIXnJ
A1610030,A161003001,2024-08-25,1368.0,2026-05-31T20:30:42Z,16,Donnée validée,0,Mesurée,20,Bonne,7.384986107,48.102530621,HIXnJ
A1610030,A161003001,2024-08-26,1322.0,2026-05-31T20:30:42Z,16,Donnée validée,0,Mesurée,20,Bonne,7.384986107,48.102530621,HIXnJ
A1610030,A161003001,2024-08-27,1282.0,2026-05-31T20:30:42Z,16,Donnée validée,0,Mesurée,20,Bonne,7.384986107,48.102530621,HIXnJ
A1610030,A161003001,2024-08-28,1275.0,2026-05-31T20:30:42Z,16,Donnée validée,0,Mesurée,20,Bonne,7.384986107,48.102530621,HIXnJ
A1610030,A161003001,2024-08-29,1267.0,2026-05-31T20:30:42Z,16,Donnée validée,0,Mesurée,20,Bonne,7.384986107,48.102530621,HIXnJ
A1610030,A161003001,2024-08-30,1267.0,2026-05-31T20:30:42Z,16,Donnée validée,0,Mesurée,20,Bonne,7.384986107,48.102530621,HIXnJ
A1610030,A161003001,2024-08-31,1266.0,2026-05-31T20:30:42Z,16,Donnée validée,0,Mesurée,20,Bonne,7.384986107,48.102530621,HIXnJ
A1610030,A161003001,2024-09-01,1270.0,2026-05-31T20:30:42Z,16,Donnée validée,0,Mesurée,20,Bonne,7.384986107,48.102530621,HIXnJ
A1610030,A161003001,2024-09-02,1444.0,2026-05-31T20:30:42Z,16,Donnée validée,0,Mesurée,20,Bonne,7.384986107,48.102530621,HIXnJ
A1610030,A161003001,2024-09-03,1384.0,2026-05-31T20:30:42Z,16,Donnée validée,8,Calculée,20,Bonne,7.384986107,48.102530621,HIXnJ
A1610030,A161003001,2024-09-04,1354.0,2026-05-31T20:30:42Z,16,Donnée validée,0,Mesurée,20,Bonne,7.384986107,48.102530621,HIXnJ
A1610030,A161003001,2024-09-05,1526.0,2026-05-31T20:30:42Z,16,Donnée validée,0,Mesurée,20,Bonne,7.384986107,48.102530621,HIXnJ
A1610030,A161003001,2024-09-06,1431.0,2026-05-31T20:30:42Z,16,Donnée validée,0,Mesurée,20,Bonne,7.384986107,48.102530621,HIXnJ
A1610030,A161003001,2024-09-07,1366.0,2026-05-31T20:30:42Z,16,Donnée validée,0,Mesurée,20,Bonne,7.384986107,48.102530621,HIXnJ
A1610030,A161003001,2024-09-08,1382.0,2026-05-31T20:30:42Z,16,Donnée validée,0,Mesurée,20,Bonne,7.384986107,48.102530621,HIXnJ
A1610030,A161003001,2024-09-09,1375.0,2026-05-31T20:30:42Z,16,Donnée validée,8,Calculée,20,Bonne,7.384986107,48.102530621,HIXnJ
A1610030,A161003001,2024-09-10,1502.0,2026-05-31T20:30:42Z,16,Donnée validée,0,Mesurée,20,Bonne,7.384986107,48.102530621,HIXnJ
A1610030,A161003001,2024-09-11,1484.0,2026-05-31T20:30:42Z,16,Donnée validée,0,Mesurée,20,Bonne,7.384986107,48.102530621,HIXnJ
A1610030,A161003001,2024-09-12,1520.0,2026-05-31T20:30:42Z,16,Donnée validée,0,Mesurée,20,Bonne,7.384986107,48.102530621,HIXnJ
A1610030,A161003001,2024-09-13,1471.0,2026-05-31T20:30:42Z,16,Donnée validée,8,Calculée,20,Bonne,7.384986107,48.102530621,HIXnJ
A1610030,A161003001,2024-09-14,1443.0,2026-05-31T20:30:42Z,16,Donnée validée,0,Mesurée,20,Bonne,7.384986107,48.102530621,HIXnJ
A1610030,A161003001,2024-09-15,1417.0,2026-05-31T20:30:42Z,16,Donnée validée,0,Mesurée,20,Bonne,7.384986107,48.102530621,HIXnJ
A1610030,A161003001,2024-09-16,1412.0,2026-05-31T20:30:42Z,16,Donnée validée,0,Mesurée,20,Bonne,7.384986107,48.102530621,HIXnJ
A1610030,A161003001,2024-09-17,1391.0,2026-05-31T20:30:42Z,16,Donnée validée,0,Mesurée,20,Bonne,7.384986107,48.102530621,HIXnJ
A1610030,A161003001,2024-09-18,1351.0,2026-05-31T20:30:42Z,16,Donnée validée,8,Calculée,20,Bonne,7.384986107,48.102530621,HIXnJ
A1610030,A161003001,2024-09-19,1326.0,2026-05-31T20:30:42Z,16,Donnée validée,0,Mesurée,20,Bonne,7.384986107,48.102530621,HIXnJ
A1610030,A161003001,2024-09-20,1311.0,2026-05-31T20:30:42Z,16,Donnée validée,0,Mesurée,20,Bonne,7.384986107,48.102530621,HIXnJ
A1610030,A161003001,2024-09-21,1300.0,2026-05-31T20:30:42Z,16,Donnée validée,8,Calculée,20,Bonne,7.384986107,48.102530621,HIXnJ
A1610030,A161003001,2024-09-22,1292.0,2026-05-31T20:30:42Z,16,Donnée validée,0,Mesurée,20,Bonne,7.384986107,48.102530621,HIXnJ
A1610030,A161003001,2024-09-23,1326.0,2026-05-31T20:30:42Z,16,Donnée validée,0,Mesurée,20,Bonne,7.384986107,48.102530621,HIXnJ
A1610030,A161003001,2024-09-24,1306.0,2026-05-31T20:30:42Z,16,Donnée validée,0,Mesurée,20,Bonne,7.384986107,48.102530621,HIXnJ
A1610030,A161003001,2024-09-25,1292.0,2026-05-31T20:30:42Z,16,Donnée validée,8,Calculée,20,Bonne,7.384986107,48.102530621,HIXnJ
A1610030,A161003001,2024-09-26,1747.0,2026-05-31T20:30:42Z,16,Donnée validée,0,Mesurée,20,Bonne,7.384986107,48.102530621,HIXnJ
A1610030,A161003001,2024-09-27,2155.0,2026-05-31T20:30:42Z,16,Donnée validée,0,Mesurée,20,Bonne,7.384986107,48.102530621,HIXnJ
A1610030,A161003001,2024-09-28,2148.0,2026-05-31T20:30:42Z,16,Donnée validée,0,Mesurée,20,Bonne,7.384986107,48.102530621,HIXnJ
A1610030,A161003001,2024-09-29,1926.0,2026-05-31T20:30:42Z,16,Donnée validée,0,Mesurée,20,Bonne,7.384986107,48.102530621,HIXnJ
A1610030,A161003001,2024-09-30,1785.0,2026-05-31T20:30:42Z,16,Donnée validée,0,Mesurée,20,Bonne,7.384986107,48.102530621,HIXnJ
A1610030,A161003001,2024-10-01,1685.0,2026-05-31T20:30:42Z,16,Donnée validée,0,Mesurée,20,Bonne,7.384986107,48.102530621,HIXnJ
A1610030,A161003001,2024-10-02,2486.0,2026-05-31T20:30:42Z,16,Donnée validée,0,Mesurée,20,Bonne,7.384986107,48.102530621,HIXnJ
A1610030,A161003001,2024-10-03,2407.0,2026-05-31T20:30:42Z,16,Donnée validée,0,Mesurée,20,Bonne,7.384986107,48.102530621,HIXnJ
A1610030,A161003001,2024-10-04,1830.0,2026-05-31T20:30:42Z,16,Donnée validée,0,Mesurée,20,Bonne,7.384986107,48.102530621,HIXnJ
A1610030,A161003001,2024-10-05,1675.0,2026-05-31T20:30:42Z,16,Donnée validée,8,Calculée,20,Bonne,7.384986107,48.102530621,HIXnJ
A1610030,A161003001,2024-10-06,1591.0,2026-05-31T20:30:42Z,16,Donnée validée,0,Mesurée,20,Bonne,7.384986107,48.102530621,HIXnJ
A1610030,A161003001,2024-10-07,1737.0,2026-05-31T20:30:42Z,16,Donnée validée,0,Mesurée,20,Bonne,7.384986107,48.102530621,HIXnJ
A1610030,A161003001,2024-10-08,2737.0,2026-05-31T20:30:42Z,16,Donnée validée,0,Mesurée,20,Bonne,7.384986107,48.102530621,HIXnJ
A1610030,A161003001,2024-10-09,2728.0,2026-05-31T20:30:42Z,16,Donnée validée,0,Mesurée,20,Bonne,7.384986107,48.102530621,HIXnJ
A1610030,A161003001,2024-10-10,2357.0,2026-05-31T20:30:42Z,16,Donnée validée,10,Expertisée,20,Bonne,7.384986107,48.102530621,HIXnJ
A1610030,A161003001,2024-10-11,2224.0,2026-05-31T20:30:42Z,16,Donnée validée,10,Expertisée,20,Bonne,7.384986107,48.102530621,HIXnJ
A1610030,A161003001,2024-10-12,2121.0,2026-05-31T20:30:42Z,16,Donnée validée,10,Expertisée,20,Bonne,7.384986107,48.102530621,HIXnJ
A1610030,A161003001,2024-10-13,1957.0,2026-05-31T20:30:42Z,16,Donnée validée,10,Expertisée,20,Bonne,7.384986107,48.102530621,HIXnJ
A1610030,A161003001,2024-10-14,1927.0,2026-05-31T20:30:42Z,16,Donnée validée,10,Expertisée,20,Bonne,7.384986107,48.102530621,HIXnJ
A1610030,A161003001,2024-10-15,1766.0,2026-05-31T20:30:42Z,16,Donnée validée,10,Expertisée,20,Bonne,7.384986107,48.102530621,HIXnJ
A1610030,A161003001,2024-10-16,1724.0,2026-05-31T20:30:42Z,16,Donnée validée,10,Expertisée,20,Bonne,7.384986107,48.102530621,HIXnJ
A1610030,A161003001,2024-10-17,1683.0,2026-05-31T20:30:42Z,16,Donnée validée,10,Expertisée,20,Bonne,7.384986107,48.102530621,HIXnJ
A1610030,A161003001,2024-10-18,1614.0,2026-05-31T20:30:42Z,16,Donnée validée,8,Calculée,20,Bonne,7.384986107,48.102530621,HIXnJ
A1610030,A161003001,2024-10-19,1538.0,2026-05-31T20:30:42Z,16,Donnée validée,8,Calculée,20,Bonne,7.384986107,48.102530621,HIXnJ
A1610030,A161003001,2024-10-20,1486.0,2026-05-31T20:30:42Z,16,Donnée validée,8,Calculée,20,Bonne,7.384986107,48.102530621,HIXnJ
A1610030,A161003001,2024-10-21,1444.0,2026-05-31T20:30:42Z,16,Donnée validée,0,Mesurée,20,Bonne,7.384986107,48.102530621,HIXnJ
A1610030,A161003001,2024-10-22,1417.0,2026-05-31T20:30:42Z,16,Donnée validée,8,Calculée,20,Bonne,7.384986107,48.102530621,HIXnJ
A1610030,A161003001,2024-10-23,1396.0,2026-05-31T20:30:42Z,16,Donnée validée,8,Calculée,20,Bonne,7.384986107,48.102530621,HIXnJ
A1610030,A161003001,2024-10-24,1383.0,2026-05-31T20:30:42Z,16,Donnée validée,0,Mesurée,20,Bonne,7.384986107,48.102530621,HIXnJ
A1610030,A161003001,2024-10-25,1382.0,2026-05-31T20:30:42Z,16,Donnée validée,0,Mesurée,20,Bonne,7.384986107,48.102530621,HIXnJ
A1610030,A161003001,2024-10-26,1378.0,2026-05-31T20:30:42Z,16,Donnée validée,8,Calculée,20,Bonne,7.384986107,48.102530621,HIXnJ
A1610030,A161003001,2024-10-27,1351.0,2026-05-31T20:30:42Z,16,Donnée validée,8,Calculée,20,Bonne,7.384986107,48.102530621,HIXnJ
A1610030,A161003001,2024-10-28,1337.0,2026-05-31T20:30:42Z,16,Donnée validée,8,Calculée,20,Bonne,7.384986107,48.102530621,HIXnJ
A1610030,A161003001,2024-10-29,1323.0,2026-05-31T20:30:42Z,16,Donnée validée,0,Mesurée,20,Bonne,7.384986107,48.102530621,HIXnJ
A1610030,A161003001,2024-10-30,1295.0,2026-05-31T20:30:42Z,16,Donnée validée,0,Mesurée,20,Bonne,7.384986107,48.102530621,HIXnJ
A1610030,A161003001,2024-10-31,1282.0,2026-05-31T20:30:42Z,16,Donnée validée,0,Mesurée,20,Bonne,7.384986107,48.102530621,HIXnJ
A1610030,A161003001,2024-11-01,1283.0,2026-05-31T20:30:42Z,16,Donnée validée,0,Mesurée,20,Bonne,7.384986107,48.102530621,HIXnJ
A1610030,A161003001,2024-11-02,1271.0,2026-05-31T20:30:42Z,16,Donnée validée,0,Mesurée,20,Bonne,7.384986107,48.102530621,HIXnJ
A1610030,A161003001,2024-11-03,1258.0,2026-05-31T20:30:42Z,16,Donnée validée,0,Mesurée,20,Bonne,7.384986107,48.102530621,HIXnJ
A1610030,A161003001,2024-11-04,1254.0,2026-05-31T20:30:42Z,16,Donnée validée,0,Mesurée,20,Bonne,7.384986107,48.102530621,HIXnJ
A1610030,A161003001,2024-11-05,1265.0,2026-05-31T20:30:42Z,16,Donnée validée,0,Mesurée,20,Bonne,7.384986107,48.102530621,HIXnJ
A1610030,A161003001,2024-11-06,1253.0,2026-05-31T20:30:42Z,16,Donnée validée,0,Mesurée,20,Bonne,7.384986107,48.102530621,HIXnJ
A1610030,A161003001,2024-11-07,1248.0,2026-05-31T20:30:42Z,16,Donnée validée,0,Mesurée,20,Bonne,7.384986107,48.102530621,HIXnJ
A1610030,A161003001,2024-11-08,1260.0,2026-05-31T20:30:42Z,16,Donnée validée,0,Mesurée,20,Bonne,7.384986107,48.102530621,HIXnJ
A1610030,A161003001,2024-11-09,1234.0,2026-05-31T20:30:42Z,16,Donnée validée,0,Mesurée,20,Bonne,7.384986107,48.102530621,HIXnJ
A1610030,A161003001,2024-11-10,1229.0,2026-05-31T20:30:42Z,16,Donnée validée,0,Mesurée,20,Bonne,7.384986107,48.102530621,HIXnJ
A1610030,A161003001,2024-11-11,1227.0,2026-05-31T20:30:42Z,16,Donnée validée,0,Mesurée,20,Bonne,7.384986107,48.102530621,HIXnJ
A1610030,A161003001,2024-11-12,1230.0,2026-05-31T20:30:42Z,16,Donnée validée,0,Mesurée,20,Bonne,7.384986107,48.102530621,HIXnJ
A1610030,A161003001,2024-11-13,1245.0,2026-05-31T20:30:42Z,16,Donnée validée,0,Mesurée,20,Bonne,7.384986107,48.102530621,HIXnJ
A1610030,A161003001,2024-11-14,1218.0,2026-05-31T20:30:42Z,16,Donnée validée,0,Mesurée,20,Bonne,7.384986107,48.102530621,HIXnJ
A1610030,A161003001,2024-11-15,1217.0,2026-05-31T20:30:42Z,16,Donnée validée,0,Mesurée,20,Bonne,7.384986107,48.102530621,HIXnJ
A1610030,A161003001,2024-11-16,1205.0,2026-05-31T20:30:42Z,16,Donnée validée,0,Mesurée,20,Bonne,7.384986107,48.102530621,HIXnJ
A1610030,A161003001,2024-11-17,1205.0,2026-05-31T20:30:42Z,16,Donnée validée,0,Mesurée,20,Bonne,7.384986107,48.102530621,HIXnJ
A1610030,A161003001,2024-11-18,1205.0,2026-05-31T20:30:42Z,16,Donnée validée,0,Mesurée,20,Bonne,7.384986107,48.102530621,HIXnJ
A1610030,A161003001,2024-11-19,1321.0,2026-05-31T20:30:42Z,16,Donnée validée,0,Mesurée,20,Bonne,7.384986107,48.102530621,HIXnJ
A1610030,A161003001,2024-11-20,2306.0,2026-05-31T20:30:42Z,16,Donnée validée,0,Mesurée,20,Bonne,7.384986107,48.102530621,HIXnJ
A1610030,A161003001,2024-11-21,2241.0,2026-05-31T20:30:42Z,16,Donnée validée,0,Mesurée,20,Bonne,7.384986107,48.102530621,HIXnJ
A1610030,A161003001,2024-11-22,1789.0,2026-05-31T20:30:42Z,16,Donnée validée,0,Mesurée,20,Bonne,7.384986107,48.102530621,HIXnJ
A1610030,A161003001,2024-11-23,1647.0,2026-05-31T20:30:42Z,16,Donnée validée,0,Mesurée,20,Bonne,7.384986107,48.102530621,HIXnJ
A1610030,A161003001,2024-11-24,1664.0,2026-05-31T20:30:42Z,16,Donnée validée,0,Mesurée,20,Bonne,7.384986107,48.102530621,HIXnJ
A1610030,A161003001,2024-11-25,1830.0,2026-05-31T20:30:42Z,16,Donnée validée,0,Mesurée,20,Bonne,7.384986107,48.102530621,HIXnJ
A1610030,A161003001,2024-11-26,2300.0,2026-05-31T20:30:42Z,16,Donnée validée,0,Mesurée,20,Bonne,7.384986107,48.102530621,HIXnJ
A1610030,A161003001,2024-11-27,2272.0,2026-05-31T20:30:42Z,16,Donnée validée,0,Mesurée,20,Bonne,7.384986107,48.102530621,HIXnJ
A1610030,A161003001,2024-11-28,2027.0,2026-05-31T20:30:42Z,16,Donnée validée,0,Mesurée,20,Bonne,7.384986107,48.102530621,HIXnJ
A1610030,A161003001,2024-11-29,2201.0,2026-05-31T20:30:42Z,16,Donnée validée,0,Mesurée,20,Bonne,7.384986107,48.102530621,HIXnJ
A1610030,A161003001,2024-11-30,2015.0,2026-05-31T20:30:42Z,16,Donnée validée,0,Mesurée,20,Bonne,7.384986107,48.102530621,HIXnJ
A1610030,A161003001,2024-12-01,1790.0,2026-05-31T20:30:42Z,16,Donnée validée,0,Mesurée,20,Bonne,7.384986107,48.102530621,HIXnJ
A1610030,A161003001,2024-12-02,1691.0,2026-05-31T20:30:42Z,16,Donnée validée,0,Mesurée,20,Bonne,7.384986107,48.102530621,HIXnJ
A1610030,A161003001,2024-12-03,1852.0,2026-05-31T20:30:42Z,16,Donnée validée,0,Mesurée,20,Bonne,7.384986107,48.102530621,HIXnJ
A1610030,A161003001,2024-12-04,1821.0,2026-05-31T20:30:42Z,16,Donnée validée,0,Mesurée,20,Bonne,7.384986107,48.102530621,HIXnJ
A1610030,A161003001,2024-12-05,1665.0,2026-05-31T20:30:42Z,16,Donnée validée,0,Mesurée,20,Bonne,7.384986107,48.102530621,HIXnJ
A1610030,A161003001,2024-12-06,2221.0,2026-05-31T20:30:42Z,16,Donnée validée,0,Mesurée,20,Bonne,7.384986107,48.102530621,HIXnJ
A1610030,A161003001,2024-12-07,2228.0,2026-05-31T20:30:42Z,16,Donnée validée,0,Mesurée,20,Bonne,7.384986107,48.102530621,HIXnJ
A1610030,A161003001,2024-12-08,2351.0,2026-05-31T20:30:42Z,16,Donnée validée,0,Mesurée,20,Bonne,7.384986107,48.102530621,HIXnJ
A1610030,A161003001,2024-12-09,2205.0,2026-05-31T20:30:42Z,16,Donnée validée,0,Mesurée,20,Bonne,7.384986107,48.102530621,HIXnJ
A1610030,A161003001,2024-12-10,1935.0,2026-05-31T20:30:42Z,16,Donnée validée,0,Mesurée,20,Bonne,7.384986107,48.102530621,HIXnJ
A1610030,A161003001,2024-12-11,1787.0,2026-05-31T20:30:42Z,16,Donnée validée,0,Mesurée,20,Bonne,7.384986107,48.102530621,HIXnJ
A1610030,A161003001,2024-12-12,1687.0,2026-05-31T20:30:42Z,16,Donnée validée,0,Mesurée,20,Bonne,7.384986107,48.102530621,HIXnJ
A1610030,A161003001,2024-12-13,1615.0,2026-05-31T20:30:42Z,16,Donnée validée,0,Mesurée,20,Bonne,7.384986107,48.102530621,HIXnJ
A1610030,A161003001,2024-12-14,1557.0,2026-05-31T20:30:42Z,16,Donnée validée,0,Mesurée,20,Bonne,7.384986107,48.102530621,HIXnJ
A1610030,A161003001,2024-12-15,1528.0,2026-05-31T20:30:42Z,16,Donnée validée,0,Mesurée,20,Bonne,7.384986107,48.102530621,HIXnJ
A1610030,A161003001,2024-12-16,1499.0,2026-05-31T20:30:42Z,16,Donnée validée,0,Mesurée,20,Bonne,7.384986107,48.102530621,HIXnJ
A1610030,A161003001,2024-12-17,1465.0,2026-05-31T20:30:42Z,16,Donnée validée,0,Mesurée,20,Bonne,7.384986107,48.102530621,HIXnJ
A1610030,A161003001,2024-12-18,1462.0,2026-05-31T20:30:42Z,16,Donnée validée,0,Mesurée,20,Bonne,7.384986107,48.102530621,HIXnJ
A1610030,A161003001,2024-12-19,1491.0,2026-05-31T20:30:42Z,16,Donnée validée,0,Mesurée,20,Bonne,7.384986107,48.102530621,HIXnJ
A1610030,A161003001,2024-12-20,1619.0,2026-05-31T20:30:42Z,16,Donnée validée,0,Mesurée,20,Bonne,7.384986107,48.102530621,HIXnJ
A1610030,A161003001,2024-12-21,1610.0,2026-05-31T20:30:42Z,16,Donnée validée,0,Mesurée,20,Bonne,7.384986107,48.102530621,HIXnJ
A1610030,A161003001,2024-12-22,2747.0,2026-05-31T20:30:42Z,16,Donnée validée,0,Mesurée,20,Bonne,7.384986107,48.102530621,HIXnJ
A1610030,A161003001,2024-12-23,2856.0,2026-05-31T20:30:42Z,16,Donnée validée,0,Mesurée,20,Bonne,7.384986107,48.102530621,HIXnJ
A1610030,A161003001,2024-12-24,2734.0,2026-05-31T20:30:42Z,16,Donnée validée,0,Mesurée,20,Bonne,7.384986107,48.102530621,HIXnJ
A1610030,A161003001,2024-12-25,2324.0,2026-05-31T20:30:42Z,16,Donnée validée,0,Mesurée,20,Bonne,7.384986107,48.102530621,HIXnJ
A1610030,A161003001,2024-12-26,1984.0,2026-05-31T20:30:42Z,16,Donnée validée,0,Mesurée,20,Bonne,7.384986107,48.102530621,HIXnJ
A1610030,A161003001,2024-12-27,1828.0,2026-05-31T20:30:42Z,16,Donnée validée,0,Mesurée,20,Bonne,7.384986107,48.102530621,HIXnJ
A1610030,A161003001,2024-12-28,1724.0,2026-05-31T20:30:42Z,16,Donnée validée,0,Mesurée,20,Bonne,7.384986107,48.102530621,HIXnJ
A1610030,A161003001,2024-12-29,1651.0,2026-05-31T20:30:42Z,16,Donnée validée,0,Mesurée,20,Bonne,7.384986107,48.102530621,HIXnJ
A1610030,A161003001,2024-12-30,1597.0,2026-05-31T20:30:42Z,16,Donnée validée,0,Mesurée,20,Bonne,7.384986107,48.102530621,HIXnJ
A1610030,A161003001,2024-12-31,1551.0,2026-05-31T20:30:42Z,16,Donnée validée,0,Mesurée,20,Bonne,7.384986107,48.102530621,HIXnJ
A1610030,A161003001,2025-01-01,1522.0,2026-05-31T20:30:42Z,16,Donnée validée,0,Mesurée,20,Bonne,7.384986107,48.102530621,HIXnJ
A1610030,A161003001,2025-01-02,1676.0,2026-05-31T20:30:42Z,16,Donnée validée,0,Mesurée,20,Bonne,7.384986107,48.102530621,HIXnJ
A1610030,A161003001,2025-01-03,2195.0,2026-05-31T20:30:42Z,16,Donnée validée,0,Mesurée,20,Bonne,7.384986107,48.102530621,HIXnJ
A1610030,A161003001,2025-01-04,2099.0,2026-05-31T20:30:42Z,16,Donnée validée,0,Mesurée,20,Bonne,7.384986107,48.102530621,HIXnJ
A1610030,A161003001,2025-01-05,3002.0,2026-05-31T20:30:42Z,16,Donnée validée,8,Calculée,20,Bonne,7.384986107,48.102530621,HIXnJ
A1610030,A161003001,2025-01-06,3290.0,2026-05-31T20:30:42Z,16,Donnée validée,0,Mesurée,20,Bonne,7.384986107,48.102530621,HIXnJ
A1610030,A161003001,2025-01-07,3036.0,2026-05-31T20:30:42Z,16,Donnée validée,8,Calculée,20,Bonne,7.384986107,48.102530621,HIXnJ
A1610030,A161003001,2025-01-08,2989.0,2026-05-31T20:30:42Z,16,Donnée validée,8,Calculée,20,Bonne,7.384986107,48.102530621,HIXnJ
A1610030,A161003001,2025-01-09,3568.0,2026-05-31T20:30:42Z,16,Donnée validée,0,Mesurée,20,Bonne,7.384986107,48.102530621,HIXnJ
A1610030,A161003001,2025-01-10,3597.0,2026-05-31T20:30:42Z,16,Donnée validée,0,Mesurée,20,Bonne,7.384986107,48.102530621,HIXnJ
A1610030,A161003001,2025-01-11,3312.0,2026-05-31T20:30:42Z,16,Donnée validée,0,Mesurée,20,Bonne,7.384986107,48.102530621,HIXnJ
A1610030,A161003001,2025-01-12,2582.0,2026-05-31T20:30:42Z,16,Donnée validée,8,Calculée,20,Bonne,7.384986107,48.102530621,HIXnJ
A1610030,A161003001,2025-01-13,2216.0,2026-05-31T20:30:42Z,16,Donnée validée,8,Calculée,20,Bonne,7.384986107,48.102530621,HIXnJ
A1610030,A161003001,2025-01-14,2041.0,2026-05-31T20:30:42Z,16,Donnée validée,0,Mesurée,20,Bonne,7.384986107,48.102530621,HIXnJ
A1610030,A161003001,2025-01-15,1855.0,2026-05-31T20:30:42Z,16,Donnée validée,0,Mesurée,20,Bonne,7.384986107,48.102530621,HIXnJ
A1610030,A161003001,2025-01-16,1769.0,2026-05-31T20:30:42Z,16,Donnée validée,0,Mesurée,20,Bonne,7.384986107,48.102530621,HIXnJ
A1610030,A161003001,2025-01-17,1698.0,2026-05-31T20:30:42Z,16,Donnée validée,0,Mesurée,20,Bonne,7.384986107,48.102530621,HIXnJ
A1610030,A161003001,2025-01-18,1642.0,2026-05-31T20:30:42Z,16,Donnée validée,0,Mesurée,20,Bonne,7.384986107,48.102530621,HIXnJ
A1610030,A161003001,2025-01-19,1603.0,2026-05-31T20:30:42Z,16,Donnée validée,0,Mesurée,20,Bonne,7.384986107,48.102530621,HIXnJ
A1610030,A161003001,2025-01-20,1568.0,2026-05-31T20:30:42Z,16,Donnée validée,8,Calculée,20,Bonne,7.384986107,48.102530621,HIXnJ
A1610030,A161003001,2025-01-21,1541.0,2026-05-31T20:30:42Z,16,Donnée validée,0,Mesurée,20,Bonne,7.384986107,48.102530621,HIXnJ
A1610030,A161003001,2025-01-22,1506.0,2026-05-31T20:30:42Z,16,Donnée validée,0,Mesurée,20,Bonne,7.384986107,48.102530621,HIXnJ
A1610030,A161003001,2025-01-23,1578.0,2026-05-31T20:30:42Z,16,Donnée validée,0,Mesurée,20,Bonne,7.384986107,48.102530621,HIXnJ
A1610030,A161003001,2025-01-24,1579.0,2026-05-31T20:30:42Z,16,Donnée validée,0,Mesurée,20,Bonne,7.384986107,48.102530621,HIXnJ
A1610030,A161003001,2025-01-25,1526.0,2026-05-31T20:30:42Z,16,Donnée validée,0,Mesurée,20,Bonne,7.384986107,48.102530621,HIXnJ
A1610030,A161003001,2025-01-26,1511.0,2026-05-31T20:30:42Z,16,Donnée validée,0,Mesurée,20,Bonne,7.384986107,48.102530621,HIXnJ
A1610030,A161003001,2025-01-27,1773.0,2026-05-31T20:30:42Z,16,Donnée validée,8,Calculée,20,Bonne,7.384986107,48.102530621,HIXnJ
A1610030,A161003001,2025-01-28,1911.0,2026-05-31T20:30:42Z,16,Donnée validée,0,Mesurée,20,Bonne,7.384986107,48.102530621,HIXnJ
A1610030,A161003001,2025-01-29,2432.0,2026-05-31T20:30:42Z,16,Donnée validée,0,Mesurée,20,Bonne,7.384986107,48.102530621,HIXnJ
A1610030,A161003001,2025-01-30,2432.0,2026-05-31T20:30:42Z,16,Donnée validée,0,Mesurée,20,Bonne,7.384986107,48.102530621,HIXnJ
A1610030,A161003001,2025-01-31,2180.0,2026-05-31T20:30:42Z,16,Donnée validée,0,Mesurée,20,Bonne,7.384986107,48.102530621,HIXnJ
A1610030,A161003001,2025-02-01,2001.0,2026-05-31T20:30:42Z,16,Donnée validée,8,Calculée,20,Bonne,7.384986107,48.102530621,HIXnJ
A1610030,A161003001,2025-02-02,1869.0,2026-05-31T20:30:42Z,16,Donnée validée,8,Calculée,20,Bonne,7.384986107,48.102530621,HIXnJ
A1610030,A161003001,2025-02-03,1766.0,2026-05-31T20:30:42Z,16,Donnée validée,8,Calculée,20,Bonne,7.384986107,48.102530621,HIXnJ
A1610030,A161003001,2025-02-04,1681.0,2026-05-31T20:30:42Z,16,Donnée validée,0,Mesurée,20,Bonne,7.384986107,48.102530621,HIXnJ
A1610030,A161003001,2025-02-05,1619.0,2026-05-31T20:30:42Z,16,Donnée validée,0,Mesurée,20,Bonne,7.384986107,48.102530621,HIXnJ
A1610030,A161003001,2025-02-06,1572.0,2026-05-31T20:30:42Z,16,Donnée validée,8,Calculée,20,Bonne,7.384986107,48.102530621,HIXnJ
A1610030,A161003001,2025-02-07,1542.0,2026-05-31T20:30:42Z,16,Donnée validée,0,Mesurée,20,Bonne,7.384986107,48.102530621,HIXnJ
A1610030,A161003001,2025-02-08,1518.0,2026-05-31T20:30:42Z,16,Donnée validée,0,Mesurée,20,Bonne,7.384986107,48.102530621,HIXnJ
A1610030,A161003001,2025-02-09,1487.0,2026-05-31T20:30:42Z,16,Donnée validée,0,Mesurée,20,Bonne,7.384986107,48.102530621,HIXnJ
A1610030,A161003001,2025-02-10,1507.0,2026-05-31T20:30:42Z,16,Donnée validée,0,Mesurée,20,Bonne,7.384986107,48.102530621,HIXnJ
A1610030,A161003001,2025-02-11,1740.0,2026-05-31T20:30:42Z,16,Donnée validée,0,Mesurée,20,Bonne,7.384986107,48.102530621,HIXnJ
A1610030,A161003001,2025-02-12,1752.0,2026-05-31T20:30:42Z,16,Donnée validée,0,Mesurée,20,Bonne,7.384986107,48.102530621,HIXnJ
A1610030,A161003001,2025-02-13,2101.0,2026-05-31T20:30:42Z,16,Donnée validée,0,Mesurée,20,Bonne,7.384986107,48.102530621,HIXnJ
A1610030,A161003001,2025-02-14,2349.0,2026-05-31T20:30:42Z,16,Donnée validée,0,Mesurée,20,Bonne,7.384986107,48.102530621,HIXnJ
A1610030,A161003001,2025-02-15,2120.0,2026-05-31T20:30:42Z,16,Donnée validée,8,Calculée,20,Bonne,7.384986107,48.102530621,HIXnJ
A1610030,A161003001,2025-02-16,1899.0,2026-05-31T20:30:42Z,16,Donnée validée,0,Mesurée,20,Bonne,7.384986107,48.102530621,HIXnJ
A1610030,A161003001,2025-02-17,1792.0,2026-05-31T20:30:42Z,16,Donnée validée,8,Calculée,20,Bonne,7.384986107,48.102530621,HIXnJ
A1610030,A161003001,2025-02-18,1704.0,2026-05-31T20:30:42Z,16,Donnée validée,0,Mesurée,20,Bonne,7.384986107,48.102530621,HIXnJ
A1610030,A161003001,2025-02-19,1635.0,2026-05-31T20:30:42Z,16,Donnée validée,0,Mesurée,20,Bonne,7.384986107,48.102530621,HIXnJ
A1610030,A161003001,2025-02-20,1586.0,2026-05-31T20:30:42Z,16,Donnée validée,0,Mesurée,20,Bonne,7.384986107,48.102530621,HIXnJ
A1610030,A161003001,2025-02-21,1561.0,2026-05-31T20:30:42Z,16,Donnée validée,0,Mesurée,20,Bonne,7.384986107,48.102530621,HIXnJ
A1610030,A161003001,2025-02-22,1523.0,2026-05-31T20:30:42Z,16,Donnée validée,8,Calculée,20,Bonne,7.384986107,48.102530621,HIXnJ
A1610030,A161003001,2025-02-23,1504.0,2026-05-31T20:30:42Z,16,Donnée validée,8,Calculée,20,Bonne,7.384986107,48.102530621,HIXnJ
A1610030,A161003001,2025-02-24,1477.0,2026-05-31T20:30:42Z,16,Donnée validée,8,Calculée,20,Bonne,7.384986107,48.102530621,HIXnJ
A1610030,A161003001,2025-02-25,1567.0,2026-05-31T20:30:42Z,16,Donnée validée,8,Calculée,20,Bonne,7.384986107,48.102530621,HIXnJ
A1610030,A161003001,2025-02-26,1839.0,2026-05-31T20:30:42Z,16,Donnée validée,0,Mesurée,20,Bonne,7.384986107,48.102530621,HIXnJ
A1610030,A161003001,2025-02-27,1835.0,2026-05-31T20:30:42Z,16,Donnée validée,8,Calculée,20,Bonne,7.384986107,48.102530621,HIXnJ
A1610030,A161003001,2025-02-28,1725.0,2026-05-31T20:30:42Z,16,Donnée validée,0,Mesurée,20,Bonne,7.384986107,48.102530621,HIXnJ
A1610030,A161003001,2025-03-01,1664.0,2026-05-31T20:30:42Z,16,Donnée validée,8,Calculée,20,Bonne,7.384986107,48.102530621,HIXnJ
A1610030,A161003001,2025-03-02,1608.0,2026-05-31T20:30:42Z,16,Donnée validée,8,Calculée,20,Bonne,7.384986107,48.102530621,HIXnJ
A1610030,A161003001,2025-03-03,1552.0,2026-05-31T20:30:42Z,16,Donnée validée,8,Calculée,20,Bonne,7.384986107,48.102530621,HIXnJ
A1610030,A161003001,2025-03-04,1519.0,2026-05-31T20:30:42Z,16,Donnée validée,0,Mesurée,20,Bonne,7.384986107,48.102530621,HIXnJ
A1610030,A161003001,2025-03-05,1485.0,2026-05-31T20:30:42Z,16,Donnée validée,0,Mesurée,20,Bonne,7.384986107,48.102530621,HIXnJ
A1610030,A161003001,2025-03-06,1468.0,2026-05-31T20:30:42Z,16,Donnée validée,0,Mesurée,20,Bonne,7.384986107,48.102530621,HIXnJ
A1610030,A161003001,2025-03-07,1489.0,2026-05-31T20:30:42Z,16,Donnée validée,0,Mesurée,20,Bonne,7.384986107,48.102530621,HIXnJ
A1610030,A161003001,2025-03-08,1450.0,2026-05-31T20:30:42Z,16,Donnée validée,0,Mesurée,20,Bonne,7.384986107,48.102530621,HIXnJ
A1610030,A161003001,2025-03-09,1437.0,2026-05-31T20:30:42Z,16,Donnée validée,8,Calculée,20,Bonne,7.384986107,48.102530621,HIXnJ
A1610030,A161003001,2025-03-10,1451.0,2026-05-31T20:30:42Z,16,Donnée validée,0,Mesurée,20,Bonne,7.384986107,48.102530621,HIXnJ
A1610030,A161003001,2025-03-11,1440.0,2026-05-31T20:30:42Z,16,Donnée validée,0,Mesurée,20,Bonne,7.384986107,48.102530621,HIXnJ
A1610030,A161003001,2025-03-12,1615.0,2026-05-31T20:30:42Z,16,Donnée validée,8,Calculée,20,Bonne,7.384986107,48.102530621,HIXnJ
A1610030,A161003001,2025-03-13,1703.0,2026-05-31T20:30:42Z,16,Donnée validée,0,Mesurée,20,Bonne,7.384986107,48.102530621,HIXnJ
A1610030,A161003001,2025-03-14,1672.0,2026-05-31T20:30:42Z,16,Donnée validée,0,Mesurée,20,Bonne,7.384986107,48.102530621,HIXnJ
A1610030,A161003001,2025-03-15,1570.0,2026-05-31T20:30:42Z,16,Donnée validée,8,Calculée,20,Bonne,7.384986107,48.102530621,HIXnJ
A1610030,A161003001,2025-03-16,1516.0,2026-05-31T20:30:42Z,16,Donnée validée,8,Calculée,20,Bonne,7.384986107,48.102530621,HIXnJ
A1610030,A161003001,2025-03-17,1506.0,2026-05-31T20:30:42Z,16,Donnée validée,0,Mesurée,20,Bonne,7.384986107,48.102530621,HIXnJ
A1610030,A161003001,2025-03-18,1497.0,2026-05-31T20:30:42Z,16,Donnée validée,0,Mesurée,20,Bonne,7.384986107,48.102530621,HIXnJ
A1610030,A161003001,2025-03-19,1475.0,2026-05-31T20:30:42Z,16,Donnée validée,0,Mesurée,20,Bonne,7.384986107,48.102530621,HIXnJ
A1610030,A161003001,2025-03-20,1447.0,2026-05-31T20:30:42Z,16,Donnée validée,8,Calculée,20,Bonne,7.384986107,48.102530621,HIXnJ
A1610030,A161003001,2025-03-21,1447.0,2026-05-31T20:30:42Z,16,Donnée validée,0,Mesurée,20,Bonne,7.384986107,48.102530621,HIXnJ
A1610030,A161003001,2025-03-22,1418.0,2026-05-31T20:30:42Z,16,Donnée validée,0,Mesurée,20,Bonne,7.384986107,48.102530621,HIXnJ
A1610030,A161003001,2025-03-23,1407.0,2026-05-31T20:30:42Z,16,Donnée validée,0,Mesurée,20,Bonne,7.384986107,48.102530621,HIXnJ
A1610030,A161003001,2025-03-24,1520.0,2026-05-31T20:30:42Z,16,Donnée validée,0,Mesurée,20,Bonne,7.384986107,48.102530621,HIXnJ
A1610030,A161003001,2025-03-25,1388.0,2026-05-31T20:30:42Z,16,Donnée validée,0,Mesurée,20,Bonne,7.384986107,48.102530621,HIXnJ
A1610030,A161003001,2025-03-26,1405.0,2026-05-31T20:30:42Z,16,Donnée validée,0,Mesurée,20,Bonne,7.384986107,48.102530621,HIXnJ
A1610030,A161003001,2025-03-27,1388.0,2026-05-31T20:30:42Z,16,Donnée validée,0,Mesurée,20,Bonne,7.384986107,48.102530621,HIXnJ
A1610030,A161003001,2025-03-28,1360.0,2026-05-31T20:30:42Z,16,Donnée validée,0,Mesurée,20,Bonne,7.384986107,48.102530621,HIXnJ
A1610030,A161003001,2025-03-29,1350.0,2026-05-31T20:30:42Z,16,Donnée validée,0,Mesurée,20,Bonne,7.384986107,48.102530621,HIXnJ
A1610030,A161003001,2025-03-30,1344.0,2026-05-31T20:30:42Z,16,Donnée validée,8,Calculée,20,Bonne,7.384986107,48.102530621,HIXnJ
A1610030,A161003001,2025-03-31,1333.0,2026-05-31T20:30:42Z,16,Donnée validée,0,Mesurée,20,Bonne,7.384986107,48.102530621,HIXnJ
A1610030,A161003001,2025-04-01,1367.0,2026-05-31T20:30:42Z,16,Donnée validée,0,Mesurée,20,Bonne,7.384986107,48.102530621,HIXnJ
A1610030,A161003001,2025-04-02,1335.0,2026-05-31T20:30:42Z,16,Donnée validée,0,Mesurée,20,Bonne,7.384986107,48.102530621,HIXnJ
A1610030,A161003001,2025-04-03,1322.0,2026-05-31T20:30:42Z,16,Donnée validée,0,Mesurée,20,Bonne,7.384986107,48.102530621,HIXnJ
A1610030,A161003001,2025-04-04,1316.0,2026-05-31T20:30:42Z,16,Donnée validée,0,Mesurée,20,Bonne,7.384986107,48.102530621,HIXnJ
A1610030,A161003001,2025-04-05,1310.0,2026-05-31T20:30:42Z,16,Donnée validée,0,Mesurée,20,Bonne,7.384986107,48.102530621,HIXnJ
A1610030,A161003001,2025-04-06,1287.0,2026-05-31T20:30:42Z,16,Donnée validée,0,Mesurée,20,Bonne,7.384986107,48.102530621,HIXnJ
A1610030,A161003001,2025-04-07,1286.0,2026-05-31T20:30:42Z,16,Donnée validée,0,Mesurée,20,Bonne,7.384986107,48.102530621,HIXnJ
A1610030,A161003001,2025-04-08,1288.0,2026-05-31T20:30:42Z,16,Donnée validée,0,Mesurée,20,Bonne,7.384986107,48.102530621,HIXnJ
A1610030,A161003001,2025-04-09,1281.0,2026-05-31T20:30:42Z,16,Donnée validée,0,Mesurée,20,Bonne,7.384986107,48.102530621,HIXnJ
A1610030,A161003001,2025-04-10,1281.0,2026-05-31T20:30:42Z,16,Donnée validée,0,Mesurée,20,Bonne,7.384986107,48.102530621,HIXnJ
A1610030,A161003001,2025-04-11,1279.0,2026-05-31T20:30:42Z,16,Donnée validée,0,Mesurée,20,Bonne,7.384986107,48.102530621,HIXnJ
A1610030,A161003001,2025-04-12,1270.0,2026-05-31T20:30:42Z,16,Donnée validée,0,Mesurée,20,Bonne,7.384986107,48.102530621,HIXnJ
A1610030,A161003001,2025-04-13,1291.0,2026-05-31T20:30:42Z,16,Donnée validée,0,Mesurée,20,Bonne,7.384986107,48.102530621,HIXnJ
A1610030,A161003001,2025-04-14,1282.0,2026-05-31T20:30:42Z,16,Donnée validée,0,Mesurée,20,Bonne,7.384986107,48.102530621,HIXnJ
A1610030,A161003001,2025-04-15,1306.0,2026-05-31T20:30:42Z,16,Donnée validée,0,Mesurée,20,Bonne,7.384986107,48.102530621,HIXnJ
A1610030,A161003001,2025-04-16,1399.0,2026-05-31T20:30:42Z,16,Donnée validée,0,Mesurée,20,Bonne,7.384986107,48.102530621,HIXnJ
A1610030,A161003001,2025-04-17,1442.0,2026-05-31T20:30:42Z,16,Donnée validée,8,Calculée,20,Bonne,7.384986107,48.102530621,HIXnJ
A1610030,A161003001,2025-04-18,1488.0,2026-05-31T20:30:42Z,16,Donnée validée,0,Mesurée,20,Bonne,7.384986107,48.102530621,HIXnJ
A1610030,A161003001,2025-04-19,1418.0,2026-05-31T20:30:42Z,16,Donnée validée,8,Calculée,20,Bonne,7.384986107,48.102530621,HIXnJ
A1610030,A161003001,2025-04-20,1364.0,2026-05-31T20:30:42Z,16,Donnée validée,8,Calculée,20,Bonne,7.384986107,48.102530621,HIXnJ
A1610030,A161003001,2025-04-21,1347.0,2026-05-31T20:30:42Z,16,Donnée validée,0,Mesurée,20,Bonne,7.384986107,48.102530621,HIXnJ
A1610030,A161003001,2025-04-22,1335.0,2026-05-31T20:30:42Z,16,Donnée validée,0,Mesurée,20,Bonne,7.384986107,48.102530621,HIXnJ
A1610030,A161003001,2025-04-23,1327.0,2026-05-31T20:30:42Z,16,Donnée validée,0,Mesurée,20,Bonne,7.384986107,48.102530621,HIXnJ
A1610030,A161003001,2025-04-24,1327.0,2026-05-31T20:30:42Z,16,Donnée validée,8,Calculée,20,Bonne,7.384986107,48.102530621,HIXnJ
A1610030,A161003001,2025-04-25,1368.0,2026-05-31T20:30:42Z,16,Donnée validée,0,Mesurée,20,Bonne,7.384986107,48.102530621,HIXnJ
A1610030,A161003001,2025-04-26,1408.0,2026-05-31T20:30:42Z,16,Donnée validée,0,Mesurée,20,Bonne,7.384986107,48.102530621,HIXnJ
A1610030,A161003001,2025-04-27,1385.0,2026-05-31T20:30:42Z,16,Donnée validée,0,Mesurée,20,Bonne,7.384986107,48.102530621,HIXnJ
A1610030,A161003001,2025-04-28,1345.0,2026-05-31T20:30:42Z,16,Donnée validée,0,Mesurée,20,Bonne,7.384986107,48.102530621,HIXnJ
A1610030,A161003001,2025-04-29,1321.0,2026-05-31T20:30:42Z,16,Donnée validée,0,Mesurée,20,Bonne,7.384986107,48.102530621,HIXnJ
A1610030,A161003001,2025-04-30,1305.0,2026-05-31T20:30:42Z,16,Donnée validée,0,Mesurée,20,Bonne,7.384986107,48.102530621,HIXnJ
A1610030,A161003001,2025-05-01,1296.0,2026-05-31T20:30:42Z,16,Donnée validée,0,Mesurée,20,Bonne,7.384986107,48.102530621,HIXnJ
A1610030,A161003001,2025-05-02,1283.0,2026-05-31T20:30:42Z,16,Donnée validée,0,Mesurée,20,Bonne,7.384986107,48.102530621,HIXnJ
A1610030,A161003001,2025-05-03,1280.0,2026-05-31T20:30:42Z,16,Donnée validée,0,Mesurée,20,Bonne,7.384986107,48.102530621,HIXnJ
A1610030,A161003001,2025-05-04,1299.0,2026-05-31T20:30:42Z,16,Donnée validée,0,Mesurée,20,Bonne,7.384986107,48.102530621,HIXnJ
A1610030,A161003001,2025-05-05,1298.0,2026-05-31T20:30:42Z,16,Donnée validée,8,Calculée,20,Bonne,7.384986107,48.102530621,HIXnJ
A1610030,A161003001,2025-05-06,1320.0,2026-05-31T20:30:42Z,16,Donnée validée,0,Mesurée,20,Bonne,7.384986107,48.102530621,HIXnJ
A1610030,A161003001,2025-05-07,1320.0,2026-05-31T20:30:42Z,16,Donnée validée,0,Mesurée,20,Bonne,7.384986107,48.102530621,HIXnJ
A1610030,A161003001,2025-05-08,1292.0,2026-05-31T20:30:42Z,16,Donnée validée,8,Calculée,20,Bonne,7.384986107,48.102530621,HIXnJ
A1610030,A161003001,2025-05-09,1285.0,2026-05-31T20:30:42Z,16,Donnée validée,8,Calculée,20,Bonne,7.384986107,48.102530621,HIXnJ
A1610030,A161003001,2025-05-10,1275.0,2026-05-31T20:30:42Z,16,Donnée validée,0,Mesurée,20,Bonne,7.384986107,48.102530621,HIXnJ
A1610030,A161003001,2025-05-11,1268.0,2026-05-31T20:30:42Z,16,Donnée validée,0,Mesurée,20,Bonne,7.384986107,48.102530621,HIXnJ
A1610030,A161003001,2025-05-12,1256.0,2026-05-31T20:30:42Z,16,Donnée validée,0,Mesurée,20,Bonne,7.384986107,48.102530621,HIXnJ
A1610030,A161003001,2025-05-13,1320.0,2026-05-31T20:30:42Z,16,Donnée validée,0,Mesurée,20,Bonne,7.384986107,48.102530621,HIXnJ
A1610030,A161003001,2025-05-14,1318.0,2026-05-31T20:30:42Z,16,Donnée validée,8,Calculée,20,Bonne,7.384986107,48.102530621,HIXnJ
A1610030,A161003001,2025-05-15,1264.0,2026-05-31T20:30:42Z,16,Donnée validée,0,Mesurée,20,Bonne,7.384986107,48.102530621,HIXnJ
A1610030,A161003001,2025-05-16,1250.0,2026-05-31T20:30:42Z,16,Donnée validée,0,Mesurée,20,Bonne,7.384986107,48.102530621,HIXnJ
A1610030,A161003001,2025-05-17,1242.0,2026-05-31T20:30:42Z,16,Donnée validée,0,Mesurée,20,Bonne,7.384986107,48.102530621,HIXnJ
A1610030,A161003001,2025-05-18,1237.0,2026-05-31T20:30:42Z,16,Donnée validée,0,Mesurée,20,Bonne,7.384986107,48.102530621,HIXnJ
A1610030,A161003001,2025-05-19,1267.0,2026-05-31T20:30:42Z,16,Donnée validée,8,Calculée,20,Bonne,7.384986107,48.102530621,HIXnJ
A1610030,A161003001,2025-05-20,1287.0,2026-05-31T20:30:42Z,16,Donnée validée,0,Mesurée,20,Bonne,7.384986107,48.102530621,HIXnJ
A1610030,A161003001,2025-05-21,1331.0,2026-05-31T20:30:42Z,16,Donnée validée,0,Mesurée,20,Bonne,7.384986107,48.102530621,HIXnJ
A1610030,A161003001,2025-05-22,1324.0,2026-05-31T20:30:42Z,16,Donnée validée,8,Calculée,20,Bonne,7.384986107,48.102530621,HIXnJ
A1610030,A161003001,2025-05-23,1313.0,2026-05-31T20:30:42Z,16,Donnée validée,0,Mesurée,20,Bonne,7.384986107,48.102530621,HIXnJ
A1610030,A161003001,2025-05-24,1305.0,2026-05-31T20:30:42Z,16,Donnée validée,8,Calculée,20,Bonne,7.384986107,48.102530621,HIXnJ
A1610030,A161003001,2025-05-25,1288.0,2026-05-31T20:30:42Z,16,Donnée validée,0,Mesurée,20,Bonne,7.384986107,48.102530621,HIXnJ
A1610030,A161003001,2025-05-26,1281.0,2026-05-31T20:30:42Z,16,Donnée validée,0,Mesurée,20,Bonne,7.384986107,48.102530621,HIXnJ
A1610030,A161003001,2025-05-27,1282.0,2026-05-31T20:30:42Z,16,Donnée validée,0,Mesurée,20,Bonne,7.384986107,48.102530621,HIXnJ
A1610030,A161003001,2025-05-28,1257.0,2026-05-31T20:30:42Z,16,Donnée validée,0,Mesurée,20,Bonne,7.384986107,48.102530621,HIXnJ
A1610030,A161003001,2025-05-29,1284.0,2026-05-31T20:30:42Z,16,Donnée validée,8,Calculée,20,Bonne,7.384986107,48.102530621,HIXnJ
A1610030,A161003001,2025-05-30,1285.0,2026-05-31T20:30:42Z,16,Donnée validée,0,Mesurée,20,Bonne,7.384986107,48.102530621,HIXnJ
A1610030,A161003001,2025-05-31,1441.0,2026-05-31T20:30:42Z,16,Donnée validée,0,Mesurée,20,Bonne,7.384986107,48.102530621,HIXnJ
A1610030,A161003001,2025-06-01,1283.0,2026-05-31T20:30:42Z,16,Donnée validée,0,Mesurée,20,Bonne,7.384986107,48.102530621,HIXnJ
A1610030,A161003001,2025-06-02,1377.0,2026-05-31T20:30:42Z,16,Donnée validée,8,Calculée,20,Bonne,7.384986107,48.102530621,HIXnJ
A1610030,A161003001,2025-06-03,1383.0,2026-05-31T20:30:42Z,16,Donnée validée,0,Mesurée,20,Bonne,7.384986107,48.102530621,HIXnJ
A1610030,A161003001,2025-06-04,1428.0,2026-05-31T20:30:42Z,16,Donnée validée,0,Mesurée,20,Bonne,7.384986107,48.102530621,HIXnJ
A1610030,A161003001,2025-06-05,1467.0,2026-05-31T20:30:42Z,16,Donnée validée,0,Mesurée,20,Bonne,7.384986107,48.102530621,HIXnJ
A1610030,A161003001,2025-06-06,1420.0,2026-05-31T20:30:42Z,16,Donnée validée,0,Mesurée,20,Bonne,7.384986107,48.102530621,HIXnJ
A1610030,A161003001,2025-06-07,1367.0,2026-05-31T20:30:42Z,16,Donnée validée,0,Mesurée,20,Bonne,7.384986107,48.102530621,HIXnJ
A1610030,A161003001,2025-06-08,1413.0,2026-05-31T20:30:42Z,16,Donnée validée,0,Mesurée,20,Bonne,7.384986107,48.102530621,HIXnJ
A1610030,A161003001,2025-06-09,1386.0,2026-05-31T20:30:42Z,16,Donnée validée,8,Calculée,20,Bonne,7.384986107,48.102530621,HIXnJ
A1610030,A161003001,2025-06-10,1329.0,2026-05-31T20:30:42Z,16,Donnée validée,8,Calculée,20,Bonne,7.384986107,48.102530621,HIXnJ
A1610030,A161003001,2025-06-11,1301.0,2026-05-31T20:30:42Z,16,Donnée validée,8,Calculée,20,Bonne,7.384986107,48.102530621,HIXnJ
A1610030,A161003001,2025-06-12,1273.0,2026-05-31T20:30:42Z,16,Donnée validée,8,Calculée,20,Bonne,7.384986107,48.102530621,HIXnJ
A1610030,A161003001,2025-06-13,1262.0,2026-05-31T20:30:42Z,16,Donnée validée,0,Mesurée,20,Bonne,7.384986107,48.102530621,HIXnJ
A1610030,A161003001,2025-06-14,1239.0,2026-05-31T20:30:42Z,16,Donnée validée,0,Mesurée,20,Bonne,7.384986107,48.102530621,HIXnJ
A1610030,A161003001,2025-06-15,1444.0,2026-05-31T20:30:42Z,16,Donnée validée,0,Mesurée,20,Bonne,7.384986107,48.102530621,HIXnJ
A1610030,A161003001,2025-06-16,1331.0,2026-05-31T20:30:42Z,16,Donnée validée,0,Mesurée,20,Bonne,7.384986107,48.102530621,HIXnJ
A1610030,A161003001,2025-06-17,1315.0,2026-05-31T20:30:42Z,16,Donnée validée,8,Calculée,20,Bonne,7.384986107,48.102530621,HIXnJ
A1610030,A161003001,2025-06-18,1254.0,2026-05-31T20:30:42Z,16,Donnée validée,8,Calculée,20,Bonne,7.384986107,48.102530621,HIXnJ
A1610030,A161003001,2025-06-19,1259.0,2026-05-31T20:30:42Z,16,Donnée validée,0,Mesurée,20,Bonne,7.384986107,48.102530621,HIXnJ
A1610030,A161003001,2025-06-20,1248.0,2026-05-31T20:30:42Z,16,Donnée validée,0,Mesurée,20,Bonne,7.384986107,48.102530621,HIXnJ
A1610030,A161003001,2025-06-21,1225.0,2026-05-31T20:30:42Z,16,Donnée validée,0,Mesurée,20,Bonne,7.384986107,48.102530621,HIXnJ
A1610030,A161003001,2025-06-22,1208.0,2026-05-31T20:30:42Z,16,Donnée validée,8,Calculée,20,Bonne,7.384986107,48.102530621,HIXnJ
A1610030,A161003001,2025-06-23,1206.0,2026-05-31T20:30:42Z,16,Donnée validée,0,Mesurée,20,Bonne,7.384986107,48.102530621,HIXnJ
A1610030,A161003001,2025-06-24,1213.0,2026-05-31T20:30:42Z,16,Donnée validée,0,Mesurée,20,Bonne,7.384986107,48.102530621,HIXnJ
A1610030,A161003001,2025-06-25,1211.0,2026-05-31T20:30:42Z,16,Donnée validée,0,Mesurée,20,Bonne,7.384986107,48.102530621,HIXnJ
A1610030,A161003001,2025-06-26,1214.0,2026-05-31T20:30:42Z,16,Donnée validée,0,Mesurée,20,Bonne,7.384986107,48.102530621,HIXnJ
A1610030,A161003001,2025-06-27,1200.0,2026-05-31T20:30:42Z,16,Donnée validée,0,Mesurée,20,Bonne,7.384986107,48.102530621,HIXnJ
A1610030,A161003001,2025-06-28,1197.0,2026-05-31T20:30:42Z,16,Donnée validée,0,Mesurée,20,Bonne,7.384986107,48.102530621,HIXnJ
A1610030,A161003001,2025-06-29,1194.0,2026-05-31T20:30:42Z,16,Donnée validée,0,Mesurée,20,Bonne,7.384986107,48.102530621,HIXnJ
A1610030,A161003001,2025-06-30,1186.0,2026-05-31T20:30:42Z,16,Donnée validée,0,Mesurée,20,Bonne,7.384986107,48.102530621,HIXnJ
A1610030,A161003001,2025-07-01,1207.0,2026-05-31T20:30:42Z,16,Donnée validée,0,Mesurée,20,Bonne,7.384986107,48.102530621,HIXnJ
A1610030,A161003001,2025-07-02,1349.0,2026-05-31T20:30:42Z,16,Donnée validée,0,Mesurée,20,Bonne,7.384986107,48.102530621,HIXnJ
A1610030,A161003001,2025-07-03,1230.0,2026-05-31T20:30:42Z,16,Donnée validée,0,Mesurée,20,Bonne,7.384986107,48.102530621,HIXnJ
A1610030,A161003001,2025-07-04,1232.0,2026-05-31T20:30:42Z,16,Donnée validée,0,Mesurée,20,Bonne,7.384986107,48.102530621,HIXnJ
A1610030,A161003001,2025-07-05,1225.0,2026-05-31T20:30:42Z,16,Donnée validée,0,Mesurée,20,Bonne,7.384986107,48.102530621,HIXnJ
A1610030,A161003001,2025-07-06,1216.0,2026-05-31T20:30:42Z,16,Donnée validée,0,Mesurée,20,Bonne,7.384986107,48.102530621,HIXnJ
A1610030,A161003001,2025-07-07,1250.0,2026-05-31T20:30:42Z,16,Donnée validée,0,Mesurée,20,Bonne,7.384986107,48.102530621,HIXnJ
A1610030,A161003001,2025-07-08,1259.0,2026-05-31T20:30:42Z,16,Donnée validée,0,Mesurée,20,Bonne,7.384986107,48.102530621,HIXnJ
A1610030,A161003001,2025-07-09,1263.0,2026-05-31T20:30:42Z,16,Donnée validée,0,Mesurée,20,Bonne,7.384986107,48.102530621,HIXnJ
A1610030,A161003001,2025-07-10,1238.0,2026-05-31T20:30:42Z,16,Donnée validée,8,Calculée,20,Bonne,7.384986107,48.102530621,HIXnJ
A1610030,A161003001,2025-07-11,1226.0,2026-05-31T20:30:42Z,16,Donnée validée,0,Mesurée,20,Bonne,7.384986107,48.102530621,HIXnJ
A1610030,A161003001,2025-07-12,1225.0,2026-05-31T20:30:42Z,16,Donnée validée,0,Mesurée,20,Bonne,7.384986107,48.102530621,HIXnJ
A1610030,A161003001,2025-07-13,1221.0,2026-05-31T20:30:42Z,16,Donnée validée,0,Mesurée,20,Bonne,7.384986107,48.102530621,HIXnJ
A1610030,A161003001,2025-07-14,1229.0,2026-05-31T20:30:42Z,16,Donnée validée,0,Mesurée,20,Bonne,7.384986107,48.102530621,HIXnJ
A1610030,A161003001,2025-07-15,1237.0,2026-05-31T20:30:42Z,16,Donnée validée,0,Mesurée,20,Bonne,7.384986107,48.102530621,HIXnJ
A1610030,A161003001,2025-07-16,1222.0,2026-05-31T20:30:42Z,16,Donnée validée,0,Mesurée,20,Bonne,7.384986107,48.102530621,HIXnJ
A1610030,A161003001,2025-07-17,1233.0,2026-05-31T20:30:42Z,16,Donnée validée,0,Mesurée,20,Bonne,7.384986107,48.102530621,HIXnJ
A1610030,A161003001,2025-07-18,1225.0,2026-05-31T20:30:42Z,16,Donnée validée,0,Mesurée,20,Bonne,7.384986107,48.102530621,HIXnJ
A1610030,A161003001,2025-07-19,1214.0,2026-05-31T20:30:42Z,16,Donnée validée,0,Mesurée,20,Bonne,7.384986107,48.102530621,HIXnJ
A1610030,A161003001,2025-07-20,1286.0,2026-05-31T20:30:42Z,16,Donnée validée,8,Calculée,20,Bonne,7.384986107,48.102530621,HIXnJ
A1610030,A161003001,2025-07-21,1364.0,2026-05-31T20:30:42Z,16,Donnée validée,0,Mesurée,20,Bonne,7.384986107,48.102530621,HIXnJ
A1610030,A161003001,2025-07-22,1253.0,2026-05-31T20:30:42Z,16,Donnée validée,0,Mesurée,20,Bonne,7.384986107,48.102530621,HIXnJ
A1610030,A161003001,2025-07-23,1237.0,2026-05-31T20:30:42Z,16,Donnée validée,0,Mesurée,20,Bonne,7.384986107,48.102530621,HIXnJ
A1610030,A161003001,2025-07-24,1235.0,2026-05-31T20:30:42Z,16,Donnée validée,0,Mesurée,20,Bonne,7.384986107,48.102530621,HIXnJ
A1610030,A161003001,2025-07-25,1231.0,2026-05-31T20:30:42Z,16,Donnée validée,0,Mesurée,20,Bonne,7.384986107,48.102530621,HIXnJ
A1610030,A161003001,2025-07-26,1299.0,2026-05-31T20:30:42Z,16,Donnée validée,0,Mesurée,20,Bonne,7.384986107,48.102530621,HIXnJ
A1610030,A161003001,2025-07-27,1519.0,2026-05-31T20:30:42Z,16,Donnée validée,0,Mesurée,20,Bonne,7.384986107,48.102530621,HIXnJ
A1610030,A161003001,2025-07-28,1374.0,2026-05-31T20:30:42Z,16,Donnée validée,0,Mesurée,20,Bonne,7.384986107,48.102530621,HIXnJ
A1610030,A161003001,2025-07-29,1294.0,2026-05-31T20:30:42Z,16,Donnée validée,8,Calculée,20,Bonne,7.384986107,48.102530621,HIXnJ
A1610030,A161003001,2025-07-30,1282.0,2026-05-31T20:30:42Z,16,Donnée validée,0,Mesurée,20,Bonne,7.384986107,48.102530621,HIXnJ
A1610030,A161003001,2025-07-31,1251.0,2026-05-31T20:30:42Z,16,Donnée validée,0,Mesurée,20,Bonne,7.384986107,48.102530621,HIXnJ
A1610030,A161003001,2025-08-01,1289.0,2026-05-31T20:30:42Z,16,Donnée validée,0,Mesurée,20,Bonne,7.384986107,48.102530621,HIXnJ
A1610030,A161003001,2025-08-02,1423.0,2026-05-31T20:30:42Z,16,Donnée validée,0,Mesurée,20,Bonne,7.384986107,48.102530621,HIXnJ
A1610030,A161003001,2025-08-03,1385.0,2026-05-31T20:30:42Z,16,Donnée validée,0,Mesurée,20,Bonne,7.384986107,48.102530621,HIXnJ
A1610030,A161003001,2025-08-04,1311.0,2026-05-31T20:30:42Z,16,Donnée validée,0,Mesurée,20,Bonne,7.384986107,48.102530621,HIXnJ
A1610030,A161003001,2025-08-05,1266.0,2026-05-31T20:30:42Z,16,Donnée validée,8,Calculée,20,Bonne,7.384986107,48.102530621,HIXnJ
A1610030,A161003001,2025-08-06,1250.0,2026-05-31T20:30:42Z,16,Donnée validée,8,Calculée,20,Bonne,7.384986107,48.102530621,HIXnJ
A1610030,A161003001,2025-08-07,1237.0,2026-05-31T20:30:42Z,16,Donnée validée,8,Calculée,20,Bonne,7.384986107,48.102530621,HIXnJ
A1610030,A161003001,2025-08-08,1232.0,2026-05-31T20:30:42Z,16,Donnée validée,0,Mesurée,20,Bonne,7.384986107,48.102530621,HIXnJ
A1610030,A161003001,2025-08-09,1229.0,2026-05-31T20:30:42Z,16,Donnée validée,8,Calculée,20,Bonne,7.384986107,48.102530621,HIXnJ
A1610030,A161003001,2025-08-10,1221.0,2026-05-31T20:30:42Z,16,Donnée validée,8,Calculée,20,Bonne,7.384986107,48.102530621,HIXnJ
A1610030,A161003001,2025-08-11,1221.0,2026-05-31T20:30:42Z,16,Donnée validée,0,Mesurée,20,Bonne,7.384986107,48.102530621,HIXnJ
A1610030,A161003001,2025-08-12,1219.0,2026-05-31T20:30:42Z,16,Donnée validée,0,Mesurée,20,Bonne,7.384986107,48.102530621,HIXnJ
A1610030,A161003001,2025-08-13,1210.0,2026-05-31T20:30:42Z,16,Donnée validée,8,Calculée,20,Bonne,7.384986107,48.102530621,HIXnJ
A1610030,A161003001,2025-08-14,1207.0,2026-05-31T20:30:42Z,16,Donnée validée,8,Calculée,20,Bonne,7.384986107,48.102530621,HIXnJ
A1610030,A161003001,2025-08-15,1201.0,2026-05-31T20:30:42Z,16,Donnée validée,0,Mesurée,20,Bonne,7.384986107,48.102530621,HIXnJ
A1610030,A161003001,2025-08-16,1203.0,2026-05-31T20:30:42Z,16,Donnée validée,0,Mesurée,20,Bonne,7.384986107,48.102530621,HIXnJ
A1610030,A161003001,2025-08-17,1205.0,2026-05-31T20:30:42Z,16,Donnée validée,0,Mesurée,20,Bonne,7.384986107,48.102530621,HIXnJ
A1610030,A161003001,2025-08-18,1200.0,2026-05-31T20:30:42Z,16,Donnée validée,0,Mesurée,20,Bonne,7.384986107,48.102530621,HIXnJ
A1610030,A161003001,2025-08-19,1202.0,2026-05-31T20:30:42Z,16,Donnée validée,0,Mesurée,20,Bonne,7.384986107,48.102530621,HIXnJ
A1610030,A161003001,2025-08-20,1365.0,2026-05-31T20:30:42Z,16,Donnée validée,0,Mesurée,20,Bonne,7.384986107,48.102530621,HIXnJ
A1610030,A161003001,2025-08-21,1509.0,2026-05-31T20:30:42Z,16,Donnée validée,0,Mesurée,20,Bonne,7.384986107,48.102530621,HIXnJ
A1610030,A161003001,2025-08-22,1388.0,2026-05-31T20:30:42Z,16,Donnée validée,0,Mesurée,20,Bonne,7.384986107,48.102530621,HIXnJ
A1610030,A161003001,2025-08-23,1289.0,2026-05-31T20:30:42Z,16,Donnée validée,0,Mesurée,20,Bonne,7.384986107,48.102530621,HIXnJ
A1610030,A161003001,2025-08-24,1253.0,2026-05-31T20:30:42Z,16,Donnée validée,0,Mesurée,20,Bonne,7.384986107,48.102530621,HIXnJ
A1610030,A161003001,2025-08-25,1235.0,2026-05-31T20:30:42Z,16,Donnée validée,0,Mesurée,20,Bonne,7.384986107,48.102530621,HIXnJ
A1610030,A161003001,2025-08-26,1229.0,2026-05-31T20:30:42Z,16,Donnée validée,0,Mesurée,20,Bonne,7.384986107,48.102530621,HIXnJ
A1610030,A161003001,2025-08-27,1472.0,2026-05-31T20:30:42Z,16,Donnée validée,0,Mesurée,20,Bonne,7.384986107,48.102530621,HIXnJ
A1610030,A161003001,2025-08-28,1717.0,2026-05-31T20:30:42Z,16,Donnée validée,0,Mesurée,20,Bonne,7.384986107,48.102530621,HIXnJ
A1610030,A161003001,2025-08-29,1708.0,2026-05-31T20:30:42Z,16,Donnée validée,8,Calculée,20,Bonne,7.384986107,48.102530621,HIXnJ
A1610030,A161003001,2025-08-30,1556.0,2026-05-31T20:30:42Z,16,Donnée validée,8,Calculée,20,Bonne,7.384986107,48.102530621,HIXnJ
A1610030,A161003001,2025-08-31,1440.0,2026-05-31T20:30:42Z,16,Donnée validée,0,Mesurée,20,Bonne,7.384986107,48.102530621,HIXnJ
A1610030,A161003001,2025-09-01,1615.0,2026-05-31T20:30:42Z,16,Donnée validée,0,Mesurée,20,Bonne,7.384986107,48.102530621,HIXnJ
A1610030,A161003001,2025-09-02,1400.0,2026-05-31T20:30:42Z,16,Donnée validée,0,Mesurée,20,Bonne,7.384986107,48.102530621,HIXnJ
A1610030,A161003001,2025-09-03,1399.0,2026-05-31T20:30:42Z,16,Donnée validée,0,Mesurée,20,Bonne,7.384986107,48.102530621,HIXnJ
A1610030,A161003001,2025-09-04,1404.0,2026-05-31T20:30:42Z,16,Donnée validée,0,Mesurée,20,Bonne,7.384986107,48.102530621,HIXnJ
A1610030,A161003001,2025-09-05,1400.0,2026-05-31T20:30:42Z,16,Donnée validée,0,Mesurée,20,Bonne,7.384986107,48.102530621,HIXnJ
A1610030,A161003001,2025-09-06,1397.0,2026-05-31T20:30:42Z,16,Donnée validée,0,Mesurée,20,Bonne,7.384986107,48.102530621,HIXnJ
A1610030,A161003001,2025-09-07,1352.0,2026-05-31T20:30:42Z,16,Donnée validée,8,Calculée,20,Bonne,7.384986107,48.102530621,HIXnJ
A1610030,A161003001,2025-09-08,1552.0,2026-05-31T20:30:42Z,16,Donnée validée,0,Mesurée,20,Bonne,7.384986107,48.102530621,HIXnJ
A1610030,A161003001,2025-09-09,1653.0,2026-05-31T20:30:42Z,16,Donnée validée,0,Mesurée,20,Bonne,7.384986107,48.102530621,HIXnJ
A1610030,A161003001,2025-09-10,1632.0,2026-05-31T20:30:42Z,16,Donnée validée,0,Mesurée,20,Bonne,7.384986107,48.102530621,HIXnJ
A1610030,A161003001,2025-09-11,1458.0,2026-05-31T20:30:42Z,16,Donnée validée,0,Mesurée,20,Bonne,7.384986107,48.102530621,HIXnJ
A1610030,A161003001,2025-09-12,1426.0,2026-05-31T20:30:42Z,16,Donnée validée,0,Mesurée,20,Bonne,7.384986107,48.102530621,HIXnJ
A1610030,A161003001,2025-09-13,1427.0,2026-05-31T20:30:42Z,16,Donnée validée,0,Mesurée,20,Bonne,7.384986107,48.102530621,HIXnJ
A1610030,A161003001,2025-09-14,1413.0,2026-05-31T20:30:42Z,16,Donnée validée,0,Mesurée,20,Bonne,7.384986107,48.102530621,HIXnJ
A1610030,A161003001,2025-09-15,1444.0,2026-05-31T20:30:42Z,16,Donnée validée,0,Mesurée,20,Bonne,7.384986107,48.102530621,HIXnJ
A1610030,A161003001,2025-09-16,1539.0,2026-05-31T20:30:42Z,16,Donnée validée,0,Mesurée,20,Bonne,7.384986107,48.102530621,HIXnJ
A1610030,A161003001,2025-09-17,1526.0,2026-05-31T20:30:42Z,16,Donnée validée,0,Mesurée,20,Bonne,7.384986107,48.102530621,HIXnJ
A1610030,A161003001,2025-09-18,1461.0,2026-05-31T20:30:42Z,16,Donnée validée,0,Mesurée,20,Bonne,7.384986107,48.102530621,HIXnJ
A1610030,A161003001,2025-09-19,1421.0,2026-05-31T20:30:42Z,16,Donnée validée,0,Mesurée,20,Bonne,7.384986107,48.102530621,HIXnJ
A1610030,A161003001,2025-09-20,1400.0,2026-05-31T20:30:42Z,16,Donnée validée,0,Mesurée,20,Bonne,7.384986107,48.102530621,HIXnJ
A1610030,A161003001,2025-09-21,1610.0,2026-05-31T20:30:42Z,16,Donnée validée,0,Mesurée,20,Bonne,7.384986107,48.102530621,HIXnJ
A1610030,A161003001,2025-09-22,1985.0,2026-05-31T20:30:42Z,16,Donnée validée,0,Mesurée,20,Bonne,7.384986107,48.102530621,HIXnJ
A1610030,A161003001,2025-09-23,2116.0,2026-05-31T20:30:42Z,16,Donnée validée,0,Mesurée,20,Bonne,7.384986107,48.102530621,HIXnJ
A1610030,A161003001,2025-09-24,1931.0,2026-05-31T20:30:42Z,16,Donnée validée,0,Mesurée,20,Bonne,7.384986107,48.102530621,HIXnJ
A1610030,A161003001,2025-09-25,1925.0,2026-05-31T20:30:42Z,16,Donnée validée,0,Mesurée,20,Bonne,7.384986107,48.102530621,HIXnJ
A1610030,A161003001,2025-09-26,1867.0,2026-05-31T20:30:42Z,16,Donnée validée,8,Calculée,20,Bonne,7.384986107,48.102530621,HIXnJ
A1610030,A161003001,2025-09-27,1685.0,2026-05-31T20:30:42Z,16,Donnée validée,0,Mesurée,20,Bonne,7.384986107,48.102530621,HIXnJ
A1610030,A161003001,2025-09-28,1638.0,2026-05-31T20:30:42Z,16,Donnée validée,0,Mesurée,20,Bonne,7.384986107,48.102530621,HIXnJ
A1610030,A161003001,2025-09-29,1559.0,2026-05-31T20:30:42Z,16,Donnée validée,0,Mesurée,20,Bonne,7.384986107,48.102530621,HIXnJ
A1610030,A161003001,2025-09-30,1515.0,2026-05-31T20:30:42Z,16,Donnée validée,0,Mesurée,20,Bonne,7.384986107,48.102530621,HIXnJ
A1610030,A161003001,2025-10-01,1467.0,2026-05-31T20:30:42Z,16,Donnée validée,0,Mesurée,20,Bonne,7.384986107,48.102530621,HIXnJ
A1610030,A161003001,2025-10-02,1440.0,2026-05-31T20:30:42Z,16,Donnée validée,0,Mesurée,20,Bonne,7.384986107,48.102530621,HIXnJ
A1610030,A161003001,2025-10-03,1405.0,2026-05-31T20:30:42Z,16,Donnée validée,0,Mesurée,20,Bonne,7.384986107,48.102530621,HIXnJ
A1610030,A161003001,2025-10-04,1383.0,2026-05-31T20:30:42Z,16,Donnée validée,0,Mesurée,20,Bonne,7.384986107,48.102530621,HIXnJ
A1610030,A161003001,2025-10-05,1432.0,2026-05-31T20:30:42Z,16,Donnée validée,0,Mesurée,20,Bonne,7.384986107,48.102530621,HIXnJ
A1610030,A161003001,2025-10-06,1517.0,2026-05-31T20:30:42Z,16,Donnée validée,0,Mesurée,20,Bonne,7.384986107,48.102530621,HIXnJ
A1610030,A161003001,2025-10-07,1534.0,2026-05-31T20:30:42Z,16,Donnée validée,0,Mesurée,20,Bonne,7.384986107,48.102530621,HIXnJ
A1610030,A161003001,2025-10-08,1446.0,2026-05-31T20:30:42Z,16,Donnée validée,0,Mesurée,20,Bonne,7.384986107,48.102530621,HIXnJ
A1610030,A161003001,2025-10-09,1418.0,2026-05-31T20:30:42Z,16,Donnée validée,0,Mesurée,20,Bonne,7.384986107,48.102530621,HIXnJ
A1610030,A161003001,2025-10-10,1341.0,2026-05-31T20:30:42Z,16,Donnée validée,0,Mesurée,20,Bonne,7.384986107,48.102530621,HIXnJ
A1610030,A161003001,2025-10-11,1305.0,2026-05-31T20:30:42Z,16,Donnée validée,0,Mesurée,20,Bonne,7.384986107,48.102530621,HIXnJ
A1610030,A161003001,2025-10-12,1279.0,2026-05-31T20:30:42Z,16,Donnée validée,0,Mesurée,20,Bonne,7.384986107,48.102530621,HIXnJ
A1610030,A161003001,2025-10-13,1274.0,2026-05-31T20:30:42Z,16,Donnée validée,0,Mesurée,20,Bonne,7.384986107,48.102530621,HIXnJ
A1610030,A161003001,2025-10-14,1251.0,2026-05-31T20:30:42Z,16,Donnée validée,0,Mesurée,20,Bonne,7.384986107,48.102530621,HIXnJ
A1610030,A161003001,2025-10-15,1240.0,2026-05-31T20:30:42Z,16,Donnée validée,8,Calculée,20,Bonne,7.384986107,48.102530621,HIXnJ
A1610030,A161003001,2025-10-16,1218.0,2026-05-31T20:30:42Z,16,Donnée validée,0,Mesurée,20,Bonne,7.384986107,48.102530621,HIXnJ
A1610030,A161003001,2025-10-17,1205.0,2026-05-31T20:30:42Z,16,Donnée validée,8,Calculée,20,Bonne,7.384986107,48.102530621,HIXnJ
A1610030,A161003001,2025-10-18,1202.0,2026-05-31T20:30:42Z,16,Donnée validée,0,Mesurée,20,Bonne,7.384986107,48.102530621,HIXnJ
A1610030,A161003001,2025-10-19,1205.0,2026-05-31T20:30:42Z,16,Donnée validée,0,Mesurée,20,Bonne,7.384986107,48.102530621,HIXnJ
A1610030,A161003001,2025-10-20,1209.0,2026-05-31T20:30:42Z,16,Donnée validée,8,Calculée,20,Bonne,7.384986107,48.102530621,HIXnJ
A1610030,A161003001,2025-10-21,1248.0,2026-05-31T20:30:42Z,16,Donnée validée,8,Calculée,20,Bonne,7.384986107,48.102530621,HIXnJ
A1610030,A161003001,2025-10-22,1742.0,2026-05-31T20:30:42Z,16,Donnée validée,8,Calculée,20,Bonne,7.384986107,48.102530621,HIXnJ
A1610030,A161003001,2025-10-23,2743.0,2026-05-31T20:30:42Z,16,Donnée validée,0,Mesurée,20,Bonne,7.384986107,48.102530621,HIXnJ
A1610030,A161003001,2025-10-24,2837.0,2026-05-31T20:30:42Z,16,Donnée validée,0,Mesurée,20,Bonne,7.384986107,48.102530621,HIXnJ
A1610030,A161003001,2025-10-25,2594.0,2026-05-31T20:30:42Z,16,Donnée validée,0,Mesurée,20,Bonne,7.384986107,48.102530621,HIXnJ
A1610030,A161003001,2025-10-26,2465.0,2026-05-31T20:30:42Z,16,Donnée validée,0,Mesurée,20,Bonne,7.384986107,48.102530621,HIXnJ
A1610030,A161003001,2025-10-27,2834.0,2026-05-31T20:30:42Z,16,Donnée validée,0,Mesurée,20,Bonne,7.384986107,48.102530621,HIXnJ
A1610030,A161003001,2025-10-28,3048.0,2026-05-31T20:30:42Z,16,Donnée validée,0,Mesurée,20,Bonne,7.384986107,48.102530621,HIXnJ
A1610030,A161003001,2025-10-29,2885.0,2026-05-31T20:30:42Z,16,Donnée validée,8,Calculée,20,Bonne,7.384986107,48.102530621,HIXnJ
A1610030,A161003001,2025-10-30,2672.0,2026-05-31T20:30:42Z,16,Donnée validée,0,Mesurée,20,Bonne,7.384986107,48.102530621,HIXnJ
A1610030,A161003001,2025-10-31,2516.0,2026-05-31T20:30:42Z,16,Donnée validée,0,Mesurée,20,Bonne,7.384986107,48.102530621,HIXnJ
A1610030,A161003001,2025-11-01,2148.0,2026-05-31T20:30:42Z,16,Donnée validée,8,Calculée,20,Bonne,7.384986107,48.102530621,HIXnJ
A1610030,A161003001,2025-11-02,2387.0,2026-05-31T20:30:42Z,16,Donnée validée,8,Calculée,20,Bonne,7.384986107,48.102530621,HIXnJ
A1610030,A161003001,2025-11-03,2397.0,2026-05-31T20:30:42Z,16,Donnée validée,0,Mesurée,20,Bonne,7.384986107,48.102530621,HIXnJ
A1610030,A161003001,2025-11-04,2166.0,2026-05-31T20:30:42Z,16,Donnée validée,8,Calculée,20,Bonne,7.384986107,48.102530621,HIXnJ
A1610030,A161003001,2025-11-05,1880.0,2026-05-31T20:30:42Z,16,Donnée validée,8,Calculée,20,Bonne,7.384986107,48.102530621,HIXnJ
A1610030,A161003001,2025-11-06,1753.0,2026-05-31T20:30:42Z,16,Donnée validée,8,Calculée,20,Bonne,7.384986107,48.102530621,HIXnJ
A1610030,A161003001,2025-11-07,1667.0,2026-05-31T20:30:42Z,16,Donnée validée,8,Calculée,20,Bonne,7.384986107,48.102530621,HIXnJ
A1610030,A161003001,2025-11-08,1603.0,2026-05-31T20:30:42Z,16,Donnée validée,8,Calculée,20,Bonne,7.384986107,48.102530621,HIXnJ
A1610030,A161003001,2025-11-09,1548.0,2026-05-31T20:30:42Z,16,Donnée validée,8,Calculée,20,Bonne,7.384986107,48.102530621,HIXnJ
A1610030,A161003001,2025-11-10,1505.0,2026-05-31T20:30:42Z,16,Donnée validée,0,Mesurée,20,Bonne,7.384986107,48.102530621,HIXnJ
A1610030,A161003001,2025-11-11,1477.0,2026-05-31T20:30:42Z,16,Donnée validée,0,Mesurée,20,Bonne,7.384986107,48.102530621,HIXnJ
A1610030,A161003001,2025-11-12,1456.0,2026-05-31T20:30:42Z,16,Donnée validée,8,Calculée,20,Bonne,7.384986107,48.102530621,HIXnJ
A1610030,A161003001,2025-11-13,1429.0,2026-05-31T20:30:42Z,16,Donnée validée,8,Calculée,20,Bonne,7.384986107,48.102530621,HIXnJ
A1610030,A161003001,2025-11-14,1406.0,2026-05-31T20:30:42Z,16,Donnée validée,8,Calculée,20,Bonne,7.384986107,48.102530621,HIXnJ
A1610030,A161003001,2025-11-15,1386.0,2026-05-31T20:30:42Z,16,Donnée validée,0,Mesurée,20,Bonne,7.384986107,48.102530621,HIXnJ
A1610030,A161003001,2025-11-16,1410.0,2026-05-31T20:30:42Z,16,Donnée validée,8,Calculée,20,Bonne,7.384986107,48.102530621,HIXnJ
A1610030,A161003001,2025-11-17,1524.0,2026-05-31T20:30:42Z,16,Donnée validée,0,Mesurée,20,Bonne,7.384986107,48.102530621,HIXnJ
A1610030,A161003001,2025-11-18,1781.0,2026-05-31T20:30:42Z,16,Donnée validée,0,Mesurée,20,Bonne,7.384986107,48.102530621,HIXnJ
A1610030,A161003001,2025-11-19,1580.0,2026-05-31T20:30:42Z,16,Donnée validée,8,Calculée,20,Bonne,7.384986107,48.102530621,HIXnJ
A1610030,A161003001,2025-11-20,1467.0,2026-05-31T20:30:42Z,16,Donnée validée,0,Mesurée,20,Bonne,7.384986107,48.102530621,HIXnJ
A1610030,A161003001,2025-11-21,1478.0,2026-05-31T20:30:42Z,16,Donnée validée,0,Mesurée,20,Bonne,7.384986107,48.102530621,HIXnJ
A1610030,A161003001,2025-11-22,1444.0,2026-05-31T20:30:42Z,16,Donnée validée,8,Calculée,20,Bonne,7.384986107,48.102530621,HIXnJ
A1610030,A161003001,2025-11-23,1401.0,2026-05-31T20:30:42Z,16,Donnée validée,0,Mesurée,20,Bonne,7.384986107,48.102530621,HIXnJ
A1610030,A161003001,2025-11-24,2047.0,2026-05-31T20:30:42Z,16,Donnée validée,8,Calculée,20,Bonne,7.384986107,48.102530621,HIXnJ
A1610030,A161003001,2025-11-25,2392.0,2026-05-31T20:30:42Z,16,Donnée validée,0,Mesurée,20,Bonne,7.384986107,48.102530621,HIXnJ
A1610030,A161003001,2025-11-26,2300.0,2026-05-31T20:30:42Z,16,Donnée validée,8,Calculée,20,Bonne,7.384986107,48.102530621,HIXnJ
A1610030,A161003001,2025-11-27,2081.0,2026-05-31T20:30:42Z,16,Donnée validée,8,Calculée,20,Bonne,7.384986107,48.102530621,HIXnJ
A1610030,A161003001,2025-11-28,1823.0,2026-05-31T20:30:42Z,16,Donnée validée,8,Calculée,20,Bonne,7.384986107,48.102530621,HIXnJ
A1610030,A161003001,2025-11-29,1687.0,2026-05-31T20:30:42Z,16,Donnée validée,8,Calculée,20,Bonne,7.384986107,48.102530621,HIXnJ
A1610030,A161003001,2025-11-30,1655.0,2026-05-31T20:30:42Z,16,Donnée validée,0,Mesurée,20,Bonne,7.384986107,48.102530621,HIXnJ
A1610030,A161003001,2025-12-01,1655.0,2026-05-31T20:30:42Z,16,Donnée validée,0,Mesurée,20,Bonne,7.384986107,48.102530621,HIXnJ
A1610030,A161003001,2025-12-02,1574.0,2026-05-31T20:30:42Z,16,Donnée validée,0,Mesurée,20,Bonne,7.384986107,48.102530621,HIXnJ
A1610030,A161003001,2025-12-03,1533.0,2026-05-31T20:30:42Z,16,Donnée validée,8,Calculée,20,Bonne,7.384986107,48.102530621,HIXnJ
A1610030,A161003001,2025-12-04,1511.0,2026-05-31T20:30:42Z,16,Donnée validée,0,Mesurée,20,Bonne,7.384986107,48.102530621,HIXnJ
A1610030,A161003001,2025-12-05,1483.0,2026-05-31T20:30:42Z,16,Donnée validée,8,Calculée,20,Bonne,7.384986107,48.102530621,HIXnJ
A1610030,A161003001,2025-12-06,1461.0,2026-05-31T20:30:42Z,16,Donnée validée,0,Mesurée,20,Bonne,7.384986107,48.102530621,HIXnJ
A1610030,A161003001,2025-12-07,1570.0,2026-05-31T20:30:42Z,16,Donnée validée,8,Calculée,20,Bonne,7.384986107,48.102530621,HIXnJ
A1610030,A161003001,2025-12-08,2104.0,2026-05-31T20:30:42Z,16,Donnée validée,0,Mesurée,20,Bonne,7.384986107,48.102530621,HIXnJ
A1610030,A161003001,2025-12-09,2110.0,2026-05-31T20:30:42Z,16,Donnée validée,0,Mesurée,20,Bonne,7.384986107,48.102530621,HIXnJ
A1610030,A161003001,2025-12-10,1892.0,2026-05-31T20:30:42Z,16,Donnée validée,8,Calculée,20,Bonne,7.384986107,48.102530621,HIXnJ
A1610030,A161003001,2025-12-11,1738.0,2026-05-31T20:30:42Z,16,Donnée validée,8,Calculée,20,Bonne,7.384986107,48.102530621,HIXnJ
A1610030,A161003001,2025-12-12,1643.0,2026-05-31T20:30:42Z,16,Donnée validée,8,Calculée,20,Bonne,7.384986107,48.102530621,HIXnJ
A1610030,A161003001,2025-12-13,1579.0,2026-05-31T20:30:42Z,16,Donnée validée,8,Calculée,20,Bonne,7.384986107,48.102530621,HIXnJ
A1610030,A161003001,2025-12-14,1524.0,2026-05-31T20:30:42Z,16,Donnée validée,8,Calculée,20,Bonne,7.384986107,48.102530621,HIXnJ
A1610030,A161003001,2025-12-15,1491.0,2026-05-31T20:30:42Z,16,Donnée validée,8,Calculée,20,Bonne,7.384986107,48.102530621,HIXnJ
A1610030,A161003001,2025-12-16,1465.0,2026-05-31T20:30:42Z,16,Donnée validée,8,Calculée,20,Bonne,7.384986107,48.102530621,HIXnJ
A1610030,A161003001,2025-12-17,1440.0,2026-05-31T20:30:42Z,16,Donnée validée,8,Calculée,20,Bonne,7.384986107,48.102530621,HIXnJ
A1610030,A161003001,2025-12-18,1420.0,2026-05-31T20:30:42Z,16,Donnée validée,8,Calculée,20,Bonne,7.384986107,48.102530621,HIXnJ
A1610030,A161003001,2025-12-19,1397.0,2026-05-31T20:30:42Z,16,Donnée validée,8,Calculée,20,Bonne,7.384986107,48.102530621,HIXnJ
A1610030,A161003001,2025-12-20,1388.0,2026-05-31T20:30:42Z,16,Donnée validée,8,Calculée,20,Bonne,7.384986107,48.102530621,HIXnJ
A1610030,A161003001,2025-12-21,1392.0,2026-05-31T20:30:42Z,16,Donnée validée,0,Mesurée,20,Bonne,7.384986107,48.102530621,HIXnJ
A1610030,A161003001,2025-12-22,1383.0,2026-05-31T20:30:42Z,16,Donnée validée,0,Mesurée,20,Bonne,7.384986107,48.102530621,HIXnJ
A1610030,A161003001,2025-12-23,1359.0,2026-05-31T20:30:42Z,16,Donnée validée,0,Mesurée,20,Bonne,7.384986107,48.102530621,HIXnJ
A1610030,A161003001,2025-12-24,1346.0,2026-05-31T20:30:42Z,16,Donnée validée,8,Calculée,20,Bonne,7.384986107,48.102530621,HIXnJ
A1610030,A161003001,2025-12-25,1333.0,2026-05-31T20:30:42Z,16,Donnée validée,0,Mesurée,20,Bonne,7.384986107,48.102530621,HIXnJ
A1610030,A161003001,2025-12-26,1322.0,2026-05-31T20:30:42Z,16,Donnée validée,8,Calculée,20,Bonne,7.384986107,48.102530621,HIXnJ
A1610030,A161003001,2025-12-27,1319.0,2026-05-31T20:30:42Z,16,Donnée validée,0,Mesurée,20,Bonne,7.384986107,48.102530621,HIXnJ
A1610030,A161003001,2025-12-28,1310.0,2026-05-31T20:30:42Z,16,Donnée validée,8,Calculée,20,Bonne,7.384986107,48.102530621,HIXnJ
A1610030,A161003001,2025-12-29,1307.0,2026-05-31T20:30:42Z,16,Donnée validée,8,Calculée,20,Bonne,7.384986107,48.102530621,HIXnJ
A1610030,A161003001,2025-12-30,1300.0,2026-05-31T20:30:42Z,16,Donnée validée,0,Mesurée,20,Bonne,7.384986107,48.102530621,HIXnJ
A1610030,A161003001,2025-12-31,1299.0,2026-05-31T20:30:42Z,16,Donnée validée,0,Mesurée,20,Bonne,7.384986107,48.102530621,HIXnJ
A1610030,A161003001,2026-01-01,1290.0,2026-05-31T20:30:42Z,16,Donnée validée,8,Calculée,20,Bonne,7.384986107,48.102530621,HIXnJ
A1610030,A161003001,2026-01-02,1292.0,2026-05-31T20:30:42Z,12,Donnée pré-validée,0,Mesurée,20,Bonne,7.384986107,48.102530621,HIXnJ
A1610030,A161003001,2026-01-03,1293.0,2026-05-31T20:30:42Z,12,Donnée pré-validée,0,Mesurée,20,Bonne,7.384986107,48.102530621,HIXnJ
A1610030,A161003001,2026-01-04,1290.0,2026-05-31T20:30:42Z,12,Donnée pré-validée,8,Calculée,20,Bonne,7.384986107,48.102530621,HIXnJ
A1610030,A161003001,2026-01-05,1287.0,2026-05-31T20:30:42Z,12,Donnée pré-validée,0,Mesurée,20,Bonne,7.384986107,48.102530621,HIXnJ
A1610030,A161003001,2026-01-06,1279.0,2026-05-31T20:30:42Z,12,Donnée pré-validée,0,Mesurée,20,Bonne,7.384986107,48.102530621,HIXnJ
A1610030,A161003001,2026-01-07,1280.0,2026-05-31T20:30:42Z,12,Donnée pré-validée,0,Mesurée,20,Bonne,7.384986107,48.102530621,HIXnJ
A1610030,A161003001,2026-01-08,1266.0,2026-05-31T20:30:42Z,12,Donnée pré-validée,8,Calculée,20,Bonne,7.384986107,48.102530621,HIXnJ
A1610030,A161003001,2026-01-09,1851.0,2026-05-31T20:30:42Z,12,Donnée pré-validée,0,Mesurée,20,Bonne,7.384986107,48.102530621,HIXnJ
A1610030,A161003001,2026-01-10,1964.0,2026-05-31T20:30:42Z,12,Donnée pré-validée,0,Mesurée,20,Bonne,7.384986107,48.102530621,HIXnJ
A1610030,A161003001,2026-01-11,1912.0,2026-05-31T20:30:42Z,12,Donnée pré-validée,0,Mesurée,20,Bonne,7.384986107,48.102530621,HIXnJ
A1610030,A161003001,2026-01-12,1669.0,2026-05-31T20:30:42Z,12,Donnée pré-validée,8,Calculée,20,Bonne,7.384986107,48.102530621,HIXnJ
A1610030,A161003001,2026-01-13,1702.0,2026-05-31T20:30:42Z,12,Donnée pré-validée,0,Mesurée,20,Bonne,7.384986107,48.102530621,HIXnJ
A1610030,A161003001,2026-01-14,1707.0,2026-05-31T20:30:42Z,12,Donnée pré-validée,0,Mesurée,20,Bonne,7.384986107,48.102530621,HIXnJ
A1610030,A161003001,2026-01-15,1718.0,2026-05-31T20:30:42Z,12,Donnée pré-validée,0,Mesurée,20,Bonne,7.384986107,48.102530621,HIXnJ
A1610030,A161003001,2026-01-16,1688.0,2026-05-31T20:30:42Z,12,Donnée pré-validée,0,Mesurée,20,Bonne,7.384986107,48.102530621,HIXnJ
A1610030,A161003001,2026-01-17,1643.0,2026-05-31T20:30:42Z,12,Donnée pré-validée,8,Calculée,20,Bonne,7.384986107,48.102530621,HIXnJ
A1610030,A161003001,2026-01-18,1580.0,2026-05-31T20:30:42Z,12,Donnée pré-validée,8,Calculée,20,Bonne,7.384986107,48.102530621,HIXnJ
A1610030,A161003001,2026-01-19,1546.0,2026-05-31T20:30:42Z,12,Donnée pré-validée,0,Mesurée,20,Bonne,7.384986107,48.102530621,HIXnJ
A1610030,A161003001,2026-01-20,1504.0,2026-05-31T20:30:42Z,12,Donnée pré-validée,0,Mesurée,20,Bonne,7.384986107,48.102530621,HIXnJ
A1610030,A161003001,2026-01-21,1463.0,2026-05-31T20:30:42Z,12,Donnée pré-validée,0,Mesurée,20,Bonne,7.384986107,48.102530621,HIXnJ
A1610030,A161003001,2026-01-22,1445.0,2026-05-31T20:30:42Z,12,Donnée pré-validée,0,Mesurée,20,Bonne,7.384986107,48.102530621,HIXnJ
A1610030,A161003001,2026-01-23,1430.0,2026-05-31T20:30:42Z,12,Donnée pré-validée,8,Calculée,20,Bonne,7.384986107,48.102530621,HIXnJ
A1610030,A161003001,2026-01-24,1406.0,2026-05-31T20:30:42Z,12,Donnée pré-validée,0,Mesurée,20,Bonne,7.384986107,48.102530621,HIXnJ
A1610030,A161003001,2026-01-25,1389.0,2026-05-31T20:30:42Z,12,Donnée pré-validée,8,Calculée,20,Bonne,7.384986107,48.102530621,HIXnJ
A1610030,A161003001,2026-01-26,1373.0,2026-05-31T20:30:42Z,12,Donnée pré-validée,8,Calculée,20,Bonne,7.384986107,48.102530621,HIXnJ
A1610030,A161003001,2026-01-27,1359.0,2026-05-31T20:30:42Z,12,Donnée pré-validée,8,Calculée,20,Bonne,7.384986107,48.102530621,HIXnJ
A1610030,A161003001,2026-01-28,1739.0,2026-05-31T20:30:42Z,12,Donnée pré-validée,0,Mesurée,20,Bonne,7.384986107,48.102530621,HIXnJ
A1610030,A161003001,2026-01-29,2132.0,2026-05-31T20:30:42Z,12,Donnée pré-validée,0,Mesurée,20,Bonne,7.384986107,48.102530621,HIXnJ
A1610030,A161003001,2026-01-30,2077.0,2026-05-31T20:30:42Z,12,Donnée pré-validée,8,Calculée,20,Bonne,7.384986107,48.102530621,HIXnJ
A1610030,A161003001,2026-01-31,1760.0,2026-05-31T20:30:42Z,12,Donnée pré-validée,0,Mesurée,20,Bonne,7.384986107,48.102530621,HIXnJ
A1610030,A161003001,2026-02-01,1696.0,2026-05-31T20:30:42Z,12,Donnée pré-validée,8,Calculée,20,Bonne,7.384986107,48.102530621,HIXnJ
A1610030,A161003001,2026-02-02,1687.0,2026-05-31T20:30:42Z,12,Donnée pré-validée,8,Calculée,20,Bonne,7.384986107,48.102530621,HIXnJ
A1610030,A161003001,2026-02-03,1748.0,2026-05-31T20:30:42Z,12,Donnée pré-validée,0,Mesurée,20,Bonne,7.384986107,48.102530621,HIXnJ
A1610030,A161003001,2026-02-04,1749.0,2026-05-31T20:30:42Z,12,Donnée pré-validée,0,Mesurée,20,Bonne,7.384986107,48.102530621,HIXnJ
A1610030,A161003001,2026-02-05,1689.0,2026-05-31T20:30:42Z,12,Donnée pré-validée,8,Calculée,20,Bonne,7.384986107,48.102530621,HIXnJ
A1610030,A161003001,2026-02-06,1639.0,2026-05-31T20:30:42Z,12,Donnée pré-validée,8,Calculée,20,Bonne,7.384986107,48.102530621,HIXnJ
A1610030,A161003001,2026-02-07,1667.0,2026-05-31T20:30:42Z,12,Donnée pré-validée,0,Mesurée,20,Bonne,7.384986107,48.102530621,HIXnJ
A1610030,A161003001,2026-02-08,1650.0,2026-05-31T20:30:42Z,12,Donnée pré-validée,0,Mesurée,20,Bonne,7.384986107,48.102530621,HIXnJ
A1610030,A161003001,2026-02-09,1616.0,2026-05-31T20:30:42Z,12,Donnée pré-validée,8,Calculée,20,Bonne,7.384986107,48.102530621,HIXnJ
A1610030,A161003001,2026-02-10,1782.0,2026-05-31T20:30:42Z,12,Donnée pré-validée,8,Calculée,20,Bonne,7.384986107,48.102530621,HIXnJ
A1610030,A161003001,2026-02-11,2923.0,2026-05-31T20:30:42Z,12,Donnée pré-validée,8,Calculée,20,Bonne,7.384986107,48.102530621,HIXnJ
A1610030,A161003001,2026-02-12,3514.0,2026-05-31T20:30:42Z,12,Donnée pré-validée,8,Calculée,20,Bonne,7.384986107,48.102530621,HIXnJ
A1610030,A161003001,2026-02-13,3710.0,2026-05-31T20:30:42Z,12,Donnée pré-validée,0,Mesurée,20,Bonne,7.384986107,48.102530621,HIXnJ
A1610030,A161003001,2026-02-14,3642.0,2026-05-31T20:30:42Z,12,Donnée pré-validée,0,Mesurée,20,Bonne,7.384986107,48.102530621,HIXnJ
A1610030,A161003001,2026-02-15,2801.0,2026-05-31T20:30:42Z,12,Donnée pré-validée,8,Calculée,20,Bonne,7.384986107,48.102530621,HIXnJ
A1610030,A161003001,2026-02-16,2918.0,2026-05-31T20:30:42Z,12,Donnée pré-validée,0,Mesurée,20,Bonne,7.384986107,48.102530621,HIXnJ
A1610030,A161003001,2026-02-17,3116.0,2026-05-31T20:30:42Z,12,Donnée pré-validée,0,Mesurée,20,Bonne,7.384986107,48.102530621,HIXnJ
A1610030,A161003001,2026-02-18,3102.0,2026-05-31T20:30:42Z,12,Donnée pré-validée,0,Mesurée,20,Bonne,7.384986107,48.102530621,HIXnJ
A1610030,A161003001,2026-02-19,3141.0,2026-05-31T20:30:42Z,12,Donnée pré-validée,0,Mesurée,20,Bonne,7.384986107,48.102530621,HIXnJ
A1610030,A161003001,2026-02-20,3142.0,2026-05-31T20:30:42Z,12,Donnée pré-validée,0,Mesurée,20,Bonne,7.384986107,48.102530621,HIXnJ
A1610030,A161003001,2026-02-21,2869.0,2026-05-31T20:30:42Z,12,Donnée pré-validée,8,Calculée,20,Bonne,7.384986107,48.102530621,HIXnJ
A1610030,A161003001,2026-02-22,2747.0,2026-05-31T20:30:42Z,12,Donnée pré-validée,0,Mesurée,20,Bonne,7.384986107,48.102530621,HIXnJ
A1610030,A161003001,2026-02-23,2596.0,2026-05-31T20:30:42Z,12,Donnée pré-validée,8,Calculée,20,Bonne,7.384986107,48.102530621,HIXnJ
A1610030,A161003001,2026-02-24,2599.0,2026-05-31T20:30:42Z,12,Donnée pré-validée,0,Mesurée,20,Bonne,7.384986107,48.102530621,HIXnJ
A1610030,A161003001,2026-02-25,2545.0,2026-05-31T20:30:42Z,12,Donnée pré-validée,0,Mesurée,20,Bonne,7.384986107,48.102530621,HIXnJ
A1610030,A161003001,2026-02-26,2339.0,2026-05-31T20:30:42Z,12,Donnée pré-validée,0,Mesurée,20,Bonne,7.384986107,48.102530621,HIXnJ
A1610030,A161003001,2026-02-27,2137.0,2026-05-31T20:30:42Z,12,Donnée pré-validée,8,Calculée,20,Bonne,7.384986107,48.102530621,HIXnJ
A1610030,A161003001,2026-02-28,1978.0,2026-05-31T20:30:42Z,12,Donnée pré-validée,8,Calculée,20,Bonne,7.384986107,48.102530621,HIXnJ
A1610030,A161003001,2026-03-01,1864.0,2026-05-31T20:30:42Z,12,Donnée pré-validée,8,Calculée,20,Bonne,7.384986107,48.102530621,HIXnJ
A1610030,A161003001,2026-03-02,1780.0,2026-05-31T20:30:42Z,12,Donnée pré-validée,0,Mesurée,20,Bonne,7.384986107,48.102530621,HIXnJ
A1610030,A161003001,2026-03-03,1721.0,2026-05-31T20:30:42Z,12,Donnée pré-validée,8,Calculée,20,Bonne,7.384986107,48.102530621,HIXnJ
A1610030,A161003001,2026-03-04,1644.0,2026-05-31T20:30:42Z,12,Donnée pré-validée,0,Mesurée,20,Bonne,7.384986107,48.102530621,HIXnJ
A1610030,A161003001,2026-03-05,1598.0,2026-05-31T20:30:42Z,12,Donnée pré-validée,0,Mesurée,20,Bonne,7.384986107,48.102530621,HIXnJ
A1610030,A161003001,2026-03-06,1549.0,2026-05-31T20:30:42Z,12,Donnée pré-validée,0,Mesurée,20,Bonne,7.384986107,48.102530621,HIXnJ
A1610030,A161003001,2026-03-07,1528.0,2026-05-31T20:30:42Z,12,Donnée pré-validée,8,Calculée,20,Bonne,7.384986107,48.102530621,HIXnJ
A1610030,A161003001,2026-03-08,1493.0,2026-05-31T20:30:42Z,12,Donnée pré-validée,8,Calculée,20,Bonne,7.384986107,48.102530621,HIXnJ
A1610030,A161003001,2026-03-09,1473.0,2026-05-31T20:30:42Z,12,Donnée pré-validée,0,Mesurée,20,Bonne,7.384986107,48.102530621,HIXnJ
A1610030,A161003001,2026-03-10,1453.0,2026-05-31T20:30:42Z,12,Donnée pré-validée,8,Calculée,20,Bonne,7.384986107,48.102530621,HIXnJ
A1610030,A161003001,2026-03-11,1438.0,2026-05-31T20:30:42Z,12,Donnée pré-validée,0,Mesurée,20,Bonne,7.384986107,48.102530621,HIXnJ
A1610030,A161003001,2026-03-12,1498.0,2026-05-31T20:30:42Z,12,Donnée pré-validée,0,Mesurée,20,Bonne,7.384986107,48.102530621,HIXnJ
A1610030,A161003001,2026-03-13,1482.0,2026-05-31T20:30:42Z,12,Donnée pré-validée,8,Calculée,20,Bonne,7.384986107,48.102530621,HIXnJ
A1610030,A161003001,2026-03-14,1476.0,2026-05-31T20:30:42Z,12,Donnée pré-validée,0,Mesurée,20,Bonne,7.384986107,48.102530621,HIXnJ
A1610030,A161003001,2026-03-15,1480.0,2026-05-31T20:30:42Z,12,Donnée pré-validée,0,Mesurée,20,Bonne,7.384986107,48.102530621,HIXnJ
A1610030,A161003001,2026-03-16,1456.0,2026-05-31T20:30:42Z,12,Donnée pré-validée,8,Calculée,20,Bonne,7.384986107,48.102530621,HIXnJ
A1610030,A161003001,2026-03-17,1428.0,2026-05-31T20:30:42Z,12,Donnée pré-validée,8,Calculée,20,Bonne,7.384986107,48.102530621,HIXnJ
A1610030,A161003001,2026-03-18,1463.0,2026-05-31T20:30:42Z,12,Donnée pré-validée,0,Mesurée,20,Bonne,7.384986107,48.102530621,HIXnJ
A1610030,A161003001,2026-03-19,1383.0,2026-05-31T20:30:42Z,12,Donnée pré-validée,8,Calculée,20,Bonne,7.384986107,48.102530621,HIXnJ
A1610030,A161003001,2026-03-20,1360.0,2026-05-31T20:30:42Z,12,Donnée pré-validée,0,Mesurée,20,Bonne,7.384986107,48.102530621,HIXnJ
A1610030,A161003001,2026-03-21,1353.0,2026-05-31T20:30:42Z,12,Donnée pré-validée,0,Mesurée,20,Bonne,7.384986107,48.102530621,HIXnJ
A1610030,A161003001,2026-03-22,1343.0,2026-05-31T20:30:42Z,12,Donnée pré-validée,8,Calculée,20,Bonne,7.384986107,48.102530621,HIXnJ
A1610030,A161003001,2026-03-23,1341.0,2026-05-31T20:30:42Z,12,Donnée pré-validée,0,Mesurée,20,Bonne,7.384986107,48.102530621,HIXnJ
A1610030,A161003001,2026-03-24,1337.0,2026-05-31T20:30:42Z,12,Donnée pré-validée,0,Mesurée,20,Bonne,7.384986107,48.102530621,HIXnJ
A1610030,A161003001,2026-03-25,1329.0,2026-05-31T20:30:42Z,12,Donnée pré-validée,0,Mesurée,20,Bonne,7.384986107,48.102530621,HIXnJ
A1610030,A161003001,2026-03-26,1384.0,2026-05-31T20:30:42Z,12,Donnée pré-validée,0,Mesurée,20,Bonne,7.384986107,48.102530621,HIXnJ
A1610030,A161003001,2026-03-27,1357.0,2026-05-31T20:30:42Z,12,Donnée pré-validée,8,Calculée,20,Bonne,7.384986107,48.102530621,HIXnJ
A1610030,A161003001,2026-03-28,1331.0,2026-05-31T20:30:42Z,12,Donnée pré-validée,0,Mesurée,20,Bonne,7.384986107,48.102530621,HIXnJ
A1610030,A161003001,2026-03-29,1326.0,2026-05-31T20:30:42Z,12,Donnée pré-validée,0,Mesurée,20,Bonne,7.384986107,48.102530621,HIXnJ
A1610030,A161003001,2026-03-30,1364.0,2026-05-31T20:30:42Z,12,Donnée pré-validée,0,Mesurée,20,Bonne,7.384986107,48.102530621,HIXnJ
A1610030,A161003001,2026-03-31,1490.0,2026-05-31T20:30:42Z,12,Donnée pré-validée,0,Mesurée,20,Bonne,7.384986107,48.102530621,HIXnJ
A1610030,A161003001,2026-04-01,1365.0,2026-05-31T20:30:42Z,12,Donnée pré-validée,8,Calculée,20,Bonne,7.384986107,48.102530621,HIXnJ
A1610030,A161003001,2026-04-02,1343.0,2026-05-31T20:30:42Z,12,Donnée pré-validée,0,Mesurée,20,Bonne,7.384986107,48.102530621,HIXnJ
A1610030,A161003001,2026-04-03,1340.0,2026-05-31T20:30:42Z,12,Donnée pré-validée,0,Mesurée,20,Bonne,7.384986107,48.102530621,HIXnJ
A1610030,A161003001,2026-04-04,1319.0,2026-05-31T20:30:42Z,12,Donnée pré-validée,8,Calculée,20,Bonne,7.384986107,48.102530621,HIXnJ
A1610030,A161003001,2026-04-05,1309.0,2026-05-31T20:30:42Z,12,Donnée pré-validée,8,Calculée,20,Bonne,7.384986107,48.102530621,HIXnJ
A1610030,A161003001,2026-04-06,1298.0,2026-05-31T20:30:42Z,12,Donnée pré-validée,8,Calculée,20,Bonne,7.384986107,48.102530621,HIXnJ
A1610030,A161003001,2026-04-07,1306.0,2026-05-31T20:30:42Z,12,Donnée pré-validée,0,Mesurée,20,Bonne,7.384986107,48.102530621,HIXnJ
A1610030,A161003001,2026-04-08,1291.0,2026-05-31T20:30:42Z,12,Donnée pré-validée,0,Mesurée,20,Bonne,7.384986107,48.102530621,HIXnJ
A1610030,A161003001,2026-04-09,1300.0,2026-05-31T20:30:42Z,12,Donnée pré-validée,0,Mesurée,20,Bonne,7.384986107,48.102530621,HIXnJ
A1610030,A161003001,2026-04-10,1293.0,2026-05-31T20:30:42Z,12,Donnée pré-validée,0,Mesurée,20,Bonne,7.384986107,48.102530621,HIXnJ
A1610030,A161003001,2026-04-11,1270.0,2026-05-31T20:30:42Z,12,Donnée pré-validée,0,Mesurée,20,Bonne,7.384986107,48.102530621,HIXnJ
A1610030,A161003001,2026-04-12,1318.0,2026-05-31T20:30:42Z,12,Donnée pré-validée,8,Calculée,20,Bonne,7.384986107,48.102530621,HIXnJ
A1610030,A161003001,2026-04-13,1362.0,2026-05-31T20:30:42Z,12,Donnée pré-validée,0,Mesurée,20,Bonne,7.384986107,48.102530621,HIXnJ
A1610030,A161003001,2026-04-14,1363.0,2026-05-31T20:30:42Z,12,Donnée pré-validée,0,Mesurée,20,Bonne,7.384986107,48.102530621,HIXnJ
A1610030,A161003001,2026-04-15,1352.0,2026-05-31T20:30:42Z,12,Donnée pré-validée,8,Calculée,20,Bonne,7.384986107,48.102530621,HIXnJ
A1610030,A161003001,2026-04-16,1329.0,2026-05-31T20:30:42Z,12,Donnée pré-validée,8,Calculée,20,Bonne,7.384986107,48.102530621,HIXnJ
A1610030,A161003001,2026-04-17,1313.0,2026-05-31T20:30:42Z,12,Donnée pré-validée,0,Mesurée,20,Bonne,7.384986107,48.102530621,HIXnJ
A1610030,A161003001,2026-04-18,1301.0,2026-05-31T20:30:42Z,12,Donnée pré-validée,8,Calculée,20,Bonne,7.384986107,48.102530621,HIXnJ
A1610030,A161003001,2026-04-19,1288.0,2026-05-31T20:30:42Z,12,Donnée pré-validée,8,Calculée,20,Bonne,7.384986107,48.102530621,HIXnJ
A1610030,A161003001,2026-04-20,1290.0,2026-05-31T20:30:42Z,12,Donnée pré-validée,0,Mesurée,20,Bonne,7.384986107,48.102530621,HIXnJ
A1610030,A161003001,2026-04-21,1273.0,2026-05-31T20:30:42Z,12,Donnée pré-validée,8,Calculée,20,Bonne,7.384986107,48.102530621,HIXnJ
A1610030,A161003001,2026-04-22,1269.0,2026-05-31T20:30:42Z,12,Donnée pré-validée,0,Mesurée,20,Bonne,7.384986107,48.102530621,HIXnJ
A1610030,A161003001,2026-04-23,1269.0,2026-05-31T20:30:42Z,12,Donnée pré-validée,0,Mesurée,20,Bonne,7.384986107,48.102530621,HIXnJ
A1610030,A161003001,2026-04-24,1254.0,2026-05-31T20:30:42Z,12,Donnée pré-validée,8,Calculée,20,Bonne,7.384986107,48.102530621,HIXnJ
A1610030,A161003001,2026-04-25,1246.0,2026-05-31T20:30:42Z,12,Donnée pré-validée,0,Mesurée,20,Bonne,7.384986107,48.102530621,HIXnJ
A1610030,A161003001,2026-04-26,1243.0,2026-05-31T20:30:42Z,12,Donnée pré-validée,0,Mesurée,20,Bonne,7.384986107,48.102530621,HIXnJ
A1610030,A161003001,2026-04-27,1238.0,2026-05-31T20:30:42Z,12,Donnée pré-validée,8,Calculée,20,Bonne,7.384986107,48.102530621,HIXnJ
A1610030,A161003001,2026-04-28,1238.0,2026-05-31T20:30:42Z,12,Donnée pré-validée,0,Mesurée,20,Bonne,7.384986107,48.102530621,HIXnJ
A1610030,A161003001,2026-04-29,1280.0,2026-05-31T20:30:42Z,12,Donnée pré-validée,0,Mesurée,20,Bonne,7.384986107,48.102530621,HIXnJ
A1610030,A161003001,2026-04-30,1282.0,2026-05-31T20:30:42Z,12,Donnée pré-validée,0,Mesurée,20,Bonne,7.384986107,48.102530621,HIXnJ
A1610030,A161003001,2026-05-01,1276.0,2026-05-31T20:30:42Z,12,Donnée pré-validée,8,Calculée,20,Bonne,7.384986107,48.102530621,HIXnJ
A1610030,A161003001,2026-05-02,1275.0,2026-05-31T20:30:42Z,12,Donnée pré-validée,0,Mesurée,20,Bonne,7.384986107,48.102530621,HIXnJ
A1610030,A161003001,2026-05-03,1268.0,2026-05-31T20:30:42Z,12,Donnée pré-validée,8,Calculée,20,Bonne,7.384986107,48.102530621,HIXnJ
A1610030,A161003001,2026-05-04,1259.0,2026-05-31T20:30:42Z,12,Donnée pré-validée,0,Mesurée,20,Bonne,7.384986107,48.102530621,HIXnJ
A1610030,A161003001,2026-05-05,1271.0,2026-05-31T20:30:42Z,12,Donnée pré-validée,8,Calculée,20,Bonne,7.384986107,48.102530621,HIXnJ
A1610030,A161003001,2026-05-06,1331.0,2026-05-31T20:30:42Z,12,Donnée pré-validée,0,Mesurée,20,Bonne,7.384986107,48.102530621,HIXnJ
A1610030,A161003001,2026-05-07,1336.0,2026-05-31T20:30:42Z,12,Donnée pré-validée,0,Mesurée,20,Bonne,7.384986107,48.102530621,HIXnJ
A1610030,A161003001,2026-05-08,1324.0,2026-05-31T20:30:42Z,12,Donnée pré-validée,8,Calculée,20,Bonne,7.384986107,48.102530621,HIXnJ
A1610030,A161003001,2026-05-09,1282.0,2026-05-31T20:30:42Z,12,Donnée pré-validée,8,Calculée,20,Bonne,7.384986107,48.102530621,HIXnJ
A1610030,A161003001,2026-05-10,1265.0,2026-05-31T20:30:42Z,12,Donnée pré-validée,8,Calculée,20,Bonne,7.384986107,48.102530621,HIXnJ
A1610030,A161003001,2026-05-11,1265.0,2026-05-31T20:30:42Z,12,Donnée pré-validée,8,Calculée,20,Bonne,7.384986107,48.102530621,HIXnJ
A1610030,A161003001,2026-05-12,1325.0,2026-05-31T20:30:42Z,12,Donnée pré-validée,0,Mesurée,20,Bonne,7.384986107,48.102530621,HIXnJ
A1610030,A161003001,2026-05-13,1315.0,2026-05-31T20:30:42Z,12,Donnée pré-validée,8,Calculée,20,Bonne,7.384986107,48.102530621,HIXnJ
A1610030,A161003001,2026-05-14,1297.0,2026-05-31T20:30:42Z,12,Donnée pré-validée,8,Calculée,20,Bonne,7.384986107,48.102530621,HIXnJ
A1610030,A161003001,2026-05-15,1328.0,2026-05-31T20:30:42Z,12,Donnée pré-validée,0,Mesurée,20,Bonne,7.384986107,48.102530621,HIXnJ
A1610030,A161003001,2026-05-16,1325.0,2026-05-31T20:30:42Z,12,Donnée pré-validée,0,Mesurée,20,Bonne,7.384986107,48.102530621,HIXnJ
A1610030,A161003001,2026-05-17,1320.0,2026-05-31T20:30:42Z,12,Donnée pré-validée,8,Calculée,20,Bonne,7.384986107,48.102530621,HIXnJ
A1610030,A161003001,2026-05-18,1327.0,2026-05-31T20:30:42Z,12,Donnée pré-validée,0,Mesurée,20,Bonne,7.384986107,48.102530621,HIXnJ
A1610030,A161003001,2026-05-19,1275.0,2026-05-31T20:30:42Z,12,Donnée pré-validée,0,Mesurée,20,Bonne,7.384986107,48.102530621,HIXnJ
A1610030,A161003001,2026-05-20,1277.0,2026-05-31T20:30:42Z,12,Donnée pré-validée,0,Mesurée,20,Bonne,7.384986107,48.102530621,HIXnJ
A1610030,A161003001,2026-05-21,1259.0,2026-05-31T20:30:42Z,12,Donnée pré-validée,0,Mesurée,20,Bonne,7.384986107,48.102530621,HIXnJ
A1610030,A161003001,2026-05-22,1248.0,2026-05-31T20:30:42Z,12,Donnée pré-validée,8,Calculée,20,Bonne,7.384986107,48.102530621,HIXnJ
A1610030,A161003001,2026-05-23,1234.0,2026-05-31T20:30:42Z,4,Donnée brute,0,Mesurée,16,Non qualifiée,7.384986107,48.102530621,HIXnJ
A1610030,A161003001,2026-05-24,1218.0,2026-05-31T20:30:42Z,4,Donnée brute,0,Mesurée,16,Non qualifiée,7.384986107,48.102530621,HIXnJ
A1610030,A161003001,2026-05-25,1205.0,2026-05-31T20:30:42Z,4,Donnée brute,0,Mesurée,16,Non qualifiée,7.384986107,48.102530621,HIXnJ
A1610030,A161003001,2026-05-26,1195.0,2026-05-31T20:30:42Z,4,Donnée brute,0,Mesurée,16,Non qualifiée,7.384986107,48.102530621,HIXnJ
A1610030,A161003001,2026-05-27,1238.0,2026-05-31T20:30:42Z,4,Donnée brute,0,Mesurée,16,Non qualifiée,7.384986107,48.102530621,HIXnJ
A1610030,A161003001,2026-05-28,1244.0,2026-05-31T20:30:42Z,4,Donnée brute,0,Mesurée,16,Non qualifiée,7.384986107,48.102530621,HIXnJ
A1610030,A161003001,2026-05-29,1241.0,2026-05-31T20:30:42Z,4,Donnée brute,0,Mesurée,16,Non qualifiée,7.384986107,48.102530621,HIXnJ
A1610030,A161003001,2026-05-30,1241.0,2026-05-31T20:30:42Z,4,Donnée brute,0,Mesurée,16,Non qualifiée,7.384986107,48.102530621,HIXnJ
A1610030,A161003001,2026-05-31,1233.0,2026-06-01T21:46:35Z,4,Donnée brute,0,Mesurée,16,Non qualifiée,7.384986107,48.102530621,HIXnJ
A1610030,A161003001,2026-06-01,1239.0,2026-06-02T21:45:45Z,4,Donnée brute,0,Mesurée,16,Non qualifiée,7.384986107,48.102530621,HIXnJ
A1610030,A161003001,2026-06-02,1299.0,2026-06-03T04:45:25Z,4,Donnée brute,0,Mesurée,16,Non qualifiée,7.384986107,48.102530621,HIXnJ
